,0,1,2,3,4,5,6,7,8,9,10,11,12,13,14,15,16,17,18,19,20,21,22,23,24,25,26,27,28,29,30,31,32,33,34,35,36,37,38,39,40,41,42,43,44
0,18.75,47.5,4.375,14.875,11.375,12.5,16.125,6.625,23.375,16.625,48.875,3.75,13.625,9.625,9.125,13.625,8.125,22.375,6.0,22.857142857142858,57.57142857142857,4.0,14.714285714285714,11.571428571428571,11.714285714285714,11.428571428571429,8.0,19.0,21.714285714285715,53.714285714285715,4.428571428571429,17.857142857142858,12.142857142857142,11.142857142857142,15.0,5.714285714285714,17.0,1.4285714285714286,0.8,1.0,16.0,16.0,0.0,1293.6203283266875,1529.2508043268224
1,27.571428571428573,55.857142857142854,6.571428571428571,15.857142857142858,11.0,13.0,13.714285714285714,7.142857142857143,18.857142857142858,24.714285714285715,59.57142857142857,6.285714285714286,18.714285714285715,13.571428571428571,13.142857142857142,11.571428571428571,6.857142857142857,19.857142857142858,7.0,27.875,60.125,9.75,25.875,13.25,19.375,13.5,7.5,22.875,24.875,58.625,5.625,19.0,12.0,14.875,14.0,7.0,22.75,11.25,0.75,0.8,3.0,14.0,-11.0,1936.13206217242,1982.5130094453516
2,23.25,47.5,7.75,19.0,6.0,12.25,13.0,6.0,18.75,20.5,56.25,3.5,20.5,11.0,9.5,12.25,6.5,21.5,14.0,26.375,56.125,5.375,15.25,9.125,12.625,13.625,8.375,18.625,21.875,56.125,6.5,19.5,13.125,12.5,14.375,6.125,17.25,7.375,1.0,0.8,5.0,12.0,-7.0,1961.5856732925804,2016.2246639671448
3,27.428571428571427,59.57142857142857,8.0,19.571428571428573,9.285714285714286,14.142857142857142,9.714285714285714,8.714285714285714,17.714285714285715,25.0,55.285714285714285,7.714285714285714,20.142857142857142,7.428571428571429,13.428571428571429,16.142857142857142,5.142857142857143,19.571428571428573,12.857142857142858,24.857142857142858,57.42857142857143,5.571428571428571,16.714285714285715,13.285714285714286,12.285714285714286,11.0,7.0,12.428571428571429,25.714285714285715,54.714285714285715,7.857142857142857,19.857142857142858,10.0,13.142857142857142,13.285714285714286,5.428571428571429,17.428571428571427,0.7142857142857143,0.75,0.25,7.0,10.0,-3.0,1914.2996663477245,1970.3884029398623
4,27.875,55.625,7.0,15.25,11.25,16.125,13.625,7.75,17.75,24.875,59.25,6.25,19.0,11.625,12.625,12.375,7.5,20.125,12.0,26.5,52.666666666666664,7.666666666666667,17.333333333333332,9.333333333333334,16.833333333333332,12.333333333333334,7.5,15.666666666666666,24.333333333333332,55.333333333333336,6.833333333333333,19.833333333333332,9.0,14.0,13.666666666666666,6.5,19.166666666666668,12.333333333333334,1.0,1.0,1.0,16.0,-15.0,2163.7402042045846,2204.0832456022667
5,25.25,60.125,6.75,19.375,14.0,13.375,11.5,7.5,20.625,23.875,55.25,5.5,17.0,10.875,12.25,14.75,6.125,21.75,5.25,23.0,49.833333333333336,4.833333333333333,14.5,10.333333333333334,10.166666666666666,13.333333333333334,3.8333333333333335,17.666666666666668,22.166666666666668,56.0,5.5,18.333333333333332,10.166666666666666,11.166666666666666,12.666666666666666,5.5,22.333333333333332,7.0,0.4,1.0,2.0,15.0,-13.0,1957.1548824043832,1988.591331709802
6,25.5,55.25,4.625,17.75,11.375,11.875,12.25,7.375,16.0,23.875,61.875,5.0,19.625,14.25,10.75,13.0,6.25,20.375,8.75,22.833333333333332,52.666666666666664,3.3333333333333335,13.166666666666666,11.333333333333334,8.833333333333334,13.166666666666666,7.833333333333333,18.166666666666668,21.0,52.5,6.0,20.0,11.0,10.666666666666666,16.0,5.333333333333333,20.5,7.166666666666667,1.0,1.0,1.0,16.0,-15.0,2053.870875008544,2250.259032240748
7,24.166666666666668,52.5,7.333333333333333,18.5,14.5,15.833333333333334,14.333333333333334,6.0,16.5,20.5,52.833333333333336,6.833333333333333,16.833333333333332,11.333333333333334,11.333333333333334,14.5,7.166666666666667,19.833333333333332,11.0,24.0,56.57142857142857,6.428571428571429,16.857142857142858,10.571428571428571,12.428571428571429,12.714285714285714,4.571428571428571,20.0,25.285714285714285,61.857142857142854,5.142857142857143,18.0,13.857142857142858,12.0,11.285714285714286,6.0,18.714285714285715,2.7142857142857144,1.0,0.5,13.0,4.0,9.0,1644.3731283486163,1781.954408019184
8,23.833333333333332,54.5,7.333333333333333,21.833333333333332,12.833333333333334,12.166666666666666,10.833333333333334,4.5,15.666666666666666,24.833333333333332,53.166666666666664,7.666666666666667,19.333333333333332,7.666666666666667,13.166666666666666,11.333333333333334,5.0,21.333333333333332,3.5,26.8,53.4,7.6,16.2,10.2,12.8,12.8,8.0,19.2,22.0,50.2,5.2,14.8,9.0,9.2,12.2,5.0,18.4,9.8,0.6666666666666666,1.0,3.0,14.0,-11.0,1932.556826153626,1998.545584764843
9,19.0,49.8,6.6,19.8,8.8,10.6,9.0,6.4,16.8,16.6,44.2,5.2,17.4,7.2,8.0,14.8,2.6,19.6,10.4,26.285714285714285,53.42857142857143,7.714285714285714,20.428571428571427,8.428571428571429,18.142857142857142,12.857142857142858,7.857142857142857,18.142857142857142,17.714285714285715,47.142857142857146,5.428571428571429,18.0,8.428571428571429,9.714285714285714,15.714285714285714,5.571428571428571,14.142857142857142,14.428571428571429,1.0,0.75,9.0,8.0,1.0,1900.477440808436,1927.9823691039371
10,24.625,52.625,6.5,16.25,8.75,15.25,12.375,6.875,16.0,24.25,60.125,6.125,21.0,12.5,13.875,12.75,7.75,19.25,8.625,26.0,52.75,6.375,16.5,10.125,15.375,11.625,6.5,16.875,22.75,53.375,5.5,17.125,11.125,13.125,11.5,5.875,16.625,7.25,1.0,0.6666666666666666,14.0,3.0,11.0,1610.5775738970915,1679.7261251562263
11,27.4,56.2,4.6,11.8,14.2,15.2,12.6,7.0,12.6,23.6,56.6,6.4,19.8,9.0,11.4,11.2,8.0,19.4,11.4,21.571428571428573,47.142857142857146,5.714285714285714,17.571428571428573,10.0,12.857142857142858,9.571428571428571,6.142857142857143,13.571428571428571,20.428571428571427,49.42857142857143,3.7142857142857144,16.857142857142858,9.428571428571429,11.714285714285714,9.571428571428571,6.0,17.285714285714285,7.857142857142857,1.0,0.8,11.0,6.0,5.0,1759.2265896952545,1854.5450204373733
12,27.5,55.0,8.75,20.0,9.75,16.75,11.0,5.5,18.25,22.0,54.75,3.5,12.5,10.0,8.0,11.75,4.0,18.75,17.0,26.142857142857142,59.714285714285715,8.857142857142858,23.285714285714285,8.571428571428571,13.428571428571429,9.857142857142858,8.428571428571429,19.714285714285715,24.428571428571427,57.42857142857143,6.285714285714286,18.714285714285715,12.714285714285714,9.571428571428571,13.857142857142858,5.571428571428571,18.571428571428573,2.2857142857142856,1.0,0.8,10.0,7.0,3.0,1859.7394183380925,1928.0614546436643
13,23.5,54.125,5.375,19.125,10.0,12.5,14.5,7.0,19.625,22.75,57.875,5.875,22.25,12.75,10.625,13.75,6.25,18.0,2.375,23.857142857142858,50.285714285714285,5.285714285714286,14.714285714285714,9.142857142857142,14.0,12.0,6.285714285714286,14.428571428571429,22.571428571428573,54.42857142857143,6.0,17.428571428571427,10.571428571428571,12.714285714285714,12.142857142857142,5.857142857142857,17.285714285714285,5.571428571428571,0.8,1.0,6.0,11.0,-5.0,1968.5352825613784,2035.543302429338
14,24.166666666666668,53.0,7.333333333333333,19.166666666666668,9.833333333333334,11.833333333333334,13.833333333333334,6.666666666666667,22.0,23.333333333333332,57.5,6.666666666666667,19.666666666666668,13.666666666666666,14.833333333333334,12.833333333333334,7.0,19.333333333333332,0.0,25.0,51.833333333333336,5.5,14.833333333333334,10.833333333333334,12.0,13.666666666666666,7.5,22.666666666666668,20.166666666666668,48.333333333333336,5.333333333333333,17.0,10.166666666666666,9.833333333333334,14.833333333333334,5.333333333333333,18.0,6.5,0.3333333333333333,1.0,2.0,15.0,-13.0,2003.5757949360036,2054.1129185528475
15,21.4,59.2,3.6,15.0,17.4,8.2,16.4,7.4,20.8,23.2,55.6,5.8,17.2,13.0,12.6,12.8,7.8,18.0,-8.6,25.714285714285715,58.42857142857143,4.428571428571429,15.0,13.857142857142858,11.714285714285714,12.857142857142858,6.857142857142857,18.285714285714285,26.571428571428573,57.142857142857146,7.0,17.285714285714285,9.571428571428571,13.571428571428571,11.714285714285714,7.428571428571429,19.857142857142858,-2.5714285714285716,0.3333333333333333,0.5,9.0,8.0,1.0,1875.2102212950936,1915.2486705696867
16,28.0,56.42857142857143,6.285714285714286,17.285714285714285,9.714285714285714,14.571428571428571,13.0,6.714285714285714,18.142857142857142,22.428571428571427,57.714285714285715,4.857142857142857,16.714285714285715,12.285714285714286,9.714285714285714,13.714285714285714,6.714285714285714,16.714285714285715,12.571428571428571,23.125,52.75,7.875,20.875,6.875,13.5,9.875,7.25,15.375,26.0,56.75,6.0,17.25,12.0,14.25,12.875,4.75,17.25,0.875,1.0,0.6,11.0,6.0,5.0,1951.87351982046,1987.9355251941367
17,27.428571428571427,56.142857142857146,7.0,17.857142857142858,10.571428571428571,14.571428571428571,9.571428571428571,5.571428571428571,15.0,23.428571428571427,54.285714285714285,5.571428571428571,17.285714285714285,9.428571428571429,8.571428571428571,11.428571428571429,5.285714285714286,16.285714285714285,12.857142857142858,24.833333333333332,56.166666666666664,8.5,22.666666666666668,10.0,16.5,12.666666666666666,7.666666666666667,17.833333333333332,23.833333333333332,55.666666666666664,5.333333333333333,16.0,14.666666666666666,14.0,13.166666666666666,6.333333333333333,15.0,-2.1666666666666665,0.75,0.3333333333333333,8.0,9.0,-1.0,1906.8323648384776,1975.4575701539472
18,27.2,51.6,11.8,21.8,6.0,16.8,10.2,6.4,16.6,20.6,48.8,6.0,18.0,8.2,11.0,13.2,4.8,14.4,16.0,23.125,52.75,4.5,14.25,10.125,14.375,9.5,4.0,12.25,20.125,55.5,5.25,18.75,8.875,10.625,9.25,4.875,15.375,10.25,1.0,1.0,12.0,5.0,7.0,1705.0441746442796,1808.0678377186127
19,22.625,57.25,6.875,20.125,13.625,10.875,9.125,6.5,17.75,20.25,53.625,3.5,12.125,10.75,9.375,12.875,4.25,18.5,11.375,18.75,47.5,4.375,14.875,11.375,12.5,16.125,6.625,23.375,16.625,48.875,3.75,13.625,9.625,9.125,13.625,8.125,22.375,6.0,0.8,0.8,1.0,16.0,-15.0,2104.9187786001357,2161.386072957446
20,25.125,56.0,6.5,16.5,12.875,13.875,16.0,7.0,17.75,24.375,59.5,7.125,21.0,13.125,14.375,11.875,7.625,18.125,-0.75,25.142857142857142,54.714285714285715,10.142857142857142,26.285714285714285,8.0,14.142857142857142,12.714285714285714,7.285714285714286,20.571428571428573,24.571428571428573,54.857142857142854,7.714285714285714,19.0,9.571428571428571,12.857142857142858,12.714285714285714,6.857142857142857,17.857142857142858,0.5714285714285714,0.5,0.5,10.0,7.0,3.0,1845.971731610512,1901.8309013358728
21,27.333333333333332,52.833333333333336,5.166666666666667,13.666666666666666,9.833333333333334,13.666666666666666,12.0,4.5,17.5,22.166666666666668,59.833333333333336,5.166666666666667,16.666666666666668,14.0,9.5,11.5,6.166666666666667,19.666666666666668,12.666666666666666,20.2,47.6,6.4,17.6,11.4,12.6,17.4,9.2,18.0,18.6,46.0,4.6,15.2,8.0,8.8,15.4,9.0,16.4,1.2,0.6666666666666666,0.6666666666666666,8.0,9.0,-1.0,1945.529324879947,1994.599119165641
22,28.833333333333332,64.16666666666667,7.0,18.166666666666668,13.666666666666666,16.166666666666668,10.333333333333334,7.666666666666667,17.666666666666668,28.5,62.666666666666664,8.166666666666666,19.5,14.833333333333334,12.833333333333334,14.5,5.666666666666667,18.333333333333332,3.8333333333333335,26.77777777777778,62.888888888888886,9.222222222222221,24.77777777777778,11.555555555555555,13.333333333333334,9.444444444444445,8.0,18.77777777777778,26.0,56.888888888888886,6.222222222222222,17.0,12.777777777777779,12.333333333333334,15.777777777777779,4.777777777777778,18.333333333333332,3.5555555555555554,0.6666666666666666,0.8333333333333334,4.0,13.0,-9.0,1947.310900228723,2008.4325676414908
23,23.8,56.0,3.8,12.0,14.2,12.8,15.2,9.0,17.6,20.2,52.2,6.4,18.6,8.8,12.2,12.4,7.4,16.2,3.0,30.0,61.25,8.0,19.875,10.375,16.25,10.875,6.375,16.25,28.375,62.375,7.0,21.375,11.875,17.125,13.0,5.375,16.625,3.5,0.6666666666666666,0.6,5.0,12.0,-7.0,2014.6267617817327,2079.984330684236
24,25.166666666666668,60.833333333333336,6.333333333333333,18.833333333333332,12.333333333333334,12.666666666666666,12.333333333333334,9.166666666666666,18.5,23.666666666666668,53.166666666666664,5.333333333333333,16.0,10.833333333333334,14.0,17.0,5.833333333333333,16.0,0.0,25.0,57.166666666666664,7.5,22.666666666666668,12.0,12.833333333333334,14.166666666666666,7.833333333333333,16.166666666666668,24.666666666666668,55.333333333333336,4.333333333333333,13.0,12.833333333333334,11.833333333333334,15.666666666666666,8.666666666666666,17.333333333333332,3.5,0.3333333333333333,0.3333333333333333,10.0,7.0,3.0,1895.8158598065795,1949.1739166922205
25,27.857142857142858,55.857142857142854,7.571428571428571,17.714285714285715,9.571428571428571,14.571428571428571,11.0,6.571428571428571,15.285714285714286,23.857142857142858,57.142857142857146,6.714285714285714,19.857142857142858,8.857142857142858,13.571428571428571,11.142857142857142,6.142857142857143,17.714285714285715,11.285714285714286,22.166666666666668,48.166666666666664,6.666666666666667,16.166666666666668,8.166666666666666,14.0,15.666666666666666,5.5,19.5,21.5,54.333333333333336,6.5,21.0,12.5,12.0,15.0,8.333333333333334,21.0,4.666666666666667,1.0,1.0,2.0,15.0,-13.0,2008.722372706157,2076.4831444057004
26,24.0,53.5,5.333333333333333,16.0,13.333333333333334,15.833333333333334,9.833333333333334,4.666666666666667,17.333333333333332,21.5,49.0,5.666666666666667,15.333333333333334,11.0,10.5,9.5,4.166666666666667,17.333333333333332,3.8333333333333335,27.8,58.2,5.8,18.6,13.4,12.4,11.8,5.0,16.2,27.0,62.6,7.0,19.4,10.0,12.6,9.8,4.6,22.8,10.0,0.6666666666666666,1.0,3.0,14.0,-11.0,2004.6388600876603,2061.519549127326
27,20.0,52.142857142857146,5.142857142857143,15.714285714285714,9.428571428571429,11.857142857142858,9.0,5.857142857142857,16.714285714285715,21.571428571428573,50.857142857142854,5.428571428571429,14.714285714285714,10.571428571428571,12.428571428571429,15.714285714285714,4.142857142857143,19.285714285714285,0.8571428571428571,26.333333333333332,62.166666666666664,5.166666666666667,15.0,13.166666666666666,13.833333333333334,10.166666666666666,8.666666666666666,13.333333333333334,23.5,58.0,6.333333333333333,21.833333333333332,9.0,11.5,13.666666666666666,5.5,18.166666666666668,11.333333333333334,0.75,1.0,4.0,13.0,-9.0,2020.6825530585943,2085.6626829910547
28,32.2,65.0,7.6,19.0,15.0,19.4,12.2,9.2,13.4,30.0,63.2,9.4,27.8,13.0,19.8,14.6,8.6,18.4,6.8,26.333333333333332,53.833333333333336,5.333333333333333,14.5,12.166666666666666,12.166666666666666,11.5,5.333333333333333,18.5,22.0,54.833333333333336,5.833333333333333,19.0,11.666666666666666,10.0,11.166666666666666,5.5,22.166666666666668,10.666666666666666,0.3333333333333333,1.0,1.0,16.0,-15.0,2056.4149513104403,2105.8795707739546
29,22.857142857142858,52.0,6.714285714285714,17.142857142857142,9.714285714285714,12.571428571428571,12.285714285714286,7.714285714285714,17.571428571428573,21.285714285714285,52.57142857142857,6.857142857142857,19.857142857142858,9.142857142857142,13.142857142857142,13.571428571428571,6.714285714285714,19.0,5.571428571428571,27.857142857142858,54.42857142857143,6.571428571428571,16.571428571428573,9.285714285714286,19.0,8.857142857142858,4.285714285714286,14.571428571428571,20.857142857142858,54.42857142857143,4.714285714285714,16.857142857142858,9.428571428571429,11.142857142857142,10.285714285714286,3.4285714285714284,16.428571428571427,17.714285714285715,0.75,0.8,5.0,12.0,-7.0,1954.487427637452,1995.784633246722
30,22.0,54.0,5.0,19.375,14.75,13.875,11.375,4.0,17.625,20.0,50.125,5.625,16.75,11.0,11.875,11.75,5.5,21.5,3.625,26.75,60.125,5.5,15.875,13.875,13.875,14.25,6.75,19.875,23.75,58.25,5.125,15.625,14.0,9.5,16.625,5.375,19.375,8.875,1.0,1.0,2.0,15.0,-13.0,2037.4984367467453,2096.609695656624
31,24.2,53.6,7.6,18.0,10.4,11.4,8.0,5.6,16.8,18.4,44.2,3.6,11.8,6.6,9.0,12.2,3.6,15.6,15.4,23.0,50.0,4.5,11.333333333333334,9.333333333333334,12.166666666666666,11.166666666666666,6.666666666666667,18.0,22.166666666666668,56.666666666666664,5.333333333333333,18.0,11.166666666666666,8.666666666666666,12.166666666666666,5.333333333333333,21.666666666666668,9.5,0.6666666666666666,1.0,4.0,13.0,-9.0,1948.685894483209,2016.1098438106349
32,28.0,61.142857142857146,6.0,18.285714285714285,14.142857142857142,12.285714285714286,14.142857142857142,7.714285714285714,17.142857142857142,26.428571428571427,62.714285714285715,7.571428571428571,21.428571428571427,10.142857142857142,14.571428571428571,13.142857142857142,7.0,22.142857142857142,9.428571428571429,25.0,52.333333333333336,6.888888888888889,16.11111111111111,9.666666666666666,15.666666666666666,11.444444444444445,5.444444444444445,15.11111111111111,23.11111111111111,55.55555555555556,6.333333333333333,20.0,11.222222222222221,13.0,10.11111111111111,5.333333333333333,17.22222222222222,6.111111111111111,0.75,0.6666666666666666,6.0,11.0,-5.0,1923.1286382364224,1847.0139326384065
33,27.571428571428573,55.857142857142854,6.571428571428571,15.857142857142858,11.0,13.0,13.714285714285714,7.142857142857143,18.857142857142858,24.714285714285715,59.57142857142857,6.285714285714286,18.714285714285715,13.571428571428571,13.142857142857142,11.571428571428571,6.857142857142857,19.857142857142858,7.0,27.4,56.2,4.6,11.8,14.2,15.2,12.6,7.0,12.6,23.6,56.6,6.4,19.8,9.0,11.4,11.2,8.0,19.4,11.4,0.75,1.0,3.0,11.0,-8.0,1940.3349859340049,1988.503776158821
34,23.25,47.5,7.75,19.0,6.0,12.25,13.0,6.0,18.75,20.5,56.25,3.5,20.5,11.0,9.5,12.25,6.5,21.5,14.0,24.166666666666668,52.5,7.333333333333333,18.5,14.5,15.833333333333334,14.333333333333334,6.0,16.5,20.5,52.833333333333336,6.833333333333333,16.833333333333332,11.333333333333334,11.333333333333334,14.5,7.166666666666667,19.833333333333332,11.0,1.0,1.0,5.0,13.0,-8.0,1971.176139021137,2026.5808984509083
35,25.25,60.125,6.75,19.375,14.0,13.375,11.5,7.5,20.625,23.875,55.25,5.5,17.0,10.875,12.25,14.75,6.125,21.75,5.25,27.428571428571427,59.57142857142857,8.0,19.571428571428573,9.285714285714286,14.142857142857142,9.714285714285714,8.714285714285714,17.714285714285715,25.0,55.285714285714285,7.714285714285714,20.142857142857142,7.428571428571429,13.428571428571429,16.142857142857142,5.142857142857143,19.571428571428573,12.857142857142858,0.4,0.75,2.0,7.0,-5.0,1961.4494608183409,1995.0508678738984
36,25.5,55.25,4.625,17.75,11.375,11.875,12.25,7.375,16.0,23.875,61.875,5.0,19.625,14.25,10.75,13.0,6.25,20.375,8.75,21.4,59.2,3.6,15.0,17.4,8.2,16.4,7.4,20.8,23.2,55.6,5.8,17.2,13.0,12.6,12.8,7.8,18.0,-8.6,1.0,0.3333333333333333,1.0,9.0,-8.0,2054.964465656373,2251.057720832935
37,19.0,49.8,6.6,19.8,8.8,10.6,9.0,6.4,16.8,16.6,44.2,5.2,17.4,7.2,8.0,14.8,2.6,19.6,10.4,27.875,55.625,7.0,15.25,11.25,16.125,13.625,7.75,17.75,24.875,59.25,6.25,19.0,11.625,12.625,12.375,7.5,20.125,12.0,1.0,1.0,9.0,1.0,8.0,1914.559458575682,1943.243892509644
38,27.5,55.0,8.75,20.0,9.75,16.75,11.0,5.5,18.25,22.0,54.75,3.5,12.5,10.0,8.0,11.75,4.0,18.75,17.0,24.166666666666668,53.0,7.333333333333333,19.166666666666668,9.833333333333334,11.833333333333334,13.833333333333334,6.666666666666667,22.0,23.333333333333332,57.5,6.666666666666667,19.666666666666668,13.666666666666666,14.833333333333334,12.833333333333334,7.0,19.333333333333332,0.0,1.0,0.3333333333333333,10.0,2.0,8.0,1873.3284833075045,1941.791095958516
39,23.5,54.125,5.375,19.125,10.0,12.5,14.5,7.0,19.625,22.75,57.875,5.875,22.25,12.75,10.625,13.75,6.25,18.0,2.375,24.625,52.625,6.5,16.25,8.75,15.25,12.375,6.875,16.0,24.25,60.125,6.125,21.0,12.5,13.875,12.75,7.75,19.25,8.625,0.8,1.0,6.0,14.0,-8.0,1980.3867369365944,2047.121719441193
40,28.0,56.42857142857143,6.285714285714286,17.285714285714285,9.714285714285714,14.571428571428571,13.0,6.714285714285714,18.142857142857142,22.428571428571427,57.714285714285715,4.857142857142857,16.714285714285715,12.285714285714286,9.714285714285714,13.714285714285714,6.714285714285714,16.714285714285715,12.571428571428571,23.833333333333332,54.5,7.333333333333333,21.833333333333332,12.833333333333334,12.166666666666666,10.833333333333334,4.5,15.666666666666666,24.833333333333332,53.166666666666664,7.666666666666667,19.333333333333332,7.666666666666667,13.166666666666666,11.333333333333334,5.0,21.333333333333332,3.5,1.0,0.6666666666666666,11.0,3.0,8.0,1966.955143203544,2001.5311135563877
41,27.2,51.6,11.8,21.8,6.0,16.8,10.2,6.4,16.6,20.6,48.8,6.0,18.0,8.2,11.0,13.2,4.8,14.4,16.0,24.2,53.6,7.6,18.0,10.4,11.4,8.0,5.6,16.8,18.4,44.2,3.6,11.8,6.6,9.0,12.2,3.6,15.6,15.4,1.0,0.6666666666666666,12.0,4.0,8.0,1730.194627719321,1832.1045174918163
42,22.625,57.25,6.875,20.125,13.625,10.875,9.125,6.5,17.75,20.25,53.625,3.5,12.125,10.75,9.375,12.875,4.25,18.5,11.375,27.428571428571427,56.142857142857146,7.0,17.857142857142858,10.571428571428571,14.571428571428571,9.571428571428571,5.571428571428571,15.0,23.428571428571427,54.285714285714285,5.571428571428571,17.285714285714285,9.428571428571429,8.571428571428571,11.428571428571429,5.285714285714286,16.285714285714285,12.857142857142858,0.8,0.75,1.0,8.0,-7.0,2105.255934004379,2162.2935083959524
43,23.8,56.0,3.8,12.0,14.2,12.8,15.2,9.0,17.6,20.2,52.2,6.4,18.6,8.8,12.2,12.4,7.4,16.2,3.0,28.833333333333332,64.16666666666667,7.0,18.166666666666668,13.666666666666666,16.166666666666668,10.333333333333334,7.666666666666667,17.666666666666668,28.5,62.666666666666664,8.166666666666666,19.5,14.833333333333334,12.833333333333334,14.5,5.666666666666667,18.333333333333332,3.8333333333333335,0.6666666666666666,0.6666666666666666,5.0,4.0,1.0,2019.2425528347524,2084.6943196390894
44,27.857142857142858,55.857142857142854,7.571428571428571,17.714285714285715,9.571428571428571,14.571428571428571,11.0,6.571428571428571,15.285714285714286,23.857142857142858,57.142857142857146,6.714285714285714,19.857142857142858,8.857142857142858,13.571428571428571,11.142857142857142,6.142857142857143,17.714285714285715,11.285714285714286,25.125,56.0,6.5,16.5,12.875,13.875,16.0,7.0,17.75,24.375,59.5,7.125,21.0,13.125,14.375,11.875,7.625,18.125,-0.75,1.0,0.5,2.0,10.0,-8.0,2011.525012424962,2080.034901309789
45,20.0,52.142857142857146,5.142857142857143,15.714285714285714,9.428571428571429,11.857142857142858,9.0,5.857142857142857,16.714285714285715,21.571428571428573,50.857142857142854,5.428571428571429,14.714285714285714,10.571428571428571,12.428571428571429,15.714285714285714,4.142857142857143,19.285714285714285,0.8571428571428571,22.857142857142858,52.0,6.714285714285714,17.142857142857142,9.714285714285714,12.571428571428571,12.285714285714286,7.714285714285714,17.571428571428573,21.285714285714285,52.57142857142857,6.857142857142857,19.857142857142858,9.142857142857142,13.142857142857142,13.571428571428571,6.714285714285714,19.0,5.571428571428571,0.75,0.75,4.0,5.0,-1.0,2027.1062761130488,2093.3645262040727
46,32.2,65.0,7.6,19.0,15.0,19.4,12.2,9.2,13.4,30.0,63.2,9.4,27.8,13.0,19.8,14.6,8.6,18.4,6.8,27.333333333333332,52.833333333333336,5.166666666666667,13.666666666666666,9.833333333333334,13.666666666666666,12.0,4.5,17.5,22.166666666666668,59.833333333333336,5.166666666666667,16.666666666666668,14.0,9.5,11.5,6.166666666666667,19.666666666666668,12.666666666666666,0.3333333333333333,0.6666666666666666,1.0,8.0,-7.0,2058.1385958013343,2108.579503693612
47,22.0,54.0,5.0,19.375,14.75,13.875,11.375,4.0,17.625,20.0,50.125,5.625,16.75,11.0,11.875,11.75,5.5,21.5,3.625,25.166666666666668,60.833333333333336,6.333333333333333,18.833333333333332,12.333333333333334,12.666666666666666,12.333333333333334,9.166666666666666,18.5,23.666666666666668,53.166666666666664,5.333333333333333,16.0,10.833333333333334,14.0,17.0,5.833333333333333,16.0,0.0,1.0,0.3333333333333333,2.0,10.0,-8.0,2039.0495231203429,2099.3438383591674
48,28.0,61.142857142857146,6.0,18.285714285714285,14.142857142857142,12.285714285714286,14.142857142857142,7.714285714285714,17.142857142857142,26.428571428571427,62.714285714285715,7.571428571428571,21.428571428571427,10.142857142857142,14.571428571428571,13.142857142857142,7.0,22.142857142857142,9.428571428571429,24.0,53.5,5.333333333333333,16.0,13.333333333333334,15.833333333333334,9.833333333333334,4.666666666666667,17.333333333333332,21.5,49.0,5.666666666666667,15.333333333333334,11.0,10.5,9.5,4.166666666666667,17.333333333333332,3.8333333333333335,0.75,0.6666666666666666,6.0,3.0,3.0,1936.1217846940992,1866.9739239317869
49,23.25,47.5,7.75,19.0,6.0,12.25,13.0,6.0,18.75,20.5,56.25,3.5,20.5,11.0,9.5,12.25,6.5,21.5,14.0,32.2,65.0,7.6,19.0,15.0,19.4,12.2,9.2,13.4,30.0,63.2,9.4,27.8,13.0,19.8,14.6,8.6,18.4,6.8,1.0,0.3333333333333333,5.0,1.0,4.0,1975.997060764599,2033.603439777832
50,25.25,60.125,6.75,19.375,14.0,13.375,11.5,7.5,20.625,23.875,55.25,5.5,17.0,10.875,12.25,14.75,6.125,21.75,5.25,28.0,61.142857142857146,6.0,18.285714285714285,14.142857142857142,12.285714285714286,14.142857142857142,7.714285714285714,17.142857142857142,26.428571428571427,62.714285714285715,7.571428571428571,21.428571428571427,10.142857142857142,14.571428571428571,13.142857142857142,7.0,22.142857142857142,9.428571428571429,0.4,0.75,2.0,6.0,-4.0,1975.8857523913075,2010.533412133668
51,25.5,55.25,4.625,17.75,11.375,11.875,12.25,7.375,16.0,23.875,61.875,5.0,19.625,14.25,10.75,13.0,6.25,20.375,8.75,27.2,51.6,11.8,21.8,6.0,16.8,10.2,6.4,16.6,20.6,48.8,6.0,18.0,8.2,11.0,13.2,4.8,14.4,16.0,1.0,1.0,1.0,12.0,-11.0,2064.0390320174847,2255.505640367657
52,22.0,54.0,5.0,19.375,14.75,13.875,11.375,4.0,17.625,20.0,50.125,5.625,16.75,11.0,11.875,11.75,5.5,21.5,3.625,28.0,56.42857142857143,6.285714285714286,17.285714285714285,9.714285714285714,14.571428571428571,13.0,6.714285714285714,18.142857142857142,22.428571428571427,57.714285714285715,4.857142857142857,16.714285714285715,12.285714285714286,9.714285714285714,13.714285714285714,6.714285714285714,16.714285714285715,12.571428571428571,1.0,1.0,2.0,11.0,-9.0,2049.418021159181,2109.4484402822063
53,27.571428571428573,55.857142857142854,6.571428571428571,15.857142857142858,11.0,13.0,13.714285714285714,7.142857142857143,18.857142857142858,24.714285714285715,59.57142857142857,6.285714285714286,18.714285714285715,13.571428571428571,13.142857142857142,11.571428571428571,6.857142857142857,19.857142857142858,7.0,27.5,55.0,8.75,20.0,9.75,16.75,11.0,5.5,18.25,22.0,54.75,3.5,12.5,10.0,8.0,11.75,4.0,18.75,17.0,0.75,1.0,3.0,10.0,-7.0,1949.4908635656404,1999.477989736108
54,22.625,57.25,6.875,20.125,13.625,10.875,9.125,6.5,17.75,20.25,53.625,3.5,12.125,10.75,9.375,12.875,4.25,18.5,11.375,20.0,52.142857142857146,5.142857142857143,15.714285714285714,9.428571428571429,11.857142857142858,9.0,5.857142857142857,16.714285714285715,21.571428571428573,50.857142857142854,5.428571428571429,14.714285714285714,10.571428571428571,12.428571428571429,15.714285714285714,4.142857142857143,19.285714285714285,0.8571428571428571,0.8,0.75,1.0,4.0,-3.0,2113.622121952732,2171.0646150268067
55,23.8,56.0,3.8,12.0,14.2,12.8,15.2,9.0,17.6,20.2,52.2,6.4,18.6,8.8,12.2,12.4,7.4,16.2,3.0,19.0,49.8,6.6,19.8,8.8,10.6,9.0,6.4,16.8,16.6,44.2,5.2,17.4,7.2,8.0,14.8,2.6,19.6,10.4,0.6666666666666666,1.0,5.0,9.0,-4.0,2032.220506364252,2097.481822295817
56,23.5,54.125,5.375,19.125,10.0,12.5,14.5,7.0,19.625,22.75,57.875,5.875,22.25,12.75,10.625,13.75,6.25,18.0,2.375,27.857142857142858,55.857142857142854,7.571428571428571,17.714285714285715,9.571428571428571,14.571428571428571,11.0,6.571428571428571,15.285714285714286,23.857142857142858,57.142857142857146,6.714285714285714,19.857142857142858,8.857142857142858,13.571428571428571,11.142857142857142,6.142857142857143,17.714285714285715,11.285714285714286,0.8,1.0,6.0,2.0,4.0,1984.3093296564912,2051.0863643619614
57,23.25,47.5,7.75,19.0,6.0,12.25,13.0,6.0,18.75,20.5,56.25,3.5,20.5,11.0,9.5,12.25,6.5,21.5,14.0,25.25,60.125,6.75,19.375,14.0,13.375,11.5,7.5,20.625,23.875,55.25,5.5,17.0,10.875,12.25,14.75,6.125,21.75,5.25,1.0,0.4,5.0,2.0,3.0,1996.21238581362,2053.5080916308475
58,22.0,54.0,5.0,19.375,14.75,13.875,11.375,4.0,17.625,20.0,50.125,5.625,16.75,11.0,11.875,11.75,5.5,21.5,3.625,25.5,55.25,4.625,17.75,11.375,11.875,12.25,7.375,16.0,23.875,61.875,5.0,19.625,14.25,10.75,13.0,6.25,20.375,8.75,1.0,1.0,2.0,1.0,1.0,2062.331175712749,2121.313305936508
59,22.625,57.25,6.875,20.125,13.625,10.875,9.125,6.5,17.75,20.25,53.625,3.5,12.125,10.75,9.375,12.875,4.25,18.5,11.375,27.571428571428573,55.857142857142854,6.571428571428571,15.857142857142858,11.0,13.0,13.714285714285714,7.142857142857143,18.857142857142858,24.714285714285715,59.57142857142857,6.285714285714286,18.714285714285715,13.571428571428571,13.142857142857142,11.571428571428571,6.857142857142857,19.857142857142858,7.0,0.8,0.75,1.0,3.0,-2.0,2126.293200902904,2184.0792469935927
60,23.8,56.0,3.8,12.0,14.2,12.8,15.2,9.0,17.6,20.2,52.2,6.4,18.6,8.8,12.2,12.4,7.4,16.2,3.0,23.5,54.125,5.375,19.125,10.0,12.5,14.5,7.0,19.625,22.75,57.875,5.875,22.25,12.75,10.625,13.75,6.25,18.0,2.375,0.6666666666666666,0.8,5.0,6.0,-1.0,2044.088462867195,2107.8384354193595
61,23.25,47.5,7.75,19.0,6.0,12.25,13.0,6.0,18.75,20.5,56.25,3.5,20.5,11.0,9.5,12.25,6.5,21.5,14.0,23.8,56.0,3.8,12.0,14.2,12.8,15.2,9.0,17.6,20.2,52.2,6.4,18.6,8.8,12.2,12.4,7.4,16.2,3.0,1.0,0.6666666666666666,5.0,5.0,0.0,2011.969799828534,2068.02667720257
62,22.625,57.25,6.875,20.125,13.625,10.875,9.125,6.5,17.75,20.25,53.625,3.5,12.125,10.75,9.375,12.875,4.25,18.5,11.375,22.0,54.0,5.0,19.375,14.75,13.875,11.375,4.0,17.625,20.0,50.125,5.625,16.75,11.0,11.875,11.75,5.5,21.5,3.625,0.8,1.0,1.0,2.0,-1.0,2135.282378340032,2192.810524224312
63,22.625,57.25,6.875,20.125,13.625,10.875,9.125,6.5,17.75,20.25,53.625,3.5,12.125,10.75,9.375,12.875,4.25,18.5,11.375,23.25,47.5,7.75,19.0,6.0,12.25,13.0,6.0,18.75,20.5,56.25,3.5,20.5,11.0,9.5,12.25,6.5,21.5,14.0,0.8,1.0,1.0,5.0,-4.0,2148.6960007478124,2206.5466418372944
64,22.857142857142858,57.57142857142857,4.0,14.714285714285714,11.571428571428571,11.714285714285714,11.428571428571429,8.0,19.0,21.714285714285715,53.714285714285715,4.428571428571429,17.857142857142858,12.142857142857142,11.142857142857142,15.0,5.714285714285714,17.0,1.4285714285714286,18.75,47.5,4.375,14.875,11.375,12.5,16.125,6.625,23.375,16.625,48.875,3.75,13.625,9.625,9.125,13.625,8.125,22.375,6.0,1.0,0.8,16.0,16.0,0.0,1435.940191032686,1577.3043770034512
65,27.875,60.125,9.75,25.875,13.25,19.375,13.5,7.5,22.875,24.875,58.625,5.625,19.0,12.0,14.875,14.0,7.0,22.75,11.25,27.571428571428573,55.857142857142854,6.571428571428571,15.857142857142858,11.0,13.0,13.714285714285714,7.142857142857143,18.857142857142858,24.714285714285715,59.57142857142857,6.285714285714286,18.714285714285715,13.571428571428571,13.142857142857142,11.571428571428571,6.857142857142857,19.857142857142858,7.0,0.8,0.75,14.0,3.0,11.0,1607.9530197869994,1727.4549526542464
66,26.375,56.125,5.375,15.25,9.125,12.625,13.625,8.375,18.625,21.875,56.125,6.5,19.5,13.125,12.5,14.375,6.125,17.25,7.375,23.25,47.5,7.75,19.0,6.0,12.25,13.0,6.0,18.75,20.5,56.25,3.5,20.5,11.0,9.5,12.25,6.5,21.5,14.0,0.8,1.0,12.0,5.0,7.0,1814.148420040379,1888.1722859055856
67,24.857142857142858,57.42857142857143,5.571428571428571,16.714285714285715,13.285714285714286,12.285714285714286,11.0,7.0,12.428571428571429,25.714285714285715,54.714285714285715,7.857142857142857,19.857142857142858,10.0,13.142857142857142,13.285714285714286,5.428571428571429,17.428571428571427,0.7142857142857143,27.428571428571427,59.57142857142857,8.0,19.571428571428573,9.285714285714286,14.142857142857142,9.714285714285714,8.714285714285714,17.714285714285715,25.0,55.285714285714285,7.714285714285714,20.142857142857142,7.428571428571429,13.428571428571429,16.142857142857142,5.142857142857143,19.571428571428573,12.857142857142858,0.25,0.75,10.0,7.0,3.0,1850.2993076755945,1913.918752127477
68,26.5,52.666666666666664,7.666666666666667,17.333333333333332,9.333333333333334,16.833333333333332,12.333333333333334,7.5,15.666666666666666,24.333333333333332,55.333333333333336,6.833333333333333,19.833333333333332,9.0,14.0,13.666666666666666,6.5,19.166666666666668,12.333333333333334,27.875,55.625,7.0,15.25,11.25,16.125,13.625,7.75,17.75,24.875,59.25,6.25,19.0,11.625,12.625,12.375,7.5,20.125,12.0,1.0,1.0,16.0,1.0,15.0,1434.2787304606402,1593.5756247082288
69,23.0,49.833333333333336,4.833333333333333,14.5,10.333333333333334,10.166666666666666,13.333333333333334,3.8333333333333335,17.666666666666668,22.166666666666668,56.0,5.5,18.333333333333332,10.166666666666666,11.166666666666666,12.666666666666666,5.5,22.333333333333332,7.0,25.25,60.125,6.75,19.375,14.0,13.375,11.5,7.5,20.625,23.875,55.25,5.5,17.0,10.875,12.25,14.75,6.125,21.75,5.25,1.0,0.4,15.0,2.0,13.0,1633.297191911107,1749.7803532518612
70,22.833333333333332,52.666666666666664,3.3333333333333335,13.166666666666666,11.333333333333334,8.833333333333334,13.166666666666666,7.833333333333333,18.166666666666668,21.0,52.5,6.0,20.0,11.0,10.666666666666666,16.0,5.333333333333333,20.5,7.166666666666667,25.5,55.25,4.625,17.75,11.375,11.875,12.25,7.375,16.0,23.875,61.875,5.0,19.625,14.25,10.75,13.0,6.25,20.375,8.75,1.0,1.0,16.0,1.0,15.0,1473.393369043652,1613.540885576316
71,24.0,56.57142857142857,6.428571428571429,16.857142857142858,10.571428571428571,12.428571428571429,12.714285714285714,4.571428571428571,20.0,25.285714285714285,61.857142857142854,5.142857142857143,18.0,13.857142857142858,12.0,11.285714285714286,6.0,18.714285714285715,2.7142857142857144,24.166666666666668,52.5,7.333333333333333,18.5,14.5,15.833333333333334,14.333333333333334,6.0,16.5,20.5,52.833333333333336,6.833333333333333,16.833333333333332,11.333333333333334,11.333333333333334,14.5,7.166666666666667,19.833333333333332,11.0,0.5,1.0,4.0,13.0,-9.0,1912.282792280152,1978.7874101169964
72,26.8,53.4,7.6,16.2,10.2,12.8,12.8,8.0,19.2,22.0,50.2,5.2,14.8,9.0,9.2,12.2,5.0,18.4,9.8,23.833333333333332,54.5,7.333333333333333,21.833333333333332,12.833333333333334,12.166666666666666,10.833333333333334,4.5,15.666666666666666,24.833333333333332,53.166666666666664,7.666666666666667,19.333333333333332,7.666666666666667,13.166666666666666,11.333333333333334,5.0,21.333333333333332,3.5,1.0,0.6666666666666666,14.0,3.0,11.0,1569.8690318069891,1653.8653399745738
73,26.285714285714285,53.42857142857143,7.714285714285714,20.428571428571427,8.428571428571429,18.142857142857142,12.857142857142858,7.857142857142857,18.142857142857142,17.714285714285715,47.142857142857146,5.428571428571429,18.0,8.428571428571429,9.714285714285714,15.714285714285714,5.571428571428571,14.142857142857142,14.428571428571429,19.0,49.8,6.6,19.8,8.8,10.6,9.0,6.4,16.8,16.6,44.2,5.2,17.4,7.2,8.0,14.8,2.6,19.6,10.4,0.75,1.0,8.0,9.0,-1.0,1858.6277553351392,1911.935152189577
74,26.0,52.75,6.375,16.5,10.125,15.375,11.625,6.5,16.875,22.75,53.375,5.5,17.125,11.125,13.125,11.5,5.875,16.625,7.25,24.625,52.625,6.5,16.25,8.75,15.25,12.375,6.875,16.0,24.25,60.125,6.125,21.0,12.5,13.875,12.75,7.75,19.25,8.625,0.6666666666666666,1.0,3.0,14.0,-11.0,1943.494389842094,1998.474835753879
75,21.571428571428573,47.142857142857146,5.714285714285714,17.571428571428573,10.0,12.857142857142858,9.571428571428571,6.142857142857143,13.571428571428571,20.428571428571427,49.42857142857143,3.7142857142857144,16.857142857142858,9.428571428571429,11.714285714285714,9.571428571428571,6.0,17.285714285714285,7.857142857142857,27.4,56.2,4.6,11.8,14.2,15.2,12.6,7.0,12.6,23.6,56.6,6.4,19.8,9.0,11.4,11.2,8.0,19.4,11.4,0.8,1.0,6.0,11.0,-5.0,1903.2901450357235,1967.049427569882
76,26.142857142857142,59.714285714285715,8.857142857142858,23.285714285714285,8.571428571428571,13.428571428571429,9.857142857142858,8.428571428571429,19.714285714285715,24.428571428571427,57.42857142857143,6.285714285714286,18.714285714285715,12.714285714285714,9.571428571428571,13.857142857142858,5.571428571428571,18.571428571428573,2.2857142857142856,27.5,55.0,8.75,20.0,9.75,16.75,11.0,5.5,18.25,22.0,54.75,3.5,12.5,10.0,8.0,11.75,4.0,18.75,17.0,0.8,1.0,7.0,10.0,-3.0,1806.9849101638567,1878.4263018260704
77,23.857142857142858,50.285714285714285,5.285714285714286,14.714285714285714,9.142857142857142,14.0,12.0,6.285714285714286,14.428571428571429,22.571428571428573,54.42857142857143,6.0,17.428571428571427,10.571428571428571,12.714285714285714,12.142857142857142,5.857142857142857,17.285714285714285,5.571428571428571,23.5,54.125,5.375,19.125,10.0,12.5,14.5,7.0,19.625,22.75,57.875,5.875,22.25,12.75,10.625,13.75,6.25,18.0,2.375,1.0,0.8,11.0,6.0,5.0,1876.3464609041132,1936.9672158734377
78,25.0,51.833333333333336,5.5,14.833333333333334,10.833333333333334,12.0,13.666666666666666,7.5,22.666666666666668,20.166666666666668,48.333333333333336,5.333333333333333,17.0,10.166666666666666,9.833333333333334,14.833333333333334,5.333333333333333,18.0,6.5,24.166666666666668,53.0,7.333333333333333,19.166666666666668,9.833333333333334,11.833333333333334,13.833333333333334,6.666666666666667,22.0,23.333333333333332,57.5,6.666666666666667,19.666666666666668,13.666666666666666,14.833333333333334,12.833333333333334,7.0,19.333333333333332,0.0,1.0,0.3333333333333333,15.0,2.0,13.0,1541.2981125563583,1689.9934432674577
79,25.714285714285715,58.42857142857143,4.428571428571429,15.0,13.857142857142858,11.714285714285714,12.857142857142858,6.857142857142857,18.285714285714285,26.571428571428573,57.142857142857146,7.0,17.285714285714285,9.571428571428571,13.571428571428571,11.714285714285714,7.428571428571429,19.857142857142858,-2.5714285714285716,21.4,59.2,3.6,15.0,17.4,8.2,16.4,7.4,20.8,23.2,55.6,5.8,17.2,13.0,12.6,12.8,7.8,18.0,-8.6,0.5,0.3333333333333333,8.0,9.0,-1.0,1935.693845745322,1981.399203583823
80,23.125,52.75,7.875,20.875,6.875,13.5,9.875,7.25,15.375,26.0,56.75,6.0,17.25,12.0,14.25,12.875,4.75,17.25,0.875,28.0,56.42857142857143,6.285714285714286,17.285714285714285,9.714285714285714,14.571428571428571,13.0,6.714285714285714,18.142857142857142,22.428571428571427,57.714285714285715,4.857142857142857,16.714285714285715,12.285714285714286,9.714285714285714,13.714285714285714,6.714285714285714,16.714285714285715,12.571428571428571,0.6,1.0,6.0,11.0,-5.0,1931.9092809979145,1935.3259526350275
81,24.833333333333332,56.166666666666664,8.5,22.666666666666668,10.0,16.5,12.666666666666666,7.666666666666667,17.833333333333332,23.833333333333332,55.666666666666664,5.333333333333333,16.0,14.666666666666666,14.0,13.166666666666666,6.333333333333333,15.0,-2.1666666666666665,27.428571428571427,56.142857142857146,7.0,17.857142857142858,10.571428571428571,14.571428571428571,9.571428571428571,5.571428571428571,15.0,23.428571428571427,54.285714285714285,5.571428571428571,17.285714285714285,9.428571428571429,8.571428571428571,11.428571428571429,5.285714285714286,16.285714285714285,12.857142857142858,0.3333333333333333,0.75,9.0,8.0,1.0,1950.955793014181,2011.333189018614
82,23.125,52.75,4.5,14.25,10.125,14.375,9.5,4.0,12.25,20.125,55.5,5.25,18.75,8.875,10.625,9.25,4.875,15.375,10.25,27.2,51.6,11.8,21.8,6.0,16.8,10.2,6.4,16.6,20.6,48.8,6.0,18.0,8.2,11.0,13.2,4.8,14.4,16.0,1.0,1.0,5.0,12.0,-7.0,1930.9977617683203,1999.9799566820695
83,18.75,47.5,4.375,14.875,11.375,12.5,16.125,6.625,23.375,16.625,48.875,3.75,13.625,9.625,9.125,13.625,8.125,22.375,6.0,22.625,57.25,6.875,20.125,13.625,10.875,9.125,6.5,17.75,20.25,53.625,3.5,12.125,10.75,9.375,12.875,4.25,18.5,11.375,0.8,0.8,16.0,1.0,15.0,1315.8308569896042,1547.4497494321747
84,25.142857142857142,54.714285714285715,10.142857142857142,26.285714285714285,8.0,14.142857142857142,12.714285714285714,7.285714285714286,20.571428571428573,24.571428571428573,54.857142857142854,7.714285714285714,19.0,9.571428571428571,12.857142857142858,12.714285714285714,6.857142857142857,17.857142857142858,0.5714285714285714,25.125,56.0,6.5,16.5,12.875,13.875,16.0,7.0,17.75,24.375,59.5,7.125,21.0,13.125,14.375,11.875,7.625,18.125,-0.75,0.5,0.5,7.0,10.0,-3.0,1895.839296066029,1944.9225817981596
85,20.2,47.6,6.4,17.6,11.4,12.6,17.4,9.2,18.0,18.6,46.0,4.6,15.2,8.0,8.8,15.4,9.0,16.4,1.2,27.333333333333332,52.833333333333336,5.166666666666667,13.666666666666666,9.833333333333334,13.666666666666666,12.0,4.5,17.5,22.166666666666668,59.833333333333336,5.166666666666667,16.666666666666668,14.0,9.5,11.5,6.166666666666667,19.666666666666668,12.666666666666666,0.6666666666666666,0.6666666666666666,9.0,8.0,1.0,1915.655121966773,1971.4171812406253
86,26.77777777777778,62.888888888888886,9.222222222222221,24.77777777777778,11.555555555555555,13.333333333333334,9.444444444444445,8.0,18.77777777777778,26.0,56.888888888888886,6.222222222222222,17.0,12.777777777777779,12.333333333333334,15.777777777777779,4.777777777777778,18.333333333333332,3.5555555555555554,28.833333333333332,64.16666666666667,7.0,18.166666666666668,13.666666666666666,16.166666666666668,10.333333333333334,7.666666666666667,17.666666666666668,28.5,62.666666666666664,8.166666666666666,19.5,14.833333333333334,12.833333333333334,14.5,5.666666666666667,18.333333333333332,3.8333333333333335,0.8333333333333334,0.6666666666666666,13.0,4.0,9.0,1674.5860992836904,1736.8960313890757
87,30.0,61.25,8.0,19.875,10.375,16.25,10.875,6.375,16.25,28.375,62.375,7.0,21.375,11.875,17.125,13.0,5.375,16.625,3.5,23.8,56.0,3.8,12.0,14.2,12.8,15.2,9.0,17.6,20.2,52.2,6.4,18.6,8.8,12.2,12.4,7.4,16.2,3.0,0.6,0.6666666666666666,12.0,5.0,7.0,1705.325138227755,1774.790801582695
88,25.0,57.166666666666664,7.5,22.666666666666668,12.0,12.833333333333334,14.166666666666666,7.833333333333333,16.166666666666668,24.666666666666668,55.333333333333336,4.333333333333333,13.0,12.833333333333334,11.833333333333334,15.666666666666666,8.666666666666666,17.333333333333332,3.5,25.166666666666668,60.833333333333336,6.333333333333333,18.833333333333332,12.333333333333334,12.666666666666666,12.333333333333334,9.166666666666666,18.5,23.666666666666668,53.166666666666664,5.333333333333333,16.0,10.833333333333334,14.0,17.0,5.833333333333333,16.0,0.0,0.3333333333333333,0.3333333333333333,7.0,10.0,-3.0,1884.6361541709225,1945.622720066392
89,22.166666666666668,48.166666666666664,6.666666666666667,16.166666666666668,8.166666666666666,14.0,15.666666666666666,5.5,19.5,21.5,54.333333333333336,6.5,21.0,12.5,12.0,15.0,8.333333333333334,21.0,4.666666666666667,27.857142857142858,55.857142857142854,7.571428571428571,17.714285714285715,9.571428571428571,14.571428571428571,11.0,6.571428571428571,15.285714285714286,23.857142857142858,57.142857142857146,6.714285714285714,19.857142857142858,8.857142857142858,13.571428571428571,11.142857142857142,6.142857142857143,17.714285714285715,11.285714285714286,1.0,1.0,15.0,2.0,13.0,1601.6118461578535,1715.0382575653334
90,27.8,58.2,5.8,18.6,13.4,12.4,11.8,5.0,16.2,27.0,62.6,7.0,19.4,10.0,12.6,9.8,4.6,22.8,10.0,24.0,53.5,5.333333333333333,16.0,13.333333333333334,15.833333333333334,9.833333333333334,4.666666666666667,17.333333333333332,21.5,49.0,5.666666666666667,15.333333333333334,11.0,10.5,9.5,4.166666666666667,17.333333333333332,3.8333333333333335,1.0,0.6666666666666666,14.0,3.0,11.0,1672.1093321970795,1769.0943054219
91,26.333333333333332,62.166666666666664,5.166666666666667,15.0,13.166666666666666,13.833333333333334,10.166666666666666,8.666666666666666,13.333333333333334,23.5,58.0,6.333333333333333,21.833333333333332,9.0,11.5,13.666666666666666,5.5,18.166666666666668,11.333333333333334,20.0,52.142857142857146,5.142857142857143,15.714285714285714,9.428571428571429,11.857142857142858,9.0,5.857142857142857,16.714285714285715,21.571428571428573,50.857142857142854,5.428571428571429,14.714285714285714,10.571428571428571,12.428571428571429,15.714285714285714,4.142857142857143,19.285714285714285,0.8571428571428571,1.0,0.75,13.0,4.0,9.0,1780.6623462745454,1886.071220325792
92,26.333333333333332,53.833333333333336,5.333333333333333,14.5,12.166666666666666,12.166666666666666,11.5,5.333333333333333,18.5,22.0,54.833333333333336,5.833333333333333,19.0,11.666666666666666,10.0,11.166666666666666,5.5,22.166666666666668,10.666666666666666,32.2,65.0,7.6,19.0,15.0,19.4,12.2,9.2,13.4,30.0,63.2,9.4,27.8,13.0,19.8,14.6,8.6,18.4,6.8,1.0,0.3333333333333333,16.0,1.0,15.0,1558.552591100788,1691.6733145836608
93,27.857142857142858,54.42857142857143,6.571428571428571,16.571428571428573,9.285714285714286,19.0,8.857142857142858,4.285714285714286,14.571428571428571,20.857142857142858,54.42857142857143,4.714285714285714,16.857142857142858,9.428571428571429,11.142857142857142,10.285714285714286,3.4285714285714284,16.428571428571427,17.714285714285715,22.857142857142858,52.0,6.714285714285714,17.142857142857142,9.714285714285714,12.571428571428571,12.285714285714286,7.714285714285714,17.571428571428573,21.285714285714285,52.57142857142857,6.857142857142857,19.857142857142858,9.142857142857142,13.142857142857142,13.571428571428571,6.714285714285714,19.0,5.571428571428571,0.8,0.75,12.0,5.0,7.0,1823.7777303306448,1890.0027327191344
94,26.75,60.125,5.5,15.875,13.875,13.875,14.25,6.75,19.875,23.75,58.25,5.125,15.625,14.0,9.5,16.625,5.375,19.375,8.875,22.0,54.0,5.0,19.375,14.75,13.875,11.375,4.0,17.625,20.0,50.125,5.625,16.75,11.0,11.875,11.75,5.5,21.5,3.625,1.0,1.0,15.0,2.0,13.0,1520.324108872031,1684.7936665574198
95,23.0,50.0,4.5,11.333333333333334,9.333333333333334,12.166666666666666,11.166666666666666,6.666666666666667,18.0,22.166666666666668,56.666666666666664,5.333333333333333,18.0,11.166666666666666,8.666666666666666,12.166666666666666,5.333333333333333,21.666666666666668,9.5,24.2,53.6,7.6,18.0,10.4,11.4,8.0,5.6,16.8,18.4,44.2,3.6,11.8,6.6,9.0,12.2,3.6,15.6,15.4,1.0,0.6666666666666666,13.0,4.0,9.0,1645.414316802564,1756.301373000953
96,25.0,52.333333333333336,6.888888888888889,16.11111111111111,9.666666666666666,15.666666666666666,11.444444444444445,5.444444444444445,15.11111111111111,23.11111111111111,55.55555555555556,6.333333333333333,20.0,11.222222222222221,13.0,10.11111111111111,5.333333333333333,17.22222222222222,6.111111111111111,28.0,61.142857142857146,6.0,18.285714285714285,14.142857142857142,12.285714285714286,14.142857142857142,7.714285714285714,17.142857142857142,26.428571428571427,62.714285714285715,7.571428571428571,21.428571428571427,10.142857142857142,14.571428571428571,13.142857142857142,7.0,22.142857142857142,9.428571428571429,0.6666666666666666,0.75,11.0,6.0,5.0,1857.0502804541784,1934.8273512514847
97,27.4,56.2,4.6,11.8,14.2,15.2,12.6,7.0,12.6,23.6,56.6,6.4,19.8,9.0,11.4,11.2,8.0,19.4,11.4,27.571428571428573,55.857142857142854,6.571428571428571,15.857142857142858,11.0,13.0,13.714285714285714,7.142857142857143,18.857142857142858,24.714285714285715,59.57142857142857,6.285714285714286,18.714285714285715,13.571428571428571,13.142857142857142,11.571428571428571,6.857142857142857,19.857142857142858,7.0,1.0,0.75,11.0,3.0,8.0,1781.505186663072,1875.552239949549
98,24.166666666666668,52.5,7.333333333333333,18.5,14.5,15.833333333333334,14.333333333333334,6.0,16.5,20.5,52.833333333333336,6.833333333333333,16.833333333333332,11.333333333333334,11.333333333333334,14.5,7.166666666666667,19.833333333333332,11.0,23.25,47.5,7.75,19.0,6.0,12.25,13.0,6.0,18.75,20.5,56.25,3.5,20.5,11.0,9.5,12.25,6.5,21.5,14.0,1.0,1.0,13.0,5.0,8.0,1670.734282086681,1806.159320284872
99,27.428571428571427,59.57142857142857,8.0,19.571428571428573,9.285714285714286,14.142857142857142,9.714285714285714,8.714285714285714,17.714285714285715,25.0,55.285714285714285,7.714285714285714,20.142857142857142,7.428571428571429,13.428571428571429,16.142857142857142,5.142857142857143,19.571428571428573,12.857142857142858,25.25,60.125,6.75,19.375,14.0,13.375,11.5,7.5,20.625,23.875,55.25,5.5,17.0,10.875,12.25,14.75,6.125,21.75,5.25,0.75,0.4,7.0,2.0,5.0,1927.3852312962208,1983.810539249461
100,21.4,59.2,3.6,15.0,17.4,8.2,16.4,7.4,20.8,23.2,55.6,5.8,17.2,13.0,12.6,12.8,7.8,18.0,-8.6,25.5,55.25,4.625,17.75,11.375,11.875,12.25,7.375,16.0,23.875,61.875,5.0,19.625,14.25,10.75,13.0,6.25,20.375,8.75,0.3333333333333333,1.0,9.0,1.0,8.0,1893.967794355125,1934.2587303924704
101,27.875,55.625,7.0,15.25,11.25,16.125,13.625,7.75,17.75,24.875,59.25,6.25,19.0,11.625,12.625,12.375,7.5,20.125,12.0,19.0,49.8,6.6,19.8,8.8,10.6,9.0,6.4,16.8,16.6,44.2,5.2,17.4,7.2,8.0,14.8,2.6,19.6,10.4,1.0,1.0,1.0,9.0,-8.0,2164.213384315047,2205.00824633102
102,24.166666666666668,53.0,7.333333333333333,19.166666666666668,9.833333333333334,11.833333333333334,13.833333333333334,6.666666666666667,22.0,23.333333333333332,57.5,6.666666666666667,19.666666666666668,13.666666666666666,14.833333333333334,12.833333333333334,7.0,19.333333333333332,0.0,27.5,55.0,8.75,20.0,9.75,16.75,11.0,5.5,18.25,22.0,54.75,3.5,12.5,10.0,8.0,11.75,4.0,18.75,17.0,0.3333333333333333,1.0,2.0,10.0,-8.0,2005.665686628908,2057.616351831497
103,24.625,52.625,6.5,16.25,8.75,15.25,12.375,6.875,16.0,24.25,60.125,6.125,21.0,12.5,13.875,12.75,7.75,19.25,8.625,23.5,54.125,5.375,19.125,10.0,12.5,14.5,7.0,19.625,22.75,57.875,5.875,22.25,12.75,10.625,13.75,6.25,18.0,2.375,1.0,0.8,14.0,6.0,8.0,1638.4732234255043,1707.3210139924113
104,23.833333333333332,54.5,7.333333333333333,21.833333333333332,12.833333333333334,12.166666666666666,10.833333333333334,4.5,15.666666666666666,24.833333333333332,53.166666666666664,7.666666666666667,19.333333333333332,7.666666666666667,13.166666666666666,11.333333333333334,5.0,21.333333333333332,3.5,28.0,56.42857142857143,6.285714285714286,17.285714285714285,9.714285714285714,14.571428571428571,13.0,6.714285714285714,18.142857142857142,22.428571428571427,57.714285714285715,4.857142857142857,16.714285714285715,12.285714285714286,9.714285714285714,13.714285714285714,6.714285714285714,16.714285714285715,12.571428571428571,0.6666666666666666,1.0,3.0,11.0,-8.0,1936.0860544530487,2002.413690714412
105,24.2,53.6,7.6,18.0,10.4,11.4,8.0,5.6,16.8,18.4,44.2,3.6,11.8,6.6,9.0,12.2,3.6,15.6,15.4,27.2,51.6,11.8,21.8,6.0,16.8,10.2,6.4,16.6,20.6,48.8,6.0,18.0,8.2,11.0,13.2,4.8,14.4,16.0,0.6666666666666666,1.0,4.0,12.0,-8.0,1953.4404968890187,2021.968596090884
106,27.428571428571427,56.142857142857146,7.0,17.857142857142858,10.571428571428571,14.571428571428571,9.571428571428571,5.571428571428571,15.0,23.428571428571427,54.285714285714285,5.571428571428571,17.285714285714285,9.428571428571429,8.571428571428571,11.428571428571429,5.285714285714286,16.285714285714285,12.857142857142858,22.625,57.25,6.875,20.125,13.625,10.875,9.125,6.5,17.75,20.25,53.625,3.5,12.125,10.75,9.375,12.875,4.25,18.5,11.375,0.75,0.8,8.0,1.0,7.0,1924.853469768114,1993.1038565555805
107,28.833333333333332,64.16666666666667,7.0,18.166666666666668,13.666666666666666,16.166666666666668,10.333333333333334,7.666666666666667,17.666666666666668,28.5,62.666666666666664,8.166666666666666,19.5,14.833333333333334,12.833333333333334,14.5,5.666666666666667,18.333333333333332,3.8333333333333335,23.8,56.0,3.8,12.0,14.2,12.8,15.2,9.0,17.6,20.2,52.2,6.4,18.6,8.8,12.2,12.4,7.4,16.2,3.0,0.6666666666666666,0.6666666666666666,4.0,5.0,-1.0,1952.822143403867,2013.9750862375363
108,25.125,56.0,6.5,16.5,12.875,13.875,16.0,7.0,17.75,24.375,59.5,7.125,21.0,13.125,14.375,11.875,7.625,18.125,-0.75,27.857142857142858,55.857142857142854,7.571428571428571,17.714285714285715,9.571428571428571,14.571428571428571,11.0,6.571428571428571,15.285714285714286,23.857142857142858,57.142857142857146,6.714285714285714,19.857142857142858,8.857142857142858,13.571428571428571,11.142857142857142,6.142857142857143,17.714285714285715,11.285714285714286,0.5,1.0,10.0,2.0,8.0,1864.2525767475663,1919.80523327268
109,22.857142857142858,52.0,6.714285714285714,17.142857142857142,9.714285714285714,12.571428571428571,12.285714285714286,7.714285714285714,17.571428571428573,21.285714285714285,52.57142857142857,6.857142857142857,19.857142857142858,9.142857142857142,13.142857142857142,13.571428571428571,6.714285714285714,19.0,5.571428571428571,20.0,52.142857142857146,5.142857142857143,15.714285714285714,9.428571428571429,11.857142857142858,9.0,5.857142857142857,16.714285714285715,21.571428571428573,50.857142857142854,5.428571428571429,14.714285714285714,10.571428571428571,12.428571428571429,15.714285714285714,4.142857142857143,19.285714285714285,0.8571428571428571,0.75,0.75,5.0,4.0,1.0,1964.736804471872,2007.0583425761597
110,27.333333333333332,52.833333333333336,5.166666666666667,13.666666666666666,9.833333333333334,13.666666666666666,12.0,4.5,17.5,22.166666666666668,59.833333333333336,5.166666666666667,16.666666666666668,14.0,9.5,11.5,6.166666666666667,19.666666666666668,12.666666666666666,32.2,65.0,7.6,19.0,15.0,19.4,12.2,9.2,13.4,30.0,63.2,9.4,27.8,13.0,19.8,14.6,8.6,18.4,6.8,0.6666666666666666,0.3333333333333333,8.0,1.0,7.0,1960.1569475053595,2009.533132910508
111,25.166666666666668,60.833333333333336,6.333333333333333,18.833333333333332,12.333333333333334,12.666666666666666,12.333333333333334,9.166666666666666,18.5,23.666666666666668,53.166666666666664,5.333333333333333,16.0,10.833333333333334,14.0,17.0,5.833333333333333,16.0,0.0,22.0,54.0,5.0,19.375,14.75,13.875,11.375,4.0,17.625,20.0,50.125,5.625,16.75,11.0,11.875,11.75,5.5,21.5,3.625,0.3333333333333333,1.0,10.0,2.0,8.0,1911.301192953819,1965.0103837388065
112,24.0,53.5,5.333333333333333,16.0,13.333333333333334,15.833333333333334,9.833333333333334,4.666666666666667,17.333333333333332,21.5,49.0,5.666666666666667,15.333333333333334,11.0,10.5,9.5,4.166666666666667,17.333333333333332,3.8333333333333335,28.0,61.142857142857146,6.0,18.285714285714285,14.142857142857142,12.285714285714286,14.142857142857142,7.714285714285714,17.142857142857142,26.428571428571427,62.714285714285715,7.571428571428571,21.428571428571427,10.142857142857142,14.571428571428571,13.142857142857142,7.0,22.142857142857142,9.428571428571429,0.6666666666666666,0.75,3.0,6.0,-3.0,2008.7511938258256,2066.5324887261518
113,32.2,65.0,7.6,19.0,15.0,19.4,12.2,9.2,13.4,30.0,63.2,9.4,27.8,13.0,19.8,14.6,8.6,18.4,6.8,23.25,47.5,7.75,19.0,6.0,12.25,13.0,6.0,18.75,20.5,56.25,3.5,20.5,11.0,9.5,12.25,6.5,21.5,14.0,0.3333333333333333,1.0,1.0,5.0,-4.0,2069.742309056457,2120.1379247557884
114,28.0,61.142857142857146,6.0,18.285714285714285,14.142857142857142,12.285714285714286,14.142857142857142,7.714285714285714,17.142857142857142,26.428571428571427,62.714285714285715,7.571428571428571,21.428571428571427,10.142857142857142,14.571428571428571,13.142857142857142,7.0,22.142857142857142,9.428571428571429,25.25,60.125,6.75,19.375,14.0,13.375,11.5,7.5,20.625,23.875,55.25,5.5,17.0,10.875,12.25,14.75,6.125,21.75,5.25,0.75,0.4,6.0,2.0,4.0,1955.418608733209,1891.2709731700447
115,27.2,51.6,11.8,21.8,6.0,16.8,10.2,6.4,16.6,20.6,48.8,6.0,18.0,8.2,11.0,13.2,4.8,14.4,16.0,25.5,55.25,4.625,17.75,11.375,11.875,12.25,7.375,16.0,23.875,61.875,5.0,19.625,14.25,10.75,13.0,6.25,20.375,8.75,1.0,1.0,12.0,1.0,11.0,1755.2607962413515,1856.07046857001
116,28.0,56.42857142857143,6.285714285714286,17.285714285714285,9.714285714285714,14.571428571428571,13.0,6.714285714285714,18.142857142857142,22.428571428571427,57.714285714285715,4.857142857142857,16.714285714285715,12.285714285714286,9.714285714285714,13.714285714285714,6.714285714285714,16.714285714285715,12.571428571428571,22.0,54.0,5.0,19.375,14.75,13.875,11.375,4.0,17.625,20.0,50.125,5.625,16.75,11.0,11.875,11.75,5.5,21.5,3.625,1.0,1.0,11.0,2.0,9.0,1981.537298009414,2017.5717576491124
117,27.5,55.0,8.75,20.0,9.75,16.75,11.0,5.5,18.25,22.0,54.75,3.5,12.5,10.0,8.0,11.75,4.0,18.75,17.0,27.571428571428573,55.857142857142854,6.571428571428571,15.857142857142858,11.0,13.0,13.714285714285714,7.142857142857143,18.857142857142858,24.714285714285715,59.57142857142857,6.285714285714286,18.714285714285715,13.571428571428571,13.142857142857142,11.571428571428571,6.857142857142857,19.857142857142858,7.0,1.0,0.75,10.0,3.0,7.0,1895.1442638728456,1962.935852809395
118,20.0,52.142857142857146,5.142857142857143,15.714285714285714,9.428571428571429,11.857142857142858,9.0,5.857142857142857,16.714285714285715,21.571428571428573,50.857142857142854,5.428571428571429,14.714285714285714,10.571428571428571,12.428571428571429,15.714285714285714,4.142857142857143,19.285714285714285,0.8571428571428571,22.625,57.25,6.875,20.125,13.625,10.875,9.125,6.5,17.75,20.25,53.625,3.5,12.125,10.75,9.375,12.875,4.25,18.5,11.375,0.75,0.8,4.0,1.0,3.0,2040.2645158461055,2105.4697634505114
119,19.0,49.8,6.6,19.8,8.8,10.6,9.0,6.4,16.8,16.6,44.2,5.2,17.4,7.2,8.0,14.8,2.6,19.6,10.4,23.8,56.0,3.8,12.0,14.2,12.8,15.2,9.0,17.6,20.2,52.2,6.4,18.6,8.8,12.2,12.4,7.4,16.2,3.0,1.0,0.6666666666666666,9.0,5.0,4.0,1940.4157407099788,1969.438834582148
120,27.857142857142858,55.857142857142854,7.571428571428571,17.714285714285715,9.571428571428571,14.571428571428571,11.0,6.571428571428571,15.285714285714286,23.857142857142858,57.142857142857146,6.714285714285714,19.857142857142858,8.857142857142858,13.571428571428571,11.142857142857142,6.142857142857143,17.714285714285715,11.285714285714286,23.5,54.125,5.375,19.125,10.0,12.5,14.5,7.0,19.625,22.75,57.875,5.875,22.25,12.75,10.625,13.75,6.25,18.0,2.375,1.0,0.8,2.0,6.0,-4.0,2021.121851452229,2089.138199339618
121,25.25,60.125,6.75,19.375,14.0,13.375,11.5,7.5,20.625,23.875,55.25,5.5,17.0,10.875,12.25,14.75,6.125,21.75,5.25,23.25,47.5,7.75,19.0,6.0,12.25,13.0,6.0,18.75,20.5,56.25,3.5,20.5,11.0,9.5,12.25,6.5,21.5,14.0,0.4,1.0,2.0,5.0,-3.0,1990.944294386148,2021.247187617811
122,25.5,55.25,4.625,17.75,11.375,11.875,12.25,7.375,16.0,23.875,61.875,5.0,19.625,14.25,10.75,13.0,6.25,20.375,8.75,22.0,54.0,5.0,19.375,14.75,13.875,11.375,4.0,17.625,20.0,50.125,5.625,16.75,11.0,11.875,11.75,5.5,21.5,3.625,1.0,1.0,1.0,2.0,-1.0,2068.6667366167244,2258.423341498671
123,27.571428571428573,55.857142857142854,6.571428571428571,15.857142857142858,11.0,13.0,13.714285714285714,7.142857142857143,18.857142857142858,24.714285714285715,59.57142857142857,6.285714285714286,18.714285714285715,13.571428571428571,13.142857142857142,11.571428571428571,6.857142857142857,19.857142857142858,7.0,22.625,57.25,6.875,20.125,13.625,10.875,9.125,6.5,17.75,20.25,53.625,3.5,12.125,10.75,9.375,12.875,4.25,18.5,11.375,0.75,0.8,3.0,1.0,2.0,1963.0083246879135,2013.801340032919
124,23.5,54.125,5.375,19.125,10.0,12.5,14.5,7.0,19.625,22.75,57.875,5.875,22.25,12.75,10.625,13.75,6.25,18.0,2.375,23.8,56.0,3.8,12.0,14.2,12.8,15.2,9.0,17.6,20.2,52.2,6.4,18.6,8.8,12.2,12.4,7.4,16.2,3.0,0.8,0.6666666666666666,6.0,5.0,1.0,2001.998293303531,2068.8317430521006
125,23.8,56.0,3.8,12.0,14.2,12.8,15.2,9.0,17.6,20.2,52.2,6.4,18.6,8.8,12.2,12.4,7.4,16.2,3.0,23.25,47.5,7.75,19.0,6.0,12.25,13.0,6.0,18.75,20.5,56.25,3.5,20.5,11.0,9.5,12.25,6.5,21.5,14.0,0.6666666666666666,1.0,5.0,5.0,0.0,2058.159565980861,2122.04962032033
126,22.0,54.0,5.0,19.375,14.75,13.875,11.375,4.0,17.625,20.0,50.125,5.625,16.75,11.0,11.875,11.75,5.5,21.5,3.625,22.625,57.25,6.875,20.125,13.625,10.875,9.125,6.5,17.75,20.25,53.625,3.5,12.125,10.75,9.375,12.875,4.25,18.5,11.375,1.0,0.8,2.0,1.0,1.0,2078.6229067395834,2143.3188838035408
127,23.25,47.5,7.75,19.0,6.0,12.25,13.0,6.0,18.75,20.5,56.25,3.5,20.5,11.0,9.5,12.25,6.5,21.5,14.0,22.625,57.25,6.875,20.125,13.625,10.875,9.125,6.5,17.75,20.25,53.625,3.5,12.125,10.75,9.375,12.875,4.25,18.5,11.375,1.0,0.8,5.0,1.0,4.0,2030.0844733450176,2086.494667870267
128,24.0,55.833333333333336,7.0,17.666666666666668,10.666666666666666,14.666666666666666,13.666666666666666,9.5,19.333333333333332,21.0,53.5,5.833333333333333,17.5,11.666666666666666,12.666666666666666,16.166666666666668,7.0,17.166666666666668,5.666666666666667,24.2,57.6,7.2,25.2,13.8,13.8,9.0,3.8,19.6,18.4,48.8,5.0,16.4,9.6,7.8,10.4,3.8,17.8,6.4,0.5,0.6666666666666666,12.0,12.0,0.0,1874.433076291606,1883.1481219774523
129,24.857142857142858,54.714285714285715,5.142857142857143,15.428571428571429,11.857142857142858,14.285714285714286,12.857142857142858,9.0,19.0,19.857142857142858,49.714285714285715,5.142857142857143,15.857142857142858,11.428571428571429,10.0,17.857142857142858,6.428571428571429,19.857142857142858,11.142857142857142,23.25,56.0,6.0,18.25,10.5,11.25,10.125,7.0,22.875,20.625,48.375,4.375,14.125,10.75,11.0,14.5,3.875,18.875,1.375,1.0,0.8,16.0,16.0,0.0,1418.6907935415925,1579.3228435281214
130,24.5,51.875,8.625,18.875,10.125,13.0,13.125,6.5,20.0,23.5,58.125,7.5,24.375,14.25,12.0,12.125,5.0,20.0,4.375,21.77777777777778,50.0,5.0,11.777777777777779,13.11111111111111,12.444444444444445,14.777777777777779,7.111111111111111,21.666666666666668,18.0,48.333333333333336,4.888888888888889,14.555555555555555,9.777777777777779,9.444444444444445,14.0,6.111111111111111,21.444444444444443,10.444444444444445,1.0,0.8333333333333334,16.0,16.0,0.0,1478.69935853034,1589.4300632295617
131,21.4,50.0,7.8,21.2,8.4,12.4,11.0,6.6,20.2,24.2,51.2,4.8,13.0,11.4,11.2,12.6,6.6,19.2,1.2,23.571428571428573,51.857142857142854,6.0,17.142857142857142,9.0,11.0,10.0,5.428571428571429,18.857142857142858,21.428571428571427,53.42857142857143,4.0,14.571428571428571,9.428571428571429,8.285714285714286,9.857142857142858,3.857142857142857,17.714285714285715,6.142857142857143,0.6666666666666666,0.5,11.0,11.0,0.0,1718.9489741709378,1786.986088076276
132,25.5,56.25,7.5,22.25,11.25,12.75,8.25,6.5,17.25,18.75,48.75,5.75,18.75,9.0,10.25,12.25,4.5,16.25,14.25,25.833333333333332,51.166666666666664,5.166666666666667,14.166666666666666,14.5,14.833333333333334,11.666666666666666,6.0,12.666666666666666,21.333333333333332,52.666666666666664,9.5,26.0,8.166666666666666,15.5,9.5,5.666666666666667,18.0,11.333333333333334,1.0,1.0,8.0,9.0,-1.0,1909.71079020766,1961.059470905476
133,25.0,57.875,8.0,24.125,11.375,12.5,11.0,6.5,15.75,26.125,58.875,7.125,18.25,10.375,14.75,12.0,6.0,20.0,6.125,28.166666666666668,57.0,6.833333333333333,13.666666666666666,13.166666666666666,12.333333333333334,8.333333333333334,5.166666666666667,17.0,22.333333333333332,55.5,4.833333333333333,15.666666666666666,11.333333333333334,8.5,9.166666666666666,4.5,19.5,15.833333333333334,0.6,1.0,3.0,14.0,-11.0,1992.423497219825,2057.5202378280524
134,24.571428571428573,53.42857142857143,5.857142857142857,17.571428571428573,12.0,14.142857142857142,12.714285714285714,5.571428571428571,17.571428571428573,22.285714285714285,54.57142857142857,6.0,18.857142857142858,11.857142857142858,12.714285714285714,11.142857142857142,6.714285714285714,16.571428571428573,4.714285714285714,24.0,58.142857142857146,6.0,18.571428571428573,11.285714285714286,14.142857142857142,13.142857142857142,10.0,21.142857142857142,25.714285714285715,54.714285714285715,5.857142857142857,15.0,12.857142857142858,16.428571428571427,18.285714285714285,5.0,18.857142857142858,-1.7142857142857142,0.75,0.25,6.0,11.0,-5.0,1899.0259037628407,1967.874271405288
135,25.88888888888889,58.666666666666664,4.666666666666667,15.444444444444445,14.11111111111111,10.444444444444445,12.11111111111111,7.444444444444445,15.666666666666666,24.88888888888889,58.22222222222222,6.888888888888889,19.88888888888889,12.222222222222221,12.777777777777779,12.444444444444445,6.555555555555555,18.444444444444443,4.666666666666667,25.0,56.333333333333336,6.666666666666667,17.5,9.166666666666666,14.833333333333334,11.333333333333334,6.166666666666667,18.0,20.333333333333332,56.666666666666664,5.166666666666667,20.0,11.833333333333334,9.833333333333334,13.0,6.666666666666667,19.333333333333332,13.833333333333334,0.7142857142857143,1.0,3.0,14.0,-11.0,1991.80000897586,2061.1189690981623
136,26.25,55.25,7.25,18.125,12.375,13.125,11.0,4.75,15.375,25.0,55.375,5.0,17.125,9.875,11.875,10.25,5.25,17.75,6.375,22.0,51.285714285714285,7.0,17.857142857142858,8.0,13.0,14.142857142857142,6.571428571428571,21.428571428571427,19.285714285714285,58.57142857142857,5.428571428571429,18.857142857142858,15.142857142857142,8.428571428571429,11.142857142857142,6.285714285714286,19.285714285714285,2.5714285714285716,0.8,1.0,2.0,15.0,-13.0,1972.4016829695408,2055.1011132136164
137,26.666666666666668,55.666666666666664,5.166666666666667,15.833333333333334,10.333333333333334,13.5,10.333333333333334,8.0,16.5,20.5,52.833333333333336,6.0,18.666666666666668,9.166666666666666,9.166666666666666,15.666666666666666,4.833333333333333,20.166666666666668,20.166666666666668,23.714285714285715,52.0,4.571428571428571,14.0,12.428571428571429,11.571428571428571,13.714285714285714,7.857142857142857,19.142857142857142,22.0,52.0,7.285714285714286,19.285714285714285,11.142857142857142,14.142857142857142,15.285714285714286,7.285714285714286,21.428571428571427,5.285714285714286,1.0,0.5,11.0,6.0,5.0,1914.950252907914,1966.7989292974328
138,24.333333333333332,53.5,6.666666666666667,16.666666666666668,10.5,14.0,13.0,7.333333333333333,19.166666666666668,22.5,55.0,5.833333333333333,16.666666666666668,11.333333333333334,10.833333333333334,13.5,6.0,21.0,5.666666666666667,24.333333333333332,52.333333333333336,4.166666666666667,13.333333333333334,9.666666666666666,12.166666666666666,11.833333333333334,6.333333333333333,15.833333333333334,20.0,55.0,5.333333333333333,19.0,11.333333333333334,9.833333333333334,13.0,6.666666666666667,18.666666666666668,14.0,0.6666666666666666,1.0,5.0,12.0,-7.0,1952.0439338535095,1995.346048835847
139,26.0,57.5,6.375,16.375,12.375,11.625,8.5,4.25,15.625,22.875,58.375,5.625,18.25,13.125,10.625,10.625,4.25,19.625,10.625,25.0,53.714285714285715,6.0,16.142857142857142,10.285714285714286,13.857142857142858,10.857142857142858,5.857142857142857,16.857142857142858,22.285714285714285,49.57142857142857,4.142857142857143,12.428571428571429,6.714285714285714,10.857142857142858,10.714285714285714,5.285714285714286,16.285714285714285,5.142857142857143,1.0,0.75,4.0,13.0,-9.0,2025.268899369973,2149.071469707307
140,24.0,54.4,5.4,17.8,14.8,12.2,15.2,8.4,20.4,20.6,52.6,7.8,20.2,10.2,13.0,13.2,7.4,19.2,7.4,25.857142857142858,62.42857142857143,8.714285714285714,26.285714285714285,13.857142857142858,16.714285714285715,11.0,8.142857142857142,18.714285714285715,20.714285714285715,57.42857142857143,4.0,17.0,15.142857142857142,10.285714285714286,15.0,6.0,16.571428571428573,10.571428571428571,1.0,0.6,13.0,4.0,9.0,1606.21625606978,1727.323803293887
141,23.166666666666668,47.833333333333336,5.333333333333333,12.5,9.333333333333334,15.0,12.333333333333334,3.8333333333333335,19.833333333333332,20.0,52.666666666666664,4.833333333333333,15.833333333333334,11.5,10.166666666666666,9.0,5.333333333333333,17.5,5.5,24.857142857142858,54.714285714285715,5.142857142857143,15.428571428571429,11.857142857142858,14.285714285714286,12.857142857142858,9.0,19.0,19.857142857142858,49.714285714285715,5.142857142857143,15.857142857142858,11.428571428571429,10.0,17.857142857142858,6.428571428571429,19.857142857142858,11.142857142857142,0.6666666666666666,1.0,1.0,16.0,-15.0,2048.528227647515,2109.269777045957
142,22.571428571428573,53.57142857142857,6.857142857142857,18.857142857142858,11.142857142857142,12.571428571428571,9.428571428571429,5.428571428571429,14.428571428571429,21.0,55.714285714285715,4.714285714285714,18.0,10.428571428571429,10.571428571428571,10.142857142857142,4.142857142857143,17.571428571428573,12.0,24.75,54.0,6.25,20.75,9.25,12.125,11.25,5.25,16.0,25.5,59.0,5.75,16.375,12.25,11.875,11.375,6.625,17.625,3.0,1.0,0.4,12.0,5.0,7.0,1883.5531371971783,1947.058872637789
143,25.571428571428573,58.42857142857143,4.714285714285714,16.428571428571427,14.285714285714286,12.571428571428571,12.142857142857142,7.0,14.0,21.714285714285715,54.0,5.142857142857143,17.571428571428573,9.428571428571429,10.571428571428571,13.142857142857142,6.142857142857143,15.857142857142858,11.142857142857142,23.857142857142858,55.57142857142857,8.428571428571429,21.857142857142858,12.428571428571429,12.714285714285714,13.142857142857142,7.142857142857143,18.714285714285715,23.285714285714285,54.0,8.0,22.285714285714285,9.142857142857142,13.714285714285714,14.714285714285714,4.714285714285714,21.857142857142858,8.857142857142858,1.0,1.0,2.0,15.0,-13.0,2025.678204307999,2090.565094197328
144,24.714285714285715,58.42857142857143,7.428571428571429,18.714285714285715,11.571428571428571,16.0,8.428571428571429,5.857142857142857,14.571428571428571,24.857142857142858,56.42857142857143,6.142857142857143,15.714285714285714,10.857142857142858,12.428571428571429,11.857142857142858,4.142857142857143,16.857142857142858,6.142857142857143,22.125,48.5,6.5,17.125,9.125,11.125,10.375,4.0,14.0,22.375,50.875,6.25,19.5,9.875,13.875,9.0,4.875,15.375,-0.375,0.75,0.6666666666666666,7.0,10.0,-3.0,1923.8289311074927,1994.8770627905064
145,23.666666666666668,53.833333333333336,4.666666666666667,15.166666666666666,10.833333333333334,13.333333333333334,13.166666666666666,5.5,15.0,22.833333333333332,55.833333333333336,4.833333333333333,14.166666666666666,11.166666666666666,11.666666666666666,11.333333333333334,5.666666666666667,15.0,2.6666666666666665,21.0,53.5,5.5,17.0,11.0,13.0,11.375,5.125,17.625,21.375,53.375,4.5,15.5,8.375,12.25,9.5,6.625,17.375,1.375,0.3333333333333333,0.6,7.0,10.0,-3.0,1866.360514044343,1916.610938150446
146,20.5,53.0,6.833333333333333,19.166666666666668,13.5,13.666666666666666,10.666666666666666,3.8333333333333335,16.666666666666668,22.166666666666668,53.666666666666664,5.666666666666667,17.5,10.333333333333334,12.166666666666666,8.833333333333334,6.5,20.333333333333332,2.8333333333333335,24.0,55.833333333333336,7.0,17.666666666666668,10.666666666666666,14.666666666666666,13.666666666666666,9.5,19.333333333333332,21.0,53.5,5.833333333333333,17.5,11.666666666666666,12.666666666666666,16.166666666666668,7.0,17.166666666666668,5.666666666666667,0.6666666666666666,0.5,5.0,12.0,-7.0,1977.15122894998,2043.2063735167596
147,22.833333333333332,51.833333333333336,7.333333333333333,20.666666666666668,10.333333333333334,10.5,5.5,2.6666666666666665,15.0,22.5,45.0,8.0,15.666666666666666,5.666666666666667,11.0,7.833333333333333,2.3333333333333335,15.833333333333334,0.8333333333333334,27.833333333333332,59.5,9.833333333333334,24.0,15.0,16.166666666666668,11.666666666666666,12.166666666666666,18.166666666666668,19.666666666666668,48.5,4.5,16.5,10.833333333333334,9.833333333333334,18.166666666666668,5.833333333333333,18.333333333333332,25.666666666666668,0.3333333333333333,1.0,4.0,13.0,-9.0,1964.571231690436,2037.2021542625675
148,24.5,56.0,7.875,20.5,10.625,11.875,10.625,4.125,16.125,27.625,55.75,5.25,16.625,8.75,14.5,11.5,5.875,18.0,0.25,21.5,50.5,4.875,16.75,10.25,13.125,15.5,7.5,19.75,21.875,50.875,6.0,15.625,10.0,12.875,13.25,7.375,16.125,-1.625,0.8,0.8,5.0,12.0,-7.0,1925.725290893426,1978.192098813884
149,25.875,58.25,6.0,18.75,13.0,12.25,11.75,5.375,19.25,23.875,61.75,3.75,13.25,16.125,11.5,12.125,5.75,19.0,9.875,23.714285714285715,57.57142857142857,7.142857142857143,19.857142857142858,12.142857142857142,13.428571428571429,12.571428571428571,6.571428571428571,18.428571428571427,22.285714285714285,60.285714285714285,5.142857142857143,16.428571428571427,15.0,9.714285714285714,15.857142857142858,4.571428571428571,21.857142857142858,9.142857142857142,0.8,1.0,1.0,16.0,-15.0,2166.9028567730857,2224.191451761297
150,25.166666666666668,54.666666666666664,5.0,14.666666666666666,9.833333333333334,13.166666666666666,15.166666666666666,8.833333333333334,19.0,21.166666666666668,55.0,5.833333333333333,19.0,12.833333333333334,12.333333333333334,14.666666666666666,5.5,17.5,2.5,20.571428571428573,47.714285714285715,4.857142857142857,15.714285714285714,8.857142857142858,11.857142857142858,13.285714285714286,7.0,19.714285714285715,20.428571428571427,50.42857142857143,4.857142857142857,16.0,10.571428571428571,10.285714285714286,12.857142857142858,7.428571428571429,19.857142857142858,1.4285714285714286,0.3333333333333333,0.5,10.0,7.0,3.0,1891.5640807907428,1945.6053536053585
151,22.6,51.6,6.6,17.6,10.8,11.6,9.4,6.2,16.0,21.6,51.4,7.4,19.2,11.6,12.2,12.6,3.8,21.0,5.2,22.666666666666668,56.833333333333336,7.333333333333333,22.5,12.833333333333334,11.0,10.666666666666666,6.0,18.333333333333332,24.0,52.166666666666664,9.5,21.0,10.333333333333334,15.5,11.5,5.833333333333333,18.833333333333332,-8.0,0.5,0.0,8.0,9.0,-1.0,1748.8923702059965,1849.3262559550112
152,26.333333333333332,55.333333333333336,7.0,19.333333333333332,9.0,17.0,12.333333333333334,5.0,16.0,23.833333333333332,56.333333333333336,6.666666666666667,19.0,10.5,12.166666666666666,9.166666666666666,5.333333333333333,12.833333333333334,0.16666666666666666,27.0,56.833333333333336,7.833333333333333,16.666666666666668,11.5,17.833333333333332,13.666666666666666,8.0,19.666666666666668,23.333333333333332,56.5,4.666666666666667,17.0,11.0,11.666666666666666,13.333333333333334,6.833333333333333,17.166666666666668,9.5,0.3333333333333333,0.6666666666666666,9.0,8.0,1.0,1830.8611175159483,1907.0300657475427
153,27.5,56.125,7.0,17.75,12.625,16.5,13.375,6.0,19.375,22.625,55.125,5.0,18.375,8.5,11.0,11.375,6.75,20.125,12.75,18.666666666666668,46.333333333333336,5.166666666666667,17.833333333333332,9.833333333333334,6.0,10.5,4.0,16.833333333333332,20.5,54.666666666666664,7.0,21.833333333333332,11.0,11.666666666666666,10.166666666666666,4.0,21.0,4.833333333333333,1.0,1.0,1.0,16.0,-15.0,2189.41483177381,2231.980715100533
154,24.5,56.625,4.75,15.125,14.0,13.0,12.25,6.75,15.875,25.5,62.125,8.75,23.0,14.125,15.25,12.0,6.75,21.125,2.75,26.166666666666668,53.333333333333336,5.5,17.0,10.0,15.333333333333334,12.0,5.833333333333333,14.666666666666666,22.5,54.833333333333336,6.333333333333333,18.166666666666668,9.333333333333334,14.0,13.333333333333334,5.666666666666667,19.333333333333332,13.166666666666666,0.4,0.6666666666666666,11.0,6.0,5.0,1878.413651965292,1924.354653466634
155,22.166666666666668,50.833333333333336,8.333333333333334,22.166666666666668,6.5,12.833333333333334,9.0,5.333333333333333,16.333333333333332,23.166666666666668,56.833333333333336,6.333333333333333,20.666666666666668,12.0,14.333333333333334,10.166666666666666,5.0,15.833333333333334,2.3333333333333335,23.857142857142858,56.42857142857143,3.2857142857142856,15.285714285714286,12.0,11.142857142857142,10.571428571428571,7.857142857142857,19.857142857142858,22.714285714285715,52.142857142857146,5.857142857142857,17.714285714285715,9.571428571428571,11.857142857142858,12.714285714285714,6.0,18.428571428571427,-0.7142857142857143,0.6666666666666666,0.5,8.0,9.0,-1.0,1839.2283585901112,1917.5404345141908
156,26.625,61.875,5.375,14.25,15.875,14.375,13.875,4.5,15.125,25.875,62.0,6.625,20.25,11.75,12.375,11.375,8.875,18.125,3.875,30.0,63.166666666666664,7.333333333333333,19.166666666666668,16.5,16.833333333333332,15.333333333333334,7.833333333333333,15.5,30.5,68.66666666666667,5.333333333333333,18.833333333333332,15.0,14.5,14.666666666666666,6.833333333333333,21.166666666666668,10.5,0.8,1.0,2.0,15.0,-13.0,2031.5084272109984,2088.5214867643654
157,26.285714285714285,54.714285714285715,10.285714285714286,24.142857142857142,10.714285714285714,16.571428571428573,10.0,3.857142857142857,15.142857142857142,25.285714285714285,61.0,7.285714285714286,20.857142857142858,12.714285714285714,12.428571428571429,7.428571428571429,4.571428571428571,18.428571428571427,7.857142857142857,24.88888888888889,56.111111111111114,6.666666666666667,17.77777777777778,9.333333333333334,14.11111111111111,11.0,5.555555555555555,18.444444444444443,24.0,59.333333333333336,5.666666666666667,19.666666666666668,13.666666666666666,11.11111111111111,11.777777777777779,5.444444444444445,19.77777777777778,3.5555555555555554,0.75,0.6666666666666666,2.0,15.0,-13.0,2011.807138452619,2079.607851641133
158,26.25,53.625,7.5,16.5,11.125,13.0,9.125,6.125,14.5,23.5,54.5,7.5,20.875,9.25,11.25,10.875,3.5,19.5,12.5,24.5,51.875,8.625,18.875,10.125,13.0,13.125,6.5,20.0,23.5,58.125,7.5,24.375,14.25,12.0,12.125,5.0,20.0,4.375,1.0,1.0,1.0,16.0,-15.0,2113.008924667774,2187.869761558933
159,24.5,56.666666666666664,6.833333333333333,21.5,8.833333333333334,14.333333333333334,8.666666666666666,6.666666666666667,19.333333333333332,21.666666666666668,52.833333333333336,4.666666666666667,13.833333333333334,9.833333333333334,12.166666666666666,12.666666666666666,4.833333333333333,18.0,5.333333333333333,22.5,52.666666666666664,6.0,17.0,9.333333333333334,11.666666666666666,13.666666666666666,9.5,17.833333333333332,21.5,55.333333333333336,5.5,17.833333333333332,14.833333333333334,9.833333333333334,16.333333333333332,6.666666666666667,20.0,2.6666666666666665,0.3333333333333333,1.0,3.0,14.0,-11.0,2019.2064015674453,2090.3559468609114
160,28.166666666666668,59.666666666666664,6.666666666666667,17.666666666666668,14.0,17.5,13.166666666666666,9.166666666666666,16.333333333333332,24.5,61.666666666666664,5.333333333333333,20.666666666666668,16.166666666666668,13.166666666666666,14.333333333333334,6.833333333333333,17.666666666666668,10.833333333333334,20.5,45.166666666666664,6.666666666666667,18.666666666666668,7.166666666666667,11.0,14.5,5.666666666666667,16.833333333333332,20.333333333333332,54.166666666666664,7.5,22.833333333333332,12.5,10.166666666666666,13.166666666666666,6.166666666666667,20.833333333333332,4.0,0.6666666666666666,1.0,3.0,14.0,-11.0,2044.5297680459955,2102.636381900379
161,25.5,61.0,6.25,17.0,16.375,12.875,9.5,4.5,18.75,24.25,53.875,5.0,15.625,10.0,12.625,11.125,5.625,20.625,4.875,34.833333333333336,65.66666666666667,8.666666666666666,22.0,13.333333333333334,18.0,10.0,6.166666666666667,16.833333333333332,30.333333333333332,65.83333333333333,6.666666666666667,18.666666666666668,11.833333333333334,13.333333333333334,10.0,4.333333333333333,18.833333333333332,14.333333333333334,0.6,1.0,4.0,13.0,-9.0,2006.073258629276,2058.013123879424
162,21.4,50.0,7.8,21.2,8.4,12.4,11.0,6.6,20.2,24.2,51.2,4.8,13.0,11.4,11.2,12.6,6.6,19.2,1.2,18.2,49.2,5.4,20.2,10.2,9.4,12.4,5.2,17.2,22.2,51.8,5.4,16.0,11.0,10.6,10.8,6.6,14.2,-10.4,0.6666666666666666,0.0,11.0,6.0,5.0,1739.5726530687814,1806.323998960212
163,27.375,62.125,6.5,20.875,14.875,14.875,12.125,5.875,19.125,23.75,57.375,6.375,18.625,12.875,10.0,13.875,6.875,19.0,4.5,23.0,51.285714285714285,4.142857142857143,13.0,11.857142857142858,13.714285714285714,13.285714285714286,6.428571428571429,14.285714285714286,21.0,53.57142857142857,3.857142857142857,16.714285714285715,11.142857142857142,8.714285714285714,10.857142857142858,6.857142857142857,16.428571428571427,5.285714285714286,0.8,0.5,7.0,10.0,-3.0,1931.1185073028785,1979.6046492069124
164,25.5,56.25,7.5,22.25,11.25,12.75,8.25,6.5,17.25,18.75,48.75,5.75,18.75,9.0,10.25,12.25,4.5,16.25,14.25,23.166666666666668,47.833333333333336,5.333333333333333,12.5,9.333333333333334,15.0,12.333333333333334,3.8333333333333335,19.833333333333332,20.0,52.666666666666664,4.833333333333333,15.833333333333334,11.5,10.166666666666666,9.0,5.333333333333333,17.5,5.5,1.0,0.6666666666666666,8.0,1.0,7.0,1922.791047474056,1975.7828060194167
165,25.0,57.875,8.0,24.125,11.375,12.5,11.0,6.5,15.75,26.125,58.875,7.125,18.25,10.375,14.75,12.0,6.0,20.0,6.125,26.666666666666668,55.666666666666664,5.166666666666667,15.833333333333334,10.333333333333334,13.5,10.333333333333334,8.0,16.5,20.5,52.833333333333336,6.0,18.666666666666668,9.166666666666666,9.166666666666666,15.666666666666666,4.833333333333333,20.166666666666668,20.166666666666668,0.6,1.0,3.0,11.0,-8.0,1996.391976049495,2062.152270024281
166,25.88888888888889,58.666666666666664,4.666666666666667,15.444444444444445,14.11111111111111,10.444444444444445,12.11111111111111,7.444444444444445,15.666666666666666,24.88888888888889,58.22222222222222,6.888888888888889,19.88888888888889,12.222222222222221,12.777777777777779,12.444444444444445,6.555555555555555,18.444444444444443,4.666666666666667,24.571428571428573,53.42857142857143,5.857142857142857,17.571428571428573,12.0,14.142857142857142,12.714285714285714,5.571428571428571,17.571428571428573,22.285714285714285,54.57142857142857,6.0,18.857142857142858,11.857142857142858,12.714285714285714,11.142857142857142,6.714285714285714,16.571428571428573,4.714285714285714,0.7142857142857143,0.75,3.0,6.0,-3.0,1993.880770568422,2064.3074309556505
167,26.25,55.25,7.25,18.125,12.375,13.125,11.0,4.75,15.375,25.0,55.375,5.0,17.125,9.875,11.875,10.25,5.25,17.75,6.375,23.666666666666668,53.833333333333336,4.666666666666667,15.166666666666666,10.833333333333334,13.333333333333334,13.166666666666666,5.5,15.0,22.833333333333332,55.833333333333336,4.833333333333333,14.166666666666666,11.166666666666666,11.666666666666666,11.333333333333334,5.666666666666667,15.0,2.6666666666666665,0.8,0.3333333333333333,2.0,7.0,-5.0,1975.0312241570875,2058.0689587786496
168,26.0,57.5,6.375,16.375,12.375,11.625,8.5,4.25,15.625,22.875,58.375,5.625,18.25,13.125,10.625,10.625,4.25,19.625,10.625,20.5,53.0,6.833333333333333,19.166666666666668,13.5,13.666666666666666,10.666666666666666,3.8333333333333335,16.666666666666668,22.166666666666668,53.666666666666664,5.666666666666667,17.5,10.333333333333334,12.166666666666666,8.833333333333334,6.5,20.333333333333332,2.8333333333333335,1.0,0.6666666666666666,4.0,5.0,-1.0,2027.7790384785276,2151.8372354911257
169,22.571428571428573,53.57142857142857,6.857142857142857,18.857142857142858,11.142857142857142,12.571428571428571,9.428571428571429,5.428571428571429,14.428571428571429,21.0,55.714285714285715,4.714285714285714,18.0,10.428571428571429,10.571428571428571,10.142857142857142,4.142857142857143,17.571428571428573,12.0,24.0,54.4,5.4,17.8,14.8,12.2,15.2,8.4,20.4,20.6,52.6,7.8,20.2,10.2,13.0,13.2,7.4,19.2,7.4,1.0,1.0,12.0,13.0,-1.0,1900.3100724671851,1964.533711443633
170,25.571428571428573,58.42857142857143,4.714285714285714,16.428571428571427,14.285714285714286,12.571428571428571,12.142857142857142,7.0,14.0,21.714285714285715,54.0,5.142857142857143,17.571428571428573,9.428571428571429,10.571428571428571,13.142857142857142,6.142857142857143,15.857142857142858,11.142857142857142,24.714285714285715,58.42857142857143,7.428571428571429,18.714285714285715,11.571428571428571,16.0,8.428571428571429,5.857142857142857,14.571428571428571,24.857142857142858,56.42857142857143,6.142857142857143,15.714285714285714,10.857142857142858,12.428571428571429,11.857142857142858,4.142857142857143,16.857142857142858,6.142857142857143,1.0,0.75,2.0,7.0,-5.0,2028.1511867730933,2092.856631557379
171,22.833333333333332,51.833333333333336,7.333333333333333,20.666666666666668,10.333333333333334,10.5,5.5,2.6666666666666665,15.0,22.5,45.0,8.0,15.666666666666666,5.666666666666667,11.0,7.833333333333333,2.3333333333333335,15.833333333333334,0.8333333333333334,24.333333333333332,53.5,6.666666666666667,16.666666666666668,10.5,14.0,13.0,7.333333333333333,19.166666666666668,22.5,55.0,5.833333333333333,16.666666666666668,11.333333333333334,10.833333333333334,13.5,6.0,21.0,5.666666666666667,0.3333333333333333,0.6666666666666666,4.0,5.0,-1.0,1969.1209597502373,2043.5089191580223
172,24.5,56.0,7.875,20.5,10.625,11.875,10.625,4.125,16.125,27.625,55.75,5.25,16.625,8.75,14.5,11.5,5.875,18.0,0.25,25.5,61.0,6.25,17.0,16.375,12.875,9.5,4.5,18.75,24.25,53.875,5.0,15.625,10.0,12.625,11.125,5.625,20.625,4.875,0.8,0.6,5.0,4.0,1.0,1939.2913835248355,1989.157523349998
173,25.875,58.25,6.0,18.75,13.0,12.25,11.75,5.375,19.25,23.875,61.75,3.75,13.25,16.125,11.5,12.125,5.75,19.0,9.875,22.166666666666668,50.833333333333336,8.333333333333334,22.166666666666668,6.5,12.833333333333334,9.0,5.333333333333333,16.333333333333332,23.166666666666668,56.833333333333336,6.333333333333333,20.666666666666668,12.0,14.333333333333334,10.166666666666666,5.0,15.833333333333334,2.3333333333333335,0.8,0.6666666666666666,1.0,8.0,-7.0,2167.2673652881654,2224.889102446757
174,25.166666666666668,54.666666666666664,5.0,14.666666666666666,9.833333333333334,13.166666666666666,15.166666666666666,8.833333333333334,19.0,21.166666666666668,55.0,5.833333333333333,19.0,12.833333333333334,12.333333333333334,14.666666666666666,5.5,17.5,2.5,26.285714285714285,54.714285714285715,10.285714285714286,24.142857142857142,10.714285714285714,16.571428571428573,10.0,3.857142857142857,15.142857142857142,25.285714285714285,61.0,7.285714285714286,20.857142857142858,12.714285714285714,12.428571428571429,7.428571428571429,4.571428571428571,18.428571428571427,7.857142857142857,0.3333333333333333,0.75,10.0,2.0,8.0,1910.2893644429944,1964.271169321152
175,27.5,56.125,7.0,17.75,12.625,16.5,13.375,6.0,19.375,22.625,55.125,5.0,18.375,8.5,11.0,11.375,6.75,20.125,12.75,26.333333333333332,55.333333333333336,7.0,19.333333333333332,9.0,17.0,12.333333333333334,5.0,16.0,23.833333333333332,56.333333333333336,6.666666666666667,19.0,10.5,12.166666666666666,9.166666666666666,5.333333333333333,12.833333333333334,0.16666666666666666,1.0,0.3333333333333333,1.0,9.0,-8.0,2190.0899254712062,2233.065620360897
176,24.5,56.625,4.75,15.125,14.0,13.0,12.25,6.75,15.875,25.5,62.125,8.75,23.0,14.125,15.25,12.0,6.75,21.125,2.75,28.166666666666668,59.666666666666664,6.666666666666667,17.666666666666668,14.0,17.5,13.166666666666666,9.166666666666666,16.333333333333332,24.5,61.666666666666664,5.333333333333333,20.666666666666668,16.166666666666668,13.166666666666666,14.333333333333334,6.833333333333333,17.666666666666668,10.833333333333334,0.4,0.6666666666666666,11.0,3.0,8.0,1896.6948752104297,1941.4213647857584
177,26.625,61.875,5.375,14.25,15.875,14.375,13.875,4.5,15.125,25.875,62.0,6.625,20.25,11.75,12.375,11.375,8.875,18.125,3.875,27.375,62.125,6.5,20.875,14.875,14.875,12.125,5.875,19.125,23.75,57.375,6.375,18.625,12.875,10.0,13.875,6.875,19.0,4.5,0.8,0.8,2.0,7.0,-5.0,2033.0360380892596,2091.2386021134794
178,26.25,53.625,7.5,16.5,11.125,13.0,9.125,6.125,14.5,23.5,54.5,7.5,20.875,9.25,11.25,10.875,3.5,19.5,12.5,22.6,51.6,6.6,17.6,10.8,11.6,9.4,6.2,16.0,21.6,51.4,7.4,19.2,11.6,12.2,12.6,3.8,21.0,5.2,1.0,0.5,1.0,8.0,-7.0,2113.8522081677884,2188.919056435453
179,21.4,50.0,7.8,21.2,8.4,12.4,11.0,6.6,20.2,24.2,51.2,4.8,13.0,11.4,11.2,12.6,6.6,19.2,1.2,24.5,56.666666666666664,6.833333333333333,21.5,8.833333333333334,14.333333333333334,8.666666666666666,6.666666666666667,19.333333333333332,21.666666666666668,52.833333333333336,4.666666666666667,13.833333333333334,9.833333333333334,12.166666666666666,12.666666666666666,4.833333333333333,18.0,5.333333333333333,0.6666666666666666,0.3333333333333333,11.0,3.0,8.0,1763.1934856353955,1829.7125613956632
180,24.5,56.0,7.875,20.5,10.625,11.875,10.625,4.125,16.125,27.625,55.75,5.25,16.625,8.75,14.5,11.5,5.875,18.0,0.25,25.875,58.25,6.0,18.75,13.0,12.25,11.75,5.375,19.25,23.875,61.75,3.75,13.25,16.125,11.5,12.125,5.75,19.0,9.875,0.8,0.8,5.0,1.0,4.0,1958.5676395510848,2008.580642001465
181,25.5,56.25,7.5,22.25,11.25,12.75,8.25,6.5,17.25,18.75,48.75,5.75,18.75,9.0,10.25,12.25,4.5,16.25,14.25,22.833333333333332,51.833333333333336,7.333333333333333,20.666666666666668,10.333333333333334,10.5,5.5,2.6666666666666665,15.0,22.5,45.0,8.0,15.666666666666666,5.666666666666667,11.0,7.833333333333333,2.3333333333333335,15.833333333333334,0.8333333333333334,1.0,0.3333333333333333,8.0,4.0,4.0,1944.3785660722,1997.707642602584
182,25.88888888888889,58.666666666666664,4.666666666666667,15.444444444444445,14.11111111111111,10.444444444444445,12.11111111111111,7.444444444444445,15.666666666666666,24.88888888888889,58.22222222222222,6.888888888888889,19.88888888888889,12.222222222222221,12.777777777777779,12.444444444444445,6.555555555555555,18.444444444444443,4.666666666666667,25.571428571428573,58.42857142857143,4.714285714285714,16.428571428571427,14.285714285714286,12.571428571428571,12.142857142857142,7.0,14.0,21.714285714285715,54.0,5.142857142857143,17.571428571428573,9.428571428571429,10.571428571428571,13.142857142857142,6.142857142857143,15.857142857142858,11.142857142857142,0.7142857142857143,1.0,3.0,2.0,1.0,2006.295673962748,2076.625734624472
183,26.25,55.25,7.25,18.125,12.375,13.125,11.0,4.75,15.375,25.0,55.375,5.0,17.125,9.875,11.875,10.25,5.25,17.75,6.375,25.0,57.875,8.0,24.125,11.375,12.5,11.0,6.5,15.75,26.125,58.875,7.125,18.25,10.375,14.75,12.0,6.0,20.0,6.125,0.8,0.6,2.0,3.0,-1.0,1986.9475408198923,2068.6533824470853
184,27.5,56.125,7.0,17.75,12.625,16.5,13.375,6.0,19.375,22.625,55.125,5.0,18.375,8.5,11.0,11.375,6.75,20.125,12.75,22.571428571428573,53.57142857142857,6.857142857142857,18.857142857142858,11.142857142857142,12.571428571428571,9.428571428571429,5.428571428571429,14.428571428571429,21.0,55.714285714285715,4.714285714285714,18.0,10.428571428571429,10.571428571428571,10.142857142857142,4.142857142857143,17.571428571428573,12.0,1.0,1.0,1.0,12.0,-11.0,2194.038348773775,2237.712292976195
185,26.0,57.5,6.375,16.375,12.375,11.625,8.5,4.25,15.625,22.875,58.375,5.625,18.25,13.125,10.625,10.625,4.25,19.625,10.625,26.25,53.625,7.5,16.5,11.125,13.0,9.125,6.125,14.5,23.5,54.5,7.5,20.875,9.25,11.25,10.875,3.5,19.5,12.5,1.0,1.0,4.0,1.0,3.0,2042.0037370036785,2163.400372433341
186,26.625,61.875,5.375,14.25,15.875,14.375,13.875,4.5,15.125,25.875,62.0,6.625,20.25,11.75,12.375,11.375,8.875,18.125,3.875,24.5,56.625,4.75,15.125,14.0,13.0,12.25,6.75,15.875,25.5,62.125,8.75,23.0,14.125,15.25,12.0,6.75,21.125,2.75,0.8,0.4,2.0,11.0,-9.0,2044.9061092997256,2102.764670479545
187,21.4,50.0,7.8,21.2,8.4,12.4,11.0,6.6,20.2,24.2,51.2,4.8,13.0,11.4,11.2,12.6,6.6,19.2,1.2,25.166666666666668,54.666666666666664,5.0,14.666666666666666,9.833333333333334,13.166666666666666,15.166666666666666,8.833333333333334,19.0,21.166666666666668,55.0,5.833333333333333,19.0,12.833333333333334,12.333333333333334,14.666666666666666,5.5,17.5,2.5,0.6666666666666666,0.3333333333333333,11.0,10.0,1.0,1789.2784489464875,1855.9308311777493
188,25.5,56.25,7.5,22.25,11.25,12.75,8.25,6.5,17.25,18.75,48.75,5.75,18.75,9.0,10.25,12.25,4.5,16.25,14.25,26.25,55.25,7.25,18.125,12.375,13.125,11.0,4.75,15.375,25.0,55.375,5.0,17.125,9.875,11.875,10.25,5.25,17.75,6.375,1.0,0.8,8.0,2.0,6.0,1962.2386178543863,2016.455360710988
189,25.88888888888889,58.666666666666664,4.666666666666667,15.444444444444445,14.11111111111111,10.444444444444445,12.11111111111111,7.444444444444445,15.666666666666666,24.88888888888889,58.22222222222222,6.888888888888889,19.88888888888889,12.222222222222221,12.777777777777779,12.444444444444445,6.555555555555555,18.444444444444443,4.666666666666667,24.5,56.0,7.875,20.5,10.625,11.875,10.625,4.125,16.125,27.625,55.75,5.25,16.625,8.75,14.5,11.5,5.875,18.0,0.25,0.7142857142857143,0.8,3.0,5.0,-2.0,2023.841678922701,2093.927981687068
190,26.0,57.5,6.375,16.375,12.375,11.625,8.5,4.25,15.625,22.875,58.375,5.625,18.25,13.125,10.625,10.625,4.25,19.625,10.625,26.625,61.875,5.375,14.25,15.875,14.375,13.875,4.5,15.125,25.875,62.0,6.625,20.25,11.75,12.375,11.375,8.875,18.125,3.875,1.0,0.8,4.0,2.0,2.0,2061.438415126983,2180.7752030270053
191,21.4,50.0,7.8,21.2,8.4,12.4,11.0,6.6,20.2,24.2,51.2,4.8,13.0,11.4,11.2,12.6,6.6,19.2,1.2,27.5,56.125,7.0,17.75,12.625,16.5,13.375,6.0,19.375,22.625,55.125,5.0,18.375,8.5,11.0,11.375,6.75,20.125,12.75,0.6666666666666666,1.0,11.0,1.0,10.0,1811.4657854928453,1877.638718727313
192,25.5,56.25,7.5,22.25,11.25,12.75,8.25,6.5,17.25,18.75,48.75,5.75,18.75,9.0,10.25,12.25,4.5,16.25,14.25,21.4,50.0,7.8,21.2,8.4,12.4,11.0,6.6,20.2,24.2,51.2,4.8,13.0,11.4,11.2,12.6,6.6,19.2,1.2,1.0,0.6666666666666666,8.0,11.0,-3.0,1980.1516092874008,2035.5682970405303
193,25.88888888888889,58.666666666666664,4.666666666666667,15.444444444444445,14.11111111111111,10.444444444444445,12.11111111111111,7.444444444444445,15.666666666666666,24.88888888888889,58.22222222222222,6.888888888888889,19.88888888888889,12.222222222222221,12.777777777777779,12.444444444444445,6.555555555555555,18.444444444444443,4.666666666666667,26.0,57.5,6.375,16.375,12.375,11.625,8.5,4.25,15.625,22.875,58.375,5.625,18.25,13.125,10.625,10.625,4.25,19.625,10.625,0.7142857142857143,1.0,3.0,4.0,-1.0,2037.9838682651143,2107.1768247499485
194,25.88888888888889,58.666666666666664,4.666666666666667,15.444444444444445,14.11111111111111,10.444444444444445,12.11111111111111,7.444444444444445,15.666666666666666,24.88888888888889,58.22222222222222,6.888888888888889,19.88888888888889,12.222222222222221,12.777777777777779,12.444444444444445,6.555555555555555,18.444444444444443,4.666666666666667,25.5,56.25,7.5,22.25,11.25,12.75,8.25,6.5,17.25,18.75,48.75,5.75,18.75,9.0,10.25,12.25,4.5,16.25,14.25,0.7142857142857143,1.0,3.0,8.0,-5.0,2055.7803232755778,2127.080133580761
195,24.2,57.6,7.2,25.2,13.8,13.8,9.0,3.8,19.6,18.4,48.8,5.0,16.4,9.6,7.8,10.4,3.8,17.8,6.4,24.0,55.833333333333336,7.0,17.666666666666668,10.666666666666666,14.666666666666666,13.666666666666666,9.5,19.333333333333332,21.0,53.5,5.833333333333333,17.5,11.666666666666666,12.666666666666666,16.166666666666668,7.0,17.166666666666668,5.666666666666667,0.6666666666666666,0.5,12.0,12.0,0.0,1787.601283149741,1868.540378650618
196,23.25,56.0,6.0,18.25,10.5,11.25,10.125,7.0,22.875,20.625,48.375,4.375,14.125,10.75,11.0,14.5,3.875,18.875,1.375,24.857142857142858,54.714285714285715,5.142857142857143,15.428571428571429,11.857142857142858,14.285714285714286,12.857142857142858,9.0,19.0,19.857142857142858,49.714285714285715,5.142857142857143,15.857142857142858,11.428571428571429,10.0,17.857142857142858,6.428571428571429,19.857142857142858,11.142857142857142,0.8,1.0,16.0,16.0,0.0,1479.9034162650153,1599.399120144178
197,21.77777777777778,50.0,5.0,11.777777777777779,13.11111111111111,12.444444444444445,14.777777777777779,7.111111111111111,21.666666666666668,18.0,48.333333333333336,4.888888888888889,14.555555555555555,9.777777777777779,9.444444444444445,14.0,6.111111111111111,21.444444444444443,10.444444444444445,24.5,51.875,8.625,18.875,10.125,13.0,13.125,6.5,20.0,23.5,58.125,7.5,24.375,14.25,12.0,12.125,5.0,20.0,4.375,0.8333333333333334,1.0,16.0,16.0,0.0,1266.2810645484735,1465.6808929604013
198,23.571428571428573,51.857142857142854,6.0,17.142857142857142,9.0,11.0,10.0,5.428571428571429,18.857142857142858,21.428571428571427,53.42857142857143,4.0,14.571428571428571,9.428571428571429,8.285714285714286,9.857142857142858,3.857142857142857,17.714285714285715,6.142857142857143,21.4,50.0,7.8,21.2,8.4,12.4,11.0,6.6,20.2,24.2,51.2,4.8,13.0,11.4,11.2,12.6,6.6,19.2,1.2,0.5,0.6666666666666666,11.0,11.0,0.0,1822.29469278943,1860.5477635741397
199,25.833333333333332,51.166666666666664,5.166666666666667,14.166666666666666,14.5,14.833333333333334,11.666666666666666,6.0,12.666666666666666,21.333333333333332,52.666666666666664,9.5,26.0,8.166666666666666,15.5,9.5,5.666666666666667,18.0,11.333333333333334,25.5,56.25,7.5,22.25,11.25,12.75,8.25,6.5,17.25,18.75,48.75,5.75,18.75,9.0,10.25,12.25,4.5,16.25,14.25,1.0,1.0,9.0,8.0,1.0,1845.5912139028587,1933.277985986178
200,28.166666666666668,57.0,6.833333333333333,13.666666666666666,13.166666666666666,12.333333333333334,8.333333333333334,5.166666666666667,17.0,22.333333333333332,55.5,4.833333333333333,15.666666666666666,11.333333333333334,8.5,9.166666666666666,4.5,19.5,15.833333333333334,25.0,57.875,8.0,24.125,11.375,12.5,11.0,6.5,15.75,26.125,58.875,7.125,18.25,10.375,14.75,12.0,6.0,20.0,6.125,1.0,0.6,14.0,3.0,11.0,1652.8144579575903,1748.931845488029
201,24.0,58.142857142857146,6.0,18.571428571428573,11.285714285714286,14.142857142857142,13.142857142857142,10.0,21.142857142857142,25.714285714285715,54.714285714285715,5.857142857142857,15.0,12.857142857142858,16.428571428571427,18.285714285714285,5.0,18.857142857142858,-1.7142857142857142,24.571428571428573,53.42857142857143,5.857142857142857,17.571428571428573,12.0,14.142857142857142,12.714285714285714,5.571428571428571,17.571428571428573,22.285714285714285,54.57142857142857,6.0,18.857142857142858,11.857142857142858,12.714285714285714,11.142857142857142,6.714285714285714,16.571428571428573,4.714285714285714,0.25,0.75,11.0,6.0,5.0,1891.6834395450103,1946.752679474168
202,25.0,56.333333333333336,6.666666666666667,17.5,9.166666666666666,14.833333333333334,11.333333333333334,6.166666666666667,18.0,20.333333333333332,56.666666666666664,5.166666666666667,20.0,11.833333333333334,9.833333333333334,13.0,6.666666666666667,19.333333333333332,13.833333333333334,25.88888888888889,58.666666666666664,4.666666666666667,15.444444444444445,14.11111111111111,10.444444444444445,12.11111111111111,7.444444444444445,15.666666666666666,24.88888888888889,58.22222222222222,6.888888888888889,19.88888888888889,12.222222222222221,12.777777777777779,12.444444444444445,6.555555555555555,18.444444444444443,4.666666666666667,1.0,0.7142857142857143,14.0,3.0,11.0,1528.7087243793133,1678.7248817950326
203,22.0,51.285714285714285,7.0,17.857142857142858,8.0,13.0,14.142857142857142,6.571428571428571,21.428571428571427,19.285714285714285,58.57142857142857,5.428571428571429,18.857142857142858,15.142857142857142,8.428571428571429,11.142857142857142,6.285714285714286,19.285714285714285,2.5714285714285716,26.25,55.25,7.25,18.125,12.375,13.125,11.0,4.75,15.375,25.0,55.375,5.0,17.125,9.875,11.875,10.25,5.25,17.75,6.375,1.0,0.8,15.0,2.0,13.0,1553.18938168771,1658.9259263416586
204,23.714285714285715,52.0,4.571428571428571,14.0,12.428571428571429,11.571428571428571,13.714285714285714,7.857142857142857,19.142857142857142,22.0,52.0,7.285714285714286,19.285714285714285,11.142857142857142,14.142857142857142,15.285714285714286,7.285714285714286,21.428571428571427,5.285714285714286,26.666666666666668,55.666666666666664,5.166666666666667,15.833333333333334,10.333333333333334,13.5,10.333333333333334,8.0,16.5,20.5,52.833333333333336,6.0,18.666666666666668,9.166666666666666,9.166666666666666,15.666666666666666,4.833333333333333,20.166666666666668,20.166666666666668,0.5,1.0,6.0,11.0,-5.0,1889.975118685616,1959.9250615783556
205,24.333333333333332,52.333333333333336,4.166666666666667,13.333333333333334,9.666666666666666,12.166666666666666,11.833333333333334,6.333333333333333,15.833333333333334,20.0,55.0,5.333333333333333,19.0,11.333333333333334,9.833333333333334,13.0,6.666666666666667,18.666666666666668,14.0,24.333333333333332,53.5,6.666666666666667,16.666666666666668,10.5,14.0,13.0,7.333333333333333,19.166666666666668,22.5,55.0,5.833333333333333,16.666666666666668,11.333333333333334,10.833333333333334,13.5,6.0,21.0,5.666666666666667,1.0,0.6666666666666666,12.0,5.0,7.0,1895.512250120448,1966.1431179119736
206,25.0,53.714285714285715,6.0,16.142857142857142,10.285714285714286,13.857142857142858,10.857142857142858,5.857142857142857,16.857142857142858,22.285714285714285,49.57142857142857,4.142857142857143,12.428571428571429,6.714285714285714,10.857142857142858,10.714285714285714,5.285714285714286,16.285714285714285,5.142857142857143,26.0,57.5,6.375,16.375,12.375,11.625,8.5,4.25,15.625,22.875,58.375,5.625,18.25,13.125,10.625,10.625,4.25,19.625,10.625,0.75,1.0,13.0,4.0,9.0,1597.2789258699663,1739.4409406847988
207,25.857142857142858,62.42857142857143,8.714285714285714,26.285714285714285,13.857142857142858,16.714285714285715,11.0,8.142857142857142,18.714285714285715,20.714285714285715,57.42857142857143,4.0,17.0,15.142857142857142,10.285714285714286,15.0,6.0,16.571428571428573,10.571428571428571,24.0,54.4,5.4,17.8,14.8,12.2,15.2,8.4,20.4,20.6,52.6,7.8,20.2,10.2,13.0,13.2,7.4,19.2,7.4,0.6,1.0,4.0,13.0,-9.0,1985.7859362127692,2052.400387400366
208,24.857142857142858,54.714285714285715,5.142857142857143,15.428571428571429,11.857142857142858,14.285714285714286,12.857142857142858,9.0,19.0,19.857142857142858,49.714285714285715,5.142857142857143,15.857142857142858,11.428571428571429,10.0,17.857142857142858,6.428571428571429,19.857142857142858,11.142857142857142,23.166666666666668,47.833333333333336,5.333333333333333,12.5,9.333333333333334,15.0,12.333333333333334,3.8333333333333335,19.833333333333332,20.0,52.666666666666664,4.833333333333333,15.833333333333334,11.5,10.166666666666666,9.0,5.333333333333333,17.5,5.5,1.0,0.6666666666666666,16.0,1.0,15.0,1437.480929180313,1596.2463625821888
209,24.75,54.0,6.25,20.75,9.25,12.125,11.25,5.25,16.0,25.5,59.0,5.75,16.375,12.25,11.875,11.375,6.625,17.625,3.0,22.571428571428573,53.57142857142857,6.857142857142857,18.857142857142858,11.142857142857142,12.571428571428571,9.428571428571429,5.428571428571429,14.428571428571429,21.0,55.714285714285715,4.714285714285714,18.0,10.428571428571429,10.571428571428571,10.142857142857142,4.142857142857143,17.571428571428573,12.0,0.4,1.0,5.0,12.0,-7.0,1900.0020564621816,1979.1757596943253
210,23.857142857142858,55.57142857142857,8.428571428571429,21.857142857142858,12.428571428571429,12.714285714285714,13.142857142857142,7.142857142857143,18.714285714285715,23.285714285714285,54.0,8.0,22.285714285714285,9.142857142857142,13.714285714285714,14.714285714285714,4.714285714285714,21.857142857142858,8.857142857142858,25.571428571428573,58.42857142857143,4.714285714285714,16.428571428571427,14.285714285714286,12.571428571428571,12.142857142857142,7.0,14.0,21.714285714285715,54.0,5.142857142857143,17.571428571428573,9.428571428571429,10.571428571428571,13.142857142857142,6.142857142857143,15.857142857142858,11.142857142857142,1.0,1.0,15.0,2.0,13.0,1594.8787863104635,1645.4637996910733
211,22.125,48.5,6.5,17.125,9.125,11.125,10.375,4.0,14.0,22.375,50.875,6.25,19.5,9.875,13.875,9.0,4.875,15.375,-0.375,24.714285714285715,58.42857142857143,7.428571428571429,18.714285714285715,11.571428571428571,16.0,8.428571428571429,5.857142857142857,14.571428571428571,24.857142857142858,56.42857142857143,6.142857142857143,15.714285714285714,10.857142857142858,12.428571428571429,11.857142857142858,4.142857142857143,16.857142857142858,6.142857142857143,0.6666666666666666,0.75,10.0,7.0,3.0,1821.4075846209496,1900.9543788570336
212,21.0,53.5,5.5,17.0,11.0,13.0,11.375,5.125,17.625,21.375,53.375,4.5,15.5,8.375,12.25,9.5,6.625,17.375,1.375,23.666666666666668,53.833333333333336,4.666666666666667,15.166666666666666,10.833333333333334,13.333333333333334,13.166666666666666,5.5,15.0,22.833333333333332,55.833333333333336,4.833333333333333,14.166666666666666,11.166666666666666,11.666666666666666,11.333333333333334,5.666666666666667,15.0,2.6666666666666665,0.6,0.3333333333333333,10.0,7.0,3.0,1909.801657459927,1983.2780355936047
213,24.0,55.833333333333336,7.0,17.666666666666668,10.666666666666666,14.666666666666666,13.666666666666666,9.5,19.333333333333332,21.0,53.5,5.833333333333333,17.5,11.666666666666666,12.666666666666666,16.166666666666668,7.0,17.166666666666668,5.666666666666667,20.5,53.0,6.833333333333333,19.166666666666668,13.5,13.666666666666666,10.666666666666666,3.8333333333333335,16.666666666666668,22.166666666666668,53.666666666666664,5.666666666666667,17.5,10.333333333333334,12.166666666666666,8.833333333333334,6.5,20.333333333333332,2.8333333333333335,0.5,0.6666666666666666,12.0,5.0,7.0,1886.5155509953504,1898.4758066491431
214,27.833333333333332,59.5,9.833333333333334,24.0,15.0,16.166666666666668,11.666666666666666,12.166666666666666,18.166666666666668,19.666666666666668,48.5,4.5,16.5,10.833333333333334,9.833333333333334,18.166666666666668,5.833333333333333,18.333333333333332,25.666666666666668,22.833333333333332,51.833333333333336,7.333333333333333,20.666666666666668,10.333333333333334,10.5,5.5,2.6666666666666665,15.0,22.5,45.0,8.0,15.666666666666666,5.666666666666667,11.0,7.833333333333333,2.3333333333333335,15.833333333333334,0.8333333333333334,1.0,0.3333333333333333,13.0,4.0,9.0,1652.346746954281,1793.1972945425337
215,21.5,50.5,4.875,16.75,10.25,13.125,15.5,7.5,19.75,21.875,50.875,6.0,15.625,10.0,12.875,13.25,7.375,16.125,-1.625,24.5,56.0,7.875,20.5,10.625,11.875,10.625,4.125,16.125,27.625,55.75,5.25,16.625,8.75,14.5,11.5,5.875,18.0,0.25,0.8,0.8,12.0,5.0,7.0,1872.460241839248,1865.028778518192
216,23.714285714285715,57.57142857142857,7.142857142857143,19.857142857142858,12.142857142857142,13.428571428571429,12.571428571428571,6.571428571428571,18.428571428571427,22.285714285714285,60.285714285714285,5.142857142857143,16.428571428571427,15.0,9.714285714285714,15.857142857142858,4.571428571428571,21.857142857142858,9.142857142857142,25.875,58.25,6.0,18.75,13.0,12.25,11.75,5.375,19.25,23.875,61.75,3.75,13.25,16.125,11.5,12.125,5.75,19.0,9.875,1.0,0.8,16.0,1.0,15.0,1391.5160936099717,1563.415888436024
217,20.571428571428573,47.714285714285715,4.857142857142857,15.714285714285714,8.857142857142858,11.857142857142858,13.285714285714286,7.0,19.714285714285715,20.428571428571427,50.42857142857143,4.857142857142857,16.0,10.571428571428571,10.285714285714286,12.857142857142858,7.428571428571429,19.857142857142858,1.4285714285714286,25.166666666666668,54.666666666666664,5.0,14.666666666666666,9.833333333333334,13.166666666666666,15.166666666666666,8.833333333333334,19.0,21.166666666666668,55.0,5.833333333333333,19.0,12.833333333333334,12.333333333333334,14.666666666666666,5.5,17.5,2.5,0.5,0.3333333333333333,7.0,10.0,-3.0,1951.325342887784,2004.0375619389629
218,22.666666666666668,56.833333333333336,7.333333333333333,22.5,12.833333333333334,11.0,10.666666666666666,6.0,18.333333333333332,24.0,52.166666666666664,9.5,21.0,10.333333333333334,15.5,11.5,5.833333333333333,18.833333333333332,-8.0,22.6,51.6,6.6,17.6,10.8,11.6,9.4,6.2,16.0,21.6,51.4,7.4,19.2,11.6,12.2,12.6,3.8,21.0,5.2,0.0,0.5,9.0,8.0,1.0,1900.3116192338705,1962.3874257030943
219,27.0,56.833333333333336,7.833333333333333,16.666666666666668,11.5,17.833333333333332,13.666666666666666,8.0,19.666666666666668,23.333333333333332,56.5,4.666666666666667,17.0,11.0,11.666666666666666,13.333333333333334,6.833333333333333,17.166666666666668,9.5,26.333333333333332,55.333333333333336,7.0,19.333333333333332,9.0,17.0,12.333333333333334,5.0,16.0,23.833333333333332,56.333333333333336,6.666666666666667,19.0,10.5,12.166666666666666,9.166666666666666,5.333333333333333,12.833333333333334,0.16666666666666666,0.6666666666666666,0.3333333333333333,8.0,9.0,-1.0,1888.1674573261328,1952.6375101492524
220,18.666666666666668,46.333333333333336,5.166666666666667,17.833333333333332,9.833333333333334,6.0,10.5,4.0,16.833333333333332,20.5,54.666666666666664,7.0,21.833333333333332,11.0,11.666666666666666,10.166666666666666,4.0,21.0,4.833333333333333,27.5,56.125,7.0,17.75,12.625,16.5,13.375,6.0,19.375,22.625,55.125,5.0,18.375,8.5,11.0,11.375,6.75,20.125,12.75,1.0,1.0,16.0,1.0,15.0,1522.8045409140336,1650.0692083901438
221,26.166666666666668,53.333333333333336,5.5,17.0,10.0,15.333333333333334,12.0,5.833333333333333,14.666666666666666,22.5,54.833333333333336,6.333333333333333,18.166666666666668,9.333333333333334,14.0,13.333333333333334,5.666666666666667,19.333333333333332,13.166666666666666,24.5,56.625,4.75,15.125,14.0,13.0,12.25,6.75,15.875,25.5,62.125,8.75,23.0,14.125,15.25,12.0,6.75,21.125,2.75,0.6666666666666666,0.4,6.0,11.0,-5.0,1928.2895972715855,1947.5524062023312
222,23.857142857142858,56.42857142857143,3.2857142857142856,15.285714285714286,12.0,11.142857142857142,10.571428571428571,7.857142857142857,19.857142857142858,22.714285714285715,52.142857142857146,5.857142857142857,17.714285714285715,9.571428571428571,11.857142857142858,12.714285714285714,6.0,18.428571428571427,-0.7142857142857143,22.166666666666668,50.833333333333336,8.333333333333334,22.166666666666668,6.5,12.833333333333334,9.0,5.333333333333333,16.333333333333332,23.166666666666668,56.833333333333336,6.333333333333333,20.666666666666668,12.0,14.333333333333334,10.166666666666666,5.0,15.833333333333334,2.3333333333333335,0.5,0.6666666666666666,9.0,8.0,1.0,1861.488147410444,1936.1260990728729
223,30.0,63.166666666666664,7.333333333333333,19.166666666666668,16.5,16.833333333333332,15.333333333333334,7.833333333333333,15.5,30.5,68.66666666666667,5.333333333333333,18.833333333333332,15.0,14.5,14.666666666666666,6.833333333333333,21.166666666666668,10.5,26.625,61.875,5.375,14.25,15.875,14.375,13.875,4.5,15.125,25.875,62.0,6.625,20.25,11.75,12.375,11.375,8.875,18.125,3.875,1.0,0.8,15.0,2.0,13.0,1511.5509219659966,1675.5191743910225
224,24.88888888888889,56.111111111111114,6.666666666666667,17.77777777777778,9.333333333333334,14.11111111111111,11.0,5.555555555555555,18.444444444444443,24.0,59.333333333333336,5.666666666666667,19.666666666666668,13.666666666666666,11.11111111111111,11.777777777777779,5.444444444444445,19.77777777777778,3.5555555555555554,26.285714285714285,54.714285714285715,10.285714285714286,24.142857142857142,10.714285714285714,16.571428571428573,10.0,3.857142857142857,15.142857142857142,25.285714285714285,61.0,7.285714285714286,20.857142857142858,12.714285714285714,12.428571428571429,7.428571428571429,4.571428571428571,18.428571428571427,7.857142857142857,0.6666666666666666,0.75,15.0,2.0,13.0,1675.1861189413864,1759.7375848321149
225,24.5,51.875,8.625,18.875,10.125,13.0,13.125,6.5,20.0,23.5,58.125,7.5,24.375,14.25,12.0,12.125,5.0,20.0,4.375,26.25,53.625,7.5,16.5,11.125,13.0,9.125,6.125,14.5,23.5,54.5,7.5,20.875,9.25,11.25,10.875,3.5,19.5,12.5,1.0,1.0,16.0,1.0,15.0,1485.977692768022,1599.960563427954
226,22.5,52.666666666666664,6.0,17.0,9.333333333333334,11.666666666666666,13.666666666666666,9.5,17.833333333333332,21.5,55.333333333333336,5.5,17.833333333333332,14.833333333333334,9.833333333333334,16.333333333333332,6.666666666666667,20.0,2.6666666666666665,24.5,56.666666666666664,6.833333333333333,21.5,8.833333333333334,14.333333333333334,8.666666666666666,6.666666666666667,19.333333333333332,21.666666666666668,52.833333333333336,4.666666666666667,13.833333333333334,9.833333333333334,12.166666666666666,12.666666666666666,4.833333333333333,18.0,5.333333333333333,1.0,0.3333333333333333,14.0,3.0,11.0,1525.199543729542,1617.598623841936
227,20.5,45.166666666666664,6.666666666666667,18.666666666666668,7.166666666666667,11.0,14.5,5.666666666666667,16.833333333333332,20.333333333333332,54.166666666666664,7.5,22.833333333333332,12.5,10.166666666666666,13.166666666666666,6.166666666666667,20.833333333333332,4.0,28.166666666666668,59.666666666666664,6.666666666666667,17.666666666666668,14.0,17.5,13.166666666666666,9.166666666666666,16.333333333333332,24.5,61.666666666666664,5.333333333333333,20.666666666666668,16.166666666666668,13.166666666666666,14.333333333333334,6.833333333333333,17.666666666666668,10.833333333333334,1.0,0.6666666666666666,14.0,3.0,11.0,1732.013910608456,1732.3616030088951
228,34.833333333333336,65.66666666666667,8.666666666666666,22.0,13.333333333333334,18.0,10.0,6.166666666666667,16.833333333333332,30.333333333333332,65.83333333333333,6.666666666666667,18.666666666666668,11.833333333333334,13.333333333333334,10.0,4.333333333333333,18.833333333333332,14.333333333333334,25.5,61.0,6.25,17.0,16.375,12.875,9.5,4.5,18.75,24.25,53.875,5.0,15.625,10.0,12.625,11.125,5.625,20.625,4.875,1.0,0.6,13.0,4.0,9.0,1728.350710335474,1825.3130511242969
229,18.2,49.2,5.4,20.2,10.2,9.4,12.4,5.2,17.2,22.2,51.8,5.4,16.0,11.0,10.6,10.8,6.6,14.2,-10.4,21.4,50.0,7.8,21.2,8.4,12.4,11.0,6.6,20.2,24.2,51.2,4.8,13.0,11.4,11.2,12.6,6.6,19.2,1.2,0.0,0.6666666666666666,6.0,11.0,-5.0,1919.6103860919852,1979.895147678832
230,23.0,51.285714285714285,4.142857142857143,13.0,11.857142857142858,13.714285714285714,13.285714285714286,6.428571428571429,14.285714285714286,21.0,53.57142857142857,3.857142857142857,16.714285714285715,11.142857142857142,8.714285714285714,10.857142857142858,6.857142857142857,16.428571428571427,5.285714285714286,27.375,62.125,6.5,20.875,14.875,14.875,12.125,5.875,19.125,23.75,57.375,6.375,18.625,12.875,10.0,13.875,6.875,19.0,4.5,0.5,0.8,10.0,7.0,3.0,1798.2241648800532,1886.821359011526
231,23.166666666666668,47.833333333333336,5.333333333333333,12.5,9.333333333333334,15.0,12.333333333333334,3.8333333333333335,19.833333333333332,20.0,52.666666666666664,4.833333333333333,15.833333333333334,11.5,10.166666666666666,9.0,5.333333333333333,17.5,5.5,25.5,56.25,7.5,22.25,11.25,12.75,8.25,6.5,17.25,18.75,48.75,5.75,18.75,9.0,10.25,12.25,4.5,16.25,14.25,0.6666666666666666,1.0,1.0,8.0,-7.0,2049.4504418842,2110.856512422664
232,26.666666666666668,55.666666666666664,5.166666666666667,15.833333333333334,10.333333333333334,13.5,10.333333333333334,8.0,16.5,20.5,52.833333333333336,6.0,18.666666666666668,9.166666666666666,9.166666666666666,15.666666666666666,4.833333333333333,20.166666666666668,20.166666666666668,25.0,57.875,8.0,24.125,11.375,12.5,11.0,6.5,15.75,26.125,58.875,7.125,18.25,10.375,14.75,12.0,6.0,20.0,6.125,1.0,0.6,11.0,3.0,8.0,1929.802082454344,1982.4824172869287
233,24.571428571428573,53.42857142857143,5.857142857142857,17.571428571428573,12.0,14.142857142857142,12.714285714285714,5.571428571428571,17.571428571428573,22.285714285714285,54.57142857142857,6.0,18.857142857142858,11.857142857142858,12.714285714285714,11.142857142857142,6.714285714285714,16.571428571428573,4.714285714285714,25.88888888888889,58.666666666666664,4.666666666666667,15.444444444444445,14.11111111111111,10.444444444444445,12.11111111111111,7.444444444444445,15.666666666666666,24.88888888888889,58.22222222222222,6.888888888888889,19.88888888888889,12.222222222222221,12.777777777777779,12.444444444444445,6.555555555555555,18.444444444444443,4.666666666666667,0.75,0.7142857142857143,6.0,3.0,3.0,1914.687821119399,1982.902782655108
234,23.666666666666668,53.833333333333336,4.666666666666667,15.166666666666666,10.833333333333334,13.333333333333334,13.166666666666666,5.5,15.0,22.833333333333332,55.833333333333336,4.833333333333333,14.166666666666666,11.166666666666666,11.666666666666666,11.333333333333334,5.666666666666667,15.0,2.6666666666666665,26.25,55.25,7.25,18.125,12.375,13.125,11.0,4.75,15.375,25.0,55.375,5.0,17.125,9.875,11.875,10.25,5.25,17.75,6.375,0.3333333333333333,0.8,7.0,2.0,5.0,1884.350692326995,1935.643938272116
235,20.5,53.0,6.833333333333333,19.166666666666668,13.5,13.666666666666666,10.666666666666666,3.8333333333333335,16.666666666666668,22.166666666666668,53.666666666666664,5.666666666666667,17.5,10.333333333333334,12.166666666666666,8.833333333333334,6.5,20.333333333333332,2.8333333333333335,26.0,57.5,6.375,16.375,12.375,11.625,8.5,4.25,15.625,22.875,58.375,5.625,18.25,13.125,10.625,10.625,4.25,19.625,10.625,0.6666666666666666,1.0,5.0,4.0,1.0,1989.069476715616,2052.901809161695
236,24.0,54.4,5.4,17.8,14.8,12.2,15.2,8.4,20.4,20.6,52.6,7.8,20.2,10.2,13.0,13.2,7.4,19.2,7.4,22.571428571428573,53.57142857142857,6.857142857142857,18.857142857142858,11.142857142857142,12.571428571428571,9.428571428571429,5.428571428571429,14.428571428571429,21.0,55.714285714285715,4.714285714285714,18.0,10.428571428571429,10.571428571428571,10.142857142857142,4.142857142857143,17.571428571428573,12.0,1.0,1.0,13.0,12.0,1.0,1634.9808148347995,1755.0552469480856
237,24.714285714285715,58.42857142857143,7.428571428571429,18.714285714285715,11.571428571428571,16.0,8.428571428571429,5.857142857142857,14.571428571428571,24.857142857142858,56.42857142857143,6.142857142857143,15.714285714285714,10.857142857142858,12.428571428571429,11.857142857142858,4.142857142857143,16.857142857142858,6.142857142857143,25.571428571428573,58.42857142857143,4.714285714285714,16.428571428571427,14.285714285714286,12.571428571428571,12.142857142857142,7.0,14.0,21.714285714285715,54.0,5.142857142857143,17.571428571428573,9.428571428571429,10.571428571428571,13.142857142857142,6.142857142857143,15.857142857142858,11.142857142857142,0.75,1.0,7.0,2.0,5.0,1935.2442961420409,2006.6541347159337
238,24.333333333333332,53.5,6.666666666666667,16.666666666666668,10.5,14.0,13.0,7.333333333333333,19.166666666666668,22.5,55.0,5.833333333333333,16.666666666666668,11.333333333333334,10.833333333333334,13.5,6.0,21.0,5.666666666666667,22.833333333333332,51.833333333333336,7.333333333333333,20.666666666666668,10.333333333333334,10.5,5.5,2.6666666666666665,15.0,22.5,45.0,8.0,15.666666666666666,5.666666666666667,11.0,7.833333333333333,2.3333333333333335,15.833333333333334,0.8333333333333334,0.6666666666666666,0.3333333333333333,5.0,4.0,1.0,1965.463287677877,2010.0043622948265
239,25.5,61.0,6.25,17.0,16.375,12.875,9.5,4.5,18.75,24.25,53.875,5.0,15.625,10.0,12.625,11.125,5.625,20.625,4.875,24.5,56.0,7.875,20.5,10.625,11.875,10.625,4.125,16.125,27.625,55.75,5.25,16.625,8.75,14.5,11.5,5.875,18.0,0.25,0.6,0.8,4.0,5.0,-1.0,2011.4544892301603,2064.655923118098
240,22.166666666666668,50.833333333333336,8.333333333333334,22.166666666666668,6.5,12.833333333333334,9.0,5.333333333333333,16.333333333333332,23.166666666666668,56.833333333333336,6.333333333333333,20.666666666666668,12.0,14.333333333333334,10.166666666666666,5.0,15.833333333333334,2.3333333333333335,25.875,58.25,6.0,18.75,13.0,12.25,11.75,5.375,19.25,23.875,61.75,3.75,13.25,16.125,11.5,12.125,5.75,19.0,9.875,0.6666666666666666,0.8,8.0,1.0,7.0,1856.252059430972,1934.3955205173445
241,26.285714285714285,54.714285714285715,10.285714285714286,24.142857142857142,10.714285714285714,16.571428571428573,10.0,3.857142857142857,15.142857142857142,25.285714285714285,61.0,7.285714285714286,20.857142857142858,12.714285714285714,12.428571428571429,7.428571428571429,4.571428571428571,18.428571428571427,7.857142857142857,25.166666666666668,54.666666666666664,5.0,14.666666666666666,9.833333333333334,13.166666666666666,15.166666666666666,8.833333333333334,19.0,21.166666666666668,55.0,5.833333333333333,19.0,12.833333333333334,12.333333333333334,14.666666666666666,5.5,17.5,2.5,0.75,0.3333333333333333,2.0,10.0,-8.0,2015.83579931992,2083.988494943971
242,26.333333333333332,55.333333333333336,7.0,19.333333333333332,9.0,17.0,12.333333333333334,5.0,16.0,23.833333333333332,56.333333333333336,6.666666666666667,19.0,10.5,12.166666666666666,9.166666666666666,5.333333333333333,12.833333333333334,0.16666666666666666,27.5,56.125,7.0,17.75,12.625,16.5,13.375,6.0,19.375,22.625,55.125,5.0,18.375,8.5,11.0,11.375,6.75,20.125,12.75,0.3333333333333333,1.0,9.0,1.0,8.0,1849.476497323408,1925.1183849845925
243,28.166666666666668,59.666666666666664,6.666666666666667,17.666666666666668,14.0,17.5,13.166666666666666,9.166666666666666,16.333333333333332,24.5,61.666666666666664,5.333333333333333,20.666666666666668,16.166666666666668,13.166666666666666,14.333333333333334,6.833333333333333,17.666666666666668,10.833333333333334,24.5,56.625,4.75,15.125,14.0,13.0,12.25,6.75,15.875,25.5,62.125,8.75,23.0,14.125,15.25,12.0,6.75,21.125,2.75,0.6666666666666666,0.4,3.0,11.0,-8.0,2049.0729538729333,2106.030789554448
244,27.375,62.125,6.5,20.875,14.875,14.875,12.125,5.875,19.125,23.75,57.375,6.375,18.625,12.875,10.0,13.875,6.875,19.0,4.5,26.625,61.875,5.375,14.25,15.875,14.375,13.875,4.5,15.125,25.875,62.0,6.625,20.25,11.75,12.375,11.375,8.875,18.125,3.875,0.8,0.8,7.0,2.0,5.0,1941.280472412621,1991.4305791026256
245,22.6,51.6,6.6,17.6,10.8,11.6,9.4,6.2,16.0,21.6,51.4,7.4,19.2,11.6,12.2,12.6,3.8,21.0,5.2,26.25,53.625,7.5,16.5,11.125,13.0,9.125,6.125,14.5,23.5,54.5,7.5,20.875,9.25,11.25,10.875,3.5,19.5,12.5,0.5,1.0,8.0,1.0,7.0,1771.4551439730194,1870.356592590964
246,24.5,56.666666666666664,6.833333333333333,21.5,8.833333333333334,14.333333333333334,8.666666666666666,6.666666666666667,19.333333333333332,21.666666666666668,52.833333333333336,4.666666666666667,13.833333333333334,9.833333333333334,12.166666666666666,12.666666666666666,4.833333333333333,18.0,5.333333333333333,21.4,50.0,7.8,21.2,8.4,12.4,11.0,6.6,20.2,24.2,51.2,4.8,13.0,11.4,11.2,12.6,6.6,19.2,1.2,0.3333333333333333,0.6666666666666666,3.0,11.0,-8.0,2020.96660062238,2092.3310433323454
247,25.875,58.25,6.0,18.75,13.0,12.25,11.75,5.375,19.25,23.875,61.75,3.75,13.25,16.125,11.5,12.125,5.75,19.0,9.875,24.5,56.0,7.875,20.5,10.625,11.875,10.625,4.125,16.125,27.625,55.75,5.25,16.625,8.75,14.5,11.5,5.875,18.0,0.25,0.8,0.8,1.0,5.0,-4.0,2171.8443272347517,2229.949231136221
248,22.833333333333332,51.833333333333336,7.333333333333333,20.666666666666668,10.333333333333334,10.5,5.5,2.6666666666666665,15.0,22.5,45.0,8.0,15.666666666666666,5.666666666666667,11.0,7.833333333333333,2.3333333333333335,15.833333333333334,0.8333333333333334,25.5,56.25,7.5,22.25,11.25,12.75,8.25,6.5,17.25,18.75,48.75,5.75,18.75,9.0,10.25,12.25,4.5,16.25,14.25,0.3333333333333333,1.0,4.0,8.0,-4.0,1984.9525239490456,2057.9707424276585
249,25.571428571428573,58.42857142857143,4.714285714285714,16.428571428571427,14.285714285714286,12.571428571428571,12.142857142857142,7.0,14.0,21.714285714285715,54.0,5.142857142857143,17.571428571428573,9.428571428571429,10.571428571428571,13.142857142857142,6.142857142857143,15.857142857142858,11.142857142857142,25.88888888888889,58.666666666666664,4.666666666666667,15.444444444444445,14.11111111111111,10.444444444444445,12.11111111111111,7.444444444444445,15.666666666666666,24.88888888888889,58.22222222222222,6.888888888888889,19.88888888888889,12.222222222222221,12.777777777777779,12.444444444444445,6.555555555555555,18.444444444444443,4.666666666666667,1.0,0.7142857142857143,2.0,3.0,-1.0,2039.9718125380225,2104.966361145095
250,25.0,57.875,8.0,24.125,11.375,12.5,11.0,6.5,15.75,26.125,58.875,7.125,18.25,10.375,14.75,12.0,6.0,20.0,6.125,26.25,55.25,7.25,18.125,12.375,13.125,11.0,4.75,15.375,25.0,55.375,5.0,17.125,9.875,11.875,10.25,5.25,17.75,6.375,0.6,0.8,3.0,2.0,1.0,2009.3624036823292,2074.5463202875494
251,22.571428571428573,53.57142857142857,6.857142857142857,18.857142857142858,11.142857142857142,12.571428571428571,9.428571428571429,5.428571428571429,14.428571428571429,21.0,55.714285714285715,4.714285714285714,18.0,10.428571428571429,10.571428571428571,10.142857142857142,4.142857142857143,17.571428571428573,12.0,27.5,56.125,7.0,17.75,12.625,16.5,13.375,6.0,19.375,22.625,55.125,5.0,18.375,8.5,11.0,11.375,6.75,20.125,12.75,1.0,1.0,12.0,1.0,11.0,1906.0182508115608,1971.9076406310685
252,26.25,53.625,7.5,16.5,11.125,13.0,9.125,6.125,14.5,23.5,54.5,7.5,20.875,9.25,11.25,10.875,3.5,19.5,12.5,26.0,57.5,6.375,16.375,12.375,11.625,8.5,4.25,15.625,22.875,58.375,5.625,18.25,13.125,10.625,10.625,4.25,19.625,10.625,1.0,1.0,1.0,4.0,-3.0,2117.7652306737373,2193.3282418584567
253,24.5,56.625,4.75,15.125,14.0,13.0,12.25,6.75,15.875,25.5,62.125,8.75,23.0,14.125,15.25,12.0,6.75,21.125,2.75,26.625,61.875,5.375,14.25,15.875,14.375,13.875,4.5,15.125,25.875,62.0,6.625,20.25,11.75,12.375,11.375,8.875,18.125,3.875,0.4,0.8,11.0,2.0,9.0,1919.2943342365943,1964.4813911572696
254,25.166666666666668,54.666666666666664,5.0,14.666666666666666,9.833333333333334,13.166666666666666,15.166666666666666,8.833333333333334,19.0,21.166666666666668,55.0,5.833333333333333,19.0,12.833333333333334,12.333333333333334,14.666666666666666,5.5,17.5,2.5,21.4,50.0,7.8,21.2,8.4,12.4,11.0,6.6,20.2,24.2,51.2,4.8,13.0,11.4,11.2,12.6,6.6,19.2,1.2,0.3333333333333333,0.6666666666666666,10.0,11.0,-1.0,1931.0057557201292,1985.5760474099404
255,26.25,55.25,7.25,18.125,12.375,13.125,11.0,4.75,15.375,25.0,55.375,5.0,17.125,9.875,11.875,10.25,5.25,17.75,6.375,25.5,56.25,7.5,22.25,11.25,12.75,8.25,6.5,17.25,18.75,48.75,5.75,18.75,9.0,10.25,12.25,4.5,16.25,14.25,0.8,1.0,2.0,8.0,-6.0,2003.9783536465525,2084.924736242745
256,24.5,56.0,7.875,20.5,10.625,11.875,10.625,4.125,16.125,27.625,55.75,5.25,16.625,8.75,14.5,11.5,5.875,18.0,0.25,25.88888888888889,58.666666666666664,4.666666666666667,15.444444444444445,14.11111111111111,10.444444444444445,12.11111111111111,7.444444444444445,15.666666666666666,24.88888888888889,58.22222222222222,6.888888888888889,19.88888888888889,12.222222222222221,12.777777777777779,12.444444444444445,6.555555555555555,18.444444444444443,4.666666666666667,0.8,0.7142857142857143,5.0,3.0,2.0,1983.317052348665,2033.5879365314177
257,26.625,61.875,5.375,14.25,15.875,14.375,13.875,4.5,15.125,25.875,62.0,6.625,20.25,11.75,12.375,11.375,8.875,18.125,3.875,26.0,57.5,6.375,16.375,12.375,11.625,8.5,4.25,15.625,22.875,58.375,5.625,18.25,13.125,10.625,10.625,4.25,19.625,10.625,0.8,1.0,2.0,4.0,-2.0,2055.360996224983,2112.7127337609118
258,27.5,56.125,7.0,17.75,12.625,16.5,13.375,6.0,19.375,22.625,55.125,5.0,18.375,8.5,11.0,11.375,6.75,20.125,12.75,21.4,50.0,7.8,21.2,8.4,12.4,11.0,6.6,20.2,24.2,51.2,4.8,13.0,11.4,11.2,12.6,6.6,19.2,1.2,1.0,0.6666666666666666,1.0,11.0,-10.0,2199.159428867733,2243.4076481347843
259,21.4,50.0,7.8,21.2,8.4,12.4,11.0,6.6,20.2,24.2,51.2,4.8,13.0,11.4,11.2,12.6,6.6,19.2,1.2,25.5,56.25,7.5,22.25,11.25,12.75,8.25,6.5,17.25,18.75,48.75,5.75,18.75,9.0,10.25,12.25,4.5,16.25,14.25,0.6666666666666666,1.0,11.0,8.0,3.0,1840.3638378372373,1906.164799017244
260,26.0,57.5,6.375,16.375,12.375,11.625,8.5,4.25,15.625,22.875,58.375,5.625,18.25,13.125,10.625,10.625,4.25,19.625,10.625,25.88888888888889,58.666666666666664,4.666666666666667,15.444444444444445,14.11111111111111,10.444444444444445,12.11111111111111,7.444444444444445,15.666666666666666,24.88888888888889,58.22222222222222,6.888888888888889,19.88888888888889,12.222222222222221,12.777777777777779,12.444444444444445,6.555555555555555,18.444444444444443,4.666666666666667,1.0,0.7142857142857143,4.0,3.0,1.0,2077.158568185354,2193.680300207053
261,25.5,56.25,7.5,22.25,11.25,12.75,8.25,6.5,17.25,18.75,48.75,5.75,18.75,9.0,10.25,12.25,4.5,16.25,14.25,25.88888888888889,58.666666666666664,4.666666666666667,15.444444444444445,14.11111111111111,10.444444444444445,12.11111111111111,7.444444444444445,15.666666666666666,24.88888888888889,58.22222222222222,6.888888888888889,19.88888888888889,12.222222222222221,12.777777777777779,12.444444444444445,6.555555555555555,18.444444444444443,4.666666666666667,1.0,0.7142857142857143,8.0,3.0,5.0,1990.040398129798,2045.8701267751692
262,25.8,57.8,4.8,18.0,10.0,13.6,13.4,7.8,19.2,24.2,53.4,6.2,18.2,8.8,12.8,16.4,5.4,19.8,0.0,31.8,56.0,7.4,16.4,8.8,20.0,11.4,7.4,16.6,27.6,56.4,6.4,18.2,10.4,17.8,16.4,4.8,19.0,12.4,0.5,0.5,14.0,14.0,0.0,1910.654923907663,1982.742150611208
263,23.142857142857142,52.42857142857143,5.714285714285714,16.857142857142858,11.0,11.285714285714286,14.0,3.857142857142857,18.428571428571427,23.571428571428573,55.142857142857146,4.0,13.0,11.0,11.285714285714286,13.142857142857142,5.0,19.571428571428573,3.0,23.625,60.375,8.0,26.375,14.75,13.625,11.5,10.875,19.875,20.875,50.125,6.375,16.25,11.25,10.375,17.25,5.75,17.5,4.25,1.0,0.8,16.0,16.0,0.0,1530.6925600134846,1636.522794504475
264,23.142857142857142,52.42857142857143,5.714285714285714,16.857142857142858,11.0,11.285714285714286,14.0,3.857142857142857,18.428571428571427,23.571428571428573,55.142857142857146,4.0,13.0,11.0,11.285714285714286,13.142857142857142,5.0,19.571428571428573,3.0,23.625,60.375,8.0,26.375,14.75,13.625,11.5,10.875,19.875,20.875,50.125,6.375,16.25,11.25,10.375,17.25,5.75,17.5,4.25,1.0,0.8,16.0,16.0,0.0,1530.6925600134846,1595.2710574004077
265,19.571428571428573,46.857142857142854,3.857142857142857,13.285714285714286,9.857142857142858,10.428571428571429,14.142857142857142,4.142857142857143,14.714285714285714,17.571428571428573,51.57142857142857,3.857142857142857,14.571428571428571,10.142857142857142,10.0,9.571428571428571,6.857142857142857,15.571428571428571,1.1428571428571428,23.5,53.166666666666664,4.0,13.166666666666666,9.166666666666666,14.833333333333334,12.833333333333334,4.0,15.0,24.0,57.833333333333336,5.5,16.833333333333332,9.666666666666666,10.0,10.166666666666666,6.333333333333333,19.5,0.8333333333333334,0.5,0.3333333333333333,12.0,12.0,0.0,1816.682756012904,1895.6906455305727
266,22.833333333333332,52.166666666666664,6.333333333333333,20.166666666666668,11.166666666666666,13.166666666666666,13.333333333333334,6.333333333333333,14.833333333333334,21.0,55.666666666666664,5.333333333333333,19.666666666666668,9.166666666666666,9.0,12.0,6.833333333333333,18.333333333333332,11.833333333333334,25.25,57.75,3.375,10.625,13.125,12.5,9.5,7.5,15.125,23.25,56.0,4.125,13.375,10.625,11.25,12.125,4.75,16.25,9.25,1.0,1.0,16.0,16.0,0.0,1545.6712529399222,1610.4674166585785
267,25.125,57.5,6.625,18.875,13.125,13.875,12.5,6.0,18.875,24.5,54.875,5.625,16.375,10.25,13.75,12.125,7.625,18.375,4.625,25.333333333333332,51.833333333333336,6.666666666666667,15.666666666666666,8.5,14.5,9.0,6.166666666666667,13.5,22.5,51.5,5.0,15.666666666666666,7.166666666666667,10.5,11.5,4.666666666666667,15.666666666666666,14.666666666666666,0.6,1.0,3.0,14.0,-11.0,1989.7609193250048,2044.506490856508
268,22.555555555555557,53.111111111111114,4.0,14.222222222222221,9.333333333333334,8.666666666666666,9.555555555555555,6.888888888888889,15.444444444444445,23.0,53.333333333333336,5.888888888888889,17.333333333333332,9.222222222222221,10.444444444444445,12.333333333333334,5.111111111111111,16.666666666666668,-0.1111111111111111,21.0,51.57142857142857,7.428571428571429,19.714285714285715,8.714285714285714,14.285714285714286,14.0,7.714285714285714,16.857142857142858,22.0,53.42857142857143,5.714285714285714,20.285714285714285,9.142857142857142,11.142857142857142,14.285714285714286,6.0,18.714285714285715,2.0,0.6666666666666666,0.5,11.0,6.0,5.0,1834.4573075710184,1898.845518998848
269,25.5,53.0,7.5,18.333333333333332,9.166666666666666,13.333333333333334,14.333333333333334,6.5,16.833333333333332,23.833333333333332,59.666666666666664,5.833333333333333,21.833333333333332,11.333333333333334,9.666666666666666,12.666666666666666,7.833333333333333,18.833333333333332,10.833333333333334,22.2,59.6,3.2,14.6,17.8,11.8,11.4,6.6,16.6,24.2,50.2,5.4,16.0,7.0,12.6,12.4,7.4,17.8,-1.8,0.6666666666666666,0.6666666666666666,7.0,10.0,-3.0,1944.527941688357,2011.7245942826976
270,23.142857142857142,50.857142857142854,6.0,13.0,11.285714285714286,11.428571428571429,12.285714285714286,5.0,16.285714285714285,22.714285714285715,55.57142857142857,7.571428571428571,17.428571428571427,11.142857142857142,10.857142857142858,11.714285714285714,7.285714285714286,20.285714285714285,8.714285714285714,28.375,59.25,5.375,14.875,15.25,16.25,14.0,7.0,18.75,23.625,58.0,5.0,17.75,10.75,11.5,13.75,5.75,21.125,15.25,0.75,0.8,4.0,13.0,-9.0,1845.2285545378345,1920.4135778348675
271,25.833333333333332,57.666666666666664,9.0,23.833333333333332,12.0,16.166666666666668,13.0,6.666666666666667,17.166666666666668,25.5,58.166666666666664,4.333333333333333,16.166666666666668,8.833333333333334,12.0,11.666666666666666,5.5,17.666666666666668,4.833333333333333,26.5,58.875,5.875,17.375,12.125,14.375,9.875,4.875,14.5,24.5,62.125,5.875,18.125,15.125,12.125,9.625,5.625,16.625,1.0,0.3333333333333333,0.6,8.0,9.0,-1.0,1850.547068379692,1893.2940597414515
272,26.0,53.833333333333336,6.5,16.166666666666668,10.0,16.5,12.333333333333334,6.666666666666667,16.0,24.666666666666668,54.5,7.0,19.5,11.5,13.833333333333334,14.166666666666666,7.833333333333333,18.166666666666668,4.0,24.285714285714285,60.42857142857143,5.857142857142857,17.285714285714285,14.142857142857142,9.714285714285714,9.285714285714286,6.428571428571429,18.571428571428573,24.428571428571427,51.142857142857146,7.0,18.571428571428573,7.857142857142857,13.571428571428571,14.285714285714286,4.428571428571429,19.714285714285715,-1.8571428571428572,0.6666666666666666,0.5,8.0,9.0,-1.0,1937.139506624313,1989.6968785032493
273,26.5,56.625,6.25,17.0,11.875,12.5,9.5,5.75,12.75,23.0,57.5,6.0,17.25,10.125,10.875,9.125,5.625,15.25,10.375,23.142857142857142,52.42857142857143,5.714285714285714,16.857142857142858,11.0,11.285714285714286,14.0,3.857142857142857,18.428571428571427,23.571428571428573,55.142857142857146,4.0,13.0,11.0,11.285714285714286,13.142857142857142,5.0,19.571428571428573,3.0,0.8,1.0,1.0,16.0,-15.0,2149.569894545973,2247.0102021520474
274,26.5,56.625,6.25,17.0,11.875,12.5,9.5,5.75,12.75,23.0,57.5,6.0,17.25,10.125,10.875,9.125,5.625,15.25,10.375,23.142857142857142,52.42857142857143,5.714285714285714,16.857142857142858,11.0,11.285714285714286,14.0,3.857142857142857,18.428571428571427,23.571428571428573,55.142857142857146,4.0,13.0,11.0,11.285714285714286,13.142857142857142,5.0,19.571428571428573,3.0,0.8,1.0,1.0,16.0,-15.0,2149.569894545973,2248.004389961425
275,22.0,56.0,5.111111111111111,19.0,12.88888888888889,11.88888888888889,14.333333333333334,9.11111111111111,15.666666666666666,22.11111111111111,54.77777777777778,4.444444444444445,16.555555555555557,12.777777777777779,10.88888888888889,16.555555555555557,6.444444444444445,17.666666666666668,3.3333333333333335,28.666666666666668,62.833333333333336,6.0,22.333333333333332,11.833333333333334,13.666666666666666,9.833333333333334,6.0,18.666666666666668,24.0,58.666666666666664,4.5,13.333333333333334,10.166666666666666,9.0,11.333333333333334,5.166666666666667,17.5,9.666666666666666,0.6666666666666666,1.0,4.0,13.0,-9.0,2004.5281914868171,2076.6277990450503
276,25.5,56.333333333333336,5.166666666666667,17.5,11.833333333333334,13.833333333333334,15.5,8.833333333333334,16.666666666666668,26.0,64.0,4.833333333333333,17.833333333333332,16.166666666666668,13.5,16.0,9.0,19.5,3.8333333333333335,25.8,57.8,4.8,18.0,10.0,13.6,13.4,7.8,19.2,24.2,53.4,6.2,18.2,8.8,12.8,16.4,5.4,19.8,0.0,0.3333333333333333,0.5,3.0,14.0,-11.0,1983.289687032136,2047.1915409796763
277,24.0,47.6,7.2,18.2,7.4,12.0,14.0,8.0,16.6,22.4,53.2,4.4,15.6,11.8,11.2,16.2,4.8,18.2,11.8,24.571428571428573,53.0,5.285714285714286,13.857142857142858,8.142857142857142,11.428571428571429,9.714285714285714,5.285714285714286,16.571428571428573,22.428571428571427,53.57142857142857,7.142857142857143,20.0,9.428571428571429,12.714285714285714,10.714285714285714,4.285714285714286,16.142857142857142,5.142857142857143,1.0,0.75,6.0,11.0,-5.0,1792.717828618728,1785.3173325226735
278,23.875,53.25,6.875,20.125,8.75,15.625,11.125,5.125,18.125,21.0,52.5,6.875,19.75,7.25,12.0,11.625,5.125,21.125,8.375,26.625,58.125,7.125,19.875,12.125,14.25,11.5,7.5,14.25,22.0,56.5,6.0,19.25,12.5,11.375,16.5,4.5,16.75,14.5,1.0,0.8,5.0,12.0,-7.0,1919.706788526399,1974.0546813243805
279,27.5,56.125,4.625,15.0,11.875,13.5,12.0,5.5,16.5,23.625,55.5,7.125,20.625,8.5,12.875,9.25,4.75,16.25,5.875,23.5,48.833333333333336,4.666666666666667,12.666666666666666,10.333333333333334,12.833333333333334,13.333333333333334,6.0,18.166666666666668,21.5,54.166666666666664,5.333333333333333,15.833333333333334,11.5,12.666666666666666,12.666666666666666,7.0,18.5,6.333333333333333,0.8,1.0,2.0,15.0,-13.0,2075.93573464223,2149.30473705161
280,22.166666666666668,53.5,6.166666666666667,17.5,11.166666666666666,12.333333333333334,10.5,8.166666666666666,13.333333333333334,23.5,60.333333333333336,5.166666666666667,20.5,15.666666666666666,13.166666666666666,13.0,6.333333333333333,16.166666666666668,4.833333333333333,23.666666666666668,52.333333333333336,4.833333333333333,18.333333333333332,10.833333333333334,15.166666666666666,13.166666666666666,9.333333333333334,17.166666666666668,22.333333333333332,52.5,7.166666666666667,20.166666666666668,10.5,12.333333333333334,17.0,6.0,23.0,11.833333333333334,0.6666666666666666,1.0,1.0,16.0,-15.0,2135.0697950863346,2201.9370235832102
281,22.6,54.4,8.0,22.2,9.4,11.2,9.0,12.6,17.4,22.2,49.2,5.0,14.4,11.4,9.2,19.8,4.4,21.8,7.8,28.6,60.0,7.0,18.8,11.0,13.4,12.2,6.6,15.8,20.2,56.4,7.2,21.6,8.4,8.2,11.4,6.4,14.6,15.2,1.0,0.5,12.0,5.0,7.0,1879.0813793565817,1965.120537792457
282,21.75,51.125,7.625,21.625,10.375,10.75,11.375,5.625,15.875,21.5,53.125,4.375,18.625,11.0,8.875,11.125,6.125,18.0,6.875,22.6,44.4,5.8,15.2,6.2,14.2,12.4,5.0,14.0,22.2,49.6,6.0,14.6,6.4,10.4,11.0,5.4,18.2,5.6,0.8,1.0,5.0,12.0,-7.0,1944.0681199524563,2026.9870538802973
283,21.285714285714285,50.0,8.285714285714286,20.857142857142858,8.428571428571429,12.142857142857142,9.428571428571429,3.857142857142857,15.571428571428571,21.0,49.57142857142857,4.714285714285714,12.857142857142858,9.142857142857142,8.857142857142858,10.285714285714286,3.857142857142857,17.571428571428573,4.0,26.5,53.0,7.333333333333333,18.0,9.333333333333334,15.333333333333334,12.166666666666666,7.666666666666667,14.833333333333334,23.166666666666668,57.666666666666664,5.166666666666667,18.333333333333332,11.333333333333334,8.666666666666666,13.666666666666666,5.333333333333333,19.166666666666668,14.166666666666666,0.75,1.0,4.0,13.0,-9.0,1977.378946108712,2043.1613121500925
284,22.875,57.625,6.125,20.75,12.75,11.75,9.875,8.125,13.75,22.0,56.0,5.625,18.75,13.375,12.75,12.75,4.875,14.125,2.75,25.0,59.142857142857146,5.285714285714286,16.857142857142858,12.714285714285714,11.857142857142858,12.142857142857142,6.285714285714286,20.0,24.428571428571427,53.57142857142857,5.571428571428571,15.0,10.0,12.428571428571429,13.0,6.428571428571429,18.428571428571427,-3.2857142857142856,0.8,0.5,6.0,11.0,-5.0,1962.628331253716,2034.902661871035
285,28.0,56.166666666666664,7.0,19.166666666666668,9.5,15.666666666666666,10.333333333333334,3.8333333333333335,17.166666666666668,26.666666666666668,58.0,6.166666666666667,16.333333333333332,7.0,14.0,9.0,5.666666666666667,20.0,7.166666666666667,20.714285714285715,46.857142857142854,4.142857142857143,12.142857142857142,9.142857142857142,9.857142857142858,12.571428571428571,6.857142857142857,18.285714285714285,19.714285714285715,48.142857142857146,6.0,19.714285714285715,8.571428571428571,10.571428571428571,12.714285714285714,5.142857142857143,19.142857142857142,5.714285714285714,1.0,0.5,8.0,9.0,-1.0,1857.6654447864396,1903.7717167660949
286,24.142857142857142,53.714285714285715,9.142857142857142,23.571428571428573,9.857142857142858,12.714285714285714,9.857142857142858,4.428571428571429,16.0,24.428571428571427,52.857142857142854,6.571428571428571,17.142857142857142,9.428571428571429,13.142857142857142,8.714285714285714,5.142857142857143,15.285714285714286,1.0,23.166666666666668,51.0,4.833333333333333,13.666666666666666,6.166666666666667,11.0,10.166666666666666,6.5,17.166666666666668,20.666666666666668,50.0,6.166666666666667,16.166666666666668,9.0,9.666666666666666,13.0,5.666666666666667,16.0,3.8333333333333335,0.25,0.3333333333333333,7.0,10.0,-3.0,1946.1901839076384,2026.05264814296
287,25.75,54.625,6.75,16.875,10.125,13.75,14.75,5.125,19.125,23.125,57.5,6.875,19.75,13.125,11.25,12.75,6.75,18.875,2.25,26.5,54.625,6.625,16.375,12.5,15.875,12.25,4.25,18.125,24.125,57.75,5.625,19.5,11.25,11.375,9.0,5.75,18.625,9.375,1.0,0.8,3.0,14.0,-11.0,1991.1393685617104,2060.7059180000424
288,23.0,50.42857142857143,4.285714285714286,13.571428571428571,10.571428571428571,12.285714285714286,12.714285714285714,4.428571428571429,18.285714285714285,19.857142857142858,52.0,3.857142857142857,16.714285714285715,10.142857142857142,11.0,10.142857142857142,8.142857142857142,18.285714285714285,3.857142857142857,25.714285714285715,54.285714285714285,9.428571428571429,23.0,10.142857142857142,15.857142857142858,13.0,5.142857142857143,15.714285714285714,23.428571428571427,58.857142857142854,5.285714285714286,17.0,10.285714285714286,10.571428571428571,12.714285714285714,6.428571428571429,19.285714285714285,15.428571428571429,0.5,1.0,3.0,14.0,-11.0,1946.9129967120248,2013.2419787593117
289,25.571428571428573,52.0,6.142857142857143,14.571428571428571,10.285714285714286,14.857142857142858,11.0,7.142857142857143,16.428571428571427,22.714285714285715,55.857142857142854,7.0,19.0,9.857142857142858,13.428571428571429,11.857142857142858,5.285714285714286,19.428571428571427,10.285714285714286,24.714285714285715,53.285714285714285,5.714285714285714,16.428571428571427,10.571428571428571,13.571428571428571,12.142857142857142,7.428571428571429,20.571428571428573,22.857142857142858,50.857142857142854,5.857142857142857,17.714285714285715,9.285714285714286,12.571428571428571,15.142857142857142,5.571428571428571,20.285714285714285,7.428571428571429,0.75,1.0,2.0,15.0,-13.0,2148.978442199268,2200.4199484911123
290,27.166666666666668,57.833333333333336,7.666666666666667,20.333333333333332,10.666666666666666,13.5,12.333333333333334,8.333333333333334,16.333333333333332,21.0,54.0,6.333333333333333,18.833333333333332,8.666666666666666,12.0,13.833333333333334,6.333333333333333,15.833333333333334,12.5,22.285714285714285,54.57142857142857,7.857142857142857,23.0,11.428571428571429,10.571428571428571,12.0,5.0,17.714285714285715,24.142857142857142,58.42857142857143,4.714285714285714,14.142857142857142,11.428571428571429,10.714285714285714,11.142857142857142,3.4285714285714284,19.571428571428573,4.142857142857143,1.0,0.5,15.0,2.0,13.0,1534.5573647644028,1705.8606137902054
291,24.875,51.25,6.5,16.0,8.125,14.0,10.75,6.125,16.125,21.125,53.625,5.375,16.75,10.125,10.875,10.25,6.625,17.375,8.0,28.666666666666668,59.166666666666664,8.166666666666666,22.0,11.0,16.833333333333332,13.0,5.5,15.166666666666666,33.333333333333336,69.5,5.833333333333333,17.166666666666668,13.166666666666666,15.5,12.0,7.166666666666667,24.0,4.166666666666667,0.6,1.0,1.0,16.0,-15.0,2022.061205430599,2094.526322323523
292,26.125,58.0,4.5,14.125,12.5,13.75,12.125,6.625,18.625,24.75,58.25,5.875,19.5,11.0,14.125,11.875,5.5,18.125,1.125,24.375,54.875,5.625,16.0,10.75,11.25,11.625,4.5,18.25,22.25,54.625,7.25,20.25,7.625,10.25,9.75,5.375,18.25,4.75,0.8,0.8,11.0,6.0,5.0,1821.3318090502128,1905.5813812219008
293,24.428571428571427,53.714285714285715,6.0,17.571428571428573,10.571428571428571,13.428571428571429,12.142857142857142,4.285714285714286,16.285714285714285,23.0,57.285714285714285,6.285714285714286,17.571428571428573,11.857142857142858,9.714285714285714,12.714285714285714,5.142857142857143,19.428571428571427,8.285714285714286,28.125,55.0,9.125,21.625,8.375,17.0,10.0,6.625,15.375,26.0,56.5,6.875,17.25,10.625,14.375,11.5,5.25,18.25,9.125,1.0,1.0,15.0,2.0,13.0,1403.4150518475274,1583.8651963752964
294,28.0,61.75,5.5,16.75,12.625,16.125,10.375,5.25,16.0,25.0,60.0,6.0,18.875,9.625,11.125,11.25,5.0,19.25,11.75,22.833333333333332,52.166666666666664,6.333333333333333,20.166666666666668,11.166666666666666,13.166666666666666,13.333333333333334,6.333333333333333,14.833333333333334,21.0,55.666666666666664,5.333333333333333,19.666666666666668,9.166666666666666,9.0,12.0,6.833333333333333,18.333333333333332,11.833333333333334,0.8,1.0,1.0,16.0,-15.0,2089.938756965994,2156.431649975289
295,25.625,57.25,8.125,22.125,13.125,14.875,13.875,10.5,19.0,20.5,50.0,6.25,19.875,11.375,12.25,16.75,8.0,16.75,8.5,22.142857142857142,50.57142857142857,8.142857142857142,23.142857142857142,8.571428571428571,10.285714285714286,11.142857142857142,4.571428571428571,16.428571428571427,23.571428571428573,54.142857142857146,5.285714285714286,16.0,11.571428571428571,11.571428571428571,11.285714285714286,5.857142857142857,16.428571428571427,0.2857142857142857,0.8,0.75,13.0,4.0,9.0,1710.6377405459764,1801.6919307225508
296,26.714285714285715,56.857142857142854,9.714285714285714,22.857142857142858,9.142857142857142,15.0,8.0,5.142857142857143,13.571428571428571,27.285714285714285,55.142857142857146,6.857142857142857,20.428571428571427,7.0,14.285714285714286,9.714285714285714,4.142857142857143,15.285714285714286,4.571428571428571,24.2,51.4,6.2,19.4,9.6,14.0,11.8,5.8,14.0,24.2,54.8,6.6,19.6,7.6,12.0,10.2,5.8,19.0,5.8,0.5,1.0,10.0,7.0,3.0,1914.1474486489803,1983.7820825348117
297,19.571428571428573,46.857142857142854,3.857142857142857,13.285714285714286,9.857142857142858,10.428571428571429,14.142857142857142,4.142857142857143,14.714285714285714,17.571428571428573,51.57142857142857,3.857142857142857,14.571428571428571,10.142857142857142,10.0,9.571428571428571,6.857142857142857,15.571428571428571,1.1428571428571428,27.833333333333332,58.666666666666664,6.5,16.166666666666668,10.666666666666666,17.333333333333332,14.333333333333334,8.666666666666666,16.666666666666668,27.0,62.0,7.833333333333333,18.833333333333332,11.5,13.0,13.333333333333334,8.333333333333334,17.166666666666668,4.333333333333333,0.5,0.6666666666666666,12.0,5.0,7.0,1834.3961911393824,1912.368752247691
298,24.166666666666668,57.333333333333336,8.0,23.166666666666668,11.0,15.833333333333334,10.0,5.833333333333333,15.833333333333334,22.0,51.0,4.666666666666667,13.166666666666666,8.333333333333334,9.166666666666666,11.833333333333334,4.0,16.5,7.333333333333333,26.375,52.25,4.875,14.75,8.25,16.75,12.0,8.5,20.5,19.125,51.375,3.875,14.625,11.75,9.25,15.125,3.875,19.625,19.625,0.75,1.0,9.0,8.0,1.0,1781.5875346754772,1854.528201017472
299,23.875,55.125,4.5,14.0,11.125,10.625,11.375,5.25,19.0,23.125,56.375,6.875,22.875,10.0,14.25,12.125,5.625,20.125,-0.125,22.285714285714285,54.0,6.142857142857143,19.714285714285715,10.571428571428571,14.857142857142858,9.0,6.0,13.142857142857142,23.285714285714285,54.857142857142854,4.571428571428571,14.857142857142858,11.428571428571429,13.428571428571429,11.142857142857142,4.714285714285714,15.285714285714286,0.8571428571428571,0.6,0.5,10.0,7.0,3.0,1814.415408635627,1863.206018904625
300,25.125,57.5,6.625,18.875,13.125,13.875,12.5,6.0,18.875,24.5,54.875,5.625,16.375,10.25,13.75,12.125,7.625,18.375,4.625,22.555555555555557,53.111111111111114,4.0,14.222222222222221,9.333333333333334,8.666666666666666,9.555555555555555,6.888888888888889,15.444444444444445,23.0,53.333333333333336,5.888888888888889,17.333333333333332,9.222222222222221,10.444444444444445,12.333333333333334,5.111111111111111,16.666666666666668,-0.1111111111111111,0.6,0.6666666666666666,3.0,11.0,-8.0,1993.7333645222584,2049.470055138663
301,23.142857142857142,50.857142857142854,6.0,13.0,11.285714285714286,11.428571428571429,12.285714285714286,5.0,16.285714285714285,22.714285714285715,55.57142857142857,7.571428571428571,17.428571428571427,11.142857142857142,10.857142857142858,11.714285714285714,7.285714285714286,20.285714285714285,8.714285714285714,22.6,54.4,8.0,22.2,9.4,11.2,9.0,12.6,17.4,22.2,49.2,5.0,14.4,11.4,9.2,19.8,4.4,21.8,7.8,0.75,1.0,4.0,12.0,-8.0,1855.0689832399064,1930.569606013569
302,26.5,56.625,6.25,17.0,11.875,12.5,9.5,5.75,12.75,23.0,57.5,6.0,17.25,10.125,10.875,9.125,5.625,15.25,10.375,25.833333333333332,57.666666666666664,9.0,23.833333333333332,12.0,16.166666666666668,13.0,6.666666666666667,17.166666666666668,25.5,58.166666666666664,4.333333333333333,16.166666666666668,8.833333333333334,12.0,11.666666666666666,5.5,17.666666666666668,4.833333333333333,0.8,0.3333333333333333,1.0,8.0,-7.0,2150.4907037439025,2248.7948552383423
303,22.0,56.0,5.111111111111111,19.0,12.88888888888889,11.88888888888889,14.333333333333334,9.11111111111111,15.666666666666666,22.11111111111111,54.77777777777778,4.444444444444445,16.555555555555557,12.777777777777779,10.88888888888889,16.555555555555557,6.444444444444445,17.666666666666668,3.3333333333333335,23.875,53.25,6.875,20.125,8.75,15.625,11.125,5.125,18.125,21.0,52.5,6.875,19.75,7.25,12.0,11.625,5.125,21.125,8.375,0.6666666666666666,1.0,4.0,5.0,-1.0,2008.2007403016053,2081.085989367244
304,25.5,56.333333333333336,5.166666666666667,17.5,11.833333333333334,13.833333333333334,15.5,8.833333333333334,16.666666666666668,26.0,64.0,4.833333333333333,17.833333333333332,16.166666666666668,13.5,16.0,9.0,19.5,3.8333333333333335,24.0,47.6,7.2,18.2,7.4,12.0,14.0,8.0,16.6,22.4,53.2,4.4,15.6,11.8,11.2,16.2,4.8,18.2,11.8,0.3333333333333333,1.0,3.0,6.0,-3.0,1996.2896429425773,2060.568869632734
305,27.5,56.125,4.625,15.0,11.875,13.5,12.0,5.5,16.5,23.625,55.5,7.125,20.625,8.5,12.875,9.25,4.75,16.25,5.875,25.5,53.0,7.5,18.333333333333332,9.166666666666666,13.333333333333334,14.333333333333334,6.5,16.833333333333332,23.833333333333332,59.666666666666664,5.833333333333333,21.833333333333332,11.333333333333334,9.666666666666666,12.666666666666666,7.833333333333333,18.833333333333332,10.833333333333334,0.8,0.6666666666666666,2.0,7.0,-5.0,2077.64526280814,2151.2767849350644
306,22.166666666666668,53.5,6.166666666666667,17.5,11.166666666666666,12.333333333333334,10.5,8.166666666666666,13.333333333333334,23.5,60.333333333333336,5.166666666666667,20.5,15.666666666666666,13.166666666666666,13.0,6.333333333333333,16.166666666666668,4.833333333333333,26.0,53.833333333333336,6.5,16.166666666666668,10.0,16.5,12.333333333333334,6.666666666666667,16.0,24.666666666666668,54.5,7.0,19.5,11.5,13.833333333333334,14.166666666666666,7.833333333333333,18.166666666666668,4.0,0.6666666666666666,0.6666666666666666,1.0,8.0,-7.0,2136.0356501102224,2203.500185424954
307,21.285714285714285,50.0,8.285714285714286,20.857142857142858,8.428571428571429,12.142857142857142,9.428571428571429,3.857142857142857,15.571428571428571,21.0,49.57142857142857,4.714285714285714,12.857142857142858,9.142857142857142,8.857142857142858,10.285714285714286,3.857142857142857,17.571428571428573,4.0,21.75,51.125,7.625,21.625,10.375,10.75,11.375,5.625,15.875,21.5,53.125,4.375,18.625,11.0,8.875,11.125,6.125,18.0,6.875,0.75,0.8,4.0,5.0,-1.0,1982.309280576242,2049.159581919279
308,22.875,57.625,6.125,20.75,12.75,11.75,9.875,8.125,13.75,22.0,56.0,5.625,18.75,13.375,12.75,12.75,4.875,14.125,2.75,25.75,54.625,6.75,16.875,10.125,13.75,14.75,5.125,19.125,23.125,57.5,6.875,19.75,13.125,11.25,12.75,6.75,18.875,2.25,0.8,1.0,6.0,3.0,3.0,1976.4305889822797,2047.8760548368305
309,24.142857142857142,53.714285714285715,9.142857142857142,23.571428571428573,9.857142857142858,12.714285714285714,9.857142857142858,4.428571428571429,16.0,24.428571428571427,52.857142857142854,6.571428571428571,17.142857142857142,9.428571428571429,13.142857142857142,8.714285714285714,5.142857142857143,15.285714285714286,1.0,24.428571428571427,53.714285714285715,6.0,17.571428571428573,10.571428571428571,13.428571428571429,12.142857142857142,4.285714285714286,16.285714285714285,23.0,57.285714285714285,6.285714285714286,17.571428571428573,11.857142857142858,9.714285714285714,12.714285714285714,5.142857142857143,19.428571428571427,8.285714285714286,0.25,1.0,7.0,15.0,-8.0,1956.9556102286035,2036.496194963681
310,25.571428571428573,52.0,6.142857142857143,14.571428571428571,10.285714285714286,14.857142857142858,11.0,7.142857142857143,16.428571428571427,22.714285714285715,55.857142857142854,7.0,19.0,9.857142857142858,13.428571428571429,11.857142857142858,5.285714285714286,19.428571428571427,10.285714285714286,26.714285714285715,56.857142857142854,9.714285714285714,22.857142857142858,9.142857142857142,15.0,8.0,5.142857142857143,13.571428571428571,27.285714285714285,55.142857142857146,6.857142857142857,20.428571428571427,7.0,14.285714285714286,9.714285714285714,4.142857142857143,15.285714285714286,4.571428571428571,0.75,0.5,2.0,10.0,-8.0,2151.068292908585,2202.6670364063248
311,24.875,51.25,6.5,16.0,8.125,14.0,10.75,6.125,16.125,21.125,53.625,5.375,16.75,10.125,10.875,10.25,6.625,17.375,8.0,24.166666666666668,57.333333333333336,8.0,23.166666666666668,11.0,15.833333333333334,10.0,5.833333333333333,15.833333333333334,22.0,51.0,4.666666666666667,13.166666666666666,8.333333333333334,9.166666666666666,11.833333333333334,4.0,16.5,7.333333333333333,0.6,0.75,1.0,9.0,-8.0,2024.352235210244,2098.051511291318
312,26.125,58.0,4.5,14.125,12.5,13.75,12.125,6.625,18.625,24.75,58.25,5.875,19.5,11.0,14.125,11.875,5.5,18.125,1.125,23.0,50.42857142857143,4.285714285714286,13.571428571428571,10.571428571428571,12.285714285714286,12.714285714285714,4.428571428571429,18.285714285714285,19.857142857142858,52.0,3.857142857142857,16.714285714285715,10.142857142857142,11.0,10.142857142857142,8.142857142857142,18.285714285714285,3.857142857142857,0.8,0.5,11.0,3.0,8.0,1843.075121348381,1925.3759877003608
313,28.0,61.75,5.5,16.75,12.625,16.125,10.375,5.25,16.0,25.0,60.0,6.0,18.875,9.625,11.125,11.25,5.0,19.25,11.75,28.0,56.166666666666664,7.0,19.166666666666668,9.5,15.666666666666666,10.333333333333334,3.8333333333333335,17.166666666666668,26.666666666666668,58.0,6.166666666666667,16.333333333333332,7.0,14.0,9.0,5.666666666666667,20.0,7.166666666666667,0.8,1.0,1.0,8.0,-7.0,2091.3752167033954,2157.9148010596414
314,25.625,57.25,8.125,22.125,13.125,14.875,13.875,10.5,19.0,20.5,50.0,6.25,19.875,11.375,12.25,16.75,8.0,16.75,8.5,19.571428571428573,46.857142857142854,3.857142857142857,13.285714285714286,9.857142857142858,10.428571428571429,14.142857142857142,4.142857142857143,14.714285714285714,17.571428571428573,51.57142857142857,3.857142857142857,14.571428571428571,10.142857142857142,10.0,9.571428571428571,6.857142857142857,15.571428571428571,1.1428571428571428,0.8,0.5,13.0,12.0,1.0,1735.9237590234543,1826.4345692499053
315,23.875,55.125,4.5,14.0,11.125,10.625,11.375,5.25,19.0,23.125,56.375,6.875,22.875,10.0,14.25,12.125,5.625,20.125,-0.125,27.166666666666668,57.833333333333336,7.666666666666667,20.333333333333332,10.666666666666666,13.5,12.333333333333334,8.333333333333334,16.333333333333332,21.0,54.0,6.333333333333333,18.833333333333332,8.666666666666666,12.0,13.833333333333334,6.333333333333333,15.833333333333334,12.5,0.6,1.0,10.0,15.0,-5.0,1836.6336301387344,1886.2662604240948
316,24.142857142857142,53.714285714285715,9.142857142857142,23.571428571428573,9.857142857142858,12.714285714285714,9.857142857142858,4.428571428571429,16.0,24.428571428571427,52.857142857142854,6.571428571428571,17.142857142857142,9.428571428571429,13.142857142857142,8.714285714285714,5.142857142857143,15.285714285714286,1.0,25.5,56.333333333333336,5.166666666666667,17.5,11.833333333333334,13.833333333333334,15.5,8.833333333333334,16.666666666666668,26.0,64.0,4.833333333333333,17.833333333333332,16.166666666666668,13.5,16.0,9.0,19.5,3.8333333333333335,0.25,0.3333333333333333,7.0,3.0,4.0,1958.4639788183904,2039.0837541735852
317,22.0,56.0,5.111111111111111,19.0,12.88888888888889,11.88888888888889,14.333333333333334,9.11111111111111,15.666666666666666,22.11111111111111,54.77777777777778,4.444444444444445,16.555555555555557,12.777777777777779,10.88888888888889,16.555555555555557,6.444444444444445,17.666666666666668,3.3333333333333335,24.875,51.25,6.5,16.0,8.125,14.0,10.75,6.125,16.125,21.125,53.625,5.375,16.75,10.125,10.875,10.25,6.625,17.375,8.0,0.6666666666666666,0.6,4.0,1.0,3.0,2020.5640342411623,2092.725144511425
318,27.5,56.125,4.625,15.0,11.875,13.5,12.0,5.5,16.5,23.625,55.5,7.125,20.625,8.5,12.875,9.25,4.75,16.25,5.875,22.875,57.625,6.125,20.75,12.75,11.75,9.875,8.125,13.75,22.0,56.0,5.625,18.75,13.375,12.75,12.75,4.875,14.125,2.75,0.8,0.8,2.0,6.0,-4.0,2088.348936324256,2161.7185722721383
319,22.166666666666668,53.5,6.166666666666667,17.5,11.166666666666666,12.333333333333334,10.5,8.166666666666666,13.333333333333334,23.5,60.333333333333336,5.166666666666667,20.5,15.666666666666666,13.166666666666666,13.0,6.333333333333333,16.166666666666668,4.833333333333333,21.285714285714285,50.0,8.285714285714286,20.857142857142858,8.428571428571429,12.142857142857142,9.428571428571429,3.857142857142857,15.571428571428571,21.0,49.57142857142857,4.714285714285714,12.857142857142858,9.142857142857142,8.857142857142858,10.285714285714286,3.857142857142857,17.571428571428573,4.0,0.6666666666666666,0.75,1.0,4.0,-3.0,2144.0193016141807,2211.027151611237
320,25.125,57.5,6.625,18.875,13.125,13.875,12.5,6.0,18.875,24.5,54.875,5.625,16.375,10.25,13.75,12.125,7.625,18.375,4.625,23.875,55.125,4.5,14.0,11.125,10.625,11.375,5.25,19.0,23.125,56.375,6.875,22.875,10.0,14.25,12.125,5.625,20.125,-0.125,0.6,0.6,3.0,10.0,-7.0,2003.5531864229629,2059.407374480575
321,25.571428571428573,52.0,6.142857142857143,14.571428571428571,10.285714285714286,14.857142857142858,11.0,7.142857142857143,16.428571428571427,22.714285714285715,55.857142857142854,7.0,19.0,9.857142857142858,13.428571428571429,11.857142857142858,5.285714285714286,19.428571428571427,10.285714285714286,26.125,58.0,4.5,14.125,12.5,13.75,12.125,6.625,18.625,24.75,58.25,5.875,19.5,11.0,14.125,11.875,5.5,18.125,1.125,0.75,0.8,2.0,11.0,-9.0,2158.0373076138967,2210.221814469066
322,26.5,56.625,6.25,17.0,11.875,12.5,9.5,5.75,12.75,23.0,57.5,6.0,17.25,10.125,10.875,9.125,5.625,15.25,10.375,23.142857142857142,50.857142857142854,6.0,13.0,11.285714285714286,11.428571428571429,12.285714285714286,5.0,16.285714285714285,22.714285714285715,55.57142857142857,7.571428571428571,17.428571428571427,11.142857142857142,10.857142857142858,11.714285714285714,7.285714285714286,20.285714285714285,8.714285714285714,0.8,0.75,1.0,4.0,-3.0,2155.800223875536,2252.8617404208867
323,28.0,61.75,5.5,16.75,12.625,16.125,10.375,5.25,16.0,25.0,60.0,6.0,18.875,9.625,11.125,11.25,5.0,19.25,11.75,25.625,57.25,8.125,22.125,13.125,14.875,13.875,10.5,19.0,20.5,50.0,6.25,19.875,11.375,12.25,16.75,8.0,16.75,8.5,0.8,0.8,1.0,13.0,-12.0,2098.469755613873,2164.438668438916
324,22.0,56.0,5.111111111111111,19.0,12.88888888888889,11.88888888888889,14.333333333333334,9.11111111111111,15.666666666666666,22.11111111111111,54.77777777777778,4.444444444444445,16.555555555555557,12.777777777777779,10.88888888888889,16.555555555555557,6.444444444444445,17.666666666666668,3.3333333333333335,24.142857142857142,53.714285714285715,9.142857142857142,23.571428571428573,9.857142857142858,12.714285714285714,9.857142857142858,4.428571428571429,16.0,24.428571428571427,52.857142857142854,6.571428571428571,17.142857142857142,9.428571428571429,13.142857142857142,8.714285714285714,5.142857142857143,15.285714285714286,1.0,0.6666666666666666,0.25,4.0,7.0,-3.0,2037.0602478330436,2109.2902290862603
325,27.5,56.125,4.625,15.0,11.875,13.5,12.0,5.5,16.5,23.625,55.5,7.125,20.625,8.5,12.875,9.25,4.75,16.25,5.875,22.166666666666668,53.5,6.166666666666667,17.5,11.166666666666666,12.333333333333334,10.5,8.166666666666666,13.333333333333334,23.5,60.333333333333336,5.166666666666667,20.5,15.666666666666666,13.166666666666666,13.0,6.333333333333333,16.166666666666668,4.833333333333333,0.8,0.6666666666666666,2.0,1.0,1.0,2100.080529485386,2173.36490294776
326,25.571428571428573,52.0,6.142857142857143,14.571428571428571,10.285714285714286,14.857142857142858,11.0,7.142857142857143,16.428571428571427,22.714285714285715,55.857142857142854,7.0,19.0,9.857142857142858,13.428571428571429,11.857142857142858,5.285714285714286,19.428571428571427,10.285714285714286,28.0,61.75,5.5,16.75,12.625,16.125,10.375,5.25,16.0,25.0,60.0,6.0,18.875,9.625,11.125,11.25,5.0,19.25,11.75,0.75,0.8,2.0,1.0,1.0,2163.0102282613293,2215.951607936817
327,26.5,56.625,6.25,17.0,11.875,12.5,9.5,5.75,12.75,23.0,57.5,6.0,17.25,10.125,10.875,9.125,5.625,15.25,10.375,25.125,57.5,6.625,18.875,13.125,13.875,12.5,6.0,18.875,24.5,54.875,5.625,16.375,10.25,13.75,12.125,7.625,18.375,4.625,0.8,0.6,1.0,3.0,-2.0,2161.0505421041703,2257.5986888561447
328,25.571428571428573,52.0,6.142857142857143,14.571428571428571,10.285714285714286,14.857142857142858,11.0,7.142857142857143,16.428571428571427,22.714285714285715,55.857142857142854,7.0,19.0,9.857142857142858,13.428571428571429,11.857142857142858,5.285714285714286,19.428571428571427,10.285714285714286,27.5,56.125,4.625,15.0,11.875,13.5,12.0,5.5,16.5,23.625,55.5,7.125,20.625,8.5,12.875,9.25,4.75,16.25,5.875,0.75,0.8,2.0,2.0,0.0,2176.2471823551814,2229.796839299632
329,26.5,56.625,6.25,17.0,11.875,12.5,9.5,5.75,12.75,23.0,57.5,6.0,17.25,10.125,10.875,9.125,5.625,15.25,10.375,22.0,56.0,5.111111111111111,19.0,12.88888888888889,11.88888888888889,14.333333333333334,9.11111111111111,15.666666666666666,22.11111111111111,54.77777777777778,4.444444444444445,16.555555555555557,12.777777777777779,10.88888888888889,16.555555555555557,6.444444444444445,17.666666666666668,3.3333333333333335,0.8,0.6666666666666666,1.0,4.0,-3.0,2170.602412942519,2265.6551954152847
330,26.5,56.625,6.25,17.0,11.875,12.5,9.5,5.75,12.75,23.0,57.5,6.0,17.25,10.125,10.875,9.125,5.625,15.25,10.375,25.571428571428573,52.0,6.142857142857143,14.571428571428571,10.285714285714286,14.857142857142858,11.0,7.142857142857143,16.428571428571427,22.714285714285715,55.857142857142854,7.0,19.0,9.857142857142858,13.428571428571429,11.857142857142858,5.285714285714286,19.428571428571427,10.285714285714286,0.8,0.75,1.0,2.0,-1.0,2181.2736529694075,2275.426501115943
331,31.8,56.0,7.4,16.4,8.8,20.0,11.4,7.4,16.6,27.6,56.4,6.4,18.2,10.4,17.8,16.4,4.8,19.0,12.4,25.8,57.8,4.8,18.0,10.0,13.6,13.4,7.8,19.2,24.2,53.4,6.2,18.2,8.8,12.8,16.4,5.4,19.8,0.0,0.5,0.5,14.0,14.0,0.0,1680.15363524082,1760.98077919848
332,23.625,60.375,8.0,26.375,14.75,13.625,11.5,10.875,19.875,20.875,50.125,6.375,16.25,11.25,10.375,17.25,5.75,17.5,4.25,23.142857142857142,52.42857142857143,5.714285714285714,16.857142857142858,11.0,11.285714285714286,14.0,3.857142857142857,18.428571428571427,23.571428571428573,55.142857142857146,4.0,13.0,11.0,11.285714285714286,13.142857142857142,5.0,19.571428571428573,3.0,0.8,1.0,16.0,16.0,0.0,1326.7799443738922,1568.2897434673505
333,23.625,60.375,8.0,26.375,14.75,13.625,11.5,10.875,19.875,20.875,50.125,6.375,16.25,11.25,10.375,17.25,5.75,17.5,4.25,23.142857142857142,52.42857142857143,5.714285714285714,16.857142857142858,11.0,11.285714285714286,14.0,3.857142857142857,18.428571428571427,23.571428571428573,55.142857142857146,4.0,13.0,11.0,11.285714285714286,13.142857142857142,5.0,19.571428571428573,3.0,0.8,1.0,16.0,16.0,0.0,1326.7799443738922,1555.3922072273092
334,23.5,53.166666666666664,4.0,13.166666666666666,9.166666666666666,14.833333333333334,12.833333333333334,4.0,15.0,24.0,57.833333333333336,5.5,16.833333333333332,9.666666666666666,10.0,10.166666666666666,6.333333333333333,19.5,0.8333333333333334,19.571428571428573,46.857142857142854,3.857142857142857,13.285714285714286,9.857142857142858,10.428571428571429,14.142857142857142,4.142857142857143,14.714285714285714,17.571428571428573,51.57142857142857,3.857142857142857,14.571428571428571,10.142857142857142,10.0,9.571428571428571,6.857142857142857,15.571428571428571,1.1428571428571428,0.3333333333333333,0.5,12.0,12.0,0.0,1854.032745412322,1910.4243716313936
335,25.25,57.75,3.375,10.625,13.125,12.5,9.5,7.5,15.125,23.25,56.0,4.125,13.375,10.625,11.25,12.125,4.75,16.25,9.25,22.833333333333332,52.166666666666664,6.333333333333333,20.166666666666668,11.166666666666666,13.166666666666666,13.333333333333334,6.333333333333333,14.833333333333334,21.0,55.666666666666664,5.333333333333333,19.666666666666668,9.166666666666666,9.0,12.0,6.833333333333333,18.333333333333332,11.833333333333334,1.0,1.0,16.0,16.0,0.0,1482.0719169828933,1713.785576743556
336,25.333333333333332,51.833333333333336,6.666666666666667,15.666666666666666,8.5,14.5,9.0,6.166666666666667,13.5,22.5,51.5,5.0,15.666666666666666,7.166666666666667,10.5,11.5,4.666666666666667,15.666666666666666,14.666666666666666,25.125,57.5,6.625,18.875,13.125,13.875,12.5,6.0,18.875,24.5,54.875,5.625,16.375,10.25,13.75,12.125,7.625,18.375,4.625,1.0,0.6,14.0,3.0,11.0,1650.3500009609063,1750.0441763842357
337,21.0,51.57142857142857,7.428571428571429,19.714285714285715,8.714285714285714,14.285714285714286,14.0,7.714285714285714,16.857142857142858,22.0,53.42857142857143,5.714285714285714,20.285714285714285,9.142857142857142,11.142857142857142,14.285714285714286,6.0,18.714285714285715,2.0,22.555555555555557,53.111111111111114,4.0,14.222222222222221,9.333333333333334,8.666666666666666,9.555555555555555,6.888888888888889,15.444444444444445,23.0,53.333333333333336,5.888888888888889,17.333333333333332,9.222222222222221,10.444444444444445,12.333333333333334,5.111111111111111,16.666666666666668,-0.1111111111111111,0.5,0.6666666666666666,6.0,11.0,-5.0,1872.2039461594547,1811.7006215084164
338,22.2,59.6,3.2,14.6,17.8,11.8,11.4,6.6,16.6,24.2,50.2,5.4,16.0,7.0,12.6,12.4,7.4,17.8,-1.8,25.5,53.0,7.5,18.333333333333332,9.166666666666666,13.333333333333334,14.333333333333334,6.5,16.833333333333332,23.833333333333332,59.666666666666664,5.833333333333333,21.833333333333332,11.333333333333334,9.666666666666666,12.666666666666666,7.833333333333333,18.833333333333332,10.833333333333334,0.6666666666666666,0.6666666666666666,10.0,7.0,3.0,1892.2070535327032,1959.591225354205
339,28.375,59.25,5.375,14.875,15.25,16.25,14.0,7.0,18.75,23.625,58.0,5.0,17.75,10.75,11.5,13.75,5.75,21.125,15.25,23.142857142857142,50.857142857142854,6.0,13.0,11.285714285714286,11.428571428571429,12.285714285714286,5.0,16.285714285714285,22.714285714285715,55.57142857142857,7.571428571428571,17.428571428571427,11.142857142857142,10.857142857142858,11.714285714285714,7.285714285714286,20.285714285714285,8.714285714285714,0.8,0.75,13.0,4.0,9.0,1704.2096204707912,1787.3704936601678
340,26.5,58.875,5.875,17.375,12.125,14.375,9.875,4.875,14.5,24.5,62.125,5.875,18.125,15.125,12.125,9.625,5.625,16.625,1.0,25.833333333333332,57.666666666666664,9.0,23.833333333333332,12.0,16.166666666666668,13.0,6.666666666666667,17.166666666666668,25.5,58.166666666666664,4.333333333333333,16.166666666666668,8.833333333333334,12.0,11.666666666666666,5.5,17.666666666666668,4.833333333333333,0.6,0.3333333333333333,9.0,8.0,1.0,1926.0471207663056,1999.8263870936428
341,24.285714285714285,60.42857142857143,5.857142857142857,17.285714285714285,14.142857142857142,9.714285714285714,9.285714285714286,6.428571428571429,18.571428571428573,24.428571428571427,51.142857142857146,7.0,18.571428571428573,7.857142857142857,13.571428571428571,14.285714285714286,4.428571428571429,19.714285714285715,-1.8571428571428572,26.0,53.833333333333336,6.5,16.166666666666668,10.0,16.5,12.333333333333334,6.666666666666667,16.0,24.666666666666668,54.5,7.0,19.5,11.5,13.833333333333334,14.166666666666666,7.833333333333333,18.166666666666668,4.0,0.5,0.6666666666666666,9.0,8.0,1.0,1733.7281212929831,1826.062246852351
342,23.142857142857142,52.42857142857143,5.714285714285714,16.857142857142858,11.0,11.285714285714286,14.0,3.857142857142857,18.428571428571427,23.571428571428573,55.142857142857146,4.0,13.0,11.0,11.285714285714286,13.142857142857142,5.0,19.571428571428573,3.0,26.5,56.625,6.25,17.0,11.875,12.5,9.5,5.75,12.75,23.0,57.5,6.0,17.25,10.125,10.875,9.125,5.625,15.25,10.375,1.0,0.8,16.0,1.0,15.0,1538.2498729824915,1649.4203307445166
343,23.142857142857142,52.42857142857143,5.714285714285714,16.857142857142858,11.0,11.285714285714286,14.0,3.857142857142857,18.428571428571427,23.571428571428573,55.142857142857146,4.0,13.0,11.0,11.285714285714286,13.142857142857142,5.0,19.571428571428573,3.0,26.5,56.625,6.25,17.0,11.875,12.5,9.5,5.75,12.75,23.0,57.5,6.0,17.25,10.125,10.875,9.125,5.625,15.25,10.375,1.0,0.8,16.0,1.0,15.0,1538.2498729824915,1609.4425911938702
344,28.666666666666668,62.833333333333336,6.0,22.333333333333332,11.833333333333334,13.666666666666666,9.833333333333334,6.0,18.666666666666668,24.0,58.666666666666664,4.5,13.333333333333334,10.166666666666666,9.0,11.333333333333334,5.166666666666667,17.5,9.666666666666666,22.0,56.0,5.111111111111111,19.0,12.88888888888889,11.88888888888889,14.333333333333334,9.11111111111111,15.666666666666666,22.11111111111111,54.77777777777778,4.444444444444445,16.555555555555557,12.777777777777779,10.88888888888889,16.555555555555557,6.444444444444445,17.666666666666668,3.3333333333333335,1.0,0.6666666666666666,13.0,4.0,9.0,1649.6322223776303,1760.294251809992
345,25.8,57.8,4.8,18.0,10.0,13.6,13.4,7.8,19.2,24.2,53.4,6.2,18.2,8.8,12.8,16.4,5.4,19.8,0.0,25.5,56.333333333333336,5.166666666666667,17.5,11.833333333333334,13.833333333333334,15.5,8.833333333333334,16.666666666666668,26.0,64.0,4.833333333333333,17.833333333333332,16.166666666666668,13.5,16.0,9.0,19.5,3.8333333333333335,0.5,0.3333333333333333,14.0,3.0,11.0,1917.364595295862,1989.722508182691
346,24.571428571428573,53.0,5.285714285714286,13.857142857142858,8.142857142857142,11.428571428571429,9.714285714285714,5.285714285714286,16.571428571428573,22.428571428571427,53.57142857142857,7.142857142857143,20.0,9.428571428571429,12.714285714285714,10.714285714285714,4.285714285714286,16.142857142857142,5.142857142857143,24.0,47.6,7.2,18.2,7.4,12.0,14.0,8.0,16.6,22.4,53.2,4.4,15.6,11.8,11.2,16.2,4.8,18.2,11.8,0.75,1.0,11.0,6.0,5.0,1751.2895880476,1830.8203416934805
347,26.625,58.125,7.125,19.875,12.125,14.25,11.5,7.5,14.25,22.0,56.5,6.0,19.25,12.5,11.375,16.5,4.5,16.75,14.5,23.875,53.25,6.875,20.125,8.75,15.625,11.125,5.125,18.125,21.0,52.5,6.875,19.75,7.25,12.0,11.625,5.125,21.125,8.375,0.8,1.0,12.0,5.0,7.0,1732.3204591325589,1834.083419981797
348,23.5,48.833333333333336,4.666666666666667,12.666666666666666,10.333333333333334,12.833333333333334,13.333333333333334,6.0,18.166666666666668,21.5,54.166666666666664,5.333333333333333,15.833333333333334,11.5,12.666666666666666,12.666666666666666,7.0,18.5,6.333333333333333,27.5,56.125,4.625,15.0,11.875,13.5,12.0,5.5,16.5,23.625,55.5,7.125,20.625,8.5,12.875,9.25,4.75,16.25,5.875,1.0,0.8,15.0,2.0,13.0,1576.5638235122256,1676.2614335382343
349,23.666666666666668,52.333333333333336,4.833333333333333,18.333333333333332,10.833333333333334,15.166666666666666,13.166666666666666,9.333333333333334,17.166666666666668,22.333333333333332,52.5,7.166666666666667,20.166666666666668,10.5,12.333333333333334,17.0,6.0,23.0,11.833333333333334,22.166666666666668,53.5,6.166666666666667,17.5,11.166666666666666,12.333333333333334,10.5,8.166666666666666,13.333333333333334,23.5,60.333333333333336,5.166666666666667,20.5,15.666666666666666,13.166666666666666,13.0,6.333333333333333,16.166666666666668,4.833333333333333,1.0,0.6666666666666666,16.0,1.0,15.0,1532.2986584960945,1686.1787875566897
350,28.6,60.0,7.0,18.8,11.0,13.4,12.2,6.6,15.8,20.2,56.4,7.2,21.6,8.4,8.2,11.4,6.4,14.6,15.2,22.6,54.4,8.0,22.2,9.4,11.2,9.0,12.6,17.4,22.2,49.2,5.0,14.4,11.4,9.2,19.8,4.4,21.8,7.8,0.5,1.0,5.0,12.0,-7.0,1899.9014925973008,1941.083523889848
351,22.6,44.4,5.8,15.2,6.2,14.2,12.4,5.0,14.0,22.2,49.6,6.0,14.6,6.4,10.4,11.0,5.4,18.2,5.6,21.75,51.125,7.625,21.625,10.375,10.75,11.375,5.625,15.875,21.5,53.125,4.375,18.625,11.0,8.875,11.125,6.125,18.0,6.875,1.0,0.8,12.0,5.0,7.0,1703.6342099080318,1827.8712945632744
352,26.5,53.0,7.333333333333333,18.0,9.333333333333334,15.333333333333334,12.166666666666666,7.666666666666667,14.833333333333334,23.166666666666668,57.666666666666664,5.166666666666667,18.333333333333332,11.333333333333334,8.666666666666666,13.666666666666666,5.333333333333333,19.166666666666668,14.166666666666666,21.285714285714285,50.0,8.285714285714286,20.857142857142858,8.428571428571429,12.142857142857142,9.428571428571429,3.857142857142857,15.571428571428571,21.0,49.57142857142857,4.714285714285714,12.857142857142858,9.142857142857142,8.857142857142858,10.285714285714286,3.857142857142857,17.571428571428573,4.0,1.0,0.75,13.0,4.0,9.0,1681.5363431121548,1788.3708105056146
353,25.0,59.142857142857146,5.285714285714286,16.857142857142858,12.714285714285714,11.857142857142858,12.142857142857142,6.285714285714286,20.0,24.428571428571427,53.57142857142857,5.571428571428571,15.0,10.0,12.428571428571429,13.0,6.428571428571429,18.428571428571427,-3.2857142857142856,22.875,57.625,6.125,20.75,12.75,11.75,9.875,8.125,13.75,22.0,56.0,5.625,18.75,13.375,12.75,12.75,4.875,14.125,2.75,0.5,0.8,11.0,6.0,5.0,1914.601380343914,1968.379551690472
354,20.714285714285715,46.857142857142854,4.142857142857143,12.142857142857142,9.142857142857142,9.857142857142858,12.571428571428571,6.857142857142857,18.285714285714285,19.714285714285715,48.142857142857146,6.0,19.714285714285715,8.571428571428571,10.571428571428571,12.714285714285714,5.142857142857143,19.142857142857142,5.714285714285714,28.0,56.166666666666664,7.0,19.166666666666668,9.5,15.666666666666666,10.333333333333334,3.8333333333333335,17.166666666666668,26.666666666666668,58.0,6.166666666666667,16.333333333333332,7.0,14.0,9.0,5.666666666666667,20.0,7.166666666666667,0.5,1.0,9.0,8.0,1.0,1848.1434851029212,1936.2586464080428
355,23.166666666666668,51.0,4.833333333333333,13.666666666666666,6.166666666666667,11.0,10.166666666666666,6.5,17.166666666666668,20.666666666666668,50.0,6.166666666666667,16.166666666666668,9.0,9.666666666666666,13.0,5.666666666666667,16.0,3.8333333333333335,24.142857142857142,53.714285714285715,9.142857142857142,23.571428571428573,9.857142857142858,12.714285714285714,9.857142857142858,4.428571428571429,16.0,24.428571428571427,52.857142857142854,6.571428571428571,17.142857142857142,9.428571428571429,13.142857142857142,8.714285714285714,5.142857142857143,15.285714285714286,1.0,0.3333333333333333,0.25,10.0,7.0,3.0,1828.18525861582,1900.1609333291933
356,26.5,54.625,6.625,16.375,12.5,15.875,12.25,4.25,18.125,24.125,57.75,5.625,19.5,11.25,11.375,9.0,5.75,18.625,9.375,25.75,54.625,6.75,16.875,10.125,13.75,14.75,5.125,19.125,23.125,57.5,6.875,19.75,13.125,11.25,12.75,6.75,18.875,2.25,0.8,1.0,14.0,3.0,11.0,1721.0423959904092,1801.895519505528
357,25.714285714285715,54.285714285714285,9.428571428571429,23.0,10.142857142857142,15.857142857142858,13.0,5.142857142857143,15.714285714285714,23.428571428571427,58.857142857142854,5.285714285714286,17.0,10.285714285714286,10.571428571428571,12.714285714285714,6.428571428571429,19.285714285714285,15.428571428571429,23.0,50.42857142857143,4.285714285714286,13.571428571428571,10.571428571428571,12.285714285714286,12.714285714285714,4.428571428571429,18.285714285714285,19.857142857142858,52.0,3.857142857142857,16.714285714285715,10.142857142857142,11.0,10.142857142857142,8.142857142857142,18.285714285714285,3.857142857142857,1.0,0.5,14.0,3.0,11.0,1684.3648553748578,1829.0788425645285
358,24.714285714285715,53.285714285714285,5.714285714285714,16.428571428571427,10.571428571428571,13.571428571428571,12.142857142857142,7.428571428571429,20.571428571428573,22.857142857142858,50.857142857142854,5.857142857142857,17.714285714285715,9.285714285714286,12.571428571428571,15.142857142857142,5.571428571428571,20.285714285714285,7.428571428571429,25.571428571428573,52.0,6.142857142857143,14.571428571428571,10.285714285714286,14.857142857142858,11.0,7.142857142857143,16.428571428571427,22.714285714285715,55.857142857142854,7.0,19.0,9.857142857142858,13.428571428571429,11.857142857142858,5.285714285714286,19.428571428571427,10.285714285714286,1.0,0.75,15.0,2.0,13.0,1686.697115080555,1751.6561825427846
359,22.285714285714285,54.57142857142857,7.857142857142857,23.0,11.428571428571429,10.571428571428571,12.0,5.0,17.714285714285715,24.142857142857142,58.42857142857143,4.714285714285714,14.142857142857142,11.428571428571429,10.714285714285714,11.142857142857142,3.4285714285714284,19.571428571428573,4.142857142857143,27.166666666666668,57.833333333333336,7.666666666666667,20.333333333333332,10.666666666666666,13.5,12.333333333333334,8.333333333333334,16.333333333333332,21.0,54.0,6.333333333333333,18.833333333333332,8.666666666666666,12.0,13.833333333333334,6.333333333333333,15.833333333333334,12.5,0.5,1.0,2.0,15.0,-13.0,2110.258992840531,2174.6678550420074
360,28.666666666666668,59.166666666666664,8.166666666666666,22.0,11.0,16.833333333333332,13.0,5.5,15.166666666666666,33.333333333333336,69.5,5.833333333333333,17.166666666666668,13.166666666666666,15.5,12.0,7.166666666666667,24.0,4.166666666666667,24.875,51.25,6.5,16.0,8.125,14.0,10.75,6.125,16.125,21.125,53.625,5.375,16.75,10.125,10.875,10.25,6.625,17.375,8.0,1.0,0.6,16.0,1.0,15.0,1576.918459791696,1731.6149429899476
361,24.375,54.875,5.625,16.0,10.75,11.25,11.625,4.5,18.25,22.25,54.625,7.25,20.25,7.625,10.25,9.75,5.375,18.25,4.75,26.125,58.0,4.5,14.125,12.5,13.75,12.125,6.625,18.625,24.75,58.25,5.875,19.5,11.0,14.125,11.875,5.5,18.125,1.125,0.8,0.8,6.0,11.0,-5.0,1951.8592376267236,1989.5794156070556
362,28.125,55.0,9.125,21.625,8.375,17.0,10.0,6.625,15.375,26.0,56.5,6.875,17.25,10.625,14.375,11.5,5.25,18.25,9.125,24.428571428571427,53.714285714285715,6.0,17.571428571428573,10.571428571428571,13.428571428571429,12.142857142857142,4.285714285714286,16.285714285714285,23.0,57.285714285714285,6.285714285714286,17.571428571428573,11.857142857142858,9.714285714285714,12.714285714285714,5.142857142857143,19.428571428571427,8.285714285714286,1.0,1.0,2.0,15.0,-13.0,2056.4504806028253,2092.49554049568
363,22.833333333333332,52.166666666666664,6.333333333333333,20.166666666666668,11.166666666666666,13.166666666666666,13.333333333333334,6.333333333333333,14.833333333333334,21.0,55.666666666666664,5.333333333333333,19.666666666666668,9.166666666666666,9.0,12.0,6.833333333333333,18.333333333333332,11.833333333333334,28.0,61.75,5.5,16.75,12.625,16.125,10.375,5.25,16.0,25.0,60.0,6.0,18.875,9.625,11.125,11.25,5.0,19.25,11.75,1.0,0.8,16.0,1.0,15.0,1558.7746766635598,1631.0899323956244
364,22.142857142857142,50.57142857142857,8.142857142857142,23.142857142857142,8.571428571428571,10.285714285714286,11.142857142857142,4.571428571428571,16.428571428571427,23.571428571428573,54.142857142857146,5.285714285714286,16.0,11.571428571428571,11.571428571428571,11.285714285714286,5.857142857142857,16.428571428571427,0.2857142857142857,25.625,57.25,8.125,22.125,13.125,14.875,13.875,10.5,19.0,20.5,50.0,6.25,19.875,11.375,12.25,16.75,8.0,16.75,8.5,0.75,0.8,4.0,13.0,-9.0,1940.9978642506785,2014.758832963431
365,24.2,51.4,6.2,19.4,9.6,14.0,11.8,5.8,14.0,24.2,54.8,6.6,19.6,7.6,12.0,10.2,5.8,19.0,5.8,26.714285714285715,56.857142857142854,9.714285714285714,22.857142857142858,9.142857142857142,15.0,8.0,5.142857142857143,13.571428571428571,27.285714285714285,55.142857142857146,6.857142857142857,20.428571428571427,7.0,14.285714285714286,9.714285714285714,4.142857142857143,15.285714285714286,4.571428571428571,1.0,0.5,7.0,10.0,-3.0,1888.0018542488367,1959.7718387952011
366,27.833333333333332,58.666666666666664,6.5,16.166666666666668,10.666666666666666,17.333333333333332,14.333333333333334,8.666666666666666,16.666666666666668,27.0,62.0,7.833333333333333,18.833333333333332,11.5,13.0,13.333333333333334,8.333333333333334,17.166666666666668,4.333333333333333,19.571428571428573,46.857142857142854,3.857142857142857,13.285714285714286,9.857142857142858,10.428571428571429,14.142857142857142,4.142857142857143,14.714285714285714,17.571428571428573,51.57142857142857,3.857142857142857,14.571428571428571,10.142857142857142,10.0,9.571428571428571,6.857142857142857,15.571428571428571,1.1428571428571428,0.6666666666666666,0.5,5.0,12.0,-7.0,1907.4884017894965,1981.9261862252688
367,26.375,52.25,4.875,14.75,8.25,16.75,12.0,8.5,20.5,19.125,51.375,3.875,14.625,11.75,9.25,15.125,3.875,19.625,19.625,24.166666666666668,57.333333333333336,8.0,23.166666666666668,11.0,15.833333333333334,10.0,5.833333333333333,15.833333333333334,22.0,51.0,4.666666666666667,13.166666666666666,8.333333333333334,9.166666666666666,11.833333333333334,4.0,16.5,7.333333333333333,1.0,0.75,8.0,9.0,-1.0,1901.7401735722808,1961.465512407069
368,22.285714285714285,54.0,6.142857142857143,19.714285714285715,10.571428571428571,14.857142857142858,9.0,6.0,13.142857142857142,23.285714285714285,54.857142857142854,4.571428571428571,14.857142857142858,11.428571428571429,13.428571428571429,11.142857142857142,4.714285714285714,15.285714285714286,0.8571428571428571,23.875,55.125,4.5,14.0,11.125,10.625,11.375,5.25,19.0,23.125,56.375,6.875,22.875,10.0,14.25,12.125,5.625,20.125,-0.125,0.5,0.6,7.0,10.0,-3.0,1956.9319957929167,2027.8212451516288
369,22.555555555555557,53.111111111111114,4.0,14.222222222222221,9.333333333333334,8.666666666666666,9.555555555555555,6.888888888888889,15.444444444444445,23.0,53.333333333333336,5.888888888888889,17.333333333333332,9.222222222222221,10.444444444444445,12.333333333333334,5.111111111111111,16.666666666666668,-0.1111111111111111,25.125,57.5,6.625,18.875,13.125,13.875,12.5,6.0,18.875,24.5,54.875,5.625,16.375,10.25,13.75,12.125,7.625,18.375,4.625,0.6666666666666666,0.6,11.0,3.0,8.0,1852.188797370068,1910.9144421156489
370,22.6,54.4,8.0,22.2,9.4,11.2,9.0,12.6,17.4,22.2,49.2,5.0,14.4,11.4,9.2,19.8,4.4,21.8,7.8,23.142857142857142,50.857142857142854,6.0,13.0,11.285714285714286,11.428571428571429,12.285714285714286,5.0,16.285714285714285,22.714285714285715,55.57142857142857,7.571428571428571,17.428571428571427,11.142857142857142,10.857142857142858,11.714285714285714,7.285714285714286,20.285714285714285,8.714285714285714,1.0,0.75,12.0,4.0,8.0,1896.039034959077,1980.015355128288
371,25.833333333333332,57.666666666666664,9.0,23.833333333333332,12.0,16.166666666666668,13.0,6.666666666666667,17.166666666666668,25.5,58.166666666666664,4.333333333333333,16.166666666666668,8.833333333333334,12.0,11.666666666666666,5.5,17.666666666666668,4.833333333333333,26.5,56.625,6.25,17.0,11.875,12.5,9.5,5.75,12.75,23.0,57.5,6.0,17.25,10.125,10.875,9.125,5.625,15.25,10.375,0.3333333333333333,0.8,8.0,1.0,7.0,1869.970259653429,1914.0518732138128
372,23.875,53.25,6.875,20.125,8.75,15.625,11.125,5.125,18.125,21.0,52.5,6.875,19.75,7.25,12.0,11.625,5.125,21.125,8.375,22.0,56.0,5.111111111111111,19.0,12.88888888888889,11.88888888888889,14.333333333333334,9.11111111111111,15.666666666666666,22.11111111111111,54.77777777777778,4.444444444444445,16.555555555555557,12.777777777777779,10.88888888888889,16.555555555555557,6.444444444444445,17.666666666666668,3.3333333333333335,1.0,0.6666666666666666,5.0,4.0,1.0,1927.8269625131732,1983.936254343907
373,24.0,47.6,7.2,18.2,7.4,12.0,14.0,8.0,16.6,22.4,53.2,4.4,15.6,11.8,11.2,16.2,4.8,18.2,11.8,25.5,56.333333333333336,5.166666666666667,17.5,11.833333333333334,13.833333333333334,15.5,8.833333333333334,16.666666666666668,26.0,64.0,4.833333333333333,17.833333333333332,16.166666666666668,13.5,16.0,9.0,19.5,3.8333333333333335,1.0,0.3333333333333333,6.0,3.0,3.0,1806.8189785217985,1803.4009240849423
374,25.5,53.0,7.5,18.333333333333332,9.166666666666666,13.333333333333334,14.333333333333334,6.5,16.833333333333332,23.833333333333332,59.666666666666664,5.833333333333333,21.833333333333332,11.333333333333334,9.666666666666666,12.666666666666666,7.833333333333333,18.833333333333332,10.833333333333334,27.5,56.125,4.625,15.0,11.875,13.5,12.0,5.5,16.5,23.625,55.5,7.125,20.625,8.5,12.875,9.25,4.75,16.25,5.875,0.6666666666666666,0.8,7.0,2.0,5.0,1958.136525853524,2025.3416217946008
375,26.0,53.833333333333336,6.5,16.166666666666668,10.0,16.5,12.333333333333334,6.666666666666667,16.0,24.666666666666668,54.5,7.0,19.5,11.5,13.833333333333334,14.166666666666666,7.833333333333333,18.166666666666668,4.0,22.166666666666668,53.5,6.166666666666667,17.5,11.166666666666666,12.333333333333334,10.5,8.166666666666666,13.333333333333334,23.5,60.333333333333336,5.166666666666667,20.5,15.666666666666666,13.166666666666666,13.0,6.333333333333333,16.166666666666668,4.833333333333333,0.6666666666666666,0.6666666666666666,8.0,1.0,7.0,1944.7134878364343,1998.6730473386929
376,21.75,51.125,7.625,21.625,10.375,10.75,11.375,5.625,15.875,21.5,53.125,4.375,18.625,11.0,8.875,11.125,6.125,18.0,6.875,21.285714285714285,50.0,8.285714285714286,20.857142857142858,8.428571428571429,12.142857142857142,9.428571428571429,3.857142857142857,15.571428571428571,21.0,49.57142857142857,4.714285714285714,12.857142857142858,9.142857142857142,8.857142857142858,10.285714285714286,3.857142857142857,17.571428571428573,4.0,0.8,0.75,5.0,4.0,1.0,1950.4796247517097,2034.7049228359567
377,25.75,54.625,6.75,16.875,10.125,13.75,14.75,5.125,19.125,23.125,57.5,6.875,19.75,13.125,11.25,12.75,6.75,18.875,2.25,22.875,57.625,6.125,20.75,12.75,11.75,9.875,8.125,13.75,22.0,56.0,5.625,18.75,13.375,12.75,12.75,4.875,14.125,2.75,1.0,0.8,3.0,6.0,-3.0,1996.7199645740725,2066.592218241198
378,24.428571428571427,53.714285714285715,6.0,17.571428571428573,10.571428571428571,13.428571428571429,12.142857142857142,4.285714285714286,16.285714285714285,23.0,57.285714285714285,6.285714285714286,17.571428571428573,11.857142857142858,9.714285714285714,12.714285714285714,5.142857142857143,19.428571428571427,8.285714285714286,24.142857142857142,53.714285714285715,9.142857142857142,23.571428571428573,9.857142857142858,12.714285714285714,9.857142857142858,4.428571428571429,16.0,24.428571428571427,52.857142857142854,6.571428571428571,17.142857142857142,9.428571428571429,13.142857142857142,8.714285714285714,5.142857142857143,15.285714285714286,1.0,1.0,0.25,15.0,7.0,8.0,1434.68633775504,1614.2398871335793
379,26.714285714285715,56.857142857142854,9.714285714285714,22.857142857142858,9.142857142857142,15.0,8.0,5.142857142857143,13.571428571428571,27.285714285714285,55.142857142857146,6.857142857142857,20.428571428571427,7.0,14.285714285714286,9.714285714285714,4.142857142857143,15.285714285714286,4.571428571428571,25.571428571428573,52.0,6.142857142857143,14.571428571428571,10.285714285714286,14.857142857142858,11.0,7.142857142857143,16.428571428571427,22.714285714285715,55.857142857142854,7.0,19.0,9.857142857142858,13.428571428571429,11.857142857142858,5.285714285714286,19.428571428571427,10.285714285714286,0.5,0.75,10.0,2.0,8.0,1928.9456672472304,1998.6781268067373
380,24.166666666666668,57.333333333333336,8.0,23.166666666666668,11.0,15.833333333333334,10.0,5.833333333333333,15.833333333333334,22.0,51.0,4.666666666666667,13.166666666666666,8.333333333333334,9.166666666666666,11.833333333333334,4.0,16.5,7.333333333333333,24.875,51.25,6.5,16.0,8.125,14.0,10.75,6.125,16.125,21.125,53.625,5.375,16.75,10.125,10.875,10.25,6.625,17.375,8.0,0.75,0.6,9.0,1.0,8.0,1802.9102485324715,1875.3030096519533
381,23.0,50.42857142857143,4.285714285714286,13.571428571428571,10.571428571428571,12.285714285714286,12.714285714285714,4.428571428571429,18.285714285714285,19.857142857142858,52.0,3.857142857142857,16.714285714285715,10.142857142857142,11.0,10.142857142857142,8.142857142857142,18.285714285714285,3.857142857142857,26.125,58.0,4.5,14.125,12.5,13.75,12.125,6.625,18.625,24.75,58.25,5.875,19.5,11.0,14.125,11.875,5.5,18.125,1.125,0.5,0.8,3.0,11.0,-8.0,1952.696645288508,2021.4750971753613
382,28.0,56.166666666666664,7.0,19.166666666666668,9.5,15.666666666666666,10.333333333333334,3.8333333333333335,17.166666666666668,26.666666666666668,58.0,6.166666666666667,16.333333333333332,7.0,14.0,9.0,5.666666666666667,20.0,7.166666666666667,28.0,61.75,5.5,16.75,12.625,16.125,10.375,5.25,16.0,25.0,60.0,6.0,18.875,9.625,11.125,11.25,5.0,19.25,11.75,1.0,0.8,8.0,1.0,7.0,1873.2270520929903,1921.2634502050776
383,19.571428571428573,46.857142857142854,3.857142857142857,13.285714285714286,9.857142857142858,10.428571428571429,14.142857142857142,4.142857142857143,14.714285714285714,17.571428571428573,51.57142857142857,3.857142857142857,14.571428571428571,10.142857142857142,10.0,9.571428571428571,6.857142857142857,15.571428571428571,1.1428571428571428,25.625,57.25,8.125,22.125,13.125,14.875,13.875,10.5,19.0,20.5,50.0,6.25,19.875,11.375,12.25,16.75,8.0,16.75,8.5,0.5,0.8,12.0,13.0,-1.0,1853.713417481963,1931.5298693075424
384,27.166666666666668,57.833333333333336,7.666666666666667,20.333333333333332,10.666666666666666,13.5,12.333333333333334,8.333333333333334,16.333333333333332,21.0,54.0,6.333333333333333,18.833333333333332,8.666666666666666,12.0,13.833333333333334,6.333333333333333,15.833333333333334,12.5,23.875,55.125,4.5,14.0,11.125,10.625,11.375,5.25,19.0,23.125,56.375,6.875,22.875,10.0,14.25,12.125,5.625,20.125,-0.125,1.0,0.6,15.0,10.0,5.0,1565.43436159233,1735.8429562391048
385,25.5,56.333333333333336,5.166666666666667,17.5,11.833333333333334,13.833333333333334,15.5,8.833333333333334,16.666666666666668,26.0,64.0,4.833333333333333,17.833333333333332,16.166666666666668,13.5,16.0,9.0,19.5,3.8333333333333335,24.142857142857142,53.714285714285715,9.142857142857142,23.571428571428573,9.857142857142858,12.714285714285714,9.857142857142858,4.428571428571429,16.0,24.428571428571427,52.857142857142854,6.571428571428571,17.142857142857142,9.428571428571429,13.142857142857142,8.714285714285714,5.142857142857143,15.285714285714286,1.0,0.3333333333333333,0.25,3.0,7.0,-4.0,2004.3373260620983,2066.500721714108
386,24.875,51.25,6.5,16.0,8.125,14.0,10.75,6.125,16.125,21.125,53.625,5.375,16.75,10.125,10.875,10.25,6.625,17.375,8.0,22.0,56.0,5.111111111111111,19.0,12.88888888888889,11.88888888888889,14.333333333333334,9.11111111111111,15.666666666666666,22.11111111111111,54.77777777777778,4.444444444444445,16.555555555555557,12.777777777777779,10.88888888888889,16.555555555555557,6.444444444444445,17.666666666666668,3.3333333333333335,0.6,0.6666666666666666,1.0,4.0,-3.0,2031.3426320864448,2105.0009058838687
387,22.875,57.625,6.125,20.75,12.75,11.75,9.875,8.125,13.75,22.0,56.0,5.625,18.75,13.375,12.75,12.75,4.875,14.125,2.75,27.5,56.125,4.625,15.0,11.875,13.5,12.0,5.5,16.5,23.625,55.5,7.125,20.625,8.5,12.875,9.25,4.75,16.25,5.875,0.8,0.8,6.0,2.0,4.0,1993.3638885645544,2064.737133248816
388,21.285714285714285,50.0,8.285714285714286,20.857142857142858,8.428571428571429,12.142857142857142,9.428571428571429,3.857142857142857,15.571428571428571,21.0,49.57142857142857,4.714285714285714,12.857142857142858,9.142857142857142,8.857142857142858,10.285714285714286,3.857142857142857,17.571428571428573,4.0,22.166666666666668,53.5,6.166666666666667,17.5,11.166666666666666,12.333333333333334,10.5,8.166666666666666,13.333333333333334,23.5,60.333333333333336,5.166666666666667,20.5,15.666666666666666,13.166666666666666,13.0,6.333333333333333,16.166666666666668,4.833333333333333,0.75,0.6666666666666666,4.0,1.0,3.0,1996.847557864285,2064.4943040632475
389,23.875,55.125,4.5,14.0,11.125,10.625,11.375,5.25,19.0,23.125,56.375,6.875,22.875,10.0,14.25,12.125,5.625,20.125,-0.125,25.125,57.5,6.625,18.875,13.125,13.875,12.5,6.0,18.875,24.5,54.875,5.625,16.375,10.25,13.75,12.125,7.625,18.375,4.625,0.6,0.6,10.0,3.0,7.0,1842.1850512275928,1895.741679994371
390,26.125,58.0,4.5,14.125,12.5,13.75,12.125,6.625,18.625,24.75,58.25,5.875,19.5,11.0,14.125,11.875,5.5,18.125,1.125,25.571428571428573,52.0,6.142857142857143,14.571428571428571,10.285714285714286,14.857142857142858,11.0,7.142857142857143,16.428571428571427,22.714285714285715,55.857142857142854,7.0,19.0,9.857142857142858,13.428571428571429,11.857142857142858,5.285714285714286,19.428571428571427,10.285714285714286,0.8,0.75,11.0,2.0,9.0,1863.9622726271848,1945.6920067932665
391,23.142857142857142,50.857142857142854,6.0,13.0,11.285714285714286,11.428571428571429,12.285714285714286,5.0,16.285714285714285,22.714285714285715,55.57142857142857,7.571428571428571,17.428571428571427,11.142857142857142,10.857142857142858,11.714285714285714,7.285714285714286,20.285714285714285,8.714285714285714,26.5,56.625,6.25,17.0,11.875,12.5,9.5,5.75,12.75,23.0,57.5,6.0,17.25,10.125,10.875,9.125,5.625,15.25,10.375,0.75,0.8,4.0,1.0,3.0,1872.947026904312,1948.8314172992284
392,25.625,57.25,8.125,22.125,13.125,14.875,13.875,10.5,19.0,20.5,50.0,6.25,19.875,11.375,12.25,16.75,8.0,16.75,8.5,28.0,61.75,5.5,16.75,12.625,16.125,10.375,5.25,16.0,25.0,60.0,6.0,18.875,9.625,11.125,11.25,5.0,19.25,11.75,0.8,0.8,13.0,1.0,12.0,1757.1494785783375,1847.13198297433
393,24.142857142857142,53.714285714285715,9.142857142857142,23.571428571428573,9.857142857142858,12.714285714285714,9.857142857142858,4.428571428571429,16.0,24.428571428571427,52.857142857142854,6.571428571428571,17.142857142857142,9.428571428571429,13.142857142857142,8.714285714285714,5.142857142857143,15.285714285714286,1.0,22.0,56.0,5.111111111111111,19.0,12.88888888888889,11.88888888888889,14.333333333333334,9.11111111111111,15.666666666666666,22.11111111111111,54.77777777777778,4.444444444444445,16.555555555555557,12.777777777777779,10.88888888888889,16.555555555555557,6.444444444444445,17.666666666666668,3.3333333333333335,0.25,0.6666666666666666,7.0,4.0,3.0,1976.5643335253355,2056.343737899067
394,22.166666666666668,53.5,6.166666666666667,17.5,11.166666666666666,12.333333333333334,10.5,8.166666666666666,13.333333333333334,23.5,60.333333333333336,5.166666666666667,20.5,15.666666666666666,13.166666666666666,13.0,6.333333333333333,16.166666666666668,4.833333333333333,27.5,56.125,4.625,15.0,11.875,13.5,12.0,5.5,16.5,23.625,55.5,7.125,20.625,8.5,12.875,9.25,4.75,16.25,5.875,0.6666666666666666,0.8,1.0,2.0,-1.0,2153.6200354690995,2220.6526194051444
395,28.0,61.75,5.5,16.75,12.625,16.125,10.375,5.25,16.0,25.0,60.0,6.0,18.875,9.625,11.125,11.25,5.0,19.25,11.75,25.571428571428573,52.0,6.142857142857143,14.571428571428571,10.285714285714286,14.857142857142858,11.0,7.142857142857143,16.428571428571427,22.714285714285715,55.857142857142854,7.0,19.0,9.857142857142858,13.428571428571429,11.857142857142858,5.285714285714286,19.428571428571427,10.285714285714286,0.8,0.75,1.0,2.0,-1.0,2102.4041168976773,2168.8754074619246
396,25.125,57.5,6.625,18.875,13.125,13.875,12.5,6.0,18.875,24.5,54.875,5.625,16.375,10.25,13.75,12.125,7.625,18.375,4.625,26.5,56.625,6.25,17.0,11.875,12.5,9.5,5.75,12.75,23.0,57.5,6.0,17.25,10.125,10.875,9.125,5.625,15.25,10.375,0.6,0.8,3.0,1.0,2.0,2012.613857588396,2068.382388538364
397,27.5,56.125,4.625,15.0,11.875,13.5,12.0,5.5,16.5,23.625,55.5,7.125,20.625,8.5,12.875,9.25,4.75,16.25,5.875,25.571428571428573,52.0,6.142857142857143,14.571428571428571,10.285714285714286,14.857142857142858,11.0,7.142857142857143,16.428571428571427,22.714285714285715,55.857142857142854,7.0,19.0,9.857142857142858,13.428571428571429,11.857142857142858,5.285714285714286,19.428571428571427,10.285714285714286,0.8,0.75,2.0,2.0,0.0,2118.526782102112,2191.5292348057887
398,22.0,56.0,5.111111111111111,19.0,12.88888888888889,11.88888888888889,14.333333333333334,9.11111111111111,15.666666666666666,22.11111111111111,54.77777777777778,4.444444444444445,16.555555555555557,12.777777777777779,10.88888888888889,16.555555555555557,6.444444444444445,17.666666666666668,3.3333333333333335,26.5,56.625,6.25,17.0,11.875,12.5,9.5,5.75,12.75,23.0,57.5,6.0,17.25,10.125,10.875,9.125,5.625,15.25,10.375,0.6666666666666666,0.8,4.0,1.0,3.0,2050.3021256190136,2122.8706543740423
399,25.571428571428573,52.0,6.142857142857143,14.571428571428571,10.285714285714286,14.857142857142858,11.0,7.142857142857143,16.428571428571427,22.714285714285715,55.857142857142854,7.0,19.0,9.857142857142858,13.428571428571429,11.857142857142858,5.285714285714286,19.428571428571427,10.285714285714286,26.5,56.625,6.25,17.0,11.875,12.5,9.5,5.75,12.75,23.0,57.5,6.0,17.25,10.125,10.875,9.125,5.625,15.25,10.375,0.75,0.8,2.0,1.0,1.0,2189.613247477,2244.0416429653537
400,19.625,49.375,5.375,17.625,9.75,10.625,15.125,7.625,18.375,17.875,49.5,5.25,17.0,12.25,8.875,18.625,5.375,18.75,5.875,23.714285714285715,53.42857142857143,6.571428571428571,16.142857142857142,9.285714285714286,11.0,10.857142857142858,3.7142857142857144,17.428571428571427,23.285714285714285,60.42857142857143,7.142857142857143,24.428571428571427,12.714285714285714,10.0,7.857142857142857,5.571428571428571,19.428571428571427,5.428571428571429,0.8333333333333334,1.0,16.0,16.0,0.0,1289.0611223619023,1499.9041312249874
401,25.2,59.8,6.6,20.6,15.8,14.0,9.6,6.0,17.8,21.2,52.8,4.6,15.4,9.4,10.6,10.4,5.6,17.2,9.8,24.8,52.0,5.2,14.4,10.6,12.6,11.6,4.8,20.2,19.4,50.8,5.4,16.2,10.8,10.4,12.6,4.8,20.6,14.0,0.5,0.5,11.0,11.0,0.0,1902.2294382383889,1982.3897830468852
402,24.2,54.4,5.8,18.6,8.6,10.6,10.6,9.0,15.8,22.2,50.4,5.0,17.6,8.8,10.2,14.8,5.8,14.2,3.4,30.166666666666668,56.166666666666664,7.833333333333333,17.5,10.833333333333334,16.166666666666668,13.666666666666666,7.5,19.0,29.5,65.16666666666667,7.166666666666667,20.5,15.0,13.833333333333334,12.166666666666666,5.5,22.666666666666668,7.833333333333333,1.0,1.0,16.0,16.0,0.0,1535.3038556351812,1665.180842711238
403,25.6,54.2,8.0,21.4,7.2,14.8,10.8,7.2,14.8,28.4,57.8,3.4,12.6,10.4,15.2,13.4,5.2,16.0,3.8,23.833333333333332,54.166666666666664,7.666666666666667,20.166666666666668,9.666666666666666,11.166666666666666,12.333333333333334,5.833333333333333,21.333333333333332,19.166666666666668,47.333333333333336,4.666666666666667,15.166666666666666,7.666666666666667,9.833333333333334,12.0,6.5,17.166666666666668,7.0,0.3333333333333333,0.3333333333333333,13.0,13.0,0.0,1750.2339391016942,1828.0394314866896
404,25.0,55.166666666666664,8.666666666666666,22.333333333333332,10.5,14.833333333333334,12.5,6.333333333333333,17.166666666666668,24.333333333333332,51.833333333333336,5.166666666666667,13.666666666666666,7.833333333333333,12.5,12.166666666666666,6.833333333333333,17.333333333333332,4.0,27.0,53.6,6.0,19.6,9.8,14.4,13.0,8.8,17.2,22.6,51.8,8.0,21.8,10.2,11.8,18.2,5.8,20.6,13.4,0.6666666666666666,1.0,6.0,11.0,-5.0,1917.564717933003,1955.370626103586
405,23.333333333333332,52.833333333333336,5.0,17.666666666666668,12.166666666666666,12.333333333333334,15.0,5.333333333333333,17.0,23.0,51.166666666666664,5.666666666666667,16.0,6.833333333333333,10.833333333333334,11.166666666666666,9.666666666666666,18.333333333333332,-1.6666666666666667,23.666666666666668,52.5,4.666666666666667,12.333333333333334,10.0,13.333333333333334,7.166666666666667,3.6666666666666665,12.5,19.333333333333332,51.833333333333336,4.166666666666667,15.0,8.0,10.666666666666666,8.333333333333334,3.3333333333333335,15.833333333333334,14.0,0.8,1.0,6.0,11.0,-5.0,1876.1356137657128,1926.959806364856
406,24.4,56.8,4.4,15.8,10.6,12.2,11.6,4.4,17.4,20.2,56.4,6.2,17.4,11.6,10.6,8.8,5.8,14.4,2.4,23.571428571428573,54.857142857142854,6.428571428571429,19.571428571428573,9.857142857142858,13.142857142857142,11.285714285714286,6.142857142857143,15.142857142857142,22.142857142857142,57.285714285714285,7.571428571428571,20.142857142857142,9.571428571428571,12.714285714285714,11.428571428571429,4.428571428571429,16.428571428571427,7.714285714285714,0.0,0.6,12.0,5.0,7.0,1830.8572971852432,1901.2789973227184
407,25.0,55.714285714285715,4.428571428571429,14.0,14.428571428571429,11.571428571428571,9.571428571428571,4.142857142857143,18.857142857142858,23.571428571428573,47.57142857142857,7.0,16.714285714285715,6.571428571428571,9.571428571428571,10.857142857142858,4.857142857142857,22.142857142857142,2.0,28.428571428571427,56.857142857142854,5.571428571428571,16.0,12.142857142857142,14.857142857142858,12.857142857142858,5.714285714285714,17.428571428571427,23.714285714285715,59.42857142857143,7.428571428571429,21.857142857142858,12.571428571428571,10.571428571428571,10.857142857142858,6.428571428571429,18.285714285714285,9.428571428571429,0.75,0.5,8.0,9.0,-1.0,1822.8343290203304,1889.7461536933731
408,25.6,53.0,5.8,19.0,10.2,14.6,9.0,7.2,15.6,18.0,53.8,5.6,19.6,11.6,9.0,11.8,5.2,20.2,19.4,20.0,50.2,5.4,16.0,8.4,9.8,10.8,8.6,16.2,18.2,50.0,5.4,15.0,11.0,8.8,16.4,5.2,18.8,7.2,1.0,1.0,1.0,16.0,-15.0,2049.298002082181,2119.822875513383
409,19.4,42.2,5.6,14.2,5.0,10.4,10.8,6.0,14.2,22.0,50.4,3.6,13.0,10.2,10.4,11.4,5.2,21.6,2.4,23.125,49.0,7.375,18.375,7.625,17.0,8.0,4.75,15.5,21.75,58.0,7.75,24.375,12.25,12.125,8.625,4.875,18.5,9.0,1.0,0.8,14.0,3.0,11.0,1652.9610263657564,1760.695336915
410,24.375,54.5,6.125,16.125,12.25,14.875,12.75,10.875,16.875,20.75,54.25,5.25,16.875,14.5,12.0,18.625,5.625,18.75,15.5,19.625,49.375,5.375,17.625,9.75,10.625,15.125,7.625,18.375,17.875,49.5,5.25,17.0,12.25,8.875,18.625,5.375,18.75,5.875,1.0,0.8333333333333334,1.0,16.0,-15.0,2127.947941420824,2194.2121308253386
411,24.333333333333332,51.833333333333336,4.333333333333333,14.666666666666666,12.5,13.666666666666666,15.833333333333334,6.666666666666667,15.5,24.666666666666668,58.0,5.333333333333333,17.833333333333332,12.833333333333334,14.5,11.5,7.0,17.166666666666668,1.1666666666666667,27.166666666666668,53.0,7.5,20.0,7.5,15.5,9.5,5.166666666666667,17.5,21.166666666666668,52.666666666666664,3.5,13.666666666666666,8.666666666666666,6.0,12.166666666666666,5.333333333333333,19.833333333333332,16.0,0.6666666666666666,1.0,3.0,14.0,-11.0,1996.741817937068,2056.3694735071576
412,28.75,60.75,8.625,19.75,11.5,18.875,13.625,8.375,18.375,24.875,59.75,5.375,17.375,11.375,10.75,13.875,6.875,18.25,9.5,25.2,59.8,6.6,20.6,15.8,14.0,9.6,6.0,17.8,21.2,52.8,4.6,15.4,9.4,10.6,10.4,5.6,17.2,9.8,1.0,0.5,6.0,11.0,-5.0,1965.672527843388,2031.730158708128
413,26.285714285714285,58.57142857142857,5.285714285714286,17.285714285714285,10.857142857142858,12.142857142857142,8.285714285714286,7.428571428571429,15.857142857142858,25.142857142857142,59.142857142857146,6.571428571428571,17.857142857142858,13.428571428571429,11.857142857142858,12.0,4.571428571428571,16.857142857142858,2.857142857142857,27.0,50.8,7.0,16.6,6.8,14.6,10.6,4.0,11.8,25.6,55.6,7.2,20.6,6.0,11.6,9.4,7.2,17.2,9.2,0.5,1.0,4.0,13.0,-9.0,1972.1420060673847,2047.372467568908
414,22.166666666666668,52.5,4.333333333333333,14.5,12.5,11.5,13.166666666666666,6.833333333333333,14.166666666666666,21.666666666666668,52.833333333333336,4.666666666666667,20.333333333333332,9.833333333333334,11.666666666666666,10.666666666666666,7.333333333333333,15.5,2.6666666666666665,25.4,45.8,7.2,17.8,6.6,13.4,14.6,6.8,15.0,23.2,55.8,5.2,15.4,8.6,11.4,10.8,6.6,19.0,11.8,0.75,1.0,3.0,14.0,-11.0,2022.5645720187647,2095.9516059943444
415,25.571428571428573,57.57142857142857,4.857142857142857,13.285714285714286,10.857142857142858,12.142857142857142,13.0,7.428571428571429,16.857142857142858,24.285714285714285,54.857142857142854,5.714285714285714,14.571428571428571,9.571428571428571,9.714285714285714,15.571428571428571,6.857142857142857,19.0,2.7142857142857144,24.0,52.142857142857146,3.857142857142857,14.428571428571429,8.714285714285714,10.571428571428571,12.857142857142858,7.142857142857143,19.857142857142858,21.428571428571427,56.857142857142854,6.285714285714286,20.571428571428573,13.0,11.142857142857142,13.571428571428571,6.571428571428571,20.428571428571427,4.571428571428571,0.6,0.5,12.0,5.0,7.0,1878.1998778619975,1943.91186395036
416,22.0,52.857142857142854,5.571428571428571,18.0,10.428571428571429,11.714285714285714,13.0,8.857142857142858,19.857142857142858,20.571428571428573,53.42857142857143,3.5714285714285716,14.285714285714286,10.714285714285714,10.142857142857142,15.428571428571429,6.142857142857143,21.714285714285715,10.285714285714286,22.571428571428573,46.57142857142857,4.142857142857143,11.0,10.142857142857142,9.142857142857142,14.571428571428571,6.0,15.142857142857142,20.857142857142858,52.857142857142854,5.571428571428571,16.142857142857142,9.714285714285714,9.857142857142858,13.142857142857142,6.0,22.0,7.571428571428571,0.8,1.0,4.0,13.0,-9.0,1934.2974181532215,1878.7684579479253
417,21.666666666666668,53.0,6.333333333333333,17.77777777777778,13.555555555555555,12.555555555555555,13.222222222222221,6.222222222222222,17.666666666666668,20.333333333333332,51.22222222222222,6.666666666666667,20.555555555555557,13.11111111111111,14.88888888888889,12.11111111111111,7.888888888888889,17.666666666666668,-2.111111111111111,24.857142857142858,51.714285714285715,6.428571428571429,18.142857142857142,8.0,10.428571428571429,11.857142857142858,4.428571428571429,16.714285714285715,23.428571428571427,56.0,5.142857142857143,17.285714285714285,10.714285714285714,9.714285714285714,10.714285714285714,5.428571428571429,17.714285714285715,7.142857142857143,0.6666666666666666,1.0,4.0,13.0,-9.0,2047.6430801330628,2113.193192543824
418,27.0,61.285714285714285,7.571428571428571,20.571428571428573,11.428571428571429,12.428571428571429,10.428571428571429,10.857142857142858,22.142857142857142,23.0,48.714285714285715,6.428571428571429,16.428571428571427,10.571428571428571,12.142857142857142,18.857142857142858,5.428571428571429,17.714285714285715,6.428571428571429,25.5,58.0,5.833333333333333,19.166666666666668,13.833333333333334,14.333333333333334,13.333333333333334,7.666666666666667,19.5,23.0,54.333333333333336,5.0,16.666666666666668,9.833333333333334,12.666666666666666,12.833333333333334,6.0,19.833333333333332,4.166666666666667,0.6,0.75,5.0,12.0,-7.0,1902.7466808437075,1973.7761785061928
419,25.833333333333332,58.333333333333336,5.5,17.833333333333332,15.166666666666666,14.166666666666666,10.333333333333334,6.833333333333333,15.833333333333334,23.333333333333332,52.5,8.166666666666666,20.666666666666668,8.166666666666666,14.166666666666666,10.833333333333334,2.6666666666666665,17.333333333333332,3.6666666666666665,24.0,51.0,6.4,15.4,12.8,14.4,12.0,4.4,17.2,19.0,50.0,6.0,16.8,9.6,10.2,10.0,7.0,18.8,11.4,0.6666666666666666,0.5,9.0,8.0,1.0,1843.394337512825,1891.4181088066744
420,24.666666666666668,48.833333333333336,7.5,19.0,8.333333333333334,16.5,12.333333333333334,4.333333333333333,16.666666666666668,22.0,56.166666666666664,5.5,19.0,10.5,11.333333333333334,9.166666666666666,7.333333333333333,18.166666666666668,9.666666666666666,18.5,52.0,5.833333333333333,19.666666666666668,13.166666666666666,9.0,12.333333333333334,6.166666666666667,18.0,21.166666666666668,53.0,4.166666666666667,16.166666666666668,11.666666666666666,11.5,10.666666666666666,5.666666666666667,16.166666666666668,-4.333333333333333,1.0,0.5,7.0,10.0,-3.0,1890.7755495084264,1943.0119573983895
421,26.5,54.5,7.833333333333333,21.0,7.333333333333333,12.333333333333334,9.5,4.833333333333333,18.166666666666668,24.166666666666668,55.833333333333336,4.666666666666667,16.0,11.333333333333334,10.666666666666666,11.833333333333334,3.5,18.166666666666668,9.0,20.166666666666668,46.166666666666664,4.666666666666667,12.333333333333334,9.333333333333334,9.333333333333334,13.833333333333334,5.5,17.0,19.166666666666668,47.666666666666664,5.666666666666667,15.666666666666666,9.0,8.5,13.166666666666666,6.0,19.0,2.8333333333333335,0.6666666666666666,1.0,2.0,15.0,-13.0,2089.691610149815,2156.210719923877
422,24.8,56.6,5.2,16.2,13.0,10.4,11.0,10.0,16.2,20.4,56.0,6.4,22.2,12.8,10.8,15.6,5.4,19.8,11.6,20.857142857142858,49.285714285714285,7.0,18.714285714285715,10.142857142857142,14.0,13.142857142857142,7.571428571428571,18.857142857142858,18.428571428571427,48.714285714285715,5.571428571428571,17.0,10.428571428571429,10.142857142857142,15.285714285714286,7.285714285714286,17.571428571428573,7.571428571428571,1.0,0.5,15.0,2.0,13.0,1490.6461754090535,1657.5116242088482
423,24.0,54.25,6.625,19.125,10.125,11.0,9.75,4.625,14.375,20.875,53.875,5.25,18.5,11.75,9.0,11.125,4.625,15.75,9.25,24.166666666666668,53.166666666666664,5.0,17.833333333333332,10.166666666666666,12.833333333333334,11.0,7.5,17.0,23.0,53.0,6.666666666666667,17.333333333333332,10.833333333333334,12.333333333333334,12.333333333333334,5.666666666666667,19.0,2.3333333333333335,0.6,1.0,3.0,14.0,-11.0,1991.4240700512128,2063.984807692771
424,20.0,56.166666666666664,7.166666666666667,24.0,11.333333333333334,7.5,10.833333333333334,5.5,16.833333333333332,22.833333333333332,49.5,5.833333333333333,17.166666666666668,9.166666666666666,13.5,13.5,6.166666666666667,14.166666666666666,-6.833333333333333,21.5,56.666666666666664,5.833333333333333,17.333333333333332,13.0,8.833333333333334,10.5,5.833333333333333,16.333333333333332,24.333333333333332,58.0,5.5,17.333333333333332,11.666666666666666,11.5,12.166666666666666,4.666666666666667,16.166666666666668,-0.16666666666666666,0.25,0.5,7.0,10.0,-3.0,1843.7910142181836,1925.019747974828
425,23.666666666666668,55.666666666666664,5.666666666666667,17.0,13.5,11.5,12.666666666666666,6.5,19.833333333333332,24.5,58.166666666666664,4.833333333333333,16.333333333333332,14.666666666666666,11.0,11.666666666666666,6.333333333333333,18.666666666666668,0.8333333333333334,24.2,54.4,5.8,18.6,8.6,10.6,10.6,9.0,15.8,22.2,50.4,5.0,17.6,8.8,10.2,14.8,5.8,14.2,3.4,0.5,1.0,1.0,16.0,-15.0,1996.193660535652,2073.665528602793
426,25.428571428571427,56.714285714285715,10.857142857142858,29.285714285714285,9.857142857142858,15.0,12.714285714285714,5.285714285714286,18.0,27.857142857142858,61.857142857142854,6.857142857142857,22.428571428571427,10.571428571428571,15.857142857142858,10.857142857142858,6.714285714285714,20.428571428571427,0.42857142857142855,22.428571428571427,54.57142857142857,7.0,19.571428571428573,12.285714285714286,14.428571428571429,11.142857142857142,5.285714285714286,16.428571428571427,23.714285714285715,54.714285714285715,4.142857142857143,13.285714285714286,10.285714285714286,12.714285714285714,11.142857142857142,6.428571428571429,16.714285714285715,3.857142857142857,0.75,0.6,10.0,7.0,3.0,1896.1032358150885,1951.297867977917
427,29.0,55.5,7.125,16.875,10.375,18.875,14.25,7.125,16.625,21.75,57.625,6.75,21.5,10.5,11.25,13.125,7.375,17.5,17.125,24.142857142857142,51.857142857142854,7.0,16.714285714285715,10.0,11.285714285714286,13.857142857142858,5.571428571428571,20.571428571428573,22.142857142857142,54.57142857142857,5.285714285714286,18.0,11.714285714285714,9.285714285714286,14.571428571428571,4.714285714285714,19.857142857142858,4.285714285714286,0.8,1.0,1.0,16.0,-15.0,2149.4011744861423,2201.743624054887
428,25.6,54.2,8.0,21.4,7.2,14.8,10.8,7.2,14.8,28.4,57.8,3.4,12.6,10.4,15.2,13.4,5.2,16.0,3.8,24.875,56.875,7.625,21.0,12.75,16.125,10.625,7.0,18.875,21.75,50.125,5.125,15.125,11.25,12.625,13.375,5.75,15.125,6.5,0.3333333333333333,0.6,13.0,4.0,9.0,1765.1603509191784,1842.866123310695
429,25.0,54.625,7.875,21.0,10.875,10.0,10.375,4.875,17.25,24.0,51.125,7.375,18.125,7.375,11.625,10.625,5.75,18.125,5.25,22.375,51.625,6.625,16.25,11.125,13.75,10.125,4.875,15.75,21.5,53.5,6.0,22.0,11.0,11.25,11.0,4.5,17.625,6.0,0.8,1.0,2.0,15.0,-13.0,1985.9884380344693,2053.312528199357
430,23.0,53.4,5.4,18.0,14.2,14.8,12.2,3.8,18.4,20.2,52.0,6.0,18.4,9.8,12.0,9.0,5.2,19.6,2.6,25.625,60.125,5.5,16.125,10.75,13.25,10.5,8.625,15.0,26.0,60.125,6.25,17.125,13.875,13.625,14.875,5.75,15.0,2.375,0.0,0.6,11.0,6.0,5.0,1811.5473791632985,1890.5519708828183
431,26.5,57.125,6.75,20.0,9.625,12.75,11.125,8.875,16.0,23.625,57.0,7.875,23.375,10.0,13.5,14.625,5.75,19.0,8.875,21.571428571428573,51.714285714285715,6.714285714285714,22.0,7.857142857142857,13.428571428571429,10.857142857142858,5.571428571428571,13.571428571428571,22.428571428571427,57.142857142857146,3.4285714285714284,13.285714285714286,10.714285714285714,9.285714285714286,10.142857142857142,7.428571428571429,16.285714285714285,2.857142857142857,1.0,0.6,12.0,5.0,7.0,1905.4221740052767,1982.7294261173872
432,27.125,59.625,8.375,21.0,10.5,16.25,9.5,7.375,14.5,25.625,58.0,5.5,18.0,12.0,11.75,14.0,5.375,15.25,6.25,19.333333333333332,47.5,4.0,15.0,9.5,11.333333333333334,16.0,10.0,17.5,22.166666666666668,52.0,7.0,17.166666666666668,10.666666666666666,13.5,18.166666666666668,7.333333333333333,22.0,-0.3333333333333333,0.6,0.6666666666666666,8.0,9.0,-1.0,2013.3096498653588,2074.03406648371
433,23.285714285714285,51.42857142857143,5.142857142857143,17.142857142857142,9.0,12.571428571428571,9.0,7.857142857142857,13.142857142857142,19.714285714285715,49.142857142857146,5.0,17.285714285714285,8.428571428571429,9.857142857142858,12.571428571428571,4.285714285714286,15.571428571428571,10.142857142857142,26.833333333333332,56.666666666666664,5.333333333333333,16.833333333333332,10.833333333333334,15.666666666666666,13.0,6.833333333333333,15.166666666666666,26.166666666666668,58.166666666666664,7.833333333333333,22.333333333333332,10.166666666666666,16.0,13.5,6.0,17.5,5.833333333333333,1.0,1.0,2.0,15.0,-13.0,2108.221270998112,2183.681355665748
434,22.666666666666668,56.0,5.333333333333333,19.333333333333332,10.666666666666666,11.666666666666666,10.833333333333334,7.333333333333333,18.0,21.166666666666668,52.5,7.166666666666667,19.166666666666668,8.5,13.166666666666666,11.333333333333334,3.8333333333333335,19.166666666666668,0.3333333333333333,24.666666666666668,56.5,5.833333333333333,17.0,11.333333333333334,12.333333333333334,10.166666666666666,5.333333333333333,19.5,26.166666666666668,56.833333333333336,8.833333333333334,23.833333333333332,10.166666666666666,13.833333333333334,12.166666666666666,5.833333333333333,21.833333333333332,4.666666666666667,0.5,0.3333333333333333,7.0,10.0,-3.0,1858.0752179123976,1915.1398310479933
435,26.166666666666668,58.0,8.166666666666666,23.5,12.166666666666666,15.166666666666666,11.833333333333334,8.166666666666666,16.333333333333332,24.166666666666668,57.666666666666664,6.333333333333333,16.666666666666668,13.166666666666666,12.166666666666666,14.666666666666666,5.166666666666667,18.833333333333332,8.833333333333334,27.0,55.875,5.5,15.375,12.125,15.25,13.0,7.875,16.25,24.25,57.875,5.25,18.75,11.125,11.75,11.625,5.75,17.0,7.125,0.6666666666666666,0.6,9.0,8.0,1.0,1873.5057897137328,1946.760524203968
436,25.0,55.166666666666664,8.666666666666666,22.333333333333332,10.5,14.833333333333334,12.5,6.333333333333333,17.166666666666668,24.333333333333332,51.833333333333336,5.166666666666667,13.666666666666666,7.833333333333333,12.5,12.166666666666666,6.833333333333333,17.333333333333332,4.0,19.4,42.2,5.6,14.2,5.0,10.4,10.8,6.0,14.2,22.0,50.4,3.6,13.0,10.2,10.4,11.4,5.2,21.6,2.4,0.6666666666666666,1.0,6.0,14.0,-8.0,1926.4980799791465,1967.4725212088576
437,24.375,54.5,6.125,16.125,12.25,14.875,12.75,10.875,16.875,20.75,54.25,5.25,16.875,14.5,12.0,18.625,5.625,18.75,15.5,25.0,55.714285714285715,4.428571428571429,14.0,14.428571428571429,11.571428571428571,9.571428571428571,4.142857142857143,18.857142857142858,23.571428571428573,47.57142857142857,7.0,16.714285714285715,6.571428571428571,9.571428571428571,10.857142857142858,4.857142857142857,22.142857142857142,2.0,1.0,0.75,1.0,8.0,-7.0,2128.2272679293364,2194.8380205535245
438,24.333333333333332,51.833333333333336,4.333333333333333,14.666666666666666,12.5,13.666666666666666,15.833333333333334,6.666666666666667,15.5,24.666666666666668,58.0,5.333333333333333,17.833333333333332,12.833333333333334,14.5,11.5,7.0,17.166666666666668,1.1666666666666667,23.333333333333332,52.833333333333336,5.0,17.666666666666668,12.166666666666666,12.333333333333334,15.0,5.333333333333333,17.0,23.0,51.166666666666664,5.666666666666667,16.0,6.833333333333333,10.833333333333334,11.166666666666666,9.666666666666666,18.333333333333332,-1.6666666666666667,0.6666666666666666,0.8,3.0,6.0,-3.0,2002.8545909548347,2064.167152684824
439,26.285714285714285,58.57142857142857,5.285714285714286,17.285714285714285,10.857142857142858,12.142857142857142,8.285714285714286,7.428571428571429,15.857142857142858,25.142857142857142,59.142857142857146,6.571428571428571,17.857142857142858,13.428571428571429,11.857142857142858,12.0,4.571428571428571,16.857142857142858,2.857142857142857,27.0,61.285714285714285,7.571428571428571,20.571428571428573,11.428571428571429,12.428571428571429,10.428571428571429,10.857142857142858,22.142857142857142,23.0,48.714285714285715,6.428571428571429,16.428571428571427,10.571428571428571,12.142857142857142,18.857142857142858,5.428571428571429,17.714285714285715,6.428571428571429,0.5,0.6,4.0,5.0,-1.0,1976.5762098370717,2052.33419110261
440,22.166666666666668,52.5,4.333333333333333,14.5,12.5,11.5,13.166666666666666,6.833333333333333,14.166666666666666,21.666666666666668,52.833333333333336,4.666666666666667,20.333333333333332,9.833333333333334,11.666666666666666,10.666666666666666,7.333333333333333,15.5,2.6666666666666665,28.75,60.75,8.625,19.75,11.5,18.875,13.625,8.375,18.375,24.875,59.75,5.375,17.375,11.375,10.75,13.875,6.875,18.25,9.5,0.75,1.0,3.0,6.0,-3.0,2028.5036188889085,2101.316725759809
441,25.571428571428573,57.57142857142857,4.857142857142857,13.285714285714286,10.857142857142858,12.142857142857142,13.0,7.428571428571429,16.857142857142858,24.285714285714285,54.857142857142854,5.714285714285714,14.571428571428571,9.571428571428571,9.714285714285714,15.571428571428571,6.857142857142857,19.0,2.7142857142857144,22.0,52.857142857142854,5.571428571428571,18.0,10.428571428571429,11.714285714285714,13.0,8.857142857142858,19.857142857142858,20.571428571428573,53.42857142857143,3.5714285714285716,14.285714285714286,10.714285714285714,10.142857142857142,15.428571428571429,6.142857142857143,21.714285714285715,10.285714285714286,0.6,0.8,12.0,4.0,8.0,1897.02696997984,1962.1323066966024
442,21.666666666666668,53.0,6.333333333333333,17.77777777777778,13.555555555555555,12.555555555555555,13.222222222222221,6.222222222222222,17.666666666666668,20.333333333333332,51.22222222222222,6.666666666666667,20.555555555555557,13.11111111111111,14.88888888888889,12.11111111111111,7.888888888888889,17.666666666666668,-2.111111111111111,24.4,56.8,4.4,15.8,10.6,12.2,11.6,4.4,17.4,20.2,56.4,6.2,17.4,11.6,10.6,8.8,5.8,14.4,2.4,0.6666666666666666,0.0,4.0,12.0,-8.0,2051.417630892377,2117.9618521640464
443,25.833333333333332,58.333333333333336,5.5,17.833333333333332,15.166666666666666,14.166666666666666,10.333333333333334,6.833333333333333,15.833333333333334,23.333333333333332,52.5,8.166666666666666,20.666666666666668,8.166666666666666,14.166666666666666,10.833333333333334,2.6666666666666665,17.333333333333332,3.6666666666666665,25.6,53.0,5.8,19.0,10.2,14.6,9.0,7.2,15.6,18.0,53.8,5.6,19.6,11.6,9.0,11.8,5.2,20.2,19.4,0.6666666666666666,1.0,9.0,1.0,8.0,1862.854741648365,1911.7373588504452
444,26.5,54.5,7.833333333333333,21.0,7.333333333333333,12.333333333333334,9.5,4.833333333333333,18.166666666666668,24.166666666666668,55.833333333333336,4.666666666666667,16.0,11.333333333333334,10.666666666666666,11.833333333333334,3.5,18.166666666666668,9.0,24.666666666666668,48.833333333333336,7.5,19.0,8.333333333333334,16.5,12.333333333333334,4.333333333333333,16.666666666666668,22.0,56.166666666666664,5.5,19.0,10.5,11.333333333333334,9.166666666666666,7.333333333333333,18.166666666666668,9.666666666666666,0.6666666666666666,1.0,2.0,7.0,-5.0,2090.619248019648,2157.739070478156
445,24.8,56.6,5.2,16.2,13.0,10.4,11.0,10.0,16.2,20.4,56.0,6.4,22.2,12.8,10.8,15.6,5.4,19.8,11.6,22.666666666666668,56.0,5.333333333333333,19.333333333333332,10.666666666666666,11.666666666666666,10.833333333333334,7.333333333333333,18.0,21.166666666666668,52.5,7.166666666666667,19.166666666666668,8.5,13.166666666666666,11.333333333333334,3.8333333333333335,19.166666666666668,0.3333333333333333,1.0,0.5,15.0,7.0,8.0,1521.2752678788024,1687.122494976309
446,24.0,54.25,6.625,19.125,10.125,11.0,9.75,4.625,14.375,20.875,53.875,5.25,18.5,11.75,9.0,11.125,4.625,15.75,9.25,23.0,53.4,5.4,18.0,14.2,14.8,12.2,3.8,18.4,20.2,52.0,6.0,18.4,9.8,12.0,9.0,5.2,19.6,2.6,0.6,0.0,3.0,11.0,-8.0,1993.4367799863571,2066.730149799981
447,23.666666666666668,55.666666666666664,5.666666666666667,17.0,13.5,11.5,12.666666666666666,6.5,19.833333333333332,24.5,58.166666666666664,4.833333333333333,16.333333333333332,14.666666666666666,11.0,11.666666666666666,6.333333333333333,18.666666666666668,0.8333333333333334,26.166666666666668,58.0,8.166666666666666,23.5,12.166666666666666,15.166666666666666,11.833333333333334,8.166666666666666,16.333333333333332,24.166666666666668,57.666666666666664,6.333333333333333,16.666666666666668,13.166666666666666,12.166666666666666,14.666666666666666,5.166666666666667,18.833333333333332,8.833333333333334,0.5,0.6666666666666666,1.0,9.0,-8.0,1998.4757537436328,2076.651226761769
448,29.0,55.5,7.125,16.875,10.375,18.875,14.25,7.125,16.625,21.75,57.625,6.75,21.5,10.5,11.25,13.125,7.375,17.5,17.125,27.125,59.625,8.375,21.0,10.5,16.25,9.5,7.375,14.5,25.625,58.0,5.5,18.0,12.0,11.75,14.0,5.375,15.25,6.25,0.8,0.6,1.0,8.0,-7.0,2150.3432231986308,2203.0203684967323
449,25.6,54.2,8.0,21.4,7.2,14.8,10.8,7.2,14.8,28.4,57.8,3.4,12.6,10.4,15.2,13.4,5.2,16.0,3.8,26.5,57.125,6.75,20.0,9.625,12.75,11.125,8.875,16.0,23.625,57.0,7.875,23.375,10.0,13.5,14.625,5.75,19.0,8.875,0.3333333333333333,1.0,13.0,12.0,1.0,1790.8148383591886,1866.328972931404
450,25.0,54.625,7.875,21.0,10.875,10.0,10.375,4.875,17.25,24.0,51.125,7.375,18.125,7.375,11.625,10.625,5.75,18.125,5.25,20.0,56.166666666666664,7.166666666666667,24.0,11.333333333333334,7.5,10.833333333333334,5.5,16.833333333333332,22.833333333333332,49.5,5.833333333333333,17.166666666666668,9.166666666666666,13.5,13.5,6.166666666666667,14.166666666666666,-6.833333333333333,0.8,0.25,2.0,7.0,-5.0,1988.659493568116,2056.609072624069
451,23.285714285714285,51.42857142857143,5.142857142857143,17.142857142857142,9.0,12.571428571428571,9.0,7.857142857142857,13.142857142857142,19.714285714285715,49.142857142857146,5.0,17.285714285714285,8.428571428571429,9.857142857142858,12.571428571428571,4.285714285714286,15.571428571428571,10.142857142857142,25.428571428571427,56.714285714285715,10.857142857142858,29.285714285714285,9.857142857142858,15.0,12.714285714285714,5.285714285714286,18.0,27.857142857142858,61.857142857142854,6.857142857142857,22.428571428571427,10.571428571428571,15.857142857142858,10.857142857142858,6.714285714285714,20.428571428571427,0.42857142857142855,1.0,0.75,2.0,10.0,-8.0,2109.8197766204244,2185.63871188125
452,24.333333333333332,51.833333333333336,4.333333333333333,14.666666666666666,12.5,13.666666666666666,15.833333333333334,6.666666666666667,15.5,24.666666666666668,58.0,5.333333333333333,17.833333333333332,12.833333333333334,14.5,11.5,7.0,17.166666666666668,1.1666666666666667,25.0,54.625,7.875,21.0,10.875,10.0,10.375,4.875,17.25,24.0,51.125,7.375,18.125,7.375,11.625,10.625,5.75,18.125,5.25,0.6666666666666666,0.8,3.0,2.0,1.0,2013.577999567538,2074.602631734662
453,23.285714285714285,51.42857142857143,5.142857142857143,17.142857142857142,9.0,12.571428571428571,9.0,7.857142857142857,13.142857142857142,19.714285714285715,49.142857142857146,5.0,17.285714285714285,8.428571428571429,9.857142857142858,12.571428571428571,4.285714285714286,15.571428571428571,10.142857142857142,25.0,55.166666666666664,8.666666666666666,22.333333333333332,10.5,14.833333333333334,12.5,6.333333333333333,17.166666666666668,24.333333333333332,51.833333333333336,5.166666666666667,13.666666666666666,7.833333333333333,12.5,12.166666666666666,6.833333333333333,17.333333333333332,4.0,1.0,0.6666666666666666,2.0,6.0,-4.0,2117.7019601674897,2192.8541773494144
454,21.666666666666668,53.0,6.333333333333333,17.77777777777778,13.555555555555555,12.555555555555555,13.222222222222221,6.222222222222222,17.666666666666668,20.333333333333332,51.22222222222222,6.666666666666667,20.555555555555557,13.11111111111111,14.88888888888889,12.11111111111111,7.888888888888889,17.666666666666668,-2.111111111111111,23.666666666666668,55.666666666666664,5.666666666666667,17.0,13.5,11.5,12.666666666666666,6.5,19.833333333333332,24.5,58.166666666666664,4.833333333333333,16.333333333333332,14.666666666666666,11.0,11.666666666666666,6.333333333333333,18.666666666666668,0.8333333333333334,0.6666666666666666,0.5,4.0,1.0,3.0,2059.014430066149,2125.627886929126
455,25.833333333333332,58.333333333333336,5.5,17.833333333333332,15.166666666666666,14.166666666666666,10.333333333333334,6.833333333333333,15.833333333333334,23.333333333333332,52.5,8.166666666666666,20.666666666666668,8.166666666666666,14.166666666666666,10.833333333333334,2.6666666666666665,17.333333333333332,3.6666666666666665,25.6,54.2,8.0,21.4,7.2,14.8,10.8,7.2,14.8,28.4,57.8,3.4,12.6,10.4,15.2,13.4,5.2,16.0,3.8,0.6666666666666666,0.3333333333333333,9.0,13.0,-4.0,1886.7140707880133,1936.360235587953
456,26.5,54.5,7.833333333333333,21.0,7.333333333333333,12.333333333333334,9.5,4.833333333333333,18.166666666666668,24.166666666666668,55.833333333333336,4.666666666666667,16.0,11.333333333333334,10.666666666666666,11.833333333333334,3.5,18.166666666666668,9.0,22.166666666666668,52.5,4.333333333333333,14.5,12.5,11.5,13.166666666666666,6.833333333333333,14.166666666666666,21.666666666666668,52.833333333333336,4.666666666666667,20.333333333333332,9.833333333333334,11.666666666666666,10.666666666666666,7.333333333333333,15.5,2.6666666666666665,0.6666666666666666,0.75,2.0,3.0,-1.0,2098.926465929038,2165.5387262937857
457,24.0,54.25,6.625,19.125,10.125,11.0,9.75,4.625,14.375,20.875,53.875,5.25,18.5,11.75,9.0,11.125,4.625,15.75,9.25,24.8,56.6,5.2,16.2,13.0,10.4,11.0,10.0,16.2,20.4,56.0,6.4,22.2,12.8,10.8,15.6,5.4,19.8,11.6,0.6,1.0,3.0,15.0,-12.0,2002.4691047333288,2075.9232550304373
458,24.375,54.5,6.125,16.125,12.25,14.875,12.75,10.875,16.875,20.75,54.25,5.25,16.875,14.5,12.0,18.625,5.625,18.75,15.5,25.571428571428573,57.57142857142857,4.857142857142857,13.285714285714286,10.857142857142858,12.142857142857142,13.0,7.428571428571429,16.857142857142858,24.285714285714285,54.857142857142854,5.714285714285714,14.571428571428571,9.571428571428571,9.714285714285714,15.571428571428571,6.857142857142857,19.0,2.7142857142857144,1.0,0.6,1.0,12.0,-11.0,2133.436203410126,2200.052052182106
459,26.285714285714285,58.57142857142857,5.285714285714286,17.285714285714285,10.857142857142858,12.142857142857142,8.285714285714286,7.428571428571429,15.857142857142858,25.142857142857142,59.142857142857146,6.571428571428571,17.857142857142858,13.428571428571429,11.857142857142858,12.0,4.571428571428571,16.857142857142858,2.857142857142857,29.0,55.5,7.125,16.875,10.375,18.875,14.25,7.125,16.625,21.75,57.625,6.75,21.5,10.5,11.25,13.125,7.375,17.5,17.125,0.5,0.8,4.0,1.0,3.0,1989.6745813575044,2065.25256354346
460,21.666666666666668,53.0,6.333333333333333,17.77777777777778,13.555555555555555,12.555555555555555,13.222222222222221,6.222222222222222,17.666666666666668,20.333333333333332,51.22222222222222,6.666666666666667,20.555555555555557,13.11111111111111,14.88888888888889,12.11111111111111,7.888888888888889,17.666666666666668,-2.111111111111111,24.333333333333332,51.833333333333336,4.333333333333333,14.666666666666666,12.5,13.666666666666666,15.833333333333334,6.666666666666667,15.5,24.666666666666668,58.0,5.333333333333333,17.833333333333332,12.833333333333334,14.5,11.5,7.0,17.166666666666668,1.1666666666666667,0.6666666666666666,0.6666666666666666,4.0,3.0,1.0,2072.7574030278715,2139.8846111993957
461,25.833333333333332,58.333333333333336,5.5,17.833333333333332,15.166666666666666,14.166666666666666,10.333333333333334,6.833333333333333,15.833333333333334,23.333333333333332,52.5,8.166666666666666,20.666666666666668,8.166666666666666,14.166666666666666,10.833333333333334,2.6666666666666665,17.333333333333332,3.6666666666666665,23.285714285714285,51.42857142857143,5.142857142857143,17.142857142857142,9.0,12.571428571428571,9.0,7.857142857142857,13.142857142857142,19.714285714285715,49.142857142857146,5.0,17.285714285714285,8.428571428571429,9.857142857142858,12.571428571428571,4.285714285714286,15.571428571428571,10.142857142857142,0.6666666666666666,1.0,9.0,2.0,7.0,1899.3559073418985,1950.15977622009
462,24.375,54.5,6.125,16.125,12.25,14.875,12.75,10.875,16.875,20.75,54.25,5.25,16.875,14.5,12.0,18.625,5.625,18.75,15.5,26.5,54.5,7.833333333333333,21.0,7.333333333333333,12.333333333333334,9.5,4.833333333333333,18.166666666666668,24.166666666666668,55.833333333333336,4.666666666666667,16.0,11.333333333333334,10.666666666666666,11.833333333333334,3.5,18.166666666666668,9.0,1.0,0.6666666666666666,1.0,2.0,-1.0,2140.524148978415,2206.928237059653
463,26.285714285714285,58.57142857142857,5.285714285714286,17.285714285714285,10.857142857142858,12.142857142857142,8.285714285714286,7.428571428571429,15.857142857142858,25.142857142857142,59.142857142857146,6.571428571428571,17.857142857142858,13.428571428571429,11.857142857142858,12.0,4.571428571428571,16.857142857142858,2.857142857142857,24.0,54.25,6.625,19.125,10.125,11.0,9.75,4.625,14.375,20.875,53.875,5.25,18.5,11.75,9.0,11.125,4.625,15.75,9.25,0.5,0.6,4.0,3.0,1.0,2012.970001124148,2087.7011329466955
464,24.375,54.5,6.125,16.125,12.25,14.875,12.75,10.875,16.875,20.75,54.25,5.25,16.875,14.5,12.0,18.625,5.625,18.75,15.5,25.833333333333332,58.333333333333336,5.5,17.833333333333332,15.166666666666666,14.166666666666666,10.333333333333334,6.833333333333333,15.833333333333334,23.333333333333332,52.5,8.166666666666666,20.666666666666668,8.166666666666666,14.166666666666666,10.833333333333334,2.6666666666666665,17.333333333333332,3.6666666666666665,1.0,0.6666666666666666,1.0,9.0,-8.0,2155.229024946802,2221.6548336536475
465,26.285714285714285,58.57142857142857,5.285714285714286,17.285714285714285,10.857142857142858,12.142857142857142,8.285714285714286,7.428571428571429,15.857142857142858,25.142857142857142,59.142857142857146,6.571428571428571,17.857142857142858,13.428571428571429,11.857142857142858,12.0,4.571428571428571,16.857142857142858,2.857142857142857,21.666666666666668,53.0,6.333333333333333,17.77777777777778,13.555555555555555,12.555555555555555,13.222222222222221,6.222222222222222,17.666666666666668,20.333333333333332,51.22222222222222,6.666666666666667,20.555555555555557,13.11111111111111,14.88888888888889,12.11111111111111,7.888888888888889,17.666666666666668,-2.111111111111111,0.5,0.6666666666666666,4.0,4.0,0.0,2028.5876835204133,2103.320966987133
466,24.375,54.5,6.125,16.125,12.25,14.875,12.75,10.875,16.875,20.75,54.25,5.25,16.875,14.5,12.0,18.625,5.625,18.75,15.5,26.285714285714285,58.57142857142857,5.285714285714286,17.285714285714285,10.857142857142858,12.142857142857142,8.285714285714286,7.428571428571429,15.857142857142858,25.142857142857142,59.142857142857146,6.571428571428571,17.857142857142858,13.428571428571429,11.857142857142858,12.0,4.571428571428571,16.857142857142858,2.857142857142857,1.0,0.5,1.0,4.0,-3.0,2161.9325060647784,2227.9142482522943
467,23.714285714285715,53.42857142857143,6.571428571428571,16.142857142857142,9.285714285714286,11.0,10.857142857142858,3.7142857142857144,17.428571428571427,23.285714285714285,60.42857142857143,7.142857142857143,24.428571428571427,12.714285714285714,10.0,7.857142857142857,5.571428571428571,19.428571428571427,5.428571428571429,19.625,49.375,5.375,17.625,9.75,10.625,15.125,7.625,18.375,17.875,49.5,5.25,17.0,12.25,8.875,18.625,5.375,18.75,5.875,1.0,0.8333333333333334,16.0,16.0,0.0,1306.3324681215115,1462.3783318420406
468,24.8,52.0,5.2,14.4,10.6,12.6,11.6,4.8,20.2,19.4,50.8,5.4,16.2,10.8,10.4,12.6,4.8,20.6,14.0,25.2,59.8,6.6,20.6,15.8,14.0,9.6,6.0,17.8,21.2,52.8,4.6,15.4,9.4,10.6,10.4,5.6,17.2,9.8,0.5,0.5,11.0,11.0,0.0,1740.8513305690524,1847.5679358737789
469,30.166666666666668,56.166666666666664,7.833333333333333,17.5,10.833333333333334,16.166666666666668,13.666666666666666,7.5,19.0,29.5,65.16666666666667,7.166666666666667,20.5,15.0,13.833333333333334,12.166666666666666,5.5,22.666666666666668,7.833333333333333,24.2,54.4,5.8,18.6,8.6,10.6,10.6,9.0,15.8,22.2,50.4,5.0,17.6,8.8,10.2,14.8,5.8,14.2,3.4,1.0,1.0,16.0,16.0,0.0,1513.9067284506996,1609.5147904229204
470,23.833333333333332,54.166666666666664,7.666666666666667,20.166666666666668,9.666666666666666,11.166666666666666,12.333333333333334,5.833333333333333,21.333333333333332,19.166666666666668,47.333333333333336,4.666666666666667,15.166666666666666,7.666666666666667,9.833333333333334,12.0,6.5,17.166666666666668,7.0,25.6,54.2,8.0,21.4,7.2,14.8,10.8,7.2,14.8,28.4,57.8,3.4,12.6,10.4,15.2,13.4,5.2,16.0,3.8,0.3333333333333333,0.3333333333333333,13.0,13.0,0.0,1726.8861861438372,1802.5155504138688
471,27.0,53.6,6.0,19.6,9.8,14.4,13.0,8.8,17.2,22.6,51.8,8.0,21.8,10.2,11.8,18.2,5.8,20.6,13.4,25.0,55.166666666666664,8.666666666666666,22.333333333333332,10.5,14.833333333333334,12.5,6.333333333333333,17.166666666666668,24.333333333333332,51.833333333333336,5.166666666666667,13.666666666666666,7.833333333333333,12.5,12.166666666666666,6.833333333333333,17.333333333333332,4.0,1.0,0.6666666666666666,11.0,6.0,5.0,1752.7769723505387,1868.9872934435195
472,23.666666666666668,52.5,4.666666666666667,12.333333333333334,10.0,13.333333333333334,7.166666666666667,3.6666666666666665,12.5,19.333333333333332,51.833333333333336,4.166666666666667,15.0,8.0,10.666666666666666,8.333333333333334,3.3333333333333335,15.833333333333334,14.0,23.333333333333332,52.833333333333336,5.0,17.666666666666668,12.166666666666666,12.333333333333334,15.0,5.333333333333333,17.0,23.0,51.166666666666664,5.666666666666667,16.0,6.833333333333333,10.833333333333334,11.166666666666666,9.666666666666666,18.333333333333332,-1.6666666666666667,1.0,0.8,11.0,6.0,5.0,1676.2307593052683,1817.422765486474
473,23.571428571428573,54.857142857142854,6.428571428571429,19.571428571428573,9.857142857142858,13.142857142857142,11.285714285714286,6.142857142857143,15.142857142857142,22.142857142857142,57.285714285714285,7.571428571428571,20.142857142857142,9.571428571428571,12.714285714285714,11.428571428571429,4.428571428571429,16.428571428571427,7.714285714285714,24.4,56.8,4.4,15.8,10.6,12.2,11.6,4.4,17.4,20.2,56.4,6.2,17.4,11.6,10.6,8.8,5.8,14.4,2.4,0.6,0.0,5.0,12.0,-7.0,1870.8551435398292,1901.8439130875688
474,28.428571428571427,56.857142857142854,5.571428571428571,16.0,12.142857142857142,14.857142857142858,12.857142857142858,5.714285714285714,17.428571428571427,23.714285714285715,59.42857142857143,7.428571428571429,21.857142857142858,12.571428571428571,10.571428571428571,10.857142857142858,6.428571428571429,18.285714285714285,9.428571428571429,25.0,55.714285714285715,4.428571428571429,14.0,14.428571428571429,11.571428571428571,9.571428571428571,4.142857142857143,18.857142857142858,23.571428571428573,47.57142857142857,7.0,16.714285714285715,6.571428571428571,9.571428571428571,10.857142857142858,4.857142857142857,22.142857142857142,2.0,0.5,0.75,9.0,8.0,1.0,1932.6807989313447,1997.245878265228
475,20.0,50.2,5.4,16.0,8.4,9.8,10.8,8.6,16.2,18.2,50.0,5.4,15.0,11.0,8.8,16.4,5.2,18.8,7.2,25.6,53.0,5.8,19.0,10.2,14.6,9.0,7.2,15.6,18.0,53.8,5.6,19.6,11.6,9.0,11.8,5.2,20.2,19.4,1.0,1.0,16.0,1.0,15.0,1269.7380220397622,1569.8728259011375
476,23.125,49.0,7.375,18.375,7.625,17.0,8.0,4.75,15.5,21.75,58.0,7.75,24.375,12.25,12.125,8.625,4.875,18.5,9.0,19.4,42.2,5.6,14.2,5.0,10.4,10.8,6.0,14.2,22.0,50.4,3.6,13.0,10.2,10.4,11.4,5.2,21.6,2.4,0.8,1.0,3.0,14.0,-11.0,1985.402337565516,2037.8805254492413
477,19.625,49.375,5.375,17.625,9.75,10.625,15.125,7.625,18.375,17.875,49.5,5.25,17.0,12.25,8.875,18.625,5.375,18.75,5.875,24.375,54.5,6.125,16.125,12.25,14.875,12.75,10.875,16.875,20.75,54.25,5.25,16.875,14.5,12.0,18.625,5.625,18.75,15.5,0.8333333333333334,1.0,16.0,1.0,15.0,1305.855842703961,1514.1826930345023
478,27.166666666666668,53.0,7.5,20.0,7.5,15.5,9.5,5.166666666666667,17.5,21.166666666666668,52.666666666666664,3.5,13.666666666666666,8.666666666666666,6.0,12.166666666666666,5.333333333333333,19.833333333333332,16.0,24.333333333333332,51.833333333333336,4.333333333333333,14.666666666666666,12.5,13.666666666666666,15.833333333333334,6.666666666666667,15.5,24.666666666666668,58.0,5.333333333333333,17.833333333333332,12.833333333333334,14.5,11.5,7.0,17.166666666666668,1.1666666666666667,1.0,0.6666666666666666,14.0,3.0,11.0,1746.0029131375054,1859.612813236348
479,25.2,59.8,6.6,20.6,15.8,14.0,9.6,6.0,17.8,21.2,52.8,4.6,15.4,9.4,10.6,10.4,5.6,17.2,9.8,28.75,60.75,8.625,19.75,11.5,18.875,13.625,8.375,18.375,24.875,59.75,5.375,17.375,11.375,10.75,13.875,6.875,18.25,9.5,0.5,1.0,11.0,6.0,5.0,1911.2897365451051,1992.4749572588612
480,27.0,50.8,7.0,16.6,6.8,14.6,10.6,4.0,11.8,25.6,55.6,7.2,20.6,6.0,11.6,9.4,7.2,17.2,9.2,26.285714285714285,58.57142857142857,5.285714285714286,17.285714285714285,10.857142857142858,12.142857142857142,8.285714285714286,7.428571428571429,15.857142857142858,25.142857142857142,59.142857142857146,6.571428571428571,17.857142857142858,13.428571428571429,11.857142857142858,12.0,4.571428571428571,16.857142857142858,2.857142857142857,1.0,0.5,13.0,4.0,9.0,1654.7200482124335,1752.833890533991
481,25.4,45.8,7.2,17.8,6.6,13.4,14.6,6.8,15.0,23.2,55.8,5.2,15.4,8.6,11.4,10.8,6.6,19.0,11.8,22.166666666666668,52.5,4.333333333333333,14.5,12.5,11.5,13.166666666666666,6.833333333333333,14.166666666666666,21.666666666666668,52.833333333333336,4.666666666666667,20.333333333333332,9.833333333333334,11.666666666666666,10.666666666666666,7.333333333333333,15.5,2.6666666666666665,1.0,0.75,14.0,3.0,11.0,1765.655155026882,1817.603075140544
482,24.0,52.142857142857146,3.857142857142857,14.428571428571429,8.714285714285714,10.571428571428571,12.857142857142858,7.142857142857143,19.857142857142858,21.428571428571427,56.857142857142854,6.285714285714286,20.571428571428573,13.0,11.142857142857142,13.571428571428571,6.571428571428571,20.428571428571427,4.571428571428571,25.571428571428573,57.57142857142857,4.857142857142857,13.285714285714286,10.857142857142858,12.142857142857142,13.0,7.428571428571429,16.857142857142858,24.285714285714285,54.857142857142854,5.714285714285714,14.571428571428571,9.571428571428571,9.714285714285714,15.571428571428571,6.857142857142857,19.0,2.7142857142857144,0.5,0.6,5.0,12.0,-7.0,1940.2405149494743,1992.4413288472265
483,22.571428571428573,46.57142857142857,4.142857142857143,11.0,10.142857142857142,9.142857142857142,14.571428571428571,6.0,15.142857142857142,20.857142857142858,52.857142857142854,5.571428571428571,16.142857142857142,9.714285714285714,9.857142857142858,13.142857142857142,6.0,22.0,7.571428571428571,22.0,52.857142857142854,5.571428571428571,18.0,10.428571428571429,11.714285714285714,13.0,8.857142857142858,19.857142857142858,20.571428571428573,53.42857142857143,3.5714285714285716,14.285714285714286,10.714285714285714,10.142857142857142,15.428571428571429,6.142857142857143,21.714285714285715,10.285714285714286,1.0,0.8,13.0,4.0,9.0,1730.7502872258744,1823.6320395228215
484,24.857142857142858,51.714285714285715,6.428571428571429,18.142857142857142,8.0,10.428571428571429,11.857142857142858,4.428571428571429,16.714285714285715,23.428571428571427,56.0,5.142857142857143,17.285714285714285,10.714285714285714,9.714285714285714,10.714285714285714,5.428571428571429,17.714285714285715,7.142857142857143,21.666666666666668,53.0,6.333333333333333,17.77777777777778,13.555555555555555,12.555555555555555,13.222222222222221,6.222222222222222,17.666666666666668,20.333333333333332,51.22222222222222,6.666666666666667,20.555555555555557,13.11111111111111,14.88888888888889,12.11111111111111,7.888888888888889,17.666666666666668,-2.111111111111111,1.0,0.6666666666666666,13.0,4.0,9.0,1698.1328429692603,1810.5241147685604
485,25.5,58.0,5.833333333333333,19.166666666666668,13.833333333333334,14.333333333333334,13.333333333333334,7.666666666666667,19.5,23.0,54.333333333333336,5.0,16.666666666666668,9.833333333333334,12.666666666666666,12.833333333333334,6.0,19.833333333333332,4.166666666666667,27.0,61.285714285714285,7.571428571428571,20.571428571428573,11.428571428571429,12.428571428571429,10.428571428571429,10.857142857142858,22.142857142857142,23.0,48.714285714285715,6.428571428571429,16.428571428571427,10.571428571428571,12.142857142857142,18.857142857142858,5.428571428571429,17.714285714285715,6.428571428571429,0.75,0.6,12.0,5.0,7.0,1768.718654306107,1856.4891281806672
486,24.0,51.0,6.4,15.4,12.8,14.4,12.0,4.4,17.2,19.0,50.0,6.0,16.8,9.6,10.2,10.0,7.0,18.8,11.4,25.833333333333332,58.333333333333336,5.5,17.833333333333332,15.166666666666666,14.166666666666666,10.333333333333334,6.833333333333333,15.833333333333334,23.333333333333332,52.5,8.166666666666666,20.666666666666668,8.166666666666666,14.166666666666666,10.833333333333334,2.6666666666666665,17.333333333333332,3.6666666666666665,0.5,0.6666666666666666,8.0,9.0,-1.0,1919.7416635522331,1987.592887753852
487,18.5,52.0,5.833333333333333,19.666666666666668,13.166666666666666,9.0,12.333333333333334,6.166666666666667,18.0,21.166666666666668,53.0,4.166666666666667,16.166666666666668,11.666666666666666,11.5,10.666666666666666,5.666666666666667,16.166666666666668,-4.333333333333333,24.666666666666668,48.833333333333336,7.5,19.0,8.333333333333334,16.5,12.333333333333334,4.333333333333333,16.666666666666668,22.0,56.166666666666664,5.5,19.0,10.5,11.333333333333334,9.166666666666666,7.333333333333333,18.166666666666668,9.666666666666666,0.5,1.0,10.0,7.0,3.0,1929.5777623159663,1987.30236388844
488,20.166666666666668,46.166666666666664,4.666666666666667,12.333333333333334,9.333333333333334,9.333333333333334,13.833333333333334,5.5,17.0,19.166666666666668,47.666666666666664,5.666666666666667,15.666666666666666,9.0,8.5,13.166666666666666,6.0,19.0,2.8333333333333335,26.5,54.5,7.833333333333333,21.0,7.333333333333333,12.333333333333334,9.5,4.833333333333333,18.166666666666668,24.166666666666668,55.833333333333336,4.666666666666667,16.0,11.333333333333334,10.666666666666666,11.833333333333334,3.5,18.166666666666668,9.0,1.0,0.6666666666666666,15.0,2.0,13.0,1479.6932902437334,1636.341526068613
489,20.857142857142858,49.285714285714285,7.0,18.714285714285715,10.142857142857142,14.0,13.142857142857142,7.571428571428571,18.857142857142858,18.428571428571427,48.714285714285715,5.571428571428571,17.0,10.428571428571429,10.142857142857142,15.285714285714286,7.285714285714286,17.571428571428573,7.571428571428571,24.8,56.6,5.2,16.2,13.0,10.4,11.0,10.0,16.2,20.4,56.0,6.4,22.2,12.8,10.8,15.6,5.4,19.8,11.6,0.5,1.0,2.0,15.0,-13.0,2030.2965622172128,2094.7962388826904
490,24.166666666666668,53.166666666666664,5.0,17.833333333333332,10.166666666666666,12.833333333333334,11.0,7.5,17.0,23.0,53.0,6.666666666666667,17.333333333333332,10.833333333333334,12.333333333333334,12.333333333333334,5.666666666666667,19.0,2.3333333333333335,24.0,54.25,6.625,19.125,10.125,11.0,9.75,4.625,14.375,20.875,53.875,5.25,18.5,11.75,9.0,11.125,4.625,15.75,9.25,1.0,0.6,14.0,3.0,11.0,1522.1616579674371,1652.9453866558356
491,21.5,56.666666666666664,5.833333333333333,17.333333333333332,13.0,8.833333333333334,10.5,5.833333333333333,16.333333333333332,24.333333333333332,58.0,5.5,17.333333333333332,11.666666666666666,11.5,12.166666666666666,4.666666666666667,16.166666666666668,-0.16666666666666666,20.0,56.166666666666664,7.166666666666667,24.0,11.333333333333334,7.5,10.833333333333334,5.5,16.833333333333332,22.833333333333332,49.5,5.833333333333333,17.166666666666668,9.166666666666666,13.5,13.5,6.166666666666667,14.166666666666666,-6.833333333333333,0.5,0.25,10.0,7.0,3.0,1836.9139023778496,1901.4426801913912
492,24.2,54.4,5.8,18.6,8.6,10.6,10.6,9.0,15.8,22.2,50.4,5.0,17.6,8.8,10.2,14.8,5.8,14.2,3.4,23.666666666666668,55.666666666666664,5.666666666666667,17.0,13.5,11.5,12.666666666666666,6.5,19.833333333333332,24.5,58.166666666666664,4.833333333333333,16.333333333333332,14.666666666666666,11.0,11.666666666666666,6.333333333333333,18.666666666666668,0.8333333333333334,1.0,0.5,16.0,1.0,15.0,1550.3197254088418,1678.639038824949
493,22.428571428571427,54.57142857142857,7.0,19.571428571428573,12.285714285714286,14.428571428571429,11.142857142857142,5.285714285714286,16.428571428571427,23.714285714285715,54.714285714285715,4.142857142857143,13.285714285714286,10.285714285714286,12.714285714285714,11.142857142857142,6.428571428571429,16.714285714285715,3.857142857142857,25.428571428571427,56.714285714285715,10.857142857142858,29.285714285714285,9.857142857142858,15.0,12.714285714285714,5.285714285714286,18.0,27.857142857142858,61.857142857142854,6.857142857142857,22.428571428571427,10.571428571428571,15.857142857142858,10.857142857142858,6.714285714285714,20.428571428571427,0.42857142857142855,0.6,0.75,7.0,10.0,-3.0,1971.9850657227223,2039.4418430200908
494,24.142857142857142,51.857142857142854,7.0,16.714285714285715,10.0,11.285714285714286,13.857142857142858,5.571428571428571,20.571428571428573,22.142857142857142,54.57142857142857,5.285714285714286,18.0,11.714285714285714,9.285714285714286,14.571428571428571,4.714285714285714,19.857142857142858,4.285714285714286,29.0,55.5,7.125,16.875,10.375,18.875,14.25,7.125,16.625,21.75,57.625,6.75,21.5,10.5,11.25,13.125,7.375,17.5,17.125,1.0,0.8,16.0,1.0,15.0,1542.161396843675,1649.198321061638
495,24.875,56.875,7.625,21.0,12.75,16.125,10.625,7.0,18.875,21.75,50.125,5.125,15.125,11.25,12.625,13.375,5.75,15.125,6.5,25.6,54.2,8.0,21.4,7.2,14.8,10.8,7.2,14.8,28.4,57.8,3.4,12.6,10.4,15.2,13.4,5.2,16.0,3.8,0.6,0.3333333333333333,4.0,13.0,-9.0,2007.839004554832,2018.4932535750304
496,22.375,51.625,6.625,16.25,11.125,13.75,10.125,4.875,15.75,21.5,53.5,6.0,22.0,11.0,11.25,11.0,4.5,17.625,6.0,25.0,54.625,7.875,21.0,10.875,10.0,10.375,4.875,17.25,24.0,51.125,7.375,18.125,7.375,11.625,10.625,5.75,18.125,5.25,1.0,0.8,15.0,2.0,13.0,1569.7430317390952,1677.3624276597454
497,25.625,60.125,5.5,16.125,10.75,13.25,10.5,8.625,15.0,26.0,60.125,6.25,17.125,13.875,13.625,14.875,5.75,15.0,2.375,23.0,53.4,5.4,18.0,14.2,14.8,12.2,3.8,18.4,20.2,52.0,6.0,18.4,9.8,12.0,9.0,5.2,19.6,2.6,0.6,0.0,6.0,11.0,-5.0,1894.8048153728348,1941.6561591542045
498,21.571428571428573,51.714285714285715,6.714285714285714,22.0,7.857142857142857,13.428571428571429,10.857142857142858,5.571428571428571,13.571428571428571,22.428571428571427,57.142857142857146,3.4285714285714284,13.285714285714286,10.714285714285714,9.285714285714286,10.142857142857142,7.428571428571429,16.285714285714285,2.857142857142857,26.5,57.125,6.75,20.0,9.625,12.75,11.125,8.875,16.0,23.625,57.0,7.875,23.375,10.0,13.5,14.625,5.75,19.0,8.875,0.6,1.0,5.0,12.0,-7.0,1977.6732826857965,2052.2652343402824
499,19.333333333333332,47.5,4.0,15.0,9.5,11.333333333333334,16.0,10.0,17.5,22.166666666666668,52.0,7.0,17.166666666666668,10.666666666666666,13.5,18.166666666666668,7.333333333333333,22.0,-0.3333333333333333,27.125,59.625,8.375,21.0,10.5,16.25,9.5,7.375,14.5,25.625,58.0,5.5,18.0,12.0,11.75,14.0,5.375,15.25,6.25,0.6666666666666666,0.6,9.0,8.0,1.0,1839.1286858600124,1908.536667852432
500,26.833333333333332,56.666666666666664,5.333333333333333,16.833333333333332,10.833333333333334,15.666666666666666,13.0,6.833333333333333,15.166666666666666,26.166666666666668,58.166666666666664,7.833333333333333,22.333333333333332,10.166666666666666,16.0,13.5,6.0,17.5,5.833333333333333,23.285714285714285,51.42857142857143,5.142857142857143,17.142857142857142,9.0,12.571428571428571,9.0,7.857142857142857,13.142857142857142,19.714285714285715,49.142857142857146,5.0,17.285714285714285,8.428571428571429,9.857142857142858,12.571428571428571,4.285714285714286,15.571428571428571,10.142857142857142,1.0,1.0,15.0,2.0,13.0,1596.5489655406934,1709.2540440183611
501,24.666666666666668,56.5,5.833333333333333,17.0,11.333333333333334,12.333333333333334,10.166666666666666,5.333333333333333,19.5,26.166666666666668,56.833333333333336,8.833333333333334,23.833333333333332,10.166666666666666,13.833333333333334,12.166666666666666,5.833333333333333,21.833333333333332,4.666666666666667,22.666666666666668,56.0,5.333333333333333,19.333333333333332,10.666666666666666,11.666666666666666,10.833333333333334,7.333333333333333,18.0,21.166666666666668,52.5,7.166666666666667,19.166666666666668,8.5,13.166666666666666,11.333333333333334,3.8333333333333335,19.166666666666668,0.3333333333333333,0.3333333333333333,0.5,10.0,7.0,3.0,1820.5004335137617,1893.2504007900368
502,27.0,55.875,5.5,15.375,12.125,15.25,13.0,7.875,16.25,24.25,57.875,5.25,18.75,11.125,11.75,11.625,5.75,17.0,7.125,26.166666666666668,58.0,8.166666666666666,23.5,12.166666666666666,15.166666666666666,11.833333333333334,8.166666666666666,16.333333333333332,24.166666666666668,57.666666666666664,6.333333333333333,16.666666666666668,13.166666666666666,12.166666666666666,14.666666666666666,5.166666666666667,18.833333333333332,8.833333333333334,0.6,0.6666666666666666,8.0,9.0,-1.0,1904.122153936011,1965.511918706888
503,19.4,42.2,5.6,14.2,5.0,10.4,10.8,6.0,14.2,22.0,50.4,3.6,13.0,10.2,10.4,11.4,5.2,21.6,2.4,25.0,55.166666666666664,8.666666666666666,22.333333333333332,10.5,14.833333333333334,12.5,6.333333333333333,17.166666666666668,24.333333333333332,51.833333333333336,5.166666666666667,13.666666666666666,7.833333333333333,12.5,12.166666666666666,6.833333333333333,17.333333333333332,4.0,1.0,0.6666666666666666,14.0,6.0,8.0,1680.8468723445033,1787.3002455839664
504,25.0,55.714285714285715,4.428571428571429,14.0,14.428571428571429,11.571428571428571,9.571428571428571,4.142857142857143,18.857142857142858,23.571428571428573,47.57142857142857,7.0,16.714285714285715,6.571428571428571,9.571428571428571,10.857142857142858,4.857142857142857,22.142857142857142,2.0,24.375,54.5,6.125,16.125,12.25,14.875,12.75,10.875,16.875,20.75,54.25,5.25,16.875,14.5,12.0,18.625,5.625,18.75,15.5,0.75,1.0,8.0,1.0,7.0,1843.7308710996213,1910.5445443948845
505,23.333333333333332,52.833333333333336,5.0,17.666666666666668,12.166666666666666,12.333333333333334,15.0,5.333333333333333,17.0,23.0,51.166666666666664,5.666666666666667,16.0,6.833333333333333,10.833333333333334,11.166666666666666,9.666666666666666,18.333333333333332,-1.6666666666666667,24.333333333333332,51.833333333333336,4.333333333333333,14.666666666666666,12.5,13.666666666666666,15.833333333333334,6.666666666666667,15.5,24.666666666666668,58.0,5.333333333333333,17.833333333333332,12.833333333333334,14.5,11.5,7.0,17.166666666666668,1.1666666666666667,0.8,0.6666666666666666,6.0,3.0,3.0,1883.8269116989995,1938.076182953242
506,27.0,61.285714285714285,7.571428571428571,20.571428571428573,11.428571428571429,12.428571428571429,10.428571428571429,10.857142857142858,22.142857142857142,23.0,48.714285714285715,6.428571428571429,16.428571428571427,10.571428571428571,12.142857142857142,18.857142857142858,5.428571428571429,17.714285714285715,6.428571428571429,26.285714285714285,58.57142857142857,5.285714285714286,17.285714285714285,10.857142857142858,12.142857142857142,8.285714285714286,7.428571428571429,15.857142857142858,25.142857142857142,59.142857142857146,6.571428571428571,17.857142857142858,13.428571428571429,11.857142857142858,12.0,4.571428571428571,16.857142857142858,2.857142857142857,0.6,0.5,5.0,4.0,1.0,1912.863442591717,1984.5711456347303
507,28.75,60.75,8.625,19.75,11.5,18.875,13.625,8.375,18.375,24.875,59.75,5.375,17.375,11.375,10.75,13.875,6.875,18.25,9.5,22.166666666666668,52.5,4.333333333333333,14.5,12.5,11.5,13.166666666666666,6.833333333333333,14.166666666666666,21.666666666666668,52.833333333333336,4.666666666666667,20.333333333333332,9.833333333333334,11.666666666666666,10.666666666666666,7.333333333333333,15.5,2.6666666666666665,1.0,0.75,6.0,3.0,3.0,1979.1883624310656,2045.9300432955736
508,22.0,52.857142857142854,5.571428571428571,18.0,10.428571428571429,11.714285714285714,13.0,8.857142857142858,19.857142857142858,20.571428571428573,53.42857142857143,3.5714285714285716,14.285714285714286,10.714285714285714,10.142857142857142,15.428571428571429,6.142857142857143,21.714285714285715,10.285714285714286,25.571428571428573,57.57142857142857,4.857142857142857,13.285714285714286,10.857142857142858,12.142857142857142,13.0,7.428571428571429,16.857142857142858,24.285714285714285,54.857142857142854,5.714285714285714,14.571428571428571,9.571428571428571,9.714285714285714,15.571428571428571,6.857142857142857,19.0,2.7142857142857144,0.8,0.6,4.0,12.0,-8.0,1941.8668826886333,1892.2504347898723
509,24.4,56.8,4.4,15.8,10.6,12.2,11.6,4.4,17.4,20.2,56.4,6.2,17.4,11.6,10.6,8.8,5.8,14.4,2.4,21.666666666666668,53.0,6.333333333333333,17.77777777777778,13.555555555555555,12.555555555555555,13.222222222222221,6.222222222222222,17.666666666666668,20.333333333333332,51.22222222222222,6.666666666666667,20.555555555555557,13.11111111111111,14.88888888888889,12.11111111111111,7.888888888888889,17.666666666666668,-2.111111111111111,0.0,0.6666666666666666,12.0,4.0,8.0,1848.6911715895933,1917.3050126321712
510,25.6,53.0,5.8,19.0,10.2,14.6,9.0,7.2,15.6,18.0,53.8,5.6,19.6,11.6,9.0,11.8,5.2,20.2,19.4,25.833333333333332,58.333333333333336,5.5,17.833333333333332,15.166666666666666,14.166666666666666,10.333333333333334,6.833333333333333,15.833333333333334,23.333333333333332,52.5,8.166666666666666,20.666666666666668,8.166666666666666,14.166666666666666,10.833333333333334,2.6666666666666665,17.333333333333332,3.6666666666666665,1.0,0.6666666666666666,1.0,9.0,-8.0,2049.653954606603,2121.1180592398914
511,24.666666666666668,48.833333333333336,7.5,19.0,8.333333333333334,16.5,12.333333333333334,4.333333333333333,16.666666666666668,22.0,56.166666666666664,5.5,19.0,10.5,11.333333333333334,9.166666666666666,7.333333333333333,18.166666666666668,9.666666666666666,26.5,54.5,7.833333333333333,21.0,7.333333333333333,12.333333333333334,9.5,4.833333333333333,18.166666666666668,24.166666666666668,55.833333333333336,4.666666666666667,16.0,11.333333333333334,10.666666666666666,11.833333333333334,3.5,18.166666666666668,9.0,1.0,0.6666666666666666,7.0,2.0,5.0,1908.5550650676328,1961.0406288039344
512,22.666666666666668,56.0,5.333333333333333,19.333333333333332,10.666666666666666,11.666666666666666,10.833333333333334,7.333333333333333,18.0,21.166666666666668,52.5,7.166666666666667,19.166666666666668,8.5,13.166666666666666,11.333333333333334,3.8333333333333335,19.166666666666668,0.3333333333333333,24.8,56.6,5.2,16.2,13.0,10.4,11.0,10.0,16.2,20.4,56.0,6.4,22.2,12.8,10.8,15.6,5.4,19.8,11.6,0.5,1.0,7.0,15.0,-8.0,1872.351550025116,1930.133117182254
513,23.0,53.4,5.4,18.0,14.2,14.8,12.2,3.8,18.4,20.2,52.0,6.0,18.4,9.8,12.0,9.0,5.2,19.6,2.6,24.0,54.25,6.625,19.125,10.125,11.0,9.75,4.625,14.375,20.875,53.875,5.25,18.5,11.75,9.0,11.125,4.625,15.75,9.25,0.0,0.6,11.0,3.0,8.0,1831.3097819273912,1908.8885788517464
514,26.166666666666668,58.0,8.166666666666666,23.5,12.166666666666666,15.166666666666666,11.833333333333334,8.166666666666666,16.333333333333332,24.166666666666668,57.666666666666664,6.333333333333333,16.666666666666668,13.166666666666666,12.166666666666666,14.666666666666666,5.166666666666667,18.833333333333332,8.833333333333334,23.666666666666668,55.666666666666664,5.666666666666667,17.0,13.5,11.5,12.666666666666666,6.5,19.833333333333332,24.5,58.166666666666664,4.833333333333333,16.333333333333332,14.666666666666666,11.0,11.666666666666666,6.333333333333333,18.666666666666668,0.8333333333333334,0.6666666666666666,0.5,9.0,1.0,8.0,1890.9120871634595,1963.623220360038
515,27.125,59.625,8.375,21.0,10.5,16.25,9.5,7.375,14.5,25.625,58.0,5.5,18.0,12.0,11.75,14.0,5.375,15.25,6.25,29.0,55.5,7.125,16.875,10.375,18.875,14.25,7.125,16.625,21.75,57.625,6.75,21.5,10.5,11.25,13.125,7.375,17.5,17.125,0.6,0.8,8.0,1.0,7.0,2021.899010895192,2082.941146505495
516,26.5,57.125,6.75,20.0,9.625,12.75,11.125,8.875,16.0,23.625,57.0,7.875,23.375,10.0,13.5,14.625,5.75,19.0,8.875,25.6,54.2,8.0,21.4,7.2,14.8,10.8,7.2,14.8,28.4,57.8,3.4,12.6,10.4,15.2,13.4,5.2,16.0,3.8,1.0,0.3333333333333333,12.0,13.0,-1.0,1924.702312591276,2001.8895861365668
517,20.0,56.166666666666664,7.166666666666667,24.0,11.333333333333334,7.5,10.833333333333334,5.5,16.833333333333332,22.833333333333332,49.5,5.833333333333333,17.166666666666668,9.166666666666666,13.5,13.5,6.166666666666667,14.166666666666666,-6.833333333333333,25.0,54.625,7.875,21.0,10.875,10.0,10.375,4.875,17.25,24.0,51.125,7.375,18.125,7.375,11.625,10.625,5.75,18.125,5.25,0.25,0.8,7.0,2.0,5.0,1859.474352868866,1939.935647467342
518,25.428571428571427,56.714285714285715,10.857142857142858,29.285714285714285,9.857142857142858,15.0,12.714285714285714,5.285714285714286,18.0,27.857142857142858,61.857142857142854,6.857142857142857,22.428571428571427,10.571428571428571,15.857142857142858,10.857142857142858,6.714285714285714,20.428571428571427,0.42857142857142855,23.285714285714285,51.42857142857143,5.142857142857143,17.142857142857142,9.0,12.571428571428571,9.0,7.857142857142857,13.142857142857142,19.714285714285715,49.142857142857146,5.0,17.285714285714285,8.428571428571429,9.857142857142858,12.571428571428571,4.285714285714286,15.571428571428571,10.142857142857142,0.75,1.0,10.0,2.0,8.0,1915.543199861139,1971.272146108342
519,25.0,54.625,7.875,21.0,10.875,10.0,10.375,4.875,17.25,24.0,51.125,7.375,18.125,7.375,11.625,10.625,5.75,18.125,5.25,24.333333333333332,51.833333333333336,4.333333333333333,14.666666666666666,12.5,13.666666666666666,15.833333333333334,6.666666666666667,15.5,24.666666666666668,58.0,5.333333333333333,17.833333333333332,12.833333333333334,14.5,11.5,7.0,17.166666666666668,1.1666666666666667,0.8,0.6666666666666666,2.0,3.0,-1.0,1998.970105599809,2067.429322152963
520,25.0,55.166666666666664,8.666666666666666,22.333333333333332,10.5,14.833333333333334,12.5,6.333333333333333,17.166666666666668,24.333333333333332,51.833333333333336,5.166666666666667,13.666666666666666,7.833333333333333,12.5,12.166666666666666,6.833333333333333,17.333333333333332,4.0,23.285714285714285,51.42857142857143,5.142857142857143,17.142857142857142,9.0,12.571428571428571,9.0,7.857142857142857,13.142857142857142,19.714285714285715,49.142857142857146,5.0,17.285714285714285,8.428571428571429,9.857142857142858,12.571428571428571,4.285714285714286,15.571428571428571,10.142857142857142,0.6666666666666666,1.0,6.0,2.0,4.0,1932.7569923823692,1975.846899238025
521,23.666666666666668,55.666666666666664,5.666666666666667,17.0,13.5,11.5,12.666666666666666,6.5,19.833333333333332,24.5,58.166666666666664,4.833333333333333,16.333333333333332,14.666666666666666,11.0,11.666666666666666,6.333333333333333,18.666666666666668,0.8333333333333334,21.666666666666668,53.0,6.333333333333333,17.77777777777778,13.555555555555555,12.555555555555555,13.222222222222221,6.222222222222222,17.666666666666668,20.333333333333332,51.22222222222222,6.666666666666667,20.555555555555557,13.11111111111111,14.88888888888889,12.11111111111111,7.888888888888889,17.666666666666668,-2.111111111111111,0.5,0.6666666666666666,1.0,4.0,-3.0,2009.67468339152,2087.6222664369484
522,25.6,54.2,8.0,21.4,7.2,14.8,10.8,7.2,14.8,28.4,57.8,3.4,12.6,10.4,15.2,13.4,5.2,16.0,3.8,25.833333333333332,58.333333333333336,5.5,17.833333333333332,15.166666666666666,14.166666666666666,10.333333333333334,6.833333333333333,15.833333333333334,23.333333333333332,52.5,8.166666666666666,20.666666666666668,8.166666666666666,14.166666666666666,10.833333333333334,2.6666666666666665,17.333333333333332,3.6666666666666665,0.3333333333333333,0.6666666666666666,13.0,9.0,4.0,1812.692478243899,1888.2731476421277
523,22.166666666666668,52.5,4.333333333333333,14.5,12.5,11.5,13.166666666666666,6.833333333333333,14.166666666666666,21.666666666666668,52.833333333333336,4.666666666666667,20.333333333333332,9.833333333333334,11.666666666666666,10.666666666666666,7.333333333333333,15.5,2.6666666666666665,26.5,54.5,7.833333333333333,21.0,7.333333333333333,12.333333333333334,9.5,4.833333333333333,18.166666666666668,24.166666666666668,55.833333333333336,4.666666666666667,16.0,11.333333333333334,10.666666666666666,11.833333333333334,3.5,18.166666666666668,9.0,0.75,0.6666666666666666,3.0,2.0,1.0,2042.2476972352488,2114.787464238544
524,24.8,56.6,5.2,16.2,13.0,10.4,11.0,10.0,16.2,20.4,56.0,6.4,22.2,12.8,10.8,15.6,5.4,19.8,11.6,24.0,54.25,6.625,19.125,10.125,11.0,9.75,4.625,14.375,20.875,53.875,5.25,18.5,11.75,9.0,11.125,4.625,15.75,9.25,1.0,0.6,15.0,3.0,12.0,1549.5306273646636,1712.7866982995768
525,25.571428571428573,57.57142857142857,4.857142857142857,13.285714285714286,10.857142857142858,12.142857142857142,13.0,7.428571428571429,16.857142857142858,24.285714285714285,54.857142857142854,5.714285714285714,14.571428571428571,9.571428571428571,9.714285714285714,15.571428571428571,6.857142857142857,19.0,2.7142857142857144,24.375,54.5,6.125,16.125,12.25,14.875,12.75,10.875,16.875,20.75,54.25,5.25,16.875,14.5,12.0,18.625,5.625,18.75,15.5,0.6,1.0,12.0,1.0,11.0,1915.080535249608,1974.956834571853
526,29.0,55.5,7.125,16.875,10.375,18.875,14.25,7.125,16.625,21.75,57.625,6.75,21.5,10.5,11.25,13.125,7.375,17.5,17.125,26.285714285714285,58.57142857142857,5.285714285714286,17.285714285714285,10.857142857142858,12.142857142857142,8.285714285714286,7.428571428571429,15.857142857142858,25.142857142857142,59.142857142857146,6.571428571428571,17.857142857142858,13.428571428571429,11.857142857142858,12.0,4.571428571428571,16.857142857142858,2.857142857142857,0.8,0.5,1.0,4.0,-3.0,2160.6836644915584,2213.7006616553244
527,24.333333333333332,51.833333333333336,4.333333333333333,14.666666666666666,12.5,13.666666666666666,15.833333333333334,6.666666666666667,15.5,24.666666666666668,58.0,5.333333333333333,17.833333333333332,12.833333333333334,14.5,11.5,7.0,17.166666666666668,1.1666666666666667,21.666666666666668,53.0,6.333333333333333,17.77777777777778,13.555555555555555,12.555555555555555,13.222222222222221,6.222222222222222,17.666666666666668,20.333333333333332,51.22222222222222,6.666666666666667,20.555555555555557,13.11111111111111,14.88888888888889,12.11111111111111,7.888888888888889,17.666666666666668,-2.111111111111111,0.6666666666666666,0.6666666666666666,3.0,4.0,-1.0,2028.905677314208,2090.2723355515327
528,23.285714285714285,51.42857142857143,5.142857142857143,17.142857142857142,9.0,12.571428571428571,9.0,7.857142857142857,13.142857142857142,19.714285714285715,49.142857142857146,5.0,17.285714285714285,8.428571428571429,9.857142857142858,12.571428571428571,4.285714285714286,15.571428571428571,10.142857142857142,25.833333333333332,58.333333333333336,5.5,17.833333333333332,15.166666666666666,14.166666666666666,10.333333333333334,6.833333333333333,15.833333333333334,23.333333333333332,52.5,8.166666666666666,20.666666666666668,8.166666666666666,14.166666666666666,10.833333333333334,2.6666666666666665,17.333333333333332,3.6666666666666665,1.0,0.6666666666666666,2.0,9.0,-7.0,2125.9075882114257,2199.985045795228
529,26.5,54.5,7.833333333333333,21.0,7.333333333333333,12.333333333333334,9.5,4.833333333333333,18.166666666666668,24.166666666666668,55.833333333333336,4.666666666666667,16.0,11.333333333333334,10.666666666666666,11.833333333333334,3.5,18.166666666666668,9.0,24.375,54.5,6.125,16.125,12.25,14.875,12.75,10.875,16.875,20.75,54.25,5.25,16.875,14.5,12.0,18.625,5.625,18.75,15.5,0.6666666666666666,1.0,2.0,1.0,1.0,2112.33922290163,2179.2180269060746
530,24.0,54.25,6.625,19.125,10.125,11.0,9.75,4.625,14.375,20.875,53.875,5.25,18.5,11.75,9.0,11.125,4.625,15.75,9.25,26.285714285714285,58.57142857142857,5.285714285714286,17.285714285714285,10.857142857142858,12.142857142857142,8.285714285714286,7.428571428571429,15.857142857142858,25.142857142857142,59.142857142857146,6.571428571428571,17.857142857142858,13.428571428571429,11.857142857142858,12.0,4.571428571428571,16.857142857142858,2.857142857142857,0.6,0.5,3.0,4.0,-1.0,2004.666499268469,2079.444379992564
531,25.833333333333332,58.333333333333336,5.5,17.833333333333332,15.166666666666666,14.166666666666666,10.333333333333334,6.833333333333333,15.833333333333334,23.333333333333332,52.5,8.166666666666666,20.666666666666668,8.166666666666666,14.166666666666666,10.833333333333334,2.6666666666666665,17.333333333333332,3.6666666666666665,24.375,54.5,6.125,16.125,12.25,14.875,12.75,10.875,16.875,20.75,54.25,5.25,16.875,14.5,12.0,18.625,5.625,18.75,15.5,0.6666666666666666,1.0,9.0,1.0,8.0,1924.5248767445128,1976.0209532066892
532,21.666666666666668,53.0,6.333333333333333,17.77777777777778,13.555555555555555,12.555555555555555,13.222222222222221,6.222222222222222,17.666666666666668,20.333333333333332,51.22222222222222,6.666666666666667,20.555555555555557,13.11111111111111,14.88888888888889,12.11111111111111,7.888888888888889,17.666666666666668,-2.111111111111111,26.285714285714285,58.57142857142857,5.285714285714286,17.285714285714285,10.857142857142858,12.142857142857142,8.285714285714286,7.428571428571429,15.857142857142858,25.142857142857142,59.142857142857146,6.571428571428571,17.857142857142858,13.428571428571429,11.857142857142858,12.0,4.571428571428571,16.857142857142858,2.857142857142857,0.6666666666666666,0.5,4.0,4.0,0.0,2086.748612019384,2153.6152848437414
533,26.285714285714285,58.57142857142857,5.285714285714286,17.285714285714285,10.857142857142858,12.142857142857142,8.285714285714286,7.428571428571429,15.857142857142858,25.142857142857142,59.142857142857146,6.571428571428571,17.857142857142858,13.428571428571429,11.857142857142858,12.0,4.571428571428571,16.857142857142858,2.857142857142857,24.375,54.5,6.125,16.125,12.25,14.875,12.75,10.875,16.875,20.75,54.25,5.25,16.875,14.5,12.0,18.625,5.625,18.75,15.5,0.5,1.0,4.0,1.0,3.0,2047.241351563791,2121.6210620953307
534,23.8,52.0,6.4,14.8,11.0,10.0,10.8,6.2,15.8,21.0,51.8,6.6,18.6,9.2,12.6,11.4,5.2,19.4,12.2,25.571428571428573,54.57142857142857,7.714285714285714,22.285714285714285,9.857142857142858,11.285714285714286,11.571428571428571,7.571428571428571,18.571428571428573,25.571428571428573,55.142857142857146,3.4285714285714284,13.142857142857142,11.142857142857142,9.285714285714286,13.142857142857142,5.714285714285714,18.428571428571427,7.0,1.0,1.0,16.0,16.0,0.0,1432.5241531906963,1589.0238853863702
535,25.625,55.5,5.0,16.375,12.25,14.25,7.75,4.75,19.75,23.375,50.0,5.75,15.625,11.5,11.5,10.5,4.125,20.25,1.5,23.714285714285715,53.142857142857146,4.714285714285714,16.285714285714285,9.428571428571429,11.857142857142858,11.0,5.714285714285714,19.571428571428573,24.142857142857142,51.285714285714285,7.142857142857143,20.142857142857142,9.142857142857142,16.0,12.428571428571429,4.571428571428571,19.714285714285715,-3.5714285714285716,0.8,0.25,12.0,12.0,0.0,1896.484903299427,1963.0487004109757
536,20.571428571428573,52.57142857142857,5.857142857142857,16.0,12.714285714285714,11.714285714285714,7.714285714285714,5.285714285714286,16.0,21.714285714285715,50.142857142857146,5.857142857142857,14.714285714285714,10.571428571428571,12.428571428571429,11.0,3.857142857142857,17.0,0.8571428571428571,24.77777777777778,51.888888888888886,7.111111111111111,17.77777777777778,9.333333333333334,12.222222222222221,12.333333333333334,3.7777777777777777,17.88888888888889,22.77777777777778,58.77777777777778,4.444444444444445,15.555555555555555,9.88888888888889,10.333333333333334,9.222222222222221,6.888888888888889,20.444444444444443,12.444444444444445,0.75,1.0,16.0,16.0,0.0,1443.7858845575606,1564.6176911794937
537,24.571428571428573,54.42857142857143,5.428571428571429,18.0,11.285714285714286,13.428571428571429,10.857142857142858,5.857142857142857,16.571428571428573,19.0,52.0,4.142857142857143,15.285714285714286,7.714285714285714,8.857142857142858,10.714285714285714,6.0,17.142857142857142,15.0,27.714285714285715,62.0,6.0,19.428571428571427,13.428571428571429,16.285714285714285,10.285714285714286,8.571428571428571,19.142857142857142,27.714285714285715,53.285714285714285,8.428571428571429,19.285714285714285,9.285714285714286,15.857142857142858,14.0,6.571428571428571,19.428571428571427,-4.142857142857143,0.75,0.0,11.0,11.0,0.0,1868.2209349934265,1942.318594628642
538,20.125,50.125,6.75,18.625,9.0,11.125,13.75,5.75,18.625,20.625,53.875,6.125,16.5,13.5,10.875,12.875,7.75,16.25,-1.75,24.875,51.125,8.5,21.625,8.0,15.5,11.75,3.5,16.75,23.25,60.125,5.75,18.25,11.875,11.375,8.625,7.125,18.375,7.875,0.6,0.6,7.0,10.0,-3.0,1972.2477739770345,1991.461128860501
539,24.142857142857142,53.857142857142854,7.285714285714286,19.142857142857142,10.428571428571429,12.285714285714286,11.714285714285714,5.285714285714286,19.0,22.428571428571427,52.42857142857143,7.714285714285714,20.571428571428573,8.0,13.428571428571429,9.857142857142858,4.857142857142857,17.285714285714285,1.5714285714285714,23.714285714285715,54.57142857142857,3.4285714285714284,14.714285714285714,11.285714285714286,11.285714285714286,12.0,8.0,17.857142857142858,22.142857142857142,51.57142857142857,6.571428571428571,17.285714285714285,8.571428571428571,12.571428571428571,14.571428571428571,5.0,20.285714285714285,1.8571428571428572,0.75,0.75,11.0,6.0,5.0,1783.8851280190795,1851.9825570253888
540,24.75,52.125,9.625,21.875,9.625,15.0,11.875,8.875,16.25,20.25,50.375,4.625,15.875,9.25,9.875,14.875,6.75,16.625,12.625,23.8,52.0,6.4,14.8,11.0,10.0,10.8,6.2,15.8,21.0,51.8,6.6,18.6,9.2,12.6,11.4,5.2,19.4,12.2,1.0,1.0,1.0,16.0,-15.0,2138.1535752593863,2212.3154035881644
541,26.2,51.4,6.6,15.6,7.4,15.8,10.2,6.0,16.4,19.4,51.6,6.0,18.0,7.8,11.2,11.8,5.0,20.0,17.4,21.666666666666668,54.166666666666664,5.666666666666667,16.666666666666668,12.5,11.333333333333334,11.666666666666666,6.166666666666667,16.666666666666668,21.333333333333332,53.166666666666664,5.5,17.333333333333332,10.0,12.333333333333334,11.666666666666666,5.833333333333333,17.833333333333332,1.8333333333333333,1.0,0.75,12.0,5.0,7.0,1736.922218107602,1844.5647300216008
542,27.75,61.375,7.625,20.75,13.625,16.125,10.375,11.875,18.125,20.5,53.875,4.5,16.375,12.125,11.875,18.25,4.625,19.875,20.375,26.8,56.2,6.2,16.4,12.4,12.2,12.6,7.0,17.8,23.2,53.8,5.6,17.4,10.6,11.6,14.8,6.2,19.6,8.8,1.0,1.0,4.0,13.0,-9.0,2130.301937001253,2194.316900663302
543,24.75,53.0,8.875,22.375,8.125,13.625,8.125,4.875,14.375,25.125,52.875,5.5,19.25,8.75,12.875,11.0,4.625,17.875,5.625,22.333333333333332,51.0,6.666666666666667,17.333333333333332,8.666666666666666,12.0,6.166666666666667,4.5,15.666666666666666,21.166666666666668,49.166666666666664,4.166666666666667,12.833333333333334,8.333333333333334,8.333333333333334,10.333333333333334,2.5,16.5,4.333333333333333,0.8,1.0,2.0,15.0,-13.0,2067.6008725027523,2130.128291084833
544,25.571428571428573,51.714285714285715,7.428571428571429,18.142857142857142,10.857142857142858,15.142857142857142,12.714285714285714,5.142857142857143,18.571428571428573,22.428571428571427,51.142857142857146,6.714285714285714,18.142857142857142,8.857142857142858,12.142857142857142,9.571428571428571,6.714285714285714,16.285714285714285,4.285714285714286,27.333333333333332,58.5,6.166666666666667,18.333333333333332,9.333333333333334,11.666666666666666,7.833333333333333,6.5,16.833333333333332,25.833333333333332,61.666666666666664,6.833333333333333,19.166666666666668,14.833333333333334,11.0,13.333333333333334,3.8333333333333335,20.833333333333332,6.166666666666667,0.8,1.0,4.0,13.0,-9.0,2033.3565655458024,2096.043170848918
545,27.0,50.2,6.0,13.2,7.6,11.6,7.4,4.8,16.6,19.0,49.8,6.2,18.4,9.0,9.2,9.6,3.6,18.4,18.2,27.5,60.833333333333336,10.5,26.166666666666668,11.5,17.0,9.666666666666666,6.5,17.333333333333332,25.333333333333332,56.666666666666664,5.833333333333333,16.333333333333332,11.333333333333334,12.666666666666666,12.666666666666666,5.333333333333333,17.666666666666668,8.666666666666666,1.0,0.6666666666666666,12.0,5.0,7.0,1689.2639820718648,1801.6129215144624
546,25.0,54.857142857142854,9.0,21.285714285714285,10.285714285714286,12.714285714285714,10.857142857142858,7.285714285714286,21.0,22.857142857142858,52.0,5.857142857142857,16.428571428571427,9.285714285714286,11.0,13.285714285714286,3.4285714285714284,20.428571428571427,6.0,27.4,59.4,5.0,14.2,13.6,12.2,12.0,7.8,19.4,25.4,60.0,7.6,20.2,12.8,15.0,12.8,6.0,20.6,5.4,0.75,0.6666666666666666,7.0,10.0,-3.0,1911.8887694685136,1983.3024439040232
547,24.5,53.25,6.25,15.625,11.875,15.0,11.0,7.125,19.875,22.5,50.375,6.125,18.0,8.625,11.375,11.625,5.5,20.125,4.375,20.428571428571427,52.714285714285715,4.428571428571429,14.285714285714286,10.857142857142858,8.142857142857142,12.285714285714286,4.0,15.142857142857142,24.857142857142858,54.857142857142854,5.285714285714286,17.857142857142858,9.142857142857142,14.285714285714286,9.857142857142858,6.571428571428571,17.142857142857142,-7.142857142857143,0.6,0.6,9.0,8.0,1.0,1931.4595625461009,2003.4589319977629
548,24.625,57.0,4.875,13.875,12.5,10.125,9.375,9.5,17.0,19.625,47.25,4.75,16.125,7.75,11.0,14.625,4.0,17.0,9.375,24.666666666666668,51.5,4.333333333333333,11.5,12.166666666666666,12.833333333333334,11.333333333333334,4.166666666666667,16.833333333333332,22.0,59.5,3.6666666666666665,15.833333333333334,12.833333333333334,8.5,9.0,6.0,21.0,10.666666666666666,0.8,1.0,4.0,13.0,-9.0,1967.9103421512089,2010.651086403829
549,23.166666666666668,52.333333333333336,4.333333333333333,18.0,9.666666666666666,13.166666666666666,14.833333333333334,5.833333333333333,17.166666666666668,24.0,56.833333333333336,5.333333333333333,15.333333333333334,11.5,12.5,11.833333333333334,8.833333333333334,17.333333333333332,-2.8333333333333335,25.625,55.5,5.0,16.375,12.25,14.25,7.75,4.75,19.75,23.375,50.0,5.75,15.625,11.5,11.5,10.5,4.125,20.25,1.5,0.3333333333333333,0.8,5.0,12.0,-7.0,1908.4746849307437,1934.6714092107088
550,23.333333333333332,59.5,4.5,16.5,13.5,8.666666666666666,8.166666666666666,7.0,17.5,21.666666666666668,48.833333333333336,6.0,16.5,9.0,13.333333333333334,10.666666666666666,4.0,14.833333333333334,-2.5,25.857142857142858,52.714285714285715,6.285714285714286,17.285714285714285,10.714285714285714,12.428571428571429,13.285714285714286,5.571428571428571,18.857142857142858,25.142857142857142,60.714285714285715,7.142857142857143,21.857142857142858,14.428571428571429,13.0,11.857142857142858,6.714285714285714,22.0,6.857142857142857,0.3333333333333333,1.0,3.0,14.0,-11.0,2067.520546098232,2133.9467222356816
551,24.285714285714285,59.285714285714285,4.714285714285714,16.285714285714285,16.571428571428573,14.285714285714286,11.142857142857142,4.142857142857143,18.142857142857142,22.428571428571427,58.0,6.857142857142857,19.142857142857142,14.142857142857142,10.857142857142858,8.428571428571429,6.285714285714286,17.285714285714285,-4.571428571428571,24.0,56.833333333333336,9.0,23.333333333333332,8.666666666666666,14.166666666666666,11.0,4.666666666666667,21.833333333333332,26.0,55.0,6.333333333333333,16.0,10.166666666666666,12.0,12.0,5.666666666666667,18.0,-3.8333333333333335,0.5,0.0,7.0,10.0,-3.0,1898.3889426779745,1968.450632691136
552,23.0,53.666666666666664,8.0,22.666666666666668,11.0,13.166666666666666,11.0,7.5,18.833333333333332,20.0,51.333333333333336,5.166666666666667,17.0,9.0,10.333333333333334,12.166666666666666,4.5,18.5,10.5,21.714285714285715,52.714285714285715,7.142857142857143,20.428571428571427,11.714285714285714,12.571428571428571,13.142857142857142,5.285714285714286,18.0,23.0,51.42857142857143,5.285714285714286,16.428571428571427,7.714285714285714,12.714285714285714,11.714285714285714,5.571428571428571,19.857142857142858,0.0,0.6666666666666666,1.0,2.0,15.0,-13.0,1997.2888186218588,2056.794148485835
553,24.428571428571427,53.42857142857143,8.0,21.285714285714285,9.0,13.285714285714286,7.285714285714286,4.857142857142857,14.428571428571429,26.571428571428573,57.42857142857143,5.285714285714286,14.857142857142858,9.571428571428571,11.0,8.714285714285714,4.142857142857143,20.142857142857142,5.142857142857143,20.166666666666668,44.0,5.666666666666667,16.0,5.166666666666667,13.833333333333334,13.5,7.0,13.666666666666666,18.833333333333332,50.333333333333336,3.5,15.5,10.0,9.333333333333334,13.0,5.666666666666667,16.0,7.833333333333333,0.5,1.0,2.0,15.0,-13.0,2015.0763647407432,2072.627580972822
554,27.125,56.25,6.375,16.75,10.75,16.125,9.0,6.375,16.875,20.0,52.625,4.375,12.25,9.125,8.5,11.625,4.625,16.375,14.25,24.714285714285715,49.42857142857143,8.0,18.857142857142858,8.0,14.142857142857142,13.428571428571429,4.428571428571429,18.285714285714285,25.0,57.714285714285715,3.0,11.857142857142858,10.142857142857142,10.714285714285714,8.571428571428571,6.0,19.714285714285715,7.0,0.6,0.75,1.0,16.0,-15.0,2020.0672983037468,2088.493522445961
555,24.88888888888889,55.333333333333336,7.444444444444445,20.11111111111111,13.777777777777779,13.11111111111111,8.444444444444445,5.333333333333333,16.11111111111111,25.0,57.44444444444444,8.11111111111111,19.88888888888889,13.666666666666666,15.444444444444445,9.333333333333334,4.777777777777778,18.0,6.0,23.0,53.0,5.166666666666667,16.333333333333332,7.666666666666667,8.666666666666666,9.833333333333334,6.0,20.166666666666668,20.166666666666668,53.333333333333336,6.166666666666667,21.0,10.666666666666666,10.166666666666666,11.333333333333334,4.833333333333333,18.5,5.0,0.8333333333333334,0.6666666666666666,6.0,11.0,-5.0,1936.7308884094127,2011.433899405757
556,25.857142857142858,51.714285714285715,10.142857142857142,25.0,7.428571428571429,16.0,9.571428571428571,3.4285714285714284,17.428571428571427,25.428571428571427,55.0,6.285714285714286,18.0,10.142857142857142,12.142857142857142,8.285714285714286,5.571428571428571,16.571428571428573,3.0,29.285714285714285,62.714285714285715,8.571428571428571,20.0,17.285714285714285,13.0,12.571428571428571,5.142857142857143,21.714285714285715,25.285714285714285,55.57142857142857,7.857142857142857,18.714285714285715,9.285714285714286,11.571428571428571,10.571428571428571,5.714285714285714,20.857142857142858,4.142857142857143,0.6,0.8,3.0,14.0,-11.0,1953.7226843656388,2006.166178954905
557,25.333333333333332,50.666666666666664,4.833333333333333,13.166666666666666,7.666666666666667,14.166666666666666,12.333333333333334,6.0,20.166666666666668,19.333333333333332,53.333333333333336,5.166666666666667,16.5,11.333333333333334,9.333333333333334,12.5,6.0,20.833333333333332,11.833333333333334,24.285714285714285,53.57142857142857,8.285714285714286,21.428571428571427,6.571428571428571,14.714285714285714,9.285714285714286,8.857142857142858,18.857142857142858,23.142857142857142,53.857142857142854,4.285714285714286,15.428571428571429,11.285714285714286,12.0,15.428571428571429,5.142857142857143,19.714285714285715,10.571428571428571,1.0,0.5,8.0,9.0,-1.0,1973.9905495364487,2047.18359007754
558,28.625,61.375,7.875,20.375,11.25,18.125,11.0,5.0,17.625,25.625,59.625,6.5,18.625,9.5,13.25,10.125,6.625,19.5,4.75,23.5,49.875,5.375,15.25,10.5,13.875,10.125,6.875,20.125,17.0,49.375,4.875,16.75,10.25,7.5,16.25,5.375,23.625,21.25,0.8,1.0,3.0,14.0,-11.0,2012.572160667246,2083.315775135213
559,26.857142857142858,57.42857142857143,6.142857142857143,18.857142857142858,12.0,13.0,12.571428571428571,6.142857142857143,21.0,24.571428571428573,57.142857142857146,6.285714285714286,16.285714285714285,10.142857142857142,12.714285714285714,10.714285714285714,7.0,20.285714285714285,6.714285714285714,26.333333333333332,50.0,9.833333333333334,22.666666666666668,6.0,14.833333333333334,10.5,8.0,18.833333333333332,24.166666666666668,49.166666666666664,7.333333333333333,19.666666666666668,9.666666666666666,13.666666666666666,15.0,5.333333333333333,20.666666666666668,8.166666666666666,0.5,1.0,2.0,15.0,-13.0,2054.919968709536,2116.797370851501
560,22.125,56.5,4.75,14.875,15.375,9.625,11.875,5.0,19.5,22.875,53.125,6.125,16.0,9.125,11.625,11.125,6.125,21.5,1.125,24.166666666666668,54.833333333333336,6.833333333333333,18.0,11.0,14.333333333333334,12.833333333333334,5.833333333333333,23.0,24.666666666666668,55.166666666666664,6.333333333333333,18.333333333333332,11.833333333333334,14.0,10.666666666666666,7.333333333333333,18.666666666666668,-4.333333333333333,0.6,0.0,8.0,9.0,-1.0,1966.3952001978769,2044.597125510598
561,26.0,56.833333333333336,5.333333333333333,16.666666666666668,11.166666666666666,16.0,14.166666666666666,7.166666666666667,17.833333333333332,27.0,60.5,7.0,20.166666666666668,11.5,14.5,11.5,7.666666666666667,19.5,-3.8333333333333335,23.166666666666668,53.333333333333336,6.833333333333333,17.0,11.5,13.333333333333334,13.166666666666666,6.0,17.5,24.833333333333332,58.166666666666664,5.666666666666667,21.5,11.5,14.166666666666666,11.5,5.833333333333333,21.833333333333332,-0.3333333333333333,0.3333333333333333,0.75,8.0,9.0,-1.0,1935.72315892557,1999.934785686925
562,26.333333333333332,57.666666666666664,7.166666666666667,19.5,11.166666666666666,13.5,11.0,7.0,16.666666666666668,23.333333333333332,56.166666666666664,6.666666666666667,21.166666666666668,11.0,13.166666666666666,15.0,5.833333333333333,18.666666666666668,10.666666666666666,25.285714285714285,56.714285714285715,7.0,21.142857142857142,14.142857142857142,13.571428571428571,9.428571428571429,6.714285714285714,19.0,24.428571428571427,51.714285714285715,3.5714285714285716,11.857142857142858,10.428571428571429,10.0,10.142857142857142,5.571428571428571,16.142857142857142,3.7142857142857144,1.0,0.6,14.0,3.0,11.0,1603.3568214946922,1730.890214113971
563,28.166666666666668,58.166666666666664,5.833333333333333,14.5,11.666666666666666,15.666666666666666,10.666666666666666,6.0,22.0,25.5,53.833333333333336,6.5,18.833333333333332,10.5,11.0,12.833333333333334,5.0,21.0,3.8333333333333335,24.714285714285715,53.857142857142854,7.0,18.285714285714285,9.714285714285714,13.428571428571429,9.714285714285714,4.428571428571429,17.428571428571427,26.714285714285715,60.142857142857146,7.0,21.142857142857142,11.714285714285714,13.857142857142858,8.571428571428571,5.142857142857143,21.571428571428573,2.142857142857143,0.3333333333333333,0.8,6.0,11.0,-5.0,2007.6401407780727,2074.3134358084308
564,27.857142857142858,58.857142857142854,8.571428571428571,23.428571428571427,14.285714285714286,17.571428571428573,10.142857142857142,7.428571428571429,19.428571428571427,22.0,46.714285714285715,4.714285714285714,12.142857142857142,8.285714285714286,9.714285714285714,15.0,4.142857142857143,19.857142857142858,16.571428571428573,25.428571428571427,60.714285714285715,7.428571428571429,20.714285714285715,14.428571428571429,13.0,11.571428571428571,9.571428571428571,17.857142857142858,21.285714285714285,53.142857142857146,5.0,15.714285714285714,9.571428571428571,10.571428571428571,15.857142857142858,5.285714285714286,16.142857142857142,12.571428571428571,1.0,0.8,12.0,5.0,7.0,1732.1129019620178,1777.7626652064428
565,23.5,50.125,6.0,16.625,9.0,9.375,12.5,4.875,17.25,24.125,51.0,6.0,17.25,9.125,13.375,11.75,5.625,19.375,-1.375,24.125,50.875,5.5,17.75,9.0,16.5,12.25,4.125,15.0,21.5,58.625,5.5,18.75,11.375,9.875,9.125,7.25,18.5,10.875,0.6,0.8,10.0,7.0,3.0,1829.9055213551728,1896.396300722556
566,24.571428571428573,54.42857142857143,5.428571428571429,18.0,11.285714285714286,13.428571428571429,10.857142857142858,5.857142857142857,16.571428571428573,19.0,52.0,4.142857142857143,15.285714285714286,7.714285714285714,8.857142857142858,10.714285714285714,6.0,17.142857142857142,15.0,24.166666666666668,58.333333333333336,5.5,17.5,11.833333333333334,12.0,12.166666666666666,7.333333333333333,20.666666666666668,26.166666666666668,54.666666666666664,5.833333333333333,16.5,8.666666666666666,15.333333333333334,14.666666666666666,5.333333333333333,20.833333333333332,-1.0,0.75,0.5,11.0,6.0,5.0,1882.6297112064792,1956.0278283688192
567,26.375,56.625,5.5,16.5,9.375,15.875,10.25,7.5,19.0,25.0,54.875,8.75,23.25,9.5,13.75,12.75,4.5,18.875,3.875,22.857142857142858,52.857142857142854,4.0,15.428571428571429,10.571428571428571,8.285714285714286,11.0,8.0,20.285714285714285,20.0,53.285714285714285,6.571428571428571,18.428571428571427,9.714285714285714,7.285714285714286,16.285714285714285,4.857142857142857,25.142857142857142,9.571428571428571,0.8,1.0,4.0,13.0,-9.0,1941.93056379765,2035.725542756661
568,23.142857142857142,48.42857142857143,6.285714285714286,16.0,9.428571428571429,13.285714285714286,8.857142857142858,3.0,15.857142857142858,19.714285714285715,51.857142857142854,4.142857142857143,14.857142857142858,10.571428571428571,8.857142857142858,8.571428571428571,4.428571428571429,17.428571428571427,12.0,25.166666666666668,61.666666666666664,5.166666666666667,20.0,14.833333333333334,9.666666666666666,12.5,6.166666666666667,20.0,21.5,57.5,5.666666666666667,23.166666666666668,10.5,9.5,11.166666666666666,7.0,20.166666666666668,5.0,0.75,1.0,1.0,16.0,-15.0,2024.096398027204,2089.368979811278
569,26.0,52.333333333333336,8.666666666666666,21.833333333333332,11.166666666666666,14.0,10.166666666666666,6.333333333333333,15.0,18.166666666666668,52.166666666666664,5.166666666666667,16.333333333333332,10.166666666666666,7.166666666666667,11.333333333333334,4.666666666666667,20.333333333333332,22.166666666666668,20.571428571428573,52.57142857142857,5.857142857142857,16.0,12.714285714285714,11.714285714285714,7.714285714285714,5.285714285714286,16.0,21.714285714285715,50.142857142857146,5.857142857142857,14.714285714285714,10.571428571428571,12.428571428571429,11.0,3.857142857142857,17.0,0.8571428571428571,1.0,0.75,1.0,16.0,-15.0,2043.589370712048,2102.293986831142
570,20.125,50.125,6.75,18.625,9.0,11.125,13.75,5.75,18.625,20.625,53.875,6.125,16.5,13.5,10.875,12.875,7.75,16.25,-1.75,23.0,53.666666666666664,8.0,22.666666666666668,11.0,13.166666666666666,11.0,7.5,18.833333333333332,20.0,51.333333333333336,5.166666666666667,17.0,9.0,10.333333333333334,12.166666666666666,4.5,18.5,10.5,0.6,0.6666666666666666,7.0,2.0,5.0,1982.0024604460104,2003.7869905120745
571,24.142857142857142,53.857142857142854,7.285714285714286,19.142857142857142,10.428571428571429,12.285714285714286,11.714285714285714,5.285714285714286,19.0,22.428571428571427,52.42857142857143,7.714285714285714,20.571428571428573,8.0,13.428571428571429,9.857142857142858,4.857142857142857,17.285714285714285,1.5714285714285714,23.333333333333332,59.5,4.5,16.5,13.5,8.666666666666666,8.166666666666666,7.0,17.5,21.666666666666668,48.833333333333336,6.0,16.5,9.0,13.333333333333334,10.666666666666666,4.0,14.833333333333334,-2.5,0.75,0.3333333333333333,11.0,3.0,8.0,1809.2332695739085,1877.2277857299423
572,24.75,52.125,9.625,21.875,9.625,15.0,11.875,8.875,16.25,20.25,50.375,4.625,15.875,9.25,9.875,14.875,6.75,16.625,12.625,24.5,53.25,6.25,15.625,11.875,15.0,11.0,7.125,19.875,22.5,50.375,6.125,18.0,8.625,11.375,11.625,5.5,20.125,4.375,1.0,0.6,1.0,9.0,-8.0,2138.742897205412,2213.2587291699365
573,27.75,61.375,7.625,20.75,13.625,16.125,10.375,11.875,18.125,20.5,53.875,4.5,16.375,12.125,11.875,18.25,4.625,19.875,20.375,23.166666666666668,52.333333333333336,4.333333333333333,18.0,9.666666666666666,13.166666666666666,14.833333333333334,5.833333333333333,17.166666666666668,24.0,56.833333333333336,5.333333333333333,15.333333333333334,11.5,12.5,11.833333333333334,8.833333333333334,17.333333333333332,-2.8333333333333335,1.0,0.3333333333333333,4.0,5.0,-1.0,2131.896590630804,2196.7302463938304
574,24.75,53.0,8.875,22.375,8.125,13.625,8.125,4.875,14.375,25.125,52.875,5.5,19.25,8.75,12.875,11.0,4.625,17.875,5.625,24.285714285714285,59.285714285714285,4.714285714285714,16.285714285714285,16.571428571428573,14.285714285714286,11.142857142857142,4.142857142857143,18.142857142857142,22.428571428571427,58.0,6.857142857142857,19.142857142857142,14.142857142857142,10.857142857142858,8.428571428571429,6.285714285714286,17.285714285714285,-4.571428571428571,0.8,0.5,2.0,7.0,-5.0,2068.490655225439,2131.4486947332634
575,25.571428571428573,51.714285714285715,7.428571428571429,18.142857142857142,10.857142857142858,15.142857142857142,12.714285714285714,5.142857142857143,18.571428571428573,22.428571428571427,51.142857142857146,6.714285714285714,18.142857142857142,8.857142857142858,12.142857142857142,9.571428571428571,6.714285714285714,16.285714285714285,4.285714285714286,26.2,51.4,6.6,15.6,7.4,15.8,10.2,6.0,16.4,19.4,51.6,6.0,18.0,7.8,11.2,11.8,5.0,20.0,17.4,0.8,1.0,4.0,12.0,-8.0,2036.6772574385795,2100.7598079762206
576,24.625,57.0,4.875,13.875,12.5,10.125,9.375,9.5,17.0,19.625,47.25,4.75,16.125,7.75,11.0,14.625,4.0,17.0,9.375,27.0,50.2,6.0,13.2,7.6,11.6,7.4,4.8,16.6,19.0,49.8,6.2,18.4,9.0,9.2,9.6,3.6,18.4,18.2,0.8,1.0,4.0,12.0,-8.0,1973.2566839044828,2016.991214774148
577,24.428571428571427,53.42857142857143,8.0,21.285714285714285,9.0,13.285714285714286,7.285714285714286,4.857142857142857,14.428571428571429,26.571428571428573,57.42857142857143,5.285714285714286,14.857142857142858,9.571428571428571,11.0,8.714285714285714,4.142857142857143,20.142857142857142,5.142857142857143,25.0,54.857142857142854,9.0,21.285714285714285,10.285714285714286,12.714285714285714,10.857142857142858,7.285714285714286,21.0,22.857142857142858,52.0,5.857142857142857,16.428571428571427,9.285714285714286,11.0,13.285714285714286,3.4285714285714284,20.428571428571427,6.0,0.5,0.75,2.0,7.0,-5.0,2016.2378066163528,2074.79182977233
578,27.125,56.25,6.375,16.75,10.75,16.125,9.0,6.375,16.875,20.0,52.625,4.375,12.25,9.125,8.5,11.625,4.625,16.375,14.25,25.333333333333332,50.666666666666664,4.833333333333333,13.166666666666666,7.666666666666667,14.166666666666666,12.333333333333334,6.0,20.166666666666668,19.333333333333332,53.333333333333336,5.166666666666667,16.5,11.333333333333334,9.333333333333334,12.5,6.0,20.833333333333332,11.833333333333334,0.6,1.0,1.0,8.0,-7.0,2022.121032763207,2091.133940409826
579,24.88888888888889,55.333333333333336,7.444444444444445,20.11111111111111,13.777777777777779,13.11111111111111,8.444444444444445,5.333333333333333,16.11111111111111,25.0,57.44444444444444,8.11111111111111,19.88888888888889,13.666666666666666,15.444444444444445,9.333333333333334,4.777777777777778,18.0,6.0,25.857142857142858,51.714285714285715,10.142857142857142,25.0,7.428571428571429,16.0,9.571428571428571,3.4285714285714284,17.428571428571427,25.428571428571427,55.0,6.285714285714286,18.0,10.142857142857142,12.142857142857142,8.285714285714286,5.571428571428571,16.571428571428573,3.0,0.8333333333333334,0.6,6.0,3.0,3.0,1949.269913063756,2023.6729941982455
580,28.625,61.375,7.875,20.375,11.25,18.125,11.0,5.0,17.625,25.625,59.625,6.5,18.625,9.5,13.25,10.125,6.625,19.5,4.75,28.166666666666668,58.166666666666664,5.833333333333333,14.5,11.666666666666666,15.666666666666666,10.666666666666666,6.0,22.0,25.5,53.833333333333336,6.5,18.833333333333332,10.5,11.0,12.833333333333334,5.0,21.0,3.8333333333333335,0.8,0.3333333333333333,3.0,6.0,-3.0,2014.3853245377,2086.588951191544
581,22.125,56.5,4.75,14.875,15.375,9.625,11.875,5.0,19.5,22.875,53.125,6.125,16.0,9.125,11.625,11.125,6.125,21.5,1.125,26.0,52.333333333333336,8.666666666666666,21.833333333333332,11.166666666666666,14.0,10.166666666666666,6.333333333333333,15.0,18.166666666666668,52.166666666666664,5.166666666666667,16.333333333333332,10.166666666666666,7.166666666666667,11.333333333333334,4.666666666666667,20.333333333333332,22.166666666666668,0.6,1.0,8.0,1.0,7.0,1979.605961931448,2056.971218192224
582,23.5,50.125,6.0,16.625,9.0,9.375,12.5,4.875,17.25,24.125,51.0,6.0,17.25,9.125,13.375,11.75,5.625,19.375,-1.375,26.857142857142858,57.42857142857143,6.142857142857143,18.857142857142858,12.0,13.0,12.571428571428571,6.142857142857143,21.0,24.571428571428573,57.142857142857146,6.285714285714286,16.285714285714285,10.142857142857142,12.714285714285714,10.714285714285714,7.0,20.285714285714285,6.714285714285714,0.6,0.5,10.0,2.0,8.0,1852.8200094429576,1912.087414401417
583,24.571428571428573,54.42857142857143,5.428571428571429,18.0,11.285714285714286,13.428571428571429,10.857142857142858,5.857142857142857,16.571428571428573,19.0,52.0,4.142857142857143,15.285714285714286,7.714285714285714,8.857142857142858,10.714285714285714,6.0,17.142857142857142,15.0,26.333333333333332,57.666666666666664,7.166666666666667,19.5,11.166666666666666,13.5,11.0,7.0,16.666666666666668,23.333333333333332,56.166666666666664,6.666666666666667,21.166666666666668,11.0,13.166666666666666,15.0,5.833333333333333,18.666666666666668,10.666666666666666,0.75,1.0,11.0,14.0,-3.0,1895.1054351254493,1968.446244264154
584,26.375,56.625,5.5,16.5,9.375,15.875,10.25,7.5,19.0,25.0,54.875,8.75,23.25,9.5,13.75,12.75,4.5,18.875,3.875,27.857142857142858,58.857142857142854,8.571428571428571,23.428571428571427,14.285714285714286,17.571428571428573,10.142857142857142,7.428571428571429,19.428571428571427,22.0,46.714285714285715,4.714285714285714,12.142857142857142,8.285714285714286,9.714285714285714,15.0,4.142857142857143,19.857142857142858,16.571428571428573,0.8,1.0,4.0,12.0,-8.0,1948.979411123552,2042.2800838943967
585,23.142857142857142,48.42857142857143,6.285714285714286,16.0,9.428571428571429,13.285714285714286,8.857142857142858,3.0,15.857142857142858,19.714285714285715,51.857142857142854,4.142857142857143,14.857142857142858,10.571428571428571,8.857142857142858,8.571428571428571,4.428571428571429,17.428571428571427,12.0,26.0,56.833333333333336,5.333333333333333,16.666666666666668,11.166666666666666,16.0,14.166666666666666,7.166666666666667,17.833333333333332,27.0,60.5,7.0,20.166666666666668,11.5,14.5,11.5,7.666666666666667,19.5,-3.8333333333333335,0.75,0.3333333333333333,1.0,8.0,-7.0,2025.0093500635653,2090.8474015429147
586,27.125,56.25,6.375,16.75,10.75,16.125,9.0,6.375,16.875,20.0,52.625,4.375,12.25,9.125,8.5,11.625,4.625,16.375,14.25,24.625,57.0,4.875,13.875,12.5,10.125,9.375,9.5,17.0,19.625,47.25,4.75,16.125,7.75,11.0,14.625,4.0,17.0,9.375,0.6,0.8,1.0,4.0,-3.0,2036.4681715437173,2105.6716638144044
587,24.142857142857142,53.857142857142854,7.285714285714286,19.142857142857142,10.428571428571429,12.285714285714286,11.714285714285714,5.285714285714286,19.0,22.428571428571427,52.42857142857143,7.714285714285714,20.571428571428573,8.0,13.428571428571429,9.857142857142858,4.857142857142857,17.285714285714285,1.5714285714285714,23.5,50.125,6.0,16.625,9.0,9.375,12.5,4.875,17.25,24.125,51.0,6.0,17.25,9.125,13.375,11.75,5.625,19.375,-1.375,0.75,0.6,11.0,10.0,1.0,1835.406939251125,1903.3750260870595
588,24.75,52.125,9.625,21.875,9.625,15.0,11.875,8.875,16.25,20.25,50.375,4.625,15.875,9.25,9.875,14.875,6.75,16.625,12.625,26.375,56.625,5.5,16.5,9.375,15.875,10.25,7.5,19.0,25.0,54.875,8.75,23.25,9.5,13.75,12.75,4.5,18.875,3.875,1.0,0.8,1.0,4.0,-3.0,2146.610015151765,2221.044734511104
589,24.428571428571427,53.42857142857143,8.0,21.285714285714285,9.0,13.285714285714286,7.285714285714286,4.857142857142857,14.428571428571429,26.571428571428573,57.42857142857143,5.285714285714286,14.857142857142858,9.571428571428571,11.0,8.714285714285714,4.142857142857143,20.142857142857142,5.142857142857143,24.88888888888889,55.333333333333336,7.444444444444445,20.11111111111111,13.777777777777779,13.11111111111111,8.444444444444445,5.333333333333333,16.11111111111111,25.0,57.44444444444444,8.11111111111111,19.88888888888889,13.666666666666666,15.444444444444445,9.333333333333334,4.777777777777778,18.0,6.0,0.5,0.8333333333333334,2.0,6.0,-4.0,2028.059676895707,2087.185613486115
590,20.125,50.125,6.75,18.625,9.0,11.125,13.75,5.75,18.625,20.625,53.875,6.125,16.5,13.5,10.875,12.875,7.75,16.25,-1.75,28.625,61.375,7.875,20.375,11.25,18.125,11.0,5.0,17.625,25.625,59.625,6.5,18.625,9.5,13.25,10.125,6.625,19.5,4.75,0.6,0.8,7.0,3.0,4.0,1998.8180719621027,2022.3411373418312
591,22.125,56.5,4.75,14.875,15.375,9.625,11.875,5.0,19.5,22.875,53.125,6.125,16.0,9.125,11.625,11.125,6.125,21.5,1.125,27.75,61.375,7.625,20.75,13.625,16.125,10.375,11.875,18.125,20.5,53.875,4.5,16.375,12.125,11.875,18.25,4.625,19.875,20.375,0.6,1.0,8.0,4.0,4.0,1998.565880614844,2075.115329937812
592,24.75,53.0,8.875,22.375,8.125,13.625,8.125,4.875,14.375,25.125,52.875,5.5,19.25,8.75,12.875,11.0,4.625,17.875,5.625,24.571428571428573,54.42857142857143,5.428571428571429,18.0,11.285714285714286,13.428571428571429,10.857142857142858,5.857142857142857,16.571428571428573,19.0,52.0,4.142857142857143,15.285714285714286,7.714285714285714,8.857142857142858,10.714285714285714,6.0,17.142857142857142,15.0,0.8,0.75,2.0,11.0,-9.0,2077.645129861516,2140.8781730698656
593,25.571428571428573,51.714285714285715,7.428571428571429,18.142857142857142,10.857142857142858,15.142857142857142,12.714285714285714,5.142857142857143,18.571428571428573,22.428571428571427,51.142857142857146,6.714285714285714,18.142857142857142,8.857142857142858,12.142857142857142,9.571428571428571,6.714285714285714,16.285714285714285,4.285714285714286,23.142857142857142,48.42857142857143,6.285714285714286,16.0,9.428571428571429,13.285714285714286,8.857142857142858,3.0,15.857142857142858,19.714285714285715,51.857142857142854,4.142857142857143,14.857142857142858,10.571428571428571,8.857142857142858,8.571428571428571,4.428571428571429,17.428571428571427,12.0,0.8,0.75,4.0,1.0,3.0,2042.147729255772,2107.4113218482125
594,24.75,52.125,9.625,21.875,9.625,15.0,11.875,8.875,16.25,20.25,50.375,4.625,15.875,9.25,9.875,14.875,6.75,16.625,12.625,24.142857142857142,53.857142857142854,7.285714285714286,19.142857142857142,10.428571428571429,12.285714285714286,11.714285714285714,5.285714285714286,19.0,22.428571428571427,52.42857142857143,7.714285714285714,20.571428571428573,8.0,13.428571428571429,9.857142857142858,4.857142857142857,17.285714285714285,1.5714285714285714,1.0,0.75,1.0,11.0,-10.0,2154.648938616855,2229.7005943148624
595,24.428571428571427,53.42857142857143,8.0,21.285714285714285,9.0,13.285714285714286,7.285714285714286,4.857142857142857,14.428571428571429,26.571428571428573,57.42857142857143,5.285714285714286,14.857142857142858,9.571428571428571,11.0,8.714285714285714,4.142857142857143,20.142857142857142,5.142857142857143,27.125,56.25,6.375,16.75,10.75,16.125,9.0,6.375,16.875,20.0,52.625,4.375,12.25,9.125,8.5,11.625,4.625,16.375,14.25,0.5,0.6,2.0,1.0,1.0,2041.2145810639608,2100.9835331718878
596,20.125,50.125,6.75,18.625,9.0,11.125,13.75,5.75,18.625,20.625,53.875,6.125,16.5,13.5,10.875,12.875,7.75,16.25,-1.75,25.571428571428573,51.714285714285715,7.428571428571429,18.142857142857142,10.857142857142858,15.142857142857142,12.714285714285714,5.142857142857143,18.571428571428573,22.428571428571427,51.142857142857146,6.714285714285714,18.142857142857142,8.857142857142858,12.142857142857142,9.571428571428571,6.714285714285714,16.285714285714285,4.285714285714286,0.6,0.8,7.0,4.0,3.0,2016.275045883006,2041.9671141893864
597,22.125,56.5,4.75,14.875,15.375,9.625,11.875,5.0,19.5,22.875,53.125,6.125,16.0,9.125,11.625,11.125,6.125,21.5,1.125,24.75,53.0,8.875,22.375,8.125,13.625,8.125,4.875,14.375,25.125,52.875,5.5,19.25,8.75,12.875,11.0,4.625,17.875,5.625,0.6,0.8,8.0,2.0,6.0,2020.7158456775876,2096.753622663005
598,20.125,50.125,6.75,18.625,9.0,11.125,13.75,5.75,18.625,20.625,53.875,6.125,16.5,13.5,10.875,12.875,7.75,16.25,-1.75,24.75,52.125,9.625,21.875,9.625,15.0,11.875,8.875,16.25,20.25,50.375,4.625,15.875,9.25,9.875,14.875,6.75,16.625,12.625,0.6,1.0,7.0,1.0,6.0,2034.184089286892,2061.6420332253274
599,22.125,56.5,4.75,14.875,15.375,9.625,11.875,5.0,19.5,22.875,53.125,6.125,16.0,9.125,11.625,11.125,6.125,21.5,1.125,24.428571428571427,53.42857142857143,8.0,21.285714285714285,9.0,13.285714285714286,7.285714285714286,4.857142857142857,14.428571428571429,26.571428571428573,57.42857142857143,5.285714285714286,14.857142857142858,9.571428571428571,11.0,8.714285714285714,4.142857142857143,20.142857142857142,5.142857142857143,0.6,0.5,8.0,2.0,6.0,2039.693733717292,2115.177824063305
600,20.125,50.125,6.75,18.625,9.0,11.125,13.75,5.75,18.625,20.625,53.875,6.125,16.5,13.5,10.875,12.875,7.75,16.25,-1.75,22.125,56.5,4.75,14.875,15.375,9.625,11.875,5.0,19.5,22.875,53.125,6.125,16.0,9.125,11.625,11.125,6.125,21.5,1.125,0.6,0.6,7.0,8.0,-1.0,2055.7151469850182,2084.998481067427
601,25.571428571428573,54.57142857142857,7.714285714285714,22.285714285714285,9.857142857142858,11.285714285714286,11.571428571428571,7.571428571428571,18.571428571428573,25.571428571428573,55.142857142857146,3.4285714285714284,13.142857142857142,11.142857142857142,9.285714285714286,13.142857142857142,5.714285714285714,18.428571428571427,7.0,23.8,52.0,6.4,14.8,11.0,10.0,10.8,6.2,15.8,21.0,51.8,6.6,18.6,9.2,12.6,11.4,5.2,19.4,12.2,1.0,1.0,16.0,16.0,0.0,1409.4628180349205,1595.4127162531306
602,23.714285714285715,53.142857142857146,4.714285714285714,16.285714285714285,9.428571428571429,11.857142857142858,11.0,5.714285714285714,19.571428571428573,24.142857142857142,51.285714285714285,7.142857142857143,20.142857142857142,9.142857142857142,16.0,12.428571428571429,4.571428571428571,19.714285714285715,-3.5714285714285716,25.625,55.5,5.0,16.375,12.25,14.25,7.75,4.75,19.75,23.375,50.0,5.75,15.625,11.5,11.5,10.5,4.125,20.25,1.5,0.25,0.8,12.0,12.0,0.0,1838.6529006962533,1889.87816612036
603,24.77777777777778,51.888888888888886,7.111111111111111,17.77777777777778,9.333333333333334,12.222222222222221,12.333333333333334,3.7777777777777777,17.88888888888889,22.77777777777778,58.77777777777778,4.444444444444445,15.555555555555555,9.88888888888889,10.333333333333334,9.222222222222221,6.888888888888889,20.444444444444443,12.444444444444445,20.571428571428573,52.57142857142857,5.857142857142857,16.0,12.714285714285714,11.714285714285714,7.714285714285714,5.285714285714286,16.0,21.714285714285715,50.142857142857146,5.857142857142857,14.714285714285714,10.571428571428571,12.428571428571429,11.0,3.857142857142857,17.0,0.8571428571428571,1.0,0.75,16.0,16.0,0.0,1310.190477947912,1576.3406898113983
604,27.714285714285715,62.0,6.0,19.428571428571427,13.428571428571429,16.285714285714285,10.285714285714286,8.571428571428571,19.142857142857142,27.714285714285715,53.285714285714285,8.428571428571429,19.285714285714285,9.285714285714286,15.857142857142858,14.0,6.571428571428571,19.428571428571427,-4.142857142857143,24.571428571428573,54.42857142857143,5.428571428571429,18.0,11.285714285714286,13.428571428571429,10.857142857142858,5.857142857142857,16.571428571428573,19.0,52.0,4.142857142857143,15.285714285714286,7.714285714285714,8.857142857142858,10.714285714285714,6.0,17.142857142857142,15.0,0.0,0.75,11.0,11.0,0.0,1833.5533520860208,1892.2311071376528
605,24.875,51.125,8.5,21.625,8.0,15.5,11.75,3.5,16.75,23.25,60.125,5.75,18.25,11.875,11.375,8.625,7.125,18.375,7.875,20.125,50.125,6.75,18.625,9.0,11.125,13.75,5.75,18.625,20.625,53.875,6.125,16.5,13.5,10.875,12.875,7.75,16.25,-1.75,0.6,0.6,10.0,7.0,3.0,1829.0376875218544,1910.229755971137
606,23.714285714285715,54.57142857142857,3.4285714285714284,14.714285714285714,11.285714285714286,11.285714285714286,12.0,8.0,17.857142857142858,22.142857142857142,51.57142857142857,6.571428571428571,17.285714285714285,8.571428571428571,12.571428571428571,14.571428571428571,5.0,20.285714285714285,1.8571428571428572,24.142857142857142,53.857142857142854,7.285714285714286,19.142857142857142,10.428571428571429,12.285714285714286,11.714285714285714,5.285714285714286,19.0,22.428571428571427,52.42857142857143,7.714285714285714,20.571428571428573,8.0,13.428571428571429,9.857142857142858,4.857142857142857,17.285714285714285,1.5714285714285714,0.75,0.75,6.0,11.0,-5.0,2016.2863780592647,2081.0100211428376
607,23.8,52.0,6.4,14.8,11.0,10.0,10.8,6.2,15.8,21.0,51.8,6.6,18.6,9.2,12.6,11.4,5.2,19.4,12.2,24.75,52.125,9.625,21.875,9.625,15.0,11.875,8.875,16.25,20.25,50.375,4.625,15.875,9.25,9.875,14.875,6.75,16.625,12.625,1.0,1.0,16.0,1.0,15.0,1447.463696373194,1605.3180687632184
608,21.666666666666668,54.166666666666664,5.666666666666667,16.666666666666668,12.5,11.333333333333334,11.666666666666666,6.166666666666667,16.666666666666668,21.333333333333332,53.166666666666664,5.5,17.333333333333332,10.0,12.333333333333334,11.666666666666666,5.833333333333333,17.833333333333332,1.8333333333333333,26.2,51.4,6.6,15.6,7.4,15.8,10.2,6.0,16.4,19.4,51.6,6.0,18.0,7.8,11.2,11.8,5.0,20.0,17.4,0.75,1.0,5.0,12.0,-7.0,1973.4735859102968,2029.170922086628
609,26.8,56.2,6.2,16.4,12.4,12.2,12.6,7.0,17.8,23.2,53.8,5.6,17.4,10.6,11.6,14.8,6.2,19.6,8.8,27.75,61.375,7.625,20.75,13.625,16.125,10.375,11.875,18.125,20.5,53.875,4.5,16.375,12.125,11.875,18.25,4.625,19.875,20.375,1.0,1.0,13.0,4.0,9.0,1618.1885012164053,1758.926374887113
610,22.333333333333332,51.0,6.666666666666667,17.333333333333332,8.666666666666666,12.0,6.166666666666667,4.5,15.666666666666666,21.166666666666668,49.166666666666664,4.166666666666667,12.833333333333334,8.333333333333334,8.333333333333334,10.333333333333334,2.5,16.5,4.333333333333333,24.75,53.0,8.875,22.375,8.125,13.625,8.125,4.875,14.375,25.125,52.875,5.5,19.25,8.75,12.875,11.0,4.625,17.875,5.625,1.0,0.8,15.0,2.0,13.0,1450.153242230774,1583.6711208135769
611,27.333333333333332,58.5,6.166666666666667,18.333333333333332,9.333333333333334,11.666666666666666,7.833333333333333,6.5,16.833333333333332,25.833333333333332,61.666666666666664,6.833333333333333,19.166666666666668,14.833333333333334,11.0,13.333333333333334,3.8333333333333335,20.833333333333332,6.166666666666667,25.571428571428573,51.714285714285715,7.428571428571429,18.142857142857142,10.857142857142858,15.142857142857142,12.714285714285714,5.142857142857143,18.571428571428573,22.428571428571427,51.142857142857146,6.714285714285714,18.142857142857142,8.857142857142858,12.142857142857142,9.571428571428571,6.714285714285714,16.285714285714285,4.285714285714286,1.0,0.8,13.0,4.0,9.0,1658.8205304134992,1791.13699725487
612,27.5,60.833333333333336,10.5,26.166666666666668,11.5,17.0,9.666666666666666,6.5,17.333333333333332,25.333333333333332,56.666666666666664,5.833333333333333,16.333333333333332,11.333333333333334,12.666666666666666,12.666666666666666,5.333333333333333,17.666666666666668,8.666666666666666,27.0,50.2,6.0,13.2,7.6,11.6,7.4,4.8,16.6,19.0,49.8,6.2,18.4,9.0,9.2,9.6,3.6,18.4,18.2,0.6666666666666666,1.0,5.0,12.0,-7.0,1906.7724038576807,1985.182772597098
613,27.4,59.4,5.0,14.2,13.6,12.2,12.0,7.8,19.4,25.4,60.0,7.6,20.2,12.8,15.0,12.8,6.0,20.6,5.4,25.0,54.857142857142854,9.0,21.285714285714285,10.285714285714286,12.714285714285714,10.857142857142858,7.285714285714286,21.0,22.857142857142858,52.0,5.857142857142857,16.428571428571427,9.285714285714286,11.0,13.285714285714286,3.4285714285714284,20.428571428571427,6.0,0.6666666666666666,0.75,10.0,7.0,3.0,1810.785683001473,1890.2279603890345
614,20.428571428571427,52.714285714285715,4.428571428571429,14.285714285714286,10.857142857142858,8.142857142857142,12.285714285714286,4.0,15.142857142857142,24.857142857142858,54.857142857142854,5.285714285714286,17.857142857142858,9.142857142857142,14.285714285714286,9.857142857142858,6.571428571428571,17.142857142857142,-7.142857142857143,24.5,53.25,6.25,15.625,11.875,15.0,11.0,7.125,19.875,22.5,50.375,6.125,18.0,8.625,11.375,11.625,5.5,20.125,4.375,0.6,0.6,8.0,9.0,-1.0,1855.7117535480024,1930.7370664687196
615,24.666666666666668,51.5,4.333333333333333,11.5,12.166666666666666,12.833333333333334,11.333333333333334,4.166666666666667,16.833333333333332,22.0,59.5,3.6666666666666665,15.833333333333334,12.833333333333334,8.5,9.0,6.0,21.0,10.666666666666666,24.625,57.0,4.875,13.875,12.5,10.125,9.375,9.5,17.0,19.625,47.25,4.75,16.125,7.75,11.0,14.625,4.0,17.0,9.375,1.0,0.8,13.0,4.0,9.0,1688.8302988487017,1767.7885151555688
616,25.625,55.5,5.0,16.375,12.25,14.25,7.75,4.75,19.75,23.375,50.0,5.75,15.625,11.5,11.5,10.5,4.125,20.25,1.5,23.166666666666668,52.333333333333336,4.333333333333333,18.0,9.666666666666666,13.166666666666666,14.833333333333334,5.833333333333333,17.166666666666668,24.0,56.833333333333336,5.333333333333333,15.333333333333334,11.5,12.5,11.833333333333334,8.833333333333334,17.333333333333332,-2.8333333333333335,0.8,0.3333333333333333,12.0,5.0,7.0,1909.8459684877728,1975.7280223346388
617,25.857142857142858,52.714285714285715,6.285714285714286,17.285714285714285,10.714285714285714,12.428571428571429,13.285714285714286,5.571428571428571,18.857142857142858,25.142857142857142,60.714285714285715,7.142857142857143,21.857142857142858,14.428571428571429,13.0,11.857142857142858,6.714285714285714,22.0,6.857142857142857,23.333333333333332,59.5,4.5,16.5,13.5,8.666666666666666,8.166666666666666,7.0,17.5,21.666666666666668,48.833333333333336,6.0,16.5,9.0,13.333333333333334,10.666666666666666,4.0,14.833333333333334,-2.5,1.0,0.3333333333333333,14.0,3.0,11.0,1653.3561748078707,1758.6177193718452
618,24.0,56.833333333333336,9.0,23.333333333333332,8.666666666666666,14.166666666666666,11.0,4.666666666666667,21.833333333333332,26.0,55.0,6.333333333333333,16.0,10.166666666666666,12.0,12.0,5.666666666666667,18.0,-3.8333333333333335,24.285714285714285,59.285714285714285,4.714285714285714,16.285714285714285,16.571428571428573,14.285714285714286,11.142857142857142,4.142857142857143,18.142857142857142,22.428571428571427,58.0,6.857142857142857,19.142857142857142,14.142857142857142,10.857142857142858,8.428571428571429,6.285714285714286,17.285714285714285,-4.571428571428571,0.0,0.5,10.0,7.0,3.0,1791.6764150092913,1865.1089189720024
619,21.714285714285715,52.714285714285715,7.142857142857143,20.428571428571427,11.714285714285714,12.571428571428571,13.142857142857142,5.285714285714286,18.0,23.0,51.42857142857143,5.285714285714286,16.428571428571427,7.714285714285714,12.714285714285714,11.714285714285714,5.571428571428571,19.857142857142858,0.0,23.0,53.666666666666664,8.0,22.666666666666668,11.0,13.166666666666666,11.0,7.5,18.833333333333332,20.0,51.333333333333336,5.166666666666667,17.0,9.0,10.333333333333334,12.166666666666666,4.5,18.5,10.5,1.0,0.6666666666666666,15.0,2.0,13.0,1563.946441088567,1658.417037973789
620,20.166666666666668,44.0,5.666666666666667,16.0,5.166666666666667,13.833333333333334,13.5,7.0,13.666666666666666,18.833333333333332,50.333333333333336,3.5,15.5,10.0,9.333333333333334,13.0,5.666666666666667,16.0,7.833333333333333,24.428571428571427,53.42857142857143,8.0,21.285714285714285,9.0,13.285714285714286,7.285714285714286,4.857142857142857,14.428571428571429,26.571428571428573,57.42857142857143,5.285714285714286,14.857142857142858,9.571428571428571,11.0,8.714285714285714,4.142857142857143,20.142857142857142,5.142857142857143,1.0,0.5,15.0,2.0,13.0,1445.4377312410431,1616.855664318558
621,24.714285714285715,49.42857142857143,8.0,18.857142857142858,8.0,14.142857142857142,13.428571428571429,4.428571428571429,18.285714285714285,25.0,57.714285714285715,3.0,11.857142857142858,10.142857142857142,10.714285714285714,8.571428571428571,6.0,19.714285714285715,7.0,27.125,56.25,6.375,16.75,10.75,16.125,9.0,6.375,16.875,20.0,52.625,4.375,12.25,9.125,8.5,11.625,4.625,16.375,14.25,0.75,0.6,16.0,1.0,15.0,1554.5479458662223,1670.0626464927732
622,23.0,53.0,5.166666666666667,16.333333333333332,7.666666666666667,8.666666666666666,9.833333333333334,6.0,20.166666666666668,20.166666666666668,53.333333333333336,6.166666666666667,21.0,10.666666666666666,10.166666666666666,11.333333333333334,4.833333333333333,18.5,5.0,24.88888888888889,55.333333333333336,7.444444444444445,20.11111111111111,13.777777777777779,13.11111111111111,8.444444444444445,5.333333333333333,16.11111111111111,25.0,57.44444444444444,8.11111111111111,19.88888888888889,13.666666666666666,15.444444444444445,9.333333333333334,4.777777777777778,18.0,6.0,0.6666666666666666,0.8333333333333334,11.0,6.0,5.0,1860.370549943338,1928.2108848318333
623,29.285714285714285,62.714285714285715,8.571428571428571,20.0,17.285714285714285,13.0,12.571428571428571,5.142857142857143,21.714285714285715,25.285714285714285,55.57142857142857,7.857142857142857,18.714285714285715,9.285714285714286,11.571428571428571,10.571428571428571,5.714285714285714,20.857142857142858,4.142857142857143,25.857142857142858,51.714285714285715,10.142857142857142,25.0,7.428571428571429,16.0,9.571428571428571,3.4285714285714284,17.428571428571427,25.428571428571427,55.0,6.285714285714286,18.0,10.142857142857142,12.142857142857142,8.285714285714286,5.571428571428571,16.571428571428573,3.0,0.8,0.6,14.0,3.0,11.0,1562.8344669867452,1680.0695732808877
624,24.285714285714285,53.57142857142857,8.285714285714286,21.428571428571427,6.571428571428571,14.714285714285714,9.285714285714286,8.857142857142858,18.857142857142858,23.142857142857142,53.857142857142854,4.285714285714286,15.428571428571429,11.285714285714286,12.0,15.428571428571429,5.142857142857143,19.714285714285715,10.571428571428571,25.333333333333332,50.666666666666664,4.833333333333333,13.166666666666666,7.666666666666667,14.166666666666666,12.333333333333334,6.0,20.166666666666668,19.333333333333332,53.333333333333336,5.166666666666667,16.5,11.333333333333334,9.333333333333334,12.5,6.0,20.833333333333332,11.833333333333334,0.5,1.0,9.0,8.0,1.0,1887.807221207308,1960.954233863686
625,23.5,49.875,5.375,15.25,10.5,13.875,10.125,6.875,20.125,17.0,49.375,4.875,16.75,10.25,7.5,16.25,5.375,23.625,21.25,28.625,61.375,7.875,20.375,11.25,18.125,11.0,5.0,17.625,25.625,59.625,6.5,18.625,9.5,13.25,10.125,6.625,19.5,4.75,1.0,0.8,14.0,3.0,11.0,1524.01994444365,1705.9884762689867
626,26.333333333333332,50.0,9.833333333333334,22.666666666666668,6.0,14.833333333333334,10.5,8.0,18.833333333333332,24.166666666666668,49.166666666666664,7.333333333333333,19.666666666666668,9.666666666666666,13.666666666666666,15.0,5.333333333333333,20.666666666666668,8.166666666666666,26.857142857142858,57.42857142857143,6.142857142857143,18.857142857142858,12.0,13.0,12.571428571428571,6.142857142857143,21.0,24.571428571428573,57.142857142857146,6.285714285714286,16.285714285714285,10.142857142857142,12.714285714285714,10.714285714285714,7.0,20.285714285714285,6.714285714285714,1.0,0.5,15.0,2.0,13.0,1572.0475758872578,1704.3718099518835
627,24.166666666666668,54.833333333333336,6.833333333333333,18.0,11.0,14.333333333333334,12.833333333333334,5.833333333333333,23.0,24.666666666666668,55.166666666666664,6.333333333333333,18.333333333333332,11.833333333333334,14.0,10.666666666666666,7.333333333333333,18.666666666666668,-4.333333333333333,22.125,56.5,4.75,14.875,15.375,9.625,11.875,5.0,19.5,22.875,53.125,6.125,16.0,9.125,11.625,11.125,6.125,21.5,1.125,0.0,0.6,9.0,8.0,1.0,1905.202674615613,1964.470573892382
628,23.166666666666668,53.333333333333336,6.833333333333333,17.0,11.5,13.333333333333334,13.166666666666666,6.0,17.5,24.833333333333332,58.166666666666664,5.666666666666667,21.5,11.5,14.166666666666666,11.5,5.833333333333333,21.833333333333332,-0.3333333333333333,26.0,56.833333333333336,5.333333333333333,16.666666666666668,11.166666666666666,16.0,14.166666666666666,7.166666666666667,17.833333333333332,27.0,60.5,7.0,20.166666666666668,11.5,14.5,11.5,7.666666666666667,19.5,-3.8333333333333335,0.75,0.3333333333333333,9.0,8.0,1.0,1769.9440191201606,1857.6693198176083
629,25.285714285714285,56.714285714285715,7.0,21.142857142857142,14.142857142857142,13.571428571428571,9.428571428571429,6.714285714285714,19.0,24.428571428571427,51.714285714285715,3.5714285714285716,11.857142857142858,10.428571428571429,10.0,10.142857142857142,5.571428571428571,16.142857142857142,3.7142857142857144,26.333333333333332,57.666666666666664,7.166666666666667,19.5,11.166666666666666,13.5,11.0,7.0,16.666666666666668,23.333333333333332,56.166666666666664,6.666666666666667,21.166666666666668,11.0,13.166666666666666,15.0,5.833333333333333,18.666666666666668,10.666666666666666,0.6,1.0,3.0,14.0,-11.0,2071.8573746556267,2141.323588695848
630,24.714285714285715,53.857142857142854,7.0,18.285714285714285,9.714285714285714,13.428571428571429,9.714285714285714,4.428571428571429,17.428571428571427,26.714285714285715,60.142857142857146,7.0,21.142857142857142,11.714285714285714,13.857142857142858,8.571428571428571,5.142857142857143,21.571428571428573,2.142857142857143,28.166666666666668,58.166666666666664,5.833333333333333,14.5,11.666666666666666,15.666666666666666,10.666666666666666,6.0,22.0,25.5,53.833333333333336,6.5,18.833333333333332,10.5,11.0,12.833333333333334,5.0,21.0,3.8333333333333335,0.8,0.3333333333333333,11.0,6.0,5.0,1875.3307748097552,1929.1048734404208
631,25.428571428571427,60.714285714285715,7.428571428571429,20.714285714285715,14.428571428571429,13.0,11.571428571428571,9.571428571428571,17.857142857142858,21.285714285714285,53.142857142857146,5.0,15.714285714285714,9.571428571428571,10.571428571428571,15.857142857142858,5.285714285714286,16.142857142857142,12.571428571428571,27.857142857142858,58.857142857142854,8.571428571428571,23.428571428571427,14.285714285714286,17.571428571428573,10.142857142857142,7.428571428571429,19.428571428571427,22.0,46.714285714285715,4.714285714285714,12.142857142857142,8.285714285714286,9.714285714285714,15.0,4.142857142857143,19.857142857142858,16.571428571428573,0.8,1.0,5.0,12.0,-7.0,1903.840241404765,1977.0937048840265
632,24.125,50.875,5.5,17.75,9.0,16.5,12.25,4.125,15.0,21.5,58.625,5.5,18.75,11.375,9.875,9.125,7.25,18.5,10.875,23.5,50.125,6.0,16.625,9.0,9.375,12.5,4.875,17.25,24.125,51.0,6.0,17.25,9.125,13.375,11.75,5.625,19.375,-1.375,0.8,0.6,7.0,10.0,-3.0,1990.6098243030435,1889.68808601939
633,24.166666666666668,58.333333333333336,5.5,17.5,11.833333333333334,12.0,12.166666666666666,7.333333333333333,20.666666666666668,26.166666666666668,54.666666666666664,5.833333333333333,16.5,8.666666666666666,15.333333333333334,14.666666666666666,5.333333333333333,20.833333333333332,-1.0,24.571428571428573,54.42857142857143,5.428571428571429,18.0,11.285714285714286,13.428571428571429,10.857142857142858,5.857142857142857,16.571428571428573,19.0,52.0,4.142857142857143,15.285714285714286,7.714285714285714,8.857142857142858,10.714285714285714,6.0,17.142857142857142,15.0,0.5,0.75,6.0,11.0,-5.0,1804.8260373523087,1876.915179594091
634,22.857142857142858,52.857142857142854,4.0,15.428571428571429,10.571428571428571,8.285714285714286,11.0,8.0,20.285714285714285,20.0,53.285714285714285,6.571428571428571,18.428571428571427,9.714285714285714,7.285714285714286,16.285714285714285,4.857142857142857,25.142857142857142,9.571428571428571,26.375,56.625,5.5,16.5,9.375,15.875,10.25,7.5,19.0,25.0,54.875,8.75,23.25,9.5,13.75,12.75,4.5,18.875,3.875,1.0,0.8,13.0,4.0,9.0,1722.3415599854416,1800.0983453766162
635,25.166666666666668,61.666666666666664,5.166666666666667,20.0,14.833333333333334,9.666666666666666,12.5,6.166666666666667,20.0,21.5,57.5,5.666666666666667,23.166666666666668,10.5,9.5,11.166666666666666,7.0,20.166666666666668,5.0,23.142857142857142,48.42857142857143,6.285714285714286,16.0,9.428571428571429,13.285714285714286,8.857142857142858,3.0,15.857142857142858,19.714285714285715,51.857142857142854,4.142857142857143,14.857142857142858,10.571428571428571,8.857142857142858,8.571428571428571,4.428571428571429,17.428571428571427,12.0,1.0,0.75,16.0,1.0,15.0,1411.2437893909898,1563.4455200168336
636,20.571428571428573,52.57142857142857,5.857142857142857,16.0,12.714285714285714,11.714285714285714,7.714285714285714,5.285714285714286,16.0,21.714285714285715,50.142857142857146,5.857142857142857,14.714285714285714,10.571428571428571,12.428571428571429,11.0,3.857142857142857,17.0,0.8571428571428571,26.0,52.333333333333336,8.666666666666666,21.833333333333332,11.166666666666666,14.0,10.166666666666666,6.333333333333333,15.0,18.166666666666668,52.166666666666664,5.166666666666667,16.333333333333332,10.166666666666666,7.166666666666667,11.333333333333334,4.666666666666667,20.333333333333332,22.166666666666668,0.75,1.0,16.0,1.0,15.0,1453.9198833982218,1581.157350434231
637,23.0,53.666666666666664,8.0,22.666666666666668,11.0,13.166666666666666,11.0,7.5,18.833333333333332,20.0,51.333333333333336,5.166666666666667,17.0,9.0,10.333333333333334,12.166666666666666,4.5,18.5,10.5,20.125,50.125,6.75,18.625,9.0,11.125,13.75,5.75,18.625,20.625,53.875,6.125,16.5,13.5,10.875,12.875,7.75,16.25,-1.75,0.6666666666666666,0.6,2.0,7.0,-5.0,1999.7286040772333,2059.7280403859377
638,23.333333333333332,59.5,4.5,16.5,13.5,8.666666666666666,8.166666666666666,7.0,17.5,21.666666666666668,48.833333333333336,6.0,16.5,9.0,13.333333333333334,10.666666666666666,4.0,14.833333333333334,-2.5,24.142857142857142,53.857142857142854,7.285714285714286,19.142857142857142,10.428571428571429,12.285714285714286,11.714285714285714,5.285714285714286,19.0,22.428571428571427,52.42857142857143,7.714285714285714,20.571428571428573,8.0,13.428571428571429,9.857142857142858,4.857142857142857,17.285714285714285,1.5714285714285714,0.3333333333333333,0.75,3.0,11.0,-8.0,2070.221075130503,2137.253853714377
639,24.5,53.25,6.25,15.625,11.875,15.0,11.0,7.125,19.875,22.5,50.375,6.125,18.0,8.625,11.375,11.625,5.5,20.125,4.375,24.75,52.125,9.625,21.875,9.625,15.0,11.875,8.875,16.25,20.25,50.375,4.625,15.875,9.25,9.875,14.875,6.75,16.625,12.625,0.6,1.0,9.0,1.0,8.0,1944.0254855892697,2016.1580311811183
640,23.166666666666668,52.333333333333336,4.333333333333333,18.0,9.666666666666666,13.166666666666666,14.833333333333334,5.833333333333333,17.166666666666668,24.0,56.833333333333336,5.333333333333333,15.333333333333334,11.5,12.5,11.833333333333334,8.833333333333334,17.333333333333332,-2.8333333333333335,27.75,61.375,7.625,20.75,13.625,16.125,10.375,11.875,18.125,20.5,53.875,4.5,16.375,12.125,11.875,18.25,4.625,19.875,20.375,0.3333333333333333,1.0,5.0,4.0,1.0,1924.537834544367,1952.5533841386991
641,24.285714285714285,59.285714285714285,4.714285714285714,16.285714285714285,16.571428571428573,14.285714285714286,11.142857142857142,4.142857142857143,18.142857142857142,22.428571428571427,58.0,6.857142857142857,19.142857142857142,14.142857142857142,10.857142857142858,8.428571428571429,6.285714285714286,17.285714285714285,-4.571428571428571,24.75,53.0,8.875,22.375,8.125,13.625,8.125,4.875,14.375,25.125,52.875,5.5,19.25,8.75,12.875,11.0,4.625,17.875,5.625,0.5,0.8,7.0,2.0,5.0,1909.62356563884,1979.8271228244448
642,26.2,51.4,6.6,15.6,7.4,15.8,10.2,6.0,16.4,19.4,51.6,6.0,18.0,7.8,11.2,11.8,5.0,20.0,17.4,25.571428571428573,51.714285714285715,7.428571428571429,18.142857142857142,10.857142857142858,15.142857142857142,12.714285714285714,5.142857142857143,18.571428571428573,22.428571428571427,51.142857142857146,6.714285714285714,18.142857142857142,8.857142857142858,12.142857142857142,9.571428571428571,6.714285714285714,16.285714285714285,4.285714285714286,1.0,0.8,12.0,4.0,8.0,1762.3953609103637,1868.347197501962
643,27.0,50.2,6.0,13.2,7.6,11.6,7.4,4.8,16.6,19.0,49.8,6.2,18.4,9.0,9.2,9.6,3.6,18.4,18.2,24.625,57.0,4.875,13.875,12.5,10.125,9.375,9.5,17.0,19.625,47.25,4.75,16.125,7.75,11.0,14.625,4.0,17.0,9.375,1.0,0.8,12.0,4.0,8.0,1714.149087991329,1825.358902175741
644,25.0,54.857142857142854,9.0,21.285714285714285,10.285714285714286,12.714285714285714,10.857142857142858,7.285714285714286,21.0,22.857142857142858,52.0,5.857142857142857,16.428571428571427,9.285714285714286,11.0,13.285714285714286,3.4285714285714284,20.428571428571427,6.0,24.428571428571427,53.42857142857143,8.0,21.285714285714285,9.0,13.285714285714286,7.285714285714286,4.857142857142857,14.428571428571429,26.571428571428573,57.42857142857143,5.285714285714286,14.857142857142858,9.571428571428571,11.0,8.714285714285714,4.142857142857143,20.142857142857142,5.142857142857143,0.75,0.5,7.0,2.0,5.0,1923.3599185620333,1995.115879241573
645,25.333333333333332,50.666666666666664,4.833333333333333,13.166666666666666,7.666666666666667,14.166666666666666,12.333333333333334,6.0,20.166666666666668,19.333333333333332,53.333333333333336,5.166666666666667,16.5,11.333333333333334,9.333333333333334,12.5,6.0,20.833333333333332,11.833333333333334,27.125,56.25,6.375,16.75,10.75,16.125,9.0,6.375,16.875,20.0,52.625,4.375,12.25,9.125,8.5,11.625,4.625,16.375,14.25,1.0,0.6,8.0,1.0,7.0,1986.101109691956,2059.2921558915286
646,25.857142857142858,51.714285714285715,10.142857142857142,25.0,7.428571428571429,16.0,9.571428571428571,3.4285714285714284,17.428571428571427,25.428571428571427,55.0,6.285714285714286,18.0,10.142857142857142,12.142857142857142,8.285714285714286,5.571428571428571,16.571428571428573,3.0,24.88888888888889,55.333333333333336,7.444444444444445,20.11111111111111,13.777777777777779,13.11111111111111,8.444444444444445,5.333333333333333,16.11111111111111,25.0,57.44444444444444,8.11111111111111,19.88888888888889,13.666666666666666,15.444444444444445,9.333333333333334,4.777777777777778,18.0,6.0,0.6,0.8333333333333334,3.0,6.0,-3.0,1956.7734988900663,2010.4130615805493
647,28.166666666666668,58.166666666666664,5.833333333333333,14.5,11.666666666666666,15.666666666666666,10.666666666666666,6.0,22.0,25.5,53.833333333333336,6.5,18.833333333333332,10.5,11.0,12.833333333333334,5.0,21.0,3.8333333333333335,28.625,61.375,7.875,20.375,11.25,18.125,11.0,5.0,17.625,25.625,59.625,6.5,18.625,9.5,13.25,10.125,6.625,19.5,4.75,0.3333333333333333,0.8,6.0,3.0,3.0,2017.825472827472,2083.990286778968
648,26.0,52.333333333333336,8.666666666666666,21.833333333333332,11.166666666666666,14.0,10.166666666666666,6.333333333333333,15.0,18.166666666666668,52.166666666666664,5.166666666666667,16.333333333333332,10.166666666666666,7.166666666666667,11.333333333333334,4.666666666666667,20.333333333333332,22.166666666666668,22.125,56.5,4.75,14.875,15.375,9.625,11.875,5.0,19.5,22.875,53.125,6.125,16.0,9.125,11.625,11.125,6.125,21.5,1.125,1.0,0.6,1.0,8.0,-7.0,2044.6284302330405,2103.811754102344
649,26.857142857142858,57.42857142857143,6.142857142857143,18.857142857142858,12.0,13.0,12.571428571428571,6.142857142857143,21.0,24.571428571428573,57.142857142857146,6.285714285714286,16.285714285714285,10.142857142857142,12.714285714285714,10.714285714285714,7.0,20.285714285714285,6.714285714285714,23.5,50.125,6.0,16.625,9.0,9.375,12.5,4.875,17.25,24.125,51.0,6.0,17.25,9.125,13.375,11.75,5.625,19.375,-1.375,0.5,0.6,2.0,10.0,-8.0,2056.789873612483,2119.522752571514
650,26.333333333333332,57.666666666666664,7.166666666666667,19.5,11.166666666666666,13.5,11.0,7.0,16.666666666666668,23.333333333333332,56.166666666666664,6.666666666666667,21.166666666666668,11.0,13.166666666666666,15.0,5.833333333333333,18.666666666666668,10.666666666666666,24.571428571428573,54.42857142857143,5.428571428571429,18.0,11.285714285714286,13.428571428571429,10.857142857142858,5.857142857142857,16.571428571428573,19.0,52.0,4.142857142857143,15.285714285714286,7.714285714285714,8.857142857142858,10.714285714285714,6.0,17.142857142857142,15.0,1.0,0.75,14.0,11.0,3.0,1633.335823911175,1760.1361033975502
651,27.857142857142858,58.857142857142854,8.571428571428571,23.428571428571427,14.285714285714286,17.571428571428573,10.142857142857142,7.428571428571429,19.428571428571427,22.0,46.714285714285715,4.714285714285714,12.142857142857142,8.285714285714286,9.714285714285714,15.0,4.142857142857143,19.857142857142858,16.571428571428573,26.375,56.625,5.5,16.5,9.375,15.875,10.25,7.5,19.0,25.0,54.875,8.75,23.25,9.5,13.75,12.75,4.5,18.875,3.875,1.0,0.8,12.0,4.0,8.0,1755.43449715371,1802.0520515445453
652,26.0,56.833333333333336,5.333333333333333,16.666666666666668,11.166666666666666,16.0,14.166666666666666,7.166666666666667,17.833333333333332,27.0,60.5,7.0,20.166666666666668,11.5,14.5,11.5,7.666666666666667,19.5,-3.8333333333333335,23.142857142857142,48.42857142857143,6.285714285714286,16.0,9.428571428571429,13.285714285714286,8.857142857142858,3.0,15.857142857142858,19.714285714285715,51.857142857142854,4.142857142857143,14.857142857142858,10.571428571428571,8.857142857142858,8.571428571428571,4.428571428571429,17.428571428571427,12.0,0.3333333333333333,0.75,8.0,1.0,7.0,1944.619817835574,2009.7263847901293
653,24.625,57.0,4.875,13.875,12.5,10.125,9.375,9.5,17.0,19.625,47.25,4.75,16.125,7.75,11.0,14.625,4.0,17.0,9.375,27.125,56.25,6.375,16.75,10.75,16.125,9.0,6.375,16.875,20.0,52.625,4.375,12.25,9.125,8.5,11.625,4.625,16.375,14.25,0.8,0.6,4.0,1.0,3.0,1979.134770675151,2024.964173459604
654,23.5,50.125,6.0,16.625,9.0,9.375,12.5,4.875,17.25,24.125,51.0,6.0,17.25,9.125,13.375,11.75,5.625,19.375,-1.375,24.142857142857142,53.857142857142854,7.285714285714286,19.142857142857142,10.428571428571429,12.285714285714286,11.714285714285714,5.285714285714286,19.0,22.428571428571427,52.42857142857143,7.714285714285714,20.571428571428573,8.0,13.428571428571429,9.857142857142858,4.857142857142857,17.285714285714285,1.5714285714285714,0.6,0.75,10.0,11.0,-1.0,1877.264598640984,1936.6465323625869
655,26.375,56.625,5.5,16.5,9.375,15.875,10.25,7.5,19.0,25.0,54.875,8.75,23.25,9.5,13.75,12.75,4.5,18.875,3.875,24.75,52.125,9.625,21.875,9.625,15.0,11.875,8.875,16.25,20.25,50.375,4.625,15.875,9.25,9.875,14.875,6.75,16.625,12.625,0.8,1.0,4.0,1.0,3.0,1956.8866421971943,2048.697666878919
656,24.88888888888889,55.333333333333336,7.444444444444445,20.11111111111111,13.777777777777779,13.11111111111111,8.444444444444445,5.333333333333333,16.11111111111111,25.0,57.44444444444444,8.11111111111111,19.88888888888889,13.666666666666666,15.444444444444445,9.333333333333334,4.777777777777778,18.0,6.0,24.428571428571427,53.42857142857143,8.0,21.285714285714285,9.0,13.285714285714286,7.285714285714286,4.857142857142857,14.428571428571429,26.571428571428573,57.42857142857143,5.285714285714286,14.857142857142858,9.571428571428571,11.0,8.714285714285714,4.142857142857143,20.142857142857142,5.142857142857143,0.8333333333333334,0.5,6.0,2.0,4.0,1965.6154122453925,2039.0626480450069
657,28.625,61.375,7.875,20.375,11.25,18.125,11.0,5.0,17.625,25.625,59.625,6.5,18.625,9.5,13.25,10.125,6.625,19.5,4.75,20.125,50.125,6.75,18.625,9.0,11.125,13.75,5.75,18.625,20.625,53.875,6.125,16.5,13.5,10.875,12.875,7.75,16.25,-1.75,0.8,0.6,3.0,7.0,-4.0,2030.54374404395,2102.469280504384
658,27.75,61.375,7.625,20.75,13.625,16.125,10.375,11.875,18.125,20.5,53.875,4.5,16.375,12.125,11.875,18.25,4.625,19.875,20.375,22.125,56.5,4.75,14.875,15.375,9.625,11.875,5.0,19.5,22.875,53.125,6.125,16.0,9.125,11.625,11.125,6.125,21.5,1.125,1.0,0.6,4.0,8.0,-4.0,2139.339990469971,2203.0319990046128
659,24.571428571428573,54.42857142857143,5.428571428571429,18.0,11.285714285714286,13.428571428571429,10.857142857142858,5.857142857142857,16.571428571428573,19.0,52.0,4.142857142857143,15.285714285714286,7.714285714285714,8.857142857142858,10.714285714285714,6.0,17.142857142857142,15.0,24.75,53.0,8.875,22.375,8.125,13.625,8.125,4.875,14.375,25.125,52.875,5.5,19.25,8.75,12.875,11.0,4.625,17.875,5.625,0.75,0.8,11.0,2.0,9.0,1900.9103492406664,1975.8584074209384
660,23.142857142857142,48.42857142857143,6.285714285714286,16.0,9.428571428571429,13.285714285714286,8.857142857142858,3.0,15.857142857142858,19.714285714285715,51.857142857142854,4.142857142857143,14.857142857142858,10.571428571428571,8.857142857142858,8.571428571428571,4.428571428571429,17.428571428571427,12.0,25.571428571428573,51.714285714285715,7.428571428571429,18.142857142857142,10.857142857142858,15.142857142857142,12.714285714285714,5.142857142857143,18.571428571428573,22.428571428571427,51.142857142857146,6.714285714285714,18.142857142857142,8.857142857142858,12.142857142857142,9.571428571428571,6.714285714285714,16.285714285714285,4.285714285714286,0.75,0.8,1.0,4.0,-3.0,2037.3719559736608,2103.1780776467
661,24.142857142857142,53.857142857142854,7.285714285714286,19.142857142857142,10.428571428571429,12.285714285714286,11.714285714285714,5.285714285714286,19.0,22.428571428571427,52.42857142857143,7.714285714285714,20.571428571428573,8.0,13.428571428571429,9.857142857142858,4.857142857142857,17.285714285714285,1.5714285714285714,24.75,52.125,9.625,21.875,9.625,15.0,11.875,8.875,16.25,20.25,50.375,4.625,15.875,9.25,9.875,14.875,6.75,16.625,12.625,0.75,1.0,11.0,1.0,10.0,1853.3252834185607,1920.9025689472212
662,27.125,56.25,6.375,16.75,10.75,16.125,9.0,6.375,16.875,20.0,52.625,4.375,12.25,9.125,8.5,11.625,4.625,16.375,14.25,24.428571428571427,53.42857142857143,8.0,21.285714285714285,9.0,13.285714285714286,7.285714285714286,4.857142857142857,14.428571428571429,26.571428571428573,57.42857142857143,5.285714285714286,14.857142857142858,9.571428571428571,11.0,8.714285714285714,4.142857142857143,20.142857142857142,5.142857142857143,0.6,0.5,1.0,2.0,-1.0,2049.8515788420536,2118.0203868606877
663,25.571428571428573,51.714285714285715,7.428571428571429,18.142857142857142,10.857142857142858,15.142857142857142,12.714285714285714,5.142857142857143,18.571428571428573,22.428571428571427,51.142857142857146,6.714285714285714,18.142857142857142,8.857142857142858,12.142857142857142,9.571428571428571,6.714285714285714,16.285714285714285,4.285714285714286,20.125,50.125,6.75,18.625,9.0,11.125,13.75,5.75,18.625,20.625,53.875,6.125,16.5,13.5,10.875,12.875,7.75,16.25,-1.75,0.8,0.6,4.0,7.0,-3.0,2057.92781061921,2123.21638339485
664,24.75,53.0,8.875,22.375,8.125,13.625,8.125,4.875,14.375,25.125,52.875,5.5,19.25,8.75,12.875,11.0,4.625,17.875,5.625,22.125,56.5,4.75,14.875,15.375,9.625,11.875,5.0,19.5,22.875,53.125,6.125,16.0,9.125,11.625,11.125,6.125,21.5,1.125,0.8,0.6,2.0,8.0,-6.0,2086.142427764645,2149.802937018606
665,24.75,52.125,9.625,21.875,9.625,15.0,11.875,8.875,16.25,20.25,50.375,4.625,15.875,9.25,9.875,14.875,6.75,16.625,12.625,20.125,50.125,6.75,18.625,9.0,11.125,13.75,5.75,18.625,20.625,53.875,6.125,16.5,13.5,10.875,12.875,7.75,16.25,-1.75,1.0,0.6,1.0,7.0,-6.0,2159.449112687852,2234.3278479916985
666,24.428571428571427,53.42857142857143,8.0,21.285714285714285,9.0,13.285714285714286,7.285714285714286,4.857142857142857,14.428571428571429,26.571428571428573,57.42857142857143,5.285714285714286,14.857142857142858,9.571428571428571,11.0,8.714285714285714,4.142857142857143,20.142857142857142,5.142857142857143,22.125,56.5,4.75,14.875,15.375,9.625,11.875,5.0,19.5,22.875,53.125,6.125,16.0,9.125,11.625,11.125,6.125,21.5,1.125,0.5,0.6,2.0,8.0,-6.0,2057.612247596832,2117.767481037255
667,22.125,56.5,4.75,14.875,15.375,9.625,11.875,5.0,19.5,22.875,53.125,6.125,16.0,9.125,11.625,11.125,6.125,21.5,1.125,20.125,50.125,6.75,18.625,9.0,11.125,13.75,5.75,18.625,20.625,53.875,6.125,16.5,13.5,10.875,12.875,7.75,16.25,-1.75,0.6,0.6,8.0,7.0,1.0,2056.5181809401547,2131.2970799657114
668,24.25,57.625,6.625,19.625,12.375,11.625,11.375,5.875,20.625,24.5,56.25,5.875,16.5,10.75,9.375,13.0,3.125,23.125,4.25,23.142857142857142,54.57142857142857,6.428571428571429,19.0,10.714285714285714,14.142857142857142,13.714285714285714,8.857142857142858,22.714285714285715,21.285714285714285,55.285714285714285,4.571428571428571,17.714285714285715,11.0,11.285714285714286,14.571428571428571,6.714285714285714,22.714285714285715,8.857142857142858,0.6666666666666666,1.0,16.0,16.0,0.0,1305.289483341404,1483.336632713052
669,22.5,58.166666666666664,6.833333333333333,22.0,13.666666666666666,11.166666666666666,11.333333333333334,7.166666666666667,19.666666666666668,22.666666666666668,54.666666666666664,8.5,21.0,11.5,15.166666666666666,12.5,5.5,17.833333333333332,-2.5,27.0,60.0,7.0,17.0,12.4,14.0,11.2,8.2,22.4,25.4,54.4,6.4,15.4,9.0,11.8,11.8,7.8,19.2,3.2,0.3333333333333333,0.6666666666666666,11.0,11.0,0.0,1809.7947379884545,1885.8628195850467
670,22.75,50.25,5.5,16.5,6.75,12.25,10.375,7.5,15.125,22.875,49.875,6.25,16.5,8.25,12.875,14.5,5.125,19.375,2.875,24.0,53.42857142857143,9.857142857142858,25.857142857142858,9.142857142857142,12.714285714285714,11.0,6.857142857142857,17.714285714285715,20.428571428571427,49.714285714285715,4.0,14.0,7.0,8.857142857142858,13.142857142857142,5.428571428571429,16.714285714285715,13.714285714285714,0.6,0.75,11.0,11.0,0.0,1850.8297938629828,1932.4262113614031
671,27.0,57.333333333333336,9.333333333333334,20.5,11.5,14.5,11.666666666666666,9.666666666666666,17.5,22.0,55.0,8.0,21.333333333333332,14.0,12.0,16.666666666666668,5.833333333333333,18.0,13.0,26.833333333333332,56.166666666666664,8.5,22.333333333333332,9.333333333333334,12.833333333333334,11.166666666666666,5.833333333333333,15.333333333333334,24.166666666666668,59.666666666666664,4.166666666666667,15.833333333333334,11.166666666666666,8.333333333333334,10.5,4.833333333333333,18.0,13.666666666666666,1.0,1.0,16.0,16.0,0.0,1474.125992050694,1637.3407979694462
672,25.875,55.125,5.25,14.25,11.25,15.0,9.625,6.5,17.25,19.75,52.75,4.875,14.125,7.125,8.25,12.625,3.75,21.625,20.125,26.77777777777778,54.44444444444444,5.666666666666667,14.333333333333334,11.444444444444445,12.222222222222221,12.333333333333334,5.111111111111111,17.444444444444443,24.666666666666668,56.666666666666664,5.0,16.11111111111111,9.555555555555555,9.88888888888889,11.666666666666666,5.777777777777778,21.555555555555557,10.666666666666666,1.0,1.0,2.0,15.0,-13.0,2122.159652569212,2195.016791858533
673,24.375,57.75,5.5,18.375,12.875,12.625,11.875,7.25,19.875,24.5,56.0,6.25,15.375,14.75,12.5,15.125,6.375,20.125,-0.25,23.666666666666668,47.5,6.166666666666667,16.833333333333332,7.666666666666667,11.166666666666666,9.0,5.166666666666667,14.833333333333334,22.5,51.166666666666664,5.333333333333333,16.166666666666668,7.666666666666667,9.666666666666666,9.833333333333334,4.0,18.666666666666668,10.833333333333334,0.6,1.0,5.0,12.0,-7.0,1925.19129947979,1997.0733926334544
674,21.333333333333332,51.833333333333336,6.166666666666667,16.166666666666668,11.166666666666666,10.833333333333334,13.5,5.833333333333333,17.833333333333332,22.333333333333332,50.333333333333336,5.5,15.833333333333334,5.333333333333333,10.5,10.833333333333334,7.166666666666667,18.0,1.6666666666666667,23.428571428571427,55.57142857142857,6.857142857142857,20.0,11.571428571428571,13.428571428571429,11.0,4.0,17.428571428571427,22.285714285714285,55.57142857142857,6.285714285714286,15.0,10.571428571428571,10.285714285714286,8.285714285714286,6.142857142857143,16.571428571428573,0.7142857142857143,0.3333333333333333,0.75,6.0,11.0,-5.0,1862.6621285326464,1840.2642544666617
675,24.166666666666668,48.833333333333336,5.666666666666667,13.166666666666666,11.166666666666666,13.333333333333334,12.0,4.166666666666667,12.5,20.666666666666668,53.5,6.166666666666667,18.333333333333332,10.666666666666666,11.0,9.166666666666666,4.666666666666667,16.333333333333332,11.166666666666666,22.166666666666668,50.333333333333336,7.333333333333333,17.666666666666668,10.333333333333334,14.5,13.0,4.166666666666667,20.833333333333332,21.833333333333332,54.333333333333336,5.833333333333333,17.833333333333332,12.0,9.666666666666666,8.5,7.666666666666667,18.666666666666668,-2.1666666666666665,0.6666666666666666,0.5,8.0,9.0,-1.0,1883.427502501636,1966.5827067464984
676,21.5,50.833333333333336,6.166666666666667,17.833333333333332,10.666666666666666,12.333333333333334,11.333333333333334,7.833333333333333,20.333333333333332,22.166666666666668,51.5,7.333333333333333,17.833333333333332,12.0,13.0,12.666666666666666,5.833333333333333,19.0,1.5,28.625,60.25,9.75,26.125,10.5,12.875,10.5,6.25,16.875,26.0,56.5,7.625,19.375,8.25,15.375,11.75,6.125,19.875,6.375,0.75,1.0,4.0,13.0,-9.0,1916.6672868545104,1955.437382915137
677,25.428571428571427,53.0,4.428571428571429,15.142857142857142,10.142857142857142,12.857142857142858,9.714285714285714,9.571428571428571,17.714285714285715,20.571428571428573,52.42857142857143,6.857142857142857,22.571428571428573,12.571428571428571,12.142857142857142,13.428571428571429,4.571428571428571,15.571428571428571,11.0,24.0,53.57142857142857,7.714285714285714,18.857142857142858,12.428571428571429,14.428571428571429,11.0,10.285714285714286,17.0,23.0,53.0,6.428571428571429,20.285714285714285,11.857142857142858,16.571428571428573,13.285714285714286,5.714285714285714,18.428571428571427,7.0,1.0,0.5,14.0,3.0,11.0,1636.62074357667,1765.514981369612
678,28.0,56.75,5.0,13.0,11.125,13.75,9.25,5.375,17.125,22.0,54.375,4.75,15.0,9.25,9.0,11.75,3.125,19.125,18.625,24.25,57.625,6.625,19.625,12.375,11.625,11.375,5.875,20.625,24.5,56.25,5.875,16.5,10.75,9.375,13.0,3.125,23.125,4.25,1.0,0.6666666666666666,1.0,16.0,-15.0,2199.8334106804914,2271.6359849172463
679,22.142857142857142,54.714285714285715,7.428571428571429,21.142857142857142,12.285714285714286,11.857142857142858,9.285714285714286,4.142857142857143,15.0,22.714285714285715,54.57142857142857,5.571428571428571,16.857142857142858,10.857142857142858,12.285714285714286,9.142857142857142,4.857142857142857,17.857142857142858,2.5714285714285716,26.0,57.5,6.666666666666667,19.0,11.5,15.833333333333334,13.0,6.5,16.333333333333332,24.833333333333332,61.0,6.5,20.666666666666668,13.666666666666666,13.0,13.166666666666666,7.0,19.166666666666668,4.166666666666667,0.75,0.3333333333333333,8.0,9.0,-1.0,1893.412711108328,1970.928724887652
680,28.88888888888889,58.55555555555556,5.666666666666667,14.11111111111111,10.444444444444445,17.88888888888889,12.555555555555555,6.555555555555555,17.22222222222222,22.666666666666668,56.333333333333336,6.0,19.88888888888889,10.444444444444445,10.777777777777779,11.88888888888889,6.444444444444445,14.222222222222221,8.333333333333334,21.5,52.333333333333336,4.166666666666667,14.0,11.666666666666666,12.333333333333334,8.666666666666666,6.5,16.5,20.166666666666668,46.333333333333336,5.833333333333333,17.0,8.333333333333334,9.833333333333334,12.166666666666666,4.0,17.0,2.0,0.6666666666666666,0.6666666666666666,4.0,13.0,-9.0,2004.6022096725455,2080.7075498434688
681,25.285714285714285,48.714285714285715,6.142857142857143,17.428571428571427,6.142857142857143,15.142857142857142,10.428571428571429,7.428571428571429,15.285714285714286,25.857142857142858,58.714285714285715,4.857142857142857,18.857142857142858,12.428571428571429,13.0,10.857142857142858,6.571428571428571,17.857142857142858,9.0,24.5,46.666666666666664,6.166666666666667,12.833333333333334,6.0,13.333333333333334,13.833333333333334,5.5,14.5,24.833333333333332,56.833333333333336,7.0,19.5,9.833333333333334,12.166666666666666,11.0,6.166666666666667,18.833333333333332,5.5,1.0,1.0,3.0,14.0,-11.0,2005.6756226830428,2088.703255148419
682,22.857142857142858,53.0,5.571428571428571,17.142857142857142,11.571428571428571,11.714285714285714,11.714285714285714,6.714285714285714,15.714285714285714,25.857142857142858,56.142857142857146,6.428571428571429,19.285714285714285,9.857142857142858,12.857142857142858,11.0,5.285714285714286,19.0,0.5714285714285714,22.0,56.0,7.222222222222222,22.11111111111111,12.222222222222221,10.555555555555555,12.222222222222221,8.666666666666666,19.11111111111111,24.22222222222222,52.888888888888886,6.444444444444445,17.77777777777778,8.555555555555555,13.11111111111111,14.333333333333334,7.333333333333333,20.555555555555557,1.8888888888888888,0.5,0.8333333333333334,10.0,7.0,3.0,1945.9155780603285,2004.8324235724044
683,25.714285714285715,57.57142857142857,5.857142857142857,16.428571428571427,11.571428571428571,17.428571428571427,12.0,4.714285714285714,16.428571428571427,24.0,59.42857142857143,6.0,20.428571428571427,10.571428571428571,11.285714285714286,10.714285714285714,5.714285714285714,17.428571428571427,5.714285714285714,26.125,57.0,8.0,20.25,8.625,13.125,9.625,6.875,15.25,25.0,59.875,7.875,21.625,12.0,13.125,12.125,4.75,17.875,3.25,0.6,1.0,14.0,3.0,11.0,1625.172150526687,1712.5837287811362
684,28.0,55.333333333333336,6.333333333333333,14.666666666666666,8.166666666666666,14.333333333333334,12.0,7.5,18.666666666666668,23.166666666666668,55.166666666666664,8.166666666666666,21.0,10.333333333333334,14.833333333333334,13.5,6.5,16.0,8.0,23.333333333333332,52.666666666666664,3.5,10.666666666666666,12.5,14.0,10.5,6.833333333333333,15.333333333333334,20.833333333333332,53.666666666666664,8.5,24.333333333333332,9.5,12.166666666666666,11.0,5.5,20.166666666666668,5.5,0.6666666666666666,1.0,11.0,6.0,5.0,1883.7206562475856,1969.5778184746105
685,23.0,51.0,8.285714285714286,20.857142857142858,9.857142857142858,12.714285714285714,11.285714285714286,4.571428571428571,17.714285714285715,20.571428571428573,51.0,5.142857142857143,15.428571428571429,9.428571428571429,8.142857142857142,9.857142857142858,4.714285714285714,18.142857142857142,6.428571428571429,29.5,55.125,8.625,18.75,10.375,19.875,14.5,6.25,21.125,23.5,52.625,5.625,16.125,8.875,10.375,16.25,5.125,22.875,17.5,0.5,1.0,5.0,12.0,-7.0,1877.323866703397,1963.658427939724
686,26.375,54.25,10.875,25.5,10.0,16.75,9.75,7.5,16.75,23.125,55.125,6.25,19.5,11.0,14.875,12.875,4.875,18.125,18.25,27.666666666666668,51.833333333333336,8.166666666666666,18.5,7.0,16.5,9.166666666666666,3.8333333333333335,15.166666666666666,25.666666666666668,57.0,7.666666666666667,20.166666666666668,10.166666666666666,13.5,8.333333333333334,4.333333333333333,15.166666666666666,5.5,1.0,1.0,1.0,16.0,-15.0,2123.891009498944,2171.047181640872
687,22.857142857142858,52.142857142857146,5.571428571428571,15.857142857142858,10.142857142857142,13.571428571428571,13.285714285714286,4.714285714285714,17.428571428571427,22.857142857142858,53.285714285714285,7.142857142857143,20.0,8.571428571428571,13.0,11.142857142857142,7.142857142857143,19.571428571428573,-0.5714285714285714,22.5,58.166666666666664,6.833333333333333,22.0,13.666666666666666,11.166666666666666,11.333333333333334,7.166666666666667,19.666666666666668,22.666666666666668,54.666666666666664,8.5,21.0,11.5,15.166666666666666,12.5,5.5,17.833333333333332,-2.5,0.75,0.3333333333333333,6.0,11.0,-5.0,1877.3484427953888,1912.9800400854524
688,22.75,50.25,5.5,16.5,6.75,12.25,10.375,7.5,15.125,22.875,49.875,6.25,16.5,8.25,12.875,14.5,5.125,19.375,2.875,24.5,58.5,4.333333333333333,13.833333333333334,14.5,13.5,12.0,6.833333333333333,17.5,22.333333333333332,52.666666666666664,9.0,22.833333333333332,8.333333333333334,12.5,12.166666666666666,5.833333333333333,19.0,1.1666666666666667,0.6,0.5,11.0,6.0,5.0,1864.9190451544305,1945.9508010334848
689,30.142857142857142,58.0,7.857142857142857,20.857142857142858,11.571428571428571,15.428571428571429,10.857142857142858,8.0,15.142857142857142,23.857142857142858,55.714285714285715,5.571428571428571,17.142857142857142,10.857142857142858,12.571428571428571,13.428571428571429,6.142857142857143,16.0,15.714285714285714,27.0,57.333333333333336,9.333333333333334,20.5,11.5,14.5,11.666666666666666,9.666666666666666,17.5,22.0,55.0,8.0,21.333333333333332,14.0,12.0,16.666666666666668,5.833333333333333,18.0,13.0,0.75,1.0,1.0,16.0,-15.0,2128.325613080439,2203.463130420139
690,27.0,53.833333333333336,6.666666666666667,15.333333333333334,8.333333333333334,14.666666666666666,9.333333333333334,5.666666666666667,17.166666666666668,23.333333333333332,59.833333333333336,5.5,16.5,11.5,9.166666666666666,9.5,4.333333333333333,21.0,11.666666666666666,20.4,48.6,5.4,16.6,7.2,8.4,9.0,4.0,15.8,20.2,49.2,5.2,15.8,5.8,10.0,9.8,4.2,18.4,0.8,1.0,1.0,2.0,15.0,-13.0,2047.629860993806,2127.661835656216
691,23.166666666666668,57.333333333333336,5.666666666666667,16.166666666666668,13.166666666666666,13.833333333333334,9.666666666666666,7.166666666666667,15.5,20.666666666666668,56.0,7.166666666666667,21.166666666666668,10.0,11.333333333333334,13.0,7.333333333333333,20.166666666666668,10.333333333333334,27.571428571428573,58.857142857142854,11.428571428571429,28.0,8.857142857142858,18.0,8.857142857142858,7.0,17.0,25.0,57.714285714285715,6.714285714285714,20.0,11.285714285714286,13.714285714285714,12.142857142857142,5.714285714285714,18.0,9.714285714285714,0.6666666666666666,0.75,7.0,10.0,-3.0,1879.9748223519205,1937.787914008427
692,22.5,53.125,2.5,11.625,10.0,10.0,13.5,7.0,19.125,23.125,58.875,4.625,17.125,12.625,10.375,12.875,7.5,22.5,2.875,23.4,47.2,4.2,10.8,11.4,13.6,14.0,7.6,13.4,19.2,50.0,4.2,13.8,10.0,12.4,13.6,5.8,18.4,13.0,0.6,1.0,2.0,15.0,-13.0,2034.5521898908669,2108.2570165495654
693,22.833333333333332,56.333333333333336,5.166666666666667,17.166666666666668,13.166666666666666,11.333333333333334,12.0,8.666666666666666,15.666666666666666,22.0,51.0,4.333333333333333,14.5,10.166666666666666,11.166666666666666,14.0,5.833333333333333,15.833333333333334,0.8333333333333334,23.25,53.125,5.25,16.25,10.0,13.875,8.75,4.375,16.0,21.375,56.0,5.0,16.375,11.25,11.125,8.5,4.5,18.5,3.375,0.3333333333333333,0.8,4.0,13.0,-9.0,2053.92135453037,2126.1225849924203
694,21.333333333333332,50.0,6.166666666666667,17.166666666666668,10.5,10.333333333333334,11.166666666666666,4.0,17.833333333333332,20.0,55.666666666666664,4.833333333333333,19.0,14.666666666666666,8.333333333333334,9.5,5.833333333333333,17.833333333333332,5.166666666666667,18.4,46.4,6.4,17.4,10.6,10.4,9.8,4.4,14.8,20.0,52.2,4.0,15.4,11.6,10.6,10.4,6.0,18.6,4.4,0.75,1.0,4.0,13.0,-9.0,1967.0011609328503,2034.130367810082
695,25.25,55.375,7.375,21.0,10.5,16.125,9.75,4.375,20.375,23.25,52.875,7.75,20.125,9.125,12.875,10.125,5.0,18.25,0.5,22.285714285714285,54.142857142857146,5.428571428571429,16.0,11.571428571428571,13.285714285714286,11.428571428571429,4.0,19.285714285714285,20.857142857142858,56.857142857142854,5.857142857142857,20.571428571428573,11.714285714285714,9.0,9.714285714285714,5.428571428571429,18.857142857142858,3.5714285714285716,0.8,0.5,7.0,10.0,-3.0,1994.7722314398484,2055.3337758125936
696,21.5,46.166666666666664,8.0,21.166666666666668,6.5,10.166666666666666,8.5,5.833333333333333,12.0,20.166666666666668,47.5,6.166666666666667,18.166666666666668,6.0,11.0,10.333333333333334,4.5,17.666666666666668,10.333333333333334,21.142857142857142,48.57142857142857,6.857142857142857,18.857142857142858,6.142857142857143,13.285714285714286,10.714285714285714,4.142857142857143,13.857142857142858,21.142857142857142,51.857142857142854,7.0,19.285714285714285,8.571428571428571,10.285714285714286,9.714285714285714,5.0,17.714285714285715,1.7142857142857142,1.0,0.8,5.0,12.0,-7.0,1859.5308940677128,1940.6643410973368
697,23.0,58.0,6.666666666666667,20.833333333333332,12.166666666666666,10.5,11.0,6.0,16.666666666666668,24.333333333333332,55.333333333333336,5.666666666666667,17.5,9.333333333333334,11.0,13.166666666666666,5.5,19.0,3.1666666666666665,23.0,50.4,5.8,15.4,10.0,9.0,11.4,6.8,16.2,21.8,51.0,7.0,19.0,8.0,10.6,12.6,3.8,18.8,8.8,0.5,1.0,3.0,14.0,-11.0,1954.3823373012176,2033.2083734734963
698,25.142857142857142,54.714285714285715,6.428571428571429,18.0,8.714285714285714,9.714285714285714,10.285714285714286,6.0,17.714285714285715,24.714285714285715,55.714285714285715,6.857142857142857,20.857142857142858,10.857142857142858,13.285714285714286,10.857142857142858,5.857142857142857,17.714285714285715,1.5714285714285714,21.8,48.6,8.2,19.0,8.0,11.0,12.2,4.8,23.2,21.2,50.4,7.4,16.0,13.6,11.4,11.0,4.6,19.0,-4.6,0.75,0.3333333333333333,8.0,9.0,-1.0,1952.9654974166308,2033.05630352456
699,22.428571428571427,52.714285714285715,4.571428571428571,13.714285714285714,9.428571428571429,10.142857142857142,7.142857142857143,5.714285714285714,13.428571428571429,18.428571428571427,48.285714285714285,6.142857142857143,15.714285714285714,8.285714285714286,7.571428571428571,12.285714285714286,3.142857142857143,14.285714285714286,6.857142857142857,24.333333333333332,58.0,7.833333333333333,20.166666666666668,10.833333333333334,13.833333333333334,10.666666666666666,6.166666666666667,16.5,25.5,62.0,7.666666666666667,21.5,16.166666666666668,15.5,13.0,6.0,17.333333333333332,-2.1666666666666665,0.8,0.3333333333333333,8.0,9.0,-1.0,1922.3714163258976,1981.552063378514
700,22.428571428571427,47.42857142857143,4.857142857142857,14.0,9.142857142857142,11.857142857142858,12.571428571428571,7.428571428571429,13.857142857142858,17.714285714285715,47.42857142857143,5.142857142857143,17.428571428571427,7.857142857142857,10.285714285714286,12.714285714285714,6.571428571428571,16.0,11.142857142857142,30.6,57.8,12.8,29.2,11.6,18.6,12.0,4.8,13.4,26.0,56.4,7.6,22.4,8.0,14.0,10.6,6.6,16.2,13.4,0.5,1.0,2.0,15.0,-13.0,2105.051128091619,2180.890939184961
701,22.833333333333332,54.833333333333336,8.5,22.0,15.833333333333334,16.0,14.0,7.166666666666667,24.5,22.166666666666668,45.166666666666664,6.0,15.5,7.5,12.5,13.5,8.166666666666666,21.333333333333332,-0.5,25.714285714285715,60.714285714285715,7.571428571428571,18.571428571428573,14.571428571428571,13.285714285714286,9.142857142857142,8.0,16.285714285714285,23.571428571428573,56.57142857142857,6.714285714285714,22.142857142857142,9.142857142857142,11.428571428571429,12.428571428571429,5.0,20.285714285714285,9.428571428571429,0.3333333333333333,1.0,5.0,12.0,-7.0,1895.0715813537176,1981.253581330871
702,24.4,56.8,6.2,20.4,11.2,14.6,7.6,7.6,14.8,18.2,47.6,4.6,14.4,8.2,8.4,13.4,3.0,15.2,10.2,25.0,60.0,9.833333333333334,27.166666666666668,13.833333333333334,14.0,10.333333333333334,4.5,20.166666666666668,23.333333333333332,52.666666666666664,5.666666666666667,16.333333333333332,10.0,14.0,9.833333333333334,4.5,16.833333333333332,2.6666666666666665,0.5,0.25,7.0,10.0,-3.0,2003.956165385346,2072.1444122806747
703,25.5,53.375,7.625,20.125,9.25,13.0,7.375,4.0,9.125,23.625,53.375,5.25,13.375,7.75,11.375,8.5,4.375,14.625,11.25,26.2,57.2,7.0,20.6,11.4,12.8,13.4,7.4,20.0,22.0,54.4,6.4,20.6,9.0,9.8,12.0,6.8,19.6,6.6,1.0,1.0,1.0,16.0,-15.0,2140.0997899334457,2200.063948101866
704,25.875,55.125,5.25,14.25,11.25,15.0,9.625,6.5,17.25,19.75,52.75,4.875,14.125,7.125,8.25,12.625,3.75,21.625,20.125,22.857142857142858,53.0,5.571428571428571,17.142857142857142,11.571428571428571,11.714285714285714,11.714285714285714,6.714285714285714,15.714285714285714,25.857142857142858,56.142857142857146,6.428571428571429,19.285714285714285,9.857142857142858,12.857142857142858,11.0,5.285714285714286,19.0,0.5714285714285714,1.0,0.5,2.0,10.0,-8.0,2122.659766168624,2196.3536771129197
705,28.0,56.75,5.0,13.0,11.125,13.75,9.25,5.375,17.125,22.0,54.375,4.75,15.0,9.25,9.0,11.75,3.125,19.125,18.625,24.166666666666668,48.833333333333336,5.666666666666667,13.166666666666666,11.166666666666666,13.333333333333334,12.0,4.166666666666667,12.5,20.666666666666668,53.5,6.166666666666667,18.333333333333332,10.666666666666666,11.0,9.166666666666666,4.666666666666667,16.333333333333332,11.166666666666666,1.0,0.6666666666666666,1.0,8.0,-7.0,2200.048544675184,2272.027771440996
706,22.142857142857142,54.714285714285715,7.428571428571429,21.142857142857142,12.285714285714286,11.857142857142858,9.285714285714286,4.142857142857143,15.0,22.714285714285715,54.57142857142857,5.571428571428571,16.857142857142858,10.857142857142858,12.285714285714286,9.142857142857142,4.857142857142857,17.857142857142858,2.5714285714285716,26.375,54.25,10.875,25.5,10.0,16.75,9.75,7.5,16.75,23.125,55.125,6.25,19.5,11.0,14.875,12.875,4.875,18.125,18.25,0.75,1.0,8.0,1.0,7.0,1906.8353924027329,1984.118932807764
707,28.88888888888889,58.55555555555556,5.666666666666667,14.11111111111111,10.444444444444445,17.88888888888889,12.555555555555555,6.555555555555555,17.22222222222222,22.666666666666668,56.333333333333336,6.0,19.88888888888889,10.444444444444445,10.777777777777779,11.88888888888889,6.444444444444445,14.222222222222221,8.333333333333334,24.375,57.75,5.5,18.375,12.875,12.625,11.875,7.25,19.875,24.5,56.0,6.25,15.375,14.75,12.5,15.125,6.375,20.125,-0.25,0.6666666666666666,0.6,4.0,5.0,-1.0,2009.659319743288,2086.984055482818
708,25.285714285714285,48.714285714285715,6.142857142857143,17.428571428571427,6.142857142857143,15.142857142857142,10.428571428571429,7.428571428571429,15.285714285714286,25.857142857142858,58.714285714285715,4.857142857142857,18.857142857142858,12.428571428571429,13.0,10.857142857142858,6.571428571428571,17.857142857142858,9.0,21.333333333333332,51.833333333333336,6.166666666666667,16.166666666666668,11.166666666666666,10.833333333333334,13.5,5.833333333333333,17.833333333333332,22.333333333333332,50.333333333333336,5.5,15.833333333333334,5.333333333333333,10.5,10.833333333333334,7.166666666666667,18.0,1.6666666666666667,1.0,0.3333333333333333,3.0,6.0,-3.0,2008.2066461396228,2091.896226044804
709,28.0,55.333333333333336,6.333333333333333,14.666666666666666,8.166666666666666,14.333333333333334,12.0,7.5,18.666666666666668,23.166666666666668,55.166666666666664,8.166666666666666,21.0,10.333333333333334,14.833333333333334,13.5,6.5,16.0,8.0,25.714285714285715,57.57142857142857,5.857142857142857,16.428571428571427,11.571428571428571,17.428571428571427,12.0,4.714285714285714,16.428571428571427,24.0,59.42857142857143,6.0,20.428571428571427,10.571428571428571,11.285714285714286,10.714285714285714,5.714285714285714,17.428571428571427,5.714285714285714,0.6666666666666666,0.6,11.0,14.0,-3.0,1901.3338940900692,1988.2415891237945
710,23.0,51.0,8.285714285714286,20.857142857142858,9.857142857142858,12.714285714285714,11.285714285714286,4.571428571428571,17.714285714285715,20.571428571428573,51.0,5.142857142857143,15.428571428571429,9.428571428571429,8.142857142857142,9.857142857142858,4.714285714285714,18.142857142857142,6.428571428571429,21.5,50.833333333333336,6.166666666666667,17.833333333333332,10.666666666666666,12.333333333333334,11.333333333333334,7.833333333333333,20.333333333333332,22.166666666666668,51.5,7.333333333333333,17.833333333333332,12.0,13.0,12.666666666666666,5.833333333333333,19.0,1.5,0.5,0.75,5.0,4.0,1.0,1889.3306389338004,1975.6767997000163
711,22.857142857142858,52.142857142857146,5.571428571428571,15.857142857142858,10.142857142857142,13.571428571428571,13.285714285714286,4.714285714285714,17.428571428571427,22.857142857142858,53.285714285714285,7.142857142857143,20.0,8.571428571428571,13.0,11.142857142857142,7.142857142857143,19.571428571428573,-0.5714285714285714,25.428571428571427,53.0,4.428571428571429,15.142857142857142,10.142857142857142,12.857142857142858,9.714285714285714,9.571428571428571,17.714285714285715,20.571428571428573,52.42857142857143,6.857142857142857,22.571428571428573,12.571428571428571,12.142857142857142,13.428571428571429,4.571428571428571,15.571428571428571,11.0,0.75,1.0,6.0,14.0,-8.0,1891.0323648164367,1928.5202954760875
712,30.142857142857142,58.0,7.857142857142857,20.857142857142858,11.571428571428571,15.428571428571429,10.857142857142858,8.0,15.142857142857142,23.857142857142858,55.714285714285715,5.571428571428571,17.142857142857142,10.857142857142858,12.571428571428571,13.428571428571429,6.142857142857143,16.0,15.714285714285714,22.428571428571427,52.714285714285715,4.571428571428571,13.714285714285714,9.428571428571429,10.142857142857142,7.142857142857143,5.714285714285714,13.428571428571429,18.428571428571427,48.285714285714285,6.142857142857143,15.714285714285714,8.285714285714286,7.571428571428571,12.285714285714286,3.142857142857143,14.285714285714286,6.857142857142857,0.75,0.8,1.0,8.0,-7.0,2129.1207774179425,2204.75839296621
713,27.0,53.833333333333336,6.666666666666667,15.333333333333334,8.333333333333334,14.666666666666666,9.333333333333334,5.666666666666667,17.166666666666668,23.333333333333332,59.833333333333336,5.5,16.5,11.5,9.166666666666666,9.5,4.333333333333333,21.0,11.666666666666666,23.166666666666668,57.333333333333336,5.666666666666667,16.166666666666668,13.166666666666666,13.833333333333334,9.666666666666666,7.166666666666667,15.5,20.666666666666668,56.0,7.166666666666667,21.166666666666668,10.0,11.333333333333334,13.0,7.333333333333333,20.166666666666668,10.333333333333334,1.0,0.6666666666666666,2.0,7.0,-5.0,2050.9612721047347,2129.950874879002
714,22.833333333333332,56.333333333333336,5.166666666666667,17.166666666666668,13.166666666666666,11.333333333333334,12.0,8.666666666666666,15.666666666666666,22.0,51.0,4.333333333333333,14.5,10.166666666666666,11.166666666666666,14.0,5.833333333333333,15.833333333333334,0.8333333333333334,21.5,46.166666666666664,8.0,21.166666666666668,6.5,10.166666666666666,8.5,5.833333333333333,12.0,20.166666666666668,47.5,6.166666666666667,18.166666666666668,6.0,11.0,10.333333333333334,4.5,17.666666666666668,10.333333333333334,0.3333333333333333,1.0,4.0,5.0,-1.0,2056.223702786422,2128.8625995753646
715,25.25,55.375,7.375,21.0,10.5,16.125,9.75,4.375,20.375,23.25,52.875,7.75,20.125,9.125,12.875,10.125,5.0,18.25,0.5,22.428571428571427,47.42857142857143,4.857142857142857,14.0,9.142857142857142,11.857142857142858,12.571428571428571,7.428571428571429,13.857142857142858,17.714285714285715,47.42857142857143,5.142857142857143,17.428571428571427,7.857142857142857,10.285714285714286,12.714285714285714,6.571428571428571,16.0,11.142857142857142,0.8,0.5,7.0,2.0,5.0,2004.7790000388984,2066.026068380033
716,23.0,58.0,6.666666666666667,20.833333333333332,12.166666666666666,10.5,11.0,6.0,16.666666666666668,24.333333333333332,55.333333333333336,5.666666666666667,17.5,9.333333333333334,11.0,13.166666666666666,5.5,19.0,3.1666666666666665,22.75,50.25,5.5,16.5,6.75,12.25,10.375,7.5,15.125,22.875,49.875,6.25,16.5,8.25,12.875,14.5,5.125,19.375,2.875,0.5,0.6,3.0,11.0,-8.0,1957.229826746822,2037.5234742724476
717,22.833333333333332,54.833333333333336,8.5,22.0,15.833333333333334,16.0,14.0,7.166666666666667,24.5,22.166666666666668,45.166666666666664,6.0,15.5,7.5,12.5,13.5,8.166666666666666,21.333333333333332,-0.5,21.333333333333332,50.0,6.166666666666667,17.166666666666668,10.5,10.333333333333334,11.166666666666666,4.0,17.833333333333332,20.0,55.666666666666664,4.833333333333333,19.0,14.666666666666666,8.333333333333334,9.5,5.833333333333333,17.833333333333332,5.166666666666667,0.3333333333333333,0.75,5.0,4.0,1.0,1902.1980289001804,1989.0033731550868
718,24.4,56.8,6.2,20.4,11.2,14.6,7.6,7.6,14.8,18.2,47.6,4.6,14.4,8.2,8.4,13.4,3.0,15.2,10.2,22.5,53.125,2.5,11.625,10.0,10.0,13.5,7.0,19.125,23.125,58.875,4.625,17.125,12.625,10.375,12.875,7.5,22.5,2.875,0.5,0.6,7.0,2.0,5.0,2012.650023539063,2080.5422723517795
719,25.5,53.375,7.625,20.125,9.25,13.0,7.375,4.0,9.125,23.625,53.375,5.25,13.375,7.75,11.375,8.5,4.375,14.625,11.25,25.142857142857142,54.714285714285715,6.428571428571429,18.0,8.714285714285714,9.714285714285714,10.285714285714286,6.0,17.714285714285715,24.714285714285715,55.714285714285715,6.857142857142857,20.857142857142858,10.857142857142858,13.285714285714286,10.857142857142858,5.857142857142857,17.714285714285715,1.5714285714285714,1.0,0.75,1.0,8.0,-7.0,2140.675088485507,2201.082395088981
720,25.875,55.125,5.25,14.25,11.25,15.0,9.625,6.5,17.25,19.75,52.75,4.875,14.125,7.125,8.25,12.625,3.75,21.625,20.125,22.857142857142858,52.142857142857146,5.571428571428571,15.857142857142858,10.142857142857142,13.571428571428571,13.285714285714286,4.714285714285714,17.428571428571427,22.857142857142858,53.285714285714285,7.142857142857143,20.0,8.571428571428571,13.0,11.142857142857142,7.142857142857143,19.571428571428573,-0.5714285714285714,1.0,0.75,2.0,6.0,-4.0,2131.654084411105,2204.8440682042897
721,28.0,56.75,5.0,13.0,11.125,13.75,9.25,5.375,17.125,22.0,54.375,4.75,15.0,9.25,9.0,11.75,3.125,19.125,18.625,22.833333333333332,54.833333333333336,8.5,22.0,15.833333333333334,16.0,14.0,7.166666666666667,24.5,22.166666666666668,45.166666666666664,6.0,15.5,7.5,12.5,13.5,8.166666666666666,21.333333333333332,-0.5,1.0,0.3333333333333333,1.0,5.0,-4.0,2204.8312133734044,2277.049497073055
722,25.285714285714285,48.714285714285715,6.142857142857143,17.428571428571427,6.142857142857143,15.142857142857142,10.428571428571429,7.428571428571429,15.285714285714286,25.857142857142858,58.714285714285715,4.857142857142857,18.857142857142858,12.428571428571429,13.0,10.857142857142858,6.571428571428571,17.857142857142858,9.0,24.4,56.8,6.2,20.4,11.2,14.6,7.6,7.6,14.8,18.2,47.6,4.6,14.4,8.2,8.4,13.4,3.0,15.2,10.2,1.0,0.5,3.0,7.0,-4.0,2018.5305869669407,2098.6082889743875
723,25.5,53.375,7.625,20.125,9.25,13.0,7.375,4.0,9.125,23.625,53.375,5.25,13.375,7.75,11.375,8.5,4.375,14.625,11.25,28.88888888888889,58.55555555555556,5.666666666666667,14.11111111111111,10.444444444444445,17.88888888888889,12.555555555555555,6.555555555555555,17.22222222222222,22.666666666666668,56.333333333333336,6.0,19.88888888888889,10.444444444444445,10.777777777777779,11.88888888888889,6.444444444444445,14.222222222222221,8.333333333333334,1.0,0.6666666666666666,1.0,4.0,-3.0,2149.1639526276213,2210.2942744713528
724,30.142857142857142,58.0,7.857142857142857,20.857142857142858,11.571428571428571,15.428571428571429,10.857142857142858,8.0,15.142857142857142,23.857142857142858,55.714285714285715,5.571428571428571,17.142857142857142,10.857142857142858,12.571428571428571,13.428571428571429,6.142857142857143,16.0,15.714285714285714,23.0,51.0,8.285714285714286,20.857142857142858,9.857142857142858,12.714285714285714,11.285714285714286,4.571428571428571,17.714285714285715,20.571428571428573,51.0,5.142857142857143,15.428571428571429,9.428571428571429,8.142857142857142,9.857142857142858,4.714285714285714,18.142857142857142,6.428571428571429,0.75,0.5,1.0,5.0,-4.0,2137.052213563646,2212.111469629279
725,27.0,53.833333333333336,6.666666666666667,15.333333333333334,8.333333333333334,14.666666666666666,9.333333333333334,5.666666666666667,17.166666666666668,23.333333333333332,59.833333333333336,5.5,16.5,11.5,9.166666666666666,9.5,4.333333333333333,21.0,11.666666666666666,28.0,55.333333333333336,6.333333333333333,14.666666666666666,8.166666666666666,14.333333333333334,12.0,7.5,18.666666666666668,23.166666666666668,55.166666666666664,8.166666666666666,21.0,10.333333333333334,14.833333333333334,13.5,6.5,16.0,8.0,1.0,0.6666666666666666,2.0,11.0,-9.0,2060.1354564772946,2138.4082511922484
726,22.833333333333332,56.333333333333336,5.166666666666667,17.166666666666668,13.166666666666666,11.333333333333334,12.0,8.666666666666666,15.666666666666666,22.0,51.0,4.333333333333333,14.5,10.166666666666666,11.166666666666666,14.0,5.833333333333333,15.833333333333334,0.8333333333333334,22.142857142857142,54.714285714285715,7.428571428571429,21.142857142857142,12.285714285714286,11.857142857142858,9.285714285714286,4.142857142857143,15.0,22.714285714285715,54.57142857142857,5.571428571428571,16.857142857142858,10.857142857142858,12.285714285714286,9.142857142857142,4.857142857142857,17.857142857142858,2.5714285714285716,0.3333333333333333,0.75,4.0,8.0,-4.0,2064.4064800743654,2137.340734437732
727,25.25,55.375,7.375,21.0,10.5,16.125,9.75,4.375,20.375,23.25,52.875,7.75,20.125,9.125,12.875,10.125,5.0,18.25,0.5,23.0,58.0,6.666666666666667,20.833333333333332,12.166666666666666,10.5,11.0,6.0,16.666666666666668,24.333333333333332,55.333333333333336,5.666666666666667,17.5,9.333333333333334,11.0,13.166666666666666,5.5,19.0,3.1666666666666665,0.8,0.5,7.0,3.0,4.0,2025.360846154633,2087.240170405128
728,28.0,56.75,5.0,13.0,11.125,13.75,9.25,5.375,17.125,22.0,54.375,4.75,15.0,9.25,9.0,11.75,3.125,19.125,18.625,25.285714285714285,48.714285714285715,6.142857142857143,17.428571428571427,6.142857142857143,15.142857142857142,10.428571428571429,7.428571428571429,15.285714285714286,25.857142857142858,58.714285714285715,4.857142857142857,18.857142857142858,12.428571428571429,13.0,10.857142857142858,6.571428571428571,17.857142857142858,9.0,1.0,1.0,1.0,3.0,-2.0,2210.068077076141,2282.641899798793
729,25.5,53.375,7.625,20.125,9.25,13.0,7.375,4.0,9.125,23.625,53.375,5.25,13.375,7.75,11.375,8.5,4.375,14.625,11.25,25.875,55.125,5.25,14.25,11.25,15.0,9.625,6.5,17.25,19.75,52.75,4.875,14.125,7.125,8.25,12.625,3.75,21.625,20.125,1.0,1.0,1.0,2.0,-1.0,2159.55724444239,2221.345272084452
730,30.142857142857142,58.0,7.857142857142857,20.857142857142858,11.571428571428571,15.428571428571429,10.857142857142858,8.0,15.142857142857142,23.857142857142858,55.714285714285715,5.571428571428571,17.142857142857142,10.857142857142858,12.571428571428571,13.428571428571429,6.142857142857143,16.0,15.714285714285714,27.0,53.833333333333336,6.666666666666667,15.333333333333334,8.333333333333334,14.666666666666666,9.333333333333334,5.666666666666667,17.166666666666668,23.333333333333332,59.833333333333336,5.5,16.5,11.5,9.166666666666666,9.5,4.333333333333333,21.0,11.666666666666666,0.75,1.0,1.0,2.0,-1.0,2143.767356492686,2219.111198289224
731,25.25,55.375,7.375,21.0,10.5,16.125,9.75,4.375,20.375,23.25,52.875,7.75,20.125,9.125,12.875,10.125,5.0,18.25,0.5,22.833333333333332,56.333333333333336,5.166666666666667,17.166666666666668,13.166666666666666,11.333333333333334,12.0,8.666666666666666,15.666666666666666,22.0,51.0,4.333333333333333,14.5,10.166666666666666,11.166666666666666,14.0,5.833333333333333,15.833333333333334,0.8333333333333334,0.8,0.3333333333333333,7.0,4.0,3.0,2038.825213255296,2101.53544483643
732,30.142857142857142,58.0,7.857142857142857,20.857142857142858,11.571428571428571,15.428571428571429,10.857142857142858,8.0,15.142857142857142,23.857142857142858,55.714285714285715,5.571428571428571,17.142857142857142,10.857142857142858,12.571428571428571,13.428571428571429,6.142857142857143,16.0,15.714285714285714,25.25,55.375,7.375,21.0,10.5,16.125,9.75,4.375,20.375,23.25,52.875,7.75,20.125,9.125,12.875,10.125,5.0,18.25,0.5,0.75,0.8,1.0,7.0,-6.0,2156.3996209165366,2231.8873329242515
733,25.5,53.375,7.625,20.125,9.25,13.0,7.375,4.0,9.125,23.625,53.375,5.25,13.375,7.75,11.375,8.5,4.375,14.625,11.25,28.0,56.75,5.0,13.0,11.125,13.75,9.25,5.375,17.125,22.0,54.375,4.75,15.0,9.25,9.0,11.75,3.125,19.125,18.625,1.0,1.0,1.0,1.0,0.0,2174.5778773069906,2236.8471982070773
734,30.142857142857142,58.0,7.857142857142857,20.857142857142858,11.571428571428571,15.428571428571429,10.857142857142858,8.0,15.142857142857142,23.857142857142858,55.714285714285715,5.571428571428571,17.142857142857142,10.857142857142858,12.571428571428571,13.428571428571429,6.142857142857143,16.0,15.714285714285714,25.5,53.375,7.625,20.125,9.25,13.0,7.375,4.0,9.125,23.625,53.375,5.25,13.375,7.75,11.375,8.5,4.375,14.625,11.25,0.75,1.0,1.0,1.0,0.0,2167.9203520585984,2242.8910668010526
735,23.142857142857142,54.57142857142857,6.428571428571429,19.0,10.714285714285714,14.142857142857142,13.714285714285714,8.857142857142858,22.714285714285715,21.285714285714285,55.285714285714285,4.571428571428571,17.714285714285715,11.0,11.285714285714286,14.571428571428571,6.714285714285714,22.714285714285715,8.857142857142858,24.25,57.625,6.625,19.625,12.375,11.625,11.375,5.875,20.625,24.5,56.25,5.875,16.5,10.75,9.375,13.0,3.125,23.125,4.25,1.0,0.6666666666666666,16.0,16.0,0.0,1587.7356370166806,1724.1324584893796
736,27.0,60.0,7.0,17.0,12.4,14.0,11.2,8.2,22.4,25.4,54.4,6.4,15.4,9.0,11.8,11.8,7.8,19.2,3.2,22.5,58.166666666666664,6.833333333333333,22.0,13.666666666666666,11.166666666666666,11.333333333333334,7.166666666666667,19.666666666666668,22.666666666666668,54.666666666666664,8.5,21.0,11.5,15.166666666666666,12.5,5.5,17.833333333333332,-2.5,0.6666666666666666,0.3333333333333333,11.0,11.0,0.0,1829.4664182562703,1910.4685316775208
737,24.0,53.42857142857143,9.857142857142858,25.857142857142858,9.142857142857142,12.714285714285714,11.0,6.857142857142857,17.714285714285715,20.428571428571427,49.714285714285715,4.0,14.0,7.0,8.857142857142858,13.142857142857142,5.428571428571429,16.714285714285715,13.714285714285714,22.75,50.25,5.5,16.5,6.75,12.25,10.375,7.5,15.125,22.875,49.875,6.25,16.5,8.25,12.875,14.5,5.125,19.375,2.875,0.75,0.6,11.0,11.0,0.0,1809.1394636418524,1878.238213420567
738,26.833333333333332,56.166666666666664,8.5,22.333333333333332,9.333333333333334,12.833333333333334,11.166666666666666,5.833333333333333,15.333333333333334,24.166666666666668,59.666666666666664,4.166666666666667,15.833333333333334,11.166666666666666,8.333333333333334,10.5,4.833333333333333,18.0,13.666666666666666,27.0,57.333333333333336,9.333333333333334,20.5,11.5,14.5,11.666666666666666,9.666666666666666,17.5,22.0,55.0,8.0,21.333333333333332,14.0,12.0,16.666666666666668,5.833333333333333,18.0,13.0,1.0,1.0,16.0,16.0,0.0,1489.1971778645182,1641.321285475272
739,26.77777777777778,54.44444444444444,5.666666666666667,14.333333333333334,11.444444444444445,12.222222222222221,12.333333333333334,5.111111111111111,17.444444444444443,24.666666666666668,56.666666666666664,5.0,16.11111111111111,9.555555555555555,9.88888888888889,11.666666666666666,5.777777777777778,21.555555555555557,10.666666666666666,25.875,55.125,5.25,14.25,11.25,15.0,9.625,6.5,17.25,19.75,52.75,4.875,14.125,7.125,8.25,12.625,3.75,21.625,20.125,1.0,1.0,15.0,2.0,13.0,1402.4635232681069,1650.807937827141
740,23.666666666666668,47.5,6.166666666666667,16.833333333333332,7.666666666666667,11.166666666666666,9.0,5.166666666666667,14.833333333333334,22.5,51.166666666666664,5.333333333333333,16.166666666666668,7.666666666666667,9.666666666666666,9.833333333333334,4.0,18.666666666666668,10.833333333333334,24.375,57.75,5.5,18.375,12.875,12.625,11.875,7.25,19.875,24.5,56.0,6.25,15.375,14.75,12.5,15.125,6.375,20.125,-0.25,1.0,0.6,12.0,5.0,7.0,1599.6102314488603,1739.280669644677
741,23.428571428571427,55.57142857142857,6.857142857142857,20.0,11.571428571428571,13.428571428571429,11.0,4.0,17.428571428571427,22.285714285714285,55.57142857142857,6.285714285714286,15.0,10.571428571428571,10.285714285714286,8.285714285714286,6.142857142857143,16.571428571428573,0.7142857142857143,21.333333333333332,51.833333333333336,6.166666666666667,16.166666666666668,11.166666666666666,10.833333333333334,13.5,5.833333333333333,17.833333333333332,22.333333333333332,50.333333333333336,5.5,15.833333333333334,5.333333333333333,10.5,10.833333333333334,7.166666666666667,18.0,1.6666666666666667,0.75,0.3333333333333333,11.0,6.0,5.0,1877.6674032573712,1957.6481058062727
742,22.166666666666668,50.333333333333336,7.333333333333333,17.666666666666668,10.333333333333334,14.5,13.0,4.166666666666667,20.833333333333332,21.833333333333332,54.333333333333336,5.833333333333333,17.833333333333332,12.0,9.666666666666666,8.5,7.666666666666667,18.666666666666668,-2.1666666666666665,24.166666666666668,48.833333333333336,5.666666666666667,13.166666666666666,11.166666666666666,13.333333333333334,12.0,4.166666666666667,12.5,20.666666666666668,53.5,6.166666666666667,18.333333333333332,10.666666666666666,11.0,9.166666666666666,4.666666666666667,16.333333333333332,11.166666666666666,0.5,0.6666666666666666,9.0,8.0,1.0,1851.8752257294489,1909.186450114506
743,28.625,60.25,9.75,26.125,10.5,12.875,10.5,6.25,16.875,26.0,56.5,7.625,19.375,8.25,15.375,11.75,6.125,19.875,6.375,21.5,50.833333333333336,6.166666666666667,17.833333333333332,10.666666666666666,12.333333333333334,11.333333333333334,7.833333333333333,20.333333333333332,22.166666666666668,51.5,7.333333333333333,17.833333333333332,12.0,13.0,12.666666666666666,5.833333333333333,19.0,1.5,1.0,0.75,13.0,4.0,9.0,1530.7359376578931,1653.927315206868
744,24.0,53.57142857142857,7.714285714285714,18.857142857142858,12.428571428571429,14.428571428571429,11.0,10.285714285714286,17.0,23.0,53.0,6.428571428571429,20.285714285714285,11.857142857142858,16.571428571428573,13.285714285714286,5.714285714285714,18.428571428571427,7.0,25.428571428571427,53.0,4.428571428571429,15.142857142857142,10.142857142857142,12.857142857142858,9.714285714285714,9.571428571428571,17.714285714285715,20.571428571428573,52.42857142857143,6.857142857142857,22.571428571428573,12.571428571428571,12.142857142857142,13.428571428571429,4.571428571428571,15.571428571428571,11.0,0.5,1.0,3.0,14.0,-11.0,1969.877742722204,2049.596186712007
745,24.25,57.625,6.625,19.625,12.375,11.625,11.375,5.875,20.625,24.5,56.25,5.875,16.5,10.75,9.375,13.0,3.125,23.125,4.25,28.0,56.75,5.0,13.0,11.125,13.75,9.25,5.375,17.125,22.0,54.375,4.75,15.0,9.25,9.0,11.75,3.125,19.125,18.625,0.6666666666666666,1.0,16.0,1.0,15.0,1332.0288732887668,1508.935802393489
746,26.0,57.5,6.666666666666667,19.0,11.5,15.833333333333334,13.0,6.5,16.333333333333332,24.833333333333332,61.0,6.5,20.666666666666668,13.666666666666666,13.0,13.166666666666666,7.0,19.166666666666668,4.166666666666667,22.142857142857142,54.714285714285715,7.428571428571429,21.142857142857142,12.285714285714286,11.857142857142858,9.285714285714286,4.142857142857143,15.0,22.714285714285715,54.57142857142857,5.571428571428571,16.857142857142858,10.857142857142858,12.285714285714286,9.142857142857142,4.857142857142857,17.857142857142858,2.5714285714285716,0.3333333333333333,0.75,9.0,8.0,1.0,1836.955209807315,1909.275783494048
747,21.5,52.333333333333336,4.166666666666667,14.0,11.666666666666666,12.333333333333334,8.666666666666666,6.5,16.5,20.166666666666668,46.333333333333336,5.833333333333333,17.0,8.333333333333334,9.833333333333334,12.166666666666666,4.0,17.0,2.0,28.88888888888889,58.55555555555556,5.666666666666667,14.11111111111111,10.444444444444445,17.88888888888889,12.555555555555555,6.555555555555555,17.22222222222222,22.666666666666668,56.333333333333336,6.0,19.88888888888889,10.444444444444445,10.777777777777779,11.88888888888889,6.444444444444445,14.222222222222221,8.333333333333334,0.6666666666666666,0.6666666666666666,13.0,4.0,9.0,1713.9855014790949,1835.6627335137505
748,24.5,46.666666666666664,6.166666666666667,12.833333333333334,6.0,13.333333333333334,13.833333333333334,5.5,14.5,24.833333333333332,56.833333333333336,7.0,19.5,9.833333333333334,12.166666666666666,11.0,6.166666666666667,18.833333333333332,5.5,25.285714285714285,48.714285714285715,6.142857142857143,17.428571428571427,6.142857142857143,15.142857142857142,10.428571428571429,7.428571428571429,15.285714285714286,25.857142857142858,58.714285714285715,4.857142857142857,18.857142857142858,12.428571428571429,13.0,10.857142857142858,6.571428571428571,17.857142857142858,9.0,1.0,1.0,14.0,3.0,11.0,1579.248069473883,1706.581850596535
749,22.0,56.0,7.222222222222222,22.11111111111111,12.222222222222221,10.555555555555555,12.222222222222221,8.666666666666666,19.11111111111111,24.22222222222222,52.888888888888886,6.444444444444445,17.77777777777778,8.555555555555555,13.11111111111111,14.333333333333334,7.333333333333333,20.555555555555557,1.8888888888888888,22.857142857142858,53.0,5.571428571428571,17.142857142857142,11.571428571428571,11.714285714285714,11.714285714285714,6.714285714285714,15.714285714285714,25.857142857142858,56.142857142857146,6.428571428571429,19.285714285714285,9.857142857142858,12.857142857142858,11.0,5.285714285714286,19.0,0.5714285714285714,0.8333333333333334,0.5,7.0,10.0,-3.0,1893.3472520924677,1974.226287628492
750,26.125,57.0,8.0,20.25,8.625,13.125,9.625,6.875,15.25,25.0,59.875,7.875,21.625,12.0,13.125,12.125,4.75,17.875,3.25,25.714285714285715,57.57142857142857,5.857142857142857,16.428571428571427,11.571428571428571,17.428571428571427,12.0,4.714285714285714,16.428571428571427,24.0,59.42857142857143,6.0,20.428571428571427,10.571428571428571,11.285714285714286,10.714285714285714,5.714285714285714,17.428571428571427,5.714285714285714,1.0,0.6,3.0,14.0,-11.0,2034.891661820693,2113.218663346819
751,23.333333333333332,52.666666666666664,3.5,10.666666666666666,12.5,14.0,10.5,6.833333333333333,15.333333333333334,20.833333333333332,53.666666666666664,8.5,24.333333333333332,9.5,12.166666666666666,11.0,5.5,20.166666666666668,5.5,28.0,55.333333333333336,6.333333333333333,14.666666666666666,8.166666666666666,14.333333333333334,12.0,7.5,18.666666666666668,23.166666666666668,55.166666666666664,8.166666666666666,21.0,10.333333333333334,14.833333333333334,13.5,6.5,16.0,8.0,1.0,0.6666666666666666,6.0,11.0,-5.0,1918.871110564885,2027.964351782353
752,29.5,55.125,8.625,18.75,10.375,19.875,14.5,6.25,21.125,23.5,52.625,5.625,16.125,8.875,10.375,16.25,5.125,22.875,17.5,23.0,51.0,8.285714285714286,20.857142857142858,9.857142857142858,12.714285714285714,11.285714285714286,4.571428571428571,17.714285714285715,20.571428571428573,51.0,5.142857142857143,15.428571428571429,9.428571428571429,8.142857142857142,9.857142857142858,4.714285714285714,18.142857142857142,6.428571428571429,1.0,0.5,12.0,5.0,7.0,1788.7412100869012,1875.344331601928
753,27.666666666666668,51.833333333333336,8.166666666666666,18.5,7.0,16.5,9.166666666666666,3.8333333333333335,15.166666666666666,25.666666666666668,57.0,7.666666666666667,20.166666666666668,10.166666666666666,13.5,8.333333333333334,4.333333333333333,15.166666666666666,5.5,26.375,54.25,10.875,25.5,10.0,16.75,9.75,7.5,16.75,23.125,55.125,6.25,19.5,11.0,14.875,12.875,4.875,18.125,18.25,1.0,1.0,16.0,1.0,15.0,1453.7849578349967,1605.2764205723083
754,22.5,58.166666666666664,6.833333333333333,22.0,13.666666666666666,11.166666666666666,11.333333333333334,7.166666666666667,19.666666666666668,22.666666666666668,54.666666666666664,8.5,21.0,11.5,15.166666666666666,12.5,5.5,17.833333333333332,-2.5,22.857142857142858,52.142857142857146,5.571428571428571,15.857142857142858,10.142857142857142,13.571428571428571,13.285714285714286,4.714285714285714,17.428571428571427,22.857142857142858,53.285714285714285,7.142857142857143,20.0,8.571428571428571,13.0,11.142857142857142,7.142857142857143,19.571428571428573,-0.5714285714285714,0.3333333333333333,0.75,11.0,6.0,5.0,1826.69968552759,1902.994063843228
755,24.5,58.5,4.333333333333333,13.833333333333334,14.5,13.5,12.0,6.833333333333333,17.5,22.333333333333332,52.666666666666664,9.0,22.833333333333332,8.333333333333334,12.5,12.166666666666666,5.833333333333333,19.0,1.1666666666666667,22.75,50.25,5.5,16.5,6.75,12.25,10.375,7.5,15.125,22.875,49.875,6.25,16.5,8.25,12.875,14.5,5.125,19.375,2.875,0.5,0.6,6.0,11.0,-5.0,1895.2564446202107,1938.2372346215736
756,27.0,57.333333333333336,9.333333333333334,20.5,11.5,14.5,11.666666666666666,9.666666666666666,17.5,22.0,55.0,8.0,21.333333333333332,14.0,12.0,16.666666666666668,5.833333333333333,18.0,13.0,30.142857142857142,58.0,7.857142857142857,20.857142857142858,11.571428571428571,15.428571428571429,10.857142857142858,8.0,15.142857142857142,23.857142857142858,55.714285714285715,5.571428571428571,17.142857142857142,10.857142857142858,12.571428571428571,13.428571428571429,6.142857142857143,16.0,15.714285714285714,1.0,0.75,16.0,1.0,15.0,1490.8196108043703,1653.524098173553
757,20.4,48.6,5.4,16.6,7.2,8.4,9.0,4.0,15.8,20.2,49.2,5.2,15.8,5.8,10.0,9.8,4.2,18.4,0.8,27.0,53.833333333333336,6.666666666666667,15.333333333333334,8.333333333333334,14.666666666666666,9.333333333333334,5.666666666666667,17.166666666666668,23.333333333333332,59.833333333333336,5.5,16.5,11.5,9.166666666666666,9.5,4.333333333333333,21.0,11.666666666666666,1.0,1.0,15.0,2.0,13.0,1673.7186262015653,1682.3564510077608
758,27.571428571428573,58.857142857142854,11.428571428571429,28.0,8.857142857142858,18.0,8.857142857142858,7.0,17.0,25.0,57.714285714285715,6.714285714285714,20.0,11.285714285714286,13.714285714285714,12.142857142857142,5.714285714285714,18.0,9.714285714285714,23.166666666666668,57.333333333333336,5.666666666666667,16.166666666666668,13.166666666666666,13.833333333333334,9.666666666666666,7.166666666666667,15.5,20.666666666666668,56.0,7.166666666666667,21.166666666666668,10.0,11.333333333333334,13.0,7.333333333333333,20.166666666666668,10.333333333333334,0.75,0.6666666666666666,10.0,7.0,3.0,1805.9776881091232,1901.068546685897
759,23.4,47.2,4.2,10.8,11.4,13.6,14.0,7.6,13.4,19.2,50.0,4.2,13.8,10.0,12.4,13.6,5.8,18.4,13.0,22.5,53.125,2.5,11.625,10.0,10.0,13.5,7.0,19.125,23.125,58.875,4.625,17.125,12.625,10.375,12.875,7.5,22.5,2.875,1.0,0.6,15.0,2.0,13.0,1664.3627243286726,1760.0779859807626
760,23.25,53.125,5.25,16.25,10.0,13.875,8.75,4.375,16.0,21.375,56.0,5.0,16.375,11.25,11.125,8.5,4.5,18.5,3.375,22.833333333333332,56.333333333333336,5.166666666666667,17.166666666666668,13.166666666666666,11.333333333333334,12.0,8.666666666666666,15.666666666666666,22.0,51.0,4.333333333333333,14.5,10.166666666666666,11.166666666666666,14.0,5.833333333333333,15.833333333333334,0.8333333333333334,0.8,0.3333333333333333,13.0,4.0,9.0,1609.7009169670034,1714.7140925501644
761,18.4,46.4,6.4,17.4,10.6,10.4,9.8,4.4,14.8,20.0,52.2,4.0,15.4,11.6,10.6,10.4,6.0,18.6,4.4,21.333333333333332,50.0,6.166666666666667,17.166666666666668,10.5,10.333333333333334,11.166666666666666,4.0,17.833333333333332,20.0,55.666666666666664,4.833333333333333,19.0,14.666666666666666,8.333333333333334,9.5,5.833333333333333,17.833333333333332,5.166666666666667,1.0,0.75,13.0,4.0,9.0,1736.0077831549506,1820.837046449398
762,22.285714285714285,54.142857142857146,5.428571428571429,16.0,11.571428571428571,13.285714285714286,11.428571428571429,4.0,19.285714285714285,20.857142857142858,56.857142857142854,5.857142857142857,20.571428571428573,11.714285714285714,9.0,9.714285714285714,5.428571428571429,18.857142857142858,3.5714285714285716,25.25,55.375,7.375,21.0,10.5,16.125,9.75,4.375,20.375,23.25,52.875,7.75,20.125,9.125,12.875,10.125,5.0,18.25,0.5,0.5,0.8,10.0,7.0,3.0,1857.974156807937,1935.547419244436
763,21.142857142857142,48.57142857142857,6.857142857142857,18.857142857142858,6.142857142857143,13.285714285714286,10.714285714285714,4.142857142857143,13.857142857142858,21.142857142857142,51.857142857142854,7.0,19.285714285714285,8.571428571428571,10.285714285714286,9.714285714285714,5.0,17.714285714285715,1.7142857142857142,21.5,46.166666666666664,8.0,21.166666666666668,6.5,10.166666666666666,8.5,5.833333333333333,12.0,20.166666666666668,47.5,6.166666666666667,18.166666666666668,6.0,11.0,10.333333333333334,4.5,17.666666666666668,10.333333333333334,0.8,1.0,12.0,5.0,7.0,1749.5213896600858,1826.6389755873504
764,23.0,50.4,5.8,15.4,10.0,9.0,11.4,6.8,16.2,21.8,51.0,7.0,19.0,8.0,10.6,12.6,3.8,18.8,8.8,23.0,58.0,6.666666666666667,20.833333333333332,12.166666666666666,10.5,11.0,6.0,16.666666666666668,24.333333333333332,55.333333333333336,5.666666666666667,17.5,9.333333333333334,11.0,13.166666666666666,5.5,19.0,3.1666666666666665,1.0,0.5,14.0,3.0,11.0,1550.296802005026,1710.3075728714805
765,21.8,48.6,8.2,19.0,8.0,11.0,12.2,4.8,23.2,21.2,50.4,7.4,16.0,13.6,11.4,11.0,4.6,19.0,-4.6,25.142857142857142,54.714285714285715,6.428571428571429,18.0,8.714285714285714,9.714285714285714,10.285714285714286,6.0,17.714285714285715,24.714285714285715,55.714285714285715,6.857142857142857,20.857142857142858,10.857142857142858,13.285714285714286,10.857142857142858,5.857142857142857,17.714285714285715,1.5714285714285714,0.3333333333333333,0.75,9.0,8.0,1.0,1834.3414161447336,1913.0183807585424
766,24.333333333333332,58.0,7.833333333333333,20.166666666666668,10.833333333333334,13.833333333333334,10.666666666666666,6.166666666666667,16.5,25.5,62.0,7.666666666666667,21.5,16.166666666666668,15.5,13.0,6.0,17.333333333333332,-2.1666666666666665,22.428571428571427,52.714285714285715,4.571428571428571,13.714285714285714,9.428571428571429,10.142857142857142,7.142857142857143,5.714285714285714,13.428571428571429,18.428571428571427,48.285714285714285,6.142857142857143,15.714285714285714,8.285714285714286,7.571428571428571,12.285714285714286,3.142857142857143,14.285714285714286,6.857142857142857,0.3333333333333333,0.8,9.0,8.0,1.0,1876.7273518437464,1917.6261906715708
767,30.6,57.8,12.8,29.2,11.6,18.6,12.0,4.8,13.4,26.0,56.4,7.6,22.4,8.0,14.0,10.6,6.6,16.2,13.4,22.428571428571427,47.42857142857143,4.857142857142857,14.0,9.142857142857142,11.857142857142858,12.571428571428571,7.428571428571429,13.857142857142858,17.714285714285715,47.42857142857143,5.142857142857143,17.428571428571427,7.857142857142857,10.285714285714286,12.714285714285714,6.571428571428571,16.0,11.142857142857142,1.0,0.5,15.0,2.0,13.0,1642.1815587013955,1762.6069661155925
768,25.714285714285715,60.714285714285715,7.571428571428571,18.571428571428573,14.571428571428571,13.285714285714286,9.142857142857142,8.0,16.285714285714285,23.571428571428573,56.57142857142857,6.714285714285714,22.142857142857142,9.142857142857142,11.428571428571429,12.428571428571429,5.0,20.285714285714285,9.428571428571429,22.833333333333332,54.833333333333336,8.5,22.0,15.833333333333334,16.0,14.0,7.166666666666667,24.5,22.166666666666668,45.166666666666664,6.0,15.5,7.5,12.5,13.5,8.166666666666666,21.333333333333332,-0.5,1.0,0.3333333333333333,12.0,5.0,7.0,1677.9256921708811,1783.0834075078922
769,25.0,60.0,9.833333333333334,27.166666666666668,13.833333333333334,14.0,10.333333333333334,4.5,20.166666666666668,23.333333333333332,52.666666666666664,5.666666666666667,16.333333333333332,10.0,14.0,9.833333333333334,4.5,16.833333333333332,2.6666666666666665,24.4,56.8,6.2,20.4,11.2,14.6,7.6,7.6,14.8,18.2,47.6,4.6,14.4,8.2,8.4,13.4,3.0,15.2,10.2,0.25,0.5,10.0,7.0,3.0,1832.653031290034,1892.631313535445
770,26.2,57.2,7.0,20.6,11.4,12.8,13.4,7.4,20.0,22.0,54.4,6.4,20.6,9.0,9.8,12.0,6.8,19.6,6.6,25.5,53.375,7.625,20.125,9.25,13.0,7.375,4.0,9.125,23.625,53.375,5.25,13.375,7.75,11.375,8.5,4.375,14.625,11.25,1.0,1.0,16.0,1.0,15.0,1445.1486381870873,1606.7980456541438
771,22.857142857142858,53.0,5.571428571428571,17.142857142857142,11.571428571428571,11.714285714285714,11.714285714285714,6.714285714285714,15.714285714285714,25.857142857142858,56.142857142857146,6.428571428571429,19.285714285714285,9.857142857142858,12.857142857142858,11.0,5.285714285714286,19.0,0.5714285714285714,25.875,55.125,5.25,14.25,11.25,15.0,9.625,6.5,17.25,19.75,52.75,4.875,14.125,7.125,8.25,12.625,3.75,21.625,20.125,0.5,1.0,10.0,2.0,8.0,1959.513023035946,2019.4265935146752
772,24.166666666666668,48.833333333333336,5.666666666666667,13.166666666666666,11.166666666666666,13.333333333333334,12.0,4.166666666666667,12.5,20.666666666666668,53.5,6.166666666666667,18.333333333333332,10.666666666666666,11.0,9.166666666666666,4.666666666666667,16.333333333333332,11.166666666666666,28.0,56.75,5.0,13.0,11.125,13.75,9.25,5.375,17.125,22.0,54.375,4.75,15.0,9.25,9.0,11.75,3.125,19.125,18.625,0.6666666666666666,1.0,8.0,1.0,7.0,1897.9784478755676,1979.9632969279717
773,26.375,54.25,10.875,25.5,10.0,16.75,9.75,7.5,16.75,23.125,55.125,6.25,19.5,11.0,14.875,12.875,4.875,18.125,18.25,22.142857142857142,54.714285714285715,7.428571428571429,21.142857142857142,12.285714285714286,11.857142857142858,9.285714285714286,4.142857142857143,15.0,22.714285714285715,54.57142857142857,5.571428571428571,16.857142857142858,10.857142857142858,12.285714285714286,9.142857142857142,4.857142857142857,17.857142857142858,2.5714285714285716,1.0,0.75,1.0,8.0,-7.0,2124.552932114253,2172.233803675227
774,24.375,57.75,5.5,18.375,12.875,12.625,11.875,7.25,19.875,24.5,56.0,6.25,15.375,14.75,12.5,15.125,6.375,20.125,-0.25,28.88888888888889,58.55555555555556,5.666666666666667,14.11111111111111,10.444444444444445,17.88888888888889,12.555555555555555,6.555555555555555,17.22222222222222,22.666666666666668,56.333333333333336,6.0,19.88888888888889,10.444444444444445,10.777777777777779,11.88888888888889,6.444444444444445,14.222222222222221,8.333333333333334,0.6,0.6666666666666666,5.0,4.0,1.0,1929.4491247285987,2002.9878851063936
775,21.333333333333332,51.833333333333336,6.166666666666667,16.166666666666668,11.166666666666666,10.833333333333334,13.5,5.833333333333333,17.833333333333332,22.333333333333332,50.333333333333336,5.5,15.833333333333334,5.333333333333333,10.5,10.833333333333334,7.166666666666667,18.0,1.6666666666666667,25.285714285714285,48.714285714285715,6.142857142857143,17.428571428571427,6.142857142857143,15.142857142857142,10.428571428571429,7.428571428571429,15.285714285714286,25.857142857142858,58.714285714285715,4.857142857142857,18.857142857142858,12.428571428571429,13.0,10.857142857142858,6.571428571428571,17.857142857142858,9.0,0.3333333333333333,1.0,6.0,3.0,3.0,1879.3527176479647,1861.4732730557516
776,25.714285714285715,57.57142857142857,5.857142857142857,16.428571428571427,11.571428571428571,17.428571428571427,12.0,4.714285714285714,16.428571428571427,24.0,59.42857142857143,6.0,20.428571428571427,10.571428571428571,11.285714285714286,10.714285714285714,5.714285714285714,17.428571428571427,5.714285714285714,28.0,55.333333333333336,6.333333333333333,14.666666666666666,8.166666666666666,14.333333333333334,12.0,7.5,18.666666666666668,23.166666666666668,55.166666666666664,8.166666666666666,21.0,10.333333333333334,14.833333333333334,13.5,6.5,16.0,8.0,0.6,0.6666666666666666,14.0,11.0,3.0,1654.407678713227,1741.6842894853476
777,21.5,50.833333333333336,6.166666666666667,17.833333333333332,10.666666666666666,12.333333333333334,11.333333333333334,7.833333333333333,20.333333333333332,22.166666666666668,51.5,7.333333333333333,17.833333333333332,12.0,13.0,12.666666666666666,5.833333333333333,19.0,1.5,23.0,51.0,8.285714285714286,20.857142857142858,9.857142857142858,12.714285714285714,11.285714285714286,4.571428571428571,17.714285714285715,20.571428571428573,51.0,5.142857142857143,15.428571428571429,9.428571428571429,8.142857142857142,9.857142857142858,4.714285714285714,18.142857142857142,6.428571428571429,0.75,0.5,4.0,5.0,-1.0,1919.7977685233668,1960.23318034674
778,25.428571428571427,53.0,4.428571428571429,15.142857142857142,10.142857142857142,12.857142857142858,9.714285714285714,9.571428571428571,17.714285714285715,20.571428571428573,52.42857142857143,6.857142857142857,22.571428571428573,12.571428571428571,12.142857142857142,13.428571428571429,4.571428571428571,15.571428571428571,11.0,22.857142857142858,52.142857142857146,5.571428571428571,15.857142857142858,10.142857142857142,13.571428571428571,13.285714285714286,4.714285714285714,17.428571428571427,22.857142857142858,53.285714285714285,7.142857142857143,20.0,8.571428571428571,13.0,11.142857142857142,7.142857142857143,19.571428571428573,-0.5714285714285714,1.0,0.75,14.0,6.0,8.0,1664.5233944798654,1792.2956144775046
779,22.428571428571427,52.714285714285715,4.571428571428571,13.714285714285714,9.428571428571429,10.142857142857142,7.142857142857143,5.714285714285714,13.428571428571429,18.428571428571427,48.285714285714285,6.142857142857143,15.714285714285714,8.285714285714286,7.571428571428571,12.285714285714286,3.142857142857143,14.285714285714286,6.857142857142857,30.142857142857142,58.0,7.857142857142857,20.857142857142858,11.571428571428571,15.428571428571429,10.857142857142858,8.0,15.142857142857142,23.857142857142858,55.714285714285715,5.571428571428571,17.142857142857142,10.857142857142858,12.571428571428571,13.428571428571429,6.142857142857143,16.0,15.714285714285714,0.8,0.75,8.0,1.0,7.0,1936.281439423518,1994.6409448497056
780,23.166666666666668,57.333333333333336,5.666666666666667,16.166666666666668,13.166666666666666,13.833333333333334,9.666666666666666,7.166666666666667,15.5,20.666666666666668,56.0,7.166666666666667,21.166666666666668,10.0,11.333333333333334,13.0,7.333333333333333,20.166666666666668,10.333333333333334,27.0,53.833333333333336,6.666666666666667,15.333333333333334,8.333333333333334,14.666666666666666,9.333333333333334,5.666666666666667,17.166666666666668,23.333333333333332,59.833333333333336,5.5,16.5,11.5,9.166666666666666,9.5,4.333333333333333,21.0,11.666666666666666,0.6666666666666666,1.0,7.0,2.0,5.0,1892.6177356505227,1952.103192600943
781,21.5,46.166666666666664,8.0,21.166666666666668,6.5,10.166666666666666,8.5,5.833333333333333,12.0,20.166666666666668,47.5,6.166666666666667,18.166666666666668,6.0,11.0,10.333333333333334,4.5,17.666666666666668,10.333333333333334,22.833333333333332,56.333333333333336,5.166666666666667,17.166666666666668,13.166666666666666,11.333333333333334,12.0,8.666666666666666,15.666666666666666,22.0,51.0,4.333333333333333,14.5,10.166666666666666,11.166666666666666,14.0,5.833333333333333,15.833333333333334,0.8333333333333334,1.0,0.3333333333333333,5.0,4.0,1.0,1870.6275481262437,1951.594025584529
782,22.428571428571427,47.42857142857143,4.857142857142857,14.0,9.142857142857142,11.857142857142858,12.571428571428571,7.428571428571429,13.857142857142858,17.714285714285715,47.42857142857143,5.142857142857143,17.428571428571427,7.857142857142857,10.285714285714286,12.714285714285714,6.571428571428571,16.0,11.142857142857142,25.25,55.375,7.375,21.0,10.5,16.125,9.75,4.375,20.375,23.25,52.875,7.75,20.125,9.125,12.875,10.125,5.0,18.25,0.5,0.5,0.8,2.0,7.0,-5.0,2107.134374047833,2183.533406478904
783,22.75,50.25,5.5,16.5,6.75,12.25,10.375,7.5,15.125,22.875,49.875,6.25,16.5,8.25,12.875,14.5,5.125,19.375,2.875,23.0,58.0,6.666666666666667,20.833333333333332,12.166666666666666,10.5,11.0,6.0,16.666666666666668,24.333333333333332,55.333333333333336,5.666666666666667,17.5,9.333333333333334,11.0,13.166666666666666,5.5,19.0,3.1666666666666665,0.6,0.5,11.0,3.0,8.0,1882.3125941506007,1961.5956365248255
784,21.333333333333332,50.0,6.166666666666667,17.166666666666668,10.5,10.333333333333334,11.166666666666666,4.0,17.833333333333332,20.0,55.666666666666664,4.833333333333333,19.0,14.666666666666666,8.333333333333334,9.5,5.833333333333333,17.833333333333332,5.166666666666667,22.833333333333332,54.833333333333336,8.5,22.0,15.833333333333334,16.0,14.0,7.166666666666667,24.5,22.166666666666668,45.166666666666664,6.0,15.5,7.5,12.5,13.5,8.166666666666666,21.333333333333332,-0.5,0.75,0.3333333333333333,4.0,5.0,-1.0,1973.695823454634,2041.3804180787647
785,22.5,53.125,2.5,11.625,10.0,10.0,13.5,7.0,19.125,23.125,58.875,4.625,17.125,12.625,10.375,12.875,7.5,22.5,2.875,24.4,56.8,6.2,20.4,11.2,14.6,7.6,7.6,14.8,18.2,47.6,4.6,14.4,8.2,8.4,13.4,3.0,15.2,10.2,0.6,0.5,2.0,7.0,-5.0,2037.9480880092065,2112.0571548467783
786,25.142857142857142,54.714285714285715,6.428571428571429,18.0,8.714285714285714,9.714285714285714,10.285714285714286,6.0,17.714285714285715,24.714285714285715,55.714285714285715,6.857142857142857,20.857142857142858,10.857142857142858,13.285714285714286,10.857142857142858,5.857142857142857,17.714285714285715,1.5714285714285714,25.5,53.375,7.625,20.125,9.25,13.0,7.375,4.0,9.125,23.625,53.375,5.25,13.375,7.75,11.375,8.5,4.375,14.625,11.25,0.75,1.0,8.0,1.0,7.0,1963.7054773006707,2043.738288405895
787,22.857142857142858,52.142857142857146,5.571428571428571,15.857142857142858,10.142857142857142,13.571428571428571,13.285714285714286,4.714285714285714,17.428571428571427,22.857142857142858,53.285714285714285,7.142857142857143,20.0,8.571428571428571,13.0,11.142857142857142,7.142857142857143,19.571428571428573,-0.5714285714285714,25.875,55.125,5.25,14.25,11.25,15.0,9.625,6.5,17.25,19.75,52.75,4.875,14.125,7.125,8.25,12.625,3.75,21.625,20.125,0.75,1.0,6.0,2.0,4.0,1897.864716475112,1938.5497789134492
788,22.833333333333332,54.833333333333336,8.5,22.0,15.833333333333334,16.0,14.0,7.166666666666667,24.5,22.166666666666668,45.166666666666664,6.0,15.5,7.5,12.5,13.5,8.166666666666666,21.333333333333332,-0.5,28.0,56.75,5.0,13.0,11.125,13.75,9.25,5.375,17.125,22.0,54.375,4.75,15.0,9.25,9.0,11.75,3.125,19.125,18.625,0.3333333333333333,1.0,5.0,1.0,4.0,1921.444919391068,2007.3973172714748
789,24.4,56.8,6.2,20.4,11.2,14.6,7.6,7.6,14.8,18.2,47.6,4.6,14.4,8.2,8.4,13.4,3.0,15.2,10.2,25.285714285714285,48.714285714285715,6.142857142857143,17.428571428571427,6.142857142857143,15.142857142857142,10.428571428571429,7.428571428571429,15.285714285714286,25.857142857142858,58.714285714285715,4.857142857142857,18.857142857142858,12.428571428571429,13.0,10.857142857142858,6.571428571428571,17.857142857142858,9.0,0.5,1.0,7.0,3.0,4.0,2029.8129879070425,2097.989619015839
790,28.88888888888889,58.55555555555556,5.666666666666667,14.11111111111111,10.444444444444445,17.88888888888889,12.555555555555555,6.555555555555555,17.22222222222222,22.666666666666668,56.333333333333336,6.0,19.88888888888889,10.444444444444445,10.777777777777779,11.88888888888889,6.444444444444445,14.222222222222221,8.333333333333334,25.5,53.375,7.625,20.125,9.25,13.0,7.375,4.0,9.125,23.625,53.375,5.25,13.375,7.75,11.375,8.5,4.375,14.625,11.25,0.6666666666666666,1.0,4.0,1.0,3.0,2022.0297585238388,2099.1895300170145
791,23.0,51.0,8.285714285714286,20.857142857142858,9.857142857142858,12.714285714285714,11.285714285714286,4.571428571428571,17.714285714285715,20.571428571428573,51.0,5.142857142857143,15.428571428571429,9.428571428571429,8.142857142857142,9.857142857142858,4.714285714285714,18.142857142857142,6.428571428571429,30.142857142857142,58.0,7.857142857142857,20.857142857142858,11.571428571428571,15.428571428571429,10.857142857142858,8.0,15.142857142857142,23.857142857142858,55.714285714285715,5.571428571428571,17.142857142857142,10.857142857142858,12.571428571428571,13.428571428571429,6.142857142857143,16.0,15.714285714285714,0.5,0.75,5.0,1.0,4.0,1906.730116709748,1990.966062782722
792,28.0,55.333333333333336,6.333333333333333,14.666666666666666,8.166666666666666,14.333333333333334,12.0,7.5,18.666666666666668,23.166666666666668,55.166666666666664,8.166666666666666,21.0,10.333333333333334,14.833333333333334,13.5,6.5,16.0,8.0,27.0,53.833333333333336,6.666666666666667,15.333333333333334,8.333333333333334,14.666666666666666,9.333333333333334,5.666666666666667,17.166666666666668,23.333333333333332,59.833333333333336,5.5,16.5,11.5,9.166666666666666,9.5,4.333333333333333,21.0,11.666666666666666,0.6666666666666666,1.0,11.0,2.0,9.0,1907.5559364935584,1994.4742826678844
793,22.142857142857142,54.714285714285715,7.428571428571429,21.142857142857142,12.285714285714286,11.857142857142858,9.285714285714286,4.142857142857143,15.0,22.714285714285715,54.57142857142857,5.571428571428571,16.857142857142858,10.857142857142858,12.285714285714286,9.142857142857142,4.857142857142857,17.857142857142858,2.5714285714285716,22.833333333333332,56.333333333333336,5.166666666666667,17.166666666666668,13.166666666666666,11.333333333333334,12.0,8.666666666666666,15.666666666666666,22.0,51.0,4.333333333333333,14.5,10.166666666666666,11.166666666666666,14.0,5.833333333333333,15.833333333333334,0.8333333333333334,0.75,0.3333333333333333,8.0,4.0,4.0,1931.7271565665128,2008.024145599208
794,23.0,58.0,6.666666666666667,20.833333333333332,12.166666666666666,10.5,11.0,6.0,16.666666666666668,24.333333333333332,55.333333333333336,5.666666666666667,17.5,9.333333333333334,11.0,13.166666666666666,5.5,19.0,3.1666666666666665,25.25,55.375,7.375,21.0,10.5,16.125,9.75,4.375,20.375,23.25,52.875,7.75,20.125,9.125,12.875,10.125,5.0,18.25,0.5,0.5,0.8,3.0,7.0,-4.0,1969.8322559105145,2050.0814894812875
795,25.285714285714285,48.714285714285715,6.142857142857143,17.428571428571427,6.142857142857143,15.142857142857142,10.428571428571429,7.428571428571429,15.285714285714286,25.857142857142858,58.714285714285715,4.857142857142857,18.857142857142858,12.428571428571429,13.0,10.857142857142858,6.571428571428571,17.857142857142858,9.0,28.0,56.75,5.0,13.0,11.125,13.75,9.25,5.375,17.125,22.0,54.375,4.75,15.0,9.25,9.0,11.75,3.125,19.125,18.625,1.0,1.0,3.0,1.0,2.0,2035.0499781748108,2114.5797982000195
796,25.875,55.125,5.25,14.25,11.25,15.0,9.625,6.5,17.25,19.75,52.75,4.875,14.125,7.125,8.25,12.625,3.75,21.625,20.125,25.5,53.375,7.625,20.125,9.25,13.0,7.375,4.0,9.125,23.625,53.375,5.25,13.375,7.75,11.375,8.5,4.375,14.625,11.25,1.0,1.0,2.0,1.0,1.0,2138.2639373430397,2210.5262396158128
797,27.0,53.833333333333336,6.666666666666667,15.333333333333334,8.333333333333334,14.666666666666666,9.333333333333334,5.666666666666667,17.166666666666668,23.333333333333332,59.833333333333336,5.5,16.5,11.5,9.166666666666666,9.5,4.333333333333333,21.0,11.666666666666666,30.142857142857142,58.0,7.857142857142857,20.857142857142858,11.571428571428571,15.428571428571429,10.857142857142858,8.0,15.142857142857142,23.857142857142858,55.714285714285715,5.571428571428571,17.142857142857142,10.857142857142858,12.571428571428571,13.428571428571429,6.142857142857143,16.0,15.714285714285714,1.0,0.75,2.0,1.0,1.0,2069.52830080934,2148.134703706949
798,22.833333333333332,56.333333333333336,5.166666666666667,17.166666666666668,13.166666666666666,11.333333333333334,12.0,8.666666666666666,15.666666666666666,22.0,51.0,4.333333333333333,14.5,10.166666666666666,11.166666666666666,14.0,5.833333333333333,15.833333333333334,0.8333333333333334,25.25,55.375,7.375,21.0,10.5,16.125,9.75,4.375,20.375,23.25,52.875,7.75,20.125,9.125,12.875,10.125,5.0,18.25,0.5,0.3333333333333333,0.8,4.0,7.0,-3.0,2074.577030804154,2147.6460591754094
799,25.25,55.375,7.375,21.0,10.5,16.125,9.75,4.375,20.375,23.25,52.875,7.75,20.125,9.125,12.875,10.125,5.0,18.25,0.5,30.142857142857142,58.0,7.857142857142857,20.857142857142858,11.571428571428571,15.428571428571429,10.857142857142858,8.0,15.142857142857142,23.857142857142858,55.714285714285715,5.571428571428571,17.142857142857142,10.857142857142858,12.571428571428571,13.428571428571429,6.142857142857143,16.0,15.714285714285714,0.8,0.75,7.0,1.0,6.0,2056.46585854802,2119.6465368421227
800,28.0,56.75,5.0,13.0,11.125,13.75,9.25,5.375,17.125,22.0,54.375,4.75,15.0,9.25,9.0,11.75,3.125,19.125,18.625,25.5,53.375,7.625,20.125,9.25,13.0,7.375,4.0,9.125,23.625,53.375,5.25,13.375,7.75,11.375,8.5,4.375,14.625,11.25,1.0,1.0,1.0,1.0,0.0,2218.6271905662165,2291.4543930787777
801,25.5,53.375,7.625,20.125,9.25,13.0,7.375,4.0,9.125,23.625,53.375,5.25,13.375,7.75,11.375,8.5,4.375,14.625,11.25,30.142857142857142,58.0,7.857142857142857,20.857142857142858,11.571428571428571,15.428571428571429,10.857142857142858,8.0,15.142857142857142,23.857142857142858,55.714285714285715,5.571428571428571,17.142857142857142,10.857142857142858,12.571428571428571,13.428571428571429,6.142857142857143,16.0,15.714285714285714,1.0,0.75,1.0,1.0,0.0,2192.595623489568,2255.3414476601583
802,29.0,56.6,4.4,11.0,11.2,12.2,10.6,6.6,19.4,23.0,55.4,6.2,20.0,8.0,11.0,10.4,5.6,18.4,8.6,28.5,61.5,9.0,22.666666666666668,10.666666666666666,13.5,11.0,4.833333333333333,20.5,24.833333333333332,59.833333333333336,6.666666666666667,22.5,13.333333333333334,12.5,11.333333333333334,5.666666666666667,18.166666666666668,4.833333333333333,1.0,1.0,16.0,16.0,0.0,1472.4984644698304,1625.9088174852725
803,23.6,57.2,5.8,21.0,10.4,14.4,8.8,5.2,17.4,19.2,53.4,6.8,22.4,7.6,8.6,13.0,3.4,20.6,14.8,26.666666666666668,57.166666666666664,8.166666666666666,21.333333333333332,9.833333333333334,14.666666666666666,9.333333333333334,3.8333333333333335,17.666666666666668,25.166666666666668,60.666666666666664,6.333333333333333,18.5,11.833333333333334,12.333333333333334,7.5,4.666666666666667,18.333333333333332,7.333333333333333,0.5,0.3333333333333333,11.0,11.0,0.0,1915.0671470925784,1996.700496339916
804,23.285714285714285,55.142857142857146,7.571428571428571,22.142857142857142,7.571428571428571,14.0,8.428571428571429,6.857142857142857,17.857142857142858,22.142857142857142,52.857142857142854,8.428571428571429,25.571428571428573,10.857142857142858,14.285714285714286,14.285714285714286,4.0,19.857142857142858,0.5714285714285714,24.375,57.875,5.5,17.0,9.875,10.125,11.625,6.875,20.5,24.125,58.0,6.5,19.75,11.375,11.375,12.375,4.875,18.5,-1.125,1.0,0.8,16.0,16.0,0.0,1346.7887602345008,1551.3050367464657
805,24.857142857142858,58.0,7.714285714285714,23.428571428571427,8.428571428571429,14.571428571428571,10.428571428571429,5.142857142857143,15.285714285714286,26.571428571428573,56.857142857142854,7.142857142857143,21.0,9.0,15.571428571428571,11.571428571428571,5.0,15.142857142857142,-4.0,26.0,58.6,6.6,21.6,9.2,14.2,8.8,5.2,17.4,25.8,61.0,8.0,20.2,11.8,13.0,12.0,4.8,21.2,1.0,0.5,0.5,11.0,11.0,0.0,1887.9318189381063,1929.815514930901
806,26.571428571428573,52.714285714285715,8.571428571428571,19.0,6.714285714285714,14.142857142857142,10.428571428571429,5.571428571428571,18.285714285714285,22.0,51.714285714285715,5.857142857142857,20.285714285714285,10.0,11.0,12.857142857142858,3.5714285714285716,17.0,8.714285714285714,28.714285714285715,53.42857142857143,7.571428571428571,17.714285714285715,8.285714285714286,19.0,10.571428571428571,3.0,15.714285714285714,25.142857142857142,59.57142857142857,7.571428571428571,22.0,8.428571428571429,12.142857142857142,6.857142857142857,5.428571428571429,17.857142857142858,10.571428571428571,0.75,0.8,12.0,5.0,7.0,1606.385896069374,1745.5851370974494
807,26.0,58.2,8.0,18.6,9.8,12.8,9.8,6.0,18.4,27.8,58.0,7.0,20.4,8.0,14.0,12.6,4.6,21.0,1.4,23.666666666666668,50.5,5.833333333333333,14.333333333333334,9.333333333333334,12.666666666666666,11.666666666666666,6.0,18.166666666666668,25.333333333333332,57.166666666666664,9.0,22.166666666666668,11.666666666666666,13.0,10.5,7.166666666666667,20.333333333333332,-2.1666666666666665,0.6666666666666666,0.3333333333333333,9.0,8.0,1.0,1904.8193067643883,1929.8486978957717
808,26.0,58.0,7.875,20.375,9.0,14.375,11.25,5.125,17.75,23.5,58.5,6.125,17.875,11.125,12.75,10.875,5.75,14.75,6.125,24.166666666666668,62.5,7.666666666666667,20.166666666666668,12.833333333333334,13.0,10.0,6.166666666666667,19.666666666666668,23.666666666666668,55.333333333333336,5.666666666666667,15.5,8.166666666666666,11.333333333333334,10.666666666666666,5.666666666666667,16.0,1.1666666666666667,0.8,0.3333333333333333,9.0,8.0,1.0,1904.071923638821,1994.6115862900108
809,24.714285714285715,60.857142857142854,10.428571428571429,27.857142857142858,12.0,13.285714285714286,9.285714285714286,8.142857142857142,17.285714285714285,28.857142857142858,60.57142857142857,6.571428571428571,19.285714285714285,14.0,15.142857142857142,13.714285714285714,4.0,19.857142857142858,-0.5714285714285714,25.333333333333332,55.833333333333336,5.833333333333333,17.166666666666668,10.5,9.833333333333334,12.0,5.666666666666667,22.666666666666668,21.0,54.333333333333336,5.166666666666667,15.666666666666666,13.666666666666666,8.5,13.833333333333334,4.5,19.666666666666668,3.5,0.5,1.0,4.0,13.0,-9.0,2052.355659624484,2127.4208835997697
810,27.0,55.666666666666664,7.333333333333333,21.0,9.833333333333334,11.666666666666666,9.833333333333334,5.333333333333333,17.666666666666668,24.0,59.333333333333336,9.166666666666666,25.333333333333332,11.166666666666666,11.166666666666666,10.333333333333334,5.0,19.666666666666668,9.833333333333334,26.625,56.125,7.0,18.0,11.125,13.125,15.25,7.125,19.25,24.625,62.0,7.125,22.625,12.875,11.0,12.125,7.625,21.625,6.125,1.0,0.8,11.0,6.0,5.0,1981.5090699773723,2064.8430656459914
811,27.0,55.4,9.6,24.0,10.6,13.0,11.0,6.8,17.0,24.4,55.0,7.4,21.0,9.0,14.2,11.6,4.2,17.0,9.8,21.833333333333332,55.833333333333336,6.166666666666667,20.5,13.333333333333334,11.0,11.833333333333334,6.833333333333333,16.833333333333332,25.333333333333332,54.0,5.666666666666667,17.833333333333332,9.333333333333334,10.666666666666666,14.166666666666666,5.333333333333333,21.333333333333332,2.1666666666666665,0.6666666666666666,1.0,5.0,12.0,-7.0,1958.346168810573,1989.8284399674017
812,28.666666666666668,57.833333333333336,8.666666666666666,22.166666666666668,7.833333333333333,17.0,12.5,5.333333333333333,16.5,27.833333333333332,65.0,6.666666666666667,22.833333333333332,15.0,12.333333333333334,10.833333333333334,6.833333333333333,15.833333333333334,2.6666666666666665,28.666666666666668,59.333333333333336,11.166666666666666,27.0,9.833333333333334,18.0,11.666666666666666,7.5,17.166666666666668,25.166666666666668,58.166666666666664,8.333333333333334,23.0,11.5,13.666666666666666,14.833333333333334,5.666666666666667,18.0,9.833333333333334,0.3333333333333333,1.0,4.0,13.0,-9.0,1938.53914627398,1928.7415346372295
813,27.25,53.125,7.75,18.125,9.875,15.875,13.625,7.125,17.875,22.375,58.625,5.125,16.75,13.5,11.0,12.875,7.625,19.0,12.125,27.571428571428573,53.57142857142857,7.571428571428571,17.857142857142858,9.857142857142858,14.571428571428571,14.0,5.428571428571429,17.428571428571427,28.428571428571427,61.714285714285715,6.714285714285714,24.0,10.714285714285714,12.857142857142858,11.285714285714286,7.857142857142857,23.142857142857142,4.285714285714286,1.0,1.0,1.0,16.0,-15.0,2146.0168801476007,2218.040154168126
814,28.875,58.25,8.0,18.375,11.0,15.75,8.125,4.25,19.125,25.375,60.375,6.75,20.125,13.125,10.25,9.875,3.5,19.125,10.125,26.6,54.8,5.8,14.4,11.6,17.2,10.8,5.2,16.2,25.2,57.2,9.2,23.6,8.8,12.0,12.4,3.8,23.2,7.4,1.0,1.0,4.0,13.0,-9.0,2095.9704645729093,2163.9150968073204
815,24.714285714285715,51.42857142857143,6.714285714285714,17.0,8.857142857142858,11.571428571428571,10.428571428571429,5.571428571428571,15.857142857142858,26.571428571428573,55.714285714285715,5.571428571428571,15.857142857142858,9.428571428571429,12.714285714285714,9.0,4.571428571428571,17.714285714285715,-1.4285714285714286,28.875,62.375,9.625,24.875,12.0,12.875,12.25,5.875,20.375,27.5,61.875,7.75,21.875,10.25,12.625,11.5,5.25,18.875,6.25,0.5,0.8,3.0,14.0,-11.0,1981.1168709175488,2070.8358433640724
816,30.125,64.0,5.875,17.875,15.875,17.0,10.875,6.375,16.75,23.25,59.375,6.875,20.75,12.25,9.875,11.125,6.125,16.125,11.625,29.0,56.6,4.4,11.0,11.2,12.2,10.6,6.6,19.4,23.0,55.4,6.2,20.0,8.0,11.0,10.4,5.6,18.4,8.6,1.0,1.0,1.0,16.0,-15.0,2096.161882033802,2177.0166140136816
817,25.333333333333332,57.5,8.0,24.5,9.5,16.0,9.333333333333334,5.0,15.833333333333334,25.833333333333332,57.833333333333336,7.166666666666667,18.833333333333332,9.666666666666666,12.0,12.833333333333334,3.8333333333333335,20.5,4.5,27.0,61.42857142857143,7.285714285714286,18.571428571428573,11.714285714285714,13.285714285714286,10.714285714285714,5.0,16.571428571428573,28.571428571428573,60.0,8.142857142857142,21.285714285714285,10.142857142857142,16.428571428571427,10.0,5.428571428571429,17.714285714285715,-5.142857142857143,0.75,0.5,9.0,8.0,1.0,1915.9820760350287,1959.338983514652
818,25.714285714285715,55.57142857142857,8.571428571428571,24.142857142857142,9.428571428571429,14.571428571428571,11.714285714285714,5.714285714285714,14.285714285714286,25.571428571428573,63.142857142857146,7.142857142857143,19.571428571428573,11.857142857142858,9.428571428571429,9.0,7.0,17.428571428571427,5.0,27.0,59.125,7.5,21.875,8.875,14.125,8.5,8.875,19.75,23.875,55.625,7.375,21.25,10.375,12.625,15.0,3.625,19.625,7.375,0.75,1.0,3.0,14.0,-11.0,1986.762914441182,2069.2660547176506
819,24.285714285714285,53.57142857142857,6.428571428571429,16.0,11.0,12.285714285714286,9.0,5.428571428571429,14.428571428571429,21.857142857142858,49.57142857142857,6.0,15.714285714285714,8.714285714285714,11.285714285714286,11.571428571428571,6.0,16.285714285714285,7.428571428571429,26.0,58.142857142857146,6.285714285714286,18.428571428571427,13.285714285714286,12.857142857142858,13.428571428571429,3.5714285714285716,18.571428571428573,25.714285714285715,58.857142857142854,7.285714285714286,19.142857142857142,7.714285714285714,10.285714285714286,11.428571428571429,5.571428571428571,22.285714285714285,7.571428571428571,0.8,0.8,1.0,16.0,-15.0,2092.354499517323,2174.2839925801104
820,23.6,57.2,5.8,21.0,10.4,14.4,8.8,5.2,17.4,19.2,53.4,6.8,22.4,7.6,8.6,13.0,3.4,20.6,14.8,26.666666666666668,60.666666666666664,7.833333333333333,19.0,13.666666666666666,12.0,11.666666666666666,4.5,18.833333333333332,26.166666666666668,63.666666666666664,5.833333333333333,19.166666666666668,14.666666666666666,10.666666666666666,10.166666666666666,6.5,19.666666666666668,4.0,0.5,0.75,11.0,6.0,5.0,1926.869822596916,2008.0749094147848
821,27.0,55.2,6.4,16.8,11.8,15.6,11.2,4.8,15.6,22.2,53.2,4.4,16.8,6.6,10.0,12.2,6.2,20.2,15.0,25.285714285714285,56.142857142857146,6.0,16.857142857142858,13.142857142857142,12.0,14.428571428571429,6.142857142857143,20.571428571428573,22.571428571428573,51.857142857142854,6.428571428571429,17.428571428571427,9.857142857142858,14.714285714285714,13.428571428571429,7.142857142857143,19.142857142857142,2.857142857142857,1.0,0.25,12.0,5.0,7.0,1642.948285808876,1787.768589283122
822,25.375,55.125,7.125,22.125,9.625,14.625,14.25,7.5,20.0,23.25,56.625,5.375,18.125,10.25,13.0,13.5,6.5,21.75,7.0,26.428571428571427,60.0,8.0,20.857142857142858,11.428571428571429,12.571428571428571,10.285714285714286,4.428571428571429,19.428571428571427,24.0,58.857142857142854,5.428571428571429,14.714285714285714,9.0,10.142857142857142,10.714285714285714,4.571428571428571,18.285714285714285,8.0,0.8,0.5,13.0,4.0,9.0,1687.4592236829758,1739.4246303040245
823,23.8,60.0,6.4,19.4,14.0,15.0,12.8,7.0,15.4,25.8,57.8,8.8,24.0,9.8,14.8,12.8,6.4,19.4,-1.4,24.0,61.142857142857146,7.714285714285714,22.0,10.857142857142858,14.571428571428571,8.857142857142858,5.714285714285714,14.285714285714286,24.428571428571427,59.857142857142854,6.571428571428571,19.0,9.0,10.857142857142858,10.285714285714286,4.428571428571429,14.857142857142858,0.8571428571428571,0.3333333333333333,0.75,7.0,10.0,-3.0,1897.9279347108145,1930.050269362797
824,27.666666666666668,57.0,9.5,21.5,10.166666666666666,14.5,12.0,6.0,16.0,27.166666666666668,58.666666666666664,8.666666666666666,22.5,11.333333333333334,14.5,11.833333333333334,5.666666666666667,16.166666666666668,2.6666666666666665,22.166666666666668,52.333333333333336,5.833333333333333,19.0,10.666666666666666,10.0,11.166666666666666,4.0,17.166666666666668,22.333333333333332,53.166666666666664,5.333333333333333,16.166666666666668,7.5,9.666666666666666,10.666666666666666,5.666666666666667,20.666666666666668,8.666666666666666,0.5,1.0,5.0,12.0,-7.0,1969.079018285672,2012.6860929518791
825,26.25,55.375,7.5,18.375,9.5,12.5,12.0,5.875,18.125,24.5,56.0,5.875,17.375,10.625,10.0,12.75,5.875,18.875,5.25,29.571428571428573,60.142857142857146,10.285714285714286,22.0,12.285714285714286,20.142857142857142,10.714285714285714,4.714285714285714,17.714285714285715,21.571428571428573,54.142857142857146,5.714285714285714,17.0,7.714285714285714,9.714285714285714,9.428571428571429,4.714285714285714,16.428571428571427,18.571428571428573,1.0,1.0,15.0,2.0,13.0,1680.2690817273435,1767.1610658863412
826,21.666666666666668,48.5,6.5,19.833333333333332,3.8333333333333335,8.833333333333334,9.0,6.666666666666667,13.333333333333334,20.166666666666668,55.333333333333336,5.166666666666667,22.0,10.166666666666666,10.5,10.666666666666666,4.666666666666667,16.666666666666668,7.666666666666667,22.833333333333332,56.333333333333336,5.333333333333333,16.0,10.5,10.0,9.666666666666666,4.5,19.833333333333332,25.833333333333332,53.833333333333336,5.666666666666667,15.5,9.166666666666666,10.833333333333334,11.333333333333334,4.333333333333333,18.5,-5.333333333333333,1.0,0.3333333333333333,11.0,6.0,5.0,1815.937925126144,1903.605596483028
827,23.0,55.285714285714285,6.285714285714286,19.142857142857142,9.857142857142858,11.571428571428571,12.142857142857142,4.285714285714286,15.714285714285714,26.571428571428573,66.0,7.142857142857143,22.428571428571427,16.0,14.285714285714286,8.428571428571429,5.571428571428571,16.285714285714285,-5.857142857142857,24.857142857142858,58.0,7.714285714285714,23.428571428571427,8.428571428571429,14.571428571428571,10.428571428571429,5.142857142857143,15.285714285714286,26.571428571428573,56.857142857142854,7.142857142857143,21.0,9.0,15.571428571428571,11.571428571428571,5.0,15.142857142857142,-4.0,0.5,0.5,6.0,11.0,-5.0,1960.9190935903528,2040.895784460709
828,24.142857142857142,55.285714285714285,9.428571428571429,24.285714285714285,10.285714285714286,12.0,14.142857142857142,6.428571428571429,16.0,23.571428571428573,56.857142857142854,7.714285714285714,21.285714285714285,10.714285714285714,9.428571428571429,15.0,7.571428571428571,19.428571428571427,4.857142857142857,25.5,56.5,6.5,16.5,11.5,15.5,11.166666666666666,10.333333333333334,21.666666666666668,19.0,53.0,5.833333333333333,19.833333333333332,13.5,8.5,18.166666666666668,4.333333333333333,21.833333333333332,16.666666666666668,0.75,1.0,2.0,15.0,-13.0,2015.1176347849528,2085.163616786122
829,28.875,61.25,6.875,18.375,14.0,12.5,10.875,7.875,17.0,25.0,58.125,7.625,20.5,10.5,12.75,13.375,4.125,21.75,12.25,23.285714285714285,55.142857142857146,7.571428571428571,22.142857142857142,7.571428571428571,14.0,8.428571428571429,6.857142857142857,17.857142857142858,22.142857142857142,52.857142857142854,8.428571428571429,25.571428571428573,10.857142857142858,14.285714285714286,14.285714285714286,4.0,19.857142857142858,0.5714285714285714,1.0,1.0,1.0,16.0,-15.0,2037.740270175475,2104.983674027172
830,30.0,60.75,8.625,21.25,13.625,18.5,12.0,10.125,20.125,20.125,51.25,4.875,16.0,10.5,10.5,18.375,5.125,20.875,28.625,26.0,58.625,7.0,18.75,14.875,13.875,13.75,9.25,22.25,22.375,50.0,7.75,19.75,9.625,12.125,16.625,6.375,21.125,6.875,1.0,0.8,14.0,3.0,11.0,1774.8423660663727,1880.0526441471284
831,29.375,60.125,7.375,22.25,8.875,15.75,10.0,5.375,18.5,28.75,59.875,8.5,24.125,7.625,15.0,12.25,4.875,19.75,3.875,22.8,61.2,6.8,21.2,14.8,11.8,9.4,5.4,14.8,24.4,60.8,7.8,21.6,11.2,12.0,10.8,3.4,19.0,0.2,0.6,0.3333333333333333,8.0,9.0,-1.0,1826.238343329301,1909.52665495241
832,23.8,54.4,8.4,24.6,7.8,14.6,13.8,8.4,17.6,25.8,58.8,6.6,21.8,13.4,15.2,14.4,8.4,16.0,-3.2,24.142857142857142,57.285714285714285,5.714285714285714,18.428571428571427,9.142857142857142,12.428571428571429,13.0,5.857142857142857,20.142857142857142,23.571428571428573,57.714285714285715,7.0,20.714285714285715,7.714285714285714,12.428571428571429,12.857142857142858,5.0,20.714285714285715,0.14285714285714285,0.0,0.75,10.0,7.0,3.0,1864.6385262764372,1933.741424409324
833,27.375,64.375,7.0,22.625,15.25,15.25,9.375,6.375,16.0,23.25,56.75,7.5,22.5,9.75,11.5,11.875,4.375,17.0,10.0,27.75,63.125,7.25,21.5,13.75,13.5,10.5,9.875,17.0,24.25,60.625,7.75,21.25,12.375,11.75,16.125,5.25,20.5,10.625,0.8,1.0,3.0,14.0,-11.0,1928.8432785625744,1999.999590467865
834,27.285714285714285,64.14285714285714,4.857142857142857,19.857142857142858,12.428571428571429,11.285714285714286,9.428571428571429,5.428571428571429,20.857142857142858,24.571428571428573,55.57142857142857,3.7142857142857144,14.714285714285714,8.571428571428571,12.714285714285714,10.428571428571429,5.714285714285714,17.285714285714285,4.285714285714286,26.0,58.142857142857146,7.857142857142857,19.571428571428573,10.285714285714286,13.428571428571429,11.0,7.285714285714286,19.285714285714285,25.857142857142858,59.285714285714285,8.285714285714286,23.571428571428573,11.285714285714286,15.142857142857142,12.0,5.428571428571429,19.142857142857142,0.7142857142857143,0.6,0.5,10.0,7.0,3.0,1853.8935611111983,1839.27552669454
835,27.375,56.25,9.5,23.5,6.25,17.5,9.875,5.125,19.25,25.5,56.75,7.125,21.0,9.875,14.875,12.75,5.375,19.625,8.375,28.5,60.666666666666664,6.0,16.666666666666668,12.333333333333334,12.333333333333334,10.666666666666666,9.5,16.833333333333332,22.666666666666668,56.666666666666664,6.166666666666667,23.333333333333332,11.333333333333334,8.166666666666666,16.333333333333332,6.833333333333333,19.166666666666668,10.833333333333334,0.8,1.0,2.0,15.0,-13.0,2105.840246865517,2153.959764333687
836,22.333333333333332,51.666666666666664,7.833333333333333,22.166666666666668,8.166666666666666,12.833333333333334,9.833333333333334,7.0,17.5,21.833333333333332,50.5,5.666666666666667,16.166666666666668,9.166666666666666,11.833333333333334,12.333333333333334,5.333333333333333,18.833333333333332,3.0,24.142857142857142,54.714285714285715,5.142857142857143,17.857142857142858,11.285714285714286,12.857142857142858,12.142857142857142,5.0,17.285714285714285,23.428571428571427,51.714285714285715,7.428571428571429,20.142857142857142,7.714285714285714,13.571428571428571,10.714285714285714,5.571428571428571,15.571428571428571,-0.42857142857142855,0.3333333333333333,0.25,7.0,10.0,-3.0,2011.5666683570332,2070.293962478649
837,22.333333333333332,51.666666666666664,7.833333333333333,22.166666666666668,8.166666666666666,12.833333333333334,9.833333333333334,7.0,17.5,21.833333333333332,50.5,5.666666666666667,16.166666666666668,9.166666666666666,11.833333333333334,12.333333333333334,5.333333333333333,18.833333333333332,3.0,24.142857142857142,54.714285714285715,5.142857142857143,17.857142857142858,11.285714285714286,12.857142857142858,12.142857142857142,5.0,17.285714285714285,23.428571428571427,51.714285714285715,7.428571428571429,20.142857142857142,7.714285714285714,13.571428571428571,10.714285714285714,5.571428571428571,15.571428571428571,-0.42857142857142855,0.3333333333333333,0.25,7.0,10.0,-3.0,2011.5666683570332,1821.1125871980016
838,30.166666666666668,65.5,8.666666666666666,23.666666666666668,13.666666666666666,17.5,11.166666666666666,7.833333333333333,21.5,28.0,61.0,8.0,24.5,10.833333333333334,16.333333333333332,14.0,7.166666666666667,21.833333333333332,5.833333333333333,23.25,49.0,8.625,23.25,5.25,13.0,14.75,5.25,17.875,25.25,61.5,5.125,15.625,11.25,9.125,10.75,6.5,22.375,3.375,0.6666666666666666,0.8,2.0,15.0,-13.0,2005.9659717715176,2043.9978379610072
839,24.714285714285715,60.857142857142854,10.428571428571429,27.857142857142858,12.0,13.285714285714286,9.285714285714286,8.142857142857142,17.285714285714285,28.857142857142858,60.57142857142857,6.571428571428571,19.285714285714285,14.0,15.142857142857142,13.714285714285714,4.0,19.857142857142858,-0.5714285714285714,27.0,55.2,6.4,16.8,11.8,15.6,11.2,4.8,15.6,22.2,53.2,4.4,16.8,6.6,10.0,12.2,6.2,20.2,15.0,0.5,1.0,4.0,12.0,-8.0,2055.125706106945,2131.2922756487533
840,27.0,55.666666666666664,7.333333333333333,21.0,9.833333333333334,11.666666666666666,9.833333333333334,5.333333333333333,17.666666666666668,24.0,59.333333333333336,9.166666666666666,25.333333333333332,11.166666666666666,11.166666666666666,10.333333333333334,5.0,19.666666666666668,9.833333333333334,25.714285714285715,55.57142857142857,8.571428571428571,24.142857142857142,9.428571428571429,14.571428571428571,11.714285714285714,5.714285714285714,14.285714285714286,25.571428571428573,63.142857142857146,7.142857142857143,19.571428571428573,11.857142857142858,9.428571428571429,9.0,7.0,17.428571428571427,5.0,1.0,0.75,11.0,3.0,8.0,1995.5891448566967,2077.0106860252918
841,27.0,55.4,9.6,24.0,10.6,13.0,11.0,6.8,17.0,24.4,55.0,7.4,21.0,9.0,14.2,11.6,4.2,17.0,9.8,28.875,58.25,8.0,18.375,11.0,15.75,8.125,4.25,19.125,25.375,60.375,6.75,20.125,13.125,10.25,9.875,3.5,19.125,10.125,0.6666666666666666,1.0,5.0,4.0,1.0,1962.2026000071005,1995.5037225691556
842,28.666666666666668,57.833333333333336,8.666666666666666,22.166666666666668,7.833333333333333,17.0,12.5,5.333333333333333,16.5,27.833333333333332,65.0,6.666666666666667,22.833333333333332,15.0,12.333333333333334,10.833333333333334,6.833333333333333,15.833333333333334,2.6666666666666665,26.571428571428573,52.714285714285715,8.571428571428571,19.0,6.714285714285714,14.142857142857142,10.428571428571429,5.571428571428571,18.285714285714285,22.0,51.714285714285715,5.857142857142857,20.285714285714285,10.0,11.0,12.857142857142858,3.5714285714285716,17.0,8.714285714285714,0.3333333333333333,0.75,4.0,12.0,-8.0,1943.865707158069,1938.7165921238084
843,27.25,53.125,7.75,18.125,9.875,15.875,13.625,7.125,17.875,22.375,58.625,5.125,16.75,13.5,11.0,12.875,7.625,19.0,12.125,26.0,58.0,7.875,20.375,9.0,14.375,11.25,5.125,17.75,23.5,58.5,6.125,17.875,11.125,12.75,10.875,5.75,14.75,6.125,1.0,0.8,1.0,9.0,-8.0,2146.385151531431,2218.5986293622154
844,24.714285714285715,51.42857142857143,6.714285714285714,17.0,8.857142857142858,11.571428571428571,10.428571428571429,5.571428571428571,15.857142857142858,26.571428571428573,55.714285714285715,5.571428571428571,15.857142857142858,9.428571428571429,12.714285714285714,9.0,4.571428571428571,17.714285714285715,-1.4285714285714286,23.6,57.2,5.8,21.0,10.4,14.4,8.8,5.2,17.4,19.2,53.4,6.8,22.4,7.6,8.6,13.0,3.4,20.6,14.8,0.5,0.5,3.0,11.0,-8.0,1984.9631853320404,2073.6842789974567
845,30.125,64.0,5.875,17.875,15.875,17.0,10.875,6.375,16.75,23.25,59.375,6.875,20.75,12.25,9.875,11.125,6.125,16.125,11.625,25.333333333333332,57.5,8.0,24.5,9.5,16.0,9.333333333333334,5.0,15.833333333333334,25.833333333333332,57.833333333333336,7.166666666666667,18.833333333333332,9.666666666666666,12.0,12.833333333333334,3.8333333333333335,20.5,4.5,1.0,0.75,1.0,9.0,-8.0,2097.0685183489886,2178.3811418577047
846,24.285714285714285,53.57142857142857,6.428571428571429,16.0,11.0,12.285714285714286,9.0,5.428571428571429,14.428571428571429,21.857142857142858,49.57142857142857,6.0,15.714285714285714,8.714285714285714,11.285714285714286,11.571428571428571,6.0,16.285714285714285,7.428571428571429,26.0,58.2,8.0,18.6,9.8,12.8,9.8,6.0,18.4,27.8,58.0,7.0,20.4,8.0,14.0,12.6,4.6,21.0,1.4,0.8,0.6666666666666666,1.0,9.0,-8.0,2092.9351695512173,2175.279312462793
847,27.666666666666668,57.0,9.5,21.5,10.166666666666666,14.5,12.0,6.0,16.0,27.166666666666668,58.666666666666664,8.666666666666666,22.5,11.333333333333334,14.5,11.833333333333334,5.666666666666667,16.166666666666668,2.6666666666666665,25.375,55.125,7.125,22.125,9.625,14.625,14.25,7.5,20.0,23.25,56.625,5.375,18.125,10.25,13.0,13.5,6.5,21.75,7.0,0.5,0.8,5.0,13.0,-8.0,1974.4387107414448,2019.660922899417
848,23.0,55.285714285714285,6.285714285714286,19.142857142857142,9.857142857142858,11.571428571428571,12.142857142857142,4.285714285714286,15.714285714285714,26.571428571428573,66.0,7.142857142857143,22.428571428571427,16.0,14.285714285714286,8.428571428571429,5.571428571428571,16.285714285714285,-5.857142857142857,30.0,60.75,8.625,21.25,13.625,18.5,12.0,10.125,20.125,20.125,51.25,4.875,16.0,10.5,10.5,18.375,5.125,20.875,28.625,0.5,1.0,6.0,14.0,-8.0,1974.1408866133663,2052.5974403538653
849,24.142857142857142,55.285714285714285,9.428571428571429,24.285714285714285,10.285714285714286,12.0,14.142857142857142,6.428571428571429,16.0,23.571428571428573,56.857142857142854,7.714285714285714,21.285714285714285,10.714285714285714,9.428571428571429,15.0,7.571428571428571,19.428571428571427,4.857142857142857,27.285714285714285,64.14285714285714,4.857142857142857,19.857142857142858,12.428571428571429,11.285714285714286,9.428571428571429,5.428571428571429,20.857142857142858,24.571428571428573,55.57142857142857,3.7142857142857144,14.714285714285714,8.571428571428571,12.714285714285714,10.428571428571429,5.714285714285714,17.285714285714285,4.285714285714286,0.75,0.6,2.0,10.0,-8.0,2016.6520466645443,2087.361219955784
850,28.875,61.25,6.875,18.375,14.0,12.5,10.875,7.875,17.0,25.0,58.125,7.625,20.5,10.5,12.75,13.375,4.125,21.75,12.25,29.375,60.125,7.375,22.25,8.875,15.75,10.0,5.375,18.5,28.75,59.875,8.5,24.125,7.625,15.0,12.25,4.875,19.75,3.875,1.0,0.6,1.0,8.0,-7.0,2038.377678935709,2106.3579866290866
851,23.8,54.4,8.4,24.6,7.8,14.6,13.8,8.4,17.6,25.8,58.8,6.6,21.8,13.4,15.2,14.4,8.4,16.0,-3.2,26.25,55.375,7.5,18.375,9.5,12.5,12.0,5.875,18.125,24.5,56.0,5.875,17.375,10.625,10.0,12.75,5.875,18.875,5.25,0.0,1.0,10.0,15.0,-5.0,1881.0450055160904,1950.629469436176
852,27.375,64.375,7.0,22.625,15.25,15.25,9.375,6.375,16.0,23.25,56.75,7.5,22.5,9.75,11.5,11.875,4.375,17.0,10.0,21.666666666666668,48.5,6.5,19.833333333333332,3.8333333333333335,8.833333333333334,9.0,6.666666666666667,13.333333333333334,20.166666666666668,55.333333333333336,5.166666666666667,22.0,10.166666666666666,10.5,10.666666666666666,4.666666666666667,16.666666666666668,7.666666666666667,0.8,1.0,3.0,11.0,-8.0,1934.6566102268812,2004.5131989656409
853,27.375,56.25,9.5,23.5,6.25,17.5,9.875,5.125,19.25,25.5,56.75,7.125,21.0,9.875,14.875,12.75,5.375,19.625,8.375,23.8,60.0,6.4,19.4,14.0,15.0,12.8,7.0,15.4,25.8,57.8,8.8,24.0,9.8,14.8,12.8,6.4,19.4,-1.4,0.8,0.3333333333333333,2.0,7.0,-5.0,2106.4504462423342,2155.154632163831
854,22.333333333333332,51.666666666666664,7.833333333333333,22.166666666666668,8.166666666666666,12.833333333333334,9.833333333333334,7.0,17.5,21.833333333333332,50.5,5.666666666666667,16.166666666666668,9.166666666666666,11.833333333333334,12.333333333333334,5.333333333333333,18.833333333333332,3.0,30.166666666666668,65.5,8.666666666666666,23.666666666666668,13.666666666666666,17.5,11.166666666666666,7.833333333333333,21.5,28.0,61.0,8.0,24.5,10.833333333333334,16.333333333333332,14.0,7.166666666666667,21.833333333333332,5.833333333333333,0.3333333333333333,0.6666666666666666,7.0,2.0,5.0,2021.166580623616,2080.992000077113
855,22.333333333333332,51.666666666666664,7.833333333333333,22.166666666666668,8.166666666666666,12.833333333333334,9.833333333333334,7.0,17.5,21.833333333333332,50.5,5.666666666666667,16.166666666666668,9.166666666666666,11.833333333333334,12.333333333333334,5.333333333333333,18.833333333333332,3.0,30.166666666666668,65.5,8.666666666666666,23.666666666666668,13.666666666666666,17.5,11.166666666666666,7.833333333333333,21.5,28.0,61.0,8.0,24.5,10.833333333333334,16.333333333333332,14.0,7.166666666666667,21.833333333333332,5.833333333333333,0.3333333333333333,0.6666666666666666,7.0,2.0,5.0,2021.166580623616,1842.3813568460469
856,27.25,53.125,7.75,18.125,9.875,15.875,13.625,7.125,17.875,22.375,58.625,5.125,16.75,13.5,11.0,12.875,7.625,19.0,12.125,27.666666666666668,57.0,9.5,21.5,10.166666666666666,14.5,12.0,6.0,16.0,27.166666666666668,58.666666666666664,8.666666666666666,22.5,11.333333333333334,14.5,11.833333333333334,5.666666666666667,16.166666666666668,2.6666666666666665,1.0,0.5,1.0,5.0,-4.0,2153.121919321732,2225.900688860273
857,24.142857142857142,55.285714285714285,9.428571428571429,24.285714285714285,10.285714285714286,12.0,14.142857142857142,6.428571428571429,16.0,23.571428571428573,56.857142857142854,7.714285714285714,21.285714285714285,10.714285714285714,9.428571428571429,15.0,7.571428571428571,19.428571428571427,4.857142857142857,27.375,64.375,7.0,22.625,15.25,15.25,9.375,6.375,16.0,23.25,56.75,7.5,22.5,9.75,11.5,11.875,4.375,17.0,10.0,0.75,0.8,2.0,3.0,-1.0,2026.1598993032803,2094.0628560154
858,28.875,61.25,6.875,18.375,14.0,12.5,10.875,7.875,17.0,25.0,58.125,7.625,20.5,10.5,12.75,13.375,4.125,21.75,12.25,24.714285714285715,60.857142857142854,10.428571428571429,27.857142857142858,12.0,13.285714285714286,9.285714285714286,8.142857142857142,17.285714285714285,28.857142857142858,60.57142857142857,6.571428571428571,19.285714285714285,14.0,15.142857142857142,13.714285714285714,4.0,19.857142857142858,-0.5714285714285714,1.0,0.5,1.0,4.0,-3.0,2046.253281843405,2114.7669006386527
859,27.375,56.25,9.5,23.5,6.25,17.5,9.875,5.125,19.25,25.5,56.75,7.125,21.0,9.875,14.875,12.75,5.375,19.625,8.375,24.714285714285715,51.42857142857143,6.714285714285714,17.0,8.857142857142858,11.571428571428571,10.428571428571429,5.571428571428571,15.857142857142858,26.571428571428573,55.714285714285715,5.571428571428571,15.857142857142858,9.428571428571429,12.714285714285714,9.0,4.571428571428571,17.714285714285715,-1.4285714285714286,0.8,0.5,2.0,3.0,-1.0,2114.307363829791,2162.540631324708
860,30.125,64.0,5.875,17.875,15.875,17.0,10.875,6.375,16.75,23.25,59.375,6.875,20.75,12.25,9.875,11.125,6.125,16.125,11.625,27.0,55.4,9.6,24.0,10.6,13.0,11.0,6.8,17.0,24.4,55.0,7.4,21.0,9.0,14.2,11.6,4.2,17.0,9.8,1.0,0.6666666666666666,1.0,5.0,-4.0,2105.751858023581,2185.8078604485854
861,23.0,55.285714285714285,6.285714285714286,19.142857142857142,9.857142857142858,11.571428571428571,12.142857142857142,4.285714285714286,15.714285714285714,26.571428571428573,66.0,7.142857142857143,22.428571428571427,16.0,14.285714285714286,8.428571428571429,5.571428571428571,16.285714285714285,-5.857142857142857,22.333333333333332,51.666666666666664,7.833333333333333,22.166666666666668,8.166666666666666,12.833333333333334,9.833333333333334,7.0,17.5,21.833333333333332,50.5,5.666666666666667,16.166666666666668,9.166666666666666,11.833333333333334,12.333333333333334,5.333333333333333,18.833333333333332,3.0,0.5,0.3333333333333333,6.0,7.0,-1.0,1982.7283318190944,2062.150159336376
862,23.0,55.285714285714285,6.285714285714286,19.142857142857142,9.857142857142858,11.571428571428571,12.142857142857142,4.285714285714286,15.714285714285714,26.571428571428573,66.0,7.142857142857143,22.428571428571427,16.0,14.285714285714286,8.428571428571429,5.571428571428571,16.285714285714285,-5.857142857142857,22.333333333333332,51.666666666666664,7.833333333333333,22.166666666666668,8.166666666666666,12.833333333333334,9.833333333333334,7.0,17.5,21.833333333333332,50.5,5.666666666666667,16.166666666666668,9.166666666666666,11.833333333333334,12.333333333333334,5.333333333333333,18.833333333333332,3.0,0.5,0.3333333333333333,6.0,7.0,-1.0,1982.7283318190944,2079.678295358242
863,23.8,54.4,8.4,24.6,7.8,14.6,13.8,8.4,17.6,25.8,58.8,6.6,21.8,13.4,15.2,14.4,8.4,16.0,-3.2,27.0,55.666666666666664,7.333333333333333,21.0,9.833333333333334,11.666666666666666,9.833333333333334,5.333333333333333,17.666666666666668,24.0,59.333333333333336,9.166666666666666,25.333333333333332,11.166666666666666,11.166666666666666,10.333333333333334,5.0,19.666666666666668,9.833333333333334,0.0,1.0,10.0,11.0,-1.0,1889.742073649499,1959.9490053363893
864,24.285714285714285,53.57142857142857,6.428571428571429,16.0,11.0,12.285714285714286,9.0,5.428571428571429,14.428571428571429,21.857142857142858,49.57142857142857,6.0,15.714285714285714,8.714285714285714,11.285714285714286,11.571428571428571,6.0,16.285714285714285,7.428571428571429,28.666666666666668,57.833333333333336,8.666666666666666,22.166666666666668,7.833333333333333,17.0,12.5,5.333333333333333,16.5,27.833333333333332,65.0,6.666666666666667,22.833333333333332,15.0,12.333333333333334,10.833333333333334,6.833333333333333,15.833333333333334,2.6666666666666665,0.8,0.3333333333333333,1.0,4.0,-3.0,2101.425955067137,2181.971483573636
865,24.142857142857142,55.285714285714285,9.428571428571429,24.285714285714285,10.285714285714286,12.0,14.142857142857142,6.428571428571429,16.0,23.571428571428573,56.857142857142854,7.714285714285714,21.285714285714285,10.714285714285714,9.428571428571429,15.0,7.571428571428571,19.428571428571427,4.857142857142857,28.875,61.25,6.875,18.375,14.0,12.5,10.875,7.875,17.0,25.0,58.125,7.625,20.5,10.5,12.75,13.375,4.125,21.75,12.25,0.75,1.0,2.0,1.0,1.0,2038.5431062201303,2106.564561086804
866,27.375,56.25,9.5,23.5,6.25,17.5,9.875,5.125,19.25,25.5,56.75,7.125,21.0,9.875,14.875,12.75,5.375,19.625,8.375,27.25,53.125,7.75,18.125,9.875,15.875,13.625,7.125,17.875,22.375,58.625,5.125,16.75,13.5,11.0,12.875,7.625,19.0,12.125,0.8,1.0,2.0,1.0,1.0,2125.1942744676144,2175.142937618929
867,30.125,64.0,5.875,17.875,15.875,17.0,10.875,6.375,16.75,23.25,59.375,6.875,20.75,12.25,9.875,11.125,6.125,16.125,11.625,23.0,55.285714285714285,6.285714285714286,19.142857142857142,9.857142857142858,11.571428571428571,12.142857142857142,4.285714285714286,15.714285714285714,26.571428571428573,66.0,7.142857142857143,22.428571428571427,16.0,14.285714285714286,8.428571428571429,5.571428571428571,16.285714285714285,-5.857142857142857,1.0,0.5,1.0,6.0,-5.0,2116.3697376489613,2194.659347526446
868,23.8,54.4,8.4,24.6,7.8,14.6,13.8,8.4,17.6,25.8,58.8,6.6,21.8,13.4,15.2,14.4,8.4,16.0,-3.2,24.285714285714285,53.57142857142857,6.428571428571429,16.0,11.0,12.285714285714286,9.0,5.428571428571429,14.428571428571429,21.857142857142858,49.57142857142857,6.0,15.714285714285714,8.714285714285714,11.285714285714286,11.571428571428571,6.0,16.285714285714285,7.428571428571429,0.0,0.8,10.0,1.0,9.0,1911.1311139976765,1981.7933159799811
869,30.125,64.0,5.875,17.875,15.875,17.0,10.875,6.375,16.75,23.25,59.375,6.875,20.75,12.25,9.875,11.125,6.125,16.125,11.625,23.8,54.4,8.4,24.6,7.8,14.6,13.8,8.4,17.6,25.8,58.8,6.6,21.8,13.4,15.2,14.4,8.4,16.0,-3.2,1.0,0.0,1.0,10.0,-9.0,2127.251563662654,2205.8512327946414
870,27.375,56.25,9.5,23.5,6.25,17.5,9.875,5.125,19.25,25.5,56.75,7.125,21.0,9.875,14.875,12.75,5.375,19.625,8.375,24.142857142857142,55.285714285714285,9.428571428571429,24.285714285714285,10.285714285714286,12.0,14.142857142857142,6.428571428571429,16.0,23.571428571428573,56.857142857142854,7.714285714285714,21.285714285714285,10.714285714285714,9.428571428571429,15.0,7.571428571428571,19.428571428571427,4.857142857142857,0.8,0.75,2.0,2.0,0.0,2142.8719079383486,2193.8090194585525
871,27.375,56.25,9.5,23.5,6.25,17.5,9.875,5.125,19.25,25.5,56.75,7.125,21.0,9.875,14.875,12.75,5.375,19.625,8.375,30.125,64.0,5.875,17.875,15.875,17.0,10.875,6.375,16.75,23.25,59.375,6.875,20.75,12.25,9.875,11.125,6.125,16.125,11.625,0.8,1.0,2.0,1.0,1.0,2154.937873411129,2206.624448449762
872,28.5,61.5,9.0,22.666666666666668,10.666666666666666,13.5,11.0,4.833333333333333,20.5,24.833333333333332,59.833333333333336,6.666666666666667,22.5,13.333333333333334,12.5,11.333333333333334,5.666666666666667,18.166666666666668,4.833333333333333,29.0,56.6,4.4,11.0,11.2,12.2,10.6,6.6,19.4,23.0,55.4,6.2,20.0,8.0,11.0,10.4,5.6,18.4,8.6,1.0,1.0,16.0,16.0,0.0,1324.520632005498,1504.133342182397
873,26.666666666666668,57.166666666666664,8.166666666666666,21.333333333333332,9.833333333333334,14.666666666666666,9.333333333333334,3.8333333333333335,17.666666666666668,25.166666666666668,60.666666666666664,6.333333333333333,18.5,11.833333333333334,12.333333333333334,7.5,4.666666666666667,18.333333333333332,7.333333333333333,23.6,57.2,5.8,21.0,10.4,14.4,8.8,5.2,17.4,19.2,53.4,6.8,22.4,7.6,8.6,13.0,3.4,20.6,14.8,0.3333333333333333,0.5,11.0,11.0,0.0,1821.7417967055928,1893.309568480508
874,24.375,57.875,5.5,17.0,9.875,10.125,11.625,6.875,20.5,24.125,58.0,6.5,19.75,11.375,11.375,12.375,4.875,18.5,-1.125,23.285714285714285,55.142857142857146,7.571428571428571,22.142857142857142,7.571428571428571,14.0,8.428571428571429,6.857142857142857,17.857142857142858,22.142857142857142,52.857142857142854,8.428571428571429,25.571428571428573,10.857142857142858,14.285714285714286,14.285714285714286,4.0,19.857142857142858,0.5714285714285714,0.8,1.0,16.0,16.0,0.0,1306.5228927951414,1518.1661861360449
875,26.0,58.6,6.6,21.6,9.2,14.2,8.8,5.2,17.4,25.8,61.0,8.0,20.2,11.8,13.0,12.0,4.8,21.2,1.0,24.857142857142858,58.0,7.714285714285714,23.428571428571427,8.428571428571429,14.571428571428571,10.428571428571429,5.142857142857143,15.285714285714286,26.571428571428573,56.857142857142854,7.142857142857143,21.0,9.0,15.571428571428571,11.571428571428571,5.0,15.142857142857142,-4.0,0.5,0.5,11.0,11.0,0.0,1800.1590884131288,1916.670848948088
876,28.714285714285715,53.42857142857143,7.571428571428571,17.714285714285715,8.285714285714286,19.0,10.571428571428571,3.0,15.714285714285714,25.142857142857142,59.57142857142857,7.571428571428571,22.0,8.428571428571429,12.142857142857142,6.857142857142857,5.428571428571429,17.857142857142858,10.571428571428571,26.571428571428573,52.714285714285715,8.571428571428571,19.0,6.714285714285714,14.142857142857142,10.428571428571429,5.571428571428571,18.285714285714285,22.0,51.714285714285715,5.857142857142857,20.285714285714285,10.0,11.0,12.857142857142858,3.5714285714285716,17.0,8.714285714285714,0.8,0.75,5.0,12.0,-7.0,1966.877436714071,2033.2050193562677
877,23.666666666666668,50.5,5.833333333333333,14.333333333333334,9.333333333333334,12.666666666666666,11.666666666666666,6.0,18.166666666666668,25.333333333333332,57.166666666666664,9.0,22.166666666666668,11.666666666666666,13.0,10.5,7.166666666666667,20.333333333333332,-2.1666666666666665,26.0,58.2,8.0,18.6,9.8,12.8,9.8,6.0,18.4,27.8,58.0,7.0,20.4,8.0,14.0,12.6,4.6,21.0,1.4,0.3333333333333333,0.6666666666666666,8.0,9.0,-1.0,1797.27554190101,1894.011703632338
878,24.166666666666668,62.5,7.666666666666667,20.166666666666668,12.833333333333334,13.0,10.0,6.166666666666667,19.666666666666668,23.666666666666668,55.333333333333336,5.666666666666667,15.5,8.166666666666666,11.333333333333334,10.666666666666666,5.666666666666667,16.0,1.1666666666666667,26.0,58.0,7.875,20.375,9.0,14.375,11.25,5.125,17.75,23.5,58.5,6.125,17.875,11.125,12.75,10.875,5.75,14.75,6.125,0.3333333333333333,0.8,8.0,9.0,-1.0,1831.3317844035837,1912.8076492172304
879,25.333333333333332,55.833333333333336,5.833333333333333,17.166666666666668,10.5,9.833333333333334,12.0,5.666666666666667,22.666666666666668,21.0,54.333333333333336,5.166666666666667,15.666666666666666,13.666666666666666,8.5,13.833333333333334,4.5,19.666666666666668,3.5,24.714285714285715,60.857142857142854,10.428571428571429,27.857142857142858,12.0,13.285714285714286,9.285714285714286,8.142857142857142,17.285714285714285,28.857142857142858,60.57142857142857,6.571428571428571,19.285714285714285,14.0,15.142857142857142,13.714285714285714,4.0,19.857142857142858,-0.5714285714285714,1.0,0.5,13.0,4.0,9.0,1643.019232435779,1782.9084491034196
880,26.625,56.125,7.0,18.0,11.125,13.125,15.25,7.125,19.25,24.625,62.0,7.125,22.625,12.875,11.0,12.125,7.625,21.625,6.125,27.0,55.666666666666664,7.333333333333333,21.0,9.833333333333334,11.666666666666666,9.833333333333334,5.333333333333333,17.666666666666668,24.0,59.333333333333336,9.166666666666666,25.333333333333332,11.166666666666666,11.166666666666666,10.333333333333334,5.0,19.666666666666668,9.833333333333334,0.8,1.0,6.0,11.0,-5.0,1939.6165795085683,1979.9753955347671
881,21.833333333333332,55.833333333333336,6.166666666666667,20.5,13.333333333333334,11.0,11.833333333333334,6.833333333333333,16.833333333333332,25.333333333333332,54.0,5.666666666666667,17.833333333333332,9.333333333333334,10.666666666666666,14.166666666666666,5.333333333333333,21.333333333333332,2.1666666666666665,27.0,55.4,9.6,24.0,10.6,13.0,11.0,6.8,17.0,24.4,55.0,7.4,21.0,9.0,14.2,11.6,4.2,17.0,9.8,1.0,0.6666666666666666,12.0,5.0,7.0,1613.068736498228,1723.2779497851784
882,28.666666666666668,59.333333333333336,11.166666666666666,27.0,9.833333333333334,18.0,11.666666666666666,7.5,17.166666666666668,25.166666666666668,58.166666666666664,8.333333333333334,23.0,11.5,13.666666666666666,14.833333333333334,5.666666666666667,18.0,9.833333333333334,28.666666666666668,57.833333333333336,8.666666666666666,22.166666666666668,7.833333333333333,17.0,12.5,5.333333333333333,16.5,27.833333333333332,65.0,6.666666666666667,22.833333333333332,15.0,12.333333333333334,10.833333333333334,6.833333333333333,15.833333333333334,2.6666666666666665,1.0,0.3333333333333333,13.0,4.0,9.0,1658.686298603897,1791.1417841057591
883,27.571428571428573,53.57142857142857,7.571428571428571,17.857142857142858,9.857142857142858,14.571428571428571,14.0,5.428571428571429,17.428571428571427,28.428571428571427,61.714285714285715,6.714285714285714,24.0,10.714285714285714,12.857142857142858,11.285714285714286,7.857142857142857,23.142857142857142,4.285714285714286,27.25,53.125,7.75,18.125,9.875,15.875,13.625,7.125,17.875,22.375,58.625,5.125,16.75,13.5,11.0,12.875,7.625,19.0,12.125,1.0,1.0,16.0,1.0,15.0,1372.4348992561604,1517.8402693930966
884,26.6,54.8,5.8,14.4,11.6,17.2,10.8,5.2,16.2,25.2,57.2,9.2,23.6,8.8,12.0,12.4,3.8,23.2,7.4,28.875,58.25,8.0,18.375,11.0,15.75,8.125,4.25,19.125,25.375,60.375,6.75,20.125,13.125,10.25,9.875,3.5,19.125,10.125,1.0,1.0,13.0,4.0,9.0,1605.0600121702034,1753.994578225975
885,28.875,62.375,9.625,24.875,12.0,12.875,12.25,5.875,20.375,27.5,61.875,7.75,21.875,10.25,12.625,11.5,5.25,18.875,6.25,24.714285714285715,51.42857142857143,6.714285714285714,17.0,8.857142857142858,11.571428571428571,10.428571428571429,5.571428571428571,15.857142857142858,26.571428571428573,55.714285714285715,5.571428571428571,15.857142857142858,9.428571428571429,12.714285714285714,9.0,4.571428571428571,17.714285714285715,-1.4285714285714286,0.8,0.5,14.0,3.0,11.0,1635.320681431206,1666.8136612499889
886,29.0,56.6,4.4,11.0,11.2,12.2,10.6,6.6,19.4,23.0,55.4,6.2,20.0,8.0,11.0,10.4,5.6,18.4,8.6,30.125,64.0,5.875,17.875,15.875,17.0,10.875,6.375,16.75,23.25,59.375,6.875,20.75,12.25,9.875,11.125,6.125,16.125,11.625,1.0,1.0,16.0,1.0,15.0,1482.0680436522127,1636.519743631489
887,27.0,61.42857142857143,7.285714285714286,18.571428571428573,11.714285714285714,13.285714285714286,10.714285714285714,5.0,16.571428571428573,28.571428571428573,60.0,8.142857142857142,21.285714285714285,10.142857142857142,16.428571428571427,10.0,5.428571428571429,17.714285714285715,-5.142857142857143,25.333333333333332,57.5,8.0,24.5,9.5,16.0,9.333333333333334,5.0,15.833333333333334,25.833333333333332,57.833333333333336,7.166666666666667,18.833333333333332,9.666666666666666,12.0,12.833333333333334,3.8333333333333335,20.5,4.5,0.5,0.75,8.0,9.0,-1.0,1766.0585695699206,1851.220329631179
888,27.0,59.125,7.5,21.875,8.875,14.125,8.5,8.875,19.75,23.875,55.625,7.375,21.25,10.375,12.625,15.0,3.625,19.625,7.375,25.714285714285715,55.57142857142857,8.571428571428571,24.142857142857142,9.428571428571429,14.571428571428571,11.714285714285714,5.714285714285714,14.285714285714286,25.571428571428573,63.142857142857146,7.142857142857143,19.571428571428573,11.857142857142858,9.428571428571429,9.0,7.0,17.428571428571427,5.0,1.0,0.75,14.0,3.0,11.0,1773.5830697754138,1864.3848297884315
889,26.0,58.142857142857146,6.285714285714286,18.428571428571427,13.285714285714286,12.857142857142858,13.428571428571429,3.5714285714285716,18.571428571428573,25.714285714285715,58.857142857142854,7.285714285714286,19.142857142857142,7.714285714285714,10.285714285714286,11.428571428571429,5.571428571428571,22.285714285714285,7.571428571428571,24.285714285714285,53.57142857142857,6.428571428571429,16.0,11.0,12.285714285714286,9.0,5.428571428571429,14.428571428571429,21.857142857142858,49.57142857142857,6.0,15.714285714285714,8.714285714285714,11.285714285714286,11.571428571428571,6.0,16.285714285714285,7.428571428571429,0.8,0.8,16.0,1.0,15.0,1399.0474975703687,1576.8981624647472
890,26.666666666666668,60.666666666666664,7.833333333333333,19.0,13.666666666666666,12.0,11.666666666666666,4.5,18.833333333333332,26.166666666666668,63.666666666666664,5.833333333333333,19.166666666666668,14.666666666666666,10.666666666666666,10.166666666666666,6.5,19.666666666666668,4.0,23.6,57.2,5.8,21.0,10.4,14.4,8.8,5.2,17.4,19.2,53.4,6.8,22.4,7.6,8.6,13.0,3.4,20.6,14.8,0.75,0.5,6.0,11.0,-5.0,2032.411473294175,2109.588764488576
891,25.285714285714285,56.142857142857146,6.0,16.857142857142858,13.142857142857142,12.0,14.428571428571429,6.142857142857143,20.571428571428573,22.571428571428573,51.857142857142854,6.428571428571429,17.428571428571427,9.857142857142858,14.714285714285714,13.428571428571429,7.142857142857143,19.142857142857142,2.857142857142857,27.0,55.2,6.4,16.8,11.8,15.6,11.2,4.8,15.6,22.2,53.2,4.4,16.8,6.6,10.0,12.2,6.2,20.2,15.0,0.25,1.0,5.0,12.0,-7.0,1933.956394255816,2008.2773252461077
892,26.428571428571427,60.0,8.0,20.857142857142858,11.428571428571429,12.571428571428571,10.285714285714286,4.428571428571429,19.428571428571427,24.0,58.857142857142854,5.428571428571429,14.714285714285714,9.0,10.142857142857142,10.714285714285714,4.571428571428571,18.285714285714285,8.0,25.375,55.125,7.125,22.125,9.625,14.625,14.25,7.5,20.0,23.25,56.625,5.375,18.125,10.25,13.0,13.5,6.5,21.75,7.0,0.5,0.8,4.0,13.0,-9.0,1900.2581147489648,1990.27980330378
893,24.0,61.142857142857146,7.714285714285714,22.0,10.857142857142858,14.571428571428571,8.857142857142858,5.714285714285714,14.285714285714286,24.428571428571427,59.857142857142854,6.571428571428571,19.0,9.0,10.857142857142858,10.285714285714286,4.428571428571429,14.857142857142858,0.8571428571428571,23.8,60.0,6.4,19.4,14.0,15.0,12.8,7.0,15.4,25.8,57.8,8.8,24.0,9.8,14.8,12.8,6.4,19.4,-1.4,0.75,0.3333333333333333,10.0,7.0,3.0,1843.3330550361784,1929.9456036103784
894,22.166666666666668,52.333333333333336,5.833333333333333,19.0,10.666666666666666,10.0,11.166666666666666,4.0,17.166666666666668,22.333333333333332,53.166666666666664,5.333333333333333,16.166666666666668,7.5,9.666666666666666,10.666666666666666,5.666666666666667,20.666666666666668,8.666666666666666,27.666666666666668,57.0,9.5,21.5,10.166666666666666,14.5,12.0,6.0,16.0,27.166666666666668,58.666666666666664,8.666666666666666,22.5,11.333333333333334,14.5,11.833333333333334,5.666666666666667,16.166666666666668,2.6666666666666665,1.0,0.5,12.0,5.0,7.0,1690.5192726927364,1790.7487274682512
895,29.571428571428573,60.142857142857146,10.285714285714286,22.0,12.285714285714286,20.142857142857142,10.714285714285714,4.714285714285714,17.714285714285715,21.571428571428573,54.142857142857146,5.714285714285714,17.0,7.714285714285714,9.714285714285714,9.428571428571429,4.714285714285714,16.428571428571427,18.571428571428573,26.25,55.375,7.5,18.375,9.5,12.5,12.0,5.875,18.125,24.5,56.0,5.875,17.375,10.625,10.0,12.75,5.875,18.875,5.25,1.0,1.0,2.0,15.0,-13.0,2113.660182350261,2159.068690130377
896,22.833333333333332,56.333333333333336,5.333333333333333,16.0,10.5,10.0,9.666666666666666,4.5,19.833333333333332,25.833333333333332,53.833333333333336,5.666666666666667,15.5,9.166666666666666,10.833333333333334,11.333333333333334,4.333333333333333,18.5,-5.333333333333333,21.666666666666668,48.5,6.5,19.833333333333332,3.8333333333333335,8.833333333333334,9.0,6.666666666666667,13.333333333333334,20.166666666666668,55.333333333333336,5.166666666666667,22.0,10.166666666666666,10.5,10.666666666666666,4.666666666666667,16.666666666666668,7.666666666666667,0.3333333333333333,1.0,6.0,11.0,-5.0,1911.7850351461216,1991.662917703694
897,24.857142857142858,58.0,7.714285714285714,23.428571428571427,8.428571428571429,14.571428571428571,10.428571428571429,5.142857142857143,15.285714285714286,26.571428571428573,56.857142857142854,7.142857142857143,21.0,9.0,15.571428571428571,11.571428571428571,5.0,15.142857142857142,-4.0,23.0,55.285714285714285,6.285714285714286,19.142857142857142,9.857142857142858,11.571428571428571,12.142857142857142,4.285714285714286,15.714285714285714,26.571428571428573,66.0,7.142857142857143,22.428571428571427,16.0,14.285714285714286,8.428571428571429,5.571428571428571,16.285714285714285,-5.857142857142857,0.5,0.5,11.0,6.0,5.0,1899.9735866726617,1945.210469344907
898,25.5,56.5,6.5,16.5,11.5,15.5,11.166666666666666,10.333333333333334,21.666666666666668,19.0,53.0,5.833333333333333,19.833333333333332,13.5,8.5,18.166666666666668,4.333333333333333,21.833333333333332,16.666666666666668,24.142857142857142,55.285714285714285,9.428571428571429,24.285714285714285,10.285714285714286,12.0,14.142857142857142,6.428571428571429,16.0,23.571428571428573,56.857142857142854,7.714285714285714,21.285714285714285,10.714285714285714,9.428571428571429,15.0,7.571428571428571,19.428571428571427,4.857142857142857,1.0,0.75,15.0,2.0,13.0,1495.9705891264634,1632.2428486232209
899,23.285714285714285,55.142857142857146,7.571428571428571,22.142857142857142,7.571428571428571,14.0,8.428571428571429,6.857142857142857,17.857142857142858,22.142857142857142,52.857142857142854,8.428571428571429,25.571428571428573,10.857142857142858,14.285714285714286,14.285714285714286,4.0,19.857142857142858,0.5714285714285714,28.875,61.25,6.875,18.375,14.0,12.5,10.875,7.875,17.0,25.0,58.125,7.625,20.5,10.5,12.75,13.375,4.125,21.75,12.25,1.0,1.0,16.0,1.0,15.0,1360.9427062312272,1565.7835474433657
900,26.0,58.625,7.0,18.75,14.875,13.875,13.75,9.25,22.25,22.375,50.0,7.75,19.75,9.625,12.125,16.625,6.375,21.125,6.875,30.0,60.75,8.625,21.25,13.625,18.5,12.0,10.125,20.125,20.125,51.25,4.875,16.0,10.5,10.5,18.375,5.125,20.875,28.625,0.8,1.0,3.0,14.0,-11.0,1998.037733037123,2074.688596064894
901,22.8,61.2,6.8,21.2,14.8,11.8,9.4,5.4,14.8,24.4,60.8,7.8,21.6,11.2,12.0,10.8,3.4,19.0,0.2,29.375,60.125,7.375,22.25,8.875,15.75,10.0,5.375,18.5,28.75,59.875,8.5,24.125,7.625,15.0,12.25,4.875,19.75,3.875,0.3333333333333333,0.6,9.0,8.0,1.0,1862.6404692736787,1945.0036820861565
902,24.142857142857142,57.285714285714285,5.714285714285714,18.428571428571427,9.142857142857142,12.428571428571429,13.0,5.857142857142857,20.142857142857142,23.571428571428573,57.714285714285715,7.0,20.714285714285715,7.714285714285714,12.428571428571429,12.857142857142858,5.0,20.714285714285715,0.14285714285714285,23.8,54.4,8.4,24.6,7.8,14.6,13.8,8.4,17.6,25.8,58.8,6.6,21.8,13.4,15.2,14.4,8.4,16.0,-3.2,0.75,0.0,7.0,10.0,-3.0,1873.467010478313,1953.0449153304864
903,27.75,63.125,7.25,21.5,13.75,13.5,10.5,9.875,17.0,24.25,60.625,7.75,21.25,12.375,11.75,16.125,5.25,20.5,10.625,27.375,64.375,7.0,22.625,15.25,15.25,9.375,6.375,16.0,23.25,56.75,7.5,22.5,9.75,11.5,11.875,4.375,17.0,10.0,1.0,0.8,14.0,3.0,11.0,1667.381219942665,1686.1620538217176
904,26.0,58.142857142857146,7.857142857142857,19.571428571428573,10.285714285714286,13.428571428571429,11.0,7.285714285714286,19.285714285714285,25.857142857142858,59.285714285714285,8.285714285714286,23.571428571428573,11.285714285714286,15.142857142857142,12.0,5.428571428571429,19.142857142857142,0.7142857142857143,27.285714285714285,64.14285714285714,4.857142857142857,19.857142857142858,12.428571428571429,11.285714285714286,9.428571428571429,5.428571428571429,20.857142857142858,24.571428571428573,55.57142857142857,3.7142857142857144,14.714285714285714,8.571428571428571,12.714285714285714,10.428571428571429,5.714285714285714,17.285714285714285,4.285714285714286,0.5,0.6,7.0,10.0,-3.0,1791.991579381007,1868.0273160484996
905,28.5,60.666666666666664,6.0,16.666666666666668,12.333333333333334,12.333333333333334,10.666666666666666,9.5,16.833333333333332,22.666666666666668,56.666666666666664,6.166666666666667,23.333333333333332,11.333333333333334,8.166666666666666,16.333333333333332,6.833333333333333,19.166666666666668,10.833333333333334,27.375,56.25,9.5,23.5,6.25,17.5,9.875,5.125,19.25,25.5,56.75,7.125,21.0,9.875,14.875,12.75,5.375,19.625,8.375,1.0,0.8,15.0,2.0,13.0,1421.3135278839889,1589.4384811896805
906,24.142857142857142,54.714285714285715,5.142857142857143,17.857142857142858,11.285714285714286,12.857142857142858,12.142857142857142,5.0,17.285714285714285,23.428571428571427,51.714285714285715,7.428571428571429,20.142857142857142,7.714285714285714,13.571428571428571,10.714285714285714,5.571428571428571,15.571428571428571,-0.42857142857142855,22.333333333333332,51.666666666666664,7.833333333333333,22.166666666666668,8.166666666666666,12.833333333333334,9.833333333333334,7.0,17.5,21.833333333333332,50.5,5.666666666666667,16.166666666666668,9.166666666666666,11.833333333333334,12.333333333333334,5.333333333333333,18.833333333333332,3.0,0.25,0.3333333333333333,10.0,7.0,3.0,1864.3736862488024,1950.6477649140645
907,24.142857142857142,54.714285714285715,5.142857142857143,17.857142857142858,11.285714285714286,12.857142857142858,12.142857142857142,5.0,17.285714285714285,23.428571428571427,51.714285714285715,7.428571428571429,20.142857142857142,7.714285714285714,13.571428571428571,10.714285714285714,5.571428571428571,15.571428571428571,-0.42857142857142855,22.333333333333332,51.666666666666664,7.833333333333333,22.166666666666668,8.166666666666666,12.833333333333334,9.833333333333334,7.0,17.5,21.833333333333332,50.5,5.666666666666667,16.166666666666668,9.166666666666666,11.833333333333334,12.333333333333334,5.333333333333333,18.833333333333332,3.0,0.25,0.3333333333333333,10.0,7.0,3.0,1864.3736862488024,1939.9497273156005
908,23.25,49.0,8.625,23.25,5.25,13.0,14.75,5.25,17.875,25.25,61.5,5.125,15.625,11.25,9.125,10.75,6.5,22.375,3.375,30.166666666666668,65.5,8.666666666666666,23.666666666666668,13.666666666666666,17.5,11.166666666666666,7.833333333333333,21.5,28.0,61.0,8.0,24.5,10.833333333333334,16.333333333333332,14.0,7.166666666666667,21.833333333333332,5.833333333333333,0.8,0.6666666666666666,15.0,2.0,13.0,1545.4578687857631,1654.2916525992446
909,27.0,55.2,6.4,16.8,11.8,15.6,11.2,4.8,15.6,22.2,53.2,4.4,16.8,6.6,10.0,12.2,6.2,20.2,15.0,24.714285714285715,60.857142857142854,10.428571428571429,27.857142857142858,12.0,13.285714285714286,9.285714285714286,8.142857142857142,17.285714285714285,28.857142857142858,60.57142857142857,6.571428571428571,19.285714285714285,14.0,15.142857142857142,13.714285714285714,4.0,19.857142857142858,-0.5714285714285714,1.0,0.5,12.0,4.0,8.0,1669.9007617670986,1812.7487977072824
910,25.714285714285715,55.57142857142857,8.571428571428571,24.142857142857142,9.428571428571429,14.571428571428571,11.714285714285714,5.714285714285714,14.285714285714286,25.571428571428573,63.142857142857146,7.142857142857143,19.571428571428573,11.857142857142858,9.428571428571429,9.0,7.0,17.428571428571427,5.0,27.0,55.666666666666664,7.333333333333333,21.0,9.833333333333334,11.666666666666666,9.833333333333334,5.333333333333333,17.666666666666668,24.0,59.333333333333336,9.166666666666666,25.333333333333332,11.166666666666666,11.166666666666666,10.333333333333334,5.0,19.666666666666668,9.833333333333334,0.75,1.0,3.0,11.0,-8.0,1994.0166282866571,2076.791228774711
911,28.875,58.25,8.0,18.375,11.0,15.75,8.125,4.25,19.125,25.375,60.375,6.75,20.125,13.125,10.25,9.875,3.5,19.125,10.125,27.0,55.4,9.6,24.0,10.6,13.0,11.0,6.8,17.0,24.4,55.0,7.4,21.0,9.0,14.2,11.6,4.2,17.0,9.8,1.0,0.6666666666666666,4.0,5.0,-1.0,2097.760548479099,2166.676647612507
912,26.571428571428573,52.714285714285715,8.571428571428571,19.0,6.714285714285714,14.142857142857142,10.428571428571429,5.571428571428571,18.285714285714285,22.0,51.714285714285715,5.857142857142857,20.285714285714285,10.0,11.0,12.857142857142858,3.5714285714285716,17.0,8.714285714285714,28.666666666666668,57.833333333333336,8.666666666666666,22.166666666666668,7.833333333333333,17.0,12.5,5.333333333333333,16.5,27.833333333333332,65.0,6.666666666666667,22.833333333333332,15.0,12.333333333333334,10.833333333333334,6.833333333333333,15.833333333333334,2.6666666666666665,0.75,0.3333333333333333,12.0,4.0,8.0,1634.8167738734337,1772.454139249846
913,26.0,58.0,7.875,20.375,9.0,14.375,11.25,5.125,17.75,23.5,58.5,6.125,17.875,11.125,12.75,10.875,5.75,14.75,6.125,27.25,53.125,7.75,18.125,9.875,15.875,13.625,7.125,17.875,22.375,58.625,5.125,16.75,13.5,11.0,12.875,7.625,19.0,12.125,0.8,1.0,9.0,1.0,8.0,1916.770217113319,2006.9124802613085
914,23.6,57.2,5.8,21.0,10.4,14.4,8.8,5.2,17.4,19.2,53.4,6.8,22.4,7.6,8.6,13.0,3.4,20.6,14.8,24.714285714285715,51.42857142857143,6.714285714285714,17.0,8.857142857142858,11.571428571428571,10.428571428571429,5.571428571428571,15.857142857142858,26.571428571428573,55.714285714285715,5.571428571428571,15.857142857142858,9.428571428571429,12.714285714285714,9.0,4.571428571428571,17.714285714285715,-1.4285714285714286,0.5,0.5,11.0,3.0,8.0,1947.586012697626,2028.621155504764
915,25.333333333333332,57.5,8.0,24.5,9.5,16.0,9.333333333333334,5.0,15.833333333333334,25.833333333333332,57.833333333333336,7.166666666666667,18.833333333333332,9.666666666666666,12.0,12.833333333333334,3.8333333333333335,20.5,4.5,30.125,64.0,5.875,17.875,15.875,17.0,10.875,6.375,16.75,23.25,59.375,6.875,20.75,12.25,9.875,11.125,6.125,16.125,11.625,0.75,1.0,9.0,1.0,8.0,1925.476695979268,1970.5146674704963
916,26.0,58.2,8.0,18.6,9.8,12.8,9.8,6.0,18.4,27.8,58.0,7.0,20.4,8.0,14.0,12.6,4.6,21.0,1.4,24.285714285714285,53.57142857142857,6.428571428571429,16.0,11.0,12.285714285714286,9.0,5.428571428571429,14.428571428571429,21.857142857142858,49.57142857142857,6.0,15.714285714285714,8.714285714285714,11.285714285714286,11.571428571428571,6.0,16.285714285714285,7.428571428571429,0.6666666666666666,0.8,9.0,1.0,8.0,1916.0190704120328,1944.2041714115735
917,25.375,55.125,7.125,22.125,9.625,14.625,14.25,7.5,20.0,23.25,56.625,5.375,18.125,10.25,13.0,13.5,6.5,21.75,7.0,27.666666666666668,57.0,9.5,21.5,10.166666666666666,14.5,12.0,6.0,16.0,27.166666666666668,58.666666666666664,8.666666666666666,22.5,11.333333333333334,14.5,11.833333333333334,5.666666666666667,16.166666666666668,2.6666666666666665,0.8,0.5,13.0,5.0,8.0,1712.193201243089,1765.315166315865
918,30.0,60.75,8.625,21.25,13.625,18.5,12.0,10.125,20.125,20.125,51.25,4.875,16.0,10.5,10.5,18.375,5.125,20.875,28.625,23.0,55.285714285714285,6.285714285714286,19.142857142857142,9.857142857142858,11.571428571428571,12.142857142857142,4.285714285714286,15.714285714285714,26.571428571428573,66.0,7.142857142857143,22.428571428571427,16.0,14.285714285714286,8.428571428571429,5.571428571428571,16.285714285714285,-5.857142857142857,1.0,0.5,14.0,6.0,8.0,1799.9069554761131,1904.182743765174
919,27.285714285714285,64.14285714285714,4.857142857142857,19.857142857142858,12.428571428571429,11.285714285714286,9.428571428571429,5.428571428571429,20.857142857142858,24.571428571428573,55.57142857142857,3.7142857142857144,14.714285714285714,8.571428571428571,12.714285714285714,10.428571428571429,5.714285714285714,17.285714285714285,4.285714285714286,24.142857142857142,55.285714285714285,9.428571428571429,24.285714285714285,10.285714285714286,12.0,14.142857142857142,6.428571428571429,16.0,23.571428571428573,56.857142857142854,7.714285714285714,21.285714285714285,10.714285714285714,9.428571428571429,15.0,7.571428571428571,19.428571428571427,4.857142857142857,0.6,0.75,10.0,2.0,8.0,1867.0726553916595,1856.596581253628
920,29.375,60.125,7.375,22.25,8.875,15.75,10.0,5.375,18.5,28.75,59.875,8.5,24.125,7.625,15.0,12.25,4.875,19.75,3.875,28.875,61.25,6.875,18.375,14.0,12.5,10.875,7.875,17.0,25.0,58.125,7.625,20.5,10.5,12.75,13.375,4.125,21.75,12.25,0.6,1.0,8.0,1.0,7.0,1843.9086158226528,1927.1547777225785
921,26.25,55.375,7.5,18.375,9.5,12.5,12.0,5.875,18.125,24.5,56.0,5.875,17.375,10.625,10.0,12.75,5.875,18.875,5.25,23.8,54.4,8.4,24.6,7.8,14.6,13.8,8.4,17.6,25.8,58.8,6.6,21.8,13.4,15.2,14.4,8.4,16.0,-3.2,1.0,0.0,15.0,10.0,5.0,1709.8299283171757,1796.1264088601877
922,21.666666666666668,48.5,6.5,19.833333333333332,3.8333333333333335,8.833333333333334,9.0,6.666666666666667,13.333333333333334,20.166666666666668,55.333333333333336,5.166666666666667,22.0,10.166666666666666,10.5,10.666666666666666,4.666666666666667,16.666666666666668,7.666666666666667,27.375,64.375,7.0,22.625,15.25,15.25,9.375,6.375,16.0,23.25,56.75,7.5,22.5,9.75,11.5,11.875,4.375,17.0,10.0,1.0,0.8,11.0,3.0,8.0,1836.243181557704,1923.576130038014
923,23.8,60.0,6.4,19.4,14.0,15.0,12.8,7.0,15.4,25.8,57.8,8.8,24.0,9.8,14.8,12.8,6.4,19.4,-1.4,27.375,56.25,9.5,23.5,6.25,17.5,9.875,5.125,19.25,25.5,56.75,7.125,21.0,9.875,14.875,12.75,5.375,19.625,8.375,0.3333333333333333,0.8,7.0,2.0,5.0,1911.4342386141109,1946.0454493269176
924,30.166666666666668,65.5,8.666666666666666,23.666666666666668,13.666666666666666,17.5,11.166666666666666,7.833333333333333,21.5,28.0,61.0,8.0,24.5,10.833333333333334,16.333333333333332,14.0,7.166666666666667,21.833333333333332,5.833333333333333,22.333333333333332,51.666666666666664,7.833333333333333,22.166666666666668,8.166666666666666,12.833333333333334,9.833333333333334,7.0,17.5,21.833333333333332,50.5,5.666666666666667,16.166666666666668,9.166666666666666,11.833333333333334,12.333333333333334,5.333333333333333,18.833333333333332,3.0,0.6666666666666666,0.3333333333333333,2.0,7.0,-5.0,2008.0758501640237,2047.0674838976995
925,30.166666666666668,65.5,8.666666666666666,23.666666666666668,13.666666666666666,17.5,11.166666666666666,7.833333333333333,21.5,28.0,61.0,8.0,24.5,10.833333333333334,16.333333333333332,14.0,7.166666666666667,21.833333333333332,5.833333333333333,22.333333333333332,51.666666666666664,7.833333333333333,22.166666666666668,8.166666666666666,12.833333333333334,9.833333333333334,7.0,17.5,21.833333333333332,50.5,5.666666666666667,16.166666666666668,9.166666666666666,11.833333333333334,12.333333333333334,5.333333333333333,18.833333333333332,3.0,0.6666666666666666,0.3333333333333333,2.0,7.0,-5.0,2008.0758501640237,2032.6248194921236
926,27.666666666666668,57.0,9.5,21.5,10.166666666666666,14.5,12.0,6.0,16.0,27.166666666666668,58.666666666666664,8.666666666666666,22.5,11.333333333333334,14.5,11.833333333333334,5.666666666666667,16.166666666666668,2.6666666666666665,27.25,53.125,7.75,18.125,9.875,15.875,13.625,7.125,17.875,22.375,58.625,5.125,16.75,13.5,11.0,12.875,7.625,19.0,12.125,0.5,1.0,5.0,1.0,4.0,1980.2306184799531,2025.671680657788
927,27.375,64.375,7.0,22.625,15.25,15.25,9.375,6.375,16.0,23.25,56.75,7.5,22.5,9.75,11.5,11.875,4.375,17.0,10.0,24.142857142857142,55.285714285714285,9.428571428571429,24.285714285714285,10.285714285714286,12.0,14.142857142857142,6.428571428571429,16.0,23.571428571428573,56.857142857142854,7.714285714285714,21.285714285714285,10.714285714285714,9.428571428571429,15.0,7.571428571428571,19.428571428571427,4.857142857142857,0.8,0.75,3.0,2.0,1.0,1946.241946752782,2016.851901628248
928,24.714285714285715,60.857142857142854,10.428571428571429,27.857142857142858,12.0,13.285714285714286,9.285714285714286,8.142857142857142,17.285714285714285,28.857142857142858,60.57142857142857,6.571428571428571,19.285714285714285,14.0,15.142857142857142,13.714285714285714,4.0,19.857142857142858,-0.5714285714285714,28.875,61.25,6.875,18.375,14.0,12.5,10.875,7.875,17.0,25.0,58.125,7.625,20.5,10.5,12.75,13.375,4.125,21.75,12.25,0.5,1.0,4.0,1.0,3.0,2058.26769101954,2135.701876577523
929,24.714285714285715,51.42857142857143,6.714285714285714,17.0,8.857142857142858,11.571428571428571,10.428571428571429,5.571428571428571,15.857142857142858,26.571428571428573,55.714285714285715,5.571428571428571,15.857142857142858,9.428571428571429,12.714285714285714,9.0,4.571428571428571,17.714285714285715,-1.4285714285714286,27.375,56.25,9.5,23.5,6.25,17.5,9.875,5.125,19.25,25.5,56.75,7.125,21.0,9.875,14.875,12.75,5.375,19.625,8.375,0.5,0.8,3.0,2.0,1.0,1999.248512737988,2087.620604657736
930,27.0,55.4,9.6,24.0,10.6,13.0,11.0,6.8,17.0,24.4,55.0,7.4,21.0,9.0,14.2,11.6,4.2,17.0,9.8,30.125,64.0,5.875,17.875,15.875,17.0,10.875,6.375,16.75,23.25,59.375,6.875,20.75,12.25,9.875,11.125,6.125,16.125,11.625,0.6666666666666666,1.0,5.0,1.0,4.0,1984.1466689392628,2018.8051175803969
931,22.333333333333332,51.666666666666664,7.833333333333333,22.166666666666668,8.166666666666666,12.833333333333334,9.833333333333334,7.0,17.5,21.833333333333332,50.5,5.666666666666667,16.166666666666668,9.166666666666666,11.833333333333334,12.333333333333334,5.333333333333333,18.833333333333332,3.0,23.0,55.285714285714285,6.285714285714286,19.142857142857142,9.857142857142858,11.571428571428571,12.142857142857142,4.285714285714286,15.714285714285714,26.571428571428573,66.0,7.142857142857143,22.428571428571427,16.0,14.285714285714286,8.428571428571429,5.571428571428571,16.285714285714285,-5.857142857142857,0.3333333333333333,0.5,7.0,6.0,1.0,2036.5640153229292,2095.4346644826896
932,22.333333333333332,51.666666666666664,7.833333333333333,22.166666666666668,8.166666666666666,12.833333333333334,9.833333333333334,7.0,17.5,21.833333333333332,50.5,5.666666666666667,16.166666666666668,9.166666666666666,11.833333333333334,12.333333333333334,5.333333333333333,18.833333333333332,3.0,23.0,55.285714285714285,6.285714285714286,19.142857142857142,9.857142857142858,11.571428571428571,12.142857142857142,4.285714285714286,15.714285714285714,26.571428571428573,66.0,7.142857142857143,22.428571428571427,16.0,14.285714285714286,8.428571428571429,5.571428571428571,16.285714285714285,-5.857142857142857,0.3333333333333333,0.5,7.0,6.0,1.0,2036.5640153229292,1866.360441340528
933,27.0,55.666666666666664,7.333333333333333,21.0,9.833333333333334,11.666666666666666,9.833333333333334,5.333333333333333,17.666666666666668,24.0,59.333333333333336,9.166666666666666,25.333333333333332,11.166666666666666,11.166666666666666,10.333333333333334,5.0,19.666666666666668,9.833333333333334,23.8,54.4,8.4,24.6,7.8,14.6,13.8,8.4,17.6,25.8,58.8,6.6,21.8,13.4,15.2,14.4,8.4,16.0,-3.2,1.0,0.0,11.0,10.0,1.0,2011.5167282869345,2093.000579646761
934,28.666666666666668,57.833333333333336,8.666666666666666,22.166666666666668,7.833333333333333,17.0,12.5,5.333333333333333,16.5,27.833333333333332,65.0,6.666666666666667,22.833333333333332,15.0,12.333333333333334,10.833333333333334,6.833333333333333,15.833333333333334,2.6666666666666665,24.285714285714285,53.57142857142857,6.428571428571429,16.0,11.0,12.285714285714286,9.0,5.428571428571429,14.428571428571429,21.857142857142858,49.57142857142857,6.0,15.714285714285714,8.714285714285714,11.285714285714286,11.571428571428571,6.0,16.285714285714285,7.428571428571429,0.3333333333333333,0.8,4.0,1.0,3.0,1948.487246853576,1947.5953916045155
935,28.875,61.25,6.875,18.375,14.0,12.5,10.875,7.875,17.0,25.0,58.125,7.625,20.5,10.5,12.75,13.375,4.125,21.75,12.25,24.142857142857142,55.285714285714285,9.428571428571429,24.285714285714285,10.285714285714286,12.0,14.142857142857142,6.428571428571429,16.0,23.571428571428573,56.857142857142854,7.714285714285714,21.285714285714285,10.714285714285714,9.428571428571429,15.0,7.571428571428571,19.428571428571427,4.857142857142857,1.0,0.75,1.0,2.0,-1.0,2062.806345400417,2131.729826809646
936,27.25,53.125,7.75,18.125,9.875,15.875,13.625,7.125,17.875,22.375,58.625,5.125,16.75,13.5,11.0,12.875,7.625,19.0,12.125,27.375,56.25,9.5,23.5,6.25,17.5,9.875,5.125,19.25,25.5,56.75,7.125,21.0,9.875,14.875,12.75,5.375,19.625,8.375,1.0,0.8,1.0,2.0,-1.0,2161.758010960722,2233.5810897753854
937,23.0,55.285714285714285,6.285714285714286,19.142857142857142,9.857142857142858,11.571428571428571,12.142857142857142,4.285714285714286,15.714285714285714,26.571428571428573,66.0,7.142857142857143,22.428571428571427,16.0,14.285714285714286,8.428571428571429,5.571428571428571,16.285714285714285,-5.857142857142857,30.125,64.0,5.875,17.875,15.875,17.0,10.875,6.375,16.75,23.25,59.375,6.875,20.75,12.25,9.875,11.125,6.125,16.125,11.625,0.5,1.0,6.0,1.0,5.0,2001.1879033446264,2086.9275537660697
938,24.285714285714285,53.57142857142857,6.428571428571429,16.0,11.0,12.285714285714286,9.0,5.428571428571429,14.428571428571429,21.857142857142858,49.57142857142857,6.0,15.714285714285714,8.714285714285714,11.285714285714286,11.571428571428571,6.0,16.285714285714285,7.428571428571429,23.8,54.4,8.4,24.6,7.8,14.6,13.8,8.4,17.6,25.8,58.8,6.6,21.8,13.4,15.2,14.4,8.4,16.0,-3.2,0.8,0.0,1.0,10.0,-9.0,2110.80508472978,2188.563640877282
939,23.8,54.4,8.4,24.6,7.8,14.6,13.8,8.4,17.6,25.8,58.8,6.6,21.8,13.4,15.2,14.4,8.4,16.0,-3.2,30.125,64.0,5.875,17.875,15.875,17.0,10.875,6.375,16.75,23.25,59.375,6.875,20.75,12.25,9.875,11.125,6.125,16.125,11.625,0.0,1.0,10.0,1.0,9.0,1935.432048045303,2006.3305504002092
940,24.142857142857142,55.285714285714285,9.428571428571429,24.285714285714285,10.285714285714286,12.0,14.142857142857142,6.428571428571429,16.0,23.571428571428573,56.857142857142854,7.714285714285714,21.285714285714285,10.714285714285714,9.428571428571429,15.0,7.571428571428571,19.428571428571427,4.857142857142857,27.375,56.25,9.5,23.5,6.25,17.5,9.875,5.125,19.25,25.5,56.75,7.125,21.0,9.875,14.875,12.75,5.375,19.625,8.375,0.75,0.8,2.0,2.0,0.0,2055.658656768864,2123.721441987419
941,30.125,64.0,5.875,17.875,15.875,17.0,10.875,6.375,16.75,23.25,59.375,6.875,20.75,12.25,9.875,11.125,6.125,16.125,11.625,27.375,56.25,9.5,23.5,6.25,17.5,9.875,5.125,19.25,25.5,56.75,7.125,21.0,9.875,14.875,12.75,5.375,19.625,8.375,1.0,0.8,1.0,2.0,-1.0,2135.2180729237675,2213.5554590503657
942,20.428571428571427,49.0,6.142857142857143,18.714285714285715,7.571428571428571,11.571428571428571,12.714285714285714,5.571428571428571,17.571428571428573,22.714285714285715,54.0,6.714285714285714,19.142857142857142,11.142857142857142,12.571428571428571,11.857142857142858,6.571428571428571,19.857142857142858,-2.857142857142857,27.666666666666668,57.666666666666664,7.5,19.333333333333332,10.833333333333334,13.333333333333334,9.666666666666666,6.0,20.0,28.166666666666668,59.5,8.166666666666666,22.666666666666668,9.833333333333334,13.833333333333334,9.666666666666666,4.666666666666667,22.666666666666668,2.6666666666666665,0.75,0.75,11.0,11.0,0.0,1833.0381535311133,1920.130448406249
943,25.833333333333332,55.333333333333336,6.166666666666667,18.666666666666668,8.166666666666666,10.5,12.5,6.333333333333333,18.0,23.833333333333332,53.333333333333336,4.5,14.333333333333334,10.166666666666666,8.666666666666666,16.5,6.5,21.0,6.333333333333333,25.285714285714285,53.285714285714285,5.0,16.285714285714285,12.571428571428571,14.571428571428571,14.428571428571429,6.857142857142857,17.857142857142858,23.0,55.57142857142857,6.0,21.571428571428573,11.571428571428571,11.714285714285714,15.0,7.714285714285714,21.571428571428573,8.428571428571429,1.0,0.75,16.0,16.0,0.0,1387.2682467013708,1560.3950303645702
944,24.75,58.875,6.0,17.0,13.125,10.375,13.625,5.875,17.0,24.125,58.25,6.625,20.125,9.875,10.625,13.625,6.625,20.75,0.375,27.0,61.125,6.875,22.5,15.125,15.0,10.625,5.875,13.625,23.625,61.75,5.25,22.625,12.75,8.625,12.375,4.625,18.0,12.75,0.8,0.6,16.0,16.0,0.0,1530.092654910977,1641.2871232629514
945,27.285714285714285,57.714285714285715,7.285714285714286,20.571428571428573,8.571428571428571,16.428571428571427,10.571428571428571,8.142857142857142,15.142857142857142,29.428571428571427,61.857142857142854,8.714285714285714,21.285714285714285,10.571428571428571,17.142857142857142,12.142857142857142,5.0,16.857142857142858,-0.5714285714285714,23.4,52.4,6.4,18.4,10.4,14.4,15.6,6.8,20.6,24.0,54.8,5.8,18.4,8.2,9.4,14.2,6.8,23.2,2.8,0.75,0.6666666666666666,11.0,11.0,0.0,1847.13410061294,1924.6434740326167
946,27.714285714285715,56.285714285714285,7.571428571428571,18.142857142857142,9.571428571428571,13.285714285714286,10.142857142857142,4.571428571428571,19.285714285714285,24.571428571428573,57.42857142857143,6.571428571428571,22.285714285714285,9.0,12.571428571428571,10.714285714285714,4.428571428571429,21.142857142857142,8.142857142857142,28.428571428571427,59.57142857142857,6.142857142857143,16.571428571428573,8.714285714285714,14.571428571428571,14.142857142857142,9.428571428571429,20.571428571428573,25.0,57.857142857142854,5.857142857142857,19.142857142857142,10.0,11.0,15.857142857142858,7.571428571428571,20.714285714285715,7.0,1.0,0.8,2.0,15.0,-13.0,2109.595294156115,2187.687616965795
947,27.2,54.8,7.0,21.8,8.0,14.4,9.8,7.6,17.8,24.2,51.2,6.2,19.4,9.4,9.8,13.6,4.8,15.2,4.4,27.5,59.0,12.0,29.0,10.666666666666666,13.833333333333334,11.5,6.166666666666667,17.0,24.0,62.333333333333336,6.833333333333333,22.166666666666668,12.0,8.166666666666666,12.333333333333334,7.166666666666667,20.666666666666668,17.0,0.0,1.0,4.0,13.0,-9.0,1961.6826437301368,2005.126595242108
948,24.833333333333332,58.666666666666664,7.5,21.333333333333332,9.5,9.833333333333334,12.166666666666666,5.333333333333333,17.833333333333332,22.833333333333332,56.5,5.5,19.333333333333332,9.166666666666666,9.5,12.0,5.5,17.333333333333332,1.8333333333333333,25.142857142857142,51.57142857142857,6.142857142857143,15.285714285714286,6.571428571428571,13.142857142857142,13.0,8.571428571428571,18.857142857142858,23.428571428571427,57.285714285714285,7.571428571428571,21.142857142857142,10.714285714285714,10.0,13.571428571428571,6.428571428571429,19.714285714285715,8.142857142857142,0.3333333333333333,0.75,4.0,13.0,-9.0,1938.4574324335845,2004.0186128894231
949,28.0,60.857142857142854,5.571428571428571,18.142857142857142,12.0,13.428571428571429,10.857142857142858,6.0,19.142857142857142,23.857142857142858,54.285714285714285,8.571428571428571,21.571428571428573,8.142857142857142,11.571428571428571,12.142857142857142,5.0,16.571428571428573,3.7142857142857144,30.2,62.8,6.8,22.4,13.8,14.0,9.4,5.2,18.0,24.8,60.0,6.6,23.2,11.2,13.0,10.6,4.8,18.2,15.2,0.5,1.0,3.0,14.0,-11.0,1949.2141756686287,2030.9948853172516
950,28.833333333333332,54.333333333333336,5.333333333333333,14.666666666666666,6.666666666666667,13.166666666666666,11.5,6.333333333333333,14.166666666666666,21.666666666666668,61.166666666666664,6.666666666666667,20.666666666666668,7.666666666666667,8.666666666666666,9.833333333333334,5.5,19.166666666666668,21.666666666666668,28.6,57.4,8.8,24.2,9.8,12.6,12.2,4.6,18.4,28.4,62.2,6.6,18.8,9.6,9.8,10.2,7.4,20.0,9.4,1.0,1.0,1.0,16.0,-15.0,2075.3286442078984,2160.8088160942903
951,27.875,55.375,11.25,24.25,6.0,16.0,9.875,6.375,16.0,28.125,62.75,8.125,21.375,13.0,13.75,11.25,4.625,17.75,5.75,27.5,59.875,9.5,24.625,11.25,15.375,9.625,4.625,16.375,24.75,60.25,8.375,23.5,8.875,13.875,10.5,4.625,20.375,14.5,0.8,1.0,5.0,12.0,-7.0,1994.985920288248,2062.820836325064
952,29.714285714285715,58.42857142857143,6.285714285714286,16.571428571428573,9.571428571428571,14.428571428571429,9.428571428571429,5.857142857142857,19.285714285714285,23.285714285714285,56.142857142857146,5.285714285714286,18.142857142857142,8.857142857142858,12.428571428571429,12.571428571428571,3.7142857142857144,18.428571428571427,14.714285714285714,27.0,59.857142857142854,5.0,15.285714285714286,11.0,13.0,10.714285714285714,4.571428571428571,16.571428571428573,27.0,65.0,7.571428571428571,23.714285714285715,12.142857142857142,14.857142857142858,10.0,5.428571428571429,18.714285714285715,3.5714285714285716,1.0,0.5,12.0,5.0,7.0,1811.680817116192,1900.1464722950452
953,24.0,53.125,5.375,17.375,8.75,12.625,10.625,3.875,16.75,23.875,54.875,7.25,20.5,10.625,12.25,10.375,5.625,16.625,-1.625,22.25,54.0,9.625,27.125,6.875,11.0,11.375,4.875,17.0,22.25,57.375,4.25,16.25,9.375,9.0,12.25,5.5,16.75,8.25,0.6,0.6,8.0,9.0,-1.0,1858.159362616944,1887.399603309376
954,26.285714285714285,59.0,9.0,25.714285714285715,8.714285714285714,14.0,7.857142857142857,7.857142857142857,12.142857142857142,26.714285714285715,57.142857142857146,5.857142857142857,17.142857142857142,9.857142857142858,11.0,13.428571428571429,4.857142857142857,15.285714285714286,4.714285714285714,25.857142857142858,57.42857142857143,9.428571428571429,25.142857142857142,9.285714285714286,14.142857142857142,8.428571428571429,7.857142857142857,15.142857142857142,20.428571428571427,51.0,7.142857142857143,20.714285714285715,8.428571428571429,10.714285714285714,14.285714285714286,3.857142857142857,14.428571428571429,15.714285714285714,0.6,1.0,5.0,12.0,-7.0,2017.5563933580625,2097.8265053671125
955,26.166666666666668,56.5,7.0,18.833333333333332,8.0,15.333333333333334,12.0,5.833333333333333,15.5,27.166666666666668,60.5,6.666666666666667,22.833333333333332,10.0,12.0,12.5,5.833333333333333,19.0,3.3333333333333335,26.0,52.8,7.0,18.0,8.0,12.8,7.2,5.8,12.2,18.4,50.0,3.8,15.4,8.4,7.8,12.8,2.8,15.2,21.6,0.6666666666666666,1.0,4.0,13.0,-9.0,2003.8333021866915,2066.2293411779
956,27.5,54.333333333333336,9.666666666666666,22.333333333333332,8.0,17.166666666666668,10.5,4.5,15.166666666666666,21.166666666666668,54.666666666666664,4.833333333333333,15.333333333333334,8.166666666666666,8.833333333333334,9.333333333333334,6.166666666666667,14.166666666666666,15.333333333333334,25.571428571428573,62.0,3.5714285714285716,15.285714285714286,13.142857142857142,13.0,9.0,6.142857142857143,19.571428571428573,22.0,52.285714285714285,5.142857142857143,15.0,8.0,10.714285714285714,13.142857142857142,3.857142857142857,19.0,3.2857142857142856,0.6666666666666666,0.6,7.0,10.0,-3.0,1915.261632966318,2007.198583183021
957,27.571428571428573,53.42857142857143,8.428571428571429,23.0,8.285714285714286,13.0,11.0,8.142857142857142,12.571428571428571,23.857142857142858,54.285714285714285,7.428571428571429,21.714285714285715,9.714285714285714,12.857142857142858,15.571428571428571,5.285714285714286,17.857142857142858,16.142857142857142,25.833333333333332,55.333333333333336,6.166666666666667,18.666666666666668,8.166666666666666,10.5,12.5,6.333333333333333,18.0,23.833333333333332,53.333333333333336,4.5,14.333333333333334,10.166666666666666,8.666666666666666,16.5,6.5,21.0,6.333333333333333,1.0,1.0,1.0,16.0,-15.0,2201.279326709172,2255.828295614428
958,20.857142857142858,54.142857142857146,7.857142857142857,19.285714285714285,9.571428571428571,12.142857142857142,7.857142857142857,5.285714285714286,15.857142857142858,19.142857142857142,48.42857142857143,5.857142857142857,21.0,8.571428571428571,10.142857142857142,12.0,3.857142857142857,13.285714285714286,2.7142857142857144,29.166666666666668,59.166666666666664,8.666666666666666,22.166666666666668,10.666666666666666,17.0,9.5,5.5,20.166666666666668,26.833333333333332,54.666666666666664,6.166666666666667,18.666666666666668,8.666666666666666,12.0,12.0,4.0,21.333333333333332,8.333333333333334,0.75,1.0,5.0,12.0,-7.0,2030.3931708563573,2106.811523172029
959,24.75,60.875,6.625,20.0,13.375,15.125,11.875,8.0,19.75,22.875,52.25,6.25,18.0,8.875,11.75,15.75,5.625,18.5,4.0,30.333333333333332,61.5,9.666666666666666,24.833333333333332,8.666666666666666,18.666666666666668,12.666666666666666,6.833333333333333,21.333333333333332,22.5,60.166666666666664,3.8333333333333335,16.333333333333332,11.0,9.666666666666666,13.333333333333334,6.666666666666667,17.833333333333332,18.166666666666668,0.6,1.0,4.0,13.0,-9.0,2003.8852432411045,2088.0850001537533
960,25.125,57.625,8.0,20.875,11.75,11.625,9.625,6.5,16.375,22.5,52.5,7.375,17.75,8.625,11.25,12.125,4.875,18.25,3.625,26.571428571428573,50.714285714285715,11.0,23.0,5.857142857142857,15.0,11.428571428571429,3.142857142857143,15.857142857142858,27.714285714285715,59.57142857142857,8.428571428571429,20.714285714285715,11.0,12.428571428571429,9.142857142857142,6.714285714285714,18.428571428571427,2.2857142857142856,0.6,0.5,8.0,9.0,-1.0,1987.7635429558036,1975.6477807646056
961,25.5,54.5,6.875,21.375,10.5,14.375,12.625,5.25,16.625,26.5,55.875,8.0,21.375,8.875,13.875,10.75,6.375,20.125,-2.75,25.333333333333332,56.0,8.0,23.333333333333332,9.833333333333334,16.0,11.333333333333334,4.666666666666667,18.5,26.333333333333332,58.166666666666664,7.5,18.833333333333332,12.666666666666666,11.666666666666666,10.166666666666666,5.0,16.833333333333332,-4.0,0.6,0.6666666666666666,11.0,6.0,5.0,1904.4778469165951,1946.3844964776413
962,27.875,61.5,5.875,18.5,10.5,13.0,10.625,7.75,18.375,25.0,62.125,7.375,23.5,13.25,11.125,12.375,4.375,16.25,5.125,25.428571428571427,55.142857142857146,5.571428571428571,17.571428571428573,11.285714285714286,11.714285714285714,11.857142857142858,7.0,15.0,24.714285714285715,51.57142857142857,7.714285714285714,20.571428571428573,7.142857142857143,11.857142857142858,12.142857142857142,6.0,17.285714285714285,0.14285714285714285,0.6,0.75,8.0,9.0,-1.0,1895.0660319626336,1972.452025808569
963,24.5,55.333333333333336,6.833333333333333,18.333333333333332,15.833333333333334,14.5,14.333333333333334,3.8333333333333335,18.0,23.0,53.666666666666664,5.5,16.833333333333332,8.833333333333334,13.666666666666666,8.833333333333334,5.5,17.166666666666668,2.5,26.714285714285715,55.57142857142857,7.571428571428571,22.428571428571427,13.0,15.285714285714286,12.571428571428571,5.714285714285714,18.428571428571427,24.714285714285715,57.857142857142854,5.857142857142857,20.428571428571427,9.857142857142858,9.571428571428571,12.857142857142858,5.142857142857143,25.428571428571427,13.571428571428571,0.6666666666666666,1.0,3.0,14.0,-11.0,1982.1234848273143,2063.3957116197344
964,23.5,56.75,6.75,21.25,13.375,12.375,8.5,6.625,17.125,21.25,50.0,6.375,18.25,7.875,11.25,12.375,2.875,17.375,10.125,20.428571428571427,49.0,6.142857142857143,18.714285714285715,7.571428571428571,11.571428571428571,12.714285714285714,5.571428571428571,17.571428571428573,22.714285714285715,54.0,6.714285714285714,19.142857142857142,11.142857142857142,12.571428571428571,11.857142857142858,6.571428571428571,19.857142857142858,-2.857142857142857,0.8,0.75,6.0,11.0,-5.0,1947.670736175499,2034.7416379146064
965,27.22222222222222,58.333333333333336,7.666666666666667,21.0,10.666666666666666,11.11111111111111,10.0,5.555555555555555,17.333333333333332,28.11111111111111,63.0,4.666666666666667,16.444444444444443,13.0,13.222222222222221,8.88888888888889,4.888888888888889,18.77777777777778,2.4444444444444446,24.2,53.8,7.4,21.1,8.8,11.1,10.1,7.0,14.3,24.3,58.2,7.2,23.5,10.9,10.7,13.0,5.6,19.1,6.9,0.8333333333333334,0.8571428571428571,2.0,15.0,-13.0,2090.5688806203534,2168.7321623892976
966,27.333333333333332,57.333333333333336,8.166666666666666,22.0,10.0,16.0,13.0,5.333333333333333,14.833333333333334,26.666666666666668,62.833333333333336,6.5,20.5,11.666666666666666,13.333333333333334,13.0,7.166666666666667,18.5,7.166666666666667,24.75,58.875,6.0,17.0,13.125,10.375,13.625,5.875,17.0,24.125,58.25,6.625,20.125,9.875,10.625,13.625,6.625,20.75,0.375,0.6666666666666666,0.8,1.0,16.0,-15.0,2161.298924442628,2238.2547514767616
967,24.625,55.0,5.875,17.375,10.75,11.5,12.75,4.875,18.5,23.875,58.25,5.625,20.125,8.625,9.75,11.375,4.375,22.75,9.0,27.571428571428573,57.285714285714285,8.571428571428571,24.285714285714285,8.857142857142858,13.285714285714286,11.571428571428571,5.428571428571429,14.571428571428571,27.857142857142858,62.57142857142857,7.857142857142857,22.571428571428573,9.142857142857142,13.857142857142858,10.857142857142858,6.0,17.714285714285715,5.142857142857143,1.0,1.0,2.0,15.0,-13.0,2119.782809324196,2187.15159709452
968,29.5,61.166666666666664,7.333333333333333,20.166666666666668,12.166666666666666,13.5,11.166666666666666,5.666666666666667,20.0,24.666666666666668,56.666666666666664,9.333333333333334,23.333333333333332,10.166666666666666,11.5,10.333333333333334,6.0,16.5,1.5,24.166666666666668,52.666666666666664,8.0,21.833333333333332,10.5,13.833333333333334,12.833333333333334,4.0,15.666666666666666,21.5,55.0,6.333333333333333,21.666666666666668,10.0,9.833333333333334,10.333333333333334,6.333333333333333,16.5,7.5,0.3333333333333333,1.0,2.0,15.0,-13.0,2051.091964766761,2128.929675043126
969,27.77777777777778,54.666666666666664,9.444444444444445,25.333333333333332,6.333333333333333,14.444444444444445,9.444444444444445,6.666666666666667,15.0,25.555555555555557,56.77777777777778,5.111111111111111,15.0,10.666666666666666,12.11111111111111,12.555555555555555,4.444444444444445,16.0,10.11111111111111,28.666666666666668,63.0,9.833333333333334,25.5,13.0,15.166666666666666,11.666666666666666,7.166666666666667,18.833333333333332,27.5,57.0,9.5,22.666666666666668,9.666666666666666,15.666666666666666,12.5,7.0,18.0,2.6666666666666665,0.8333333333333334,0.0,7.0,10.0,-3.0,1965.822479585191,2011.9706346241096
970,25.142857142857142,58.285714285714285,7.428571428571429,21.857142857142858,11.142857142857142,14.714285714285714,11.857142857142858,3.4285714285714284,20.285714285714285,23.428571428571427,56.42857142857143,6.0,17.714285714285715,8.714285714285714,12.285714285714286,9.0,4.857142857142857,17.571428571428573,3.5714285714285716,20.714285714285715,50.142857142857146,5.714285714285714,18.285714285714285,8.142857142857142,11.428571428571429,11.0,5.714285714285714,15.285714285714286,22.142857142857142,52.42857142857143,5.571428571428571,18.142857142857142,10.0,11.428571428571429,10.0,5.428571428571429,13.571428571428571,-2.4285714285714284,0.25,0.25,9.0,8.0,1.0,1922.3186034587072,1953.2400943690104
971,27.714285714285715,62.714285714285715,6.571428571428571,19.0,14.714285714285714,17.857142857142858,10.428571428571429,5.428571428571429,17.857142857142858,21.142857142857142,54.142857142857146,6.571428571428571,20.714285714285715,8.428571428571429,9.857142857142858,10.285714285714286,6.428571428571429,16.857142857142858,9.285714285714286,26.88888888888889,56.77777777777778,6.444444444444445,17.22222222222222,10.0,13.777777777777779,11.11111111111111,10.0,17.0,24.0,60.77777777777778,4.0,14.777777777777779,13.88888888888889,9.333333333333334,15.0,5.222222222222222,21.555555555555557,14.88888888888889,0.5,1.0,1.0,16.0,-15.0,2112.8205180491705,2188.315863887429
972,28.0,57.285714285714285,8.428571428571429,22.0,8.714285714285714,14.428571428571429,8.857142857142858,6.714285714285714,15.857142857142858,24.142857142857142,56.285714285714285,7.571428571428571,21.571428571428573,9.714285714285714,12.285714285714286,12.142857142857142,2.5714285714285716,19.571428571428573,11.714285714285714,26.666666666666668,60.666666666666664,9.166666666666666,24.0,10.0,14.5,11.833333333333334,9.0,19.833333333333332,26.833333333333332,58.833333333333336,7.0,19.0,12.833333333333334,12.833333333333334,16.166666666666668,5.333333333333333,18.333333333333332,4.0,0.75,1.0,3.0,14.0,-11.0,2086.120731322605,2157.8515114876905
973,25.375,55.5,6.125,18.125,11.0,13.625,11.375,4.625,19.75,20.75,54.5,3.625,15.375,10.875,8.625,11.0,4.25,19.375,11.0,27.625,59.625,7.875,21.75,8.25,15.625,14.125,5.625,18.625,25.875,57.0,7.625,23.25,8.5,13.375,14.375,8.0,15.875,0.75,1.0,0.6,11.0,6.0,5.0,1833.4598598950088,1918.966627251461
974,21.833333333333332,55.833333333333336,5.0,18.666666666666668,11.0,10.166666666666666,13.666666666666666,7.333333333333333,20.333333333333332,21.5,51.0,6.5,19.166666666666668,9.5,9.833333333333334,16.833333333333332,5.333333333333333,22.166666666666668,-1.1666666666666667,29.166666666666668,58.666666666666664,12.5,26.5,7.5,17.0,12.333333333333334,6.666666666666667,20.833333333333332,26.5,58.5,6.0,19.5,10.166666666666666,17.0,12.833333333333334,6.333333333333333,19.0,8.833333333333334,0.3333333333333333,0.6666666666666666,7.0,10.0,-3.0,1838.043881685697,1915.9369926601605
975,31.571428571428573,67.28571428571429,8.428571428571429,23.714285714285715,11.571428571428571,20.857142857142858,10.571428571428571,5.571428571428571,17.0,25.571428571428573,61.714285714285715,8.428571428571429,24.142857142857142,10.285714285714286,14.0,12.0,6.285714285714286,16.285714285714285,11.571428571428571,25.666666666666668,60.333333333333336,6.888888888888889,22.22222222222222,11.333333333333334,11.333333333333334,9.11111111111111,5.555555555555555,17.555555555555557,25.444444444444443,60.22222222222222,7.111111111111111,21.666666666666668,9.666666666666666,10.555555555555555,11.333333333333334,4.222222222222222,20.22222222222222,3.4444444444444446,0.75,0.8333333333333334,3.0,14.0,-11.0,1996.416407692172,2075.200678123273
976,27.285714285714285,57.714285714285715,7.285714285714286,20.571428571428573,8.571428571428571,16.428571428571427,10.571428571428571,8.142857142857142,15.142857142857142,29.428571428571427,61.857142857142854,8.714285714285714,21.285714285714285,10.571428571428571,17.142857142857142,12.142857142857142,5.0,16.857142857142858,-0.5714285714285714,27.142857142857142,51.42857142857143,8.857142857142858,19.428571428571427,8.0,15.285714285714286,8.857142857142858,4.142857142857143,15.571428571428571,22.142857142857142,58.857142857142854,7.857142857142857,26.428571428571427,12.571428571428571,10.285714285714286,9.142857142857142,3.7142857142857144,20.0,16.0,0.75,1.0,11.0,6.0,5.0,1865.722132626738,1942.0065490123573
977,26.166666666666668,57.5,8.833333333333334,19.5,12.166666666666666,14.0,8.333333333333334,5.5,17.666666666666668,21.0,55.5,5.833333333333333,20.833333333333332,9.166666666666666,9.333333333333334,10.833333333333334,2.3333333333333335,21.5,22.5,25.5,54.666666666666664,8.333333333333334,19.833333333333332,8.5,15.666666666666666,11.5,6.666666666666667,20.0,26.166666666666668,58.5,8.333333333333334,23.333333333333332,9.666666666666666,14.166666666666666,13.333333333333334,4.666666666666667,22.166666666666668,3.1666666666666665,1.0,0.3333333333333333,10.0,7.0,3.0,1985.965538773701,2076.8306178075704
978,27.714285714285715,56.285714285714285,7.571428571428571,18.142857142857142,9.571428571428571,13.285714285714286,10.142857142857142,4.571428571428571,19.285714285714285,24.571428571428573,57.42857142857143,6.571428571428571,22.285714285714285,9.0,12.571428571428571,10.714285714285714,4.428571428571429,21.142857142857142,8.142857142857142,27.5,54.333333333333336,9.666666666666666,22.333333333333332,8.0,17.166666666666668,10.5,4.5,15.166666666666666,21.166666666666668,54.666666666666664,4.833333333333333,15.333333333333334,8.166666666666666,8.833333333333334,9.333333333333334,6.166666666666667,14.166666666666666,15.333333333333334,1.0,0.6666666666666666,2.0,7.0,-5.0,2110.48893841541,2188.904448762169
979,27.2,54.8,7.0,21.8,8.0,14.4,9.8,7.6,17.8,24.2,51.2,6.2,19.4,9.4,9.8,13.6,4.8,15.2,4.4,29.714285714285715,58.42857142857143,6.285714285714286,16.571428571428573,9.571428571428571,14.428571428571429,9.428571428571429,5.857142857142857,19.285714285714285,23.285714285714285,56.142857142857146,5.285714285714286,18.142857142857142,8.857142857142858,12.428571428571429,12.571428571428571,3.7142857142857144,18.428571428571427,14.714285714285714,0.0,1.0,4.0,12.0,-8.0,1964.4686981782536,2010.410030761232
980,24.833333333333332,58.666666666666664,7.5,21.333333333333332,9.5,9.833333333333334,12.166666666666666,5.333333333333333,17.833333333333332,22.833333333333332,56.5,5.5,19.333333333333332,9.166666666666666,9.5,12.0,5.5,17.333333333333332,1.8333333333333333,20.857142857142858,54.142857142857146,7.857142857142857,19.285714285714285,9.571428571428571,12.142857142857142,7.857142857142857,5.285714285714286,15.857142857142858,19.142857142857142,48.42857142857143,5.857142857142857,21.0,8.571428571428571,10.142857142857142,12.0,3.857142857142857,13.285714285714286,2.7142857142857144,0.3333333333333333,0.75,4.0,5.0,-1.0,1942.899516356038,2010.2532579876647
981,28.833333333333332,54.333333333333336,5.333333333333333,14.666666666666666,6.666666666666667,13.166666666666666,11.5,6.333333333333333,14.166666666666666,21.666666666666668,61.166666666666664,6.666666666666667,20.666666666666668,7.666666666666667,8.666666666666666,9.833333333333334,5.5,19.166666666666668,21.666666666666668,24.0,53.125,5.375,17.375,8.75,12.625,10.625,3.875,16.75,23.875,54.875,7.25,20.5,10.625,12.25,10.375,5.625,16.625,-1.625,1.0,0.6,1.0,8.0,-7.0,2077.219372941817,2162.1523531792022
982,26.166666666666668,56.5,7.0,18.833333333333332,8.0,15.333333333333334,12.0,5.833333333333333,15.5,27.166666666666668,60.5,6.666666666666667,22.833333333333332,10.0,12.0,12.5,5.833333333333333,19.0,3.3333333333333335,27.875,55.375,11.25,24.25,6.0,16.0,9.875,6.375,16.0,28.125,62.75,8.125,21.375,13.0,13.75,11.25,4.625,17.75,5.75,0.6666666666666666,0.8,4.0,5.0,-1.0,2008.080770180601,2072.551828763737
983,24.75,60.875,6.625,20.0,13.375,15.125,11.875,8.0,19.75,22.875,52.25,6.25,18.0,8.875,11.75,15.75,5.625,18.5,4.0,26.285714285714285,59.0,9.0,25.714285714285715,8.714285714285714,14.0,7.857142857142857,7.857142857142857,12.142857142857142,26.714285714285715,57.142857142857146,5.857142857142857,17.142857142857142,9.857142857142858,11.0,13.428571428571429,4.857142857142857,15.285714285714286,4.714285714285714,0.6,0.6,4.0,5.0,-1.0,2006.3892808744715,2091.4187942798685
984,25.125,57.625,8.0,20.875,11.75,11.625,9.625,6.5,16.375,22.5,52.5,7.375,17.75,8.625,11.25,12.125,4.875,18.25,3.625,27.571428571428573,53.42857142857143,8.428571428571429,23.0,8.285714285714286,13.0,11.0,8.142857142857142,12.571428571428571,23.857142857142858,54.285714285714285,7.428571428571429,21.714285714285715,9.714285714285714,12.857142857142858,15.571428571428571,5.285714285714286,17.857142857142858,16.142857142857142,0.6,1.0,8.0,1.0,7.0,1999.08056536523,1992.033449604632
985,25.5,54.5,6.875,21.375,10.5,14.375,12.625,5.25,16.625,26.5,55.875,8.0,21.375,8.875,13.875,10.75,6.375,20.125,-2.75,28.0,60.857142857142854,5.571428571428571,18.142857142857142,12.0,13.428571428571429,10.857142857142858,6.0,19.142857142857142,23.857142857142858,54.285714285714285,8.571428571428571,21.571428571428573,8.142857142857142,11.571428571428571,12.142857142857142,5.0,16.571428571428573,3.7142857142857144,0.6,0.5,11.0,3.0,8.0,1922.0865201346928,1964.6271539768973
986,24.5,55.333333333333336,6.833333333333333,18.333333333333332,15.833333333333334,14.5,14.333333333333334,3.8333333333333335,18.0,23.0,53.666666666666664,5.5,16.833333333333332,8.833333333333334,13.666666666666666,8.833333333333334,5.5,17.166666666666668,2.5,27.285714285714285,57.714285714285715,7.285714285714286,20.571428571428573,8.571428571428571,16.428571428571427,10.571428571428571,8.142857142857142,15.142857142857142,29.428571428571427,61.857142857142854,8.714285714285714,21.285714285714285,10.571428571428571,17.142857142857142,12.142857142857142,5.0,16.857142857142858,-0.5714285714285714,0.6666666666666666,0.75,3.0,11.0,-8.0,1986.8591550067872,2066.98339865269
987,27.333333333333332,57.333333333333336,8.166666666666666,22.0,10.0,16.0,13.0,5.333333333333333,14.833333333333334,26.666666666666668,62.833333333333336,6.5,20.5,11.666666666666666,13.333333333333334,13.0,7.166666666666667,18.5,7.166666666666667,25.142857142857142,58.285714285714285,7.428571428571429,21.857142857142858,11.142857142857142,14.714285714285714,11.857142857142858,3.4285714285714284,20.285714285714285,23.428571428571427,56.42857142857143,6.0,17.714285714285715,8.714285714285714,12.285714285714286,9.0,4.857142857142857,17.571428571428573,3.5714285714285716,0.6666666666666666,0.25,1.0,9.0,-8.0,2162.166435439603,2239.315570467656
988,24.625,55.0,5.875,17.375,10.75,11.5,12.75,4.875,18.5,23.875,58.25,5.625,20.125,8.625,9.75,11.375,4.375,22.75,9.0,26.166666666666668,57.5,8.833333333333334,19.5,12.166666666666666,14.0,8.333333333333334,5.5,17.666666666666668,21.0,55.5,5.833333333333333,20.833333333333332,9.166666666666666,9.333333333333334,10.833333333333334,2.3333333333333335,21.5,22.5,1.0,1.0,2.0,10.0,-8.0,2120.933398706158,2188.635432345593
989,27.77777777777778,54.666666666666664,9.444444444444445,25.333333333333332,6.333333333333333,14.444444444444445,9.444444444444445,6.666666666666667,15.0,25.555555555555557,56.77777777777778,5.111111111111111,15.0,10.666666666666666,12.11111111111111,12.555555555555555,4.444444444444445,16.0,10.11111111111111,29.5,61.166666666666664,7.333333333333333,20.166666666666668,12.166666666666666,13.5,11.166666666666666,5.666666666666667,20.0,24.666666666666668,56.666666666666664,9.333333333333334,23.333333333333332,10.166666666666666,11.5,10.333333333333334,6.0,16.5,1.5,0.8333333333333334,0.3333333333333333,7.0,2.0,5.0,1976.8936293695583,2026.4790280565
990,27.714285714285715,62.714285714285715,6.571428571428571,19.0,14.714285714285714,17.857142857142858,10.428571428571429,5.428571428571429,17.857142857142858,21.142857142857142,54.142857142857146,6.571428571428571,20.714285714285715,8.428571428571429,9.857142857142858,10.285714285714286,6.428571428571429,16.857142857142858,9.285714285714286,27.875,61.5,5.875,18.5,10.5,13.0,10.625,7.75,18.375,25.0,62.125,7.375,23.5,13.25,11.125,12.375,4.375,16.25,5.125,0.5,0.6,1.0,8.0,-7.0,2113.4054630038954,2189.591830993086
991,28.0,57.285714285714285,8.428571428571429,22.0,8.714285714285714,14.428571428571429,8.857142857142858,6.714285714285714,15.857142857142858,24.142857142857142,56.285714285714285,7.571428571428571,21.571428571428573,9.714285714285714,12.285714285714286,12.142857142857142,2.5714285714285716,19.571428571428573,11.714285714285714,25.375,55.5,6.125,18.125,11.0,13.625,11.375,4.625,19.75,20.75,54.5,3.625,15.375,10.875,8.625,11.0,4.25,19.375,11.0,0.75,1.0,3.0,11.0,-8.0,2087.8755430925216,2160.308944831619
992,21.833333333333332,55.833333333333336,5.0,18.666666666666668,11.0,10.166666666666666,13.666666666666666,7.333333333333333,20.333333333333332,21.5,51.0,6.5,19.166666666666668,9.5,9.833333333333334,16.833333333333332,5.333333333333333,22.166666666666668,-1.1666666666666667,27.22222222222222,58.333333333333336,7.666666666666667,21.0,10.666666666666666,11.11111111111111,10.0,5.555555555555555,17.333333333333332,28.11111111111111,63.0,4.666666666666667,16.444444444444443,13.0,13.222222222222221,8.88888888888889,4.888888888888889,18.77777777777778,2.4444444444444446,0.3333333333333333,0.8333333333333334,7.0,2.0,5.0,1855.025414741282,1930.646788233585
993,31.571428571428573,67.28571428571429,8.428571428571429,23.714285714285715,11.571428571428571,20.857142857142858,10.571428571428571,5.571428571428571,17.0,25.571428571428573,61.714285714285715,8.428571428571429,24.142857142857142,10.285714285714286,14.0,12.0,6.285714285714286,16.285714285714285,11.571428571428571,23.5,56.75,6.75,21.25,13.375,12.375,8.5,6.625,17.125,21.25,50.0,6.375,18.25,7.875,11.25,12.375,2.875,17.375,10.125,0.75,0.8,3.0,6.0,-3.0,1999.7976841193915,2079.03651855908
994,28.833333333333332,54.333333333333336,5.333333333333333,14.666666666666666,6.666666666666667,13.166666666666666,11.5,6.333333333333333,14.166666666666666,21.666666666666668,61.166666666666664,6.666666666666667,20.666666666666668,7.666666666666667,8.666666666666666,9.833333333333334,5.5,19.166666666666668,21.666666666666668,24.75,60.875,6.625,20.0,13.375,15.125,11.875,8.0,19.75,22.875,52.25,6.25,18.0,8.875,11.75,15.75,5.625,18.5,4.0,1.0,0.6,1.0,4.0,-3.0,2084.8026632890346,2168.089468281676
995,27.333333333333332,57.333333333333336,8.166666666666666,22.0,10.0,16.0,13.0,5.333333333333333,14.833333333333334,26.666666666666668,62.833333333333336,6.5,20.5,11.666666666666666,13.333333333333334,13.0,7.166666666666667,18.5,7.166666666666667,26.166666666666668,56.5,7.0,18.833333333333332,8.0,15.333333333333334,12.0,5.833333333333333,15.5,27.166666666666668,60.5,6.666666666666667,22.833333333333332,10.0,12.0,12.5,5.833333333333333,19.0,3.3333333333333335,0.6666666666666666,0.6666666666666666,1.0,4.0,-3.0,2169.142359547397,2245.0070136736754
996,28.0,57.285714285714285,8.428571428571429,22.0,8.714285714285714,14.428571428571429,8.857142857142858,6.714285714285714,15.857142857142858,24.142857142857142,56.285714285714285,7.571428571428571,21.571428571428573,9.714285714285714,12.285714285714286,12.142857142857142,2.5714285714285716,19.571428571428573,11.714285714285714,27.77777777777778,54.666666666666664,9.444444444444445,25.333333333333332,6.333333333333333,14.444444444444445,9.444444444444445,6.666666666666667,15.0,25.555555555555557,56.77777777777778,5.111111111111111,15.0,10.666666666666666,12.11111111111111,12.555555555555555,4.444444444444445,16.0,10.11111111111111,0.75,0.8333333333333334,3.0,7.0,-4.0,2094.448182281297,2167.225681798366
997,25.5,54.5,6.875,21.375,10.5,14.375,12.625,5.25,16.625,26.5,55.875,8.0,21.375,8.875,13.875,10.75,6.375,20.125,-2.75,27.714285714285715,56.285714285714285,7.571428571428571,18.142857142857142,9.571428571428571,13.285714285714286,10.142857142857142,4.571428571428571,19.285714285714285,24.571428571428573,57.42857142857143,6.571428571428571,22.285714285714285,9.0,12.571428571428571,10.714285714285714,4.428571428571429,21.142857142857142,8.142857142857142,0.6,1.0,11.0,2.0,9.0,1939.4864382959845,1983.8596958331725
998,24.833333333333332,58.666666666666664,7.5,21.333333333333332,9.5,9.833333333333334,12.166666666666666,5.333333333333333,17.833333333333332,22.833333333333332,56.5,5.5,19.333333333333332,9.166666666666666,9.5,12.0,5.5,17.333333333333332,1.8333333333333333,25.125,57.625,8.0,20.875,11.75,11.625,9.625,6.5,16.375,22.5,52.5,7.375,17.75,8.625,11.25,12.125,4.875,18.25,3.625,0.3333333333333333,0.6,4.0,8.0,-4.0,1963.064601647076,2030.8669354876572
999,24.625,55.0,5.875,17.375,10.75,11.5,12.75,4.875,18.5,23.875,58.25,5.625,20.125,8.625,9.75,11.375,4.375,22.75,9.0,31.571428571428573,67.28571428571429,8.428571428571429,23.714285714285715,11.571428571428571,20.857142857142858,10.571428571428571,5.571428571428571,17.0,25.571428571428573,61.714285714285715,8.428571428571429,24.142857142857142,10.285714285714286,14.0,12.0,6.285714285714286,16.285714285714285,11.571428571428571,1.0,0.75,2.0,3.0,-1.0,2131.443554458375,2200.086818410401
1000,27.714285714285715,62.714285714285715,6.571428571428571,19.0,14.714285714285714,17.857142857142858,10.428571428571429,5.428571428571429,17.857142857142858,21.142857142857142,54.142857142857146,6.571428571428571,20.714285714285715,8.428571428571429,9.857142857142858,10.285714285714286,6.428571428571429,16.857142857142858,9.285714285714286,27.2,54.8,7.0,21.8,8.0,14.4,9.8,7.6,17.8,24.2,51.2,6.2,19.4,9.4,9.8,13.6,4.8,15.2,4.4,0.5,0.0,1.0,4.0,-3.0,2121.093029497283,2197.2744883835603
1001,21.833333333333332,55.833333333333336,5.0,18.666666666666668,11.0,10.166666666666666,13.666666666666666,7.333333333333333,20.333333333333332,21.5,51.0,6.5,19.166666666666668,9.5,9.833333333333334,16.833333333333332,5.333333333333333,22.166666666666668,-1.1666666666666667,24.5,55.333333333333336,6.833333333333333,18.333333333333332,15.833333333333334,14.5,14.333333333333334,3.8333333333333335,18.0,23.0,53.666666666666664,5.5,16.833333333333332,8.833333333333334,13.666666666666666,8.833333333333334,5.5,17.166666666666668,2.5,0.3333333333333333,0.6666666666666666,7.0,3.0,4.0,1880.4941020377569,1956.1996567992137
1002,28.833333333333332,54.333333333333336,5.333333333333333,14.666666666666666,6.666666666666667,13.166666666666666,11.5,6.333333333333333,14.166666666666666,21.666666666666668,61.166666666666664,6.666666666666667,20.666666666666668,7.666666666666667,8.666666666666666,9.833333333333334,5.5,19.166666666666668,21.666666666666668,25.5,54.5,6.875,21.375,10.5,14.375,12.625,5.25,16.625,26.5,55.875,8.0,21.375,8.875,13.875,10.75,6.375,20.125,-2.75,1.0,0.6,1.0,11.0,-10.0,2097.9918471485025,2181.3499076524595
1003,28.0,57.285714285714285,8.428571428571429,22.0,8.714285714285714,14.428571428571429,8.857142857142858,6.714285714285714,15.857142857142858,24.142857142857142,56.285714285714285,7.571428571428571,21.571428571428573,9.714285714285714,12.285714285714286,12.142857142857142,2.5714285714285716,19.571428571428573,11.714285714285714,27.333333333333332,57.333333333333336,8.166666666666666,22.0,10.0,16.0,13.0,5.333333333333333,14.833333333333334,26.666666666666668,62.833333333333336,6.5,20.5,11.666666666666666,13.333333333333334,13.0,7.166666666666667,18.5,7.166666666666667,0.75,0.6666666666666666,3.0,1.0,2.0,2106.044398972844,2177.905643260732
1004,27.714285714285715,62.714285714285715,6.571428571428571,19.0,14.714285714285714,17.857142857142858,10.428571428571429,5.428571428571429,17.857142857142858,21.142857142857142,54.142857142857146,6.571428571428571,20.714285714285715,8.428571428571429,9.857142857142858,10.285714285714286,6.428571428571429,16.857142857142858,9.285714285714286,24.625,55.0,5.875,17.375,10.75,11.5,12.75,4.875,18.5,23.875,58.25,5.625,20.125,8.625,9.75,11.375,4.375,22.75,9.0,0.5,1.0,1.0,2.0,-1.0,2130.718070928099,2205.831704100942
1005,21.833333333333332,55.833333333333336,5.0,18.666666666666668,11.0,10.166666666666666,13.666666666666666,7.333333333333333,20.333333333333332,21.5,51.0,6.5,19.166666666666668,9.5,9.833333333333334,16.833333333333332,5.333333333333333,22.166666666666668,-1.1666666666666667,24.833333333333332,58.666666666666664,7.5,21.333333333333332,9.5,9.833333333333334,12.166666666666666,5.333333333333333,17.833333333333332,22.833333333333332,56.5,5.5,19.333333333333332,9.166666666666666,9.5,12.0,5.5,17.333333333333332,1.8333333333333333,0.3333333333333333,0.3333333333333333,7.0,4.0,3.0,1901.726395477268,1977.6017886948027
1006,28.833333333333332,54.333333333333336,5.333333333333333,14.666666666666666,6.666666666666667,13.166666666666666,11.5,6.333333333333333,14.166666666666666,21.666666666666668,61.166666666666664,6.666666666666667,20.666666666666668,7.666666666666667,8.666666666666666,9.833333333333334,5.5,19.166666666666668,21.666666666666668,21.833333333333332,55.833333333333336,5.0,18.666666666666668,11.0,10.166666666666666,13.666666666666666,7.333333333333333,20.333333333333332,21.5,51.0,6.5,19.166666666666668,9.5,9.833333333333334,16.833333333333332,5.333333333333333,22.166666666666668,-1.1666666666666667,1.0,0.3333333333333333,1.0,7.0,-6.0,2108.073535294866,2189.9920590628976
1007,27.714285714285715,62.714285714285715,6.571428571428571,19.0,14.714285714285714,17.857142857142858,10.428571428571429,5.428571428571429,17.857142857142858,21.142857142857142,54.142857142857146,6.571428571428571,20.714285714285715,8.428571428571429,9.857142857142858,10.285714285714286,6.428571428571429,16.857142857142858,9.285714285714286,28.0,57.285714285714285,8.428571428571429,22.0,8.714285714285714,14.428571428571429,8.857142857142858,6.714285714285714,15.857142857142858,24.142857142857142,56.285714285714285,7.571428571428571,21.571428571428573,9.714285714285714,12.285714285714286,12.142857142857142,2.5714285714285716,19.571428571428573,11.714285714285714,0.5,0.75,1.0,3.0,-2.0,2147.247995224186,2222.084798863027
1008,27.714285714285715,62.714285714285715,6.571428571428571,19.0,14.714285714285714,17.857142857142858,10.428571428571429,5.428571428571429,17.857142857142858,21.142857142857142,54.142857142857146,6.571428571428571,20.714285714285715,8.428571428571429,9.857142857142858,10.285714285714286,6.428571428571429,16.857142857142858,9.285714285714286,28.833333333333332,54.333333333333336,5.333333333333333,14.666666666666666,6.666666666666667,13.166666666666666,11.5,6.333333333333333,14.166666666666666,21.666666666666668,61.166666666666664,6.666666666666667,20.666666666666668,7.666666666666667,8.666666666666666,9.833333333333334,5.5,19.166666666666668,21.666666666666668,0.5,1.0,1.0,1.0,0.0,2162.240775447123,2236.9483703901924
1009,27.666666666666668,57.666666666666664,7.5,19.333333333333332,10.833333333333334,13.333333333333334,9.666666666666666,6.0,20.0,28.166666666666668,59.5,8.166666666666666,22.666666666666668,9.833333333333334,13.833333333333334,9.666666666666666,4.666666666666667,22.666666666666668,2.6666666666666665,20.428571428571427,49.0,6.142857142857143,18.714285714285715,7.571428571428571,11.571428571428571,12.714285714285714,5.571428571428571,17.571428571428573,22.714285714285715,54.0,6.714285714285714,19.142857142857142,11.142857142857142,12.571428571428571,11.857142857142858,6.571428571428571,19.857142857142858,-2.857142857142857,0.75,0.75,11.0,11.0,0.0,1802.1812781799288,1890.91092647846
1010,25.285714285714285,53.285714285714285,5.0,16.285714285714285,12.571428571428571,14.571428571428571,14.428571428571429,6.857142857142857,17.857142857142858,23.0,55.57142857142857,6.0,21.571428571428573,11.571428571428571,11.714285714285714,15.0,7.714285714285714,21.571428571428573,8.428571428571429,25.833333333333332,55.333333333333336,6.166666666666667,18.666666666666668,8.166666666666666,10.5,12.5,6.333333333333333,18.0,23.833333333333332,53.333333333333336,4.5,14.333333333333334,10.166666666666666,8.666666666666666,16.5,6.5,21.0,6.333333333333333,0.75,1.0,16.0,16.0,0.0,1368.176610029888,1506.380594107382
1011,27.0,61.125,6.875,22.5,15.125,15.0,10.625,5.875,13.625,23.625,61.75,5.25,22.625,12.75,8.625,12.375,4.625,18.0,12.75,24.75,58.875,6.0,17.0,13.125,10.375,13.625,5.875,17.0,24.125,58.25,6.625,20.125,9.875,10.625,13.625,6.625,20.75,0.375,0.6,0.8,16.0,16.0,0.0,1373.247370812593,1529.4524086691952
1012,23.4,52.4,6.4,18.4,10.4,14.4,15.6,6.8,20.6,24.0,54.8,5.8,18.4,8.2,9.4,14.2,6.8,23.2,2.8,27.285714285714285,57.714285714285715,7.285714285714286,20.571428571428573,8.571428571428571,16.428571428571427,10.571428571428571,8.142857142857142,15.142857142857142,29.428571428571427,61.857142857142854,8.714285714285714,21.285714285714285,10.571428571428571,17.142857142857142,12.142857142857142,5.0,16.857142857142858,-0.5714285714285714,0.6666666666666666,0.75,11.0,11.0,0.0,1903.830462080429,1954.3141910651425
1013,28.428571428571427,59.57142857142857,6.142857142857143,16.571428571428573,8.714285714285714,14.571428571428571,14.142857142857142,9.428571428571429,20.571428571428573,25.0,57.857142857142854,5.857142857142857,19.142857142857142,10.0,11.0,15.857142857142858,7.571428571428571,20.714285714285715,7.0,27.714285714285715,56.285714285714285,7.571428571428571,18.142857142857142,9.571428571428571,13.285714285714286,10.142857142857142,4.571428571428571,19.285714285714285,24.571428571428573,57.42857142857143,6.571428571428571,22.285714285714285,9.0,12.571428571428571,10.714285714285714,4.428571428571429,21.142857142857142,8.142857142857142,0.8,1.0,15.0,2.0,13.0,1492.9215083297038,1626.4545106156315
1014,27.5,59.0,12.0,29.0,10.666666666666666,13.833333333333334,11.5,6.166666666666667,17.0,24.0,62.333333333333336,6.833333333333333,22.166666666666668,12.0,8.166666666666666,12.333333333333334,7.166666666666667,20.666666666666668,17.0,27.2,54.8,7.0,21.8,8.0,14.4,9.8,7.6,17.8,24.2,51.2,6.2,19.4,9.4,9.8,13.6,4.8,15.2,4.4,1.0,0.0,13.0,4.0,9.0,1553.4423973793257,1723.5809154948422
1015,25.142857142857142,51.57142857142857,6.142857142857143,15.285714285714286,6.571428571428571,13.142857142857142,13.0,8.571428571428571,18.857142857142858,23.428571428571427,57.285714285714285,7.571428571428571,21.142857142857142,10.714285714285714,10.0,13.571428571428571,6.428571428571429,19.714285714285715,8.142857142857142,24.833333333333332,58.666666666666664,7.5,21.333333333333332,9.5,9.833333333333334,12.166666666666666,5.333333333333333,17.833333333333332,22.833333333333332,56.5,5.5,19.333333333333332,9.166666666666666,9.5,12.0,5.5,17.333333333333332,1.8333333333333333,0.75,0.3333333333333333,13.0,4.0,9.0,1621.393586831407,1757.5288559722003
1016,30.2,62.8,6.8,22.4,13.8,14.0,9.4,5.2,18.0,24.8,60.0,6.6,23.2,11.2,13.0,10.6,4.8,18.2,15.2,28.0,60.857142857142854,5.571428571428571,18.142857142857142,12.0,13.428571428571429,10.857142857142858,6.0,19.142857142857142,23.857142857142858,54.285714285714285,8.571428571428571,21.571428571428573,8.142857142857142,11.571428571428571,12.142857142857142,5.0,16.571428571428573,3.7142857142857144,1.0,0.5,14.0,3.0,11.0,1576.3307312241902,1729.8836814939862
1017,28.6,57.4,8.8,24.2,9.8,12.6,12.2,4.6,18.4,28.4,62.2,6.6,18.8,9.6,9.8,10.2,7.4,20.0,9.4,28.833333333333332,54.333333333333336,5.333333333333333,14.666666666666666,6.666666666666667,13.166666666666666,11.5,6.333333333333333,14.166666666666666,21.666666666666668,61.166666666666664,6.666666666666667,20.666666666666668,7.666666666666667,8.666666666666666,9.833333333333334,5.5,19.166666666666668,21.666666666666668,1.0,1.0,16.0,1.0,15.0,1594.5002361764225,1617.4998613724272
1018,27.5,59.875,9.5,24.625,11.25,15.375,9.625,4.625,16.375,24.75,60.25,8.375,23.5,8.875,13.875,10.5,4.625,20.375,14.5,27.875,55.375,11.25,24.25,6.0,16.0,9.875,6.375,16.0,28.125,62.75,8.125,21.375,13.0,13.75,11.25,4.625,17.75,5.75,1.0,0.8,12.0,5.0,7.0,1822.5567179407897,1890.6043110714784
1019,27.0,59.857142857142854,5.0,15.285714285714286,11.0,13.0,10.714285714285714,4.571428571428571,16.571428571428573,27.0,65.0,7.571428571428571,23.714285714285715,12.142857142857142,14.857142857142858,10.0,5.428571428571429,18.714285714285715,3.5714285714285716,29.714285714285715,58.42857142857143,6.285714285714286,16.571428571428573,9.571428571428571,14.428571428571429,9.428571428571429,5.857142857142857,19.285714285714285,23.285714285714285,56.142857142857146,5.285714285714286,18.142857142857142,8.857142857142858,12.428571428571429,12.571428571428571,3.7142857142857144,18.428571428571427,14.714285714285714,0.5,1.0,5.0,12.0,-7.0,1851.9875447602888,1916.021805444076
1020,22.25,54.0,9.625,27.125,6.875,11.0,11.375,4.875,17.0,22.25,57.375,4.25,16.25,9.375,9.0,12.25,5.5,16.75,8.25,24.0,53.125,5.375,17.375,8.75,12.625,10.625,3.875,16.75,23.875,54.875,7.25,20.5,10.625,12.25,10.375,5.625,16.625,-1.625,0.6,0.6,9.0,8.0,1.0,1856.600855054869,1926.0792968336768
1021,25.857142857142858,57.42857142857143,9.428571428571429,25.142857142857142,9.285714285714286,14.142857142857142,8.428571428571429,7.857142857142857,15.142857142857142,20.428571428571427,51.0,7.142857142857143,20.714285714285715,8.428571428571429,10.714285714285714,14.285714285714286,3.857142857142857,14.428571428571429,15.714285714285714,26.285714285714285,59.0,9.0,25.714285714285715,8.714285714285714,14.0,7.857142857142857,7.857142857142857,12.142857142857142,26.714285714285715,57.142857142857146,5.857142857142857,17.142857142857142,9.857142857142858,11.0,13.428571428571429,4.857142857142857,15.285714285714286,4.714285714285714,1.0,0.6,12.0,5.0,7.0,1718.714894875774,1857.391908293084
1022,26.0,52.8,7.0,18.0,8.0,12.8,7.2,5.8,12.2,18.4,50.0,3.8,15.4,8.4,7.8,12.8,2.8,15.2,21.6,26.166666666666668,56.5,7.0,18.833333333333332,8.0,15.333333333333334,12.0,5.833333333333333,15.5,27.166666666666668,60.5,6.666666666666667,22.833333333333332,10.0,12.0,12.5,5.833333333333333,19.0,3.3333333333333335,1.0,0.6666666666666666,13.0,4.0,9.0,1677.7643033131071,1822.763356148092
1023,25.571428571428573,62.0,3.5714285714285716,15.285714285714286,13.142857142857142,13.0,9.0,6.142857142857143,19.571428571428573,22.0,52.285714285714285,5.142857142857143,15.0,8.0,10.714285714285714,13.142857142857142,3.857142857142857,19.0,3.2857142857142856,27.5,54.333333333333336,9.666666666666666,22.333333333333332,8.0,17.166666666666668,10.5,4.5,15.166666666666666,21.166666666666668,54.666666666666664,4.833333333333333,15.333333333333334,8.166666666666666,8.833333333333334,9.333333333333334,6.166666666666667,14.166666666666666,15.333333333333334,0.6,0.6666666666666666,10.0,7.0,3.0,1870.337497344616,1911.1719121495423
1024,25.833333333333332,55.333333333333336,6.166666666666667,18.666666666666668,8.166666666666666,10.5,12.5,6.333333333333333,18.0,23.833333333333332,53.333333333333336,4.5,14.333333333333334,10.166666666666666,8.666666666666666,16.5,6.5,21.0,6.333333333333333,27.571428571428573,53.42857142857143,8.428571428571429,23.0,8.285714285714286,13.0,11.0,8.142857142857142,12.571428571428571,23.857142857142858,54.285714285714285,7.428571428571429,21.714285714285715,9.714285714285714,12.857142857142858,15.571428571428571,5.285714285714286,17.857142857142858,16.142857142857142,1.0,1.0,16.0,1.0,15.0,1402.3899281965057,1573.9274221327337
1025,29.166666666666668,59.166666666666664,8.666666666666666,22.166666666666668,10.666666666666666,17.0,9.5,5.5,20.166666666666668,26.833333333333332,54.666666666666664,6.166666666666667,18.666666666666668,8.666666666666666,12.0,12.0,4.0,21.333333333333332,8.333333333333334,20.857142857142858,54.142857142857146,7.857142857142857,19.285714285714285,9.571428571428571,12.142857142857142,7.857142857142857,5.285714285714286,15.857142857142858,19.142857142857142,48.42857142857143,5.857142857142857,21.0,8.571428571428571,10.142857142857142,12.0,3.857142857142857,13.285714285714286,2.7142857142857144,1.0,0.75,12.0,5.0,7.0,1740.7215528210022,1871.050721133633
1026,30.333333333333332,61.5,9.666666666666666,24.833333333333332,8.666666666666666,18.666666666666668,12.666666666666666,6.833333333333333,21.333333333333332,22.5,60.166666666666664,3.8333333333333335,16.333333333333332,11.0,9.666666666666666,13.333333333333334,6.666666666666667,17.833333333333332,18.166666666666668,24.75,60.875,6.625,20.0,13.375,15.125,11.875,8.0,19.75,22.875,52.25,6.25,18.0,8.875,11.75,15.75,5.625,18.5,4.0,1.0,0.6,13.0,4.0,9.0,1575.4365556976902,1714.3124247593516
1027,26.571428571428573,50.714285714285715,11.0,23.0,5.857142857142857,15.0,11.428571428571429,3.142857142857143,15.857142857142858,27.714285714285715,59.57142857142857,8.428571428571429,20.714285714285715,11.0,12.428571428571429,9.142857142857142,6.714285714285714,18.428571428571427,2.2857142857142856,25.125,57.625,8.0,20.875,11.75,11.625,9.625,6.5,16.375,22.5,52.5,7.375,17.75,8.625,11.25,12.125,4.875,18.25,3.625,0.5,0.6,9.0,8.0,1.0,1883.0111887357484,1984.0240957308783
1028,25.333333333333332,56.0,8.0,23.333333333333332,9.833333333333334,16.0,11.333333333333334,4.666666666666667,18.5,26.333333333333332,58.166666666666664,7.5,18.833333333333332,12.666666666666666,11.666666666666666,10.166666666666666,5.0,16.833333333333332,-4.0,25.5,54.5,6.875,21.375,10.5,14.375,12.625,5.25,16.625,26.5,55.875,8.0,21.375,8.875,13.875,10.75,6.375,20.125,-2.75,0.6666666666666666,0.6,6.0,11.0,-5.0,1939.528166567579,1995.405918440962
1029,25.428571428571427,55.142857142857146,5.571428571428571,17.571428571428573,11.285714285714286,11.714285714285714,11.857142857142858,7.0,15.0,24.714285714285715,51.57142857142857,7.714285714285714,20.571428571428573,7.142857142857143,11.857142857142858,12.142857142857142,6.0,17.285714285714285,0.14285714285714285,27.875,61.5,5.875,18.5,10.5,13.0,10.625,7.75,18.375,25.0,62.125,7.375,23.5,13.25,11.125,12.375,4.375,16.25,5.125,0.75,0.6,9.0,8.0,1.0,1945.8819185656528,1993.714361728885
1030,26.714285714285715,55.57142857142857,7.571428571428571,22.428571428571427,13.0,15.285714285714286,12.571428571428571,5.714285714285714,18.428571428571427,24.714285714285715,57.857142857142854,5.857142857142857,20.428571428571427,9.857142857142858,9.571428571428571,12.857142857142858,5.142857142857143,25.428571428571427,13.571428571428571,24.5,55.333333333333336,6.833333333333333,18.333333333333332,15.833333333333334,14.5,14.333333333333334,3.8333333333333335,18.0,23.0,53.666666666666664,5.5,16.833333333333332,8.833333333333334,13.666666666666666,8.833333333333334,5.5,17.166666666666668,2.5,1.0,0.6666666666666666,14.0,3.0,11.0,1678.0381332470863,1703.9188960467463
1031,20.428571428571427,49.0,6.142857142857143,18.714285714285715,7.571428571428571,11.571428571428571,12.714285714285714,5.571428571428571,17.571428571428573,22.714285714285715,54.0,6.714285714285714,19.142857142857142,11.142857142857142,12.571428571428571,11.857142857142858,6.571428571428571,19.857142857142858,-2.857142857142857,23.5,56.75,6.75,21.25,13.375,12.375,8.5,6.625,17.125,21.25,50.0,6.375,18.25,7.875,11.25,12.375,2.875,17.375,10.125,0.75,0.8,11.0,6.0,5.0,1847.6208663698249,1934.788003196852
1032,24.2,53.8,7.4,21.1,8.8,11.1,10.1,7.0,14.3,24.3,58.2,7.2,23.5,10.9,10.7,13.0,5.6,19.1,6.9,27.22222222222222,58.333333333333336,7.666666666666667,21.0,10.666666666666666,11.11111111111111,10.0,5.555555555555555,17.333333333333332,28.11111111111111,63.0,4.666666666666667,16.444444444444443,13.0,13.222222222222221,8.88888888888889,4.888888888888889,18.77777777777778,2.4444444444444446,0.8571428571428571,0.8333333333333334,15.0,2.0,13.0,1466.826413143115,1596.3479293593891
1033,24.75,58.875,6.0,17.0,13.125,10.375,13.625,5.875,17.0,24.125,58.25,6.625,20.125,9.875,10.625,13.625,6.625,20.75,0.375,27.333333333333332,57.333333333333336,8.166666666666666,22.0,10.0,16.0,13.0,5.333333333333333,14.833333333333334,26.666666666666668,62.833333333333336,6.5,20.5,11.666666666666666,13.333333333333334,13.0,7.166666666666667,18.5,7.166666666666667,0.8,0.6666666666666666,16.0,1.0,15.0,1539.3233826242788,1652.3077405198037
1034,27.571428571428573,57.285714285714285,8.571428571428571,24.285714285714285,8.857142857142858,13.285714285714286,11.571428571428571,5.428571428571429,14.571428571428571,27.857142857142858,62.57142857142857,7.857142857142857,22.571428571428573,9.142857142857142,13.857142857142858,10.857142857142858,6.0,17.714285714285715,5.142857142857143,24.625,55.0,5.875,17.375,10.75,11.5,12.75,4.875,18.5,23.875,58.25,5.625,20.125,8.625,9.75,11.375,4.375,22.75,9.0,1.0,1.0,15.0,2.0,13.0,1548.4522056007304,1661.893890458526
1035,24.166666666666668,52.666666666666664,8.0,21.833333333333332,10.5,13.833333333333334,12.833333333333334,4.0,15.666666666666666,21.5,55.0,6.333333333333333,21.666666666666668,10.0,9.833333333333334,10.333333333333334,6.333333333333333,16.5,7.5,29.5,61.166666666666664,7.333333333333333,20.166666666666668,12.166666666666666,13.5,11.166666666666666,5.666666666666667,20.0,24.666666666666668,56.666666666666664,9.333333333333334,23.333333333333332,10.166666666666666,11.5,10.333333333333334,6.0,16.5,1.5,1.0,0.3333333333333333,15.0,2.0,13.0,1391.2645475023091,1632.8494835358365
1036,28.666666666666668,63.0,9.833333333333334,25.5,13.0,15.166666666666666,11.666666666666666,7.166666666666667,18.833333333333332,27.5,57.0,9.5,22.666666666666668,9.666666666666666,15.666666666666666,12.5,7.0,18.0,2.6666666666666665,27.77777777777778,54.666666666666664,9.444444444444445,25.333333333333332,6.333333333333333,14.444444444444445,9.444444444444445,6.666666666666667,15.0,25.555555555555557,56.77777777777778,5.111111111111111,15.0,10.666666666666666,12.11111111111111,12.555555555555555,4.444444444444445,16.0,10.11111111111111,0.0,0.8333333333333334,10.0,7.0,3.0,1855.20142225029,1979.486484114444
1037,20.714285714285715,50.142857142857146,5.714285714285714,18.285714285714285,8.142857142857142,11.428571428571429,11.0,5.714285714285714,15.285714285714286,22.142857142857142,52.42857142857143,5.571428571428571,18.142857142857142,10.0,11.428571428571429,10.0,5.428571428571429,13.571428571428571,-2.4285714285714284,25.142857142857142,58.285714285714285,7.428571428571429,21.857142857142858,11.142857142857142,14.714285714285714,11.857142857142858,3.4285714285714284,20.285714285714285,23.428571428571427,56.42857142857143,6.0,17.714285714285715,8.714285714285714,12.285714285714286,9.0,4.857142857142857,17.571428571428573,3.5714285714285716,0.25,0.25,8.0,9.0,-1.0,1964.7705132464384,2044.895629342132
1038,26.88888888888889,56.77777777777778,6.444444444444445,17.22222222222222,10.0,13.777777777777779,11.11111111111111,10.0,17.0,24.0,60.77777777777778,4.0,14.777777777777779,13.88888888888889,9.333333333333334,15.0,5.222222222222222,21.555555555555557,14.88888888888889,27.714285714285715,62.714285714285715,6.571428571428571,19.0,14.714285714285714,17.857142857142858,10.428571428571429,5.428571428571429,17.857142857142858,21.142857142857142,54.142857142857146,6.571428571428571,20.714285714285715,8.428571428571429,9.857142857142858,10.285714285714286,6.428571428571429,16.857142857142858,9.285714285714286,1.0,0.5,16.0,1.0,15.0,1420.8113878179463,1635.6603667020183
1039,26.666666666666668,60.666666666666664,9.166666666666666,24.0,10.0,14.5,11.833333333333334,9.0,19.833333333333332,26.833333333333332,58.833333333333336,7.0,19.0,12.833333333333334,12.833333333333334,16.166666666666668,5.333333333333333,18.333333333333332,4.0,28.0,57.285714285714285,8.428571428571429,22.0,8.714285714285714,14.428571428571429,8.857142857142858,6.714285714285714,15.857142857142858,24.142857142857142,56.285714285714285,7.571428571428571,21.571428571428573,9.714285714285714,12.285714285714286,12.142857142857142,2.5714285714285716,19.571428571428573,11.714285714285714,1.0,0.75,14.0,3.0,11.0,1591.5504301153558,1725.8649205505517
1040,27.625,59.625,7.875,21.75,8.25,15.625,14.125,5.625,18.625,25.875,57.0,7.625,23.25,8.5,13.375,14.375,8.0,15.875,0.75,25.375,55.5,6.125,18.125,11.0,13.625,11.375,4.625,19.75,20.75,54.5,3.625,15.375,10.875,8.625,11.0,4.25,19.375,11.0,0.6,1.0,6.0,11.0,-5.0,1908.2296330278305,1952.7129933955157
1041,29.166666666666668,58.666666666666664,12.5,26.5,7.5,17.0,12.333333333333334,6.666666666666667,20.833333333333332,26.5,58.5,6.0,19.5,10.166666666666666,17.0,12.833333333333334,6.333333333333333,19.0,8.833333333333334,21.833333333333332,55.833333333333336,5.0,18.666666666666668,11.0,10.166666666666666,13.666666666666666,7.333333333333333,20.333333333333332,21.5,51.0,6.5,19.166666666666668,9.5,9.833333333333334,16.833333333333332,5.333333333333333,22.166666666666668,-1.1666666666666667,0.6666666666666666,0.3333333333333333,10.0,7.0,3.0,1859.3843984169653,1887.8595963258172
1042,25.666666666666668,60.333333333333336,6.888888888888889,22.22222222222222,11.333333333333334,11.333333333333334,9.11111111111111,5.555555555555555,17.555555555555557,25.444444444444443,60.22222222222222,7.111111111111111,21.666666666666668,9.666666666666666,10.555555555555555,11.333333333333334,4.222222222222222,20.22222222222222,3.4444444444444446,31.571428571428573,67.28571428571429,8.428571428571429,23.714285714285715,11.571428571428571,20.857142857142858,10.571428571428571,5.571428571428571,17.0,25.571428571428573,61.714285714285715,8.428571428571429,24.142857142857142,10.285714285714286,14.0,12.0,6.285714285714286,16.285714285714285,11.571428571428571,0.8333333333333334,0.75,14.0,3.0,11.0,1625.388574479404,1728.8661728590675
1043,27.142857142857142,51.42857142857143,8.857142857142858,19.428571428571427,8.0,15.285714285714286,8.857142857142858,4.142857142857143,15.571428571428571,22.142857142857142,58.857142857142854,7.857142857142857,26.428571428571427,12.571428571428571,10.285714285714286,9.142857142857142,3.7142857142857144,20.0,16.0,27.285714285714285,57.714285714285715,7.285714285714286,20.571428571428573,8.571428571428571,16.428571428571427,10.571428571428571,8.142857142857142,15.142857142857142,29.428571428571427,61.857142857142854,8.714285714285714,21.285714285714285,10.571428571428571,17.142857142857142,12.142857142857142,5.0,16.857142857142858,-0.5714285714285714,1.0,0.75,6.0,11.0,-5.0,2020.796667483139,2033.004171362168
1044,25.5,54.666666666666664,8.333333333333334,19.833333333333332,8.5,15.666666666666666,11.5,6.666666666666667,20.0,26.166666666666668,58.5,8.333333333333334,23.333333333333332,9.666666666666666,14.166666666666666,13.333333333333334,4.666666666666667,22.166666666666668,3.1666666666666665,26.166666666666668,57.5,8.833333333333334,19.5,12.166666666666666,14.0,8.333333333333334,5.5,17.666666666666668,21.0,55.5,5.833333333333333,20.833333333333332,9.166666666666666,9.333333333333334,10.833333333333334,2.3333333333333335,21.5,22.5,0.3333333333333333,1.0,7.0,10.0,-3.0,1866.811269358882,1945.7628873019323
1045,27.5,54.333333333333336,9.666666666666666,22.333333333333332,8.0,17.166666666666668,10.5,4.5,15.166666666666666,21.166666666666668,54.666666666666664,4.833333333333333,15.333333333333334,8.166666666666666,8.833333333333334,9.333333333333334,6.166666666666667,14.166666666666666,15.333333333333334,27.714285714285715,56.285714285714285,7.571428571428571,18.142857142857142,9.571428571428571,13.285714285714286,10.142857142857142,4.571428571428571,19.285714285714285,24.571428571428573,57.42857142857143,6.571428571428571,22.285714285714285,9.0,12.571428571428571,10.714285714285714,4.428571428571429,21.142857142857142,8.142857142857142,0.6666666666666666,1.0,7.0,2.0,5.0,1929.2042530997924,2018.8856574374545
1046,29.714285714285715,58.42857142857143,6.285714285714286,16.571428571428573,9.571428571428571,14.428571428571429,9.428571428571429,5.857142857142857,19.285714285714285,23.285714285714285,56.142857142857146,5.285714285714286,18.142857142857142,8.857142857142858,12.428571428571429,12.571428571428571,3.7142857142857144,18.428571428571427,14.714285714285714,27.2,54.8,7.0,21.8,8.0,14.4,9.8,7.6,17.8,24.2,51.2,6.2,19.4,9.4,9.8,13.6,4.8,15.2,4.4,1.0,0.0,12.0,4.0,8.0,1829.5287277269615,1916.8770500319
1047,20.857142857142858,54.142857142857146,7.857142857142857,19.285714285714285,9.571428571428571,12.142857142857142,7.857142857142857,5.285714285714286,15.857142857142858,19.142857142857142,48.42857142857143,5.857142857142857,21.0,8.571428571428571,10.142857142857142,12.0,3.857142857142857,13.285714285714286,2.7142857142857144,24.833333333333332,58.666666666666664,7.5,21.333333333333332,9.5,9.833333333333334,12.166666666666666,5.333333333333333,17.833333333333332,22.833333333333332,56.5,5.5,19.333333333333332,9.166666666666666,9.5,12.0,5.5,17.333333333333332,1.8333333333333333,0.75,0.3333333333333333,5.0,4.0,1.0,2035.4734886853748,2113.362056738077
1048,24.0,53.125,5.375,17.375,8.75,12.625,10.625,3.875,16.75,23.875,54.875,7.25,20.5,10.625,12.25,10.375,5.625,16.625,-1.625,28.833333333333332,54.333333333333336,5.333333333333333,14.666666666666666,6.666666666666667,13.166666666666666,11.5,6.333333333333333,14.166666666666666,21.666666666666668,61.166666666666664,6.666666666666667,20.666666666666668,7.666666666666667,8.666666666666666,9.833333333333334,5.5,19.166666666666668,21.666666666666668,0.6,1.0,8.0,1.0,7.0,1874.0875911727408,1905.1735462220504
1049,27.875,55.375,11.25,24.25,6.0,16.0,9.875,6.375,16.0,28.125,62.75,8.125,21.375,13.0,13.75,11.25,4.625,17.75,5.75,26.166666666666668,56.5,7.0,18.833333333333332,8.0,15.333333333333334,12.0,5.833333333333333,15.5,27.166666666666668,60.5,6.666666666666667,22.833333333333332,10.0,12.0,12.5,5.833333333333333,19.0,3.3333333333333335,0.8,0.6666666666666666,5.0,4.0,1.0,2003.6387948919564,2071.481442046748
1050,26.285714285714285,59.0,9.0,25.714285714285715,8.714285714285714,14.0,7.857142857142857,7.857142857142857,12.142857142857142,26.714285714285715,57.142857142857146,5.857142857142857,17.142857142857142,9.857142857142858,11.0,13.428571428571429,4.857142857142857,15.285714285714286,4.714285714285714,24.75,60.875,6.625,20.0,13.375,15.125,11.875,8.0,19.75,22.875,52.25,6.25,18.0,8.875,11.75,15.75,5.625,18.5,4.0,0.6,0.6,5.0,4.0,1.0,2022.4151580235784,2104.2379898902213
1051,27.571428571428573,53.42857142857143,8.428571428571429,23.0,8.285714285714286,13.0,11.0,8.142857142857142,12.571428571428571,23.857142857142858,54.285714285714285,7.428571428571429,21.714285714285715,9.714285714285714,12.857142857142858,15.571428571428571,5.285714285714286,17.857142857142858,16.142857142857142,25.125,57.625,8.0,20.875,11.75,11.625,9.625,6.5,16.375,22.5,52.5,7.375,17.75,8.625,11.25,12.125,4.875,18.25,3.625,1.0,0.6,1.0,8.0,-7.0,2201.5981701820992,2256.447608708176
1052,28.0,60.857142857142854,5.571428571428571,18.142857142857142,12.0,13.428571428571429,10.857142857142858,6.0,19.142857142857142,23.857142857142858,54.285714285714285,8.571428571428571,21.571428571428573,8.142857142857142,11.571428571428571,12.142857142857142,5.0,16.571428571428573,3.7142857142857144,25.5,54.5,6.875,21.375,10.5,14.375,12.625,5.25,16.625,26.5,55.875,8.0,21.375,8.875,13.875,10.75,6.375,20.125,-2.75,0.5,0.6,3.0,11.0,-8.0,1952.5632863188655,2035.800051384544
1053,27.285714285714285,57.714285714285715,7.285714285714286,20.571428571428573,8.571428571428571,16.428571428571427,10.571428571428571,8.142857142857142,15.142857142857142,29.428571428571427,61.857142857142854,8.714285714285714,21.285714285714285,10.571428571428571,17.142857142857142,12.142857142857142,5.0,16.857142857142858,-0.5714285714285714,24.5,55.333333333333336,6.833333333333333,18.333333333333332,15.833333333333334,14.5,14.333333333333334,3.8333333333333335,18.0,23.0,53.666666666666664,5.5,16.833333333333332,8.833333333333334,13.666666666666666,8.833333333333334,5.5,17.166666666666668,2.5,0.75,0.6666666666666666,11.0,3.0,8.0,1888.4243112390063,1962.1038804781208
1054,25.142857142857142,58.285714285714285,7.428571428571429,21.857142857142858,11.142857142857142,14.714285714285714,11.857142857142858,3.4285714285714284,20.285714285714285,23.428571428571427,56.42857142857143,6.0,17.714285714285715,8.714285714285714,12.285714285714286,9.0,4.857142857142857,17.571428571428573,3.5714285714285716,27.333333333333332,57.333333333333336,8.166666666666666,22.0,10.0,16.0,13.0,5.333333333333333,14.833333333333334,26.666666666666668,62.833333333333336,6.5,20.5,11.666666666666666,13.333333333333334,13.0,7.166666666666667,18.5,7.166666666666667,0.25,0.6666666666666666,9.0,1.0,8.0,1940.2639149173503,1973.3657231742493
1055,26.166666666666668,57.5,8.833333333333334,19.5,12.166666666666666,14.0,8.333333333333334,5.5,17.666666666666668,21.0,55.5,5.833333333333333,20.833333333333332,9.166666666666666,9.333333333333334,10.833333333333334,2.3333333333333335,21.5,22.5,24.625,55.0,5.875,17.375,10.75,11.5,12.75,4.875,18.5,23.875,58.25,5.625,20.125,8.625,9.75,11.375,4.375,22.75,9.0,1.0,1.0,10.0,2.0,8.0,1996.683752352675,2087.065641823048
1056,29.5,61.166666666666664,7.333333333333333,20.166666666666668,12.166666666666666,13.5,11.166666666666666,5.666666666666667,20.0,24.666666666666668,56.666666666666664,9.333333333333334,23.333333333333332,10.166666666666666,11.5,10.333333333333334,6.0,16.5,1.5,27.77777777777778,54.666666666666664,9.444444444444445,25.333333333333332,6.333333333333333,14.444444444444445,9.444444444444445,6.666666666666667,15.0,25.555555555555557,56.77777777777778,5.111111111111111,15.0,10.666666666666666,12.11111111111111,12.555555555555555,4.444444444444445,16.0,10.11111111111111,0.3333333333333333,0.8333333333333334,2.0,7.0,-5.0,2051.7933499295623,2130.6701266920704
1057,27.875,61.5,5.875,18.5,10.5,13.0,10.625,7.75,18.375,25.0,62.125,7.375,23.5,13.25,11.125,12.375,4.375,16.25,5.125,27.714285714285715,62.714285714285715,6.571428571428571,19.0,14.714285714285714,17.857142857142858,10.428571428571429,5.428571428571429,17.857142857142858,21.142857142857142,54.142857142857146,6.571428571428571,20.714285714285715,8.428571428571429,9.857142857142858,10.285714285714286,6.428571428571429,16.857142857142858,9.285714285714286,0.6,0.5,8.0,1.0,7.0,1913.389644732507,1989.4299720045688
1058,25.375,55.5,6.125,18.125,11.0,13.625,11.375,4.625,19.75,20.75,54.5,3.625,15.375,10.875,8.625,11.0,4.25,19.375,11.0,28.0,57.285714285714285,8.428571428571429,22.0,8.714285714285714,14.428571428571429,8.857142857142858,6.714285714285714,15.857142857142858,24.142857142857142,56.285714285714285,7.571428571428571,21.571428571428573,9.714285714285714,12.285714285714286,12.142857142857142,2.5714285714285716,19.571428571428573,11.714285714285714,1.0,0.75,11.0,3.0,8.0,1852.8509455951933,1936.5158360528496
1059,27.22222222222222,58.333333333333336,7.666666666666667,21.0,10.666666666666666,11.11111111111111,10.0,5.555555555555555,17.333333333333332,28.11111111111111,63.0,4.666666666666667,16.444444444444443,13.0,13.222222222222221,8.88888888888889,4.888888888888889,18.77777777777778,2.4444444444444446,21.833333333333332,55.833333333333336,5.0,18.666666666666668,11.0,10.166666666666666,13.666666666666666,7.333333333333333,20.333333333333332,21.5,51.0,6.5,19.166666666666668,9.5,9.833333333333334,16.833333333333332,5.333333333333333,22.166666666666668,-1.1666666666666667,0.8333333333333334,0.3333333333333333,2.0,7.0,-5.0,2091.427848326214,2169.876043063756
1060,23.5,56.75,6.75,21.25,13.375,12.375,8.5,6.625,17.125,21.25,50.0,6.375,18.25,7.875,11.25,12.375,2.875,17.375,10.125,31.571428571428573,67.28571428571429,8.428571428571429,23.714285714285715,11.571428571428571,20.857142857142858,10.571428571428571,5.571428571428571,17.0,25.571428571428573,61.714285714285715,8.428571428571429,24.142857142857142,10.285714285714286,14.0,12.0,6.285714285714286,16.285714285714285,11.571428571428571,0.8,0.75,6.0,3.0,3.0,1959.186539897333,2046.2615256394463
1061,24.75,60.875,6.625,20.0,13.375,15.125,11.875,8.0,19.75,22.875,52.25,6.25,18.0,8.875,11.75,15.75,5.625,18.5,4.0,28.833333333333332,54.333333333333336,5.333333333333333,14.666666666666666,6.666666666666667,13.166666666666666,11.5,6.333333333333333,14.166666666666666,21.666666666666668,61.166666666666664,6.666666666666667,20.666666666666668,7.666666666666667,8.666666666666666,9.833333333333334,5.5,19.166666666666668,21.666666666666668,0.6,1.0,4.0,1.0,3.0,2023.126776826959,2108.008872308977
1062,26.166666666666668,56.5,7.0,18.833333333333332,8.0,15.333333333333334,12.0,5.833333333333333,15.5,27.166666666666668,60.5,6.666666666666667,22.833333333333332,10.0,12.0,12.5,5.833333333333333,19.0,3.3333333333333335,27.333333333333332,57.333333333333336,8.166666666666666,22.0,10.0,16.0,13.0,5.333333333333333,14.833333333333334,26.666666666666668,62.833333333333336,6.5,20.5,11.666666666666666,13.333333333333334,13.0,7.166666666666667,18.5,7.166666666666667,0.6666666666666666,0.6666666666666666,4.0,1.0,3.0,2023.876220803831,2088.502535789725
1063,27.77777777777778,54.666666666666664,9.444444444444445,25.333333333333332,6.333333333333333,14.444444444444445,9.444444444444445,6.666666666666667,15.0,25.555555555555557,56.77777777777778,5.111111111111111,15.0,10.666666666666666,12.11111111111111,12.555555555555555,4.444444444444445,16.0,10.11111111111111,28.0,57.285714285714285,8.428571428571429,22.0,8.714285714285714,14.428571428571429,8.857142857142858,6.714285714285714,15.857142857142858,24.142857142857142,56.285714285714285,7.571428571428571,21.571428571428573,9.714285714285714,12.285714285714286,12.142857142857142,2.5714285714285716,19.571428571428573,11.714285714285714,0.8333333333333334,0.75,7.0,3.0,4.0,1996.2904301032029,2047.138361881656
1064,27.714285714285715,56.285714285714285,7.571428571428571,18.142857142857142,9.571428571428571,13.285714285714286,10.142857142857142,4.571428571428571,19.285714285714285,24.571428571428573,57.42857142857143,6.571428571428571,22.285714285714285,9.0,12.571428571428571,10.714285714285714,4.428571428571429,21.142857142857142,8.142857142857142,25.5,54.5,6.875,21.375,10.5,14.375,12.625,5.25,16.625,26.5,55.875,8.0,21.375,8.875,13.875,10.75,6.375,20.125,-2.75,1.0,0.6,2.0,11.0,-9.0,2118.823785007889,2197.6451991938648
1065,25.125,57.625,8.0,20.875,11.75,11.625,9.625,6.5,16.375,22.5,52.5,7.375,17.75,8.625,11.25,12.125,4.875,18.25,3.625,24.833333333333332,58.666666666666664,7.5,21.333333333333332,9.5,9.833333333333334,12.166666666666666,5.333333333333333,17.833333333333332,22.833333333333332,56.5,5.5,19.333333333333332,9.166666666666666,9.5,12.0,5.5,17.333333333333332,1.8333333333333333,0.6,0.3333333333333333,8.0,4.0,4.0,2023.476798898871,2018.3005239963795
1066,31.571428571428573,67.28571428571429,8.428571428571429,23.714285714285715,11.571428571428571,20.857142857142858,10.571428571428571,5.571428571428571,17.0,25.571428571428573,61.714285714285715,8.428571428571429,24.142857142857142,10.285714285714286,14.0,12.0,6.285714285714286,16.285714285714285,11.571428571428571,24.625,55.0,5.875,17.375,10.75,11.5,12.75,4.875,18.5,23.875,58.25,5.625,20.125,8.625,9.75,11.375,4.375,22.75,9.0,0.75,1.0,3.0,2.0,1.0,2013.9359430077943,2093.531635647811
1067,27.2,54.8,7.0,21.8,8.0,14.4,9.8,7.6,17.8,24.2,51.2,6.2,19.4,9.4,9.8,13.6,4.8,15.2,4.4,27.714285714285715,62.714285714285715,6.571428571428571,19.0,14.714285714285714,17.857142857142858,10.428571428571429,5.428571428571429,17.857142857142858,21.142857142857142,54.142857142857146,6.571428571428571,20.714285714285715,8.428571428571429,9.857142857142858,10.285714285714286,6.428571428571429,16.857142857142858,9.285714285714286,0.0,0.5,4.0,1.0,3.0,1974.5491766070072,2022.2038039554843
1068,24.5,55.333333333333336,6.833333333333333,18.333333333333332,15.833333333333334,14.5,14.333333333333334,3.8333333333333335,18.0,23.0,53.666666666666664,5.5,16.833333333333332,8.833333333333334,13.666666666666666,8.833333333333334,5.5,17.166666666666668,2.5,21.833333333333332,55.833333333333336,5.0,18.666666666666668,11.0,10.166666666666666,13.666666666666666,7.333333333333333,20.333333333333332,21.5,51.0,6.5,19.166666666666668,9.5,9.833333333333334,16.833333333333332,5.333333333333333,22.166666666666668,-1.1666666666666667,0.6666666666666666,0.3333333333333333,3.0,7.0,-4.0,1998.4435804258844,2078.2950671844874
1069,25.5,54.5,6.875,21.375,10.5,14.375,12.625,5.25,16.625,26.5,55.875,8.0,21.375,8.875,13.875,10.75,6.375,20.125,-2.75,28.833333333333332,54.333333333333336,5.333333333333333,14.666666666666666,6.666666666666667,13.166666666666666,11.5,6.333333333333333,14.166666666666666,21.666666666666668,61.166666666666664,6.666666666666667,20.666666666666668,7.666666666666667,8.666666666666666,9.833333333333334,5.5,19.166666666666668,21.666666666666668,0.6,1.0,11.0,1.0,10.0,1963.0823102037807,2008.6255204343647
1070,27.333333333333332,57.333333333333336,8.166666666666666,22.0,10.0,16.0,13.0,5.333333333333333,14.833333333333334,26.666666666666668,62.833333333333336,6.5,20.5,11.666666666666666,13.333333333333334,13.0,7.166666666666667,18.5,7.166666666666667,28.0,57.285714285714285,8.428571428571429,22.0,8.714285714285714,14.428571428571429,8.857142857142858,6.714285714285714,15.857142857142858,24.142857142857142,56.285714285714285,7.571428571428571,21.571428571428573,9.714285714285714,12.285714285714286,12.142857142857142,2.5714285714285716,19.571428571428573,11.714285714285714,0.6666666666666666,0.75,1.0,3.0,-2.0,2178.8169732854976,2254.250632144776
1071,24.625,55.0,5.875,17.375,10.75,11.5,12.75,4.875,18.5,23.875,58.25,5.625,20.125,8.625,9.75,11.375,4.375,22.75,9.0,27.714285714285715,62.714285714285715,6.571428571428571,19.0,14.714285714285714,17.857142857142858,10.428571428571429,5.428571428571429,17.857142857142858,21.142857142857142,54.142857142857146,6.571428571428571,20.714285714285715,8.428571428571429,9.857142857142858,10.285714285714286,6.428571428571429,16.857142857142858,9.285714285714286,1.0,0.5,2.0,1.0,1.0,2142.2294411818334,2211.3280454962323
1072,24.833333333333332,58.666666666666664,7.5,21.333333333333332,9.5,9.833333333333334,12.166666666666666,5.333333333333333,17.833333333333332,22.833333333333332,56.5,5.5,19.333333333333332,9.166666666666666,9.5,12.0,5.5,17.333333333333332,1.8333333333333333,21.833333333333332,55.833333333333336,5.0,18.666666666666668,11.0,10.166666666666666,13.666666666666666,7.333333333333333,20.333333333333332,21.5,51.0,6.5,19.166666666666668,9.5,9.833333333333334,16.833333333333332,5.333333333333333,22.166666666666668,-1.1666666666666667,0.3333333333333333,0.3333333333333333,4.0,7.0,-3.0,1981.8189829565,2046.288483073923
1073,21.833333333333332,55.833333333333336,5.0,18.666666666666668,11.0,10.166666666666666,13.666666666666666,7.333333333333333,20.333333333333332,21.5,51.0,6.5,19.166666666666668,9.5,9.833333333333334,16.833333333333332,5.333333333333333,22.166666666666668,-1.1666666666666667,28.833333333333332,54.333333333333336,5.333333333333333,14.666666666666666,6.666666666666667,13.166666666666666,11.5,6.333333333333333,14.166666666666666,21.666666666666668,61.166666666666664,6.666666666666667,20.666666666666668,7.666666666666667,8.666666666666666,9.833333333333334,5.5,19.166666666666668,21.666666666666668,0.3333333333333333,1.0,7.0,1.0,6.0,1921.3508189830352,1996.724352924865
1074,28.0,57.285714285714285,8.428571428571429,22.0,8.714285714285714,14.428571428571429,8.857142857142858,6.714285714285714,15.857142857142858,24.142857142857142,56.285714285714285,7.571428571428571,21.571428571428573,9.714285714285714,12.285714285714286,12.142857142857142,2.5714285714285716,19.571428571428573,11.714285714285714,27.714285714285715,62.714285714285715,6.571428571428571,19.0,14.714285714285714,17.857142857142858,10.428571428571429,5.428571428571429,17.857142857142858,21.142857142857142,54.142857142857146,6.571428571428571,20.714285714285715,8.428571428571429,9.857142857142858,10.285714285714286,6.428571428571429,16.857142857142858,9.285714285714286,0.75,0.5,3.0,1.0,2.0,2125.34753555538,2197.3659448005315
1075,28.833333333333332,54.333333333333336,5.333333333333333,14.666666666666666,6.666666666666667,13.166666666666666,11.5,6.333333333333333,14.166666666666666,21.666666666666668,61.166666666666664,6.666666666666667,20.666666666666668,7.666666666666667,8.666666666666666,9.833333333333334,5.5,19.166666666666668,21.666666666666668,27.714285714285715,62.714285714285715,6.571428571428571,19.0,14.714285714285714,17.857142857142858,10.428571428571429,5.428571428571429,17.857142857142858,21.142857142857142,54.142857142857146,6.571428571428571,20.714285714285715,8.428571428571429,9.857142857142858,10.285714285714286,6.428571428571429,16.857142857142858,9.285714285714286,1.0,0.5,1.0,1.0,0.0,2116.216879244747,2197.908793942659
1076,21.0,50.166666666666664,7.666666666666667,20.166666666666668,9.166666666666666,10.833333333333334,8.666666666666666,6.666666666666667,13.0,19.333333333333332,48.166666666666664,6.666666666666667,20.166666666666668,6.833333333333333,9.833333333333334,12.333333333333334,3.3333333333333335,15.5,10.0,26.333333333333332,55.5,7.333333333333333,19.166666666666668,11.0,11.333333333333334,13.333333333333334,5.666666666666667,18.666666666666668,25.0,67.5,5.5,23.833333333333332,17.666666666666668,11.0,10.833333333333334,5.166666666666667,21.0,7.666666666666667,1.0,1.0,16.0,16.0,0.0,1408.578217756355,1588.9014639318536
1077,25.833333333333332,55.0,8.166666666666666,21.333333333333332,8.833333333333334,13.333333333333334,11.666666666666666,5.833333333333333,19.666666666666668,25.333333333333332,60.333333333333336,10.166666666666666,29.333333333333332,11.0,15.333333333333334,12.5,5.666666666666667,20.666666666666668,2.8333333333333335,28.333333333333332,64.5,13.0,30.833333333333332,10.166666666666666,14.5,11.0,4.333333333333333,18.833333333333332,27.166666666666668,62.5,9.833333333333334,27.166666666666668,8.833333333333334,12.333333333333334,8.833333333333334,5.833333333333333,15.0,1.5,0.75,0.6666666666666666,11.0,11.0,0.0,1828.666920749177,1921.777735563927
1078,20.714285714285715,53.142857142857146,6.714285714285714,21.0,11.285714285714286,9.714285714285714,12.857142857142858,5.142857142857143,16.428571428571427,23.285714285714285,56.714285714285715,6.857142857142857,23.142857142857142,11.714285714285714,17.285714285714285,10.142857142857142,7.714285714285714,16.285714285714285,-5.0,26.2,58.0,8.8,24.6,7.2,12.4,8.8,5.2,21.2,27.0,58.4,6.2,18.4,11.6,14.4,13.6,6.4,21.2,1.4,0.5,0.3333333333333333,11.0,11.0,0.0,1870.195757465532,1939.777546458503
1079,28.0,58.333333333333336,9.666666666666666,22.444444444444443,10.11111111111111,15.333333333333334,9.88888888888889,6.111111111111111,15.0,28.555555555555557,64.66666666666667,5.888888888888889,16.88888888888889,12.666666666666666,15.333333333333334,11.555555555555555,5.0,19.444444444444443,11.666666666666666,27.444444444444443,59.77777777777778,5.777777777777778,19.666666666666668,12.0,17.0,12.333333333333334,5.333333333333333,17.666666666666668,22.77777777777778,58.77777777777778,7.111111111111111,23.22222222222222,11.11111111111111,11.777777777777779,11.777777777777779,4.888888888888889,15.444444444444445,6.0,1.0,0.8333333333333334,16.0,16.0,0.0,1319.1867299274577,1541.689729506209
1080,23.375,55.125,6.75,21.875,11.0,11.375,14.5,5.125,19.75,25.625,58.625,7.5,21.875,12.125,12.5,11.625,6.875,20.125,-7.375,24.0,54.833333333333336,7.5,22.166666666666668,8.666666666666666,14.666666666666666,10.5,6.0,16.0,22.0,54.166666666666664,9.333333333333334,28.5,10.833333333333334,13.333333333333334,13.333333333333334,4.166666666666667,15.833333333333334,2.3333333333333335,0.4,0.3333333333333333,9.0,8.0,1.0,1822.1761178181405,1897.905562158491
1081,32.0,64.28571428571429,9.142857142857142,23.142857142857142,12.285714285714286,16.571428571428573,11.0,6.285714285714286,18.571428571428573,24.142857142857142,60.0,7.714285714285714,24.714285714285715,11.0,11.0,12.857142857142858,6.285714285714286,16.142857142857142,15.285714285714286,27.428571428571427,56.857142857142854,5.571428571428571,17.714285714285715,10.857142857142858,12.714285714285714,12.142857142857142,4.571428571428571,15.428571428571429,24.571428571428573,59.285714285714285,7.0,22.714285714285715,8.285714285714286,12.714285714285714,10.142857142857142,6.571428571428571,20.428571428571427,9.428571428571429,1.0,1.0,13.0,4.0,9.0,1705.300451938087,1811.786821587184
1082,25.428571428571427,56.714285714285715,6.857142857142857,21.428571428571427,11.142857142857142,14.571428571428571,13.857142857142858,9.0,12.857142857142858,23.857142857142858,62.42857142857143,5.857142857142857,23.571428571428573,11.142857142857142,16.714285714285715,13.0,7.285714285714286,14.714285714285714,10.428571428571429,25.8,55.4,9.0,21.2,7.0,13.0,10.6,7.6,18.6,28.0,60.6,7.4,20.6,12.8,12.4,14.6,6.2,21.2,6.2,0.5,1.0,2.0,15.0,-13.0,2064.77927978723,2135.688741999405
1083,25.666666666666668,59.166666666666664,9.333333333333334,25.166666666666668,10.5,13.333333333333334,7.833333333333333,6.333333333333333,18.166666666666668,23.0,54.666666666666664,6.166666666666667,17.5,12.5,10.0,12.166666666666666,2.6666666666666665,16.833333333333332,4.0,25.833333333333332,55.0,8.166666666666666,21.333333333333332,8.833333333333334,13.333333333333334,11.666666666666666,5.833333333333333,19.666666666666668,25.333333333333332,60.333333333333336,10.166666666666666,29.333333333333332,11.0,15.333333333333334,12.5,5.666666666666667,20.666666666666668,2.8333333333333335,0.6666666666666666,0.75,6.0,11.0,-5.0,1912.3875513559667,1981.766357025608
1084,29.333333333333332,56.666666666666664,10.5,22.166666666666668,7.5,14.666666666666666,10.0,4.333333333333333,16.166666666666668,23.0,59.166666666666664,7.166666666666667,20.333333333333332,8.0,10.333333333333334,9.666666666666666,4.666666666666667,15.833333333333334,15.833333333333334,26.285714285714285,59.57142857142857,9.571428571428571,27.142857142857142,12.285714285714286,14.285714285714286,11.0,6.0,17.571428571428573,20.428571428571427,51.42857142857143,7.142857142857143,22.285714285714285,7.142857142857143,10.285714285714286,13.0,6.428571428571429,16.142857142857142,10.142857142857142,1.0,1.0,4.0,13.0,-9.0,2083.4768141890645,2166.829764558607
1085,28.125,58.75,9.375,23.875,11.625,14.875,11.875,6.25,21.0,21.625,52.375,6.25,18.375,8.375,10.75,12.625,4.5,17.625,14.875,27.0,57.125,6.625,20.625,8.5,15.25,10.375,6.25,17.0,22.75,55.875,7.125,23.25,7.625,13.0,13.875,4.625,20.875,13.75,0.8,1.0,6.0,11.0,-5.0,1894.6027812024863,2017.84125114604
1086,29.875,56.625,10.25,23.375,9.0,16.375,11.875,6.625,14.625,27.25,61.875,7.625,22.5,12.125,12.25,11.375,5.75,16.875,9.125,27.571428571428573,54.0,9.142857142857142,22.714285714285715,6.285714285714286,15.571428571428571,11.0,5.285714285714286,16.142857142857142,24.857142857142858,58.142857142857146,5.571428571428571,20.142857142857142,7.571428571428571,11.142857142857142,11.142857142857142,4.857142857142857,17.0,10.0,0.8,0.75,1.0,16.0,-15.0,2124.05681850678,2191.587107610108
1087,27.5,56.875,7.5,16.625,12.375,13.875,10.375,5.5,18.0,23.75,60.0,8.5,26.125,13.25,11.375,11.0,4.375,20.375,11.5,26.375,52.875,9.75,23.75,6.125,15.375,9.375,3.75,15.0,24.5,58.125,9.375,27.5,8.875,11.75,9.0,4.25,18.875,8.625,0.8,0.8,5.0,12.0,-7.0,2025.360017341928,2108.8665578068826
1088,24.666666666666668,51.666666666666664,7.833333333333333,22.666666666666668,6.833333333333333,15.333333333333334,10.833333333333334,7.666666666666667,11.166666666666666,20.833333333333332,52.666666666666664,6.166666666666667,20.166666666666668,7.833333333333333,12.166666666666666,13.0,6.0,15.0,10.666666666666666,27.5,60.666666666666664,8.333333333333334,23.0,10.166666666666666,14.0,9.666666666666666,6.166666666666667,17.0,27.666666666666668,55.833333333333336,7.333333333333333,20.833333333333332,10.0,16.333333333333332,11.166666666666666,5.333333333333333,14.833333333333334,-2.6666666666666665,1.0,0.6666666666666666,11.0,6.0,5.0,1774.281308311363,1875.8415545941748
1089,25.571428571428573,54.57142857142857,9.0,23.142857142857142,7.428571428571429,13.714285714285714,8.428571428571429,6.142857142857143,17.285714285714285,23.142857142857142,58.285714285714285,5.285714285714286,18.285714285714285,11.285714285714286,9.714285714285714,11.142857142857142,3.5714285714285716,20.142857142857142,12.857142857142858,30.571428571428573,61.0,5.142857142857143,13.285714285714286,11.428571428571429,12.857142857142858,11.0,7.0,17.428571428571427,26.0,57.57142857142857,7.428571428571429,19.142857142857142,7.714285714285714,10.142857142857142,12.571428571428571,4.857142857142857,19.285714285714285,11.571428571428571,1.0,1.0,3.0,14.0,-11.0,2063.267198337201,2130.071929065687
1090,29.0,60.5,7.0,18.75,12.0,14.5,11.75,5.5,18.5,24.5,57.25,6.25,16.75,10.25,13.0,9.5,6.5,13.75,4.0,28.333333333333332,63.666666666666664,10.333333333333334,27.5,9.0,12.166666666666666,7.166666666666667,3.1666666666666665,15.5,25.5,61.833333333333336,7.666666666666667,23.333333333333332,6.5,9.0,8.666666666666666,3.5,19.5,11.333333333333334,0.0,1.0,5.0,12.0,-7.0,1919.0339024837735,2038.260805627238
1091,27.0,63.285714285714285,7.428571428571429,23.857142857142858,12.0,14.714285714285714,9.428571428571429,7.285714285714286,17.857142857142858,24.571428571428573,54.57142857142857,6.428571428571429,18.428571428571427,9.428571428571429,12.142857142857142,14.428571428571429,5.428571428571429,16.571428571428573,0.8571428571428571,25.5,62.666666666666664,7.666666666666667,25.666666666666668,8.666666666666666,11.5,11.166666666666666,5.666666666666667,15.833333333333334,30.0,63.833333333333336,7.666666666666667,22.333333333333332,11.333333333333334,13.166666666666666,13.5,6.666666666666667,16.833333333333332,-7.5,0.4,0.3333333333333333,7.0,10.0,-3.0,1868.2450081835752,1948.723108824439
1092,27.166666666666668,58.333333333333336,6.333333333333333,19.666666666666668,11.5,14.0,11.333333333333334,5.0,16.666666666666668,27.5,63.0,7.166666666666667,26.0,10.5,12.166666666666666,9.833333333333334,5.833333333333333,19.833333333333332,4.833333333333333,30.166666666666668,60.833333333333336,10.166666666666666,20.166666666666668,9.0,15.666666666666666,11.0,6.333333333333333,17.833333333333332,29.833333333333332,64.66666666666667,4.5,18.333333333333332,13.0,13.833333333333334,13.333333333333334,5.0,17.333333333333332,7.0,0.3333333333333333,0.3333333333333333,8.0,9.0,-1.0,1916.2277643179775,1929.754683015286
1093,23.625,56.625,7.125,18.5,11.625,14.375,11.0,4.75,19.0,21.375,54.125,5.375,18.875,11.75,8.25,11.875,5.25,18.25,5.625,24.166666666666668,57.5,7.166666666666667,20.833333333333332,10.166666666666666,14.166666666666666,10.5,4.333333333333333,16.166666666666668,21.833333333333332,54.0,8.0,21.666666666666668,6.166666666666667,11.666666666666666,11.5,4.666666666666667,20.5,7.333333333333333,0.8,1.0,3.0,14.0,-11.0,1939.1362657974528,2038.9300680869808
1094,23.857142857142858,54.0,7.285714285714286,18.428571428571427,12.0,12.714285714285714,11.857142857142858,4.857142857142857,19.428571428571427,24.285714285714285,55.42857142857143,8.142857142857142,20.571428571428573,11.0,12.0,10.142857142857142,6.0,19.571428571428573,-2.4285714285714284,26.375,57.0,7.625,20.625,11.75,13.875,14.125,9.0,19.125,19.875,53.125,6.875,20.625,9.5,12.0,16.875,7.375,20.0,13.875,0.5,1.0,3.0,14.0,-11.0,1916.443421840993,1977.259486208024
1095,31.375,62.875,12.25,31.375,8.625,17.375,10.125,6.5,15.625,26.25,60.5,6.75,22.25,8.25,14.375,12.25,4.375,15.625,14.875,21.0,50.166666666666664,7.666666666666667,20.166666666666668,9.166666666666666,10.833333333333334,8.666666666666666,6.666666666666667,13.0,19.333333333333332,48.166666666666664,6.666666666666667,20.166666666666668,6.833333333333333,9.833333333333334,12.333333333333334,3.3333333333333335,15.5,10.0,1.0,1.0,1.0,16.0,-15.0,2177.119234245268,2215.377882184008
1096,23.0,61.666666666666664,8.5,29.333333333333332,12.5,12.166666666666666,12.333333333333334,7.166666666666667,21.5,25.833333333333332,56.833333333333336,9.166666666666666,22.833333333333332,9.333333333333334,14.833333333333334,14.333333333333334,6.0,21.166666666666668,-2.3333333333333335,29.5,59.333333333333336,10.166666666666666,24.0,8.166666666666666,12.166666666666666,9.333333333333334,5.833333333333333,14.5,27.5,57.833333333333336,8.5,23.666666666666668,7.5,13.333333333333334,11.166666666666666,4.0,15.833333333333334,8.166666666666666,0.3333333333333333,1.0,4.0,13.0,-9.0,1861.1597607526885,1957.408009097352
1097,27.666666666666668,61.5,8.333333333333334,24.833333333333332,8.5,11.333333333333334,10.666666666666666,6.666666666666667,17.0,25.0,56.166666666666664,8.0,22.0,8.5,12.333333333333334,13.666666666666666,5.833333333333333,14.833333333333334,1.0,26.5,58.0,7.375,18.0,11.0,13.25,10.375,4.75,20.25,24.375,56.5,9.0,23.875,12.25,13.5,12.875,4.875,19.875,0.125,0.25,0.6,10.0,7.0,3.0,1910.8358297415348,1766.8959922186195
1098,25.5,56.25,7.0,20.25,12.0,15.25,9.75,6.0,15.125,21.25,55.125,7.0,21.375,10.75,11.375,12.375,4.25,16.0,10.0,27.0,57.714285714285715,10.142857142857142,24.142857142857142,8.285714285714286,13.0,10.428571428571429,7.285714285714286,21.142857142857142,19.714285714285715,54.285714285714285,8.285714285714286,27.142857142857142,12.142857142857142,11.714285714285714,11.857142857142858,4.142857142857143,17.142857142857142,8.857142857142858,1.0,0.8,2.0,15.0,-13.0,2037.9537325219696,2136.07953954278
1099,21.857142857142858,54.0,7.571428571428571,24.0,9.714285714285714,11.857142857142858,10.714285714285714,4.285714285714286,17.571428571428573,21.714285714285715,55.714285714285715,8.0,21.142857142857142,10.571428571428571,11.285714285714286,9.285714285714286,6.428571428571429,17.857142857142858,0.5714285714285714,29.0,62.142857142857146,8.142857142857142,21.571428571428573,12.285714285714286,14.571428571428571,12.428571428571429,5.714285714285714,19.142857142857142,23.0,59.714285714285715,7.0,21.571428571428573,8.142857142857142,8.571428571428571,11.857142857142858,5.428571428571429,20.285714285714285,12.285714285714286,0.5,1.0,5.0,12.0,-7.0,1913.08914763077,1990.0218511915505
1100,26.4,55.2,6.2,20.4,8.6,13.4,12.6,5.8,19.6,27.6,59.8,11.4,23.0,9.6,14.6,11.8,4.8,20.4,-3.8,23.0,54.0,10.833333333333334,26.0,9.833333333333334,11.666666666666666,12.833333333333334,4.166666666666667,18.0,25.5,58.833333333333336,8.833333333333334,22.666666666666668,9.5,13.0,9.5,6.333333333333333,19.833333333333332,-1.5,0.3333333333333333,0.6666666666666666,9.0,8.0,1.0,1902.6776316247945,1956.047763740637
1101,26.428571428571427,56.0,4.571428571428571,16.571428571428573,8.0,13.571428571428571,12.285714285714286,7.714285714285714,17.142857142857142,24.142857142857142,54.57142857142857,7.142857142857143,20.428571428571427,9.714285714285714,13.0,13.142857142857142,6.571428571428571,16.0,0.2857142857142857,29.333333333333332,60.666666666666664,10.0,27.0,6.666666666666667,17.5,10.5,6.333333333333333,15.833333333333334,29.5,64.5,10.166666666666666,26.666666666666668,11.166666666666666,14.333333333333334,11.666666666666666,5.5,15.666666666666666,-0.6666666666666666,0.5,0.3333333333333333,9.0,8.0,1.0,1918.3890817647705,1988.81686554102
1102,28.375,59.125,10.0,27.5,6.625,16.375,11.25,6.625,16.125,28.5,65.5,6.75,21.0,13.25,13.75,11.75,6.25,17.375,5.625,26.714285714285715,57.142857142857146,7.857142857142857,21.0,12.0,16.285714285714285,11.285714285714286,4.571428571428571,18.142857142857142,25.0,55.285714285714285,9.714285714285714,22.857142857142858,8.714285714285714,11.857142857142858,10.0,5.714285714285714,21.285714285714285,3.5714285714285716,0.8,0.5,13.0,4.0,9.0,1658.0706809732928,1778.2081042129812
1103,23.0,53.8,7.8,21.2,10.6,13.2,10.4,3.2,18.2,21.4,54.2,7.0,19.8,8.4,11.2,6.2,4.2,18.0,4.4,27.333333333333332,54.166666666666664,8.166666666666666,22.666666666666668,8.0,16.166666666666668,12.0,5.666666666666667,17.166666666666668,23.333333333333332,58.833333333333336,5.333333333333333,17.333333333333332,9.833333333333334,10.333333333333334,11.833333333333334,6.333333333333333,21.333333333333332,18.166666666666668,0.5,1.0,3.0,14.0,-11.0,2059.068494747115,2121.312004305065
1104,30.571428571428573,65.28571428571429,10.714285714285714,26.714285714285715,10.714285714285714,16.857142857142858,8.142857142857142,5.857142857142857,17.571428571428573,27.857142857142858,61.857142857142854,8.428571428571429,25.142857142857142,12.285714285714286,14.857142857142858,12.0,4.285714285714286,18.285714285714285,5.285714285714286,25.285714285714285,58.0,7.285714285714286,22.142857142857142,10.285714285714286,10.571428571428571,10.571428571428571,6.714285714285714,15.428571428571429,25.857142857142858,58.857142857142854,7.0,20.428571428571427,10.0,12.857142857142858,10.571428571428571,4.571428571428571,16.0,0.0,0.5,0.5,7.0,10.0,-3.0,1839.2858198746533,1903.4280108925016
1105,28.0,64.25,8.75,25.0,14.5,19.5,10.875,6.875,16.25,25.5,60.125,8.0,21.125,11.625,12.125,11.0,6.5,16.125,5.125,30.6,57.6,10.0,26.2,8.2,19.6,15.4,8.4,19.2,27.0,58.8,8.0,23.8,10.0,12.2,16.8,9.6,21.2,11.0,0.5,1.0,2.0,15.0,-13.0,2085.683868889272,2157.092620783417
1106,27.333333333333332,53.0,9.666666666666666,22.666666666666668,7.833333333333333,13.333333333333334,9.666666666666666,4.833333333333333,16.833333333333332,27.0,59.666666666666664,8.166666666666666,20.5,11.166666666666666,12.5,9.333333333333334,5.333333333333333,18.333333333333332,6.666666666666667,27.0,55.75,3.875,13.75,8.75,13.875,12.125,6.75,17.75,23.0,57.375,6.375,17.125,10.25,10.625,12.625,4.375,19.75,7.875,0.6666666666666666,0.8,2.0,15.0,-13.0,2048.009423232377,2105.0920461089004
1107,20.714285714285715,53.142857142857146,6.714285714285714,21.0,11.285714285714286,9.714285714285714,12.857142857142858,5.142857142857143,16.428571428571427,23.285714285714285,56.714285714285715,6.857142857142857,23.142857142857142,11.714285714285714,17.285714285714285,10.142857142857142,7.714285714285714,16.285714285714285,-5.0,27.5,55.666666666666664,6.5,19.166666666666668,10.333333333333334,15.666666666666666,13.0,5.666666666666667,17.5,25.666666666666668,57.666666666666664,5.166666666666667,15.0,8.5,13.666666666666666,11.333333333333334,7.5,20.166666666666668,6.166666666666667,0.5,0.3333333333333333,11.0,6.0,5.0,1882.6032183221807,1951.651303920916
1108,25.833333333333332,58.166666666666664,5.5,17.833333333333332,12.333333333333334,11.5,11.833333333333334,4.666666666666667,18.333333333333332,27.5,63.666666666666664,8.166666666666666,22.5,13.833333333333334,14.5,11.166666666666666,5.666666666666667,20.166666666666668,-3.5,24.875,59.875,6.125,21.125,10.875,13.375,11.375,5.75,17.875,25.875,58.5,6.5,18.75,10.375,12.5,11.625,6.625,17.5,-3.875,0.6666666666666666,0.6,7.0,10.0,-3.0,1848.493827526405,1944.8162229719603
1109,25.857142857142858,57.857142857142854,8.857142857142858,23.285714285714285,8.571428571428571,15.428571428571429,10.714285714285714,7.714285714285714,16.714285714285715,22.142857142857142,53.857142857142854,7.428571428571429,22.0,9.142857142857142,12.428571428571429,14.571428571428571,5.571428571428571,17.142857142857142,6.857142857142857,24.714285714285715,53.142857142857146,6.714285714285714,15.428571428571429,8.428571428571429,13.714285714285714,7.142857142857143,5.428571428571429,15.142857142857142,18.0,49.0,6.857142857142857,21.142857142857142,7.142857142857143,10.0,8.714285714285714,3.5714285714285716,15.714285714285714,11.0,1.0,1.0,16.0,1.0,15.0,1464.3183524716835,1662.7435358264052
1110,26.5,61.0,8.625,22.375,12.5,13.75,10.125,6.375,22.875,24.125,52.875,8.375,19.75,9.625,12.625,12.375,5.625,17.625,3.125,24.4,54.4,8.2,23.0,9.8,13.4,12.2,6.6,16.2,23.6,58.4,5.6,18.8,9.4,10.2,11.8,5.4,17.0,10.6,0.6,1.0,5.0,12.0,-7.0,2002.2074495326635,2077.5290276173537
1111,26.833333333333332,59.333333333333336,7.0,20.833333333333332,10.666666666666666,15.5,12.166666666666666,6.166666666666667,17.5,28.0,59.666666666666664,7.5,23.666666666666668,5.833333333333333,15.0,11.0,5.833333333333333,19.833333333333332,5.666666666666667,28.0,58.333333333333336,9.666666666666666,22.444444444444443,10.11111111111111,15.333333333333334,9.88888888888889,6.111111111111111,15.0,28.555555555555557,64.66666666666667,5.888888888888889,16.88888888888889,12.666666666666666,15.333333333333334,11.555555555555555,5.0,19.444444444444443,11.666666666666666,0.75,1.0,1.0,16.0,-15.0,2063.274386361765,2095.337471729491
1112,25.428571428571427,56.714285714285715,6.857142857142857,21.428571428571427,11.142857142857142,14.571428571428571,13.857142857142858,9.0,12.857142857142858,23.857142857142858,62.42857142857143,5.857142857142857,23.571428571428573,11.142857142857142,16.714285714285715,13.0,7.285714285714286,14.714285714285714,10.428571428571429,27.0,63.285714285714285,7.428571428571429,23.857142857142858,12.0,14.714285714285714,9.428571428571429,7.285714285714286,17.857142857142858,24.571428571428573,54.57142857142857,6.428571428571429,18.428571428571427,9.428571428571429,12.142857142857142,14.428571428571429,5.428571428571429,16.571428571428573,0.8571428571428571,0.5,0.4,2.0,7.0,-5.0,2066.391788093927,2137.9975721534843
1113,29.333333333333332,56.666666666666664,10.5,22.166666666666668,7.5,14.666666666666666,10.0,4.333333333333333,16.166666666666668,23.0,59.166666666666664,7.166666666666667,20.333333333333332,8.0,10.333333333333334,9.666666666666666,4.666666666666667,15.833333333333334,15.833333333333334,29.0,60.5,7.0,18.75,12.0,14.5,11.75,5.5,18.5,24.5,57.25,6.25,16.75,10.25,13.0,9.5,6.5,13.75,4.0,1.0,0.0,4.0,5.0,-1.0,2085.606726719224,2169.658635686373
1114,29.875,56.625,10.25,23.375,9.0,16.375,11.875,6.625,14.625,27.25,61.875,7.625,22.5,12.125,12.25,11.375,5.75,16.875,9.125,27.166666666666668,58.333333333333336,6.333333333333333,19.666666666666668,11.5,14.0,11.333333333333334,5.0,16.666666666666668,27.5,63.0,7.166666666666667,26.0,10.5,12.166666666666666,9.833333333333334,5.833333333333333,19.833333333333332,4.833333333333333,0.8,0.3333333333333333,1.0,8.0,-7.0,2125.5065306854376,2193.8653325046357
1115,27.5,56.875,7.5,16.625,12.375,13.875,10.375,5.5,18.0,23.75,60.0,8.5,26.125,13.25,11.375,11.0,4.375,20.375,11.5,32.0,64.28571428571429,9.142857142857142,23.142857142857142,12.285714285714286,16.571428571428573,11.0,6.285714285714286,18.571428571428573,24.142857142857142,60.0,7.714285714285714,24.714285714285715,11.0,11.0,12.857142857142858,6.285714285714286,16.142857142857142,15.285714285714286,0.8,1.0,5.0,13.0,-8.0,2032.255637685049,2115.713079924431
1116,24.666666666666668,51.666666666666664,7.833333333333333,22.666666666666668,6.833333333333333,15.333333333333334,10.833333333333334,7.666666666666667,11.166666666666666,20.833333333333332,52.666666666666664,6.166666666666667,20.166666666666668,7.833333333333333,12.166666666666666,13.0,6.0,15.0,10.666666666666666,23.625,56.625,7.125,18.5,11.625,14.375,11.0,4.75,19.0,21.375,54.125,5.375,18.875,11.75,8.25,11.875,5.25,18.25,5.625,1.0,0.8,11.0,3.0,8.0,1798.1584964408137,1898.5883503803789
1117,25.571428571428573,54.57142857142857,9.0,23.142857142857142,7.428571428571429,13.714285714285714,8.428571428571429,6.142857142857143,17.285714285714285,23.142857142857142,58.285714285714285,5.285714285714286,18.285714285714285,11.285714285714286,9.714285714285714,11.142857142857142,3.5714285714285716,20.142857142857142,12.857142857142858,28.125,58.75,9.375,23.875,11.625,14.875,11.875,6.25,21.0,21.625,52.375,6.25,18.375,8.375,10.75,12.625,4.5,17.625,14.875,1.0,0.8,3.0,6.0,-3.0,2065.225512097952,2132.706694338716
1118,23.857142857142858,54.0,7.285714285714286,18.428571428571427,12.0,12.714285714285714,11.857142857142858,4.857142857142857,19.428571428571427,24.285714285714285,55.42857142857143,8.142857142857142,20.571428571428573,11.0,12.0,10.142857142857142,6.0,19.571428571428573,-2.4285714285714284,25.666666666666668,59.166666666666664,9.333333333333334,25.166666666666668,10.5,13.333333333333334,7.833333333333333,6.333333333333333,18.166666666666668,23.0,54.666666666666664,6.166666666666667,17.5,12.5,10.0,12.166666666666666,2.6666666666666665,16.833333333333332,4.0,0.5,0.6666666666666666,3.0,6.0,-3.0,1920.7376177893236,1981.8725054985284
1119,31.375,62.875,12.25,31.375,8.625,17.375,10.125,6.5,15.625,26.25,60.5,6.75,22.25,8.25,14.375,12.25,4.375,15.625,14.875,23.375,55.125,6.75,21.875,11.0,11.375,14.5,5.125,19.75,25.625,58.625,7.5,21.875,12.125,12.5,11.625,6.875,20.125,-7.375,1.0,0.4,1.0,9.0,-8.0,2177.5280927502968,2216.294094282849
1120,21.857142857142858,54.0,7.571428571428571,24.0,9.714285714285714,11.857142857142858,10.714285714285714,4.285714285714286,17.571428571428573,21.714285714285715,55.714285714285715,8.0,21.142857142857142,10.571428571428571,11.285714285714286,9.285714285714286,6.428571428571429,17.857142857142858,0.5714285714285714,23.0,61.666666666666664,8.5,29.333333333333332,12.5,12.166666666666666,12.333333333333334,7.166666666666667,21.5,25.833333333333332,56.833333333333336,9.166666666666666,22.833333333333332,9.333333333333334,14.833333333333334,14.333333333333334,6.0,21.166666666666668,-2.3333333333333335,0.5,0.3333333333333333,5.0,4.0,1.0,1922.0721539960985,1998.437112416888
1121,26.4,55.2,6.2,20.4,8.6,13.4,12.6,5.8,19.6,27.6,59.8,11.4,23.0,9.6,14.6,11.8,4.8,20.4,-3.8,26.833333333333332,59.333333333333336,7.0,20.833333333333332,10.666666666666666,15.5,12.166666666666666,6.166666666666667,17.5,28.0,59.666666666666664,7.5,23.666666666666668,5.833333333333333,15.0,11.0,5.833333333333333,19.833333333333332,5.666666666666667,0.3333333333333333,0.75,9.0,1.0,8.0,1912.237621859315,1970.8643232378492
1122,26.428571428571427,56.0,4.571428571428571,16.571428571428573,8.0,13.571428571428571,12.285714285714286,7.714285714285714,17.142857142857142,24.142857142857142,54.57142857142857,7.142857142857143,20.428571428571427,9.714285714285714,13.0,13.142857142857142,6.571428571428571,16.0,0.2857142857142857,25.857142857142858,57.857142857142854,8.857142857142858,23.285714285714285,8.571428571428571,15.428571428571429,10.714285714285714,7.714285714285714,16.714285714285715,22.142857142857142,53.857142857142854,7.428571428571429,22.0,9.142857142857142,12.428571428571429,14.571428571428571,5.571428571428571,17.142857142857142,6.857142857142857,0.5,1.0,9.0,16.0,-7.0,1933.245312957454,2001.7903145333669
1123,30.571428571428573,65.28571428571429,10.714285714285714,26.714285714285715,10.714285714285714,16.857142857142858,8.142857142857142,5.857142857142857,17.571428571428573,27.857142857142858,61.857142857142854,8.428571428571429,25.142857142857142,12.285714285714286,14.857142857142858,12.0,4.285714285714286,18.285714285714285,5.285714285714286,25.5,56.25,7.0,20.25,12.0,15.25,9.75,6.0,15.125,21.25,55.125,7.0,21.375,10.75,11.375,12.375,4.25,16.0,10.0,0.5,1.0,7.0,2.0,5.0,1856.08737503482,1920.1550086142483
1124,27.333333333333332,53.0,9.666666666666666,22.666666666666668,7.833333333333333,13.333333333333334,9.666666666666666,4.833333333333333,16.833333333333332,27.0,59.666666666666664,8.166666666666666,20.5,11.166666666666666,12.5,9.333333333333334,5.333333333333333,18.333333333333332,6.666666666666667,27.666666666666668,61.5,8.333333333333334,24.833333333333332,8.5,11.333333333333334,10.666666666666666,6.666666666666667,17.0,25.0,56.166666666666664,8.0,22.0,8.5,12.333333333333334,13.666666666666666,5.833333333333333,14.833333333333334,1.0,0.6666666666666666,0.25,2.0,10.0,-8.0,2049.6050537582423,2106.990644429014
1125,20.714285714285715,53.142857142857146,6.714285714285714,21.0,11.285714285714286,9.714285714285714,12.857142857142858,5.142857142857143,16.428571428571427,23.285714285714285,56.714285714285715,6.857142857142857,23.142857142857142,11.714285714285714,17.285714285714285,10.142857142857142,7.714285714285714,16.285714285714285,-5.0,23.0,53.8,7.8,21.2,10.6,13.2,10.4,3.2,18.2,21.4,54.2,7.0,19.8,8.4,11.2,6.2,4.2,18.0,4.4,0.5,0.5,11.0,3.0,8.0,1898.2562962564016,1968.0579852480184
1126,25.833333333333332,58.166666666666664,5.5,17.833333333333332,12.333333333333334,11.5,11.833333333333334,4.666666666666667,18.333333333333332,27.5,63.666666666666664,8.166666666666666,22.5,13.833333333333334,14.5,11.166666666666666,5.666666666666667,20.166666666666668,-3.5,28.0,64.25,8.75,25.0,14.5,19.5,10.875,6.875,16.25,25.5,60.125,8.0,21.125,11.625,12.125,11.0,6.5,16.125,5.125,0.6666666666666666,0.5,7.0,2.0,5.0,1867.3508171451,1960.6212506554675
1127,26.5,61.0,8.625,22.375,12.5,13.75,10.125,6.375,22.875,24.125,52.875,8.375,19.75,9.625,12.625,12.375,5.625,17.625,3.125,28.375,59.125,10.0,27.5,6.625,16.375,11.25,6.625,16.125,28.5,65.5,6.75,21.0,13.25,13.75,11.75,6.25,17.375,5.625,0.6,0.8,5.0,13.0,-8.0,2005.170081631731,2081.519631626335
1128,26.4,55.2,6.2,20.4,8.6,13.4,12.6,5.8,19.6,27.6,59.8,11.4,23.0,9.6,14.6,11.8,4.8,20.4,-3.8,29.333333333333332,56.666666666666664,10.5,22.166666666666668,7.5,14.666666666666666,10.0,4.333333333333333,16.166666666666668,23.0,59.166666666666664,7.166666666666667,20.333333333333332,8.0,10.333333333333334,9.666666666666666,4.666666666666667,15.833333333333334,15.833333333333334,0.3333333333333333,1.0,9.0,4.0,5.0,1934.803843850884,1992.4186402212172
1129,26.428571428571427,56.0,4.571428571428571,16.571428571428573,8.0,13.571428571428571,12.285714285714286,7.714285714285714,17.142857142857142,24.142857142857142,54.57142857142857,7.142857142857143,20.428571428571427,9.714285714285714,13.0,13.142857142857142,6.571428571428571,16.0,0.2857142857142857,27.5,56.875,7.5,16.625,12.375,13.875,10.375,5.5,18.0,23.75,60.0,8.5,26.125,13.25,11.375,11.0,4.375,20.375,11.5,0.5,0.8,9.0,5.0,4.0,1935.6322504998968,2006.4312127242056
1130,24.666666666666668,51.666666666666664,7.833333333333333,22.666666666666668,6.833333333333333,15.333333333333334,10.833333333333334,7.666666666666667,11.166666666666666,20.833333333333332,52.666666666666664,6.166666666666667,20.166666666666668,7.833333333333333,12.166666666666666,13.0,6.0,15.0,10.666666666666666,30.571428571428573,65.28571428571429,10.714285714285714,26.714285714285715,10.714285714285714,16.857142857142858,8.142857142857142,5.857142857142857,17.571428571428573,27.857142857142858,61.857142857142854,8.428571428571429,25.142857142857142,12.285714285714286,14.857142857142858,12.0,4.285714285714286,18.285714285714285,5.285714285714286,1.0,0.5,11.0,7.0,4.0,1820.472556797444,1920.900577170608
1131,25.571428571428573,54.57142857142857,9.0,23.142857142857142,7.428571428571429,13.714285714285714,8.428571428571429,6.142857142857143,17.285714285714285,23.142857142857142,58.285714285714285,5.285714285714286,18.285714285714285,11.285714285714286,9.714285714285714,11.142857142857142,3.5714285714285716,20.142857142857142,12.857142857142858,25.833333333333332,58.166666666666664,5.5,17.833333333333332,12.333333333333334,11.5,11.833333333333334,4.666666666666667,18.333333333333332,27.5,63.666666666666664,8.166666666666666,22.5,13.833333333333334,14.5,11.166666666666666,5.666666666666667,20.166666666666668,-3.5,1.0,0.6666666666666666,3.0,7.0,-4.0,2074.374500262906,2143.8614975976548
1132,25.428571428571427,56.714285714285715,6.857142857142857,21.428571428571427,11.142857142857142,14.571428571428571,13.857142857142858,9.0,12.857142857142858,23.857142857142858,62.42857142857143,5.857142857142857,23.571428571428573,11.142857142857142,16.714285714285715,13.0,7.285714285714286,14.714285714285714,10.428571428571429,20.714285714285715,53.142857142857146,6.714285714285714,21.0,11.285714285714286,9.714285714285714,12.857142857142858,5.142857142857143,16.428571428571427,23.285714285714285,56.714285714285715,6.857142857142857,23.142857142857142,11.714285714285714,17.285714285714285,10.142857142857142,7.714285714285714,16.285714285714285,-5.0,0.5,0.5,2.0,11.0,-9.0,2074.64669061772,2146.5414169988326
1133,29.875,56.625,10.25,23.375,9.0,16.375,11.875,6.625,14.625,27.25,61.875,7.625,22.5,12.125,12.25,11.375,5.75,16.875,9.125,21.857142857142858,54.0,7.571428571428571,24.0,9.714285714285714,11.857142857142858,10.714285714285714,4.285714285714286,17.571428571428573,21.714285714285715,55.714285714285715,8.0,21.142857142857142,10.571428571428571,11.285714285714286,9.285714285714286,6.428571428571429,17.857142857142858,0.5714285714285714,0.8,0.5,1.0,5.0,-4.0,2133.302852664543,2200.0614679765567
1134,23.857142857142858,54.0,7.285714285714286,18.428571428571427,12.0,12.714285714285714,11.857142857142858,4.857142857142857,19.428571428571427,24.285714285714285,55.42857142857143,8.142857142857142,20.571428571428573,11.0,12.0,10.142857142857142,6.0,19.571428571428573,-2.4285714285714284,27.333333333333332,53.0,9.666666666666666,22.666666666666668,7.833333333333333,13.333333333333334,9.666666666666666,4.833333333333333,16.833333333333332,27.0,59.666666666666664,8.166666666666666,20.5,11.166666666666666,12.5,9.333333333333334,5.333333333333333,18.333333333333332,6.666666666666667,0.5,0.6666666666666666,3.0,2.0,1.0,1936.95855806106,1998.5194598711148
1135,31.375,62.875,12.25,31.375,8.625,17.375,10.125,6.5,15.625,26.25,60.5,6.75,22.25,8.25,14.375,12.25,4.375,15.625,14.875,26.5,61.0,8.625,22.375,12.5,13.75,10.125,6.375,22.875,24.125,52.875,8.375,19.75,9.625,12.625,12.375,5.625,17.625,3.125,1.0,0.6,1.0,5.0,-4.0,2181.584356144251,2221.1589133604148
1136,24.666666666666668,51.666666666666664,7.833333333333333,22.666666666666668,6.833333333333333,15.333333333333334,10.833333333333334,7.666666666666667,11.166666666666666,20.833333333333332,52.666666666666664,6.166666666666667,20.166666666666668,7.833333333333333,12.166666666666666,13.0,6.0,15.0,10.666666666666666,26.428571428571427,56.0,4.571428571428571,16.571428571428573,8.0,13.571428571428571,12.285714285714286,7.714285714285714,17.142857142857142,24.142857142857142,54.57142857142857,7.142857142857143,20.428571428571427,9.714285714285714,13.0,13.142857142857142,6.571428571428571,16.0,0.2857142857142857,1.0,0.5,11.0,9.0,2.0,1839.1805117233648,1938.0114718064851
1137,25.571428571428573,54.57142857142857,9.0,23.142857142857142,7.428571428571429,13.714285714285714,8.428571428571429,6.142857142857143,17.285714285714285,23.142857142857142,58.285714285714285,5.285714285714286,18.285714285714285,11.285714285714286,9.714285714285714,11.142857142857142,3.5714285714285716,20.142857142857142,12.857142857142858,26.4,55.2,6.2,20.4,8.6,13.4,12.6,5.8,19.6,27.6,59.8,11.4,23.0,9.6,14.6,11.8,4.8,20.4,-3.8,1.0,0.3333333333333333,3.0,9.0,-6.0,2082.681343615738,2153.011615386945
1138,29.875,56.625,10.25,23.375,9.0,16.375,11.875,6.625,14.625,27.25,61.875,7.625,22.5,12.125,12.25,11.375,5.75,16.875,9.125,25.428571428571427,56.714285714285715,6.857142857142857,21.428571428571427,11.142857142857142,14.571428571428571,13.857142857142858,9.0,12.857142857142858,23.857142857142858,62.42857142857143,5.857142857142857,23.571428571428573,11.142857142857142,16.714285714285715,13.0,7.285714285714286,14.714285714285714,10.428571428571429,0.8,0.5,1.0,2.0,-1.0,2141.0714502438304,2208.192924867911
1139,31.375,62.875,12.25,31.375,8.625,17.375,10.125,6.5,15.625,26.25,60.5,6.75,22.25,8.25,14.375,12.25,4.375,15.625,14.875,23.857142857142858,54.0,7.285714285714286,18.428571428571427,12.0,12.714285714285714,11.857142857142858,4.857142857142857,19.428571428571427,24.285714285714285,55.42857142857143,8.142857142857142,20.571428571428573,11.0,12.0,10.142857142857142,6.0,19.571428571428573,-2.4285714285714284,1.0,0.5,1.0,3.0,-2.0,2190.251932642722,2231.267947359364
1140,25.571428571428573,54.57142857142857,9.0,23.142857142857142,7.428571428571429,13.714285714285714,8.428571428571429,6.142857142857143,17.285714285714285,23.142857142857142,58.285714285714285,5.285714285714286,18.285714285714285,11.285714285714286,9.714285714285714,11.142857142857142,3.5714285714285716,20.142857142857142,12.857142857142858,24.666666666666668,51.666666666666664,7.833333333333333,22.666666666666668,6.833333333333333,15.333333333333334,10.833333333333334,7.666666666666667,11.166666666666666,20.833333333333332,52.666666666666664,6.166666666666667,20.166666666666668,7.833333333333333,12.166666666666666,13.0,6.0,15.0,10.666666666666666,1.0,1.0,3.0,11.0,-8.0,2093.1614277167823,2163.022232534074
1141,31.375,62.875,12.25,31.375,8.625,17.375,10.125,6.5,15.625,26.25,60.5,6.75,22.25,8.25,14.375,12.25,4.375,15.625,14.875,29.875,56.625,10.25,23.375,9.0,16.375,11.875,6.625,14.625,27.25,61.875,7.625,22.5,12.125,12.25,11.375,5.75,16.875,9.125,1.0,0.8,1.0,1.0,0.0,2196.920674482024,2238.568850380957
1142,31.375,62.875,12.25,31.375,8.625,17.375,10.125,6.5,15.625,26.25,60.5,6.75,22.25,8.25,14.375,12.25,4.375,15.625,14.875,25.571428571428573,54.57142857142857,9.0,23.142857142857142,7.428571428571429,13.714285714285714,8.428571428571429,6.142857142857143,17.285714285714285,23.142857142857142,58.285714285714285,5.285714285714286,18.285714285714285,11.285714285714286,9.714285714285714,11.142857142857142,3.5714285714285716,20.142857142857142,12.857142857142858,1.0,1.0,1.0,3.0,-2.0,2210.9752839399043,2253.7971676569264
1143,26.333333333333332,55.5,7.333333333333333,19.166666666666668,11.0,11.333333333333334,13.333333333333334,5.666666666666667,18.666666666666668,25.0,67.5,5.5,23.833333333333332,17.666666666666668,11.0,10.833333333333334,5.166666666666667,21.0,7.666666666666667,21.0,50.166666666666664,7.666666666666667,20.166666666666668,9.166666666666666,10.833333333333334,8.666666666666666,6.666666666666667,13.0,19.333333333333332,48.166666666666664,6.666666666666667,20.166666666666668,6.833333333333333,9.833333333333334,12.333333333333334,3.3333333333333335,15.5,10.0,1.0,1.0,16.0,16.0,0.0,1350.3675297095729,1550.9953502977394
1144,28.333333333333332,64.5,13.0,30.833333333333332,10.166666666666666,14.5,11.0,4.333333333333333,18.833333333333332,27.166666666666668,62.5,9.833333333333334,27.166666666666668,8.833333333333334,12.333333333333334,8.833333333333334,5.833333333333333,15.0,1.5,25.833333333333332,55.0,8.166666666666666,21.333333333333332,8.833333333333334,13.333333333333334,11.666666666666666,5.833333333333333,19.666666666666668,25.333333333333332,60.333333333333336,10.166666666666666,29.333333333333332,11.0,15.333333333333334,12.5,5.666666666666667,20.666666666666668,2.8333333333333335,0.6666666666666666,0.75,11.0,11.0,0.0,1943.9455351136812,2008.3306244878463
1145,26.2,58.0,8.8,24.6,7.2,12.4,8.8,5.2,21.2,27.0,58.4,6.2,18.4,11.6,14.4,13.6,6.4,21.2,1.4,20.714285714285715,53.142857142857146,6.714285714285714,21.0,11.285714285714286,9.714285714285714,12.857142857142858,5.142857142857143,16.428571428571427,23.285714285714285,56.714285714285715,6.857142857142857,23.142857142857142,11.714285714285714,17.285714285714285,10.142857142857142,7.714285714285714,16.285714285714285,-5.0,0.3333333333333333,0.5,11.0,11.0,0.0,1790.8326337232074,1848.1077351146316
1146,27.444444444444443,59.77777777777778,5.777777777777778,19.666666666666668,12.0,17.0,12.333333333333334,5.333333333333333,17.666666666666668,22.77777777777778,58.77777777777778,7.111111111111111,23.22222222222222,11.11111111111111,11.777777777777779,11.777777777777779,4.888888888888889,15.444444444444445,6.0,28.0,58.333333333333336,9.666666666666666,22.444444444444443,10.11111111111111,15.333333333333334,9.88888888888889,6.111111111111111,15.0,28.555555555555557,64.66666666666667,5.888888888888889,16.88888888888889,12.666666666666666,15.333333333333334,11.555555555555555,5.0,19.444444444444443,11.666666666666666,0.8333333333333334,1.0,16.0,16.0,0.0,1283.863951130478,1483.0011422340224
1147,24.0,54.833333333333336,7.5,22.166666666666668,8.666666666666666,14.666666666666666,10.5,6.0,16.0,22.0,54.166666666666664,9.333333333333334,28.5,10.833333333333334,13.333333333333334,13.333333333333334,4.166666666666667,15.833333333333334,2.3333333333333335,23.375,55.125,6.75,21.875,11.0,11.375,14.5,5.125,19.75,25.625,58.625,7.5,21.875,12.125,12.5,11.625,6.875,20.125,-7.375,0.3333333333333333,0.4,8.0,9.0,-1.0,1912.9718522795376,1982.0765155296128
1148,27.428571428571427,56.857142857142854,5.571428571428571,17.714285714285715,10.857142857142858,12.714285714285714,12.142857142857142,4.571428571428571,15.428571428571429,24.571428571428573,59.285714285714285,7.0,22.714285714285715,8.285714285714286,12.714285714285714,10.142857142857142,6.571428571428571,20.428571428571427,9.428571428571429,32.0,64.28571428571429,9.142857142857142,23.142857142857142,12.285714285714286,16.571428571428573,11.0,6.285714285714286,18.571428571428573,24.142857142857142,60.0,7.714285714285714,24.714285714285715,11.0,11.0,12.857142857142858,6.285714285714286,16.142857142857142,15.285714285714286,1.0,1.0,4.0,13.0,-9.0,2072.0106690372622,2140.528775863204
1149,25.8,55.4,9.0,21.2,7.0,13.0,10.6,7.6,18.6,28.0,60.6,7.4,20.6,12.8,12.4,14.6,6.2,21.2,6.2,25.428571428571427,56.714285714285715,6.857142857142857,21.428571428571427,11.142857142857142,14.571428571428571,13.857142857142858,9.0,12.857142857142858,23.857142857142858,62.42857142857143,5.857142857142857,23.571428571428573,11.142857142857142,16.714285714285715,13.0,7.285714285714286,14.714285714285714,10.428571428571429,1.0,0.5,15.0,2.0,13.0,1554.7021227514156,1691.9946125902009
1150,25.833333333333332,55.0,8.166666666666666,21.333333333333332,8.833333333333334,13.333333333333334,11.666666666666666,5.833333333333333,19.666666666666668,25.333333333333332,60.333333333333336,10.166666666666666,29.333333333333332,11.0,15.333333333333334,12.5,5.666666666666667,20.666666666666668,2.8333333333333335,25.666666666666668,59.166666666666664,9.333333333333334,25.166666666666668,10.5,13.333333333333334,7.833333333333333,6.333333333333333,18.166666666666668,23.0,54.666666666666664,6.166666666666667,17.5,12.5,10.0,12.166666666666666,2.6666666666666665,16.833333333333332,4.0,0.75,0.6666666666666666,11.0,6.0,5.0,1849.7890952056923,1941.6831844640928
1151,26.285714285714285,59.57142857142857,9.571428571428571,27.142857142857142,12.285714285714286,14.285714285714286,11.0,6.0,17.571428571428573,20.428571428571427,51.42857142857143,7.142857142857143,22.285714285714285,7.142857142857143,10.285714285714286,13.0,6.428571428571429,16.142857142857142,10.142857142857142,29.333333333333332,56.666666666666664,10.5,22.166666666666668,7.5,14.666666666666666,10.0,4.333333333333333,16.166666666666668,23.0,59.166666666666664,7.166666666666667,20.333333333333332,8.0,10.333333333333334,9.666666666666666,4.666666666666667,15.833333333333334,15.833333333333334,1.0,1.0,13.0,4.0,9.0,1624.7269238359604,1761.493735465879
1152,27.0,57.125,6.625,20.625,8.5,15.25,10.375,6.25,17.0,22.75,55.875,7.125,23.25,7.625,13.0,13.875,4.625,20.875,13.75,28.125,58.75,9.375,23.875,11.625,14.875,11.875,6.25,21.0,21.625,52.375,6.25,18.375,8.375,10.75,12.625,4.5,17.625,14.875,1.0,0.8,11.0,6.0,5.0,1796.763685788046,1771.8067016740645
1153,27.571428571428573,54.0,9.142857142857142,22.714285714285715,6.285714285714286,15.571428571428571,11.0,5.285714285714286,16.142857142857142,24.857142857142858,58.142857142857146,5.571428571428571,20.142857142857142,7.571428571428571,11.142857142857142,11.142857142857142,4.857142857142857,17.0,10.0,29.875,56.625,10.25,23.375,9.0,16.375,11.875,6.625,14.625,27.25,61.875,7.625,22.5,12.125,12.25,11.375,5.75,16.875,9.125,0.75,0.8,16.0,1.0,15.0,1594.5634109595674,1745.3958473925006
1154,26.375,52.875,9.75,23.75,6.125,15.375,9.375,3.75,15.0,24.5,58.125,9.375,27.5,8.875,11.75,9.0,4.25,18.875,8.625,27.5,56.875,7.5,16.625,12.375,13.875,10.375,5.5,18.0,23.75,60.0,8.5,26.125,13.25,11.375,11.0,4.375,20.375,11.5,0.8,0.8,12.0,5.0,7.0,1800.889556558355,1882.81534723416
1155,27.5,60.666666666666664,8.333333333333334,23.0,10.166666666666666,14.0,9.666666666666666,6.166666666666667,17.0,27.666666666666668,55.833333333333336,7.333333333333333,20.833333333333332,10.0,16.333333333333332,11.166666666666666,5.333333333333333,14.833333333333334,-2.6666666666666665,24.666666666666668,51.666666666666664,7.833333333333333,22.666666666666668,6.833333333333333,15.333333333333334,10.833333333333334,7.666666666666667,11.166666666666666,20.833333333333332,52.666666666666664,6.166666666666667,20.166666666666668,7.833333333333333,12.166666666666666,13.0,6.0,15.0,10.666666666666666,0.6666666666666666,1.0,6.0,11.0,-5.0,1961.5920228892087,2032.0927872837367
1156,30.571428571428573,61.0,5.142857142857143,13.285714285714286,11.428571428571429,12.857142857142858,11.0,7.0,17.428571428571427,26.0,57.57142857142857,7.428571428571429,19.142857142857142,7.714285714285714,10.142857142857142,12.571428571428571,4.857142857142857,19.285714285714285,11.571428571428571,25.571428571428573,54.57142857142857,9.0,23.142857142857142,7.428571428571429,13.714285714285714,8.428571428571429,6.142857142857143,17.285714285714285,23.142857142857142,58.285714285714285,5.285714285714286,18.285714285714285,11.285714285714286,9.714285714285714,11.142857142857142,3.5714285714285716,20.142857142857142,12.857142857142858,1.0,1.0,14.0,3.0,11.0,1588.9303862111906,1711.2353106711253
1157,28.333333333333332,63.666666666666664,10.333333333333334,27.5,9.0,12.166666666666666,7.166666666666667,3.1666666666666665,15.5,25.5,61.833333333333336,7.666666666666667,23.333333333333332,6.5,9.0,8.666666666666666,3.5,19.5,11.333333333333334,29.0,60.5,7.0,18.75,12.0,14.5,11.75,5.5,18.5,24.5,57.25,6.25,16.75,10.25,13.0,9.5,6.5,13.75,4.0,1.0,0.0,12.0,5.0,7.0,1733.782153957696,1812.5836098066568
1158,25.5,62.666666666666664,7.666666666666667,25.666666666666668,8.666666666666666,11.5,11.166666666666666,5.666666666666667,15.833333333333334,30.0,63.833333333333336,7.666666666666667,22.333333333333332,11.333333333333334,13.166666666666666,13.5,6.666666666666667,16.833333333333332,-7.5,27.0,63.285714285714285,7.428571428571429,23.857142857142858,12.0,14.714285714285714,9.428571428571429,7.285714285714286,17.857142857142858,24.571428571428573,54.57142857142857,6.428571428571429,18.428571428571427,9.428571428571429,12.142857142857142,14.428571428571429,5.428571428571429,16.571428571428573,0.8571428571428571,0.3333333333333333,0.4,10.0,7.0,3.0,1837.80971094386,1901.3780161169936
1159,30.166666666666668,60.833333333333336,10.166666666666666,20.166666666666668,9.0,15.666666666666666,11.0,6.333333333333333,17.833333333333332,29.833333333333332,64.66666666666667,4.5,18.333333333333332,13.0,13.833333333333334,13.333333333333334,5.0,17.333333333333332,7.0,27.166666666666668,58.333333333333336,6.333333333333333,19.666666666666668,11.5,14.0,11.333333333333334,5.0,16.666666666666668,27.5,63.0,7.166666666666667,26.0,10.5,12.166666666666666,9.833333333333334,5.833333333333333,19.833333333333332,4.833333333333333,0.3333333333333333,0.3333333333333333,9.0,8.0,1.0,1838.5701913364069,1935.946424693481
1160,24.166666666666668,57.5,7.166666666666667,20.833333333333332,10.166666666666666,14.166666666666666,10.5,4.333333333333333,16.166666666666668,21.833333333333332,54.0,8.0,21.666666666666668,6.166666666666667,11.666666666666666,11.5,4.666666666666667,20.5,7.333333333333333,23.625,56.625,7.125,18.5,11.625,14.375,11.0,4.75,19.0,21.375,54.125,5.375,18.875,11.75,8.25,11.875,5.25,18.25,5.625,1.0,0.8,14.0,3.0,11.0,1600.9465432522245,1728.3086743191336
1161,26.375,57.0,7.625,20.625,11.75,13.875,14.125,9.0,19.125,19.875,53.125,6.875,20.625,9.5,12.0,16.875,7.375,20.0,13.875,23.857142857142858,54.0,7.285714285714286,18.428571428571427,12.0,12.714285714285714,11.857142857142858,4.857142857142857,19.428571428571427,24.285714285714285,55.42857142857143,8.142857142857142,20.571428571428573,11.0,12.0,10.142857142857142,6.0,19.571428571428573,-2.4285714285714284,1.0,0.5,14.0,3.0,11.0,1592.5678616283096,1667.8359321398018
1162,21.0,50.166666666666664,7.666666666666667,20.166666666666668,9.166666666666666,10.833333333333334,8.666666666666666,6.666666666666667,13.0,19.333333333333332,48.166666666666664,6.666666666666667,20.166666666666668,6.833333333333333,9.833333333333334,12.333333333333334,3.3333333333333335,15.5,10.0,31.375,62.875,12.25,31.375,8.625,17.375,10.125,6.5,15.625,26.25,60.5,6.75,22.25,8.25,14.375,12.25,4.375,15.625,14.875,1.0,1.0,16.0,1.0,15.0,1421.9223212881325,1603.1627164044646
1163,29.5,59.333333333333336,10.166666666666666,24.0,8.166666666666666,12.166666666666666,9.333333333333334,5.833333333333333,14.5,27.5,57.833333333333336,8.5,23.666666666666668,7.5,13.333333333333334,11.166666666666666,4.0,15.833333333333334,8.166666666666666,23.0,61.666666666666664,8.5,29.333333333333332,12.5,12.166666666666666,12.333333333333334,7.166666666666667,21.5,25.833333333333332,56.833333333333336,9.166666666666666,22.833333333333332,9.333333333333334,14.833333333333334,14.333333333333334,6.0,21.166666666666668,-2.3333333333333335,1.0,0.3333333333333333,13.0,4.0,9.0,1691.7626421439625,1812.9058209980385
1164,26.5,58.0,7.375,18.0,11.0,13.25,10.375,4.75,20.25,24.375,56.5,9.0,23.875,12.25,13.5,12.875,4.875,19.875,0.125,27.666666666666668,61.5,8.333333333333334,24.833333333333332,8.5,11.333333333333334,10.666666666666666,6.666666666666667,17.0,25.0,56.166666666666664,8.0,22.0,8.5,12.333333333333334,13.666666666666666,5.833333333333333,14.833333333333334,1.0,0.6,0.25,7.0,10.0,-3.0,1915.9639224187597,2012.544364049356
1165,27.0,57.714285714285715,10.142857142857142,24.142857142857142,8.285714285714286,13.0,10.428571428571429,7.285714285714286,21.142857142857142,19.714285714285715,54.285714285714285,8.285714285714286,27.142857142857142,12.142857142857142,11.714285714285714,11.857142857142858,4.142857142857143,17.142857142857142,8.857142857142858,25.5,56.25,7.0,20.25,12.0,15.25,9.75,6.0,15.125,21.25,55.125,7.0,21.375,10.75,11.375,12.375,4.25,16.0,10.0,0.8,1.0,15.0,2.0,13.0,1574.126101991886,1689.9346232479206
1166,29.0,62.142857142857146,8.142857142857142,21.571428571428573,12.285714285714286,14.571428571428571,12.428571428571429,5.714285714285714,19.142857142857142,23.0,59.714285714285715,7.0,21.571428571428573,8.142857142857142,8.571428571428571,11.857142857142858,5.428571428571429,20.285714285714285,12.285714285714286,21.857142857142858,54.0,7.571428571428571,24.0,9.714285714285714,11.857142857142858,10.714285714285714,4.285714285714286,17.571428571428573,21.714285714285715,55.714285714285715,8.0,21.142857142857142,10.571428571428571,11.285714285714286,9.285714285714286,6.428571428571429,17.857142857142858,0.5714285714285714,1.0,0.5,12.0,5.0,7.0,1749.63839155468,1810.9964637835128
1167,23.0,54.0,10.833333333333334,26.0,9.833333333333334,11.666666666666666,12.833333333333334,4.166666666666667,18.0,25.5,58.833333333333336,8.833333333333334,22.666666666666668,9.5,13.0,9.5,6.333333333333333,19.833333333333332,-1.5,26.4,55.2,6.2,20.4,8.6,13.4,12.6,5.8,19.6,27.6,59.8,11.4,23.0,9.6,14.6,11.8,4.8,20.4,-3.8,0.6666666666666666,0.3333333333333333,8.0,9.0,-1.0,1754.4513944510552,1930.3026620598584
1168,29.333333333333332,60.666666666666664,10.0,27.0,6.666666666666667,17.5,10.5,6.333333333333333,15.833333333333334,29.5,64.5,10.166666666666666,26.666666666666668,11.166666666666666,14.333333333333334,11.666666666666666,5.5,15.666666666666666,-0.6666666666666666,26.428571428571427,56.0,4.571428571428571,16.571428571428573,8.0,13.571428571428571,12.285714285714286,7.714285714285714,17.142857142857142,24.142857142857142,54.57142857142857,7.142857142857143,20.428571428571427,9.714285714285714,13.0,13.142857142857142,6.571428571428571,16.0,0.2857142857142857,0.3333333333333333,0.5,8.0,9.0,-1.0,1893.5100209208767,1922.295017109405
1169,26.714285714285715,57.142857142857146,7.857142857142857,21.0,12.0,16.285714285714285,11.285714285714286,4.571428571428571,18.142857142857142,25.0,55.285714285714285,9.714285714285714,22.857142857142858,8.714285714285714,11.857142857142858,10.0,5.714285714285714,21.285714285714285,3.5714285714285716,28.375,59.125,10.0,27.5,6.625,16.375,11.25,6.625,16.125,28.5,65.5,6.75,21.0,13.25,13.75,11.75,6.25,17.375,5.625,0.5,0.8,4.0,13.0,-9.0,1978.4984083587376,2070.3508986466472
1170,27.333333333333332,54.166666666666664,8.166666666666666,22.666666666666668,8.0,16.166666666666668,12.0,5.666666666666667,17.166666666666668,23.333333333333332,58.833333333333336,5.333333333333333,17.333333333333332,9.833333333333334,10.333333333333334,11.833333333333334,6.333333333333333,21.333333333333332,18.166666666666668,23.0,53.8,7.8,21.2,10.6,13.2,10.4,3.2,18.2,21.4,54.2,7.0,19.8,8.4,11.2,6.2,4.2,18.0,4.4,1.0,0.5,14.0,3.0,11.0,1649.1806080133056,1779.887597831187
1171,25.285714285714285,58.0,7.285714285714286,22.142857142857142,10.285714285714286,10.571428571428571,10.571428571428571,6.714285714285714,15.428571428571429,25.857142857142858,58.857142857142854,7.0,20.428571428571427,10.0,12.857142857142858,10.571428571428571,4.571428571428571,16.0,0.0,30.571428571428573,65.28571428571429,10.714285714285714,26.714285714285715,10.714285714285714,16.857142857142858,8.142857142857142,5.857142857142857,17.571428571428573,27.857142857142858,61.857142857142854,8.428571428571429,25.142857142857142,12.285714285714286,14.857142857142858,12.0,4.285714285714286,18.285714285714285,5.285714285714286,0.5,0.5,10.0,7.0,3.0,1856.705952062344,1919.225443377827
1172,30.6,57.6,10.0,26.2,8.2,19.6,15.4,8.4,19.2,27.0,58.8,8.0,23.8,10.0,12.2,16.8,9.6,21.2,11.0,28.0,64.25,8.75,25.0,14.5,19.5,10.875,6.875,16.25,25.5,60.125,8.0,21.125,11.625,12.125,11.0,6.5,16.125,5.125,1.0,0.5,15.0,2.0,13.0,1519.7313428218022,1678.104621716173
1173,27.0,55.75,3.875,13.75,8.75,13.875,12.125,6.75,17.75,23.0,57.375,6.375,17.125,10.25,10.625,12.625,4.375,19.75,7.875,27.333333333333332,53.0,9.666666666666666,22.666666666666668,7.833333333333333,13.333333333333334,9.666666666666666,4.833333333333333,16.833333333333332,27.0,59.666666666666664,8.166666666666666,20.5,11.166666666666666,12.5,9.333333333333334,5.333333333333333,18.333333333333332,6.666666666666667,0.8,0.6666666666666666,15.0,2.0,13.0,1536.0079571219296,1625.0305953761128
1174,27.5,55.666666666666664,6.5,19.166666666666668,10.333333333333334,15.666666666666666,13.0,5.666666666666667,17.5,25.666666666666668,57.666666666666664,5.166666666666667,15.0,8.5,13.666666666666666,11.333333333333334,7.5,20.166666666666668,6.166666666666667,20.714285714285715,53.142857142857146,6.714285714285714,21.0,11.285714285714286,9.714285714285714,12.857142857142858,5.142857142857143,16.428571428571427,23.285714285714285,56.714285714285715,6.857142857142857,23.142857142857142,11.714285714285714,17.285714285714285,10.142857142857142,7.714285714285714,16.285714285714285,-5.0,0.3333333333333333,0.5,6.0,11.0,-5.0,1875.0687204859496,1960.4841792314976
1175,24.875,59.875,6.125,21.125,10.875,13.375,11.375,5.75,17.875,25.875,58.5,6.5,18.75,10.375,12.5,11.625,6.625,17.5,-3.875,25.833333333333332,58.166666666666664,5.5,17.833333333333332,12.333333333333334,11.5,11.833333333333334,4.666666666666667,18.333333333333332,27.5,63.666666666666664,8.166666666666666,22.5,13.833333333333334,14.5,11.166666666666666,5.666666666666667,20.166666666666668,-3.5,0.6,0.6666666666666666,10.0,7.0,3.0,1911.204831943512,1940.582243332725
1176,24.714285714285715,53.142857142857146,6.714285714285714,15.428571428571429,8.428571428571429,13.714285714285714,7.142857142857143,5.428571428571429,15.142857142857142,18.0,49.0,6.857142857142857,21.142857142857142,7.142857142857143,10.0,8.714285714285714,3.5714285714285716,15.714285714285714,11.0,25.857142857142858,57.857142857142854,8.857142857142858,23.285714285714285,8.571428571428571,15.428571428571429,10.714285714285714,7.714285714285714,16.714285714285715,22.142857142857142,53.857142857142854,7.428571428571429,22.0,9.142857142857142,12.428571428571429,14.571428571428571,5.571428571428571,17.142857142857142,6.857142857142857,1.0,1.0,1.0,16.0,-15.0,2173.784545546668,2233.67526081363
1177,24.4,54.4,8.2,23.0,9.8,13.4,12.2,6.6,16.2,23.6,58.4,5.6,18.8,9.4,10.2,11.8,5.4,17.0,10.6,26.5,61.0,8.625,22.375,12.5,13.75,10.125,6.375,22.875,24.125,52.875,8.375,19.75,9.625,12.625,12.375,5.625,17.625,3.125,1.0,0.6,12.0,5.0,7.0,1605.695640279013,1739.0229839921114
1178,28.0,58.333333333333336,9.666666666666666,22.444444444444443,10.11111111111111,15.333333333333334,9.88888888888889,6.111111111111111,15.0,28.555555555555557,64.66666666666667,5.888888888888889,16.88888888888889,12.666666666666666,15.333333333333334,11.555555555555555,5.0,19.444444444444443,11.666666666666666,26.833333333333332,59.333333333333336,7.0,20.833333333333332,10.666666666666666,15.5,12.166666666666666,6.166666666666667,17.5,28.0,59.666666666666664,7.5,23.666666666666668,5.833333333333333,15.0,11.0,5.833333333333333,19.833333333333332,5.666666666666667,1.0,0.75,16.0,1.0,15.0,1333.565637319823,1555.0124362714184
1179,27.0,63.285714285714285,7.428571428571429,23.857142857142858,12.0,14.714285714285714,9.428571428571429,7.285714285714286,17.857142857142858,24.571428571428573,54.57142857142857,6.428571428571429,18.428571428571427,9.428571428571429,12.142857142857142,14.428571428571429,5.428571428571429,16.571428571428573,0.8571428571428571,25.428571428571427,56.714285714285715,6.857142857142857,21.428571428571427,11.142857142857142,14.571428571428571,13.857142857142858,9.0,12.857142857142858,23.857142857142858,62.42857142857143,5.857142857142857,23.571428571428573,11.142857142857142,16.714285714285715,13.0,7.285714285714286,14.714285714285714,10.428571428571429,0.4,0.5,7.0,2.0,5.0,1882.846985137982,1962.5561830992024
1180,29.0,60.5,7.0,18.75,12.0,14.5,11.75,5.5,18.5,24.5,57.25,6.25,16.75,10.25,13.0,9.5,6.5,13.75,4.0,29.333333333333332,56.666666666666664,10.5,22.166666666666668,7.5,14.666666666666666,10.0,4.333333333333333,16.166666666666668,23.0,59.166666666666664,7.166666666666667,20.333333333333332,8.0,10.333333333333334,9.666666666666666,4.666666666666667,15.833333333333334,15.833333333333334,0.0,1.0,5.0,4.0,1.0,1927.2287600987177,2045.1189216537773
1181,27.166666666666668,58.333333333333336,6.333333333333333,19.666666666666668,11.5,14.0,11.333333333333334,5.0,16.666666666666668,27.5,63.0,7.166666666666667,26.0,10.5,12.166666666666666,9.833333333333334,5.833333333333333,19.833333333333332,4.833333333333333,29.875,56.625,10.25,23.375,9.0,16.375,11.875,6.625,14.625,27.25,61.875,7.625,22.5,12.125,12.25,11.375,5.75,16.875,9.125,0.3333333333333333,0.8,8.0,1.0,7.0,1928.7098905871696,1946.0397930742697
1182,32.0,64.28571428571429,9.142857142857142,23.142857142857142,12.285714285714286,16.571428571428573,11.0,6.285714285714286,18.571428571428573,24.142857142857142,60.0,7.714285714285714,24.714285714285715,11.0,11.0,12.857142857142858,6.285714285714286,16.142857142857142,15.285714285714286,27.5,56.875,7.5,16.625,12.375,13.875,10.375,5.5,18.0,23.75,60.0,8.5,26.125,13.25,11.375,11.0,4.375,20.375,11.5,1.0,0.8,13.0,5.0,8.0,1733.8432765955074,1839.5957140273156
1183,23.625,56.625,7.125,18.5,11.625,14.375,11.0,4.75,19.0,21.375,54.125,5.375,18.875,11.75,8.25,11.875,5.25,18.25,5.625,24.666666666666668,51.666666666666664,7.833333333333333,22.666666666666668,6.833333333333333,15.333333333333334,10.833333333333334,7.666666666666667,11.166666666666666,20.833333333333332,52.666666666666664,6.166666666666667,20.166666666666668,7.833333333333333,12.166666666666666,13.0,6.0,15.0,10.666666666666666,0.8,1.0,3.0,11.0,-8.0,1943.1332344340155,2043.5159312505896
1184,28.125,58.75,9.375,23.875,11.625,14.875,11.875,6.25,21.0,21.625,52.375,6.25,18.375,8.375,10.75,12.625,4.5,17.625,14.875,25.571428571428573,54.57142857142857,9.0,23.142857142857142,7.428571428571429,13.714285714285714,8.428571428571429,6.142857142857143,17.285714285714285,23.142857142857142,58.285714285714285,5.285714285714286,18.285714285714285,11.285714285714286,9.714285714285714,11.142857142857142,3.5714285714285716,20.142857142857142,12.857142857142858,0.8,1.0,6.0,3.0,3.0,1906.2125643187555,2024.0890609185449
1185,25.666666666666668,59.166666666666664,9.333333333333334,25.166666666666668,10.5,13.333333333333334,7.833333333333333,6.333333333333333,18.166666666666668,23.0,54.666666666666664,6.166666666666667,17.5,12.5,10.0,12.166666666666666,2.6666666666666665,16.833333333333332,4.0,23.857142857142858,54.0,7.285714285714286,18.428571428571427,12.0,12.714285714285714,11.857142857142858,4.857142857142857,19.428571428571427,24.285714285714285,55.42857142857143,8.142857142857142,20.571428571428573,11.0,12.0,10.142857142857142,6.0,19.571428571428573,-2.4285714285714284,0.6666666666666666,0.5,6.0,3.0,3.0,1925.53557980883,1995.9286049345549
1186,23.375,55.125,6.75,21.875,11.0,11.375,14.5,5.125,19.75,25.625,58.625,7.5,21.875,12.125,12.5,11.625,6.875,20.125,-7.375,31.375,62.875,12.25,31.375,8.625,17.375,10.125,6.5,15.625,26.25,60.5,6.75,22.25,8.25,14.375,12.25,4.375,15.625,14.875,0.4,1.0,9.0,1.0,8.0,1842.26476041388,1917.7076830620936
1187,23.0,61.666666666666664,8.5,29.333333333333332,12.5,12.166666666666666,12.333333333333334,7.166666666666667,21.5,25.833333333333332,56.833333333333336,9.166666666666666,22.833333333333332,9.333333333333334,14.833333333333334,14.333333333333334,6.0,21.166666666666668,-2.3333333333333335,21.857142857142858,54.0,7.571428571428571,24.0,9.714285714285714,11.857142857142858,10.714285714285714,4.285714285714286,17.571428571428573,21.714285714285715,55.714285714285715,8.0,21.142857142857142,10.571428571428571,11.285714285714286,9.285714285714286,6.428571428571429,17.857142857142858,0.5714285714285714,0.3333333333333333,0.5,4.0,5.0,-1.0,1869.9232655217745,1967.1123313284731
1188,26.833333333333332,59.333333333333336,7.0,20.833333333333332,10.666666666666666,15.5,12.166666666666666,6.166666666666667,17.5,28.0,59.666666666666664,7.5,23.666666666666668,5.833333333333333,15.0,11.0,5.833333333333333,19.833333333333332,5.666666666666667,26.4,55.2,6.2,20.4,8.6,13.4,12.6,5.8,19.6,27.6,59.8,11.4,23.0,9.6,14.6,11.8,4.8,20.4,-3.8,0.75,0.3333333333333333,1.0,9.0,-8.0,2063.746903350624,2096.7032923415904
1189,25.857142857142858,57.857142857142854,8.857142857142858,23.285714285714285,8.571428571428571,15.428571428571429,10.714285714285714,7.714285714285714,16.714285714285715,22.142857142857142,53.857142857142854,7.428571428571429,22.0,9.142857142857142,12.428571428571429,14.571428571428571,5.571428571428571,17.142857142857142,6.857142857142857,26.428571428571427,56.0,4.571428571428571,16.571428571428573,8.0,13.571428571428571,12.285714285714286,7.714285714285714,17.142857142857142,24.142857142857142,54.57142857142857,7.142857142857143,20.428571428571427,9.714285714285714,13.0,13.142857142857142,6.571428571428571,16.0,0.2857142857142857,1.0,0.5,16.0,9.0,7.0,1495.788406007311,1693.590396817521
1190,25.5,56.25,7.0,20.25,12.0,15.25,9.75,6.0,15.125,21.25,55.125,7.0,21.375,10.75,11.375,12.375,4.25,16.0,10.0,30.571428571428573,65.28571428571429,10.714285714285714,26.714285714285715,10.714285714285714,16.857142857142858,8.142857142857142,5.857142857142857,17.571428571428573,27.857142857142858,61.857142857142854,8.428571428571429,25.142857142857142,12.285714285714286,14.857142857142858,12.0,4.285714285714286,18.285714285714285,5.285714285714286,1.0,0.5,2.0,7.0,-5.0,2040.0262629776312,2138.358329009559
1191,27.666666666666668,61.5,8.333333333333334,24.833333333333332,8.5,11.333333333333334,10.666666666666666,6.666666666666667,17.0,25.0,56.166666666666664,8.0,22.0,8.5,12.333333333333334,13.666666666666666,5.833333333333333,14.833333333333334,1.0,27.333333333333332,53.0,9.666666666666666,22.666666666666668,7.833333333333333,13.333333333333334,9.666666666666666,4.833333333333333,16.833333333333332,27.0,59.666666666666664,8.166666666666666,20.5,11.166666666666666,12.5,9.333333333333334,5.333333333333333,18.333333333333332,6.666666666666667,0.25,0.6666666666666666,10.0,2.0,8.0,1927.071969988928,1792.6369976271264
1192,23.0,53.8,7.8,21.2,10.6,13.2,10.4,3.2,18.2,21.4,54.2,7.0,19.8,8.4,11.2,6.2,4.2,18.0,4.4,20.714285714285715,53.142857142857146,6.714285714285714,21.0,11.285714285714286,9.714285714285714,12.857142857142858,5.142857142857143,16.428571428571427,23.285714285714285,56.714285714285715,6.857142857142857,23.142857142857142,11.714285714285714,17.285714285714285,10.142857142857142,7.714285714285714,16.285714285714285,-5.0,0.5,0.5,3.0,11.0,-8.0,2061.8305195633925,2125.244297685428
1193,28.0,64.25,8.75,25.0,14.5,19.5,10.875,6.875,16.25,25.5,60.125,8.0,21.125,11.625,12.125,11.0,6.5,16.125,5.125,25.833333333333332,58.166666666666664,5.5,17.833333333333332,12.333333333333334,11.5,11.833333333333334,4.666666666666667,18.333333333333332,27.5,63.666666666666664,8.166666666666666,22.5,13.833333333333334,14.5,11.166666666666666,5.666666666666667,20.166666666666668,-3.5,0.5,0.6666666666666666,2.0,7.0,-5.0,2086.8692959526643,2159.00228510806
1194,28.375,59.125,10.0,27.5,6.625,16.375,11.25,6.625,16.125,28.5,65.5,6.75,21.0,13.25,13.75,11.75,6.25,17.375,5.625,26.5,61.0,8.625,22.375,12.5,13.75,10.125,6.375,22.875,24.125,52.875,8.375,19.75,9.625,12.625,12.375,5.625,17.625,3.125,0.8,0.6,13.0,5.0,8.0,1685.702156626492,1805.1882870183715
1195,29.333333333333332,56.666666666666664,10.5,22.166666666666668,7.5,14.666666666666666,10.0,4.333333333333333,16.166666666666668,23.0,59.166666666666664,7.166666666666667,20.333333333333332,8.0,10.333333333333334,9.666666666666666,4.666666666666667,15.833333333333334,15.833333333333334,26.4,55.2,6.2,20.4,8.6,13.4,12.6,5.8,19.6,27.6,59.8,11.4,23.0,9.6,14.6,11.8,4.8,20.4,-3.8,1.0,0.3333333333333333,4.0,9.0,-5.0,2094.7796141507038,2180.1570093309083
1196,27.5,56.875,7.5,16.625,12.375,13.875,10.375,5.5,18.0,23.75,60.0,8.5,26.125,13.25,11.375,11.0,4.375,20.375,11.5,26.428571428571427,56.0,4.571428571428571,16.571428571428573,8.0,13.571428571428571,12.285714285714286,7.714285714285714,17.142857142857142,24.142857142857142,54.57142857142857,7.142857142857143,20.428571428571427,9.714285714285714,13.0,13.142857142857142,6.571428571428571,16.0,0.2857142857142857,0.8,0.5,5.0,9.0,-4.0,2037.124591337779,2121.135799268235
1197,30.571428571428573,65.28571428571429,10.714285714285714,26.714285714285715,10.714285714285714,16.857142857142858,8.142857142857142,5.857142857142857,17.571428571428573,27.857142857142858,61.857142857142854,8.428571428571429,25.142857142857142,12.285714285714286,14.857142857142858,12.0,4.285714285714286,18.285714285714285,5.285714285714286,24.666666666666668,51.666666666666664,7.833333333333333,22.666666666666668,6.833333333333333,15.333333333333334,10.833333333333334,7.666666666666667,11.166666666666666,20.833333333333332,52.666666666666664,6.166666666666667,20.166666666666668,7.833333333333333,12.166666666666666,13.0,6.0,15.0,10.666666666666666,0.5,1.0,7.0,11.0,-4.0,1879.846360614369,1945.0622226846283
1198,25.833333333333332,58.166666666666664,5.5,17.833333333333332,12.333333333333334,11.5,11.833333333333334,4.666666666666667,18.333333333333332,27.5,63.666666666666664,8.166666666666666,22.5,13.833333333333334,14.5,11.166666666666666,5.666666666666667,20.166666666666668,-3.5,25.571428571428573,54.57142857142857,9.0,23.142857142857142,7.428571428571429,13.714285714285714,8.428571428571429,6.142857142857143,17.285714285714285,23.142857142857142,58.285714285714285,5.285714285714286,18.285714285714285,11.285714285714286,9.714285714285714,11.142857142857142,3.5714285714285716,20.142857142857142,12.857142857142858,0.6666666666666666,1.0,7.0,3.0,4.0,1892.2997382678943,1984.8785852409108
1199,20.714285714285715,53.142857142857146,6.714285714285714,21.0,11.285714285714286,9.714285714285714,12.857142857142858,5.142857142857143,16.428571428571427,23.285714285714285,56.714285714285715,6.857142857142857,23.142857142857142,11.714285714285714,17.285714285714285,10.142857142857142,7.714285714285714,16.285714285714285,-5.0,25.428571428571427,56.714285714285715,6.857142857142857,21.428571428571427,11.142857142857142,14.571428571428571,13.857142857142858,9.0,12.857142857142858,23.857142857142858,62.42857142857143,5.857142857142857,23.571428571428573,11.142857142857142,16.714285714285715,13.0,7.285714285714286,14.714285714285714,10.428571428571429,0.5,0.5,11.0,2.0,9.0,1921.277881448644,1990.8401459887004
1200,21.857142857142858,54.0,7.571428571428571,24.0,9.714285714285714,11.857142857142858,10.714285714285714,4.285714285714286,17.571428571428573,21.714285714285715,55.714285714285715,8.0,21.142857142857142,10.571428571428571,11.285714285714286,9.285714285714286,6.428571428571429,17.857142857142858,0.5714285714285714,29.875,56.625,10.25,23.375,9.0,16.375,11.875,6.625,14.625,27.25,61.875,7.625,22.5,12.125,12.25,11.375,5.75,16.875,9.125,0.5,0.8,5.0,1.0,4.0,1935.688482664568,2012.9984490382424
1201,27.333333333333332,53.0,9.666666666666666,22.666666666666668,7.833333333333333,13.333333333333334,9.666666666666666,4.833333333333333,16.833333333333332,27.0,59.666666666666664,8.166666666666666,20.5,11.166666666666666,12.5,9.333333333333334,5.333333333333333,18.333333333333332,6.666666666666667,23.857142857142858,54.0,7.285714285714286,18.428571428571427,12.0,12.714285714285714,11.857142857142858,4.857142857142857,19.428571428571427,24.285714285714285,55.42857142857143,8.142857142857142,20.571428571428573,11.0,12.0,10.142857142857142,6.0,19.571428571428573,-2.4285714285714284,0.6666666666666666,0.5,2.0,3.0,-1.0,2060.1850715225296,2111.492746869762
1202,26.5,61.0,8.625,22.375,12.5,13.75,10.125,6.375,22.875,24.125,52.875,8.375,19.75,9.625,12.625,12.375,5.625,17.625,3.125,31.375,62.875,12.25,31.375,8.625,17.375,10.125,6.5,15.625,26.25,60.5,6.75,22.25,8.25,14.375,12.25,4.375,15.625,14.875,0.6,1.0,5.0,1.0,4.0,2009.5594892402903,2086.936805643714
1203,26.428571428571427,56.0,4.571428571428571,16.571428571428573,8.0,13.571428571428571,12.285714285714286,7.714285714285714,17.142857142857142,24.142857142857142,54.57142857142857,7.142857142857143,20.428571428571427,9.714285714285714,13.0,13.142857142857142,6.571428571428571,16.0,0.2857142857142857,24.666666666666668,51.666666666666664,7.833333333333333,22.666666666666668,6.833333333333333,15.333333333333334,10.833333333333334,7.666666666666667,11.166666666666666,20.833333333333332,52.666666666666664,6.166666666666667,20.166666666666668,7.833333333333333,12.166666666666666,13.0,6.0,15.0,10.666666666666666,0.5,1.0,9.0,11.0,-2.0,1956.1775857970104,2027.5296489280076
1204,26.4,55.2,6.2,20.4,8.6,13.4,12.6,5.8,19.6,27.6,59.8,11.4,23.0,9.6,14.6,11.8,4.8,20.4,-3.8,25.571428571428573,54.57142857142857,9.0,23.142857142857142,7.428571428571429,13.714285714285714,8.428571428571429,6.142857142857143,17.285714285714285,23.142857142857142,58.285714285714285,5.285714285714286,18.285714285714285,11.285714285714286,9.714285714285714,11.142857142857142,3.5714285714285716,20.142857142857142,12.857142857142858,0.3333333333333333,1.0,9.0,3.0,6.0,1957.6910228385252,2016.310739978412
1205,25.428571428571427,56.714285714285715,6.857142857142857,21.428571428571427,11.142857142857142,14.571428571428571,13.857142857142858,9.0,12.857142857142858,23.857142857142858,62.42857142857143,5.857142857142857,23.571428571428573,11.142857142857142,16.714285714285715,13.0,7.285714285714286,14.714285714285714,10.428571428571429,29.875,56.625,10.25,23.375,9.0,16.375,11.875,6.625,14.625,27.25,61.875,7.625,22.5,12.125,12.25,11.375,5.75,16.875,9.125,0.5,0.8,2.0,1.0,1.0,2084.0094134253677,2155.8154584500035
1206,23.857142857142858,54.0,7.285714285714286,18.428571428571427,12.0,12.714285714285714,11.857142857142858,4.857142857142857,19.428571428571427,24.285714285714285,55.42857142857143,8.142857142857142,20.571428571428573,11.0,12.0,10.142857142857142,6.0,19.571428571428573,-2.4285714285714284,31.375,62.875,12.25,31.375,8.625,17.375,10.125,6.5,15.625,26.25,60.5,6.75,22.25,8.25,14.375,12.25,4.375,15.625,14.875,0.5,1.0,3.0,1.0,2.0,1958.4067903685711,2019.54614910694
1207,24.666666666666668,51.666666666666664,7.833333333333333,22.666666666666668,6.833333333333333,15.333333333333334,10.833333333333334,7.666666666666667,11.166666666666666,20.833333333333332,52.666666666666664,6.166666666666667,20.166666666666668,7.833333333333333,12.166666666666666,13.0,6.0,15.0,10.666666666666666,25.571428571428573,54.57142857142857,9.0,23.142857142857142,7.428571428571429,13.714285714285714,8.428571428571429,6.142857142857143,17.285714285714285,23.142857142857142,58.285714285714285,5.285714285714286,18.285714285714285,11.285714285714286,9.714285714285714,11.142857142857142,3.5714285714285716,20.142857142857142,12.857142857142858,1.0,1.0,11.0,3.0,8.0,1860.373600692112,1958.0450711247736
1208,29.875,56.625,10.25,23.375,9.0,16.375,11.875,6.625,14.625,27.25,61.875,7.625,22.5,12.125,12.25,11.375,5.75,16.875,9.125,31.375,62.875,12.25,31.375,8.625,17.375,10.125,6.5,15.625,26.25,60.5,6.75,22.25,8.25,14.375,12.25,4.375,15.625,14.875,0.8,1.0,1.0,1.0,0.0,2154.4670216514064,2221.798961775536
1209,25.571428571428573,54.57142857142857,9.0,23.142857142857142,7.428571428571429,13.714285714285714,8.428571428571429,6.142857142857143,17.285714285714285,23.142857142857142,58.285714285714285,5.285714285714286,18.285714285714285,11.285714285714286,9.714285714285714,11.142857142857142,3.5714285714285716,20.142857142857142,12.857142857142858,31.375,62.875,12.25,31.375,8.625,17.375,10.125,6.5,15.625,26.25,60.5,6.75,22.25,8.25,14.375,12.25,4.375,15.625,14.875,1.0,1.0,3.0,1.0,2.0,2099.8015682988007,2170.54422853082
1210,33.0,64.2,11.6,31.8,8.2,20.6,8.6,5.8,14.0,27.0,60.2,6.6,18.8,8.2,12.4,11.2,4.2,13.6,17.8,27.166666666666668,61.166666666666664,7.166666666666667,22.333333333333332,11.0,13.333333333333334,11.166666666666666,7.333333333333333,16.333333333333332,24.333333333333332,59.0,8.333333333333334,24.666666666666668,12.166666666666666,12.833333333333334,14.333333333333334,5.5,16.5,3.3333333333333335,0.5,0.6666666666666666,11.0,11.0,0.0,1700.8298863591613,1831.0370637702304
1211,24.666666666666668,48.666666666666664,7.5,16.5,8.666666666666666,13.5,13.166666666666666,6.833333333333333,12.666666666666666,23.0,59.0,7.333333333333333,22.5,13.0,11.666666666666666,13.5,6.666666666666667,18.333333333333332,12.833333333333334,25.666666666666668,55.333333333333336,6.666666666666667,21.11111111111111,9.88888888888889,12.666666666666666,10.555555555555555,9.88888888888889,19.77777777777778,23.0,53.22222222222222,5.0,17.22222222222222,11.0,11.0,19.0,3.6666666666666665,23.77777777777778,14.666666666666666,1.0,1.0,16.0,16.0,0.0,1386.2039832303876,1558.6034801438548
1212,23.666666666666668,54.666666666666664,6.166666666666667,19.166666666666668,9.833333333333334,11.333333333333334,12.166666666666666,6.166666666666667,18.5,24.166666666666668,57.0,8.166666666666666,22.833333333333332,11.166666666666666,12.166666666666666,13.833333333333334,5.666666666666667,21.0,0.0,27.166666666666668,60.833333333333336,7.333333333333333,22.0,7.5,12.0,8.833333333333334,9.166666666666666,21.666666666666668,26.666666666666668,54.833333333333336,7.666666666666667,21.0,12.5,13.833333333333334,15.333333333333334,3.5,17.833333333333332,-8.166666666666666,0.6666666666666666,0.3333333333333333,11.0,11.0,0.0,1858.9770732529664,1931.8904291376805
1213,23.166666666666668,52.833333333333336,10.0,26.0,6.166666666666667,9.5,8.333333333333334,4.0,14.833333333333334,24.0,56.0,7.5,20.833333333333332,8.5,9.0,8.166666666666666,4.833333333333333,15.5,1.8333333333333333,23.166666666666668,53.333333333333336,6.666666666666667,21.5,11.5,15.0,13.5,4.5,16.5,23.666666666666668,56.5,5.5,19.0,10.5,11.5,11.0,6.666666666666667,14.333333333333334,3.3333333333333335,1.0,0.75,16.0,16.0,0.0,1490.898137458836,1587.1698985482649
1214,24.555555555555557,57.22222222222222,11.666666666666666,31.555555555555557,8.88888888888889,12.11111111111111,8.555555555555555,10.11111111111111,15.11111111111111,24.666666666666668,51.0,9.222222222222221,23.11111111111111,9.88888888888889,12.555555555555555,15.88888888888889,4.444444444444445,14.777777777777779,3.6666666666666665,30.0,60.142857142857146,11.714285714285714,30.571428571428573,12.0,17.285714285714285,12.571428571428571,4.857142857142857,17.571428571428573,22.142857142857142,54.714285714285715,6.0,20.857142857142858,6.0,7.857142857142857,12.142857142857142,6.428571428571429,19.142857142857142,21.571428571428573,1.0,1.0,5.0,12.0,-7.0,1988.9484967491396,2080.7253393213564
1215,23.5,57.333333333333336,8.0,23.5,13.0,12.833333333333334,12.833333333333334,5.0,18.833333333333332,26.0,57.333333333333336,8.333333333333334,22.666666666666668,9.166666666666666,14.5,10.0,6.333333333333333,18.0,-4.333333333333333,24.142857142857142,56.714285714285715,8.285714285714286,23.571428571428573,11.428571428571429,11.285714285714286,12.714285714285714,9.285714285714286,18.571428571428573,23.142857142857142,55.57142857142857,9.428571428571429,25.142857142857142,14.285714285714286,14.857142857142858,14.714285714285714,8.142857142857142,17.571428571428573,-4.142857142857143,0.0,0.25,9.0,8.0,1.0,1892.7260638635312,1964.726836927311
1216,22.5,50.25,6.25,20.375,9.125,11.125,11.0,5.625,14.375,23.625,53.75,5.875,17.125,10.25,10.25,11.75,7.5,19.5,2.5,26.285714285714285,56.857142857142854,9.428571428571429,24.285714285714285,10.0,13.142857142857142,10.571428571428571,5.857142857142857,17.571428571428573,24.714285714285715,55.714285714285715,8.714285714285714,20.714285714285715,7.571428571428571,12.857142857142858,12.428571428571429,4.571428571428571,20.428571428571427,7.857142857142857,0.4,0.75,10.0,7.0,3.0,1886.34523841554,1969.877037141585
1217,22.875,56.125,7.625,23.375,10.125,11.125,12.25,4.75,16.875,23.125,57.125,5.75,20.125,9.5,9.0,10.375,6.125,17.875,1.625,24.833333333333332,53.166666666666664,8.5,22.166666666666668,9.166666666666666,11.5,10.333333333333334,6.5,14.666666666666666,19.333333333333332,49.5,7.833333333333333,22.833333333333332,5.833333333333333,9.833333333333334,11.666666666666666,5.833333333333333,16.5,15.833333333333334,0.8,1.0,4.0,13.0,-9.0,2059.121436551532,2137.323999493874
1218,30.4,56.8,5.8,17.6,6.4,16.0,9.8,8.6,13.4,24.8,59.4,7.6,19.6,8.4,7.8,13.4,6.0,16.6,16.2,24.666666666666668,48.666666666666664,7.5,16.5,8.666666666666666,13.5,13.166666666666666,6.833333333333333,12.666666666666666,23.0,59.0,7.333333333333333,22.5,13.0,11.666666666666666,13.5,6.666666666666667,18.333333333333332,12.833333333333334,0.5,1.0,1.0,16.0,-15.0,2089.930218526687,2177.7165630768777
1219,25.25,58.875,6.5,20.5,11.5,11.875,13.125,6.0,15.125,25.875,59.875,8.875,24.5,9.375,12.75,10.625,6.375,16.625,-0.5,27.333333333333332,54.666666666666664,10.833333333333334,27.166666666666668,7.333333333333333,16.333333333333332,8.333333333333334,6.0,13.833333333333334,24.666666666666668,55.0,5.333333333333333,16.5,6.166666666666667,11.5,9.166666666666666,3.5,16.0,13.666666666666666,0.6,1.0,4.0,13.0,-9.0,2068.955979357917,2137.323125908224
1220,24.714285714285715,51.142857142857146,5.714285714285714,14.0,9.285714285714286,13.285714285714286,11.857142857142858,4.571428571428571,17.0,22.857142857142858,58.0,7.571428571428571,21.571428571428573,8.857142857142858,12.285714285714286,7.571428571428571,6.142857142857143,18.714285714285715,5.571428571428571,25.0,55.714285714285715,8.142857142857142,22.428571428571427,9.285714285714286,15.571428571428571,9.571428571428571,8.857142857142858,15.714285714285714,22.857142857142858,53.0,6.714285714285714,18.714285714285715,9.142857142857142,11.714285714285714,15.142857142857142,4.857142857142857,17.0,10.714285714285714,0.75,1.0,2.0,15.0,-13.0,2078.5167021874317,2168.5361908969026
1221,27.833333333333332,65.16666666666667,6.333333333333333,20.5,14.833333333333334,11.666666666666666,10.5,7.666666666666667,19.666666666666668,24.333333333333332,59.333333333333336,7.666666666666667,24.0,10.833333333333334,9.666666666666666,11.5,5.166666666666667,16.166666666666668,6.166666666666667,29.571428571428573,59.42857142857143,7.714285714285714,19.571428571428573,6.571428571428571,16.428571428571427,8.714285714285714,6.428571428571429,15.285714285714286,27.0,59.857142857142854,8.142857142857142,24.285714285714285,8.0,12.714285714285714,10.428571428571429,4.428571428571429,17.142857142857142,6.0,0.6666666666666666,0.75,3.0,14.0,-11.0,1955.569569864208,2065.1262801756297
1222,23.0,54.6,5.4,19.2,10.6,10.8,12.4,3.4,14.8,24.0,57.8,8.0,23.6,9.8,13.8,8.4,7.2,15.2,-2.6,33.0,64.2,11.6,31.8,8.2,20.6,8.6,5.8,14.0,27.0,60.2,6.6,18.8,8.2,12.4,11.2,4.2,13.6,17.8,0.5,0.5,6.0,11.0,-5.0,1911.3352006247485,1987.003929753004
1223,26.285714285714285,58.0,8.714285714285714,24.428571428571427,7.714285714285714,15.857142857142858,7.285714285714286,5.285714285714286,13.285714285714286,22.857142857142858,55.714285714285715,4.428571428571429,17.857142857142858,9.857142857142858,11.857142857142858,9.0,3.7142857142857144,12.428571428571429,8.571428571428571,28.666666666666668,55.44444444444444,8.666666666666666,22.0,7.444444444444445,16.444444444444443,12.444444444444445,6.333333333333333,17.444444444444443,24.11111111111111,54.666666666666664,7.333333333333333,22.22222222222222,7.777777777777778,11.777777777777779,12.666666666666666,6.666666666666667,15.333333333333334,7.666666666666667,0.5,0.8333333333333334,2.0,15.0,-13.0,2088.273206063928,2160.2671028114955
1224,25.142857142857142,51.857142857142854,7.714285714285714,20.285714285714285,8.571428571428571,16.714285714285715,11.142857142857142,3.857142857142857,14.0,23.714285714285715,59.142857142857146,8.0,24.142857142857142,8.857142857142858,12.285714285714286,8.142857142857142,6.285714285714286,16.0,8.142857142857142,20.833333333333332,51.333333333333336,6.5,18.333333333333332,8.5,12.5,10.5,3.3333333333333335,13.666666666666666,21.0,54.333333333333336,7.0,22.666666666666668,7.5,9.833333333333334,9.833333333333334,5.5,15.666666666666666,3.6666666666666665,1.0,1.0,2.0,15.0,-13.0,2111.0508449689605,2184.39525292952
1225,22.857142857142858,53.42857142857143,5.0,14.571428571428571,7.857142857142857,13.714285714285714,11.285714285714286,4.714285714285714,13.428571428571429,26.285714285714285,62.57142857142857,7.285714285714286,22.0,11.285714285714286,14.285714285714286,10.142857142857142,6.571428571428571,17.142857142857142,-2.4285714285714284,24.166666666666668,62.166666666666664,8.0,28.166666666666668,11.833333333333334,11.833333333333334,9.166666666666666,2.0,15.833333333333334,23.833333333333332,61.333333333333336,6.5,23.166666666666668,9.5,12.0,5.166666666666667,5.0,13.666666666666666,-0.16666666666666666,0.6,0.3333333333333333,10.0,7.0,3.0,1835.1851657587968,1912.7537596971251
1226,31.4,62.8,7.2,20.0,10.4,19.0,11.6,5.2,14.2,26.6,65.4,6.4,24.2,11.2,12.2,12.6,6.4,17.6,16.0,24.142857142857142,55.714285714285715,9.571428571428571,25.142857142857142,10.571428571428571,12.428571428571429,14.714285714285714,3.0,21.428571428571427,22.285714285714285,56.857142857142854,6.571428571428571,22.0,10.857142857142858,12.714285714285714,9.285714285714286,6.857142857142857,19.428571428571427,3.5714285714285716,1.0,0.25,12.0,5.0,7.0,1714.283344237198,1837.1871488528527
1227,26.5,59.833333333333336,7.833333333333333,23.5,13.5,15.333333333333334,9.833333333333334,6.0,18.0,21.333333333333332,53.5,6.333333333333333,20.333333333333332,8.166666666666666,12.5,10.0,4.5,17.833333333333332,10.333333333333334,21.285714285714285,56.285714285714285,6.142857142857143,19.142857142857142,12.857142857142858,11.714285714285714,12.714285714285714,5.142857142857143,17.0,22.142857142857142,52.285714285714285,4.857142857142857,17.285714285714285,9.285714285714286,11.142857142857142,12.285714285714286,6.571428571428571,15.857142857142858,-1.0,0.3333333333333333,0.6,3.0,14.0,-11.0,2006.3993249458847,2076.145800907909
1228,22.571428571428573,55.42857142857143,10.142857142857142,29.714285714285715,10.428571428571429,14.0,11.285714285714286,4.428571428571429,15.714285714285714,24.0,56.285714285714285,7.428571428571429,23.714285714285715,9.428571428571429,14.0,11.857142857142858,5.428571428571429,17.857142857142858,4.0,24.0,52.2,6.0,15.8,8.2,7.0,11.2,5.6,14.0,20.4,51.2,3.8,17.0,7.0,6.6,10.2,6.4,13.2,8.6,0.75,1.0,6.0,11.0,-5.0,2101.913441465173,2129.462598444802
1229,30.0,59.5,10.5,26.166666666666668,9.5,14.5,11.166666666666666,6.5,16.833333333333332,23.5,57.333333333333336,5.333333333333333,23.333333333333332,9.166666666666666,10.333333333333334,12.0,5.833333333333333,15.333333333333334,17.166666666666668,25.428571428571427,63.142857142857146,7.0,23.857142857142858,14.714285714285714,13.0,12.142857142857142,7.142857142857143,20.571428571428573,23.714285714285715,57.857142857142854,7.714285714285714,24.142857142857142,11.285714285714286,12.0,14.142857142857142,5.714285714285714,19.0,2.142857142857143,1.0,0.8,7.0,10.0,-3.0,1717.927193227526,1858.695520281936
1230,29.142857142857142,65.57142857142857,9.428571428571429,30.142857142857142,12.571428571428571,16.285714285714285,10.428571428571429,7.142857142857143,16.428571428571427,25.571428571428573,62.142857142857146,6.0,22.714285714285715,10.142857142857142,10.285714285714286,13.0,4.857142857142857,18.0,12.714285714285714,23.666666666666668,54.666666666666664,6.166666666666667,19.166666666666668,9.833333333333334,11.333333333333334,12.166666666666666,6.166666666666667,18.5,24.166666666666668,57.0,8.166666666666666,22.833333333333332,11.166666666666666,12.166666666666666,13.833333333333334,5.666666666666667,21.0,0.0,1.0,0.6666666666666666,6.0,11.0,-5.0,1868.001114823003,1979.6287118387097
1231,27.875,59.625,6.375,22.25,11.5,14.0,13.875,6.125,15.75,25.125,64.5,7.375,24.25,12.375,10.875,10.625,6.5,17.0,6.25,23.166666666666668,52.833333333333336,10.0,26.0,6.166666666666667,9.5,8.333333333333334,4.0,14.833333333333334,24.0,56.0,7.5,20.833333333333332,8.5,9.0,8.166666666666666,4.833333333333333,15.5,1.8333333333333333,0.8,1.0,1.0,16.0,-15.0,2155.3706477022106,2231.8943781101066
1232,27.375,60.375,9.25,24.25,13.125,14.0,10.375,5.75,21.875,19.5,51.5,5.875,20.25,10.375,9.25,12.375,3.875,17.375,12.25,25.333333333333332,58.333333333333336,9.5,26.333333333333332,8.0,12.166666666666666,11.0,9.0,17.5,24.166666666666668,63.0,7.666666666666667,28.333333333333332,14.5,13.5,16.5,5.166666666666667,19.333333333333332,7.166666666666667,0.8,1.0,3.0,14.0,-11.0,2009.9384419726068,2119.2452107359195
1233,24.333333333333332,59.666666666666664,7.0,22.5,10.166666666666666,14.166666666666666,11.666666666666666,4.666666666666667,17.166666666666668,28.166666666666668,58.5,9.666666666666666,25.833333333333332,9.833333333333334,18.333333333333332,12.333333333333334,7.333333333333333,18.166666666666668,-9.333333333333334,22.625,57.625,5.75,18.375,15.125,11.0,10.5,4.5,15.625,23.625,57.5,7.375,22.0,12.125,9.75,11.25,3.5,18.0,1.625,0.25,0.6,10.0,7.0,3.0,1825.65846593296,1907.6663877684225
1234,26.333333333333332,53.5,6.166666666666667,18.5,7.166666666666667,12.833333333333334,10.0,4.166666666666667,14.333333333333334,23.166666666666668,53.333333333333336,7.333333333333333,21.166666666666668,8.333333333333334,11.333333333333334,11.833333333333334,4.5,15.833333333333334,7.666666666666667,26.142857142857142,56.142857142857146,9.428571428571429,24.0,11.285714285714286,13.714285714285714,13.571428571428571,7.142857142857143,16.285714285714285,24.142857142857142,56.57142857142857,7.714285714285714,21.142857142857142,11.0,13.285714285714286,12.285714285714286,7.571428571428571,14.857142857142858,6.0,1.0,0.5,12.0,5.0,7.0,1570.936848708402,1731.549073735716
1235,28.285714285714285,67.71428571428571,8.428571428571429,25.857142857142858,14.428571428571429,16.571428571428573,10.0,4.714285714285714,15.428571428571429,25.857142857142858,64.28571428571429,9.714285714285714,29.714285714285715,8.285714285714286,14.857142857142858,10.571428571428571,5.571428571428571,18.0,8.857142857142858,26.0,54.2,9.8,23.8,8.0,12.0,9.4,6.0,13.4,27.2,59.2,8.0,23.6,10.0,14.4,12.4,4.8,19.6,10.6,0.75,1.0,1.0,16.0,-15.0,2137.574452376145,2217.742433584712
1236,23.0,59.0,8.285714285714286,26.142857142857142,9.857142857142858,15.142857142857142,10.571428571428571,6.571428571428571,17.428571428571427,26.857142857142858,56.57142857142857,7.571428571428571,20.285714285714285,8.0,15.0,10.714285714285714,5.285714285714286,15.857142857142858,-7.428571428571429,26.625,57.25,7.5,21.125,9.875,12.625,11.875,6.75,14.125,26.875,62.75,9.0,23.5,12.75,13.0,11.25,6.375,15.625,1.0,0.25,0.6,11.0,6.0,5.0,1855.5026126308624,1948.1137186765015
1237,26.5,57.0,6.666666666666667,17.5,6.5,12.166666666666666,10.666666666666666,5.833333333333333,14.666666666666666,26.5,62.0,9.5,28.666666666666668,11.166666666666666,12.333333333333334,11.0,7.5,16.0,-1.0,25.333333333333332,58.333333333333336,8.333333333333334,24.333333333333332,8.0,13.0,11.166666666666666,5.333333333333333,17.666666666666668,26.833333333333332,53.333333333333336,5.666666666666667,15.0,7.333333333333333,15.5,12.333333333333334,6.166666666666667,14.5,-1.0,0.3333333333333333,0.3333333333333333,9.0,8.0,1.0,1870.6240464462896,1939.1357421876796
1238,27.0,57.666666666666664,8.0,22.333333333333332,10.88888888888889,12.88888888888889,10.88888888888889,8.555555555555555,18.77777777777778,19.11111111111111,52.22222222222222,6.222222222222222,22.666666666666668,10.555555555555555,10.333333333333334,14.222222222222221,5.0,16.555555555555557,15.0,24.428571428571427,59.42857142857143,5.428571428571429,19.0,10.0,12.142857142857142,10.142857142857142,3.857142857142857,14.285714285714286,22.714285714285715,59.714285714285715,6.857142857142857,21.857142857142858,9.714285714285714,12.0,10.571428571428571,6.142857142857143,19.0,3.5714285714285716,1.0,0.75,12.0,5.0,7.0,1915.639910405897,1953.056278397787
1239,28.0,60.0,7.125,19.375,10.625,14.625,11.0,6.5,17.375,24.0,57.75,8.5,24.125,11.375,12.375,10.625,7.5,16.625,2.875,29.0,55.666666666666664,11.5,24.5,8.333333333333334,17.166666666666668,13.0,8.333333333333334,14.333333333333334,25.0,57.5,7.833333333333333,24.0,9.166666666666666,11.666666666666666,13.5,6.333333333333333,17.166666666666668,14.0,0.6,1.0,2.0,15.0,-13.0,2051.6601597733525,2147.374580985253
1240,29.0,58.833333333333336,8.833333333333334,21.333333333333332,8.666666666666666,14.5,9.666666666666666,7.166666666666667,15.666666666666666,23.0,58.166666666666664,9.0,22.333333333333332,10.666666666666666,11.333333333333334,12.666666666666666,5.5,17.0,11.5,28.833333333333332,61.333333333333336,8.5,22.5,10.166666666666666,17.666666666666668,12.166666666666666,6.5,17.5,25.166666666666668,58.833333333333336,9.5,26.666666666666668,8.833333333333334,15.666666666666666,12.833333333333334,7.333333333333333,16.666666666666668,5.166666666666667,0.6666666666666666,1.0,3.0,14.0,-11.0,2040.482390640348,2106.97585433657
1241,30.857142857142858,61.42857142857143,6.714285714285714,19.0,12.142857142857142,14.142857142857142,8.714285714285714,5.714285714285714,17.571428571428573,21.142857142857142,56.0,5.142857142857143,17.142857142857142,9.571428571428571,8.0,10.285714285714286,4.285714285714286,14.428571428571429,20.285714285714285,24.0,55.42857142857143,7.571428571428571,22.142857142857142,8.428571428571429,13.857142857142858,9.428571428571429,8.142857142857142,15.0,20.571428571428573,50.142857142857146,5.571428571428571,19.428571428571427,8.571428571428571,11.571428571428571,14.285714285714286,5.857142857142857,14.857142857142858,8.857142857142858,1.0,0.75,13.0,4.0,9.0,1720.255810605625,1834.8351636994803
1242,23.833333333333332,54.0,7.0,19.5,10.5,12.666666666666666,12.5,4.166666666666667,17.666666666666668,22.166666666666668,56.833333333333336,6.333333333333333,23.0,10.166666666666666,11.5,10.166666666666666,6.0,18.333333333333332,6.333333333333333,26.333333333333332,58.333333333333336,7.5,24.0,11.5,14.5,12.0,8.5,17.166666666666668,21.5,53.666666666666664,5.833333333333333,17.5,10.5,11.0,15.833333333333334,6.5,18.0,13.166666666666666,0.3333333333333333,0.6666666666666666,9.0,8.0,1.0,1836.469398137036,1958.2605848931717
1243,25.428571428571427,51.42857142857143,9.285714285714286,21.142857142857142,7.142857142857143,14.714285714285714,7.857142857142857,5.714285714285714,14.857142857142858,20.285714285714285,51.857142857142854,7.0,22.142857142857142,9.0,8.571428571428571,9.857142857142858,4.142857142857143,15.714285714285714,15.285714285714286,26.166666666666668,50.5,7.333333333333333,19.166666666666668,6.333333333333333,13.333333333333334,9.666666666666666,4.0,14.0,25.666666666666668,61.333333333333336,8.5,24.833333333333332,11.833333333333334,14.5,8.666666666666666,5.166666666666667,16.833333333333332,6.833333333333333,0.75,1.0,1.0,16.0,-15.0,2188.3421901037013,2257.0652329782056
1244,24.333333333333332,54.5,8.333333333333334,23.833333333333332,8.666666666666666,13.0,10.5,4.5,15.666666666666666,22.333333333333332,56.333333333333336,8.166666666666666,28.666666666666668,8.5,12.166666666666666,10.333333333333334,4.833333333333333,16.666666666666668,5.166666666666667,25.22222222222222,58.77777777777778,5.777777777777778,18.0,15.0,13.444444444444445,11.11111111111111,5.888888888888889,16.77777777777778,22.0,53.666666666666664,7.444444444444445,21.22222222222222,9.333333333333334,13.222222222222221,11.777777777777779,4.333333333333333,16.77777777777778,3.7777777777777777,0.5,0.8333333333333334,4.0,13.0,-9.0,1961.7441699521,2040.3938679459989
1245,23.125,54.25,7.875,22.5,8.625,11.125,12.5,9.375,17.25,23.0,51.875,6.625,18.75,11.625,13.75,16.5,7.25,16.875,-1.0,27.571428571428573,57.42857142857143,6.857142857142857,20.428571428571427,10.285714285714286,16.142857142857142,11.571428571428571,4.571428571428571,17.857142857142858,24.428571428571427,61.857142857142854,8.428571428571429,24.571428571428573,9.142857142857142,12.285714285714286,9.714285714285714,6.142857142857143,21.0,10.285714285714286,0.6,1.0,9.0,8.0,1.0,1887.0148888653423,1941.294782435553
1246,24.555555555555557,57.22222222222222,11.666666666666666,31.555555555555557,8.88888888888889,12.11111111111111,8.555555555555555,10.11111111111111,15.11111111111111,24.666666666666668,51.0,9.222222222222221,23.11111111111111,9.88888888888889,12.555555555555555,15.88888888888889,4.444444444444445,14.777777777777779,3.6666666666666665,25.25,58.875,6.5,20.5,11.5,11.875,13.125,6.0,15.125,25.875,59.875,8.875,24.5,9.375,12.75,10.625,6.375,16.625,-0.5,1.0,0.6,5.0,4.0,1.0,1997.6823957093725,2089.935095082136
1247,22.875,56.125,7.625,23.375,10.125,11.125,12.25,4.75,16.875,23.125,57.125,5.75,20.125,9.5,9.0,10.375,6.125,17.875,1.625,31.4,62.8,7.2,20.0,10.4,19.0,11.6,5.2,14.2,26.6,65.4,6.4,24.2,11.2,12.2,12.6,6.4,17.6,16.0,0.8,1.0,4.0,12.0,-8.0,2062.954470988762,2142.630765352493
1248,30.4,56.8,5.8,17.6,6.4,16.0,9.8,8.6,13.4,24.8,59.4,7.6,19.6,8.4,7.8,13.4,6.0,16.6,16.2,23.5,57.333333333333336,8.0,23.5,13.0,12.833333333333334,12.833333333333334,5.0,18.833333333333332,26.0,57.333333333333336,8.333333333333334,22.666666666666668,9.166666666666666,14.5,10.0,6.333333333333333,18.0,-4.333333333333333,0.5,0.0,1.0,9.0,-8.0,2090.522303528864,2178.688340183012
1249,24.714285714285715,51.142857142857146,5.714285714285714,14.0,9.285714285714286,13.285714285714286,11.857142857142858,4.571428571428571,17.0,22.857142857142858,58.0,7.571428571428571,21.571428571428573,8.857142857142858,12.285714285714286,7.571428571428571,6.142857142857143,18.714285714285715,5.571428571428571,30.0,59.5,10.5,26.166666666666668,9.5,14.5,11.166666666666666,6.5,16.833333333333332,23.5,57.333333333333336,5.333333333333333,23.333333333333332,9.166666666666666,10.333333333333334,12.0,5.833333333333333,15.333333333333334,17.166666666666668,0.75,1.0,2.0,7.0,-5.0,2079.4609575752597,2169.8354500600253
1250,27.833333333333332,65.16666666666667,6.333333333333333,20.5,14.833333333333334,11.666666666666666,10.5,7.666666666666667,19.666666666666668,24.333333333333332,59.333333333333336,7.666666666666667,24.0,10.833333333333334,9.666666666666666,11.5,5.166666666666667,16.166666666666668,6.166666666666667,23.0,54.6,5.4,19.2,10.6,10.8,12.4,3.4,14.8,24.0,57.8,8.0,23.6,9.8,13.8,8.4,7.2,15.2,-2.6,0.6666666666666666,0.5,3.0,6.0,-3.0,1959.8182471042796,2069.921478139717
1251,26.285714285714285,58.0,8.714285714285714,24.428571428571427,7.714285714285714,15.857142857142858,7.285714285714286,5.285714285714286,13.285714285714286,22.857142857142858,55.714285714285715,4.428571428571429,17.857142857142858,9.857142857142858,11.857142857142858,9.0,3.7142857142857144,12.428571428571429,8.571428571428571,22.5,50.25,6.25,20.375,9.125,11.125,11.0,5.625,14.375,23.625,53.75,5.875,17.125,10.25,10.25,11.75,7.5,19.5,2.5,0.5,0.4,2.0,10.0,-8.0,2090.2784106222166,2162.9245871508474
1252,25.142857142857142,51.857142857142854,7.714285714285714,20.285714285714285,8.571428571428571,16.714285714285715,11.142857142857142,3.857142857142857,14.0,23.714285714285715,59.142857142857146,8.0,24.142857142857142,8.857142857142858,12.285714285714286,8.142857142857142,6.285714285714286,16.0,8.142857142857142,22.857142857142858,53.42857142857143,5.0,14.571428571428571,7.857142857142857,13.714285714285714,11.285714285714286,4.714285714285714,13.428571428571429,26.285714285714285,62.57142857142857,7.285714285714286,22.0,11.285714285714286,14.285714285714286,10.142857142857142,6.571428571428571,17.142857142857142,-2.4285714285714284,1.0,0.6,2.0,10.0,-8.0,2112.8489739466136,2186.450739186017
1253,26.5,59.833333333333336,7.833333333333333,23.5,13.5,15.333333333333334,9.833333333333334,6.0,18.0,21.333333333333332,53.5,6.333333333333333,20.333333333333332,8.166666666666666,12.5,10.0,4.5,17.833333333333332,10.333333333333334,22.571428571428573,55.42857142857143,10.142857142857142,29.714285714285715,10.428571428571429,14.0,11.285714285714286,4.428571428571429,15.714285714285714,24.0,56.285714285714285,7.428571428571429,23.714285714285715,9.428571428571429,14.0,11.857142857142858,5.428571428571429,17.857142857142858,4.0,0.3333333333333333,0.75,3.0,6.0,-3.0,2011.7871959808465,2082.7200850437766
1254,27.875,59.625,6.375,22.25,11.5,14.0,13.875,6.125,15.75,25.125,64.5,7.375,24.25,12.375,10.875,10.625,6.5,17.0,6.25,23.833333333333332,54.0,7.0,19.5,10.5,12.666666666666666,12.5,4.166666666666667,17.666666666666668,22.166666666666668,56.833333333333336,6.333333333333333,23.0,10.166666666666666,11.5,10.166666666666666,6.0,18.333333333333332,6.333333333333333,0.8,0.3333333333333333,1.0,9.0,-8.0,2156.0795320001357,2232.7073603387043
1255,27.375,60.375,9.25,24.25,13.125,14.0,10.375,5.75,21.875,19.5,51.5,5.875,20.25,10.375,9.25,12.375,3.875,17.375,12.25,23.0,59.0,8.285714285714286,26.142857142857142,9.857142857142858,15.142857142857142,10.571428571428571,6.571428571428571,17.428571428571427,26.857142857142858,56.57142857142857,7.571428571428571,20.285714285714285,8.0,15.0,10.714285714285714,5.285714285714286,15.857142857142858,-7.428571428571429,0.8,0.25,3.0,11.0,-8.0,2013.4706264283457,2122.8893355580253
1256,28.285714285714285,67.71428571428571,8.428571428571429,25.857142857142858,14.428571428571429,16.571428571428573,10.0,4.714285714285714,15.428571428571429,25.857142857142858,64.28571428571429,9.714285714285714,29.714285714285715,8.285714285714286,14.857142857142858,10.571428571428571,5.571428571428571,18.0,8.857142857142858,23.125,54.25,7.875,22.5,8.625,11.125,12.5,9.375,17.25,23.0,51.875,6.625,18.75,11.625,13.75,16.5,7.25,16.875,-1.0,0.75,0.6,1.0,9.0,-8.0,2138.4524136224586,2219.025009349109
1257,27.0,57.666666666666664,8.0,22.333333333333332,10.88888888888889,12.88888888888889,10.88888888888889,8.555555555555555,18.77777777777778,19.11111111111111,52.22222222222222,6.222222222222222,22.666666666666668,10.555555555555555,10.333333333333334,14.222222222222221,5.0,16.555555555555557,15.0,30.857142857142858,61.42857142857143,6.714285714285714,19.0,12.142857142857142,14.142857142857142,8.714285714285714,5.714285714285714,17.571428571428573,21.142857142857142,56.0,5.142857142857143,17.142857142857142,9.571428571428571,8.0,10.285714285714286,4.285714285714286,14.428571428571429,20.285714285714285,1.0,1.0,12.0,13.0,-1.0,1932.8679011905965,1971.5448100889012
1258,28.0,60.0,7.125,19.375,10.625,14.625,11.0,6.5,17.375,24.0,57.75,8.5,24.125,11.375,12.375,10.625,7.5,16.625,2.875,24.333333333333332,59.666666666666664,7.0,22.5,10.166666666666666,14.166666666666666,11.666666666666666,4.666666666666667,17.166666666666668,28.166666666666668,58.5,9.666666666666666,25.833333333333332,9.833333333333334,18.333333333333332,12.333333333333334,7.333333333333333,18.166666666666668,-9.333333333333334,0.6,0.25,2.0,10.0,-8.0,2053.214713410199,2149.5255962730407
1259,29.0,58.833333333333336,8.833333333333334,21.333333333333332,8.666666666666666,14.5,9.666666666666666,7.166666666666667,15.666666666666666,23.0,58.166666666666664,9.0,22.333333333333332,10.666666666666666,11.333333333333334,12.666666666666666,5.5,17.0,11.5,29.142857142857142,65.57142857142857,9.428571428571429,30.142857142857142,12.571428571428571,16.285714285714285,10.428571428571429,7.142857142857143,16.428571428571427,25.571428571428573,62.142857142857146,6.0,22.714285714285715,10.142857142857142,10.285714285714286,13.0,4.857142857142857,18.0,12.714285714285714,0.6666666666666666,1.0,3.0,6.0,-3.0,2042.9548869863988,2110.486538339232
1260,25.428571428571427,51.42857142857143,9.285714285714286,21.142857142857142,7.142857142857143,14.714285714285714,7.857142857142857,5.714285714285714,14.857142857142858,20.285714285714285,51.857142857142854,7.0,22.142857142857142,9.0,8.571428571428571,9.857142857142858,4.142857142857143,15.714285714285714,15.285714285714286,26.5,57.0,6.666666666666667,17.5,6.5,12.166666666666666,10.666666666666666,5.833333333333333,14.666666666666666,26.5,62.0,9.5,28.666666666666668,11.166666666666666,12.333333333333334,11.0,7.5,16.0,-1.0,0.75,0.3333333333333333,1.0,9.0,-8.0,2188.7472217737954,2257.9173918289257
1261,24.333333333333332,54.5,8.333333333333334,23.833333333333332,8.666666666666666,13.0,10.5,4.5,15.666666666666666,22.333333333333332,56.333333333333336,8.166666666666666,28.666666666666668,8.5,12.166666666666666,10.333333333333334,4.833333333333333,16.666666666666668,5.166666666666667,26.333333333333332,53.5,6.166666666666667,18.5,7.166666666666667,12.833333333333334,10.0,4.166666666666667,14.333333333333334,23.166666666666668,53.333333333333336,7.333333333333333,21.166666666666668,8.333333333333334,11.333333333333334,11.833333333333334,4.5,15.833333333333334,7.666666666666667,0.5,1.0,4.0,12.0,-8.0,1968.088510654324,2046.819561776474
1262,30.4,56.8,5.8,17.6,6.4,16.0,9.8,8.6,13.4,24.8,59.4,7.6,19.6,8.4,7.8,13.4,6.0,16.6,16.2,22.875,56.125,7.625,23.375,10.125,11.125,12.25,4.75,16.875,23.125,57.125,5.75,20.125,9.5,9.0,10.375,6.125,17.875,1.625,0.5,0.8,1.0,4.0,-3.0,2098.83092613988,2186.459743580995
1263,26.5,59.833333333333336,7.833333333333333,23.5,13.5,15.333333333333334,9.833333333333334,6.0,18.0,21.333333333333332,53.5,6.333333333333333,20.333333333333332,8.166666666666666,12.5,10.0,4.5,17.833333333333332,10.333333333333334,28.0,60.0,7.125,19.375,10.625,14.625,11.0,6.5,17.375,24.0,57.75,8.5,24.125,11.375,12.375,10.625,7.5,16.625,2.875,0.3333333333333333,0.6,3.0,2.0,1.0,2032.0847145916491,2101.205726854139
1264,29.0,58.833333333333336,8.833333333333334,21.333333333333332,8.666666666666666,14.5,9.666666666666666,7.166666666666667,15.666666666666666,23.0,58.166666666666664,9.0,22.333333333333332,10.666666666666666,11.333333333333334,12.666666666666666,5.5,17.0,11.5,26.285714285714285,58.0,8.714285714285714,24.428571428571427,7.714285714285714,15.857142857142858,7.285714285714286,5.285714285714286,13.285714285714286,22.857142857142858,55.714285714285715,4.428571428571429,17.857142857142858,9.857142857142858,11.857142857142858,9.0,3.7142857142857144,12.428571428571429,8.571428571428571,0.6666666666666666,0.5,3.0,2.0,1.0,2052.1139171992845,2121.3121081146737
1265,25.428571428571427,51.42857142857143,9.285714285714286,21.142857142857142,7.142857142857143,14.714285714285714,7.857142857142857,5.714285714285714,14.857142857142858,20.285714285714285,51.857142857142854,7.0,22.142857142857142,9.0,8.571428571428571,9.857142857142858,4.142857142857143,15.714285714285714,15.285714285714286,27.0,57.666666666666664,8.0,22.333333333333332,10.88888888888889,12.88888888888889,10.88888888888889,8.555555555555555,18.77777777777778,19.11111111111111,52.22222222222222,6.222222222222222,22.666666666666668,10.555555555555555,10.333333333333334,14.222222222222221,5.0,16.555555555555557,15.0,0.75,1.0,1.0,12.0,-11.0,2193.438879118278,2262.6544055781555
1266,24.555555555555557,57.22222222222222,11.666666666666666,31.555555555555557,8.88888888888889,12.11111111111111,8.555555555555555,10.11111111111111,15.11111111111111,24.666666666666668,51.0,9.222222222222221,23.11111111111111,9.88888888888889,12.555555555555555,15.88888888888889,4.444444444444445,14.777777777777779,3.6666666666666665,28.285714285714285,67.71428571428571,8.428571428571429,25.857142857142858,14.428571428571429,16.571428571428573,10.0,4.714285714285714,15.428571428571429,25.857142857142858,64.28571428571429,9.714285714285714,29.714285714285715,8.285714285714286,14.857142857142858,10.571428571428571,5.571428571428571,18.0,8.857142857142858,1.0,0.75,5.0,1.0,4.0,2017.0767254093016,2108.305398023569
1267,27.875,59.625,6.375,22.25,11.5,14.0,13.875,6.125,15.75,25.125,64.5,7.375,24.25,12.375,10.875,10.625,6.5,17.0,6.25,24.333333333333332,54.5,8.333333333333334,23.833333333333332,8.666666666666666,13.0,10.5,4.5,15.666666666666666,22.333333333333332,56.333333333333336,8.166666666666666,28.666666666666668,8.5,12.166666666666666,10.333333333333334,4.833333333333333,16.666666666666668,5.166666666666667,0.8,0.5,1.0,4.0,-3.0,2160.81476413822,2238.4924917870826
1268,24.714285714285715,51.142857142857146,5.714285714285714,14.0,9.285714285714286,13.285714285714286,11.857142857142858,4.571428571428571,17.0,22.857142857142858,58.0,7.571428571428571,21.571428571428573,8.857142857142858,12.285714285714286,7.571428571428571,6.142857142857143,18.714285714285715,5.571428571428571,27.375,60.375,9.25,24.25,13.125,14.0,10.375,5.75,21.875,19.5,51.5,5.875,20.25,10.375,9.25,12.375,3.875,17.375,12.25,0.75,0.8,2.0,3.0,-1.0,2083.479377347806,2174.869457735271
1269,25.142857142857142,51.857142857142854,7.714285714285714,20.285714285714285,8.571428571428571,16.714285714285715,11.142857142857142,3.857142857142857,14.0,23.714285714285715,59.142857142857146,8.0,24.142857142857142,8.857142857142858,12.285714285714286,8.142857142857142,6.285714285714286,16.0,8.142857142857142,27.833333333333332,65.16666666666667,6.333333333333333,20.5,14.833333333333334,11.666666666666666,10.5,7.666666666666667,19.666666666666668,24.333333333333332,59.333333333333336,7.666666666666667,24.0,10.833333333333334,9.666666666666666,11.5,5.166666666666667,16.166666666666668,6.166666666666667,1.0,0.6666666666666666,2.0,3.0,-1.0,2118.7613959774803,2192.500304315061
1270,29.0,58.833333333333336,8.833333333333334,21.333333333333332,8.666666666666666,14.5,9.666666666666666,7.166666666666667,15.666666666666666,23.0,58.166666666666664,9.0,22.333333333333332,10.666666666666666,11.333333333333334,12.666666666666666,5.5,17.0,11.5,30.4,56.8,5.8,17.6,6.4,16.0,9.8,8.6,13.4,24.8,59.4,7.6,19.6,8.4,7.8,13.4,6.0,16.6,16.2,0.6666666666666666,0.5,3.0,1.0,2.0,2070.234225843086,2139.604431106391
1271,25.428571428571427,51.42857142857143,9.285714285714286,21.142857142857142,7.142857142857143,14.714285714285714,7.857142857142857,5.714285714285714,14.857142857142858,20.285714285714285,51.857142857142854,7.0,22.142857142857142,9.0,8.571428571428571,9.857142857142858,4.142857142857143,15.714285714285714,15.285714285714286,26.5,59.833333333333336,7.833333333333333,23.5,13.5,15.333333333333334,9.833333333333334,6.0,18.0,21.333333333333332,53.5,6.333333333333333,20.333333333333332,8.166666666666666,12.5,10.0,4.5,17.833333333333332,10.333333333333334,0.75,0.3333333333333333,1.0,3.0,-2.0,2199.50476774679,2267.975983022742
1272,24.555555555555557,57.22222222222222,11.666666666666666,31.555555555555557,8.88888888888889,12.11111111111111,8.555555555555555,10.11111111111111,15.11111111111111,24.666666666666668,51.0,9.222222222222221,23.11111111111111,9.88888888888889,12.555555555555555,15.88888888888889,4.444444444444445,14.777777777777779,3.6666666666666665,24.714285714285715,51.142857142857146,5.714285714285714,14.0,9.285714285714286,13.285714285714286,11.857142857142858,4.571428571428571,17.0,22.857142857142858,58.0,7.571428571428571,21.571428571428573,8.857142857142858,12.285714285714286,7.571428571428571,6.142857142857143,18.714285714285715,5.571428571428571,1.0,0.75,5.0,2.0,3.0,2038.7117128806583,2129.4767352409253
1273,25.142857142857142,51.857142857142854,7.714285714285714,20.285714285714285,8.571428571428571,16.714285714285715,11.142857142857142,3.857142857142857,14.0,23.714285714285715,59.142857142857146,8.0,24.142857142857142,8.857142857142858,12.285714285714286,8.142857142857142,6.285714285714286,16.0,8.142857142857142,27.875,59.625,6.375,22.25,11.5,14.0,13.875,6.125,15.75,25.125,64.5,7.375,24.25,12.375,10.875,10.625,6.5,17.0,6.25,1.0,0.8,2.0,1.0,1.0,2128.4542643222985,2203.602111376573
1274,29.0,58.833333333333336,8.833333333333334,21.333333333333332,8.666666666666666,14.5,9.666666666666666,7.166666666666667,15.666666666666666,23.0,58.166666666666664,9.0,22.333333333333332,10.666666666666666,11.333333333333334,12.666666666666666,5.5,17.0,11.5,25.142857142857142,51.857142857142854,7.714285714285714,20.285714285714285,8.571428571428571,16.714285714285715,11.142857142857142,3.857142857142857,14.0,23.714285714285715,59.142857142857146,8.0,24.142857142857142,8.857142857142858,12.285714285714286,8.142857142857142,6.285714285714286,16.0,8.142857142857142,0.6666666666666666,1.0,3.0,2.0,1.0,2088.2110385504125,2158.38883882789
1275,25.428571428571427,51.42857142857143,9.285714285714286,21.142857142857142,7.142857142857143,14.714285714285714,7.857142857142857,5.714285714285714,14.857142857142858,20.285714285714285,51.857142857142854,7.0,22.142857142857142,9.0,8.571428571428571,9.857142857142858,4.142857142857143,15.714285714285714,15.285714285714286,24.555555555555557,57.22222222222222,11.666666666666666,31.555555555555557,8.88888888888889,12.11111111111111,8.555555555555555,10.11111111111111,15.11111111111111,24.666666666666668,51.0,9.222222222222221,23.11111111111111,9.88888888888889,12.555555555555555,15.88888888888889,4.444444444444445,14.777777777777779,3.6666666666666665,0.75,1.0,1.0,5.0,-4.0,2208.992574473659,2277.5355203902072
1276,25.428571428571427,51.42857142857143,9.285714285714286,21.142857142857142,7.142857142857143,14.714285714285714,7.857142857142857,5.714285714285714,14.857142857142858,20.285714285714285,51.857142857142854,7.0,22.142857142857142,9.0,8.571428571428571,9.857142857142858,4.142857142857143,15.714285714285714,15.285714285714286,29.0,58.833333333333336,8.833333333333334,21.333333333333332,8.666666666666666,14.5,9.666666666666666,7.166666666666667,15.666666666666666,23.0,58.166666666666664,9.0,22.333333333333332,10.666666666666666,11.333333333333334,12.666666666666666,5.5,17.0,11.5,0.75,0.6666666666666666,1.0,3.0,-2.0,2218.4216096634823,2287.839577191216
1277,27.166666666666668,61.166666666666664,7.166666666666667,22.333333333333332,11.0,13.333333333333334,11.166666666666666,7.333333333333333,16.333333333333332,24.333333333333332,59.0,8.333333333333334,24.666666666666668,12.166666666666666,12.833333333333334,14.333333333333334,5.5,16.5,3.3333333333333335,33.0,64.2,11.6,31.8,8.2,20.6,8.6,5.8,14.0,27.0,60.2,6.6,18.8,8.2,12.4,11.2,4.2,13.6,17.8,0.6666666666666666,0.5,11.0,11.0,0.0,1819.1808230076529,1927.502198046719
1278,25.666666666666668,55.333333333333336,6.666666666666667,21.11111111111111,9.88888888888889,12.666666666666666,10.555555555555555,9.88888888888889,19.77777777777778,23.0,53.22222222222222,5.0,17.22222222222222,11.0,11.0,19.0,3.6666666666666665,23.77777777777778,14.666666666666666,24.666666666666668,48.666666666666664,7.5,16.5,8.666666666666666,13.5,13.166666666666666,6.833333333333333,12.666666666666666,23.0,59.0,7.333333333333333,22.5,13.0,11.666666666666666,13.5,6.666666666666667,18.333333333333332,12.833333333333334,1.0,1.0,16.0,16.0,0.0,1339.5475905152318,1589.8915685952395
1279,27.166666666666668,60.833333333333336,7.333333333333333,22.0,7.5,12.0,8.833333333333334,9.166666666666666,21.666666666666668,26.666666666666668,54.833333333333336,7.666666666666667,21.0,12.5,13.833333333333334,15.333333333333334,3.5,17.833333333333332,-8.166666666666666,23.666666666666668,54.666666666666664,6.166666666666667,19.166666666666668,9.833333333333334,11.333333333333334,12.166666666666666,6.166666666666667,18.5,24.166666666666668,57.0,8.166666666666666,22.833333333333332,11.166666666666666,12.166666666666666,13.833333333333334,5.666666666666667,21.0,0.0,0.3333333333333333,0.6666666666666666,11.0,11.0,0.0,1805.033907050613,1819.042534844779
1280,23.166666666666668,53.333333333333336,6.666666666666667,21.5,11.5,15.0,13.5,4.5,16.5,23.666666666666668,56.5,5.5,19.0,10.5,11.5,11.0,6.666666666666667,14.333333333333334,3.3333333333333335,23.166666666666668,52.833333333333336,10.0,26.0,6.166666666666667,9.5,8.333333333333334,4.0,14.833333333333334,24.0,56.0,7.5,20.833333333333332,8.5,9.0,8.166666666666666,4.833333333333333,15.5,1.8333333333333333,0.75,1.0,16.0,16.0,0.0,1254.5932974868588,1478.8524139075637
1281,30.0,60.142857142857146,11.714285714285714,30.571428571428573,12.0,17.285714285714285,12.571428571428571,4.857142857142857,17.571428571428573,22.142857142857142,54.714285714285715,6.0,20.857142857142858,6.0,7.857142857142857,12.142857142857142,6.428571428571429,19.142857142857142,21.571428571428573,24.555555555555557,57.22222222222222,11.666666666666666,31.555555555555557,8.88888888888889,12.11111111111111,8.555555555555555,10.11111111111111,15.11111111111111,24.666666666666668,51.0,9.222222222222221,23.11111111111111,9.88888888888889,12.555555555555555,15.88888888888889,4.444444444444445,14.777777777777779,3.6666666666666665,1.0,1.0,12.0,5.0,7.0,1818.742318183403,1923.3249927448364
1282,24.142857142857142,56.714285714285715,8.285714285714286,23.571428571428573,11.428571428571429,11.285714285714286,12.714285714285714,9.285714285714286,18.571428571428573,23.142857142857142,55.57142857142857,9.428571428571429,25.142857142857142,14.285714285714286,14.857142857142858,14.714285714285714,8.142857142857142,17.571428571428573,-4.142857142857143,23.5,57.333333333333336,8.0,23.5,13.0,12.833333333333334,12.833333333333334,5.0,18.833333333333332,26.0,57.333333333333336,8.333333333333334,22.666666666666668,9.166666666666666,14.5,10.0,6.333333333333333,18.0,-4.333333333333333,0.25,0.0,8.0,9.0,-1.0,1887.7688770501268,1974.065999212825
1283,26.285714285714285,56.857142857142854,9.428571428571429,24.285714285714285,10.0,13.142857142857142,10.571428571428571,5.857142857142857,17.571428571428573,24.714285714285715,55.714285714285715,8.714285714285714,20.714285714285715,7.571428571428571,12.857142857142858,12.428571428571429,4.571428571428571,20.428571428571427,7.857142857142857,22.5,50.25,6.25,20.375,9.125,11.125,11.0,5.625,14.375,23.625,53.75,5.875,17.125,10.25,10.25,11.75,7.5,19.5,2.5,0.75,0.4,7.0,10.0,-3.0,1916.7296245349264,1984.06092386268
1284,24.833333333333332,53.166666666666664,8.5,22.166666666666668,9.166666666666666,11.5,10.333333333333334,6.5,14.666666666666666,19.333333333333332,49.5,7.833333333333333,22.833333333333332,5.833333333333333,9.833333333333334,11.666666666666666,5.833333333333333,16.5,15.833333333333334,22.875,56.125,7.625,23.375,10.125,11.125,12.25,4.75,16.875,23.125,57.125,5.75,20.125,9.5,9.0,10.375,6.125,17.875,1.625,1.0,0.8,13.0,4.0,9.0,1712.6424998749133,1856.6954916935624
1285,24.666666666666668,48.666666666666664,7.5,16.5,8.666666666666666,13.5,13.166666666666666,6.833333333333333,12.666666666666666,23.0,59.0,7.333333333333333,22.5,13.0,11.666666666666666,13.5,6.666666666666667,18.333333333333332,12.833333333333334,30.4,56.8,5.8,17.6,6.4,16.0,9.8,8.6,13.4,24.8,59.4,7.6,19.6,8.4,7.8,13.4,6.0,16.6,16.2,1.0,0.5,16.0,1.0,15.0,1400.0681998983723,1576.0404674098547
1286,27.333333333333332,54.666666666666664,10.833333333333334,27.166666666666668,7.333333333333333,16.333333333333332,8.333333333333334,6.0,13.833333333333334,24.666666666666668,55.0,5.333333333333333,16.5,6.166666666666667,11.5,9.166666666666666,3.5,16.0,13.666666666666666,25.25,58.875,6.5,20.5,11.5,11.875,13.125,6.0,15.125,25.875,59.875,8.875,24.5,9.375,12.75,10.625,6.375,16.625,-0.5,1.0,0.6,13.0,4.0,9.0,1708.5096984948602,1821.253148459547
1287,25.0,55.714285714285715,8.142857142857142,22.428571428571427,9.285714285714286,15.571428571428571,9.571428571428571,8.857142857142858,15.714285714285714,22.857142857142858,53.0,6.714285714285714,18.714285714285715,9.142857142857142,11.714285714285714,15.142857142857142,4.857142857142857,17.0,10.714285714285714,24.714285714285715,51.142857142857146,5.714285714285714,14.0,9.285714285714286,13.285714285714286,11.857142857142858,4.571428571428571,17.0,22.857142857142858,58.0,7.571428571428571,21.571428571428573,8.857142857142858,12.285714285714286,7.571428571428571,6.142857142857143,18.714285714285715,5.571428571428571,1.0,0.75,15.0,2.0,13.0,1471.695712156414,1619.1549640467042
1288,29.571428571428573,59.42857142857143,7.714285714285714,19.571428571428573,6.571428571428571,16.428571428571427,8.714285714285714,6.428571428571429,15.285714285714286,27.0,59.857142857142854,8.142857142857142,24.285714285714285,8.0,12.714285714285714,10.428571428571429,4.428571428571429,17.142857142857142,6.0,27.833333333333332,65.16666666666667,6.333333333333333,20.5,14.833333333333334,11.666666666666666,10.5,7.666666666666667,19.666666666666668,24.333333333333332,59.333333333333336,7.666666666666667,24.0,10.833333333333334,9.666666666666666,11.5,5.166666666666667,16.166666666666668,6.166666666666667,0.75,0.6666666666666666,14.0,3.0,11.0,1629.557590558131,1763.5906686697786
1289,33.0,64.2,11.6,31.8,8.2,20.6,8.6,5.8,14.0,27.0,60.2,6.6,18.8,8.2,12.4,11.2,4.2,13.6,17.8,23.0,54.6,5.4,19.2,10.6,10.8,12.4,3.4,14.8,24.0,57.8,8.0,23.6,9.8,13.8,8.4,7.2,15.2,-2.6,0.5,0.5,11.0,6.0,5.0,1722.0786842833693,1851.3687079385136
1290,28.666666666666668,55.44444444444444,8.666666666666666,22.0,7.444444444444445,16.444444444444443,12.444444444444445,6.333333333333333,17.444444444444443,24.11111111111111,54.666666666666664,7.333333333333333,22.22222222222222,7.777777777777778,11.777777777777779,12.666666666666666,6.666666666666667,15.333333333333334,7.666666666666667,26.285714285714285,58.0,8.714285714285714,24.428571428571427,7.714285714285714,15.857142857142858,7.285714285714286,5.285714285714286,13.285714285714286,22.857142857142858,55.714285714285715,4.428571428571429,17.857142857142858,9.857142857142858,11.857142857142858,9.0,3.7142857142857144,12.428571428571429,8.571428571428571,0.8333333333333334,0.5,15.0,2.0,13.0,1618.3183175470142,1743.0564503492642
1291,20.833333333333332,51.333333333333336,6.5,18.333333333333332,8.5,12.5,10.5,3.3333333333333335,13.666666666666666,21.0,54.333333333333336,7.0,22.666666666666668,7.5,9.833333333333334,9.833333333333334,5.5,15.666666666666666,3.6666666666666665,25.142857142857142,51.857142857142854,7.714285714285714,20.285714285714285,8.571428571428571,16.714285714285715,11.142857142857142,3.857142857142857,14.0,23.714285714285715,59.142857142857146,8.0,24.142857142857142,8.857142857142858,12.285714285714286,8.142857142857142,6.285714285714286,16.0,8.142857142857142,1.0,1.0,15.0,2.0,13.0,1620.9656415174077,1719.034177798589
1292,24.166666666666668,62.166666666666664,8.0,28.166666666666668,11.833333333333334,11.833333333333334,9.166666666666666,2.0,15.833333333333334,23.833333333333332,61.333333333333336,6.5,23.166666666666668,9.5,12.0,5.166666666666667,5.0,13.666666666666666,-0.16666666666666666,22.857142857142858,53.42857142857143,5.0,14.571428571428571,7.857142857142857,13.714285714285714,11.285714285714286,4.714285714285714,13.428571428571429,26.285714285714285,62.57142857142857,7.285714285714286,22.0,11.285714285714286,14.285714285714286,10.142857142857142,6.571428571428571,17.142857142857142,-2.4285714285714284,0.3333333333333333,0.6,7.0,10.0,-3.0,1919.2261893322573,2018.5950318981377
1293,24.142857142857142,55.714285714285715,9.571428571428571,25.142857142857142,10.571428571428571,12.428571428571429,14.714285714285714,3.0,21.428571428571427,22.285714285714285,56.857142857142854,6.571428571428571,22.0,10.857142857142858,12.714285714285714,9.285714285714286,6.857142857142857,19.428571428571427,3.5714285714285716,31.4,62.8,7.2,20.0,10.4,19.0,11.6,5.2,14.2,26.6,65.4,6.4,24.2,11.2,12.2,12.6,6.4,17.6,16.0,0.25,1.0,5.0,12.0,-7.0,1932.4309852390425,1953.889013772788
1294,21.285714285714285,56.285714285714285,6.142857142857143,19.142857142857142,12.857142857142858,11.714285714285714,12.714285714285714,5.142857142857143,17.0,22.142857142857142,52.285714285714285,4.857142857142857,17.285714285714285,9.285714285714286,11.142857142857142,12.285714285714286,6.571428571428571,15.857142857142858,-1.0,26.5,59.833333333333336,7.833333333333333,23.5,13.5,15.333333333333334,9.833333333333334,6.0,18.0,21.333333333333332,53.5,6.333333333333333,20.333333333333332,8.166666666666666,12.5,10.0,4.5,17.833333333333332,10.333333333333334,0.6,0.3333333333333333,14.0,3.0,11.0,1728.9343539106244,1841.175913174974
1295,24.0,52.2,6.0,15.8,8.2,7.0,11.2,5.6,14.0,20.4,51.2,3.8,17.0,7.0,6.6,10.2,6.4,13.2,8.6,22.571428571428573,55.42857142857143,10.142857142857142,29.714285714285715,10.428571428571429,14.0,11.285714285714286,4.428571428571429,15.714285714285714,24.0,56.285714285714285,7.428571428571429,23.714285714285715,9.428571428571429,14.0,11.857142857142858,5.428571428571429,17.857142857142858,4.0,1.0,0.75,11.0,6.0,5.0,1830.2719373910395,1929.0171232038465
1296,25.428571428571427,63.142857142857146,7.0,23.857142857142858,14.714285714285714,13.0,12.142857142857142,7.142857142857143,20.571428571428573,23.714285714285715,57.857142857142854,7.714285714285714,24.142857142857142,11.285714285714286,12.0,14.142857142857142,5.714285714285714,19.0,2.142857142857143,30.0,59.5,10.5,26.166666666666668,9.5,14.5,11.166666666666666,6.5,16.833333333333332,23.5,57.333333333333336,5.333333333333333,23.333333333333332,9.166666666666666,10.333333333333334,12.0,5.833333333333333,15.333333333333334,17.166666666666668,0.8,1.0,10.0,7.0,3.0,1920.767303786938,1937.7471894000253
1297,23.666666666666668,54.666666666666664,6.166666666666667,19.166666666666668,9.833333333333334,11.333333333333334,12.166666666666666,6.166666666666667,18.5,24.166666666666668,57.0,8.166666666666666,22.833333333333332,11.166666666666666,12.166666666666666,13.833333333333334,5.666666666666667,21.0,0.0,29.142857142857142,65.57142857142857,9.428571428571429,30.142857142857142,12.571428571428571,16.285714285714285,10.428571428571429,7.142857142857143,16.428571428571427,25.571428571428573,62.142857142857146,6.0,22.714285714285715,10.142857142857142,10.285714285714286,13.0,4.857142857142857,18.0,12.714285714285714,0.6666666666666666,1.0,11.0,6.0,5.0,1872.512669163176,1942.8689450823583
1298,23.166666666666668,52.833333333333336,10.0,26.0,6.166666666666667,9.5,8.333333333333334,4.0,14.833333333333334,24.0,56.0,7.5,20.833333333333332,8.5,9.0,8.166666666666666,4.833333333333333,15.5,1.8333333333333333,27.875,59.625,6.375,22.25,11.5,14.0,13.875,6.125,15.75,25.125,64.5,7.375,24.25,12.375,10.875,10.625,6.5,17.0,6.25,1.0,0.8,16.0,1.0,15.0,1497.432370992775,1598.3372599014049
1299,25.333333333333332,58.333333333333336,9.5,26.333333333333332,8.0,12.166666666666666,11.0,9.0,17.5,24.166666666666668,63.0,7.666666666666667,28.333333333333332,14.5,13.5,16.5,5.166666666666667,19.333333333333332,7.166666666666667,27.375,60.375,9.25,24.25,13.125,14.0,10.375,5.75,21.875,19.5,51.5,5.875,20.25,10.375,9.25,12.375,3.875,17.375,12.25,1.0,0.8,14.0,3.0,11.0,1647.4141346938684,1762.8252861381663
1300,22.625,57.625,5.75,18.375,15.125,11.0,10.5,4.5,15.625,23.625,57.5,7.375,22.0,12.125,9.75,11.25,3.5,18.0,1.625,24.333333333333332,59.666666666666664,7.0,22.5,10.166666666666666,14.166666666666666,11.666666666666666,4.666666666666667,17.166666666666668,28.166666666666668,58.5,9.666666666666666,25.833333333333332,9.833333333333334,18.333333333333332,12.333333333333334,7.333333333333333,18.166666666666668,-9.333333333333334,0.6,0.25,7.0,10.0,-3.0,2028.388027017996,2127.345258443698
1301,26.142857142857142,56.142857142857146,9.428571428571429,24.0,11.285714285714286,13.714285714285714,13.571428571428571,7.142857142857143,16.285714285714285,24.142857142857142,56.57142857142857,7.714285714285714,21.142857142857142,11.0,13.285714285714286,12.285714285714286,7.571428571428571,14.857142857142858,6.0,26.333333333333332,53.5,6.166666666666667,18.5,7.166666666666667,12.833333333333334,10.0,4.166666666666667,14.333333333333334,23.166666666666668,53.333333333333336,7.333333333333333,21.166666666666668,8.333333333333334,11.333333333333334,11.833333333333334,4.5,15.833333333333334,7.666666666666667,0.5,1.0,5.0,12.0,-7.0,1890.4731811195509,1992.1197454713572
1302,26.0,54.2,9.8,23.8,8.0,12.0,9.4,6.0,13.4,27.2,59.2,8.0,23.6,10.0,14.4,12.4,4.8,19.6,10.6,28.285714285714285,67.71428571428571,8.428571428571429,25.857142857142858,14.428571428571429,16.571428571428573,10.0,4.714285714285714,15.428571428571429,25.857142857142858,64.28571428571429,9.714285714285714,29.714285714285715,8.285714285714286,14.857142857142858,10.571428571428571,5.571428571428571,18.0,8.857142857142858,1.0,0.75,16.0,1.0,15.0,1517.7373752426167,1666.0217269651273
1303,26.625,57.25,7.5,21.125,9.875,12.625,11.875,6.75,14.125,26.875,62.75,9.0,23.5,12.75,13.0,11.25,6.375,15.625,1.0,23.0,59.0,8.285714285714286,26.142857142857142,9.857142857142858,15.142857142857142,10.571428571428571,6.571428571428571,17.428571428571427,26.857142857142858,56.57142857142857,7.571428571428571,20.285714285714285,8.0,15.0,10.714285714285714,5.285714285714286,15.857142857142858,-7.428571428571429,0.6,0.25,6.0,11.0,-5.0,1924.2341912091183,1997.4079696029587
1304,25.333333333333332,58.333333333333336,8.333333333333334,24.333333333333332,8.0,13.0,11.166666666666666,5.333333333333333,17.666666666666668,26.833333333333332,53.333333333333336,5.666666666666667,15.0,7.333333333333333,15.5,12.333333333333334,6.166666666666667,14.5,-1.0,26.5,57.0,6.666666666666667,17.5,6.5,12.166666666666666,10.666666666666666,5.833333333333333,14.666666666666666,26.5,62.0,9.5,28.666666666666668,11.166666666666666,12.333333333333334,11.0,7.5,16.0,-1.0,0.3333333333333333,0.3333333333333333,8.0,9.0,-1.0,1785.0172657317848,1912.0273145904148
1305,24.428571428571427,59.42857142857143,5.428571428571429,19.0,10.0,12.142857142857142,10.142857142857142,3.857142857142857,14.285714285714286,22.714285714285715,59.714285714285715,6.857142857142857,21.857142857142858,9.714285714285714,12.0,10.571428571428571,6.142857142857143,19.0,3.5714285714285716,27.0,57.666666666666664,8.0,22.333333333333332,10.88888888888889,12.88888888888889,10.88888888888889,8.555555555555555,18.77777777777778,19.11111111111111,52.22222222222222,6.222222222222222,22.666666666666668,10.555555555555555,10.333333333333334,14.222222222222221,5.0,16.555555555555557,15.0,0.75,1.0,5.0,12.0,-7.0,1942.3579347571197,2007.536228441001
1306,29.0,55.666666666666664,11.5,24.5,8.333333333333334,17.166666666666668,13.0,8.333333333333334,14.333333333333334,25.0,57.5,7.833333333333333,24.0,9.166666666666666,11.666666666666666,13.5,6.333333333333333,17.166666666666668,14.0,28.0,60.0,7.125,19.375,10.625,14.625,11.0,6.5,17.375,24.0,57.75,8.5,24.125,11.375,12.375,10.625,7.5,16.625,2.875,1.0,0.6,15.0,2.0,13.0,1534.893505957144,1690.4601543752303
1307,28.833333333333332,61.333333333333336,8.5,22.5,10.166666666666666,17.666666666666668,12.166666666666666,6.5,17.5,25.166666666666668,58.833333333333336,9.5,26.666666666666668,8.833333333333334,15.666666666666666,12.833333333333334,7.333333333333333,16.666666666666668,5.166666666666667,29.0,58.833333333333336,8.833333333333334,21.333333333333332,8.666666666666666,14.5,9.666666666666666,7.166666666666667,15.666666666666666,23.0,58.166666666666664,9.0,22.333333333333332,10.666666666666666,11.333333333333334,12.666666666666666,5.5,17.0,11.5,1.0,0.6666666666666666,14.0,3.0,11.0,1609.6459612515982,1743.259741515558
1308,24.0,55.42857142857143,7.571428571428571,22.142857142857142,8.428571428571429,13.857142857142858,9.428571428571429,8.142857142857142,15.0,20.571428571428573,50.142857142857146,5.571428571428571,19.428571428571427,8.571428571428571,11.571428571428571,14.285714285714286,5.857142857142857,14.857142857142858,8.857142857142858,30.857142857142858,61.42857142857143,6.714285714285714,19.0,12.142857142857142,14.142857142857142,8.714285714285714,5.714285714285714,17.571428571428573,21.142857142857142,56.0,5.142857142857143,17.142857142857142,9.571428571428571,8.0,10.285714285714286,4.285714285714286,14.428571428571429,20.285714285714285,0.75,1.0,4.0,13.0,-9.0,2010.855729403533,2084.676064675964
1309,26.333333333333332,58.333333333333336,7.5,24.0,11.5,14.5,12.0,8.5,17.166666666666668,21.5,53.666666666666664,5.833333333333333,17.5,10.5,11.0,15.833333333333334,6.5,18.0,13.166666666666666,23.833333333333332,54.0,7.0,19.5,10.5,12.666666666666666,12.5,4.166666666666667,17.666666666666668,22.166666666666668,56.833333333333336,6.333333333333333,23.0,10.166666666666666,11.5,10.166666666666666,6.0,18.333333333333332,6.333333333333333,0.6666666666666666,0.3333333333333333,8.0,9.0,-1.0,1825.7372170735136,1868.431462577155
1310,26.166666666666668,50.5,7.333333333333333,19.166666666666668,6.333333333333333,13.333333333333334,9.666666666666666,4.0,14.0,25.666666666666668,61.333333333333336,8.5,24.833333333333332,11.833333333333334,14.5,8.666666666666666,5.166666666666667,16.833333333333332,6.833333333333333,25.428571428571427,51.42857142857143,9.285714285714286,21.142857142857142,7.142857142857143,14.714285714285714,7.857142857142857,5.714285714285714,14.857142857142858,20.285714285714285,51.857142857142854,7.0,22.142857142857142,9.0,8.571428571428571,9.857142857142858,4.142857142857143,15.714285714285714,15.285714285714286,1.0,0.75,16.0,1.0,15.0,1431.490613451958,1631.9022761247518
1311,25.22222222222222,58.77777777777778,5.777777777777778,18.0,15.0,13.444444444444445,11.11111111111111,5.888888888888889,16.77777777777778,22.0,53.666666666666664,7.444444444444445,21.22222222222222,9.333333333333334,13.222222222222221,11.777777777777779,4.333333333333333,16.77777777777778,3.7777777777777777,24.333333333333332,54.5,8.333333333333334,23.833333333333332,8.666666666666666,13.0,10.5,4.5,15.666666666666666,22.333333333333332,56.333333333333336,8.166666666666666,28.666666666666668,8.5,12.166666666666666,10.333333333333334,4.833333333333333,16.666666666666668,5.166666666666667,0.8333333333333334,0.5,13.0,4.0,9.0,1719.0254970320138,1800.4403353193493
1312,27.571428571428573,57.42857142857143,6.857142857142857,20.428571428571427,10.285714285714286,16.142857142857142,11.571428571428571,4.571428571428571,17.857142857142858,24.428571428571427,61.857142857142854,8.428571428571429,24.571428571428573,9.142857142857142,12.285714285714286,9.714285714285714,6.142857142857143,21.0,10.285714285714286,23.125,54.25,7.875,22.5,8.625,11.125,12.5,9.375,17.25,23.0,51.875,6.625,18.75,11.625,13.75,16.5,7.25,16.875,-1.0,1.0,0.6,8.0,9.0,-1.0,1812.2646931608872,1896.252552732977
1313,25.25,58.875,6.5,20.5,11.5,11.875,13.125,6.0,15.125,25.875,59.875,8.875,24.5,9.375,12.75,10.625,6.375,16.625,-0.5,24.555555555555557,57.22222222222222,11.666666666666666,31.555555555555557,8.88888888888889,12.11111111111111,8.555555555555555,10.11111111111111,15.11111111111111,24.666666666666668,51.0,9.222222222222221,23.11111111111111,9.88888888888889,12.555555555555555,15.88888888888889,4.444444444444445,14.777777777777779,3.6666666666666665,0.6,1.0,4.0,5.0,-1.0,2072.5259278083117,2141.787141151755
1314,31.4,62.8,7.2,20.0,10.4,19.0,11.6,5.2,14.2,26.6,65.4,6.4,24.2,11.2,12.2,12.6,6.4,17.6,16.0,22.875,56.125,7.625,23.375,10.125,11.125,12.25,4.75,16.875,23.125,57.125,5.75,20.125,9.5,9.0,10.375,6.125,17.875,1.625,1.0,0.8,12.0,4.0,8.0,1739.188788683721,1858.3680717306847
1315,23.5,57.333333333333336,8.0,23.5,13.0,12.833333333333334,12.833333333333334,5.0,18.833333333333332,26.0,57.333333333333336,8.333333333333334,22.666666666666668,9.166666666666666,14.5,10.0,6.333333333333333,18.0,-4.333333333333333,30.4,56.8,5.8,17.6,6.4,16.0,9.8,8.6,13.4,24.8,59.4,7.6,19.6,8.4,7.8,13.4,6.0,16.6,16.2,0.0,0.5,9.0,1.0,8.0,1908.497792464155,1981.1568176887831
1316,30.0,59.5,10.5,26.166666666666668,9.5,14.5,11.166666666666666,6.5,16.833333333333332,23.5,57.333333333333336,5.333333333333333,23.333333333333332,9.166666666666666,10.333333333333334,12.0,5.833333333333333,15.333333333333334,17.166666666666668,24.714285714285715,51.142857142857146,5.714285714285714,14.0,9.285714285714286,13.285714285714286,11.857142857142858,4.571428571428571,17.0,22.857142857142858,58.0,7.571428571428571,21.571428571428573,8.857142857142858,12.285714285714286,7.571428571428571,6.142857142857143,18.714285714285715,5.571428571428571,1.0,0.75,7.0,2.0,5.0,1742.334183561329,1878.2744367800517
1317,23.0,54.6,5.4,19.2,10.6,10.8,12.4,3.4,14.8,24.0,57.8,8.0,23.6,9.8,13.8,8.4,7.2,15.2,-2.6,27.833333333333332,65.16666666666667,6.333333333333333,20.5,14.833333333333334,11.666666666666666,10.5,7.666666666666667,19.666666666666668,24.333333333333332,59.333333333333336,7.666666666666667,24.0,10.833333333333334,9.666666666666666,11.5,5.166666666666667,16.166666666666668,6.166666666666667,0.5,0.6666666666666666,6.0,3.0,3.0,1919.3903117342477,1997.056793642888
1318,22.5,50.25,6.25,20.375,9.125,11.125,11.0,5.625,14.375,23.625,53.75,5.875,17.125,10.25,10.25,11.75,7.5,19.5,2.5,26.285714285714285,58.0,8.714285714285714,24.428571428571427,7.714285714285714,15.857142857142858,7.285714285714286,5.285714285714286,13.285714285714286,22.857142857142858,55.714285714285715,4.428571428571429,17.857142857142858,9.857142857142858,11.857142857142858,9.0,3.7142857142857144,12.428571428571429,8.571428571428571,0.4,0.5,10.0,2.0,8.0,1903.740934787378,1986.5298666270328
1319,22.857142857142858,53.42857142857143,5.0,14.571428571428571,7.857142857142857,13.714285714285714,11.285714285714286,4.714285714285714,13.428571428571429,26.285714285714285,62.57142857142857,7.285714285714286,22.0,11.285714285714286,14.285714285714286,10.142857142857142,6.571428571428571,17.142857142857142,-2.4285714285714284,25.142857142857142,51.857142857142854,7.714285714285714,20.285714285714285,8.571428571428571,16.714285714285715,11.142857142857142,3.857142857142857,14.0,23.714285714285715,59.142857142857146,8.0,24.142857142857142,8.857142857142858,12.285714285714286,8.142857142857142,6.285714285714286,16.0,8.142857142857142,0.6,1.0,10.0,2.0,8.0,1854.9816405555944,1933.482545832788
1320,22.571428571428573,55.42857142857143,10.142857142857142,29.714285714285715,10.428571428571429,14.0,11.285714285714286,4.428571428571429,15.714285714285714,24.0,56.285714285714285,7.428571428571429,23.714285714285715,9.428571428571429,14.0,11.857142857142858,5.428571428571429,17.857142857142858,4.0,26.5,59.833333333333336,7.833333333333333,23.5,13.5,15.333333333333334,9.833333333333334,6.0,18.0,21.333333333333332,53.5,6.333333333333333,20.333333333333332,8.166666666666666,12.5,10.0,4.5,17.833333333333332,10.333333333333334,0.75,0.3333333333333333,6.0,3.0,3.0,2107.4531916423543,2137.135728311
1321,23.833333333333332,54.0,7.0,19.5,10.5,12.666666666666666,12.5,4.166666666666667,17.666666666666668,22.166666666666668,56.833333333333336,6.333333333333333,23.0,10.166666666666666,11.5,10.166666666666666,6.0,18.333333333333332,6.333333333333333,27.875,59.625,6.375,22.25,11.5,14.0,13.875,6.125,15.75,25.125,64.5,7.375,24.25,12.375,10.875,10.625,6.5,17.0,6.25,0.3333333333333333,0.8,9.0,1.0,8.0,1851.9753200698087,1970.2135791184555
1322,23.0,59.0,8.285714285714286,26.142857142857142,9.857142857142858,15.142857142857142,10.571428571428571,6.571428571428571,17.428571428571427,26.857142857142858,56.57142857142857,7.571428571428571,20.285714285714285,8.0,15.0,10.714285714285714,5.285714285714286,15.857142857142858,-7.428571428571429,27.375,60.375,9.25,24.25,13.125,14.0,10.375,5.75,21.875,19.5,51.5,5.875,20.25,10.375,9.25,12.375,3.875,17.375,12.25,0.25,0.8,11.0,3.0,8.0,1874.627165077859,1966.368692211972
1323,23.125,54.25,7.875,22.5,8.625,11.125,12.5,9.375,17.25,23.0,51.875,6.625,18.75,11.625,13.75,16.5,7.25,16.875,-1.0,28.285714285714285,67.71428571428571,8.428571428571429,25.857142857142858,14.428571428571429,16.571428571428573,10.0,4.714285714285714,15.428571428571429,25.857142857142858,64.28571428571429,9.714285714285714,29.714285714285715,8.285714285714286,14.857142857142858,10.571428571428571,5.571428571428571,18.0,8.857142857142858,0.6,0.75,9.0,1.0,8.0,1899.6246642508395,1955.232054290936
1324,30.857142857142858,61.42857142857143,6.714285714285714,19.0,12.142857142857142,14.142857142857142,8.714285714285714,5.714285714285714,17.571428571428573,21.142857142857142,56.0,5.142857142857143,17.142857142857142,9.571428571428571,8.0,10.285714285714286,4.285714285714286,14.428571428571429,20.285714285714285,27.0,57.666666666666664,8.0,22.333333333333332,10.88888888888889,12.88888888888889,10.88888888888889,8.555555555555555,18.77777777777778,19.11111111111111,52.22222222222222,6.222222222222222,22.666666666666668,10.555555555555555,10.333333333333334,14.222222222222221,5.0,16.555555555555557,15.0,1.0,1.0,13.0,12.0,1.0,1747.198289004678,1860.696787086906
1325,24.333333333333332,59.666666666666664,7.0,22.5,10.166666666666666,14.166666666666666,11.666666666666666,4.666666666666667,17.166666666666668,28.166666666666668,58.5,9.666666666666666,25.833333333333332,9.833333333333334,18.333333333333332,12.333333333333334,7.333333333333333,18.166666666666668,-9.333333333333334,28.0,60.0,7.125,19.375,10.625,14.625,11.0,6.5,17.375,24.0,57.75,8.5,24.125,11.375,12.375,10.625,7.5,16.625,2.875,0.25,0.6,10.0,2.0,8.0,1850.06177020012,1932.6203832743493
1326,29.142857142857142,65.57142857142857,9.428571428571429,30.142857142857142,12.571428571428571,16.285714285714285,10.428571428571429,7.142857142857143,16.428571428571427,25.571428571428573,62.142857142857146,6.0,22.714285714285715,10.142857142857142,10.285714285714286,13.0,4.857142857142857,18.0,12.714285714285714,29.0,58.833333333333336,8.833333333333334,21.333333333333332,8.666666666666666,14.5,9.666666666666666,7.166666666666667,15.666666666666666,23.0,58.166666666666664,9.0,22.333333333333332,10.666666666666666,11.333333333333334,12.666666666666666,5.5,17.0,11.5,1.0,0.6666666666666666,6.0,3.0,3.0,1884.208867901567,1993.9421506181316
1327,26.5,57.0,6.666666666666667,17.5,6.5,12.166666666666666,10.666666666666666,5.833333333333333,14.666666666666666,26.5,62.0,9.5,28.666666666666668,11.166666666666666,12.333333333333334,11.0,7.5,16.0,-1.0,25.428571428571427,51.42857142857143,9.285714285714286,21.142857142857142,7.142857142857143,14.714285714285714,7.857142857142857,5.714285714285714,14.857142857142858,20.285714285714285,51.857142857142854,7.0,22.142857142857142,9.0,8.571428571428571,9.857142857142858,4.142857142857143,15.714285714285714,15.285714285714286,0.3333333333333333,0.75,9.0,1.0,8.0,1882.759598687975,1953.8898801211144
1328,26.333333333333332,53.5,6.166666666666667,18.5,7.166666666666667,12.833333333333334,10.0,4.166666666666667,14.333333333333334,23.166666666666668,53.333333333333336,7.333333333333333,21.166666666666668,8.333333333333334,11.333333333333334,11.833333333333334,4.5,15.833333333333334,7.666666666666667,24.333333333333332,54.5,8.333333333333334,23.833333333333332,8.666666666666666,13.0,10.5,4.5,15.666666666666666,22.333333333333332,56.333333333333336,8.166666666666666,28.666666666666668,8.5,12.166666666666666,10.333333333333334,4.833333333333333,16.666666666666668,5.166666666666667,1.0,0.5,12.0,4.0,8.0,1598.5489322741955,1757.711291651126
1329,22.875,56.125,7.625,23.375,10.125,11.125,12.25,4.75,16.875,23.125,57.125,5.75,20.125,9.5,9.0,10.375,6.125,17.875,1.625,30.4,56.8,5.8,17.6,6.4,16.0,9.8,8.6,13.4,24.8,59.4,7.6,19.6,8.4,7.8,13.4,6.0,16.6,16.2,0.8,0.5,4.0,1.0,3.0,2067.251019109755,2147.8455704040666
1330,28.0,60.0,7.125,19.375,10.625,14.625,11.0,6.5,17.375,24.0,57.75,8.5,24.125,11.375,12.375,10.625,7.5,16.625,2.875,26.5,59.833333333333336,7.833333333333333,23.5,13.5,15.333333333333334,9.833333333333334,6.0,18.0,21.333333333333332,53.5,6.333333333333333,20.333333333333332,8.166666666666666,12.5,10.0,4.5,17.833333333333332,10.333333333333334,0.6,0.3333333333333333,2.0,3.0,-1.0,2060.7972989314994,2156.659721261703
1331,26.285714285714285,58.0,8.714285714285714,24.428571428571427,7.714285714285714,15.857142857142858,7.285714285714286,5.285714285714286,13.285714285714286,22.857142857142858,55.714285714285715,4.428571428571429,17.857142857142858,9.857142857142858,11.857142857142858,9.0,3.7142857142857144,12.428571428571429,8.571428571428571,29.0,58.833333333333336,8.833333333333334,21.333333333333332,8.666666666666666,14.5,9.666666666666666,7.166666666666667,15.666666666666666,23.0,58.166666666666664,9.0,22.333333333333332,10.666666666666666,11.333333333333334,12.666666666666666,5.5,17.0,11.5,0.5,0.6666666666666666,2.0,3.0,-1.0,2098.4282299874694,2171.434107532035
1332,27.0,57.666666666666664,8.0,22.333333333333332,10.88888888888889,12.88888888888889,10.88888888888889,8.555555555555555,18.77777777777778,19.11111111111111,52.22222222222222,6.222222222222222,22.666666666666668,10.555555555555555,10.333333333333334,14.222222222222221,5.0,16.555555555555557,15.0,25.428571428571427,51.42857142857143,9.285714285714286,21.142857142857142,7.142857142857143,14.714285714285714,7.857142857142857,5.714285714285714,14.857142857142858,20.285714285714285,51.857142857142854,7.0,22.142857142857142,9.0,8.571428571428571,9.857142857142858,4.142857142857143,15.714285714285714,15.285714285714286,1.0,0.75,12.0,1.0,11.0,1941.0481034087868,1982.606501498189
1333,28.285714285714285,67.71428571428571,8.428571428571429,25.857142857142858,14.428571428571429,16.571428571428573,10.0,4.714285714285714,15.428571428571429,25.857142857142858,64.28571428571429,9.714285714285714,29.714285714285715,8.285714285714286,14.857142857142858,10.571428571428571,5.571428571428571,18.0,8.857142857142858,24.555555555555557,57.22222222222222,11.666666666666666,31.555555555555557,8.88888888888889,12.11111111111111,8.555555555555555,10.11111111111111,15.11111111111111,24.666666666666668,51.0,9.222222222222221,23.11111111111111,9.88888888888889,12.555555555555555,15.88888888888889,4.444444444444445,14.777777777777779,3.6666666666666665,0.75,1.0,1.0,5.0,-4.0,2144.9114520723265,2224.774782094248
1334,24.333333333333332,54.5,8.333333333333334,23.833333333333332,8.666666666666666,13.0,10.5,4.5,15.666666666666666,22.333333333333332,56.333333333333336,8.166666666666666,28.666666666666668,8.5,12.166666666666666,10.333333333333334,4.833333333333333,16.666666666666668,5.166666666666667,27.875,59.625,6.375,22.25,11.5,14.0,13.875,6.125,15.75,25.125,64.5,7.375,24.25,12.375,10.875,10.625,6.5,17.0,6.25,0.5,0.8,4.0,1.0,3.0,1971.4957815507396,2051.913754308471
1335,27.375,60.375,9.25,24.25,13.125,14.0,10.375,5.75,21.875,19.5,51.5,5.875,20.25,10.375,9.25,12.375,3.875,17.375,12.25,24.714285714285715,51.142857142857146,5.714285714285714,14.0,9.285714285714286,13.285714285714286,11.857142857142858,4.571428571428571,17.0,22.857142857142858,58.0,7.571428571428571,21.571428571428573,8.857142857142858,12.285714285714286,7.571428571428571,6.142857142857143,18.714285714285715,5.571428571428571,0.8,0.75,3.0,2.0,1.0,2023.39659669337,2132.132342340327
1336,27.833333333333332,65.16666666666667,6.333333333333333,20.5,14.833333333333334,11.666666666666666,10.5,7.666666666666667,19.666666666666668,24.333333333333332,59.333333333333336,7.666666666666667,24.0,10.833333333333334,9.666666666666666,11.5,5.166666666666667,16.166666666666668,6.166666666666667,25.142857142857142,51.857142857142854,7.714285714285714,20.285714285714285,8.571428571428571,16.714285714285715,11.142857142857142,3.857142857142857,14.0,23.714285714285715,59.142857142857146,8.0,24.142857142857142,8.857142857142858,12.285714285714286,8.142857142857142,6.285714285714286,16.0,8.142857142857142,0.6666666666666666,1.0,3.0,2.0,1.0,1973.9648293492664,2082.614280735474
1337,30.4,56.8,5.8,17.6,6.4,16.0,9.8,8.6,13.4,24.8,59.4,7.6,19.6,8.4,7.8,13.4,6.0,16.6,16.2,29.0,58.833333333333336,8.833333333333334,21.333333333333332,8.666666666666666,14.5,9.666666666666666,7.166666666666667,15.666666666666666,23.0,58.166666666666664,9.0,22.333333333333332,10.666666666666666,11.333333333333334,12.666666666666666,5.5,17.0,11.5,0.5,0.6666666666666666,1.0,3.0,-2.0,2113.38060953913,2200.6887809637296
1338,26.5,59.833333333333336,7.833333333333333,23.5,13.5,15.333333333333334,9.833333333333334,6.0,18.0,21.333333333333332,53.5,6.333333333333333,20.333333333333332,8.166666666666666,12.5,10.0,4.5,17.833333333333332,10.333333333333334,25.428571428571427,51.42857142857143,9.285714285714286,21.142857142857142,7.142857142857143,14.714285714285714,7.857142857142857,5.714285714285714,14.857142857142858,20.285714285714285,51.857142857142854,7.0,22.142857142857142,9.0,8.571428571428571,9.857142857142858,4.142857142857143,15.714285714285714,15.285714285714286,0.3333333333333333,0.75,3.0,1.0,2.0,2049.403975984456,2119.738010650955
1339,24.714285714285715,51.142857142857146,5.714285714285714,14.0,9.285714285714286,13.285714285714286,11.857142857142858,4.571428571428571,17.0,22.857142857142858,58.0,7.571428571428571,21.571428571428573,8.857142857142858,12.285714285714286,7.571428571428571,6.142857142857143,18.714285714285715,5.571428571428571,24.555555555555557,57.22222222222222,11.666666666666666,31.555555555555557,8.88888888888889,12.11111111111111,8.555555555555555,10.11111111111111,15.11111111111111,24.666666666666668,51.0,9.222222222222221,23.11111111111111,9.88888888888889,12.555555555555555,15.88888888888889,4.444444444444445,14.777777777777779,3.6666666666666665,0.75,1.0,2.0,5.0,-3.0,2096.739719059932,2188.911207519386
1340,27.875,59.625,6.375,22.25,11.5,14.0,13.875,6.125,15.75,25.125,64.5,7.375,24.25,12.375,10.875,10.625,6.5,17.0,6.25,25.142857142857142,51.857142857142854,7.714285714285714,20.285714285714285,8.571428571428571,16.714285714285715,11.142857142857142,3.857142857142857,14.0,23.714285714285715,59.142857142857146,8.0,24.142857142857142,8.857142857142858,12.285714285714286,8.142857142857142,6.285714285714286,16.0,8.142857142857142,0.8,1.0,1.0,2.0,-1.0,2168.867708059092,2246.64086848369
1341,25.142857142857142,51.857142857142854,7.714285714285714,20.285714285714285,8.571428571428571,16.714285714285715,11.142857142857142,3.857142857142857,14.0,23.714285714285715,59.142857142857146,8.0,24.142857142857142,8.857142857142858,12.285714285714286,8.142857142857142,6.285714285714286,16.0,8.142857142857142,29.0,58.833333333333336,8.833333333333334,21.333333333333332,8.666666666666666,14.5,9.666666666666666,7.166666666666667,15.666666666666666,23.0,58.166666666666664,9.0,22.333333333333332,10.666666666666666,11.333333333333334,12.666666666666666,5.5,17.0,11.5,1.0,0.6666666666666666,2.0,3.0,-1.0,2146.307023664842,2221.5740431679237
1342,24.555555555555557,57.22222222222222,11.666666666666666,31.555555555555557,8.88888888888889,12.11111111111111,8.555555555555555,10.11111111111111,15.11111111111111,24.666666666666668,51.0,9.222222222222221,23.11111111111111,9.88888888888889,12.555555555555555,15.88888888888889,4.444444444444445,14.777777777777779,3.6666666666666665,25.428571428571427,51.42857142857143,9.285714285714286,21.142857142857142,7.142857142857143,14.714285714285714,7.857142857142857,5.714285714285714,14.857142857142858,20.285714285714285,51.857142857142854,7.0,22.142857142857142,9.0,8.571428571428571,9.857142857142858,4.142857142857143,15.714285714285714,15.285714285714286,1.0,0.75,5.0,1.0,4.0,2057.359427629985,2148.1874039427503
1343,29.0,58.833333333333336,8.833333333333334,21.333333333333332,8.666666666666666,14.5,9.666666666666666,7.166666666666667,15.666666666666666,23.0,58.166666666666664,9.0,22.333333333333332,10.666666666666666,11.333333333333334,12.666666666666666,5.5,17.0,11.5,25.428571428571427,51.42857142857143,9.285714285714286,21.142857142857142,7.142857142857143,14.714285714285714,7.857142857142857,5.714285714285714,14.857142857142858,20.285714285714285,51.857142857142854,7.0,22.142857142857142,9.0,8.571428571428571,9.857142857142858,4.142857142857143,15.714285714285714,15.285714285714286,0.6666666666666666,0.75,3.0,1.0,2.0,2106.861798018817,2177.2669647148177
1344,26.833333333333332,54.0,7.166666666666667,18.333333333333332,6.666666666666667,11.333333333333334,7.666666666666667,4.666666666666667,11.833333333333334,26.5,55.333333333333336,7.333333333333333,20.5,7.333333333333333,11.333333333333334,8.666666666666666,4.833333333333333,13.333333333333334,3.3333333333333335,25.25,59.25,10.75,27.75,8.0,17.0,9.5,7.5,13.75,23.25,55.75,6.75,20.5,8.25,11.75,13.0,6.0,15.0,6.25,0.5,0.75,11.0,11.0,0.0,1736.558596290948,1843.5926608287368
1345,27.666666666666668,60.333333333333336,10.0,25.0,8.0,16.0,13.333333333333334,8.666666666666666,21.333333333333332,20.0,55.0,4.666666666666667,19.666666666666668,10.0,8.333333333333334,18.666666666666668,5.0,20.0,22.666666666666668,23.625,60.125,9.25,27.625,9.0,11.125,10.375,8.125,13.875,25.625,60.875,7.125,21.5,10.0,12.75,12.5,5.375,16.75,0.25,1.0,1.0,16.0,16.0,0.0,1305.7823269122016,1565.2254527716864
1346,28.1,60.4,4.6,17.2,10.4,11.7,15.0,7.3,17.2,24.0,61.6,6.8,21.5,8.0,9.6,16.1,6.6,20.6,12.2,25.0,56.6,6.8,19.2,10.0,12.6,12.8,5.0,17.2,23.8,60.0,6.0,20.0,7.4,8.8,10.0,6.8,19.0,5.2,1.0,1.0,16.0,16.0,0.0,1367.85099098508,1661.6820301725324
1347,27.166666666666668,54.833333333333336,6.5,16.166666666666668,7.0,12.5,12.0,3.6666666666666665,15.833333333333334,26.666666666666668,56.0,7.666666666666667,19.0,5.5,12.333333333333334,8.5,5.833333333333333,16.333333333333332,-1.0,23.75,55.0,4.375,15.125,9.25,12.75,11.375,4.875,20.25,22.875,54.25,5.375,18.0,8.75,12.5,9.75,5.75,18.5,-2.0,0.0,0.5,11.0,11.0,0.0,1844.7412785040065,1958.100818590756
1348,28.666666666666668,60.666666666666664,7.5,22.0,8.666666666666666,15.333333333333334,13.666666666666666,7.166666666666667,16.666666666666668,27.333333333333332,66.0,8.5,24.0,9.333333333333334,12.166666666666666,15.0,6.833333333333333,21.0,9.5,32.0,62.8,8.8,20.0,10.2,19.2,9.4,6.6,13.6,27.2,63.4,6.0,24.8,9.0,10.4,11.0,4.8,17.0,15.2,0.75,1.0,3.0,14.0,-11.0,1948.1144497715256,1870.5661303096977
1349,28.571428571428573,62.285714285714285,9.428571428571429,25.428571428571427,12.0,14.285714285714286,12.285714285714286,7.142857142857143,18.0,26.428571428571427,55.57142857142857,7.428571428571429,18.857142857142858,9.285714285714286,13.285714285714286,14.285714285714286,5.285714285714286,16.857142857142858,2.857142857142857,25.75,52.75,7.75,20.75,5.75,11.75,10.5,5.5,17.0,23.0,57.75,5.75,25.75,8.25,10.0,11.25,5.0,17.5,10.75,0.8,1.0,1.0,16.0,-15.0,2128.224438706616,2202.727442774813
1350,23.571428571428573,51.714285714285715,6.285714285714286,18.285714285714285,7.142857142857143,10.285714285714286,14.714285714285714,6.571428571428571,15.714285714285714,23.571428571428573,57.57142857142857,6.428571428571429,24.285714285714285,9.571428571428571,12.428571428571429,12.857142857142858,7.571428571428571,16.857142857142858,1.2857142857142858,26.0,54.666666666666664,8.666666666666666,18.666666666666668,7.0,16.0,11.333333333333334,5.666666666666667,16.0,23.0,56.0,8.666666666666666,24.333333333333332,9.0,11.666666666666666,11.0,6.0,14.333333333333334,4.666666666666667,0.25,0.0,7.0,10.0,-3.0,1878.4767570530496,1958.109118680528
1351,30.0,61.857142857142854,10.714285714285714,27.285714285714285,10.714285714285714,17.0,7.857142857142857,7.142857142857143,17.142857142857142,20.142857142857142,53.0,6.142857142857143,20.714285714285715,6.857142857142857,11.142857142857142,12.142857142857142,4.714285714285714,15.142857142857142,25.0,31.5,65.5,5.0,16.5,9.0,17.25,9.25,4.5,14.5,26.5,62.5,10.0,29.0,9.75,14.0,11.75,6.5,18.5,8.25,1.0,1.0,2.0,15.0,-13.0,2015.1019040655603,2085.4558199881126
1352,29.555555555555557,60.333333333333336,5.333333333333333,15.666666666666666,11.0,15.666666666666666,11.88888888888889,6.111111111111111,17.88888888888889,25.333333333333332,60.0,6.222222222222222,19.11111111111111,6.333333333333333,11.444444444444445,10.88888888888889,6.222222222222222,21.0,11.88888888888889,26.5,52.75,10.25,19.75,8.0,13.5,12.25,2.25,12.0,27.0,60.25,7.0,19.75,7.25,10.5,5.75,7.5,13.75,6.25,1.0,1.0,1.0,16.0,-15.0,2046.6824368245088,2097.413520114235
1353,24.8,52.2,7.2,20.4,7.2,15.6,11.2,8.0,12.4,21.2,49.6,6.8,16.0,4.8,8.6,12.6,6.2,13.4,13.0,29.714285714285715,59.285714285714285,6.571428571428571,19.714285714285715,8.428571428571429,17.142857142857142,10.142857142857142,9.857142857142858,15.428571428571429,24.428571428571427,54.0,6.285714285714286,18.428571428571427,8.571428571428571,12.0,16.0,5.0,15.285714285714286,10.714285714285714,1.0,1.0,8.0,9.0,-1.0,1813.2475479404268,1920.7181576319424
1354,23.375,52.875,7.25,18.5,7.125,12.25,11.625,6.5,15.625,20.5,51.125,6.0,17.125,7.0,8.875,12.625,5.875,13.75,3.625,26.2,55.2,7.4,22.4,9.2,15.2,12.0,5.8,17.0,23.4,60.0,7.6,28.0,7.4,13.6,9.8,4.8,17.4,8.4,0.6666666666666666,0.6666666666666666,13.0,4.0,9.0,1626.014653846649,1753.856820535652
1355,29.0,57.75,5.75,17.25,9.125,12.625,17.0,6.625,16.25,28.375,64.25,7.75,23.375,10.5,13.5,13.125,10.0,17.875,1.75,27.833333333333332,54.666666666666664,11.333333333333334,24.666666666666668,5.166666666666667,16.5,9.166666666666666,3.3333333333333335,13.666666666666666,23.833333333333332,53.666666666666664,6.5,20.333333333333332,6.0,9.0,10.833333333333334,6.0,14.0,13.833333333333334,0.6666666666666666,1.0,4.0,13.0,-9.0,2004.1490999511952,2068.247410664546
1356,28.833333333333332,59.666666666666664,10.5,27.0,4.166666666666667,12.166666666666666,10.5,6.666666666666667,18.333333333333332,26.666666666666668,64.33333333333333,7.833333333333333,20.166666666666668,11.166666666666666,12.833333333333334,12.666666666666666,4.833333333333333,17.166666666666668,9.0,26.875,59.0,8.0,21.5,7.25,13.125,9.75,4.75,19.625,26.875,60.25,7.625,21.5,9.375,16.125,8.5,4.125,17.25,-2.375,1.0,0.6,15.0,2.0,13.0,1510.7246547559362,1619.001361136604
1357,25.125,53.625,6.75,18.75,8.875,13.0,10.75,5.875,17.5,23.625,50.5,6.875,20.5,7.625,11.375,12.125,4.125,16.0,2.25,24.5,58.666666666666664,7.0,22.666666666666668,9.666666666666666,14.0,13.166666666666666,7.166666666666667,16.666666666666668,21.833333333333332,56.5,8.166666666666666,23.0,9.833333333333334,8.666666666666666,14.333333333333334,7.0,16.666666666666668,1.6666666666666667,0.8,0.6666666666666666,12.0,5.0,7.0,1832.124820418,1909.193433745808
1358,24.833333333333332,58.166666666666664,5.833333333333333,21.166666666666668,6.166666666666667,12.5,12.5,7.333333333333333,19.333333333333332,24.166666666666668,57.166666666666664,5.833333333333333,20.166666666666668,9.666666666666666,14.5,12.166666666666666,7.833333333333333,15.0,-3.8333333333333335,23.6,51.8,10.4,24.4,5.4,15.4,10.0,4.8,13.2,20.8,50.4,6.8,20.4,6.4,9.8,10.8,4.6,12.0,6.2,0.5,0.3333333333333333,10.0,7.0,3.0,1864.8311296233867,1922.4672363257
1359,27.0,61.714285714285715,9.285714285714286,25.285714285714285,10.857142857142858,14.428571428571429,8.714285714285714,7.571428571428571,14.0,26.428571428571427,61.142857142857146,8.857142857142858,25.714285714285715,12.285714285714286,19.428571428571427,11.857142857142858,5.285714285714286,13.857142857142858,2.4285714285714284,24.285714285714285,53.714285714285715,6.571428571428571,18.428571428571427,6.285714285714286,10.571428571428571,9.857142857142858,8.428571428571429,19.142857142857142,20.857142857142858,54.142857142857146,7.285714285714286,24.0,8.428571428571429,11.0,14.0,3.857142857142857,18.428571428571427,9.142857142857142,0.75,1.0,11.0,6.0,5.0,1901.0438907801797,1985.9445709041277
1360,25.857142857142858,55.714285714285715,5.714285714285714,15.142857142857142,9.0,13.714285714285714,10.0,7.428571428571429,17.142857142857142,22.571428571428573,54.285714285714285,7.857142857142857,22.285714285714285,9.0,12.285714285714286,13.142857142857142,5.285714285714286,17.571428571428573,4.142857142857143,24.571428571428573,58.857142857142854,6.142857142857143,19.142857142857142,11.142857142857142,17.142857142857142,12.142857142857142,6.142857142857143,13.285714285714286,21.285714285714285,57.285714285714285,6.857142857142857,22.0,7.142857142857143,10.285714285714286,11.285714285714286,7.428571428571429,17.857142857142858,9.285714285714286,0.5,0.8,6.0,11.0,-5.0,1931.9984092187565,2007.5244563208128
1361,24.0,57.166666666666664,6.666666666666667,24.833333333333332,7.666666666666667,13.0,8.333333333333334,6.0,15.666666666666666,22.333333333333332,55.833333333333336,7.333333333333333,24.833333333333332,6.0,11.5,11.166666666666666,4.833333333333333,16.833333333333332,4.666666666666667,29.333333333333332,59.666666666666664,8.666666666666666,24.666666666666668,11.333333333333334,17.333333333333332,12.666666666666666,6.666666666666667,18.0,20.666666666666668,54.666666666666664,4.0,16.666666666666668,6.666666666666667,7.333333333333333,14.0,7.0,19.666666666666668,25.666666666666668,0.3333333333333333,1.0,5.0,12.0,-7.0,2021.2514630138328,2062.4423283031824
1362,24.428571428571427,58.142857142857146,7.142857142857143,21.857142857142858,11.571428571428571,12.857142857142858,12.0,9.571428571428571,16.285714285714285,26.857142857142858,57.285714285714285,7.571428571428571,21.571428571428573,10.571428571428571,14.428571428571429,16.0,6.285714285714286,21.142857142857142,4.0,25.142857142857142,51.714285714285715,5.857142857142857,14.428571428571429,8.428571428571429,13.0,14.428571428571429,3.7142857142857144,12.428571428571429,24.142857142857142,63.285714285714285,8.571428571428571,27.0,8.857142857142858,11.571428571428571,10.0,7.0,20.0,9.142857142857142,0.25,1.0,3.0,14.0,-11.0,1953.425315136256,2028.039776680656
1363,24.166666666666668,58.833333333333336,9.0,24.833333333333332,6.666666666666667,13.833333333333334,7.833333333333333,6.333333333333333,17.0,25.166666666666668,54.166666666666664,5.333333333333333,17.666666666666668,7.666666666666667,16.0,11.5,4.166666666666667,15.666666666666666,0.0,29.625,65.125,6.625,20.0,16.0,16.25,15.375,8.0,16.5,25.375,62.375,6.0,21.0,10.5,12.625,14.375,9.875,18.875,12.875,0.25,0.6,9.0,8.0,1.0,1903.1269689023936,1943.5149615341536
1364,28.666666666666668,60.0,9.666666666666666,21.833333333333332,9.666666666666666,20.0,14.333333333333334,9.333333333333334,18.666666666666668,23.666666666666668,54.833333333333336,5.833333333333333,20.0,6.666666666666667,11.333333333333334,14.833333333333334,8.666666666666666,16.666666666666668,15.833333333333334,25.875,55.125,9.0,22.625,8.125,13.625,15.25,6.5,18.75,25.125,58.25,7.25,21.25,8.5,13.625,11.75,8.0,17.375,3.5,1.0,1.0,14.0,3.0,11.0,1575.956187227385,1702.7512084622942
1365,27.875,67.5,10.0,32.125,12.5,13.75,12.75,8.875,18.5,24.625,60.125,5.875,19.875,10.375,11.875,15.125,6.125,16.625,7.375,22.8,54.0,6.8,18.2,9.8,11.4,13.6,6.2,18.8,18.2,52.8,6.4,24.0,6.2,10.2,12.0,7.0,20.2,13.0,1.0,1.0,2.0,15.0,-13.0,2000.6894070486671,2083.1138467670226
1366,24.0,53.857142857142854,6.857142857142857,18.714285714285715,8.857142857142858,11.0,9.857142857142858,5.142857142857143,15.285714285714286,22.285714285714285,53.57142857142857,6.714285714285714,19.142857142857142,7.857142857142857,10.285714285714286,11.142857142857142,3.7142857142857144,17.142857142857142,6.857142857142857,23.444444444444443,55.22222222222222,7.444444444444445,19.333333333333332,9.333333333333334,10.777777777777779,13.88888888888889,6.666666666666667,14.11111111111111,24.88888888888889,61.22222222222222,7.111111111111111,24.22222222222222,10.11111111111111,12.666666666666666,11.777777777777779,6.0,19.555555555555557,4.888888888888889,0.75,0.8333333333333334,5.0,12.0,-7.0,1900.8716857477104,1986.9225808068145
1367,26.428571428571427,59.714285714285715,9.857142857142858,27.142857142857142,7.428571428571429,15.571428571428571,10.0,6.571428571428571,15.0,24.857142857142858,58.714285714285715,6.857142857142857,23.285714285714285,7.285714285714286,13.571428571428571,10.571428571428571,6.142857142857143,14.571428571428571,4.714285714285714,24.875,53.5,6.0,18.875,7.875,14.0,10.375,8.125,14.375,23.875,53.625,5.25,15.375,5.5,10.25,11.75,4.875,17.625,9.625,0.6,1.0,5.0,12.0,-7.0,1998.2501093057183,2037.0695495246584
1368,28.857142857142858,60.57142857142857,7.142857142857143,19.285714285714285,11.285714285714286,13.285714285714286,16.0,7.142857142857143,18.857142857142858,24.0,63.142857142857146,7.0,23.142857142857142,12.714285714285714,10.857142857142858,12.714285714285714,9.0,15.285714285714286,4.714285714285714,28.142857142857142,65.0,8.571428571428571,25.142857142857142,10.714285714285714,11.428571428571429,8.0,7.857142857142857,15.428571428571429,22.857142857142858,55.57142857142857,8.285714285714286,25.285714285714285,6.714285714285714,10.714285714285714,12.714285714285714,4.285714285714286,14.0,9.142857142857142,0.5,1.0,4.0,13.0,-9.0,2047.9509194947916,2131.392475499089
1369,32.6,60.6,7.6,20.2,7.2,15.0,12.0,8.0,15.8,27.6,62.4,6.0,20.2,6.6,11.2,12.8,6.4,18.6,20.2,27.666666666666668,60.333333333333336,10.0,25.0,8.0,16.0,13.333333333333334,8.666666666666666,21.333333333333332,20.0,55.0,4.666666666666667,19.666666666666668,10.0,8.333333333333334,18.666666666666668,5.0,20.0,22.666666666666668,1.0,1.0,1.0,16.0,-15.0,2220.42029588856,2303.6554408763186
1370,27.714285714285715,62.285714285714285,8.428571428571429,25.428571428571427,7.714285714285714,17.285714285714285,9.428571428571429,5.571428571428571,13.571428571428571,26.0,61.57142857142857,7.857142857142857,22.714285714285715,6.714285714285714,13.857142857142858,10.571428571428571,5.428571428571429,15.285714285714286,5.142857142857143,24.571428571428573,55.714285714285715,7.571428571428571,21.428571428571427,9.428571428571429,13.714285714285714,13.428571428571429,4.428571428571429,17.285714285714285,21.857142857142858,57.42857142857143,5.428571428571429,20.142857142857142,8.428571428571429,8.857142857142858,10.0,6.142857142857143,17.857142857142858,8.428571428571429,0.75,0.75,2.0,15.0,-13.0,1989.7526280149937,2043.8376453173337
1371,25.0,57.2,6.4,20.6,8.8,13.4,11.0,6.0,14.8,22.6,57.4,6.6,22.2,9.4,11.2,11.8,5.6,16.8,5.6,26.0,56.5,6.666666666666667,21.0,6.5,14.333333333333334,10.5,5.833333333333333,16.5,22.833333333333332,58.0,4.833333333333333,20.0,7.166666666666667,9.5,10.833333333333334,6.0,17.833333333333332,11.0,1.0,0.8,3.0,14.0,-11.0,2097.220292296964,2171.0882692190557
1372,30.5,68.25,8.625,23.625,11.875,11.375,10.125,6.25,18.25,27.375,66.625,7.875,27.125,12.875,13.125,10.375,6.5,17.125,4.125,26.142857142857142,58.57142857142857,9.0,22.571428571428573,9.714285714285714,15.0,8.428571428571429,5.857142857142857,12.428571428571429,19.857142857142858,51.285714285714285,6.428571428571429,20.714285714285715,5.714285714285714,11.142857142857142,12.142857142857142,4.285714285714286,12.857142857142858,14.428571428571429,0.8,0.75,8.0,9.0,-1.0,1928.4943406222249,2005.137297126482
1373,22.333333333333332,49.5,7.5,21.5,4.5,12.666666666666666,11.0,5.333333333333333,15.166666666666666,22.0,56.0,7.666666666666667,23.833333333333332,9.166666666666666,12.5,11.0,6.166666666666667,16.666666666666668,2.5,28.0,62.142857142857146,6.0,20.142857142857142,11.142857142857142,13.142857142857142,10.0,5.0,18.571428571428573,22.285714285714285,56.285714285714285,5.0,17.571428571428573,8.571428571428571,9.0,12.285714285714286,5.714285714285714,16.714285714285715,11.571428571428571,0.25,0.75,10.0,7.0,3.0,1907.7459415598785,1948.3208531466237
1374,25.875,57.375,7.375,18.375,7.875,13.125,8.0,4.25,14.25,24.625,56.875,6.375,17.125,7.125,10.0,9.5,3.375,15.875,5.625,28.1,60.4,4.6,17.2,10.4,11.7,15.0,7.3,17.2,24.0,61.6,6.8,21.5,8.0,9.6,16.1,6.6,20.6,12.2,0.4,1.0,1.0,16.0,-15.0,2049.3895314640995,2026.9000587137368
1375,30.5,61.666666666666664,8.666666666666666,21.333333333333332,8.666666666666666,18.666666666666668,11.5,6.333333333333333,15.166666666666666,26.5,61.666666666666664,6.666666666666667,23.166666666666668,9.0,11.833333333333334,12.833333333333334,6.0,17.5,10.0,24.2,54.0,6.8,21.6,7.4,12.8,8.0,5.2,13.2,22.2,52.2,6.2,17.0,5.4,11.4,7.4,5.2,11.6,3.2,1.0,1.0,13.0,4.0,9.0,1661.7666679479312,1780.4799411806584
1376,25.142857142857142,57.857142857142854,7.857142857142857,23.0,7.571428571428571,12.142857142857142,11.285714285714286,7.285714285714286,14.285714285714286,26.571428571428573,59.285714285714285,7.0,21.714285714285715,8.571428571428571,12.0,13.0,6.571428571428571,15.857142857142858,-1.1428571428571428,25.5,58.5,7.833333333333333,22.166666666666668,9.333333333333334,13.166666666666666,12.333333333333334,7.833333333333333,19.0,25.833333333333332,56.333333333333336,5.5,16.0,8.5,10.0,13.666666666666666,5.166666666666667,17.166666666666668,0.16666666666666666,0.25,0.5,8.0,9.0,-1.0,1905.723612775729,1979.4748430662123
1377,27.166666666666668,54.833333333333336,6.5,16.166666666666668,7.0,12.5,12.0,3.6666666666666665,15.833333333333334,26.666666666666668,56.0,7.666666666666667,19.0,5.5,12.333333333333334,8.5,5.833333333333333,16.333333333333332,-1.0,28.2,57.8,9.4,21.4,6.2,15.6,11.6,4.6,20.0,24.8,60.2,8.0,24.4,7.0,11.0,10.0,4.8,17.8,6.4,0.0,0.5,11.0,6.0,5.0,1865.8618847114983,1976.4549572410851
1378,26.25,57.5,6.375,18.0,9.875,12.125,11.875,5.25,14.75,24.75,58.625,8.125,18.625,7.75,13.5,10.75,5.375,17.5,2.375,26.833333333333332,54.0,7.166666666666667,18.333333333333332,6.666666666666667,11.333333333333334,7.666666666666667,4.666666666666667,11.833333333333334,26.5,55.333333333333336,7.333333333333333,20.5,7.333333333333333,11.333333333333334,8.666666666666666,4.833333333333333,13.333333333333334,3.3333333333333335,0.75,0.5,6.0,11.0,-5.0,1914.852718178644,2000.8711616174812
1379,28.666666666666668,60.666666666666664,7.5,22.0,8.666666666666666,15.333333333333334,13.666666666666666,7.166666666666667,16.666666666666668,27.333333333333332,66.0,8.5,24.0,9.333333333333334,12.166666666666666,15.0,6.833333333333333,21.0,9.5,25.857142857142858,55.714285714285715,5.714285714285714,15.142857142857142,9.0,13.714285714285714,10.0,7.428571428571429,17.142857142857142,22.571428571428573,54.285714285714285,7.857142857142857,22.285714285714285,9.0,12.285714285714286,13.142857142857142,5.285714285714286,17.571428571428573,4.142857142857143,0.75,0.5,3.0,6.0,-3.0,1952.496929176479,1882.263033323682
1380,28.571428571428573,62.285714285714285,9.428571428571429,25.428571428571427,12.0,14.285714285714286,12.285714285714286,7.142857142857143,18.0,26.428571428571427,55.57142857142857,7.428571428571429,18.857142857142858,9.285714285714286,13.285714285714286,14.285714285714286,5.285714285714286,16.857142857142858,2.857142857142857,24.166666666666668,58.833333333333336,9.0,24.833333333333332,6.666666666666667,13.833333333333334,7.833333333333333,6.333333333333333,17.0,25.166666666666668,54.166666666666664,5.333333333333333,17.666666666666668,7.666666666666667,16.0,11.5,4.166666666666667,15.666666666666666,0.0,0.8,0.25,1.0,9.0,-8.0,2128.8053161102966,2203.628457713918
1381,30.0,61.857142857142854,10.714285714285714,27.285714285714285,10.714285714285714,17.0,7.857142857142857,7.142857142857143,17.142857142857142,20.142857142857142,53.0,6.142857142857143,20.714285714285715,6.857142857142857,11.142857142857142,12.142857142857142,4.714285714285714,15.142857142857142,25.0,24.833333333333332,58.166666666666664,5.833333333333333,21.166666666666668,6.166666666666667,12.5,12.5,7.333333333333333,19.333333333333332,24.166666666666668,57.166666666666664,5.833333333333333,20.166666666666668,9.666666666666666,14.5,12.166666666666666,7.833333333333333,15.0,-3.8333333333333335,1.0,0.5,2.0,10.0,-8.0,2016.6426781653329,2087.7008961390666
1382,24.8,52.2,7.2,20.4,7.2,15.6,11.2,8.0,12.4,21.2,49.6,6.8,16.0,4.8,8.6,12.6,6.2,13.4,13.0,29.555555555555557,60.333333333333336,5.333333333333333,15.666666666666666,11.0,15.666666666666666,11.88888888888889,6.111111111111111,17.88888888888889,25.333333333333332,60.0,6.222222222222222,19.11111111111111,6.333333333333333,11.444444444444445,10.88888888888889,6.222222222222222,21.0,11.88888888888889,1.0,1.0,8.0,1.0,7.0,1835.4655486936813,1942.192257448256
1383,28.833333333333332,59.666666666666664,10.5,27.0,4.166666666666667,12.166666666666666,10.5,6.666666666666667,18.333333333333332,26.666666666666668,64.33333333333333,7.833333333333333,20.166666666666668,11.166666666666666,12.833333333333334,12.666666666666666,4.833333333333333,17.166666666666668,9.0,23.571428571428573,51.714285714285715,6.285714285714286,18.285714285714285,7.142857142857143,10.285714285714286,14.714285714285714,6.571428571428571,15.714285714285714,23.571428571428573,57.57142857142857,6.428571428571429,24.285714285714285,9.571428571428571,12.428571428571429,12.857142857142858,7.571428571428571,16.857142857142858,1.2857142857142858,1.0,0.25,15.0,7.0,8.0,1540.8132314723712,1648.3670325781372
1384,25.125,53.625,6.75,18.75,8.875,13.0,10.75,5.875,17.5,23.625,50.5,6.875,20.5,7.625,11.375,12.125,4.125,16.0,2.25,29.0,57.75,5.75,17.25,9.125,12.625,17.0,6.625,16.25,28.375,64.25,7.75,23.375,10.5,13.5,13.125,10.0,17.875,1.75,0.8,0.6666666666666666,12.0,4.0,8.0,1852.0646477798484,1929.322649620577
1385,27.0,61.714285714285715,9.285714285714286,25.285714285714285,10.857142857142858,14.428571428571429,8.714285714285714,7.571428571428571,14.0,26.428571428571427,61.142857142857146,8.857142857142858,25.714285714285715,12.285714285714286,19.428571428571427,11.857142857142858,5.285714285714286,13.857142857142858,2.4285714285714284,24.428571428571427,58.142857142857146,7.142857142857143,21.857142857142858,11.571428571428571,12.857142857142858,12.0,9.571428571428571,16.285714285714285,26.857142857142858,57.285714285714285,7.571428571428571,21.571428571428573,10.571428571428571,14.428571428571429,16.0,6.285714285714286,21.142857142857142,4.0,0.75,0.25,11.0,3.0,8.0,1919.370219701992,2004.2025665420624
1386,24.0,57.166666666666664,6.666666666666667,24.833333333333332,7.666666666666667,13.0,8.333333333333334,6.0,15.666666666666666,22.333333333333332,55.833333333333336,7.333333333333333,24.833333333333332,6.0,11.5,11.166666666666666,4.833333333333333,16.833333333333332,4.666666666666667,23.375,52.875,7.25,18.5,7.125,12.25,11.625,6.5,15.625,20.5,51.125,6.0,17.125,7.0,8.875,12.625,5.875,13.75,3.625,0.3333333333333333,0.6666666666666666,5.0,13.0,-8.0,2023.935295570156,2067.981901754881
1387,27.875,67.5,10.0,32.125,12.5,13.75,12.75,8.875,18.5,24.625,60.125,5.875,19.875,10.375,11.875,15.125,6.125,16.625,7.375,22.333333333333332,49.5,7.5,21.5,4.5,12.666666666666666,11.0,5.333333333333333,15.166666666666666,22.0,56.0,7.666666666666667,23.833333333333332,9.166666666666666,12.5,11.0,6.166666666666667,16.666666666666668,2.5,1.0,0.25,2.0,10.0,-8.0,2002.114373859396,2095.013220112509
1388,26.428571428571427,59.714285714285715,9.857142857142858,27.142857142857142,7.428571428571429,15.571428571428571,10.0,6.571428571428571,15.0,24.857142857142858,58.714285714285715,6.857142857142857,23.285714285714285,7.285714285714286,13.571428571428571,10.571428571428571,6.142857142857143,14.571428571428571,4.714285714285714,30.5,61.666666666666664,8.666666666666666,21.333333333333332,8.666666666666666,18.666666666666668,11.5,6.333333333333333,15.166666666666666,26.5,61.666666666666664,6.666666666666667,23.166666666666668,9.0,11.833333333333334,12.833333333333334,6.0,17.5,10.0,0.6,1.0,5.0,13.0,-8.0,2001.947789151318,2043.1374369588705
1389,28.857142857142858,60.57142857142857,7.142857142857143,19.285714285714285,11.285714285714286,13.285714285714286,16.0,7.142857142857143,18.857142857142858,24.0,63.142857142857146,7.0,23.142857142857142,12.714285714285714,10.857142857142858,12.714285714285714,9.0,15.285714285714286,4.714285714285714,24.0,53.857142857142854,6.857142857142857,18.714285714285715,8.857142857142858,11.0,9.857142857142858,5.142857142857143,15.285714285714286,22.285714285714285,53.57142857142857,6.714285714285714,19.142857142857142,7.857142857142857,10.285714285714286,11.142857142857142,3.7142857142857144,17.142857142857142,6.857142857142857,0.5,0.75,4.0,5.0,-1.0,2050.7199892707886,2134.5348892669635
1390,32.6,60.6,7.6,20.2,7.2,15.0,12.0,8.0,15.8,27.6,62.4,6.0,20.2,6.6,11.2,12.8,6.4,18.6,20.2,25.142857142857142,57.857142857142854,7.857142857142857,23.0,7.571428571428571,12.142857142857142,11.285714285714286,7.285714285714286,14.285714285714286,26.571428571428573,59.285714285714285,7.0,21.714285714285715,8.571428571428571,12.0,13.0,6.571428571428571,15.857142857142858,-1.1428571428571428,1.0,0.25,1.0,8.0,-7.0,2220.6090360728213,2304.1529993979407
1391,25.875,57.375,7.375,18.375,7.875,13.125,8.0,4.25,14.25,24.625,56.875,6.375,17.125,7.125,10.0,9.5,3.375,15.875,5.625,30.5,68.25,8.625,23.625,11.875,11.375,10.125,6.25,18.25,27.375,66.625,7.875,27.125,12.875,13.125,10.375,6.5,17.125,4.125,0.4,0.8,1.0,8.0,-7.0,2050.056691185852,2030.5217832798287
1392,27.22222222222222,55.0,9.222222222222221,21.333333333333332,6.888888888888889,13.11111111111111,9.11111111111111,6.888888888888889,13.666666666666666,26.333333333333332,54.55555555555556,7.555555555555555,20.0,7.666666666666667,15.0,12.11111111111111,3.888888888888889,15.11111111111111,4.666666666666667,27.714285714285715,62.285714285714285,8.428571428571429,25.428571428571427,7.714285714285714,17.285714285714285,9.428571428571429,5.571428571428571,13.571428571428571,26.0,61.57142857142857,7.857142857142857,22.714285714285715,6.714285714285714,13.857142857142858,10.571428571428571,5.428571428571429,15.285714285714286,5.142857142857143,0.8,0.75,7.0,2.0,5.0,1976.8280862641325,2050.2437226821626
1393,27.166666666666668,54.833333333333336,6.5,16.166666666666668,7.0,12.5,12.0,3.6666666666666665,15.833333333333334,26.666666666666668,56.0,7.666666666666667,19.0,5.5,12.333333333333334,8.5,5.833333333333333,16.333333333333332,-1.0,28.666666666666668,60.0,9.666666666666666,21.833333333333332,9.666666666666666,20.0,14.333333333333334,9.333333333333334,18.666666666666668,23.666666666666668,54.833333333333336,5.833333333333333,20.0,6.666666666666667,11.333333333333334,14.833333333333334,8.666666666666666,16.666666666666668,15.833333333333334,0.0,1.0,11.0,14.0,-3.0,1883.032809721116,1992.6768605073892
1394,26.25,57.5,6.375,18.0,9.875,12.125,11.875,5.25,14.75,24.75,58.625,8.125,18.625,7.75,13.5,10.75,5.375,17.5,2.375,25.0,57.2,6.4,20.6,8.8,13.4,11.0,6.0,14.8,22.6,57.4,6.6,22.2,9.4,11.2,11.8,5.6,16.8,5.6,0.75,1.0,6.0,3.0,3.0,1924.1489271136145,2010.5602160055664
1395,28.666666666666668,60.666666666666664,7.5,22.0,8.666666666666666,15.333333333333334,13.666666666666666,7.166666666666667,16.666666666666668,27.333333333333332,66.0,8.5,24.0,9.333333333333334,12.166666666666666,15.0,6.833333333333333,21.0,9.5,28.833333333333332,59.666666666666664,10.5,27.0,4.166666666666667,12.166666666666666,10.5,6.666666666666667,18.333333333333332,26.666666666666668,64.33333333333333,7.833333333333333,20.166666666666668,11.166666666666666,12.833333333333334,12.666666666666666,4.833333333333333,17.166666666666668,9.0,0.75,1.0,3.0,15.0,-12.0,1968.0702050985428,1904.261463507689
1396,28.571428571428573,62.285714285714285,9.428571428571429,25.428571428571427,12.0,14.285714285714286,12.285714285714286,7.142857142857143,18.0,26.428571428571427,55.57142857142857,7.428571428571429,18.857142857142858,9.285714285714286,13.285714285714286,14.285714285714286,5.285714285714286,16.857142857142858,2.857142857142857,24.0,57.166666666666664,6.666666666666667,24.833333333333332,7.666666666666667,13.0,8.333333333333334,6.0,15.666666666666666,22.333333333333332,55.833333333333336,7.333333333333333,24.833333333333332,6.0,11.5,11.166666666666666,4.833333333333333,16.833333333333332,4.666666666666667,0.8,0.3333333333333333,1.0,5.0,-4.0,2136.2433739684766,2210.0466971076594
1397,30.0,61.857142857142854,10.714285714285714,27.285714285714285,10.714285714285714,17.0,7.857142857142857,7.142857142857143,17.142857142857142,20.142857142857142,53.0,6.142857142857143,20.714285714285715,6.857142857142857,11.142857142857142,12.142857142857142,4.714285714285714,15.142857142857142,25.0,27.0,61.714285714285715,9.285714285714286,25.285714285714285,10.857142857142858,14.428571428571429,8.714285714285714,7.571428571428571,14.0,26.428571428571427,61.142857142857146,8.857142857142858,25.714285714285715,12.285714285714286,19.428571428571427,11.857142857142858,5.285714285714286,13.857142857142858,2.4285714285714284,1.0,0.75,2.0,11.0,-9.0,2026.7980843560836,2097.3734117281365
1398,25.125,53.625,6.75,18.75,8.875,13.0,10.75,5.875,17.5,23.625,50.5,6.875,20.5,7.625,11.375,12.125,4.125,16.0,2.25,24.8,52.2,7.2,20.4,7.2,15.6,11.2,8.0,12.4,21.2,49.6,6.8,16.0,4.8,8.6,12.6,6.2,13.4,13.0,0.8,1.0,12.0,8.0,4.0,1874.8174616390736,1951.6529437271165
1399,32.6,60.6,7.6,20.2,7.2,15.0,12.0,8.0,15.8,27.6,62.4,6.0,20.2,6.6,11.2,12.8,6.4,18.6,20.2,26.428571428571427,59.714285714285715,9.857142857142858,27.142857142857142,7.428571428571429,15.571428571428571,10.0,6.571428571428571,15.0,24.857142857142858,58.714285714285715,6.857142857142857,23.285714285714285,7.285714285714286,13.571428571428571,10.571428571428571,6.142857142857143,14.571428571428571,4.714285714285714,1.0,0.6,1.0,5.0,-4.0,2225.40584124744,2308.7144041218644
1400,25.875,57.375,7.375,18.375,7.875,13.125,8.0,4.25,14.25,24.625,56.875,6.375,17.125,7.125,10.0,9.5,3.375,15.875,5.625,28.857142857142858,60.57142857142857,7.142857142857143,19.285714285714285,11.285714285714286,13.285714285714286,16.0,7.142857142857143,18.857142857142858,24.0,63.142857142857146,7.0,23.142857142857142,12.714285714285714,10.857142857142858,12.714285714285714,9.0,15.285714285714286,4.714285714285714,0.4,0.5,1.0,4.0,-3.0,2061.112302928551,2045.8723908597492
1401,27.166666666666668,54.833333333333336,6.5,16.166666666666668,7.0,12.5,12.0,3.6666666666666665,15.833333333333334,26.666666666666668,56.0,7.666666666666667,19.0,5.5,12.333333333333334,8.5,5.833333333333333,16.333333333333332,-1.0,27.875,67.5,10.0,32.125,12.5,13.75,12.75,8.875,18.5,24.625,60.125,5.875,19.875,10.375,11.875,15.125,6.125,16.625,7.375,0.0,1.0,11.0,2.0,9.0,1888.4154334134807,1998.4935135877893
1402,26.25,57.5,6.375,18.0,9.875,12.125,11.875,5.25,14.75,24.75,58.625,8.125,18.625,7.75,13.5,10.75,5.375,17.5,2.375,27.22222222222222,55.0,9.222222222222221,21.333333333333332,6.888888888888889,13.11111111111111,9.11111111111111,6.888888888888889,13.666666666666666,26.333333333333332,54.55555555555556,7.555555555555555,20.0,7.666666666666667,15.0,12.11111111111111,3.888888888888889,15.11111111111111,4.666666666666667,0.75,0.8,6.0,7.0,-1.0,1947.5807237315291,2033.55755337644
1403,28.571428571428573,62.285714285714285,9.428571428571429,25.428571428571427,12.0,14.285714285714286,12.285714285714286,7.142857142857143,18.0,26.428571428571427,55.57142857142857,7.428571428571429,18.857142857142858,9.285714285714286,13.285714285714286,14.285714285714286,5.285714285714286,16.857142857142858,2.857142857142857,28.666666666666668,60.666666666666664,7.5,22.0,8.666666666666666,15.333333333333334,13.666666666666666,7.166666666666667,16.666666666666668,27.333333333333332,66.0,8.5,24.0,9.333333333333334,12.166666666666666,15.0,6.833333333333333,21.0,9.5,0.8,0.75,1.0,3.0,-2.0,2147.3859307590383,2220.0474492972407
1404,30.0,61.857142857142854,10.714285714285714,27.285714285714285,10.714285714285714,17.0,7.857142857142857,7.142857142857143,17.142857142857142,20.142857142857142,53.0,6.142857142857143,20.714285714285715,6.857142857142857,11.142857142857142,12.142857142857142,4.714285714285714,15.142857142857142,25.0,25.125,53.625,6.75,18.75,8.875,13.0,10.75,5.875,17.5,23.625,50.5,6.875,20.5,7.625,11.375,12.125,4.125,16.0,2.25,1.0,0.8,2.0,12.0,-10.0,2038.754630365239,2109.933645506951
1405,32.6,60.6,7.6,20.2,7.2,15.0,12.0,8.0,15.8,27.6,62.4,6.0,20.2,6.6,11.2,12.8,6.4,18.6,20.2,26.25,57.5,6.375,18.0,9.875,12.125,11.875,5.25,14.75,24.75,58.625,8.125,18.625,7.75,13.5,10.75,5.375,17.5,2.375,1.0,0.75,1.0,6.0,-5.0,2232.4774165810422,2314.5965022935898
1406,27.166666666666668,54.833333333333336,6.5,16.166666666666668,7.0,12.5,12.0,3.6666666666666665,15.833333333333334,26.666666666666668,56.0,7.666666666666667,19.0,5.5,12.333333333333334,8.5,5.833333333333333,16.333333333333332,-1.0,25.875,57.375,7.375,18.375,7.875,13.125,8.0,4.25,14.25,24.625,56.875,6.375,17.125,7.125,10.0,9.5,3.375,15.875,5.625,0.0,0.4,11.0,1.0,10.0,1909.9812184507905,2019.2623624417065
1407,28.571428571428573,62.285714285714285,9.428571428571429,25.428571428571427,12.0,14.285714285714286,12.285714285714286,7.142857142857143,18.0,26.428571428571427,55.57142857142857,7.428571428571429,18.857142857142858,9.285714285714286,13.285714285714286,14.285714285714286,5.285714285714286,16.857142857142858,2.857142857142857,30.0,61.857142857142854,10.714285714285714,27.285714285714285,10.714285714285714,17.0,7.857142857142857,7.142857142857143,17.142857142857142,20.142857142857142,53.0,6.142857142857143,20.714285714285715,6.857142857142857,11.142857142857142,12.142857142857142,4.714285714285714,15.142857142857142,25.0,0.8,1.0,1.0,2.0,-1.0,2155.895598934814,2224.6699892409856
1408,32.6,60.6,7.6,20.2,7.2,15.0,12.0,8.0,15.8,27.6,62.4,6.0,20.2,6.6,11.2,12.8,6.4,18.6,20.2,27.166666666666668,54.833333333333336,6.5,16.166666666666668,7.0,12.5,12.0,3.6666666666666665,15.833333333333334,26.666666666666668,56.0,7.666666666666667,19.0,5.5,12.333333333333334,8.5,5.833333333333333,16.333333333333332,-1.0,1.0,0.0,1.0,11.0,-10.0,2238.146209413694,2320.353123177536
1409,28.571428571428573,62.285714285714285,9.428571428571429,25.428571428571427,12.0,14.285714285714286,12.285714285714286,7.142857142857143,18.0,26.428571428571427,55.57142857142857,7.428571428571429,18.857142857142858,9.285714285714286,13.285714285714286,14.285714285714286,5.285714285714286,16.857142857142858,2.857142857142857,32.6,60.6,7.6,20.2,7.2,15.0,12.0,8.0,15.8,27.6,62.4,6.0,20.2,6.6,11.2,12.8,6.4,18.6,20.2,0.8,1.0,1.0,1.0,0.0,2167.0931820336536,2235.9798972202925
1410,25.25,59.25,10.75,27.75,8.0,17.0,9.5,7.5,13.75,23.25,55.75,6.75,20.5,8.25,11.75,13.0,6.0,15.0,6.25,26.833333333333332,54.0,7.166666666666667,18.333333333333332,6.666666666666667,11.333333333333334,7.666666666666667,4.666666666666667,11.833333333333334,26.5,55.333333333333336,7.333333333333333,20.5,7.333333333333333,11.333333333333334,8.666666666666666,4.833333333333333,13.333333333333334,3.3333333333333335,0.75,0.5,11.0,11.0,0.0,1904.3382273961752,1763.689820084334
1411,23.625,60.125,9.25,27.625,9.0,11.125,10.375,8.125,13.875,25.625,60.875,7.125,21.5,10.0,12.75,12.5,5.375,16.75,0.25,27.666666666666668,60.333333333333336,10.0,25.0,8.0,16.0,13.333333333333334,8.666666666666666,21.333333333333332,20.0,55.0,4.666666666666667,19.666666666666668,10.0,8.333333333333334,18.666666666666668,5.0,20.0,22.666666666666668,1.0,1.0,16.0,16.0,0.0,1495.2257248782826,1605.1373947153052
1412,25.0,56.6,6.8,19.2,10.0,12.6,12.8,5.0,17.2,23.8,60.0,6.0,20.0,7.4,8.8,10.0,6.8,19.0,5.2,28.1,60.4,4.6,17.2,10.4,11.7,15.0,7.3,17.2,24.0,61.6,6.8,21.5,8.0,9.6,16.1,6.6,20.6,12.2,1.0,1.0,16.0,16.0,0.0,1298.1055126042768,1458.7455163758566
1413,23.75,55.0,4.375,15.125,9.25,12.75,11.375,4.875,20.25,22.875,54.25,5.375,18.0,8.75,12.5,9.75,5.75,18.5,-2.0,27.166666666666668,54.833333333333336,6.5,16.166666666666668,7.0,12.5,12.0,3.6666666666666665,15.833333333333334,26.666666666666668,56.0,7.666666666666667,19.0,5.5,12.333333333333334,8.5,5.833333333333333,16.333333333333332,-1.0,0.5,0.0,11.0,11.0,0.0,1959.9819514634048,2009.5940401301316
1414,32.0,62.8,8.8,20.0,10.2,19.2,9.4,6.6,13.6,27.2,63.4,6.0,24.8,9.0,10.4,11.0,4.8,17.0,15.2,28.666666666666668,60.666666666666664,7.5,22.0,8.666666666666666,15.333333333333334,13.666666666666666,7.166666666666667,16.666666666666668,27.333333333333332,66.0,8.5,24.0,9.333333333333334,12.166666666666666,15.0,6.833333333333333,21.0,9.5,1.0,0.75,14.0,3.0,11.0,1628.3285286916837,1774.7695701961547
1415,25.75,52.75,7.75,20.75,5.75,11.75,10.5,5.5,17.0,23.0,57.75,5.75,25.75,8.25,10.0,11.25,5.0,17.5,10.75,28.571428571428573,62.285714285714285,9.428571428571429,25.428571428571427,12.0,14.285714285714286,12.285714285714286,7.142857142857143,18.0,26.428571428571427,55.57142857142857,7.428571428571429,18.857142857142858,9.285714285714286,13.285714285714286,14.285714285714286,5.285714285714286,16.857142857142858,2.857142857142857,1.0,0.8,16.0,1.0,15.0,1434.9806106066253,1587.5217531942512
1416,26.0,54.666666666666664,8.666666666666666,18.666666666666668,7.0,16.0,11.333333333333334,5.666666666666667,16.0,23.0,56.0,8.666666666666666,24.333333333333332,9.0,11.666666666666666,11.0,6.0,14.333333333333334,4.666666666666667,23.571428571428573,51.714285714285715,6.285714285714286,18.285714285714285,7.142857142857143,10.285714285714286,14.714285714285714,6.571428571428571,15.714285714285714,23.571428571428573,57.57142857142857,6.428571428571429,24.285714285714285,9.571428571428571,12.428571428571429,12.857142857142858,7.571428571428571,16.857142857142858,1.2857142857142858,0.0,0.25,10.0,7.0,3.0,1881.5267202718017,1932.5294286500464
1417,31.5,65.5,5.0,16.5,9.0,17.25,9.25,4.5,14.5,26.5,62.5,10.0,29.0,9.75,14.0,11.75,6.5,18.5,8.25,30.0,61.857142857142854,10.714285714285714,27.285714285714285,10.714285714285714,17.0,7.857142857142857,7.142857142857143,17.142857142857142,20.142857142857142,53.0,6.142857142857143,20.714285714285715,6.857142857142857,11.142857142857142,12.142857142857142,4.714285714285714,15.142857142857142,25.0,1.0,1.0,15.0,2.0,13.0,1496.709947086308,1636.5247133245437
1418,26.5,52.75,10.25,19.75,8.0,13.5,12.25,2.25,12.0,27.0,60.25,7.0,19.75,7.25,10.5,5.75,7.5,13.75,6.25,29.555555555555557,60.333333333333336,5.333333333333333,15.666666666666666,11.0,15.666666666666666,11.88888888888889,6.111111111111111,17.88888888888889,25.333333333333332,60.0,6.222222222222222,19.11111111111111,6.333333333333333,11.444444444444445,10.88888888888889,6.222222222222222,21.0,11.88888888888889,1.0,1.0,16.0,1.0,15.0,1485.3488519715718,1621.5777233642582
1419,29.714285714285715,59.285714285714285,6.571428571428571,19.714285714285715,8.428571428571429,17.142857142857142,10.142857142857142,9.857142857142858,15.428571428571429,24.428571428571427,54.0,6.285714285714286,18.428571428571427,8.571428571428571,12.0,16.0,5.0,15.285714285714286,10.714285714285714,24.8,52.2,7.2,20.4,7.2,15.6,11.2,8.0,12.4,21.2,49.6,6.8,16.0,4.8,8.6,12.6,6.2,13.4,13.0,1.0,1.0,9.0,8.0,1.0,1955.7584887860871,2044.5804456939316
1420,26.2,55.2,7.4,22.4,9.2,15.2,12.0,5.8,17.0,23.4,60.0,7.6,28.0,7.4,13.6,9.8,4.8,17.4,8.4,23.375,52.875,7.25,18.5,7.125,12.25,11.625,6.5,15.625,20.5,51.125,6.0,17.125,7.0,8.875,12.625,5.875,13.75,3.625,0.6666666666666666,0.6666666666666666,4.0,13.0,-9.0,1955.6768961339835,2003.2338168610825
1421,27.833333333333332,54.666666666666664,11.333333333333334,24.666666666666668,5.166666666666667,16.5,9.166666666666666,3.3333333333333335,13.666666666666666,23.833333333333332,53.666666666666664,6.5,20.333333333333332,6.0,9.0,10.833333333333334,6.0,14.0,13.833333333333334,29.0,57.75,5.75,17.25,9.125,12.625,17.0,6.625,16.25,28.375,64.25,7.75,23.375,10.5,13.5,13.125,10.0,17.875,1.75,1.0,0.6666666666666666,13.0,4.0,9.0,1681.7434826202525,1829.711723729427
1422,26.875,59.0,8.0,21.5,7.25,13.125,9.75,4.75,19.625,26.875,60.25,7.625,21.5,9.375,16.125,8.5,4.125,17.25,-2.375,28.833333333333332,59.666666666666664,10.5,27.0,4.166666666666667,12.166666666666666,10.5,6.666666666666667,18.333333333333332,26.666666666666668,64.33333333333333,7.833333333333333,20.166666666666668,11.166666666666666,12.833333333333334,12.666666666666666,4.833333333333333,17.166666666666668,9.0,0.6,1.0,2.0,15.0,-13.0,1989.5425638671752,2037.8693592690836
1423,24.5,58.666666666666664,7.0,22.666666666666668,9.666666666666666,14.0,13.166666666666666,7.166666666666667,16.666666666666668,21.833333333333332,56.5,8.166666666666666,23.0,9.833333333333334,8.666666666666666,14.333333333333334,7.0,16.666666666666668,1.6666666666666667,25.125,53.625,6.75,18.75,8.875,13.0,10.75,5.875,17.5,23.625,50.5,6.875,20.5,7.625,11.375,12.125,4.125,16.0,2.25,0.6666666666666666,0.8,5.0,12.0,-7.0,1919.471968110452,2000.9324138305085
1424,23.6,51.8,10.4,24.4,5.4,15.4,10.0,4.8,13.2,20.8,50.4,6.8,20.4,6.4,9.8,10.8,4.6,12.0,6.2,24.833333333333332,58.166666666666664,5.833333333333333,21.166666666666668,6.166666666666667,12.5,12.5,7.333333333333333,19.333333333333332,24.166666666666668,57.166666666666664,5.833333333333333,20.166666666666668,9.666666666666666,14.5,12.166666666666666,7.833333333333333,15.0,-3.8333333333333335,0.3333333333333333,0.5,7.0,10.0,-3.0,1925.2097002158976,2009.20645095282
1425,24.285714285714285,53.714285714285715,6.571428571428571,18.428571428571427,6.285714285714286,10.571428571428571,9.857142857142858,8.428571428571429,19.142857142857142,20.857142857142858,54.142857142857146,7.285714285714286,24.0,8.428571428571429,11.0,14.0,3.857142857142857,18.428571428571427,9.142857142857142,27.0,61.714285714285715,9.285714285714286,25.285714285714285,10.857142857142858,14.428571428571429,8.714285714285714,7.571428571428571,14.0,26.428571428571427,61.142857142857146,8.857142857142858,25.714285714285715,12.285714285714286,19.428571428571427,11.857142857142858,5.285714285714286,13.857142857142858,2.4285714285714284,1.0,0.75,6.0,11.0,-5.0,1951.920030121531,2035.305777673036
1426,24.571428571428573,58.857142857142854,6.142857142857143,19.142857142857142,11.142857142857142,17.142857142857142,12.142857142857142,6.142857142857143,13.285714285714286,21.285714285714285,57.285714285714285,6.857142857142857,22.0,7.142857142857143,10.285714285714286,11.285714285714286,7.428571428571429,17.857142857142858,9.285714285714286,25.857142857142858,55.714285714285715,5.714285714285714,15.142857142857142,9.0,13.714285714285714,10.0,7.428571428571429,17.142857142857142,22.571428571428573,54.285714285714285,7.857142857142857,22.285714285714285,9.0,12.285714285714286,13.142857142857142,5.285714285714286,17.571428571428573,4.142857142857143,0.8,0.5,11.0,6.0,5.0,1825.1787251057297,1911.0506291424388
1427,29.333333333333332,59.666666666666664,8.666666666666666,24.666666666666668,11.333333333333334,17.333333333333332,12.666666666666666,6.666666666666667,18.0,20.666666666666668,54.666666666666664,4.0,16.666666666666668,6.666666666666667,7.333333333333333,14.0,7.0,19.666666666666668,25.666666666666668,24.0,57.166666666666664,6.666666666666667,24.833333333333332,7.666666666666667,13.0,8.333333333333334,6.0,15.666666666666666,22.333333333333332,55.833333333333336,7.333333333333333,24.833333333333332,6.0,11.5,11.166666666666666,4.833333333333333,16.833333333333332,4.666666666666667,1.0,0.3333333333333333,12.0,5.0,7.0,1605.9107523123785,1790.7941220686982
1428,25.142857142857142,51.714285714285715,5.857142857142857,14.428571428571429,8.428571428571429,13.0,14.428571428571429,3.7142857142857144,12.428571428571429,24.142857142857142,63.285714285714285,8.571428571428571,27.0,8.857142857142858,11.571428571428571,10.0,7.0,20.0,9.142857142857142,24.428571428571427,58.142857142857146,7.142857142857143,21.857142857142858,11.571428571428571,12.857142857142858,12.0,9.571428571428571,16.285714285714285,26.857142857142858,57.285714285714285,7.571428571428571,21.571428571428573,10.571428571428571,14.428571428571429,16.0,6.285714285714286,21.142857142857142,4.0,1.0,0.25,14.0,3.0,11.0,1531.020213326279,1705.0243092165524
1429,29.625,65.125,6.625,20.0,16.0,16.25,15.375,8.0,16.5,25.375,62.375,6.0,21.0,10.5,12.625,14.375,9.875,18.875,12.875,24.166666666666668,58.833333333333336,9.0,24.833333333333332,6.666666666666667,13.833333333333334,7.833333333333333,6.333333333333333,17.0,25.166666666666668,54.166666666666664,5.333333333333333,17.666666666666668,7.666666666666667,16.0,11.5,4.166666666666667,15.666666666666666,0.0,0.6,0.25,8.0,9.0,-1.0,1950.2544321601688,2030.1195703619117
1430,25.875,55.125,9.0,22.625,8.125,13.625,15.25,6.5,18.75,25.125,58.25,7.25,21.25,8.5,13.625,11.75,8.0,17.375,3.5,28.666666666666668,60.0,9.666666666666666,21.833333333333332,9.666666666666666,20.0,14.333333333333334,9.333333333333334,18.666666666666668,23.666666666666668,54.833333333333336,5.833333333333333,20.0,6.666666666666667,11.333333333333334,14.833333333333334,8.666666666666666,16.666666666666668,15.833333333333334,1.0,1.0,3.0,14.0,-11.0,1997.8980211766616,2071.841827860436
1431,22.8,54.0,6.8,18.2,9.8,11.4,13.6,6.2,18.8,18.2,52.8,6.4,24.0,6.2,10.2,12.0,7.0,20.2,13.0,27.875,67.5,10.0,32.125,12.5,13.75,12.75,8.875,18.5,24.625,60.125,5.875,19.875,10.375,11.875,15.125,6.125,16.625,7.375,1.0,1.0,15.0,2.0,13.0,1468.0645318729346,1992.0396442408392
1432,23.444444444444443,55.22222222222222,7.444444444444445,19.333333333333332,9.333333333333334,10.777777777777779,13.88888888888889,6.666666666666667,14.11111111111111,24.88888888888889,61.22222222222222,7.111111111111111,24.22222222222222,10.11111111111111,12.666666666666666,11.777777777777779,6.0,19.555555555555557,4.888888888888889,24.0,53.857142857142854,6.857142857142857,18.714285714285715,8.857142857142858,11.0,9.857142857142858,5.142857142857143,15.285714285714286,22.285714285714285,53.57142857142857,6.714285714285714,19.142857142857142,7.857142857142857,10.285714285714286,11.142857142857142,3.7142857142857144,17.142857142857142,6.857142857142857,0.8333333333333334,0.75,12.0,5.0,7.0,1868.7586950982136,1910.5840961657627
1433,24.875,53.5,6.0,18.875,7.875,14.0,10.375,8.125,14.375,23.875,53.625,5.25,15.375,5.5,10.25,11.75,4.875,17.625,9.625,26.428571428571427,59.714285714285715,9.857142857142858,27.142857142857142,7.428571428571429,15.571428571428571,10.0,6.571428571428571,15.0,24.857142857142858,58.714285714285715,6.857142857142857,23.285714285714285,7.285714285714286,13.571428571428571,10.571428571428571,6.142857142857143,14.571428571428571,4.714285714285714,1.0,0.6,12.0,5.0,7.0,1644.6930160140032,1784.7493965039753
1434,28.142857142857142,65.0,8.571428571428571,25.142857142857142,10.714285714285714,11.428571428571429,8.0,7.857142857142857,15.428571428571429,22.857142857142858,55.57142857142857,8.285714285714286,25.285714285714285,6.714285714285714,10.714285714285714,12.714285714285714,4.285714285714286,14.0,9.142857142857142,28.857142857142858,60.57142857142857,7.142857142857143,19.285714285714285,11.285714285714286,13.285714285714286,16.0,7.142857142857143,18.857142857142858,24.0,63.142857142857146,7.0,23.142857142857142,12.714285714285714,10.857142857142858,12.714285714285714,9.0,15.285714285714286,4.714285714285714,1.0,0.5,13.0,4.0,9.0,1638.54742474994,1746.1938222182823
1435,27.666666666666668,60.333333333333336,10.0,25.0,8.0,16.0,13.333333333333334,8.666666666666666,21.333333333333332,20.0,55.0,4.666666666666667,19.666666666666668,10.0,8.333333333333334,18.666666666666668,5.0,20.0,22.666666666666668,32.6,60.6,7.6,20.2,7.2,15.0,12.0,8.0,15.8,27.6,62.4,6.0,20.2,6.6,11.2,12.8,6.4,18.6,20.2,1.0,1.0,16.0,1.0,15.0,1329.733698274841,1583.0554229920665
1436,24.571428571428573,55.714285714285715,7.571428571428571,21.428571428571427,9.428571428571429,13.714285714285714,13.428571428571429,4.428571428571429,17.285714285714285,21.857142857142858,57.42857142857143,5.428571428571429,20.142857142857142,8.428571428571429,8.857142857142858,10.0,6.142857142857143,17.857142857142858,8.428571428571429,27.714285714285715,62.285714285714285,8.428571428571429,25.428571428571427,7.714285714285714,17.285714285714285,9.428571428571429,5.571428571428571,13.571428571428571,26.0,61.57142857142857,7.857142857142857,22.714285714285715,6.714285714285714,13.857142857142858,10.571428571428571,5.428571428571429,15.285714285714286,5.142857142857143,0.75,0.75,15.0,2.0,13.0,1577.32030887563,1755.268056939629
1437,26.0,56.5,6.666666666666667,21.0,6.5,14.333333333333334,10.5,5.833333333333333,16.5,22.833333333333332,58.0,4.833333333333333,20.0,7.166666666666667,9.5,10.833333333333334,6.0,17.833333333333332,11.0,25.0,57.2,6.4,20.6,8.8,13.4,11.0,6.0,14.8,22.6,57.4,6.6,22.2,9.4,11.2,11.8,5.6,16.8,5.6,0.8,1.0,14.0,3.0,11.0,1596.2785377293771,1734.2314523001075
1438,26.142857142857142,58.57142857142857,9.0,22.571428571428573,9.714285714285714,15.0,8.428571428571429,5.857142857142857,12.428571428571429,19.857142857142858,51.285714285714285,6.428571428571429,20.714285714285715,5.714285714285714,11.142857142857142,12.142857142857142,4.285714285714286,12.857142857142858,14.428571428571429,30.5,68.25,8.625,23.625,11.875,11.375,10.125,6.25,18.25,27.375,66.625,7.875,27.125,12.875,13.125,10.375,6.5,17.125,4.125,0.75,0.8,9.0,8.0,1.0,1805.675952922939,1899.3946220472824
1439,28.0,62.142857142857146,6.0,20.142857142857142,11.142857142857142,13.142857142857142,10.0,5.0,18.571428571428573,22.285714285714285,56.285714285714285,5.0,17.571428571428573,8.571428571428571,9.0,12.285714285714286,5.714285714285714,16.714285714285715,11.571428571428571,22.333333333333332,49.5,7.5,21.5,4.5,12.666666666666666,11.0,5.333333333333333,15.166666666666666,22.0,56.0,7.666666666666667,23.833333333333332,9.166666666666666,12.5,11.0,6.166666666666667,16.666666666666668,2.5,0.75,0.25,7.0,10.0,-3.0,1893.980988483837,1962.1170878389332
1440,28.1,60.4,4.6,17.2,10.4,11.7,15.0,7.3,17.2,24.0,61.6,6.8,21.5,8.0,9.6,16.1,6.6,20.6,12.2,25.875,57.375,7.375,18.375,7.875,13.125,8.0,4.25,14.25,24.625,56.875,6.375,17.125,7.125,10.0,9.5,3.375,15.875,5.625,1.0,0.4,16.0,1.0,15.0,1380.681553074817,1669.2718264579246
1441,24.2,54.0,6.8,21.6,7.4,12.8,8.0,5.2,13.2,22.2,52.2,6.2,17.0,5.4,11.4,7.4,5.2,11.6,3.2,30.5,61.666666666666664,8.666666666666666,21.333333333333332,8.666666666666666,18.666666666666668,11.5,6.333333333333333,15.166666666666666,26.5,61.666666666666664,6.666666666666667,23.166666666666668,9.0,11.833333333333334,12.833333333333334,6.0,17.5,10.0,1.0,1.0,4.0,13.0,-9.0,2097.553677948859,2176.130944121435
1442,25.5,58.5,7.833333333333333,22.166666666666668,9.333333333333334,13.166666666666666,12.333333333333334,7.833333333333333,19.0,25.833333333333332,56.333333333333336,5.5,16.0,8.5,10.0,13.666666666666666,5.166666666666667,17.166666666666668,0.16666666666666666,25.142857142857142,57.857142857142854,7.857142857142857,23.0,7.571428571428571,12.142857142857142,11.285714285714286,7.285714285714286,14.285714285714286,26.571428571428573,59.285714285714285,7.0,21.714285714285715,8.571428571428571,12.0,13.0,6.571428571428571,15.857142857142858,-1.1428571428571428,0.5,0.25,9.0,8.0,1.0,1849.168220280488,1912.9395049509028
1443,28.2,57.8,9.4,21.4,6.2,15.6,11.6,4.6,20.0,24.8,60.2,8.0,24.4,7.0,11.0,10.0,4.8,17.8,6.4,27.166666666666668,54.833333333333336,6.5,16.166666666666668,7.0,12.5,12.0,3.6666666666666665,15.833333333333334,26.666666666666668,56.0,7.666666666666667,19.0,5.5,12.333333333333334,8.5,5.833333333333333,16.333333333333332,-1.0,0.5,0.0,6.0,11.0,-5.0,1891.333736763342,1981.2738344274912
1444,26.833333333333332,54.0,7.166666666666667,18.333333333333332,6.666666666666667,11.333333333333334,7.666666666666667,4.666666666666667,11.833333333333334,26.5,55.333333333333336,7.333333333333333,20.5,7.333333333333333,11.333333333333334,8.666666666666666,4.833333333333333,13.333333333333334,3.3333333333333335,26.25,57.5,6.375,18.0,9.875,12.125,11.875,5.25,14.75,24.75,58.625,8.125,18.625,7.75,13.5,10.75,5.375,17.5,2.375,0.5,0.75,11.0,6.0,5.0,1759.7357160091688,1855.976528115841
1445,25.857142857142858,55.714285714285715,5.714285714285714,15.142857142857142,9.0,13.714285714285714,10.0,7.428571428571429,17.142857142857142,22.571428571428573,54.285714285714285,7.857142857142857,22.285714285714285,9.0,12.285714285714286,13.142857142857142,5.285714285714286,17.571428571428573,4.142857142857143,28.666666666666668,60.666666666666664,7.5,22.0,8.666666666666666,15.333333333333334,13.666666666666666,7.166666666666667,16.666666666666668,27.333333333333332,66.0,8.5,24.0,9.333333333333334,12.166666666666666,15.0,6.833333333333333,21.0,9.5,0.5,0.75,6.0,3.0,3.0,1943.2285355985225,2019.1924411731936
1446,24.166666666666668,58.833333333333336,9.0,24.833333333333332,6.666666666666667,13.833333333333334,7.833333333333333,6.333333333333333,17.0,25.166666666666668,54.166666666666664,5.333333333333333,17.666666666666668,7.666666666666667,16.0,11.5,4.166666666666667,15.666666666666666,0.0,28.571428571428573,62.285714285714285,9.428571428571429,25.428571428571427,12.0,14.285714285714286,12.285714285714286,7.142857142857143,18.0,26.428571428571427,55.57142857142857,7.428571428571429,18.857142857142858,9.285714285714286,13.285714285714286,14.285714285714286,5.285714285714286,16.857142857142858,2.857142857142857,0.25,0.8,9.0,1.0,8.0,1921.284055415593,1963.42265023501
1447,24.833333333333332,58.166666666666664,5.833333333333333,21.166666666666668,6.166666666666667,12.5,12.5,7.333333333333333,19.333333333333332,24.166666666666668,57.166666666666664,5.833333333333333,20.166666666666668,9.666666666666666,14.5,12.166666666666666,7.833333333333333,15.0,-3.8333333333333335,30.0,61.857142857142854,10.714285714285714,27.285714285714285,10.714285714285714,17.0,7.857142857142857,7.142857142857143,17.142857142857142,20.142857142857142,53.0,6.142857142857143,20.714285714285715,6.857142857142857,11.142857142857142,12.142857142857142,4.714285714285714,15.142857142857142,25.0,0.5,1.0,10.0,2.0,8.0,1883.5840082349523,1942.3807535498584
1448,29.555555555555557,60.333333333333336,5.333333333333333,15.666666666666666,11.0,15.666666666666666,11.88888888888889,6.111111111111111,17.88888888888889,25.333333333333332,60.0,6.222222222222222,19.11111111111111,6.333333333333333,11.444444444444445,10.88888888888889,6.222222222222222,21.0,11.88888888888889,24.8,52.2,7.2,20.4,7.2,15.6,11.2,8.0,12.4,21.2,49.6,6.8,16.0,4.8,8.6,12.6,6.2,13.4,13.0,1.0,1.0,1.0,8.0,-7.0,2047.898591748654,2099.3560299302176
1449,23.571428571428573,51.714285714285715,6.285714285714286,18.285714285714285,7.142857142857143,10.285714285714286,14.714285714285714,6.571428571428571,15.714285714285714,23.571428571428573,57.57142857142857,6.428571428571429,24.285714285714285,9.571428571428571,12.428571428571429,12.857142857142858,7.571428571428571,16.857142857142858,1.2857142857142858,28.833333333333332,59.666666666666664,10.5,27.0,4.166666666666667,12.166666666666666,10.5,6.666666666666667,18.333333333333332,26.666666666666668,64.33333333333333,7.833333333333333,20.166666666666668,11.166666666666666,12.833333333333334,12.666666666666666,4.833333333333333,17.166666666666668,9.0,0.25,1.0,7.0,15.0,-8.0,1894.617209442052,1972.9332542580069
1450,29.0,57.75,5.75,17.25,9.125,12.625,17.0,6.625,16.25,28.375,64.25,7.75,23.375,10.5,13.5,13.125,10.0,17.875,1.75,25.125,53.625,6.75,18.75,8.875,13.0,10.75,5.875,17.5,23.625,50.5,6.875,20.5,7.625,11.375,12.125,4.125,16.0,2.25,0.6666666666666666,0.8,4.0,12.0,-8.0,2008.474853397748,2074.715120813279
1451,24.428571428571427,58.142857142857146,7.142857142857143,21.857142857142858,11.571428571428571,12.857142857142858,12.0,9.571428571428571,16.285714285714285,26.857142857142858,57.285714285714285,7.571428571428571,21.571428571428573,10.571428571428571,14.428571428571429,16.0,6.285714285714286,21.142857142857142,4.0,27.0,61.714285714285715,9.285714285714286,25.285714285714285,10.857142857142858,14.428571428571429,8.714285714285714,7.571428571428571,14.0,26.428571428571427,61.142857142857146,8.857142857142858,25.714285714285715,12.285714285714286,19.428571428571427,11.857142857142858,5.285714285714286,13.857142857142858,2.4285714285714284,0.25,0.75,3.0,11.0,-8.0,1956.010837976913,2032.3524138645016
1452,23.375,52.875,7.25,18.5,7.125,12.25,11.625,6.5,15.625,20.5,51.125,6.0,17.125,7.0,8.875,12.625,5.875,13.75,3.625,24.0,57.166666666666664,6.666666666666667,24.833333333333332,7.666666666666667,13.0,8.333333333333334,6.0,15.666666666666666,22.333333333333332,55.833333333333336,7.333333333333333,24.833333333333332,6.0,11.5,11.166666666666666,4.833333333333333,16.833333333333332,4.666666666666667,0.6666666666666666,0.3333333333333333,13.0,5.0,8.0,1653.842803470235,1779.7051852195848
1453,22.333333333333332,49.5,7.5,21.5,4.5,12.666666666666666,11.0,5.333333333333333,15.166666666666666,22.0,56.0,7.666666666666667,23.833333333333332,9.166666666666666,12.5,11.0,6.166666666666667,16.666666666666668,2.5,27.875,67.5,10.0,32.125,12.5,13.75,12.75,8.875,18.5,24.625,60.125,5.875,19.875,10.375,11.875,15.125,6.125,16.625,7.375,0.25,1.0,10.0,2.0,8.0,1923.1123735019007,1964.955859512316
1454,30.5,61.666666666666664,8.666666666666666,21.333333333333332,8.666666666666666,18.666666666666668,11.5,6.333333333333333,15.166666666666666,26.5,61.666666666666664,6.666666666666667,23.166666666666668,9.0,11.833333333333334,12.833333333333334,6.0,17.5,10.0,26.428571428571427,59.714285714285715,9.857142857142858,27.142857142857142,7.428571428571429,15.571428571428571,10.0,6.571428571428571,15.0,24.857142857142858,58.714285714285715,6.857142857142857,23.285714285714285,7.285714285714286,13.571428571428571,10.571428571428571,6.142857142857143,14.571428571428571,4.714285714285714,1.0,0.6,13.0,5.0,8.0,1691.3584099724644,1809.5039608756465
1455,24.0,53.857142857142854,6.857142857142857,18.714285714285715,8.857142857142858,11.0,9.857142857142858,5.142857142857143,15.285714285714286,22.285714285714285,53.57142857142857,6.714285714285714,19.142857142857142,7.857142857142857,10.285714285714286,11.142857142857142,3.7142857142857144,17.142857142857142,6.857142857142857,28.857142857142858,60.57142857142857,7.142857142857143,19.285714285714285,11.285714285714286,13.285714285714286,16.0,7.142857142857143,18.857142857142858,24.0,63.142857142857146,7.0,23.142857142857142,12.714285714285714,10.857142857142858,12.714285714285714,9.0,15.285714285714286,4.714285714285714,0.75,0.5,5.0,4.0,1.0,1915.3970248536143,1999.4625647898808
1456,25.142857142857142,57.857142857142854,7.857142857142857,23.0,7.571428571428571,12.142857142857142,11.285714285714286,7.285714285714286,14.285714285714286,26.571428571428573,59.285714285714285,7.0,21.714285714285715,8.571428571428571,12.0,13.0,6.571428571428571,15.857142857142858,-1.1428571428571428,32.6,60.6,7.6,20.2,7.2,15.0,12.0,8.0,15.8,27.6,62.4,6.0,20.2,6.6,11.2,12.8,6.4,18.6,20.2,0.25,1.0,8.0,1.0,7.0,1919.141903186433,1992.447693068225
1457,30.5,68.25,8.625,23.625,11.875,11.375,10.125,6.25,18.25,27.375,66.625,7.875,27.125,12.875,13.125,10.375,6.5,17.125,4.125,25.875,57.375,7.375,18.375,7.875,13.125,8.0,4.25,14.25,24.625,56.875,6.375,17.125,7.125,10.0,9.5,3.375,15.875,5.625,0.8,0.4,8.0,1.0,7.0,1939.0627305722087,2016.4126552884056
1458,27.714285714285715,62.285714285714285,8.428571428571429,25.428571428571427,7.714285714285714,17.285714285714285,9.428571428571429,5.571428571428571,13.571428571428571,26.0,61.57142857142857,7.857142857142857,22.714285714285715,6.714285714285714,13.857142857142858,10.571428571428571,5.428571428571429,15.285714285714286,5.142857142857143,27.22222222222222,55.0,9.222222222222221,21.333333333333332,6.888888888888889,13.11111111111111,9.11111111111111,6.888888888888889,13.666666666666666,26.333333333333332,54.55555555555556,7.555555555555555,20.0,7.666666666666667,15.0,12.11111111111111,3.888888888888889,15.11111111111111,4.666666666666667,0.75,0.8,2.0,7.0,-5.0,1992.4779127396637,2048.945133764158
1459,28.666666666666668,60.0,9.666666666666666,21.833333333333332,9.666666666666666,20.0,14.333333333333334,9.333333333333334,18.666666666666668,23.666666666666668,54.833333333333336,5.833333333333333,20.0,6.666666666666667,11.333333333333334,14.833333333333334,8.666666666666666,16.666666666666668,15.833333333333334,27.166666666666668,54.833333333333336,6.5,16.166666666666668,7.0,12.5,12.0,3.6666666666666665,15.833333333333334,26.666666666666668,56.0,7.666666666666667,19.0,5.5,12.333333333333334,8.5,5.833333333333333,16.333333333333332,-1.0,1.0,0.0,14.0,11.0,3.0,1605.364319367765,1731.3360613732575
1460,25.0,57.2,6.4,20.6,8.8,13.4,11.0,6.0,14.8,22.6,57.4,6.6,22.2,9.4,11.2,11.8,5.6,16.8,5.6,26.25,57.5,6.375,18.0,9.875,12.125,11.875,5.25,14.75,24.75,58.625,8.125,18.625,7.75,13.5,10.75,5.375,17.5,2.375,1.0,0.75,3.0,6.0,-3.0,2098.915256072788,2173.482848369474
1461,28.833333333333332,59.666666666666664,10.5,27.0,4.166666666666667,12.166666666666666,10.5,6.666666666666667,18.333333333333332,26.666666666666668,64.33333333333333,7.833333333333333,20.166666666666668,11.166666666666666,12.833333333333334,12.666666666666666,4.833333333333333,17.166666666666668,9.0,28.666666666666668,60.666666666666664,7.5,22.0,8.666666666666666,15.333333333333334,13.666666666666666,7.166666666666667,16.666666666666668,27.333333333333332,66.0,8.5,24.0,9.333333333333334,12.166666666666666,15.0,6.833333333333333,21.0,9.5,1.0,0.75,15.0,3.0,12.0,1569.1201969282904,1676.087596815758
1462,24.0,57.166666666666664,6.666666666666667,24.833333333333332,7.666666666666667,13.0,8.333333333333334,6.0,15.666666666666666,22.333333333333332,55.833333333333336,7.333333333333333,24.833333333333332,6.0,11.5,11.166666666666666,4.833333333333333,16.833333333333332,4.666666666666667,28.571428571428573,62.285714285714285,9.428571428571429,25.428571428571427,12.0,14.285714285714286,12.285714285714286,7.142857142857143,18.0,26.428571428571427,55.57142857142857,7.428571428571429,18.857142857142858,9.285714285714286,13.285714285714286,14.285714285714286,5.285714285714286,16.857142857142858,2.857142857142857,0.3333333333333333,0.8,5.0,1.0,4.0,2027.33288856117,2073.0966307472736
1463,27.0,61.714285714285715,9.285714285714286,25.285714285714285,10.857142857142858,14.428571428571429,8.714285714285714,7.571428571428571,14.0,26.428571428571427,61.142857142857146,8.857142857142858,25.714285714285715,12.285714285714286,19.428571428571427,11.857142857142858,5.285714285714286,13.857142857142858,2.4285714285714284,30.0,61.857142857142854,10.714285714285714,27.285714285714285,10.714285714285714,17.0,7.857142857142857,7.142857142857143,17.142857142857142,20.142857142857142,53.0,6.142857142857143,20.714285714285715,6.857142857142857,11.142857142857142,12.142857142857142,4.714285714285714,15.142857142857142,25.0,0.75,1.0,11.0,2.0,9.0,1937.051354703796,2021.496085708783
1464,24.8,52.2,7.2,20.4,7.2,15.6,11.2,8.0,12.4,21.2,49.6,6.8,16.0,4.8,8.6,12.6,6.2,13.4,13.0,25.125,53.625,6.75,18.75,8.875,13.0,10.75,5.875,17.5,23.625,50.5,6.875,20.5,7.625,11.375,12.125,4.125,16.0,2.25,1.0,0.8,8.0,12.0,-4.0,1860.1876918424884,1964.9735666691256
1465,26.428571428571427,59.714285714285715,9.857142857142858,27.142857142857142,7.428571428571429,15.571428571428571,10.0,6.571428571428571,15.0,24.857142857142858,58.714285714285715,6.857142857142857,23.285714285714285,7.285714285714286,13.571428571428571,10.571428571428571,6.142857142857143,14.571428571428571,4.714285714285714,32.6,60.6,7.6,20.2,7.2,15.0,12.0,8.0,15.8,27.6,62.4,6.0,20.2,6.6,11.2,12.8,6.4,18.6,20.2,0.6,1.0,5.0,1.0,4.0,2006.5343763804449,2049.751997501054
1466,28.857142857142858,60.57142857142857,7.142857142857143,19.285714285714285,11.285714285714286,13.285714285714286,16.0,7.142857142857143,18.857142857142858,24.0,63.142857142857146,7.0,23.142857142857142,12.714285714285714,10.857142857142858,12.714285714285714,9.0,15.285714285714286,4.714285714285714,25.875,57.375,7.375,18.375,7.875,13.125,8.0,4.25,14.25,24.625,56.875,6.375,17.125,7.125,10.0,9.5,3.375,15.875,5.625,0.5,0.4,4.0,1.0,3.0,2060.785250574618,2144.6101075973643
1467,27.875,67.5,10.0,32.125,12.5,13.75,12.75,8.875,18.5,24.625,60.125,5.875,19.875,10.375,11.875,15.125,6.125,16.625,7.375,27.166666666666668,54.833333333333336,6.5,16.166666666666668,7.0,12.5,12.0,3.6666666666666665,15.833333333333334,26.666666666666668,56.0,7.666666666666667,19.0,5.5,12.333333333333334,8.5,5.833333333333333,16.333333333333332,-1.0,1.0,0.0,2.0,11.0,-9.0,2014.5376303179305,2105.2887751216986
1468,27.22222222222222,55.0,9.222222222222221,21.333333333333332,6.888888888888889,13.11111111111111,9.11111111111111,6.888888888888889,13.666666666666666,26.333333333333332,54.55555555555556,7.555555555555555,20.0,7.666666666666667,15.0,12.11111111111111,3.888888888888889,15.11111111111111,4.666666666666667,26.25,57.5,6.375,18.0,9.875,12.125,11.875,5.25,14.75,24.75,58.625,8.125,18.625,7.75,13.5,10.75,5.375,17.5,2.375,0.8,0.75,7.0,6.0,1.0,1993.5483003812008,2066.183920730949
1469,28.666666666666668,60.666666666666664,7.5,22.0,8.666666666666666,15.333333333333334,13.666666666666666,7.166666666666667,16.666666666666668,27.333333333333332,66.0,8.5,24.0,9.333333333333334,12.166666666666666,15.0,6.833333333333333,21.0,9.5,28.571428571428573,62.285714285714285,9.428571428571429,25.428571428571427,12.0,14.285714285714286,12.285714285714286,7.142857142857143,18.0,26.428571428571427,55.57142857142857,7.428571428571429,18.857142857142858,9.285714285714286,13.285714285714286,14.285714285714286,5.285714285714286,16.857142857142858,2.857142857142857,0.75,0.8,3.0,1.0,2.0,1970.9953203451853,1911.042456746592
1470,25.125,53.625,6.75,18.75,8.875,13.0,10.75,5.875,17.5,23.625,50.5,6.875,20.5,7.625,11.375,12.125,4.125,16.0,2.25,30.0,61.857142857142854,10.714285714285714,27.285714285714285,10.714285714285714,17.0,7.857142857142857,7.142857142857143,17.142857142857142,20.142857142857142,53.0,6.142857142857143,20.714285714285715,6.857142857142857,11.142857142857142,12.142857142857142,4.714285714285714,15.142857142857142,25.0,0.8,1.0,12.0,2.0,10.0,1890.1441337480496,1968.26608068742
1471,26.25,57.5,6.375,18.0,9.875,12.125,11.875,5.25,14.75,24.75,58.625,8.125,18.625,7.75,13.5,10.75,5.375,17.5,2.375,32.6,60.6,7.6,20.2,7.2,15.0,12.0,8.0,15.8,27.6,62.4,6.0,20.2,6.6,11.2,12.8,6.4,18.6,20.2,0.75,1.0,6.0,1.0,5.0,1965.685342932429,2051.055652103625
1472,25.875,57.375,7.375,18.375,7.875,13.125,8.0,4.25,14.25,24.625,56.875,6.375,17.125,7.125,10.0,9.5,3.375,15.875,5.625,27.166666666666668,54.833333333333336,6.5,16.166666666666668,7.0,12.5,12.0,3.6666666666666665,15.833333333333334,26.666666666666668,56.0,7.666666666666667,19.0,5.5,12.333333333333334,8.5,5.833333333333333,16.333333333333332,-1.0,0.4,0.0,1.0,11.0,-10.0,2077.097241615504,2066.300847869778
1473,30.0,61.857142857142854,10.714285714285714,27.285714285714285,10.714285714285714,17.0,7.857142857142857,7.142857142857143,17.142857142857142,20.142857142857142,53.0,6.142857142857143,20.714285714285715,6.857142857142857,11.142857142857142,12.142857142857142,4.714285714285714,15.142857142857142,25.0,28.571428571428573,62.285714285714285,9.428571428571429,25.428571428571427,12.0,14.285714285714286,12.285714285714286,7.142857142857143,18.0,26.428571428571427,55.57142857142857,7.428571428571429,18.857142857142858,9.285714285714286,13.285714285714286,14.285714285714286,5.285714285714286,16.857142857142858,2.857142857142857,1.0,0.8,2.0,1.0,1.0,2048.299798241915,2119.748648907984
1474,27.166666666666668,54.833333333333336,6.5,16.166666666666668,7.0,12.5,12.0,3.6666666666666665,15.833333333333334,26.666666666666668,56.0,7.666666666666667,19.0,5.5,12.333333333333334,8.5,5.833333333333333,16.333333333333332,-1.0,32.6,60.6,7.6,20.2,7.2,15.0,12.0,8.0,15.8,27.6,62.4,6.0,20.2,6.6,11.2,12.8,6.4,18.6,20.2,0.0,1.0,11.0,1.0,10.0,1933.1339061775695,2037.4154257126809
1475,32.6,60.6,7.6,20.2,7.2,15.0,12.0,8.0,15.8,27.6,62.4,6.0,20.2,6.6,11.2,12.8,6.4,18.6,20.2,28.571428571428573,62.285714285714285,9.428571428571429,25.428571428571427,12.0,14.285714285714286,12.285714285714286,7.142857142857143,18.0,26.428571428571427,55.57142857142857,7.428571428571429,18.857142857142858,9.285714285714286,13.285714285714286,14.285714285714286,5.285714285714286,16.857142857142858,2.857142857142857,1.0,0.8,1.0,1.0,0.0,2242.860390253344,2325.6013068959223
1476,26.375,57.0,6.0,17.25,6.375,15.625,9.625,5.875,17.125,24.125,56.125,9.375,24.5,7.0,13.125,10.875,5.5,15.125,0.375,22.375,56.125,8.0,25.375,8.125,11.375,10.875,4.75,15.5,22.625,55.375,7.5,21.125,6.875,10.75,10.875,6.25,17.75,0.125,0.4,0.4,12.0,12.0,0.0,1866.4214893237693,1813.742456281028
1477,27.375,58.625,6.0,17.75,9.125,11.0,13.0,6.25,17.0,22.25,59.875,4.875,17.375,9.25,8.5,11.75,7.625,16.75,10.375,26.0,58.0,6.125,17.5,10.5,14.875,13.25,7.0,18.75,21.625,56.25,7.625,26.875,7.75,11.375,12.25,7.0,18.125,6.5,0.8,0.8,16.0,16.0,0.0,1381.1488217130463,1648.533945586233
1478,27.5,56.166666666666664,10.666666666666666,24.833333333333332,5.5,16.5,10.166666666666666,3.6666666666666665,13.0,26.333333333333332,62.333333333333336,6.333333333333333,22.333333333333332,7.666666666666667,10.5,7.333333333333333,6.0,15.333333333333334,8.666666666666666,25.5,55.833333333333336,5.166666666666667,16.666666666666668,6.0,12.0,9.333333333333334,6.166666666666667,16.833333333333332,23.833333333333332,54.333333333333336,7.166666666666667,21.833333333333332,6.666666666666667,12.0,9.166666666666666,4.833333333333333,14.666666666666666,-5.333333333333333,0.3333333333333333,0.6666666666666666,11.0,11.0,0.0,1893.2580393769952,1958.233819910224
1479,27.166666666666668,57.666666666666664,5.833333333333333,17.5,9.666666666666666,14.666666666666666,10.666666666666666,5.666666666666667,14.833333333333334,25.166666666666668,55.0,5.833333333333333,18.0,7.833333333333333,8.333333333333334,11.666666666666666,6.333333333333333,18.833333333333332,7.666666666666667,28.333333333333332,60.0,8.833333333333334,25.166666666666668,9.5,13.0,13.333333333333334,6.833333333333333,15.5,25.833333333333332,65.5,6.166666666666667,20.666666666666668,8.5,11.666666666666666,11.5,7.833333333333333,18.0,13.166666666666666,1.0,1.0,16.0,16.0,0.0,1560.5429347259844,1691.232724407823
1480,24.142857142857142,58.0,5.857142857142857,20.857142857142858,9.0,11.714285714285714,11.571428571428571,6.142857142857143,17.428571428571427,24.285714285714285,59.57142857142857,6.571428571428571,20.571428571428573,8.857142857142858,13.714285714285714,12.0,7.428571428571429,20.142857142857142,1.5714285714285714,29.428571428571427,60.285714285714285,8.428571428571429,25.0,7.714285714285714,16.714285714285715,8.285714285714286,6.142857142857143,14.142857142857142,19.714285714285715,54.714285714285715,4.857142857142857,16.571428571428573,5.428571428571429,8.285714285714286,10.571428571428571,5.285714285714286,15.857142857142858,24.857142857142858,0.5,1.0,4.0,13.0,-9.0,1997.8090850281335,2036.7916153781036
1481,25.0,58.5,5.666666666666667,20.5,8.833333333333334,13.333333333333334,9.166666666666666,6.5,14.333333333333334,25.833333333333332,60.666666666666664,6.166666666666667,21.833333333333332,9.833333333333334,16.333333333333332,11.0,4.666666666666667,18.666666666666668,5.166666666666667,26.0,54.875,7.75,21.75,8.375,13.125,13.625,5.25,16.125,21.625,58.625,6.625,25.125,8.625,11.375,12.125,6.125,18.75,13.25,0.6666666666666666,1.0,1.0,16.0,-15.0,2146.078974547604,2205.098222271708
1482,25.75,57.5,6.375,22.0,8.375,12.375,11.875,5.25,11.5,26.5,64.25,6.75,22.375,8.625,10.25,8.75,6.5,15.25,1.5,23.22222222222222,52.888888888888886,6.555555555555555,16.444444444444443,8.666666666666666,10.88888888888889,12.222222222222221,6.222222222222222,18.666666666666668,19.333333333333332,50.666666666666664,6.444444444444445,20.333333333333332,7.444444444444445,9.777777777777779,11.777777777777779,6.222222222222222,16.666666666666668,6.777777777777778,0.6,0.8333333333333334,9.0,8.0,1.0,1975.22290163916,2029.0465845797617
1483,29.0,59.2,7.6,19.8,6.6,14.0,11.0,5.8,15.8,25.8,60.8,7.8,19.8,6.4,10.2,10.2,6.6,16.4,8.2,24.333333333333332,58.666666666666664,7.5,19.666666666666668,10.0,15.833333333333334,10.166666666666666,7.833333333333333,14.666666666666666,22.833333333333332,56.666666666666664,6.666666666666667,19.5,9.0,9.166666666666666,12.5,5.333333333333333,16.166666666666668,7.5,1.0,1.0,1.0,16.0,-15.0,2192.2237093134954,2275.233518985815
1484,26.555555555555557,59.111111111111114,6.888888888888889,19.555555555555557,8.88888888888889,14.333333333333334,10.88888888888889,6.222222222222222,17.22222222222222,24.88888888888889,61.0,6.111111111111111,19.666666666666668,10.222222222222221,12.555555555555555,11.0,5.777777777777778,17.77777777777778,7.666666666666667,27.375,58.625,6.0,17.75,9.125,11.0,13.0,6.25,17.0,22.25,59.875,4.875,17.375,9.25,8.5,11.75,7.625,16.75,10.375,0.8333333333333334,0.8,1.0,16.0,-15.0,2116.979343722186,2173.7159495807928
1485,25.75,55.625,4.875,13.875,11.5,16.0,15.0,9.625,16.875,23.375,57.125,7.25,24.0,9.625,14.125,13.25,9.625,18.125,6.25,23.875,50.375,6.75,18.75,7.0,11.125,11.0,6.75,15.375,24.25,53.375,6.25,18.625,7.625,12.125,12.25,6.125,20.25,4.375,0.8,0.8,9.0,8.0,1.0,1889.0984379479028,1958.275365053632
1486,27.571428571428573,60.0,6.285714285714286,19.142857142857142,7.714285714285714,12.857142857142858,10.571428571428571,5.714285714285714,14.571428571428571,28.142857142857142,57.57142857142857,7.0,16.285714285714285,5.428571428571429,11.285714285714286,9.714285714285714,6.142857142857143,15.428571428571429,-0.8571428571428571,22.0,50.333333333333336,6.166666666666667,20.333333333333332,5.833333333333333,10.833333333333334,9.666666666666666,6.166666666666667,15.333333333333334,22.333333333333332,51.833333333333336,6.666666666666667,22.166666666666668,7.666666666666667,13.333333333333334,10.333333333333334,5.166666666666667,16.833333333333332,-0.6666666666666666,0.5,0.6666666666666666,11.0,6.0,5.0,1944.371602459431,1953.2528334985936
1487,26.2,58.6,8.2,22.2,10.2,10.6,10.8,6.2,15.8,23.0,53.6,7.8,22.6,5.4,11.2,11.0,6.0,16.2,11.0,27.6,60.6,10.6,25.8,8.0,13.0,10.4,7.2,19.6,27.0,56.4,5.0,16.4,6.0,11.6,12.8,5.2,18.8,7.0,1.0,0.5,7.0,10.0,-3.0,1673.5783022367616,1828.4646435271736
1488,24.428571428571427,55.285714285714285,8.285714285714286,23.571428571428573,10.428571428571429,14.142857142857142,12.857142857142858,5.714285714285714,14.857142857142858,21.714285714285715,55.714285714285715,6.714285714285714,22.142857142857142,8.142857142857142,10.428571428571429,11.428571428571429,6.857142857142857,16.714285714285715,8.571428571428571,25.857142857142858,58.57142857142857,7.142857142857143,19.142857142857142,11.142857142857142,12.428571428571429,10.142857142857142,3.7142857142857144,14.428571428571429,23.285714285714285,55.57142857142857,7.428571428571429,21.0,6.714285714285714,9.714285714285714,8.428571428571429,7.428571428571429,15.142857142857142,4.857142857142857,0.75,0.5,12.0,5.0,7.0,1714.7680202371096,1861.3094800213928
1489,26.571428571428573,60.285714285714285,7.428571428571429,24.857142857142858,8.714285714285714,15.0,10.285714285714286,5.714285714285714,11.857142857142858,26.285714285714285,61.57142857142857,7.142857142857143,22.285714285714285,5.571428571428571,11.857142857142858,9.285714285714286,5.571428571428571,14.285714285714286,7.714285714285714,28.4,61.2,7.2,23.2,5.6,11.6,14.0,7.8,17.0,28.0,61.0,6.2,20.4,8.8,16.6,13.6,9.0,14.6,-1.4,0.75,0.3333333333333333,8.0,9.0,-1.0,1981.329209394629,1922.580714601404
1490,25.166666666666668,60.333333333333336,9.166666666666666,26.0,9.833333333333334,13.5,9.333333333333334,4.333333333333333,17.5,25.166666666666668,60.833333333333336,6.0,21.166666666666668,9.833333333333334,9.666666666666666,8.5,6.0,18.833333333333332,0.6666666666666666,30.666666666666668,59.333333333333336,7.5,17.5,6.5,12.0,7.666666666666667,5.0,14.5,28.333333333333332,62.333333333333336,8.666666666666666,24.833333333333332,7.166666666666667,10.333333333333334,9.833333333333334,3.1666666666666665,19.166666666666668,11.833333333333334,0.3333333333333333,1.0,4.0,13.0,-9.0,1997.45892749796,2043.151148428581
1491,22.875,52.25,6.375,19.375,5.0,11.25,9.125,7.125,14.75,24.625,55.625,5.625,19.5,7.0,10.5,10.75,5.375,16.125,3.5,29.3,62.4,10.7,25.7,10.5,15.4,9.4,6.2,16.0,26.9,60.9,6.6,20.2,9.9,14.9,10.9,5.4,17.4,13.7,0.6666666666666666,0.8571428571428571,12.0,5.0,7.0,1791.3024833026464,1874.3409302718155
1492,26.6,55.8,5.8,16.8,4.8,10.4,9.8,7.0,16.0,24.4,56.8,5.0,14.4,6.4,7.6,10.8,6.0,14.4,3.8,26.375,57.0,6.0,17.25,6.375,15.625,9.625,5.875,17.125,24.125,56.125,9.375,24.5,7.0,13.125,10.875,5.5,15.125,0.375,0.5,0.4,5.0,12.0,-7.0,1903.477451073377,2005.879383704732
1493,24.375,52.875,5.0,16.0,8.75,10.75,11.625,6.5,18.5,17.75,52.5,5.5,18.75,7.0,8.125,11.375,6.5,19.0,11.0,28.428571428571427,58.857142857142854,4.857142857142857,14.857142857142858,10.428571428571429,13.142857142857142,9.428571428571429,5.857142857142857,13.714285714285714,26.0,59.57142857142857,7.857142857142857,23.571428571428573,8.857142857142858,11.857142857142858,9.714285714285714,5.571428571428571,17.428571428571427,4.285714285714286,1.0,0.75,15.0,2.0,13.0,1503.9869425945635,1646.8289160655384
1494,23.5,57.375,8.125,20.375,9.875,13.875,12.5,7.5,18.5,20.75,57.375,5.5,21.625,9.375,10.375,11.75,6.5,17.25,7.5,24.5,54.666666666666664,8.833333333333334,18.833333333333332,9.5,13.666666666666666,11.5,6.833333333333333,13.0,24.5,56.5,7.5,25.0,6.166666666666667,11.333333333333334,11.5,6.166666666666667,17.666666666666668,9.666666666666666,1.0,1.0,3.0,14.0,-11.0,2039.0518489196647,2081.0785745444327
1495,27.0,59.111111111111114,6.333333333333333,17.666666666666668,9.666666666666666,13.333333333333334,7.777777777777778,6.888888888888889,16.11111111111111,22.444444444444443,52.55555555555556,6.111111111111111,18.88888888888889,5.888888888888889,10.555555555555555,12.0,3.7777777777777777,16.22222222222222,11.555555555555555,24.875,51.375,8.25,20.75,7.25,11.125,9.625,7.125,14.875,23.0,53.25,6.5,20.5,7.25,9.25,11.625,4.875,18.25,11.375,0.8,1.0,4.0,13.0,-9.0,1987.6134926239752,2063.419451716476
1496,29.333333333333332,56.77777777777778,8.11111111111111,19.88888888888889,7.333333333333333,18.77777777777778,12.0,6.555555555555555,16.444444444444443,27.77777777777778,63.333333333333336,7.777777777777778,21.333333333333332,8.777777777777779,12.333333333333334,11.555555555555555,6.888888888888889,19.88888888888889,9.88888888888889,27.166666666666668,57.666666666666664,5.833333333333333,17.5,9.666666666666666,14.666666666666666,10.666666666666666,5.666666666666667,14.833333333333334,25.166666666666668,55.0,5.833333333333333,18.0,7.833333333333333,8.333333333333334,11.666666666666666,6.333333333333333,18.833333333333332,7.666666666666667,1.0,1.0,1.0,16.0,-15.0,2042.8854761171624,2004.2751207773167
1497,24.166666666666668,61.166666666666664,8.0,24.666666666666668,9.333333333333334,14.0,12.5,9.0,17.666666666666668,23.0,59.833333333333336,6.333333333333333,19.0,12.166666666666666,11.666666666666666,14.833333333333334,8.5,18.166666666666668,4.333333333333333,26.8,52.6,8.2,24.2,6.6,15.2,10.8,5.4,13.0,21.6,55.8,9.0,29.0,8.6,8.6,9.2,6.0,13.4,10.6,0.6666666666666666,0.5,2.0,15.0,-13.0,1983.6232685217155,2054.5236459642583
1498,30.25,59.25,8.875,23.625,8.125,16.375,8.5,4.75,12.875,28.5,61.5,8.0,21.625,8.25,15.625,8.125,5.625,15.0,7.75,26.0,54.125,6.125,16.5,7.875,12.5,11.375,7.875,15.125,24.25,53.625,8.5,21.0,7.625,13.625,13.625,5.0,18.375,4.5,0.6,0.8,2.0,15.0,-13.0,2042.864410786754,2109.673006226999
1499,27.666666666666668,59.22222222222222,7.222222222222222,22.666666666666668,12.444444444444445,18.666666666666668,10.88888888888889,8.11111111111111,17.666666666666668,20.666666666666668,52.111111111111114,5.777777777777778,20.77777777777778,7.444444444444445,11.333333333333334,12.11111111111111,6.444444444444445,16.77777777777778,13.666666666666666,27.0,58.25,8.625,20.125,9.375,11.75,12.875,7.75,17.0,25.0,59.375,6.625,23.375,7.75,10.375,11.625,6.625,17.625,8.375,0.8333333333333334,1.0,5.0,12.0,-7.0,2048.490132247006,2114.8300892434004
1500,25.833333333333332,58.5,9.166666666666666,23.5,8.833333333333334,14.5,8.666666666666666,5.0,16.666666666666668,26.833333333333332,57.333333333333336,6.333333333333333,17.333333333333332,6.0,12.333333333333334,9.833333333333334,4.5,18.666666666666668,2.5,27.166666666666668,59.0,7.666666666666667,23.833333333333332,10.0,12.166666666666666,10.333333333333334,6.333333333333333,15.166666666666666,24.833333333333332,55.333333333333336,8.166666666666666,24.0,5.5,9.666666666666666,10.666666666666666,6.333333333333333,13.666666666666666,7.166666666666667,0.6666666666666666,1.0,4.0,13.0,-9.0,2013.492108829072,2029.683220541761
1501,23.5,51.666666666666664,7.0,21.0,5.833333333333333,16.666666666666668,13.166666666666666,7.666666666666667,18.0,23.833333333333332,51.166666666666664,6.166666666666667,19.5,8.5,12.5,14.5,7.5,16.5,-5.0,24.857142857142858,57.57142857142857,6.142857142857143,21.285714285714285,9.0,13.571428571428571,12.428571428571429,10.428571428571429,19.571428571428573,23.285714285714285,54.714285714285715,6.0,22.142857142857142,10.857142857142858,11.857142857142858,15.714285714285714,6.714285714285714,17.285714285714285,1.5714285714285714,0.0,0.5,11.0,6.0,5.0,1801.3467097891876,1853.0242767400723
1502,23.5,51.666666666666664,7.0,21.0,5.833333333333333,16.666666666666668,13.166666666666666,7.666666666666667,18.0,23.833333333333332,51.166666666666664,6.166666666666667,19.5,8.5,12.5,14.5,7.5,16.5,-5.0,24.857142857142858,57.57142857142857,6.142857142857143,21.285714285714285,9.0,13.571428571428571,12.428571428571429,10.428571428571429,19.571428571428573,23.285714285714285,54.714285714285715,6.0,22.142857142857142,10.857142857142858,11.857142857142858,15.714285714285714,6.714285714285714,17.285714285714285,1.5714285714285714,0.0,0.5,11.0,6.0,5.0,1801.3467097891876,1873.6856821515607
1503,29.857142857142858,59.142857142857146,6.857142857142857,18.857142857142858,6.857142857142857,15.571428571428571,9.142857142857142,9.285714285714286,15.857142857142858,26.428571428571427,54.857142857142854,6.428571428571429,18.857142857142858,8.857142857142858,14.142857142857142,13.428571428571429,4.571428571428571,12.857142857142858,4.142857142857143,25.0,57.285714285714285,6.714285714285714,17.857142857142858,9.285714285714286,10.714285714285714,13.714285714285714,4.571428571428571,17.571428571428573,26.142857142857142,60.285714285714285,8.142857142857142,20.285714285714285,7.428571428571429,13.142857142857142,8.285714285714286,8.285714285714286,17.285714285714285,-3.857142857142857,0.75,0.25,10.0,7.0,3.0,1885.4183102905408,1947.1957050911976
1504,26.77777777777778,59.333333333333336,7.0,19.333333333333332,8.0,15.666666666666666,10.444444444444445,5.444444444444445,17.88888888888889,26.333333333333332,58.111111111111114,7.666666666666667,22.444444444444443,7.666666666666667,13.333333333333334,9.444444444444445,5.666666666666667,15.666666666666666,-4.555555555555555,25.375,54.375,9.0,22.75,6.125,14.25,9.0,3.75,14.75,21.0,54.125,7.125,22.875,5.875,10.875,10.625,4.125,19.125,12.75,0.5,0.6,7.0,10.0,-3.0,1950.6439230603205,1995.90408489096
1505,27.5,56.166666666666664,10.666666666666666,24.833333333333332,5.5,16.5,10.166666666666666,3.6666666666666665,13.0,26.333333333333332,62.333333333333336,6.333333333333333,22.333333333333332,7.666666666666667,10.5,7.333333333333333,6.0,15.333333333333334,8.666666666666666,25.666666666666668,61.666666666666664,10.333333333333334,33.166666666666664,12.0,15.166666666666666,16.333333333333332,7.333333333333333,19.833333333333332,26.833333333333332,57.666666666666664,7.666666666666667,19.666666666666668,8.833333333333334,13.333333333333334,13.333333333333334,10.166666666666666,16.833333333333332,-2.1666666666666665,0.3333333333333333,0.0,11.0,6.0,5.0,1908.9788526984144,1972.0096711229653
1506,24.375,53.125,6.75,19.25,7.25,8.375,10.625,3.875,17.25,26.125,59.625,8.125,20.875,9.0,12.0,7.875,6.125,17.75,-2.5,24.571428571428573,53.857142857142854,8.428571428571429,22.857142857142858,8.571428571428571,13.857142857142858,13.857142857142858,9.0,20.571428571428573,19.285714285714285,51.42857142857143,5.285714285714286,19.571428571428573,7.142857142857143,8.428571428571429,13.142857142857142,7.0,18.857142857142858,13.142857142857142,0.25,1.0,7.0,10.0,-3.0,1911.4137553903445,1912.547844950089
1507,24.857142857142858,54.142857142857146,6.285714285714286,19.142857142857142,9.714285714285714,13.285714285714286,11.428571428571429,3.4285714285714284,14.285714285714286,26.571428571428573,60.0,7.0,22.285714285714285,7.857142857142857,14.857142857142858,7.142857142857143,7.0,19.142857142857142,1.7142857142857142,25.0,56.0,6.166666666666667,18.333333333333332,7.333333333333333,10.166666666666666,12.166666666666666,6.0,15.166666666666666,25.833333333333332,58.166666666666664,7.166666666666667,24.833333333333332,6.5,13.333333333333334,10.833333333333334,8.166666666666666,16.333333333333332,1.6666666666666667,0.6,1.0,3.0,14.0,-11.0,2032.0547727620772,2059.4640840017137
1508,25.444444444444443,54.666666666666664,4.555555555555555,14.222222222222221,9.333333333333334,12.666666666666666,13.666666666666666,6.888888888888889,16.77777777777778,24.666666666666668,55.111111111111114,5.111111111111111,17.11111111111111,8.222222222222221,13.777777777777779,10.333333333333334,6.333333333333333,15.0,-1.5555555555555556,24.571428571428573,59.57142857142857,6.857142857142857,20.285714285714285,9.714285714285714,10.0,10.0,6.571428571428571,15.285714285714286,21.285714285714285,56.714285714285715,6.714285714285714,21.285714285714285,9.571428571428571,9.714285714285714,11.714285714285714,5.857142857142857,14.142857142857142,4.0,0.4,0.75,9.0,8.0,1.0,1874.3205596754444,1936.0788697912872
1509,22.5,55.5,6.166666666666667,20.5,10.0,10.5,11.166666666666666,5.833333333333333,20.333333333333332,22.0,52.333333333333336,5.833333333333333,15.0,8.666666666666666,9.166666666666666,12.166666666666666,6.666666666666667,18.833333333333332,-2.5,26.333333333333332,57.111111111111114,8.555555555555555,24.444444444444443,7.888888888888889,13.88888888888889,10.444444444444445,6.222222222222222,15.777777777777779,23.555555555555557,52.55555555555556,6.0,19.77777777777778,5.444444444444445,13.0,11.11111111111111,6.555555555555555,14.333333333333334,6.777777777777778,0.0,0.8333333333333334,6.0,11.0,-5.0,1951.6347448724955,1992.6818077910489
1510,24.125,51.625,5.125,17.125,7.75,13.0,14.25,7.875,15.0,19.375,51.5,6.375,22.0,7.5,10.375,15.0,8.25,15.25,6.75,26.375,52.5,5.0,15.875,5.75,10.0,12.5,3.625,17.25,24.125,57.0,6.625,20.5,5.875,7.375,11.125,5.5,20.625,8.625,0.6,1.0,3.0,14.0,-11.0,2002.438950375199,1909.870743321028
1511,22.857142857142858,55.142857142857146,9.714285714285714,28.142857142857142,8.428571428571429,10.714285714285714,10.428571428571429,5.571428571428571,14.428571428571429,23.285714285714285,56.857142857142854,7.571428571428571,25.142857142857142,8.857142857142858,12.571428571428571,10.714285714285714,5.142857142857143,15.571428571428571,5.285714285714286,24.5,54.166666666666664,6.0,18.166666666666668,7.0,10.666666666666666,12.333333333333334,7.0,16.166666666666668,23.166666666666668,55.5,5.166666666666667,18.166666666666668,9.666666666666666,7.666666666666667,14.166666666666666,6.833333333333333,19.833333333333332,3.5,1.0,1.0,2.0,15.0,-13.0,2094.3222244005324,2148.294100275996
1512,24.666666666666668,56.666666666666664,6.166666666666667,19.333333333333332,7.333333333333333,10.333333333333334,8.5,5.666666666666667,17.666666666666668,25.0,54.833333333333336,5.0,18.5,6.166666666666667,10.666666666666666,9.166666666666666,4.833333333333333,18.333333333333332,2.6666666666666665,27.285714285714285,54.42857142857143,9.571428571428571,21.857142857142858,6.285714285714286,18.857142857142858,10.0,7.857142857142857,13.142857142857142,23.714285714285715,58.285714285714285,6.714285714285714,19.857142857142858,6.857142857142857,12.857142857142858,11.714285714285714,7.142857142857143,17.142857142857142,15.571428571428571,0.3333333333333333,1.0,3.0,14.0,-11.0,2006.7680510640728,2043.3164545663053
1513,24.142857142857142,58.0,5.857142857142857,20.857142857142858,9.0,11.714285714285714,11.571428571428571,6.142857142857143,17.428571428571427,24.285714285714285,59.57142857142857,6.571428571428571,20.571428571428573,8.857142857142858,13.714285714285714,12.0,7.428571428571429,20.142857142857142,1.5714285714285714,24.428571428571427,55.285714285714285,8.285714285714286,23.571428571428573,10.428571428571429,14.142857142857142,12.857142857142858,5.714285714285714,14.857142857142858,21.714285714285715,55.714285714285715,6.714285714285714,22.142857142857142,8.142857142857142,10.428571428571429,11.428571428571429,6.857142857142857,16.714285714285715,8.571428571428571,0.5,0.75,4.0,12.0,-8.0,2002.2591114596012,2044.0069248573748
1514,29.0,59.2,7.6,19.8,6.6,14.0,11.0,5.8,15.8,25.8,60.8,7.8,19.8,6.4,10.2,10.2,6.6,16.4,8.2,25.75,55.625,4.875,13.875,11.5,16.0,15.0,9.625,16.875,23.375,57.125,7.25,24.0,9.625,14.125,13.25,9.625,18.125,6.25,1.0,0.8,1.0,9.0,-8.0,2193.2460009609404,2276.331701754905
1515,26.555555555555557,59.111111111111114,6.888888888888889,19.555555555555557,8.88888888888889,14.333333333333334,10.88888888888889,6.222222222222222,17.22222222222222,24.88888888888889,61.0,6.111111111111111,19.666666666666668,10.222222222222221,12.555555555555555,11.0,5.777777777777778,17.77777777777778,7.666666666666667,25.75,57.5,6.375,22.0,8.375,12.375,11.875,5.25,11.5,26.5,64.25,6.75,22.375,8.625,10.25,8.75,6.5,15.25,1.5,0.8333333333333334,0.6,1.0,9.0,-8.0,2117.468544236709,2175.28991162662
1516,27.571428571428573,60.0,6.285714285714286,19.142857142857142,7.714285714285714,12.857142857142858,10.571428571428571,5.714285714285714,14.571428571428571,28.142857142857142,57.57142857142857,7.0,16.285714285714285,5.428571428571429,11.285714285714286,9.714285714285714,6.142857142857143,15.428571428571429,-0.8571428571428571,23.5,57.375,8.125,20.375,9.875,13.875,12.5,7.5,18.5,20.75,57.375,5.5,21.625,9.375,10.375,11.75,6.5,17.25,7.5,0.5,1.0,11.0,3.0,8.0,1956.3199710322108,1969.179911892796
1517,26.571428571428573,60.285714285714285,7.428571428571429,24.857142857142858,8.714285714285714,15.0,10.285714285714286,5.714285714285714,11.857142857142858,26.285714285714285,61.57142857142857,7.142857142857143,22.285714285714285,5.571428571428571,11.857142857142858,9.285714285714286,5.571428571428571,14.285714285714286,7.714285714285714,25.0,58.5,5.666666666666667,20.5,8.833333333333334,13.333333333333334,9.166666666666666,6.5,14.333333333333334,25.833333333333332,60.666666666666664,6.166666666666667,21.833333333333332,9.833333333333334,16.333333333333332,11.0,4.666666666666667,18.666666666666668,5.166666666666667,0.75,0.6666666666666666,8.0,1.0,7.0,1993.113155709763,1941.38608853898
1518,25.166666666666668,60.333333333333336,9.166666666666666,26.0,9.833333333333334,13.5,9.333333333333334,4.333333333333333,17.5,25.166666666666668,60.833333333333336,6.0,21.166666666666668,9.833333333333334,9.666666666666666,8.5,6.0,18.833333333333332,0.6666666666666666,22.875,52.25,6.375,19.375,5.0,11.25,9.125,7.125,14.75,24.625,55.625,5.625,19.5,7.0,10.5,10.75,5.375,16.125,3.5,0.3333333333333333,0.6666666666666666,4.0,12.0,-8.0,2003.5278652492395,2051.148646746752
1519,24.375,52.875,5.0,16.0,8.75,10.75,11.625,6.5,18.5,17.75,52.5,5.5,18.75,7.0,8.125,11.375,6.5,19.0,11.0,26.2,58.6,8.2,22.2,10.2,10.6,10.8,6.2,15.8,23.0,53.6,7.8,22.6,5.4,11.2,11.0,6.0,16.2,11.0,1.0,1.0,15.0,7.0,8.0,1534.125756933504,1675.8904599245502
1520,27.0,59.111111111111114,6.333333333333333,17.666666666666668,9.666666666666666,13.333333333333334,7.777777777777778,6.888888888888889,16.11111111111111,22.444444444444443,52.55555555555556,6.111111111111111,18.88888888888889,5.888888888888889,10.555555555555555,12.0,3.7777777777777777,16.22222222222222,11.555555555555555,26.6,55.8,5.8,16.8,4.8,10.4,9.8,7.0,16.0,24.4,56.8,5.0,14.4,6.4,7.6,10.8,6.0,14.4,3.8,0.8,0.5,4.0,5.0,-1.0,1992.7616591971591,2069.6584692376614
1521,29.333333333333332,56.77777777777778,8.11111111111111,19.88888888888889,7.333333333333333,18.77777777777778,12.0,6.555555555555555,16.444444444444443,27.77777777777778,63.333333333333336,7.777777777777778,21.333333333333332,8.777777777777779,12.333333333333334,11.555555555555555,6.888888888888889,19.88888888888889,9.88888888888889,25.444444444444443,54.666666666666664,4.555555555555555,14.222222222222221,9.333333333333334,12.666666666666666,13.666666666666666,6.888888888888889,16.77777777777778,24.666666666666668,55.111111111111114,5.111111111111111,17.11111111111111,8.222222222222221,13.777777777777779,10.333333333333334,6.333333333333333,15.0,-1.5555555555555556,1.0,0.4,1.0,9.0,-8.0,2044.8876519553987,2009.1195055212745
1522,30.25,59.25,8.875,23.625,8.125,16.375,8.5,4.75,12.875,28.5,61.5,8.0,21.625,8.25,15.625,8.125,5.625,15.0,7.75,26.77777777777778,59.333333333333336,7.0,19.333333333333332,8.0,15.666666666666666,10.444444444444445,5.444444444444445,17.88888888888889,26.333333333333332,58.111111111111114,7.666666666666667,22.444444444444443,7.666666666666667,13.333333333333334,9.444444444444445,5.666666666666667,15.666666666666666,-4.555555555555555,0.6,0.5,2.0,7.0,-5.0,2044.326182716468,2112.1031232115
1523,27.666666666666668,59.22222222222222,7.222222222222222,22.666666666666668,12.444444444444445,18.666666666666668,10.88888888888889,8.11111111111111,17.666666666666668,20.666666666666668,52.111111111111114,5.777777777777778,20.77777777777778,7.444444444444445,11.333333333333334,12.11111111111111,6.444444444444445,16.77777777777778,13.666666666666666,25.833333333333332,58.5,9.166666666666666,23.5,8.833333333333334,14.5,8.666666666666666,5.0,16.666666666666668,26.833333333333332,57.333333333333336,6.333333333333333,17.333333333333332,6.0,12.333333333333334,9.833333333333334,4.5,18.666666666666668,2.5,0.8333333333333334,0.6666666666666666,5.0,4.0,1.0,2052.5330176048774,2120.760345440382
1524,23.5,51.666666666666664,7.0,21.0,5.833333333333333,16.666666666666668,13.166666666666666,7.666666666666667,18.0,23.833333333333332,51.166666666666664,6.166666666666667,19.5,8.5,12.5,14.5,7.5,16.5,-5.0,24.666666666666668,56.666666666666664,6.166666666666667,19.333333333333332,7.333333333333333,10.333333333333334,8.5,5.666666666666667,17.666666666666668,25.0,54.833333333333336,5.0,18.5,6.166666666666667,10.666666666666666,9.166666666666666,4.833333333333333,18.333333333333332,2.6666666666666665,0.0,0.3333333333333333,11.0,3.0,8.0,1821.4338304644468,1885.7730839703552
1525,29.857142857142858,59.142857142857146,6.857142857142857,18.857142857142858,6.857142857142857,15.571428571428571,9.142857142857142,9.285714285714286,15.857142857142858,26.428571428571427,54.857142857142854,6.428571428571429,18.857142857142858,8.857142857142858,14.142857142857142,13.428571428571429,4.571428571428571,12.857142857142858,4.142857142857143,24.166666666666668,61.166666666666664,8.0,24.666666666666668,9.333333333333334,14.0,12.5,9.0,17.666666666666668,23.0,59.833333333333336,6.333333333333333,19.0,12.166666666666666,11.666666666666666,14.833333333333334,8.5,18.166666666666668,4.333333333333333,0.75,0.6666666666666666,10.0,2.0,8.0,1904.8821160499947,1967.210828421233
1526,24.857142857142858,54.142857142857146,6.285714285714286,19.142857142857142,9.714285714285714,13.285714285714286,11.428571428571429,3.4285714285714284,14.285714285714286,26.571428571428573,60.0,7.0,22.285714285714285,7.857142857142857,14.857142857142858,7.142857142857143,7.0,19.142857142857142,1.7142857142857142,22.5,55.5,6.166666666666667,20.5,10.0,10.5,11.166666666666666,5.833333333333333,20.333333333333332,22.0,52.333333333333336,5.833333333333333,15.0,8.666666666666666,9.166666666666666,12.166666666666666,6.666666666666667,18.833333333333332,-2.5,0.6,0.0,3.0,6.0,-3.0,2035.108953326584,2064.544639119861
1527,24.125,51.625,5.125,17.125,7.75,13.0,14.25,7.875,15.0,19.375,51.5,6.375,22.0,7.5,10.375,15.0,8.25,15.25,6.75,27.5,56.166666666666664,10.666666666666666,24.833333333333332,5.5,16.5,10.166666666666666,3.6666666666666665,13.0,26.333333333333332,62.333333333333336,6.333333333333333,22.333333333333332,7.666666666666667,10.5,7.333333333333333,6.0,15.333333333333334,8.666666666666666,0.6,0.3333333333333333,3.0,11.0,-8.0,2005.0193089601491,1917.829885962168
1528,22.857142857142858,55.142857142857146,9.714285714285714,28.142857142857142,8.428571428571429,10.714285714285714,10.428571428571429,5.571428571428571,14.428571428571429,23.285714285714285,56.857142857142854,7.571428571428571,25.142857142857142,8.857142857142858,12.571428571428571,10.714285714285714,5.142857142857143,15.571428571428571,5.285714285714286,24.375,53.125,6.75,19.25,7.25,8.375,10.625,3.875,17.25,26.125,59.625,8.125,20.875,9.0,12.0,7.875,6.125,17.75,-2.5,1.0,0.25,2.0,7.0,-5.0,2095.6631053220394,2150.497100705092
1529,24.142857142857142,58.0,5.857142857142857,20.857142857142858,9.0,11.714285714285714,11.571428571428571,6.142857142857143,17.428571428571427,24.285714285714285,59.57142857142857,6.571428571428571,20.571428571428573,8.857142857142858,13.714285714285714,12.0,7.428571428571429,20.142857142857142,1.5714285714285714,29.0,59.2,7.6,19.8,6.6,14.0,11.0,5.8,15.8,25.8,60.8,7.8,19.8,6.4,10.2,10.2,6.6,16.4,8.2,0.5,1.0,4.0,1.0,3.0,2008.0699809076184,2053.1327172339284
1530,30.25,59.25,8.875,23.625,8.125,16.375,8.5,4.75,12.875,28.5,61.5,8.0,21.625,8.25,15.625,8.125,5.625,15.0,7.75,24.125,51.625,5.125,17.125,7.75,13.0,14.25,7.875,15.0,19.375,51.5,6.375,22.0,7.5,10.375,15.0,8.25,15.25,6.75,0.6,0.6,2.0,3.0,-1.0,2056.545536620641,2123.4512691508007
1531,27.666666666666668,59.22222222222222,7.222222222222222,22.666666666666668,12.444444444444445,18.666666666666668,10.88888888888889,8.11111111111111,17.666666666666668,20.666666666666668,52.111111111111114,5.777777777777778,20.77777777777778,7.444444444444445,11.333333333333334,12.11111111111111,6.444444444444445,16.77777777777778,13.666666666666666,29.333333333333332,56.77777777777778,8.11111111111111,19.88888888888889,7.333333333333333,18.77777777777778,12.0,6.555555555555555,16.444444444444443,27.77777777777778,63.333333333333336,7.777777777777778,21.333333333333332,8.777777777777779,12.333333333333334,11.555555555555555,6.888888888888889,19.88888888888889,9.88888888888889,0.8333333333333334,1.0,5.0,1.0,4.0,2066.890652673856,2132.8872168933203
1532,22.857142857142858,55.142857142857146,9.714285714285714,28.142857142857142,8.428571428571429,10.714285714285714,10.428571428571429,5.571428571428571,14.428571428571429,23.285714285714285,56.857142857142854,7.571428571428571,25.142857142857142,8.857142857142858,12.571428571428571,10.714285714285714,5.142857142857143,15.571428571428571,5.285714285714286,27.571428571428573,60.0,6.285714285714286,19.142857142857142,7.714285714285714,12.857142857142858,10.571428571428571,5.714285714285714,14.571428571428571,28.142857142857142,57.57142857142857,7.0,16.285714285714285,5.428571428571429,11.285714285714286,9.714285714285714,6.142857142857143,15.428571428571429,-0.8571428571428571,1.0,0.5,2.0,11.0,-9.0,2104.3322323710045,2157.286814681778
1533,26.555555555555557,59.111111111111114,6.888888888888889,19.555555555555557,8.88888888888889,14.333333333333334,10.88888888888889,6.222222222222222,17.22222222222222,24.88888888888889,61.0,6.111111111111111,19.666666666666668,10.222222222222221,12.555555555555555,11.0,5.777777777777778,17.77777777777778,7.666666666666667,25.166666666666668,60.333333333333336,9.166666666666666,26.0,9.833333333333334,13.5,9.333333333333334,4.333333333333333,17.5,25.166666666666668,60.833333333333336,6.0,21.166666666666668,9.833333333333334,9.666666666666666,8.5,6.0,18.833333333333332,0.6666666666666666,0.8333333333333334,0.3333333333333333,1.0,4.0,-3.0,2127.7661330452206,2185.494419819542
1534,29.857142857142858,59.142857142857146,6.857142857142857,18.857142857142858,6.857142857142857,15.571428571428571,9.142857142857142,9.285714285714286,15.857142857142858,26.428571428571427,54.857142857142854,6.428571428571429,18.857142857142858,8.857142857142858,14.142857142857142,13.428571428571429,4.571428571428571,12.857142857142858,4.142857142857143,23.5,51.666666666666664,7.0,21.0,5.833333333333333,16.666666666666668,13.166666666666666,7.666666666666667,18.0,23.833333333333332,51.166666666666664,6.166666666666667,19.5,8.5,12.5,14.5,7.5,16.5,-5.0,0.75,0.0,10.0,11.0,-1.0,1924.5305053308616,1987.2747866740624
1535,26.571428571428573,60.285714285714285,7.428571428571429,24.857142857142858,8.714285714285714,15.0,10.285714285714286,5.714285714285714,11.857142857142858,26.285714285714285,61.57142857142857,7.142857142857143,22.285714285714285,5.571428571428571,11.857142857142858,9.285714285714286,5.571428571428571,14.285714285714286,7.714285714285714,27.0,59.111111111111114,6.333333333333333,17.666666666666668,9.666666666666666,13.333333333333334,7.777777777777778,6.888888888888889,16.11111111111111,22.444444444444443,52.55555555555556,6.111111111111111,18.88888888888889,5.888888888888889,10.555555555555555,12.0,3.7777777777777777,16.22222222222222,11.555555555555555,0.75,0.8,8.0,4.0,4.0,2015.7501000161196,1967.6674349012087
1536,24.375,52.875,5.0,16.0,8.75,10.75,11.625,6.5,18.5,17.75,52.5,5.5,18.75,7.0,8.125,11.375,6.5,19.0,11.0,24.857142857142858,54.142857142857146,6.285714285714286,19.142857142857142,9.714285714285714,13.285714285714286,11.428571428571429,3.4285714285714284,14.285714285714286,26.571428571428573,60.0,7.0,22.285714285714285,7.857142857142857,14.857142857142858,7.142857142857143,7.0,19.142857142857142,1.7142857142857142,1.0,0.6,15.0,3.0,12.0,1556.9583385229018,1699.1317328380474
1537,30.25,59.25,8.875,23.625,8.125,16.375,8.5,4.75,12.875,28.5,61.5,8.0,21.625,8.25,15.625,8.125,5.625,15.0,7.75,24.142857142857142,58.0,5.857142857142857,20.857142857142858,9.0,11.714285714285714,11.571428571428571,6.142857142857143,17.428571428571427,24.285714285714285,59.57142857142857,6.571428571428571,20.571428571428573,8.857142857142858,13.714285714285714,12.0,7.428571428571429,20.142857142857142,1.5714285714285714,0.6,0.5,2.0,4.0,-2.0,2070.749532387388,2131.603645271694
1538,22.857142857142858,55.142857142857146,9.714285714285714,28.142857142857142,8.428571428571429,10.714285714285714,10.428571428571429,5.571428571428571,14.428571428571429,23.285714285714285,56.857142857142854,7.571428571428571,25.142857142857142,8.857142857142858,12.571428571428571,10.714285714285714,5.142857142857143,15.571428571428571,5.285714285714286,27.666666666666668,59.22222222222222,7.222222222222222,22.666666666666668,12.444444444444445,18.666666666666668,10.88888888888889,8.11111111111111,17.666666666666668,20.666666666666668,52.111111111111114,5.777777777777778,20.77777777777778,7.444444444444445,11.333333333333334,12.11111111111111,6.444444444444445,16.77777777777778,13.666666666666666,1.0,0.8333333333333334,2.0,5.0,-3.0,2114.6816274394023,2166.137809056832
1539,26.555555555555557,59.111111111111114,6.888888888888889,19.555555555555557,8.88888888888889,14.333333333333334,10.88888888888889,6.222222222222222,17.22222222222222,24.88888888888889,61.0,6.111111111111111,19.666666666666668,10.222222222222221,12.555555555555555,11.0,5.777777777777778,17.77777777777778,7.666666666666667,29.857142857142858,59.142857142857146,6.857142857142857,18.857142857142858,6.857142857142857,15.571428571428571,9.142857142857142,9.285714285714286,15.857142857142858,26.428571428571427,54.857142857142854,6.428571428571429,18.857142857142858,8.857142857142858,14.142857142857142,13.428571428571429,4.571428571428571,12.857142857142858,4.142857142857143,0.8333333333333334,0.75,1.0,10.0,-9.0,2138.609902007112,2195.974914072494
1540,26.571428571428573,60.285714285714285,7.428571428571429,24.857142857142858,8.714285714285714,15.0,10.285714285714286,5.714285714285714,11.857142857142858,26.285714285714285,61.57142857142857,7.142857142857143,22.285714285714285,5.571428571428571,11.857142857142858,9.285714285714286,5.571428571428571,14.285714285714286,7.714285714285714,24.375,52.875,5.0,16.0,8.75,10.75,11.625,6.5,18.5,17.75,52.5,5.5,18.75,7.0,8.125,11.375,6.5,19.0,11.0,0.75,1.0,8.0,15.0,-7.0,2031.272660133092,1988.7974902537776
1541,26.555555555555557,59.111111111111114,6.888888888888889,19.555555555555557,8.88888888888889,14.333333333333334,10.88888888888889,6.222222222222222,17.22222222222222,24.88888888888889,61.0,6.111111111111111,19.666666666666668,10.222222222222221,12.555555555555555,11.0,5.777777777777778,17.77777777777778,7.666666666666667,22.857142857142858,55.142857142857146,9.714285714285714,28.142857142857142,8.428571428571429,10.714285714285714,10.428571428571429,5.571428571428571,14.428571428571429,23.285714285714285,56.857142857142854,7.571428571428571,25.142857142857142,8.857142857142858,12.571428571428571,10.714285714285714,5.142857142857143,15.571428571428571,5.285714285714286,0.8333333333333334,1.0,1.0,2.0,-1.0,2146.2421937406766,2203.78962449336
1542,26.571428571428573,60.285714285714285,7.428571428571429,24.857142857142858,8.714285714285714,15.0,10.285714285714286,5.714285714285714,11.857142857142858,26.285714285714285,61.57142857142857,7.142857142857143,22.285714285714285,5.571428571428571,11.857142857142858,9.285714285714286,5.571428571428571,14.285714285714286,7.714285714285714,30.25,59.25,8.875,23.625,8.125,16.375,8.5,4.75,12.875,28.5,61.5,8.0,21.625,8.25,15.625,8.125,5.625,15.0,7.75,0.75,0.6,8.0,2.0,6.0,2033.5764572211256,1994.625883988511
1543,26.555555555555557,59.111111111111114,6.888888888888889,19.555555555555557,8.88888888888889,14.333333333333334,10.88888888888889,6.222222222222222,17.22222222222222,24.88888888888889,61.0,6.111111111111111,19.666666666666668,10.222222222222221,12.555555555555555,11.0,5.777777777777778,17.77777777777778,7.666666666666667,26.571428571428573,60.285714285714285,7.428571428571429,24.857142857142858,8.714285714285714,15.0,10.285714285714286,5.714285714285714,11.857142857142858,26.285714285714285,61.57142857142857,7.142857142857143,22.285714285714285,5.571428571428571,11.857142857142858,9.285714285714286,5.571428571428571,14.285714285714286,7.714285714285714,0.8333333333333334,0.75,1.0,8.0,-7.0,2161.457781048232,2218.7470577299296
1544,22.375,56.125,8.0,25.375,8.125,11.375,10.875,4.75,15.5,22.625,55.375,7.5,21.125,6.875,10.75,10.875,6.25,17.75,0.125,26.375,57.0,6.0,17.25,6.375,15.625,9.625,5.875,17.125,24.125,56.125,9.375,24.5,7.0,13.125,10.875,5.5,15.125,0.375,0.4,0.4,12.0,12.0,0.0,1707.880684019813,1838.9125958365264
1545,26.0,58.0,6.125,17.5,10.5,14.875,13.25,7.0,18.75,21.625,56.25,7.625,26.875,7.75,11.375,12.25,7.0,18.125,6.5,27.375,58.625,6.0,17.75,9.125,11.0,13.0,6.25,17.0,22.25,59.875,4.875,17.375,9.25,8.5,11.75,7.625,16.75,10.375,0.8,0.8,16.0,16.0,0.0,1297.9814374692603,1528.485289141527
1546,25.5,55.833333333333336,5.166666666666667,16.666666666666668,6.0,12.0,9.333333333333334,6.166666666666667,16.833333333333332,23.833333333333332,54.333333333333336,7.166666666666667,21.833333333333332,6.666666666666667,12.0,9.166666666666666,4.833333333333333,14.666666666666666,-5.333333333333333,27.5,56.166666666666664,10.666666666666666,24.833333333333332,5.5,16.5,10.166666666666666,3.6666666666666665,13.0,26.333333333333332,62.333333333333336,6.333333333333333,22.333333333333332,7.666666666666667,10.5,7.333333333333333,6.0,15.333333333333334,8.666666666666666,0.6666666666666666,0.3333333333333333,11.0,11.0,0.0,1887.1949622819448,1909.6222963278635
1547,28.333333333333332,60.0,8.833333333333334,25.166666666666668,9.5,13.0,13.333333333333334,6.833333333333333,15.5,25.833333333333332,65.5,6.166666666666667,20.666666666666668,8.5,11.666666666666666,11.5,7.833333333333333,18.0,13.166666666666666,27.166666666666668,57.666666666666664,5.833333333333333,17.5,9.666666666666666,14.666666666666666,10.666666666666666,5.666666666666667,14.833333333333334,25.166666666666668,55.0,5.833333333333333,18.0,7.833333333333333,8.333333333333334,11.666666666666666,6.333333333333333,18.833333333333332,7.666666666666667,1.0,1.0,16.0,16.0,0.0,1474.2895745731882,1638.5876128115424
1548,29.428571428571427,60.285714285714285,8.428571428571429,25.0,7.714285714285714,16.714285714285715,8.285714285714286,6.142857142857143,14.142857142857142,19.714285714285715,54.714285714285715,4.857142857142857,16.571428571428573,5.428571428571429,8.285714285714286,10.571428571428571,5.285714285714286,15.857142857142858,24.857142857142858,24.142857142857142,58.0,5.857142857142857,20.857142857142858,9.0,11.714285714285714,11.571428571428571,6.142857142857143,17.428571428571427,24.285714285714285,59.57142857142857,6.571428571428571,20.571428571428573,8.857142857142858,13.714285714285714,12.0,7.428571428571429,20.142857142857142,1.5714285714285714,1.0,0.5,13.0,4.0,9.0,1681.1056466311024,1822.420200672396
1549,26.0,54.875,7.75,21.75,8.375,13.125,13.625,5.25,16.125,21.625,58.625,6.625,25.125,8.625,11.375,12.125,6.125,18.75,13.25,25.0,58.5,5.666666666666667,20.5,8.833333333333334,13.333333333333334,9.166666666666666,6.5,14.333333333333334,25.833333333333332,60.666666666666664,6.166666666666667,21.833333333333332,9.833333333333334,16.333333333333332,11.0,4.666666666666667,18.666666666666668,5.166666666666667,1.0,0.6666666666666666,16.0,1.0,15.0,1384.4854233896287,1645.720069440222
1550,23.22222222222222,52.888888888888886,6.555555555555555,16.444444444444443,8.666666666666666,10.88888888888889,12.222222222222221,6.222222222222222,18.666666666666668,19.333333333333332,50.666666666666664,6.444444444444445,20.333333333333332,7.444444444444445,9.777777777777779,11.777777777777779,6.222222222222222,16.666666666666668,6.777777777777778,25.75,57.5,6.375,22.0,8.375,12.375,11.875,5.25,11.5,26.5,64.25,6.75,22.375,8.625,10.25,8.75,6.5,15.25,1.5,0.8333333333333334,0.6,8.0,9.0,-1.0,1903.3526225915675,1994.4823635662872
1551,24.333333333333332,58.666666666666664,7.5,19.666666666666668,10.0,15.833333333333334,10.166666666666666,7.833333333333333,14.666666666666666,22.833333333333332,56.666666666666664,6.666666666666667,19.5,9.0,9.166666666666666,12.5,5.333333333333333,16.166666666666668,7.5,29.0,59.2,7.6,19.8,6.6,14.0,11.0,5.8,15.8,25.8,60.8,7.8,19.8,6.4,10.2,10.2,6.6,16.4,8.2,1.0,1.0,16.0,1.0,15.0,1599.6339196192218,1695.5097612339284
1552,27.375,58.625,6.0,17.75,9.125,11.0,13.0,6.25,17.0,22.25,59.875,4.875,17.375,9.25,8.5,11.75,7.625,16.75,10.375,26.555555555555557,59.111111111111114,6.888888888888889,19.555555555555557,8.88888888888889,14.333333333333334,10.88888888888889,6.222222222222222,17.22222222222222,24.88888888888889,61.0,6.111111111111111,19.666666666666668,10.222222222222221,12.555555555555555,11.0,5.777777777777778,17.77777777777778,7.666666666666667,0.8,0.8333333333333334,16.0,1.0,15.0,1393.3903369205118,1659.215490775557
1553,23.875,50.375,6.75,18.75,7.0,11.125,11.0,6.75,15.375,24.25,53.375,6.25,18.625,7.625,12.125,12.25,6.125,20.25,4.375,25.75,55.625,4.875,13.875,11.5,16.0,15.0,9.625,16.875,23.375,57.125,7.25,24.0,9.625,14.125,13.25,9.625,18.125,6.25,0.8,0.8,8.0,9.0,-1.0,1862.998334878624,1962.5713688819856
1554,22.0,50.333333333333336,6.166666666666667,20.333333333333332,5.833333333333333,10.833333333333334,9.666666666666666,6.166666666666667,15.333333333333334,22.333333333333332,51.833333333333336,6.666666666666667,22.166666666666668,7.666666666666667,13.333333333333334,10.333333333333334,5.166666666666667,16.833333333333332,-0.6666666666666666,27.571428571428573,60.0,6.285714285714286,19.142857142857142,7.714285714285714,12.857142857142858,10.571428571428571,5.714285714285714,14.571428571428571,28.142857142857142,57.57142857142857,7.0,16.285714285714285,5.428571428571429,11.285714285714286,9.714285714285714,6.142857142857143,15.428571428571429,-0.8571428571428571,0.6666666666666666,0.5,6.0,11.0,-5.0,1854.435161542238,1951.66934998417
1555,27.6,60.6,10.6,25.8,8.0,13.0,10.4,7.2,19.6,27.0,56.4,5.0,16.4,6.0,11.6,12.8,5.2,18.8,7.0,26.2,58.6,8.2,22.2,10.2,10.6,10.8,6.2,15.8,23.0,53.6,7.8,22.6,5.4,11.2,11.0,6.0,16.2,11.0,0.5,1.0,10.0,7.0,3.0,1741.0936118038376,1849.1916429100784
1556,25.857142857142858,58.57142857142857,7.142857142857143,19.142857142857142,11.142857142857142,12.428571428571429,10.142857142857142,3.7142857142857144,14.428571428571429,23.285714285714285,55.57142857142857,7.428571428571429,21.0,6.714285714285714,9.714285714285714,8.428571428571429,7.428571428571429,15.142857142857142,4.857142857142857,24.428571428571427,55.285714285714285,8.285714285714286,23.571428571428573,10.428571428571429,14.142857142857142,12.857142857142858,5.714285714285714,14.857142857142858,21.714285714285715,55.714285714285715,6.714285714285714,22.142857142857142,8.142857142857142,10.428571428571429,11.428571428571429,6.857142857142857,16.714285714285715,8.571428571428571,0.5,0.75,5.0,12.0,-7.0,1967.3353572098224,2026.11386787436
1557,28.4,61.2,7.2,23.2,5.6,11.6,14.0,7.8,17.0,28.0,61.0,6.2,20.4,8.8,16.6,13.6,9.0,14.6,-1.4,26.571428571428573,60.285714285714285,7.428571428571429,24.857142857142858,8.714285714285714,15.0,10.285714285714286,5.714285714285714,11.857142857142858,26.285714285714285,61.57142857142857,7.142857142857143,22.285714285714285,5.571428571428571,11.857142857142858,9.285714285714286,5.571428571428571,14.285714285714286,7.714285714285714,0.3333333333333333,0.75,9.0,8.0,1.0,1887.5669586304643,1984.1346693448625
1558,30.666666666666668,59.333333333333336,7.5,17.5,6.5,12.0,7.666666666666667,5.0,14.5,28.333333333333332,62.333333333333336,8.666666666666666,24.833333333333332,7.166666666666667,10.333333333333334,9.833333333333334,3.1666666666666665,19.166666666666668,11.833333333333334,25.166666666666668,60.333333333333336,9.166666666666666,26.0,9.833333333333334,13.5,9.333333333333334,4.333333333333333,17.5,25.166666666666668,60.833333333333336,6.0,21.166666666666668,9.833333333333334,9.666666666666666,8.5,6.0,18.833333333333332,0.6666666666666666,1.0,0.3333333333333333,13.0,4.0,9.0,1745.1758776032289,1852.2302078812968
1559,29.3,62.4,10.7,25.7,10.5,15.4,9.4,6.2,16.0,26.9,60.9,6.6,20.2,9.9,14.9,10.9,5.4,17.4,13.7,22.875,52.25,6.375,19.375,5.0,11.25,9.125,7.125,14.75,24.625,55.625,5.625,19.5,7.0,10.5,10.75,5.375,16.125,3.5,0.8571428571428571,0.6666666666666666,5.0,12.0,-7.0,2020.9834201915296,2051.372548942906
1560,26.375,57.0,6.0,17.25,6.375,15.625,9.625,5.875,17.125,24.125,56.125,9.375,24.5,7.0,13.125,10.875,5.5,15.125,0.375,26.6,55.8,5.8,16.8,4.8,10.4,9.8,7.0,16.0,24.4,56.8,5.0,14.4,6.4,7.6,10.8,6.0,14.4,3.8,0.4,0.5,12.0,5.0,7.0,1875.5882443129603,1830.8995604562847
1561,28.428571428571427,58.857142857142854,4.857142857142857,14.857142857142858,10.428571428571429,13.142857142857142,9.428571428571429,5.857142857142857,13.714285714285714,26.0,59.57142857142857,7.857142857142857,23.571428571428573,8.857142857142858,11.857142857142858,9.714285714285714,5.571428571428571,17.428571428571427,4.285714285714286,24.375,52.875,5.0,16.0,8.75,10.75,11.625,6.5,18.5,17.75,52.5,5.5,18.75,7.0,8.125,11.375,6.5,19.0,11.0,0.75,1.0,2.0,15.0,-13.0,1987.7215286682608,2044.9087036905055
1562,24.5,54.666666666666664,8.833333333333334,18.833333333333332,9.5,13.666666666666666,11.5,6.833333333333333,13.0,24.5,56.5,7.5,25.0,6.166666666666667,11.333333333333334,11.5,6.166666666666667,17.666666666666668,9.666666666666666,23.5,57.375,8.125,20.375,9.875,13.875,12.5,7.5,18.5,20.75,57.375,5.5,21.625,9.375,10.375,11.75,6.5,17.25,7.5,1.0,1.0,14.0,3.0,11.0,1470.0489754145096,1661.266179230881
1563,24.875,51.375,8.25,20.75,7.25,11.125,9.625,7.125,14.875,23.0,53.25,6.5,20.5,7.25,9.25,11.625,4.875,18.25,11.375,27.0,59.111111111111114,6.333333333333333,17.666666666666668,9.666666666666666,13.333333333333334,7.777777777777778,6.888888888888889,16.11111111111111,22.444444444444443,52.55555555555556,6.111111111111111,18.88888888888889,5.888888888888889,10.555555555555555,12.0,3.7777777777777777,16.22222222222222,11.555555555555555,1.0,0.8,13.0,4.0,9.0,1700.6849510264271,1817.0809649309967
1564,27.166666666666668,57.666666666666664,5.833333333333333,17.5,9.666666666666666,14.666666666666666,10.666666666666666,5.666666666666667,14.833333333333334,25.166666666666668,55.0,5.833333333333333,18.0,7.833333333333333,8.333333333333334,11.666666666666666,6.333333333333333,18.833333333333332,7.666666666666667,29.333333333333332,56.77777777777778,8.11111111111111,19.88888888888889,7.333333333333333,18.77777777777778,12.0,6.555555555555555,16.444444444444443,27.77777777777778,63.333333333333336,7.777777777777778,21.333333333333332,8.777777777777779,12.333333333333334,11.555555555555555,6.888888888888889,19.88888888888889,9.88888888888889,1.0,1.0,16.0,1.0,15.0,1572.6504605246505,1704.826713121273
1565,26.8,52.6,8.2,24.2,6.6,15.2,10.8,5.4,13.0,21.6,55.8,9.0,29.0,8.6,8.6,9.2,6.0,13.4,10.6,24.166666666666668,61.166666666666664,8.0,24.666666666666668,9.333333333333334,14.0,12.5,9.0,17.666666666666668,23.0,59.833333333333336,6.333333333333333,19.0,12.166666666666666,11.666666666666666,14.833333333333334,8.5,18.166666666666668,4.333333333333333,0.5,0.6666666666666666,15.0,2.0,13.0,1503.716657637427,1654.563455806585
1566,26.0,54.125,6.125,16.5,7.875,12.5,11.375,7.875,15.125,24.25,53.625,8.5,21.0,7.625,13.625,13.625,5.0,18.375,4.5,30.25,59.25,8.875,23.625,8.125,16.375,8.5,4.75,12.875,28.5,61.5,8.0,21.625,8.25,15.625,8.125,5.625,15.0,7.75,0.8,0.6,15.0,2.0,13.0,1514.878724253928,1675.5840359982958
1567,27.0,58.25,8.625,20.125,9.375,11.75,12.875,7.75,17.0,25.0,59.375,6.625,23.375,7.75,10.375,11.625,6.625,17.625,8.375,27.666666666666668,59.22222222222222,7.222222222222222,22.666666666666668,12.444444444444445,18.666666666666668,10.88888888888889,8.11111111111111,17.666666666666668,20.666666666666668,52.111111111111114,5.777777777777778,20.77777777777778,7.444444444444445,11.333333333333334,12.11111111111111,6.444444444444445,16.77777777777778,13.666666666666666,1.0,0.8333333333333334,12.0,5.0,7.0,1712.5697638823124,1857.604766363352
1568,27.166666666666668,59.0,7.666666666666667,23.833333333333332,10.0,12.166666666666666,10.333333333333334,6.333333333333333,15.166666666666666,24.833333333333332,55.333333333333336,8.166666666666666,24.0,5.5,9.666666666666666,10.666666666666666,6.333333333333333,13.666666666666666,7.166666666666667,25.833333333333332,58.5,9.166666666666666,23.5,8.833333333333334,14.5,8.666666666666666,5.0,16.666666666666668,26.833333333333332,57.333333333333336,6.333333333333333,17.333333333333332,6.0,12.333333333333334,9.833333333333334,4.5,18.666666666666668,2.5,1.0,0.6666666666666666,13.0,4.0,9.0,1634.8707664932103,1747.613321101214
1569,24.857142857142858,57.57142857142857,6.142857142857143,21.285714285714285,9.0,13.571428571428571,12.428571428571429,10.428571428571429,19.571428571428573,23.285714285714285,54.714285714285715,6.0,22.142857142857142,10.857142857142858,11.857142857142858,15.714285714285714,6.714285714285714,17.285714285714285,1.5714285714285714,23.5,51.666666666666664,7.0,21.0,5.833333333333333,16.666666666666668,13.166666666666666,7.666666666666667,18.0,23.833333333333332,51.166666666666664,6.166666666666667,19.5,8.5,12.5,14.5,7.5,16.5,-5.0,0.5,0.0,6.0,11.0,-5.0,1892.1070882524884,1957.2645295417776
1570,24.857142857142858,57.57142857142857,6.142857142857143,21.285714285714285,9.0,13.571428571428571,12.428571428571429,10.428571428571429,19.571428571428573,23.285714285714285,54.714285714285715,6.0,22.142857142857142,10.857142857142858,11.857142857142858,15.714285714285714,6.714285714285714,17.285714285714285,1.5714285714285714,23.5,51.666666666666664,7.0,21.0,5.833333333333333,16.666666666666668,13.166666666666666,7.666666666666667,18.0,23.833333333333332,51.166666666666664,6.166666666666667,19.5,8.5,12.5,14.5,7.5,16.5,-5.0,0.5,0.0,6.0,11.0,-5.0,1892.1070882524884,1786.9676938924504
1571,25.0,57.285714285714285,6.714285714285714,17.857142857142858,9.285714285714286,10.714285714285714,13.714285714285714,4.571428571428571,17.571428571428573,26.142857142857142,60.285714285714285,8.142857142857142,20.285714285714285,7.428571428571429,13.142857142857142,8.285714285714286,8.285714285714286,17.285714285714285,-3.857142857142857,29.857142857142858,59.142857142857146,6.857142857142857,18.857142857142858,6.857142857142857,15.571428571428571,9.142857142857142,9.285714285714286,15.857142857142858,26.428571428571427,54.857142857142854,6.428571428571429,18.857142857142858,8.857142857142858,14.142857142857142,13.428571428571429,4.571428571428571,12.857142857142858,4.142857142857143,0.25,0.75,7.0,10.0,-3.0,1961.8431299838187,2036.285585573579
1572,25.375,54.375,9.0,22.75,6.125,14.25,9.0,3.75,14.75,21.0,54.125,7.125,22.875,5.875,10.875,10.625,4.125,19.125,12.75,26.77777777777778,59.333333333333336,7.0,19.333333333333332,8.0,15.666666666666666,10.444444444444445,5.444444444444445,17.88888888888889,26.333333333333332,58.111111111111114,7.666666666666667,22.444444444444443,7.666666666666667,13.333333333333334,9.444444444444445,5.666666666666667,15.666666666666666,-4.555555555555555,0.6,0.5,10.0,7.0,3.0,1813.810465251961,1911.4455150111685
1573,25.666666666666668,61.666666666666664,10.333333333333334,33.166666666666664,12.0,15.166666666666666,16.333333333333332,7.333333333333333,19.833333333333332,26.833333333333332,57.666666666666664,7.666666666666667,19.666666666666668,8.833333333333334,13.333333333333334,13.333333333333334,10.166666666666666,16.833333333333332,-2.1666666666666665,27.5,56.166666666666664,10.666666666666666,24.833333333333332,5.5,16.5,10.166666666666666,3.6666666666666665,13.0,26.333333333333332,62.333333333333336,6.333333333333333,22.333333333333332,7.666666666666667,10.5,7.333333333333333,6.0,15.333333333333334,8.666666666666666,0.0,0.3333333333333333,6.0,11.0,-5.0,1900.81812104506,1956.475431730728
1574,24.571428571428573,53.857142857142854,8.428571428571429,22.857142857142858,8.571428571428571,13.857142857142858,13.857142857142858,9.0,20.571428571428573,19.285714285714285,51.42857142857143,5.285714285714286,19.571428571428573,7.142857142857143,8.428571428571429,13.142857142857142,7.0,18.857142857142858,13.142857142857142,24.375,53.125,6.75,19.25,7.25,8.375,10.625,3.875,17.25,26.125,59.625,8.125,20.875,9.0,12.0,7.875,6.125,17.75,-2.5,1.0,0.25,10.0,7.0,3.0,1828.834186905548,1777.0606119964011
1575,25.0,56.0,6.166666666666667,18.333333333333332,7.333333333333333,10.166666666666666,12.166666666666666,6.0,15.166666666666666,25.833333333333332,58.166666666666664,7.166666666666667,24.833333333333332,6.5,13.333333333333334,10.833333333333334,8.166666666666666,16.333333333333332,1.6666666666666667,24.857142857142858,54.142857142857146,6.285714285714286,19.142857142857142,9.714285714285714,13.285714285714286,11.428571428571429,3.4285714285714284,14.285714285714286,26.571428571428573,60.0,7.0,22.285714285714285,7.857142857142857,14.857142857142858,7.142857142857143,7.0,19.142857142857142,1.7142857142857142,1.0,0.6,14.0,3.0,11.0,1641.3783169691235,1769.8021109853212
1576,24.571428571428573,59.57142857142857,6.857142857142857,20.285714285714285,9.714285714285714,10.0,10.0,6.571428571428571,15.285714285714286,21.285714285714285,56.714285714285715,6.714285714285714,21.285714285714285,9.571428571428571,9.714285714285714,11.714285714285714,5.857142857142857,14.142857142857142,4.0,25.444444444444443,54.666666666666664,4.555555555555555,14.222222222222221,9.333333333333334,12.666666666666666,13.666666666666666,6.888888888888889,16.77777777777778,24.666666666666668,55.111111111111114,5.111111111111111,17.11111111111111,8.222222222222221,13.777777777777779,10.333333333333334,6.333333333333333,15.0,-1.5555555555555556,0.75,0.4,8.0,9.0,-1.0,1933.098402637776,1982.159023073156
1577,26.333333333333332,57.111111111111114,8.555555555555555,24.444444444444443,7.888888888888889,13.88888888888889,10.444444444444445,6.222222222222222,15.777777777777779,23.555555555555557,52.55555555555556,6.0,19.77777777777778,5.444444444444445,13.0,11.11111111111111,6.555555555555555,14.333333333333334,6.777777777777778,22.5,55.5,6.166666666666667,20.5,10.0,10.5,11.166666666666666,5.833333333333333,20.333333333333332,22.0,52.333333333333336,5.833333333333333,15.0,8.666666666666666,9.166666666666666,12.166666666666666,6.666666666666667,18.833333333333332,-2.5,0.8333333333333334,0.0,11.0,6.0,5.0,1954.684955890429,2006.0212052373408
1578,26.375,52.5,5.0,15.875,5.75,10.0,12.5,3.625,17.25,24.125,57.0,6.625,20.5,5.875,7.375,11.125,5.5,20.625,8.625,24.125,51.625,5.125,17.125,7.75,13.0,14.25,7.875,15.0,19.375,51.5,6.375,22.0,7.5,10.375,15.0,8.25,15.25,6.75,1.0,0.6,14.0,3.0,11.0,1579.6560255073448,1717.837277876497
1579,24.5,54.166666666666664,6.0,18.166666666666668,7.0,10.666666666666666,12.333333333333334,7.0,16.166666666666668,23.166666666666668,55.5,5.166666666666667,18.166666666666668,9.666666666666666,7.666666666666667,14.166666666666666,6.833333333333333,19.833333333333332,3.5,22.857142857142858,55.142857142857146,9.714285714285714,28.142857142857142,8.428571428571429,10.714285714285714,10.428571428571429,5.571428571428571,14.428571428571429,23.285714285714285,56.857142857142854,7.571428571428571,25.142857142857142,8.857142857142858,12.571428571428571,10.714285714285714,5.142857142857143,15.571428571428571,5.285714285714286,1.0,1.0,15.0,2.0,13.0,1550.654440129946,1695.830919092635
1580,27.285714285714285,54.42857142857143,9.571428571428571,21.857142857142858,6.285714285714286,18.857142857142858,10.0,7.857142857142857,13.142857142857142,23.714285714285715,58.285714285714285,6.714285714285714,19.857142857142858,6.857142857142857,12.857142857142858,11.714285714285714,7.142857142857143,17.142857142857142,15.571428571428571,24.666666666666668,56.666666666666664,6.166666666666667,19.333333333333332,7.333333333333333,10.333333333333334,8.5,5.666666666666667,17.666666666666668,25.0,54.833333333333336,5.0,18.5,6.166666666666667,10.666666666666666,9.166666666666666,4.833333333333333,18.333333333333332,2.6666666666666665,1.0,0.3333333333333333,14.0,3.0,11.0,1621.084315091682,1759.0443879386771
1581,24.428571428571427,55.285714285714285,8.285714285714286,23.571428571428573,10.428571428571429,14.142857142857142,12.857142857142858,5.714285714285714,14.857142857142858,21.714285714285715,55.714285714285715,6.714285714285714,22.142857142857142,8.142857142857142,10.428571428571429,11.428571428571429,6.857142857142857,16.714285714285715,8.571428571428571,24.142857142857142,58.0,5.857142857142857,20.857142857142858,9.0,11.714285714285714,11.571428571428571,6.142857142857143,17.428571428571427,24.285714285714285,59.57142857142857,6.571428571428571,20.571428571428573,8.857142857142858,13.714285714285714,12.0,7.428571428571429,20.142857142857142,1.5714285714285714,0.75,0.5,12.0,4.0,8.0,1740.707126544331,1884.3767348661183
1582,25.75,55.625,4.875,13.875,11.5,16.0,15.0,9.625,16.875,23.375,57.125,7.25,24.0,9.625,14.125,13.25,9.625,18.125,6.25,29.0,59.2,7.6,19.8,6.6,14.0,11.0,5.8,15.8,25.8,60.8,7.8,19.8,6.4,10.2,10.2,6.6,16.4,8.2,0.8,1.0,9.0,1.0,8.0,1903.8987397007093,1974.473193259204
1583,25.75,57.5,6.375,22.0,8.375,12.375,11.875,5.25,11.5,26.5,64.25,6.75,22.375,8.625,10.25,8.75,6.5,15.25,1.5,26.555555555555557,59.111111111111114,6.888888888888889,19.555555555555557,8.88888888888889,14.333333333333334,10.88888888888889,6.222222222222222,17.22222222222222,24.88888888888889,61.0,6.111111111111111,19.666666666666668,10.222222222222221,12.555555555555555,11.0,5.777777777777778,17.77777777777778,7.666666666666667,0.6,0.8333333333333334,9.0,1.0,8.0,1987.9595675848036,2043.460073844083
1584,23.5,57.375,8.125,20.375,9.875,13.875,12.5,7.5,18.5,20.75,57.375,5.5,21.625,9.375,10.375,11.75,6.5,17.25,7.5,27.571428571428573,60.0,6.285714285714286,19.142857142857142,7.714285714285714,12.857142857142858,10.571428571428571,5.714285714285714,14.571428571428571,28.142857142857142,57.57142857142857,7.0,16.285714285714285,5.428571428571429,11.285714285714286,9.714285714285714,6.142857142857143,15.428571428571429,-0.8571428571428571,1.0,0.5,3.0,11.0,-8.0,2040.2173940418245,2083.6997906423594
1585,25.0,58.5,5.666666666666667,20.5,8.833333333333334,13.333333333333334,9.166666666666666,6.5,14.333333333333334,25.833333333333332,60.666666666666664,6.166666666666667,21.833333333333332,9.833333333333334,16.333333333333332,11.0,4.666666666666667,18.666666666666668,5.166666666666667,26.571428571428573,60.285714285714285,7.428571428571429,24.857142857142858,8.714285714285714,15.0,10.285714285714286,5.714285714285714,11.857142857142858,26.285714285714285,61.57142857142857,7.142857142857143,22.285714285714285,5.571428571428571,11.857142857142858,9.285714285714286,5.571428571428571,14.285714285714286,7.714285714285714,0.6666666666666666,0.75,1.0,8.0,-7.0,2146.473233980622,2206.327615123188
1586,22.875,52.25,6.375,19.375,5.0,11.25,9.125,7.125,14.75,24.625,55.625,5.625,19.5,7.0,10.5,10.75,5.375,16.125,3.5,25.166666666666668,60.333333333333336,9.166666666666666,26.0,9.833333333333334,13.5,9.333333333333334,4.333333333333333,17.5,25.166666666666668,60.833333333333336,6.0,21.166666666666668,9.833333333333334,9.666666666666666,8.5,6.0,18.833333333333332,0.6666666666666666,0.6666666666666666,0.3333333333333333,12.0,4.0,8.0,1816.567736011329,1897.8542921885908
1587,26.2,58.6,8.2,22.2,10.2,10.6,10.8,6.2,15.8,23.0,53.6,7.8,22.6,5.4,11.2,11.0,6.0,16.2,11.0,24.375,52.875,5.0,16.0,8.75,10.75,11.625,6.5,18.5,17.75,52.5,5.5,18.75,7.0,8.125,11.375,6.5,19.0,11.0,1.0,1.0,7.0,15.0,-8.0,1692.648942838127,1845.4180263712944
1588,26.6,55.8,5.8,16.8,4.8,10.4,9.8,7.0,16.0,24.4,56.8,5.0,14.4,6.4,7.6,10.8,6.0,14.4,3.8,27.0,59.111111111111114,6.333333333333333,17.666666666666668,9.666666666666666,13.333333333333334,7.777777777777778,6.888888888888889,16.11111111111111,22.444444444444443,52.55555555555556,6.111111111111111,18.88888888888889,5.888888888888889,10.555555555555555,12.0,3.7777777777777777,16.22222222222222,11.555555555555555,0.5,0.8,5.0,4.0,1.0,1918.1958571190291,2014.4398787027717
1589,25.444444444444443,54.666666666666664,4.555555555555555,14.222222222222221,9.333333333333334,12.666666666666666,13.666666666666666,6.888888888888889,16.77777777777778,24.666666666666668,55.111111111111114,5.111111111111111,17.11111111111111,8.222222222222221,13.777777777777779,10.333333333333334,6.333333333333333,15.0,-1.5555555555555556,29.333333333333332,56.77777777777778,8.11111111111111,19.88888888888889,7.333333333333333,18.77777777777778,12.0,6.555555555555555,16.444444444444443,27.77777777777778,63.333333333333336,7.777777777777778,21.333333333333332,8.777777777777779,12.333333333333334,11.555555555555555,6.888888888888889,19.88888888888889,9.88888888888889,0.4,1.0,9.0,1.0,8.0,1893.0018480259212,1954.1885834186064
1590,26.77777777777778,59.333333333333336,7.0,19.333333333333332,8.0,15.666666666666666,10.444444444444445,5.444444444444445,17.88888888888889,26.333333333333332,58.111111111111114,7.666666666666667,22.444444444444443,7.666666666666667,13.333333333333334,9.444444444444445,5.666666666666667,15.666666666666666,-4.555555555555555,30.25,59.25,8.875,23.625,8.125,16.375,8.5,4.75,12.875,28.5,61.5,8.0,21.625,8.25,15.625,8.125,5.625,15.0,7.75,0.5,0.6,7.0,2.0,5.0,1960.649290882798,2008.089469166416
1591,25.833333333333332,58.5,9.166666666666666,23.5,8.833333333333334,14.5,8.666666666666666,5.0,16.666666666666668,26.833333333333332,57.333333333333336,6.333333333333333,17.333333333333332,6.0,12.333333333333334,9.833333333333334,4.5,18.666666666666668,2.5,27.666666666666668,59.22222222222222,7.222222222222222,22.666666666666668,12.444444444444445,18.666666666666668,10.88888888888889,8.11111111111111,17.666666666666668,20.666666666666668,52.111111111111114,5.777777777777778,20.77777777777778,7.444444444444445,11.333333333333334,12.11111111111111,6.444444444444445,16.77777777777778,13.666666666666666,0.6666666666666666,0.8333333333333334,4.0,5.0,-1.0,2016.743461364588,2034.9533583443008
1592,24.666666666666668,56.666666666666664,6.166666666666667,19.333333333333332,7.333333333333333,10.333333333333334,8.5,5.666666666666667,17.666666666666668,25.0,54.833333333333336,5.0,18.5,6.166666666666667,10.666666666666666,9.166666666666666,4.833333333333333,18.333333333333332,2.6666666666666665,23.5,51.666666666666664,7.0,21.0,5.833333333333333,16.666666666666668,13.166666666666666,7.666666666666667,18.0,23.833333333333332,51.166666666666664,6.166666666666667,19.5,8.5,12.5,14.5,7.5,16.5,-5.0,0.3333333333333333,0.0,3.0,11.0,-8.0,2009.9025606378757,2048.531024107746
1593,24.166666666666668,61.166666666666664,8.0,24.666666666666668,9.333333333333334,14.0,12.5,9.0,17.666666666666668,23.0,59.833333333333336,6.333333333333333,19.0,12.166666666666666,11.666666666666666,14.833333333333334,8.5,18.166666666666668,4.333333333333333,29.857142857142858,59.142857142857146,6.857142857142857,18.857142857142858,6.857142857142857,15.571428571428571,9.142857142857142,9.285714285714286,15.857142857142858,26.428571428571427,54.857142857142854,6.428571428571429,18.857142857142858,8.857142857142858,14.142857142857142,13.428571428571429,4.571428571428571,12.857142857142858,4.142857142857143,0.6666666666666666,0.75,2.0,10.0,-8.0,1985.5234593396829,2057.4333429833887
1594,22.5,55.5,6.166666666666667,20.5,10.0,10.5,11.166666666666666,5.833333333333333,20.333333333333332,22.0,52.333333333333336,5.833333333333333,15.0,8.666666666666666,9.166666666666666,12.166666666666666,6.666666666666667,18.833333333333332,-2.5,24.857142857142858,54.142857142857146,6.285714285714286,19.142857142857142,9.714285714285714,13.285714285714286,11.428571428571429,3.4285714285714284,14.285714285714286,26.571428571428573,60.0,7.0,22.285714285714285,7.857142857142857,14.857142857142858,7.142857142857143,7.0,19.142857142857142,1.7142857142857142,0.0,0.6,6.0,3.0,3.0,1967.775208672192,2009.295808077772
1595,27.5,56.166666666666664,10.666666666666666,24.833333333333332,5.5,16.5,10.166666666666666,3.6666666666666665,13.0,26.333333333333332,62.333333333333336,6.333333333333333,22.333333333333332,7.666666666666667,10.5,7.333333333333333,6.0,15.333333333333334,8.666666666666666,24.125,51.625,5.125,17.125,7.75,13.0,14.25,7.875,15.0,19.375,51.5,6.375,22.0,7.5,10.375,15.0,8.25,15.25,6.75,0.3333333333333333,0.6,11.0,3.0,8.0,1924.6031062156449,1987.2947692817029
1596,24.375,53.125,6.75,19.25,7.25,8.375,10.625,3.875,17.25,26.125,59.625,8.125,20.875,9.0,12.0,7.875,6.125,17.75,-2.5,22.857142857142858,55.142857142857146,9.714285714285714,28.142857142857142,8.428571428571429,10.714285714285714,10.428571428571429,5.571428571428571,14.428571428571429,23.285714285714285,56.857142857142854,7.571428571428571,25.142857142857142,8.857142857142858,12.571428571428571,10.714285714285714,5.142857142857143,15.571428571428571,5.285714285714286,0.25,1.0,7.0,2.0,5.0,1923.6808569267344,1922.6065833431555
1597,29.0,59.2,7.6,19.8,6.6,14.0,11.0,5.8,15.8,25.8,60.8,7.8,19.8,6.4,10.2,10.2,6.6,16.4,8.2,24.142857142857142,58.0,5.857142857142857,20.857142857142858,9.0,11.714285714285714,11.571428571428571,6.142857142857143,17.428571428571427,24.285714285714285,59.57142857142857,6.571428571428571,20.571428571428573,8.857142857142858,13.714285714285714,12.0,7.428571428571429,20.142857142857142,1.5714285714285714,1.0,0.5,1.0,4.0,-3.0,2198.334303629158,2281.1193272215096
1598,24.125,51.625,5.125,17.125,7.75,13.0,14.25,7.875,15.0,19.375,51.5,6.375,22.0,7.5,10.375,15.0,8.25,15.25,6.75,30.25,59.25,8.875,23.625,8.125,16.375,8.5,4.75,12.875,28.5,61.5,8.0,21.625,8.25,15.625,8.125,5.625,15.0,7.75,0.6,0.6,3.0,2.0,1.0,2017.3807501451129,1936.9869070579325
1599,29.333333333333332,56.77777777777778,8.11111111111111,19.88888888888889,7.333333333333333,18.77777777777778,12.0,6.555555555555555,16.444444444444443,27.77777777777778,63.333333333333336,7.777777777777778,21.333333333333332,8.777777777777779,12.333333333333334,11.555555555555555,6.888888888888889,19.88888888888889,9.88888888888889,27.666666666666668,59.22222222222222,7.222222222222222,22.666666666666668,12.444444444444445,18.666666666666668,10.88888888888889,8.11111111111111,17.666666666666668,20.666666666666668,52.111111111111114,5.777777777777778,20.77777777777778,7.444444444444445,11.333333333333334,12.11111111111111,6.444444444444445,16.77777777777778,13.666666666666666,1.0,0.8333333333333334,1.0,5.0,-4.0,2054.307017182018,2022.6107122919916
1600,27.571428571428573,60.0,6.285714285714286,19.142857142857142,7.714285714285714,12.857142857142858,10.571428571428571,5.714285714285714,14.571428571428571,28.142857142857142,57.57142857142857,7.0,16.285714285714285,5.428571428571429,11.285714285714286,9.714285714285714,6.142857142857143,15.428571428571429,-0.8571428571428571,22.857142857142858,55.142857142857146,9.714285714285714,28.142857142857142,8.428571428571429,10.714285714285714,10.428571428571429,5.571428571428571,14.428571428571429,23.285714285714285,56.857142857142854,7.571428571428571,25.142857142857142,8.857142857142858,12.571428571428571,10.714285714285714,5.142857142857143,15.571428571428571,5.285714285714286,0.5,1.0,11.0,2.0,9.0,1976.110204492521,1990.270704398129
1601,25.166666666666668,60.333333333333336,9.166666666666666,26.0,9.833333333333334,13.5,9.333333333333334,4.333333333333333,17.5,25.166666666666668,60.833333333333336,6.0,21.166666666666668,9.833333333333334,9.666666666666666,8.5,6.0,18.833333333333332,0.6666666666666666,26.555555555555557,59.111111111111114,6.888888888888889,19.555555555555557,8.88888888888889,14.333333333333334,10.88888888888889,6.222222222222222,17.22222222222222,24.88888888888889,61.0,6.111111111111111,19.666666666666668,10.222222222222221,12.555555555555555,11.0,5.777777777777778,17.77777777777778,7.666666666666667,0.3333333333333333,0.8333333333333334,4.0,1.0,3.0,2011.662914957935,2060.5142085340176
1602,23.5,51.666666666666664,7.0,21.0,5.833333333333333,16.666666666666668,13.166666666666666,7.666666666666667,18.0,23.833333333333332,51.166666666666664,6.166666666666667,19.5,8.5,12.5,14.5,7.5,16.5,-5.0,29.857142857142858,59.142857142857146,6.857142857142857,18.857142857142858,6.857142857142857,15.571428571428571,9.142857142857142,9.285714285714286,15.857142857142858,26.428571428571427,54.857142857142854,6.428571428571429,18.857142857142858,8.857142857142858,14.142857142857142,13.428571428571429,4.571428571428571,12.857142857142858,4.142857142857143,0.0,0.75,11.0,10.0,1.0,1845.3513548915344,1908.7642863017684
1603,27.0,59.111111111111114,6.333333333333333,17.666666666666668,9.666666666666666,13.333333333333334,7.777777777777778,6.888888888888889,16.11111111111111,22.444444444444443,52.55555555555556,6.111111111111111,18.88888888888889,5.888888888888889,10.555555555555555,12.0,3.7777777777777777,16.22222222222222,11.555555555555555,26.571428571428573,60.285714285714285,7.428571428571429,24.857142857142858,8.714285714285714,15.0,10.285714285714286,5.714285714285714,11.857142857142858,26.285714285714285,61.57142857142857,7.142857142857143,22.285714285714285,5.571428571428571,11.857142857142858,9.285714285714286,5.571428571428571,14.285714285714286,7.714285714285714,0.8,0.75,4.0,8.0,-4.0,2005.379545885484,2083.13675577527
1604,24.857142857142858,54.142857142857146,6.285714285714286,19.142857142857142,9.714285714285714,13.285714285714286,11.428571428571429,3.4285714285714284,14.285714285714286,26.571428571428573,60.0,7.0,22.285714285714285,7.857142857142857,14.857142857142858,7.142857142857143,7.0,19.142857142857142,1.7142857142857142,24.375,52.875,5.0,16.0,8.75,10.75,11.625,6.5,18.5,17.75,52.5,5.5,18.75,7.0,8.125,11.375,6.5,19.0,11.0,0.6,1.0,3.0,15.0,-12.0,2048.0463669445585,2078.021567642125
1605,24.142857142857142,58.0,5.857142857142857,20.857142857142858,9.0,11.714285714285714,11.571428571428571,6.142857142857143,17.428571428571427,24.285714285714285,59.57142857142857,6.571428571428571,20.571428571428573,8.857142857142858,13.714285714285714,12.0,7.428571428571429,20.142857142857142,1.5714285714285714,30.25,59.25,8.875,23.625,8.125,16.375,8.5,4.75,12.875,28.5,61.5,8.0,21.625,8.25,15.625,8.125,5.625,15.0,7.75,0.5,0.6,4.0,2.0,2.0,2032.0497871160997,2078.3459616503533
1606,27.666666666666668,59.22222222222222,7.222222222222222,22.666666666666668,12.444444444444445,18.666666666666668,10.88888888888889,8.11111111111111,17.666666666666668,20.666666666666668,52.111111111111114,5.777777777777778,20.77777777777778,7.444444444444445,11.333333333333334,12.11111111111111,6.444444444444445,16.77777777777778,13.666666666666666,22.857142857142858,55.142857142857146,9.714285714285714,28.142857142857142,8.428571428571429,10.714285714285714,10.428571428571429,5.571428571428571,14.428571428571429,23.285714285714285,56.857142857142854,7.571428571428571,25.142857142857142,8.857142857142858,12.571428571428571,10.714285714285714,5.142857142857143,15.571428571428571,5.285714285714286,0.8333333333333334,1.0,5.0,2.0,3.0,2082.311408103755,2143.972732552207
1607,29.857142857142858,59.142857142857146,6.857142857142857,18.857142857142858,6.857142857142857,15.571428571428571,9.142857142857142,9.285714285714286,15.857142857142858,26.428571428571427,54.857142857142854,6.428571428571429,18.857142857142858,8.857142857142858,14.142857142857142,13.428571428571429,4.571428571428571,12.857142857142858,4.142857142857143,26.555555555555557,59.111111111111114,6.888888888888889,19.555555555555557,8.88888888888889,14.333333333333334,10.88888888888889,6.222222222222222,17.22222222222222,24.88888888888889,61.0,6.111111111111111,19.666666666666668,10.222222222222221,12.555555555555555,11.0,5.777777777777778,17.77777777777778,7.666666666666667,0.75,0.8333333333333334,10.0,1.0,9.0,1936.946012293688,1999.7195532214123
1608,24.375,52.875,5.0,16.0,8.75,10.75,11.625,6.5,18.5,17.75,52.5,5.5,18.75,7.0,8.125,11.375,6.5,19.0,11.0,26.571428571428573,60.285714285714285,7.428571428571429,24.857142857142858,8.714285714285714,15.0,10.285714285714286,5.714285714285714,11.857142857142858,26.285714285714285,61.57142857142857,7.142857142857143,22.285714285714285,5.571428571428571,11.857142857142858,9.285714285714286,5.571428571428571,14.285714285714286,7.714285714285714,1.0,0.75,15.0,8.0,7.0,1587.1699813124324,1727.8848921237848
1609,22.857142857142858,55.142857142857146,9.714285714285714,28.142857142857142,8.428571428571429,10.714285714285714,10.428571428571429,5.571428571428571,14.428571428571429,23.285714285714285,56.857142857142854,7.571428571428571,25.142857142857142,8.857142857142858,12.571428571428571,10.714285714285714,5.142857142857143,15.571428571428571,5.285714285714286,26.555555555555557,59.111111111111114,6.888888888888889,19.555555555555557,8.88888888888889,14.333333333333334,10.88888888888889,6.222222222222222,17.22222222222222,24.88888888888889,61.0,6.111111111111111,19.666666666666668,10.222222222222221,12.555555555555555,11.0,5.777777777777778,17.77777777777778,7.666666666666667,1.0,0.8333333333333334,2.0,1.0,1.0,2129.195222155908,2181.1184521000173
1610,30.25,59.25,8.875,23.625,8.125,16.375,8.5,4.75,12.875,28.5,61.5,8.0,21.625,8.25,15.625,8.125,5.625,15.0,7.75,26.571428571428573,60.285714285714285,7.428571428571429,24.857142857142858,8.714285714285714,15.0,10.285714285714286,5.714285714285714,11.857142857142858,26.285714285714285,61.57142857142857,7.142857142857143,22.285714285714285,5.571428571428571,11.857142857142858,9.285714285714286,5.571428571428571,14.285714285714286,7.714285714285714,0.6,0.75,2.0,8.0,-6.0,2084.974677414558,2145.1700692459294
1611,26.571428571428573,60.285714285714285,7.428571428571429,24.857142857142858,8.714285714285714,15.0,10.285714285714286,5.714285714285714,11.857142857142858,26.285714285714285,61.57142857142857,7.142857142857143,22.285714285714285,5.571428571428571,11.857142857142858,9.285714285714286,5.571428571428571,14.285714285714286,7.714285714285714,26.555555555555557,59.111111111111114,6.888888888888889,19.555555555555557,8.88888888888889,14.333333333333334,10.88888888888889,6.222222222222222,17.22222222222222,24.88888888888889,61.0,6.111111111111111,19.666666666666668,10.222222222222221,12.555555555555555,11.0,5.777777777777778,17.77777777777778,7.666666666666667,0.75,0.8333333333333334,8.0,1.0,7.0,2051.926315436504,2017.155104841043
1612,27.285714285714285,57.857142857142854,8.285714285714286,23.571428571428573,8.285714285714286,14.857142857142858,7.428571428571429,5.142857142857143,17.428571428571427,28.0,55.42857142857143,9.142857142857142,22.571428571428573,8.0,16.285714285714285,9.285714285714286,3.142857142857143,18.285714285714285,-1.4285714285714286,23.714285714285715,57.0,3.2857142857142856,17.857142857142858,12.0,12.714285714285714,13.285714285714286,7.428571428571429,16.142857142857142,23.0,56.57142857142857,8.285714285714286,26.428571428571427,8.714285714285714,14.0,11.0,7.428571428571429,17.428571428571427,-1.1428571428571428,0.25,0.5,11.0,11.0,0.0,1819.2930390361928,1854.7666849722184
1613,28.166666666666668,60.166666666666664,6.666666666666667,16.666666666666668,10.5,15.833333333333334,10.666666666666666,5.833333333333333,18.0,25.666666666666668,58.833333333333336,6.333333333333333,22.333333333333332,9.666666666666666,12.333333333333334,11.5,5.333333333333333,18.833333333333332,8.833333333333334,28.0,64.42857142857143,6.285714285714286,20.571428571428573,10.285714285714286,12.285714285714286,11.0,6.571428571428571,21.285714285714285,27.428571428571427,61.714285714285715,6.857142857142857,20.428571428571427,9.857142857142858,11.571428571428571,13.0,7.142857142857143,23.0,4.0,1.0,1.0,16.0,16.0,0.0,1388.8003720520817,1582.972543745231
1614,24.428571428571427,61.0,7.428571428571429,24.142857142857142,9.857142857142858,14.571428571428571,10.571428571428571,8.285714285714286,18.714285714285715,24.142857142857142,55.57142857142857,6.714285714285714,20.285714285714285,10.571428571428571,12.142857142857142,14.428571428571429,6.142857142857143,18.285714285714285,-2.857142857142857,23.166666666666668,55.5,6.0,18.166666666666668,5.5,14.333333333333334,8.666666666666666,6.166666666666667,16.333333333333332,24.666666666666668,58.333333333333336,8.333333333333334,29.0,8.666666666666666,13.333333333333334,10.666666666666666,5.0,18.0,-0.8333333333333334,0.4,0.0,11.0,11.0,0.0,1831.837594570198,1902.982553694232
1615,27.333333333333332,58.5,6.5,18.0,11.333333333333334,14.666666666666666,10.666666666666666,6.5,19.166666666666668,22.166666666666668,51.333333333333336,6.0,19.0,7.5,12.5,12.166666666666666,4.5,15.5,8.666666666666666,25.625,57.625,5.0,15.875,10.625,11.75,12.25,7.0,19.0,23.0,54.0,5.625,17.875,7.625,10.375,12.375,7.5,18.75,3.625,0.6666666666666666,0.6,16.0,16.0,0.0,1262.8561557922314,1473.526326619986
1616,28.5,63.75,9.25,31.25,12.375,16.125,12.875,6.0,18.75,23.375,61.75,5.875,16.625,8.25,7.75,11.125,7.375,19.25,13.25,28.166666666666668,60.166666666666664,6.666666666666667,16.666666666666668,10.5,15.833333333333334,10.666666666666666,5.833333333333333,18.0,25.666666666666668,58.833333333333336,6.333333333333333,22.333333333333332,9.666666666666666,12.333333333333334,11.5,5.333333333333333,18.833333333333332,8.833333333333334,0.8,1.0,1.0,16.0,-15.0,2065.4285174403994,2116.00222025893
1617,27.571428571428573,58.57142857142857,5.857142857142857,16.428571428571427,8.714285714285714,12.571428571428571,11.571428571428571,8.571428571428571,20.142857142857142,25.0,55.857142857142854,3.857142857142857,16.714285714285715,8.714285714285714,11.571428571428571,12.285714285714286,7.285714285714286,18.857142857142858,2.5714285714285716,25.428571428571427,59.142857142857146,6.714285714285714,22.857142857142858,10.0,9.714285714285714,10.571428571428571,6.714285714285714,18.0,27.571428571428573,60.142857142857146,6.428571428571429,17.571428571428573,9.142857142857142,11.714285714285714,10.714285714285714,6.571428571428571,18.714285714285715,-0.8571428571428571,0.25,0.3333333333333333,8.0,9.0,-1.0,1916.4477344449251,1961.8787639601808
1618,25.5,56.833333333333336,7.333333333333333,19.166666666666668,6.833333333333333,12.666666666666666,11.0,6.666666666666667,19.666666666666668,26.333333333333332,56.666666666666664,6.666666666666667,18.0,12.0,14.333333333333334,11.666666666666666,7.666666666666667,17.833333333333332,-4.833333333333333,27.333333333333332,62.5,8.666666666666666,27.5,11.5,15.666666666666666,9.166666666666666,5.833333333333333,16.5,28.166666666666668,54.5,8.0,18.0,5.833333333333333,15.666666666666666,10.666666666666666,5.333333333333333,17.166666666666668,-2.0,0.3333333333333333,0.3333333333333333,9.0,8.0,1.0,1892.717044715694,1952.803872366074
1619,27.125,54.25,7.25,19.125,8.75,15.5,9.25,6.125,14.5,21.875,56.25,6.375,20.5,7.75,9.625,9.0,5.75,15.875,13.5,27.666666666666668,63.0,10.0,30.666666666666668,8.166666666666666,13.666666666666666,7.5,8.166666666666666,13.0,26.0,63.5,7.166666666666667,23.666666666666668,9.333333333333334,9.833333333333334,12.5,4.5,16.333333333333332,13.166666666666666,1.0,1.0,5.0,12.0,-7.0,2076.854239080318,1943.3641422096057
1620,25.666666666666668,54.0,8.5,25.333333333333332,8.5,12.666666666666666,8.833333333333334,6.0,16.5,26.833333333333332,59.0,6.333333333333333,21.333333333333332,10.166666666666666,11.166666666666666,11.0,4.5,21.166666666666668,8.0,23.25,55.0,5.0,17.875,7.875,14.5,7.0,7.0,14.625,21.0,50.0,6.625,20.375,5.75,10.875,10.5,4.875,14.125,2.5,1.0,0.8,13.0,4.0,9.0,1667.0714841760932,1779.2838535041749
1621,25.0,59.0,6.875,23.0,11.75,14.25,10.375,9.5,18.75,19.625,49.625,6.0,18.5,7.25,10.25,14.125,6.375,17.125,12.625,24.0,54.0,9.0,23.333333333333332,10.0,12.0,9.666666666666666,8.166666666666666,16.666666666666668,23.166666666666668,53.5,6.666666666666667,19.833333333333332,8.833333333333334,13.166666666666666,10.666666666666666,3.5,17.833333333333332,5.333333333333333,0.8,1.0,1.0,16.0,-15.0,2092.653643080058,2159.0776545421727
1622,25.75,56.625,6.0,19.75,6.5,13.875,11.375,8.0,15.25,25.25,59.375,5.375,18.625,9.0,11.875,12.125,5.375,15.125,2.625,27.5,61.375,9.125,23.375,12.75,15.625,14.875,5.25,17.875,24.0,59.0,4.875,19.0,10.125,9.25,12.875,7.5,17.125,8.625,0.6,1.0,1.0,16.0,-15.0,2148.9011453971843,2132.2070943492395
1623,24.428571428571427,54.857142857142854,8.571428571428571,20.428571428571427,8.142857142857142,12.142857142857142,9.142857142857142,4.428571428571429,16.0,24.428571428571427,52.285714285714285,5.571428571428571,15.571428571428571,6.428571428571429,12.285714285714286,9.714285714285714,4.428571428571429,17.285714285714285,3.4285714285714284,26.857142857142858,60.0,7.571428571428571,22.857142857142858,10.0,12.285714285714286,12.714285714285714,8.0,16.0,26.285714285714285,57.42857142857143,7.285714285714286,20.714285714285715,9.857142857142858,12.571428571428571,14.285714285714286,8.142857142857142,19.285714285714285,2.857142857142857,0.25,0.75,8.0,9.0,-1.0,1877.509226954048,1937.2960055807685
1624,27.142857142857142,58.714285714285715,9.285714285714286,26.0,7.142857142857143,13.857142857142858,9.285714285714286,10.142857142857142,16.142857142857142,23.571428571428573,53.285714285714285,8.857142857142858,25.857142857142858,10.142857142857142,14.285714285714286,15.571428571428571,5.0,13.714285714285714,3.142857142857143,26.714285714285715,56.142857142857146,7.857142857142857,24.142857142857142,7.428571428571429,16.142857142857142,12.714285714285714,5.714285714285714,19.0,21.857142857142858,57.714285714285715,5.428571428571429,18.857142857142858,8.285714285714286,9.142857142857142,10.857142857142858,5.857142857142857,18.0,11.0,0.75,0.8,7.0,10.0,-3.0,1891.5355821824555,1903.695862974415
1625,23.666666666666668,59.5,8.166666666666666,22.666666666666668,9.666666666666666,11.833333333333334,8.666666666666666,8.0,16.5,23.0,52.333333333333336,7.666666666666667,22.666666666666668,7.666666666666667,12.0,12.666666666666666,4.5,15.0,1.1666666666666667,24.714285714285715,56.42857142857143,7.714285714285714,21.571428571428573,7.285714285714286,10.714285714285714,10.0,5.571428571428571,16.0,25.714285714285715,60.142857142857146,9.142857142857142,26.0,8.714285714285714,13.714285714285714,11.571428571428571,5.285714285714286,19.0,-0.42857142857142855,0.3333333333333333,0.5,7.0,10.0,-3.0,1855.4409828834373,1885.827437244556
1626,24.444444444444443,53.888888888888886,9.0,24.11111111111111,6.444444444444445,12.555555555555555,8.777777777777779,3.0,15.333333333333334,25.77777777777778,61.666666666666664,6.444444444444445,21.22222222222222,9.666666666666666,14.555555555555555,6.111111111111111,5.222222222222222,15.666666666666666,2.111111111111111,21.75,53.875,5.625,17.5,10.875,10.875,12.75,6.25,16.5,23.25,56.75,8.25,27.625,10.875,14.0,12.875,8.25,19.375,2.5,0.8333333333333334,0.8,10.0,7.0,3.0,1908.685005924524,1901.9504673632157
1627,25.0,59.6,9.0,26.0,8.6,12.0,9.6,3.2,17.0,24.4,60.8,7.0,20.6,8.6,10.0,7.8,5.2,19.0,3.2,28.571428571428573,55.57142857142857,8.285714285714286,19.285714285714285,6.428571428571429,16.857142857142858,12.571428571428571,4.857142857142857,17.142857142857142,26.428571428571427,63.142857142857146,8.285714285714286,24.857142857142858,8.428571428571429,14.428571428571429,10.857142857142858,7.142857142857143,18.571428571428573,5.428571428571429,1.0,0.8,15.0,2.0,13.0,1637.008831036586,1769.9133624113683
1628,23.571428571428573,57.285714285714285,6.142857142857143,19.0,10.428571428571429,12.142857142857142,9.285714285714286,6.0,13.142857142857142,21.857142857142858,54.714285714285715,5.857142857142857,18.857142857142858,8.714285714285714,10.714285714285714,10.285714285714286,5.285714285714286,15.857142857142858,7.857142857142857,25.0,60.2,8.4,29.4,10.2,12.0,10.0,8.2,15.2,23.4,58.6,5.6,20.0,7.0,10.4,13.8,4.4,19.6,16.0,0.8,1.0,5.0,12.0,-7.0,1942.685158128672,2039.012248724861
1629,25.857142857142858,55.714285714285715,8.142857142857142,24.0,9.571428571428571,17.285714285714285,10.0,6.142857142857143,17.0,21.857142857142858,51.57142857142857,6.285714285714286,19.285714285714285,7.0,11.714285714285714,10.714285714285714,6.428571428571429,16.0,5.571428571428571,26.166666666666668,54.166666666666664,5.5,15.833333333333334,8.5,11.166666666666666,11.666666666666666,6.833333333333333,17.333333333333332,23.666666666666668,55.666666666666664,4.166666666666667,15.0,7.166666666666667,7.333333333333333,9.666666666666666,7.333333333333333,18.0,7.333333333333333,0.5,1.0,4.0,13.0,-9.0,1959.65494055822,2011.9565842392772
1630,26.125,59.125,6.875,20.875,8.125,16.125,11.0,8.375,16.25,22.5,55.0,6.0,19.125,8.875,11.125,16.625,6.625,17.75,8.125,32.166666666666664,59.5,8.333333333333334,19.666666666666668,6.5,21.5,8.166666666666666,4.666666666666667,12.166666666666666,27.166666666666668,62.833333333333336,7.0,23.833333333333332,7.333333333333333,17.0,8.333333333333334,4.0,14.5,14.166666666666666,0.8,1.0,2.0,15.0,-13.0,2064.917182068229,2094.267214086873
1631,26.125,59.125,6.875,20.875,8.125,16.125,11.0,8.375,16.25,22.5,55.0,6.0,19.125,8.875,11.125,16.625,6.625,17.75,8.125,32.166666666666664,59.5,8.333333333333334,19.666666666666668,6.5,21.5,8.166666666666666,4.666666666666667,12.166666666666666,27.166666666666668,62.833333333333336,7.0,23.833333333333332,7.333333333333333,17.0,8.333333333333334,4.0,14.5,14.166666666666666,0.8,1.0,2.0,15.0,-13.0,2064.917182068229,1967.534006949867
1632,26.5,59.875,5.5,17.875,9.375,12.5,8.25,7.375,16.75,21.125,54.625,6.25,19.375,7.875,10.125,12.5,4.0,17.5,12.625,24.833333333333332,51.666666666666664,7.833333333333333,19.333333333333332,7.0,11.833333333333334,10.833333333333334,5.5,11.5,25.333333333333332,62.5,6.333333333333333,22.0,7.333333333333333,10.5,9.0,5.5,21.0,9.5,0.8,1.0,2.0,15.0,-13.0,2067.129281762698,2136.573331397865
1633,23.0,53.833333333333336,10.833333333333334,26.666666666666668,7.333333333333333,11.5,13.0,5.0,17.5,27.833333333333332,58.666666666666664,7.166666666666667,23.0,11.333333333333334,17.333333333333332,10.166666666666666,6.166666666666667,16.666666666666668,-5.333333333333333,27.555555555555557,54.888888888888886,6.444444444444445,16.11111111111111,4.555555555555555,15.11111111111111,7.666666666666667,5.111111111111111,16.22222222222222,26.333333333333332,54.888888888888886,5.777777777777778,16.88888888888889,5.222222222222222,12.11111111111111,10.444444444444445,3.6666666666666665,17.88888888888889,4.888888888888889,0.3333333333333333,1.0,3.0,14.0,-11.0,2044.0940001270444,2068.7203239015494
1634,28.285714285714285,58.285714285714285,8.714285714285714,24.714285714285715,11.714285714285714,17.428571428571427,13.285714285714286,6.142857142857143,15.714285714285714,23.142857142857142,56.42857142857143,6.142857142857143,19.857142857142858,7.285714285714286,10.0,10.571428571428571,6.857142857142857,16.285714285714285,11.714285714285714,27.875,59.0,8.0,19.625,12.0,15.25,9.75,6.875,14.625,22.875,56.375,6.0,20.625,8.5,10.375,11.875,5.375,17.75,17.375,0.75,1.0,4.0,13.0,-9.0,2004.996988283245,2034.1487369454308
1635,26.571428571428573,58.42857142857143,10.571428571428571,27.142857142857142,8.0,17.285714285714285,11.571428571428571,5.0,13.857142857142858,26.714285714285715,61.857142857142854,7.0,19.857142857142858,7.285714285714286,12.714285714285714,8.428571428571429,7.571428571428571,15.714285714285714,5.857142857142857,29.833333333333332,64.0,7.5,22.333333333333332,8.666666666666666,10.0,7.666666666666667,6.333333333333333,17.333333333333332,26.666666666666668,56.0,8.5,23.0,8.333333333333334,10.333333333333334,11.666666666666666,3.0,14.666666666666666,-1.8333333333333333,0.75,0.3333333333333333,6.0,11.0,-5.0,1964.413978389308,1972.2461231705304
1636,27.333333333333332,58.5,6.5,18.0,11.333333333333334,14.666666666666666,10.666666666666666,6.5,19.166666666666668,22.166666666666668,51.333333333333336,6.0,19.0,7.5,12.5,12.166666666666666,4.5,15.5,8.666666666666666,24.571428571428573,55.0,6.0,19.857142857142858,12.142857142857142,15.571428571428571,9.428571428571429,5.285714285714286,14.714285714285714,24.142857142857142,55.57142857142857,7.428571428571429,20.857142857142858,6.571428571428571,12.857142857142858,8.714285714285714,5.857142857142857,22.0,6.714285714285714,0.6666666666666666,1.0,16.0,1.0,15.0,1278.5128740841192,1490.8196611463834
1637,29.857142857142858,60.57142857142857,9.857142857142858,25.714285714285715,8.714285714285714,13.428571428571429,10.428571428571429,7.0,15.714285714285714,21.857142857142858,58.857142857142854,5.571428571428571,21.571428571428573,8.0,5.857142857142857,12.714285714285714,5.142857142857143,17.142857142857142,21.142857142857142,26.75,57.0,7.625,18.125,8.5,14.625,12.875,7.625,17.625,24.25,60.5,6.75,25.375,11.375,12.625,13.875,7.875,17.75,9.0,1.0,0.8,9.0,8.0,1.0,1768.3893026259668,1876.2399813199936
1638,32.833333333333336,59.166666666666664,8.333333333333334,20.666666666666668,9.166666666666666,19.0,7.666666666666667,6.333333333333333,15.166666666666666,25.833333333333332,58.666666666666664,9.0,24.0,8.166666666666666,12.166666666666666,11.0,4.333333333333333,18.0,19.833333333333332,26.142857142857142,52.714285714285715,9.714285714285714,22.714285714285715,5.714285714285714,13.714285714285714,10.714285714285714,4.428571428571429,19.285714285714285,24.857142857142858,58.857142857142854,6.428571428571429,22.285714285714285,8.142857142857142,12.142857142857142,7.857142857142857,5.0,18.285714285714285,5.0,1.0,1.0,3.0,14.0,-11.0,2131.5178074725254,2193.956011153733
1639,27.857142857142858,59.142857142857146,4.285714285714286,12.857142857142858,6.714285714285714,14.285714285714286,9.142857142857142,6.571428571428571,18.428571428571427,24.428571428571427,59.285714285714285,8.571428571428571,22.857142857142858,11.714285714285714,13.0,9.714285714285714,5.142857142857143,15.571428571428571,-2.5714285714285716,28.428571428571427,60.142857142857146,7.714285714285714,21.714285714285715,9.571428571428571,11.714285714285714,10.0,7.0,19.857142857142858,23.714285714285715,55.714285714285715,7.0,23.285714285714285,7.714285714285714,11.285714285714286,12.142857142857142,4.428571428571429,20.142857142857142,7.142857142857143,0.5,1.0,4.0,13.0,-9.0,1945.9938100933737,1958.9676711242687
1640,26.0,56.166666666666664,7.833333333333333,23.333333333333332,7.166666666666667,16.5,13.833333333333334,6.833333333333333,17.666666666666668,24.333333333333332,59.5,7.833333333333333,24.166666666666668,8.5,13.333333333333334,12.833333333333334,7.5,17.0,2.6666666666666665,22.714285714285715,50.285714285714285,5.0,13.571428571428571,7.142857142857143,10.428571428571429,11.0,5.428571428571429,19.142857142857142,23.857142857142858,54.142857142857146,5.857142857142857,17.0,6.142857142857143,7.857142857142857,13.0,5.142857142857143,24.428571428571427,6.571428571428571,0.3333333333333333,1.0,3.0,14.0,-11.0,1917.3588933555477,1866.785837583568
1641,26.833333333333332,57.166666666666664,4.666666666666667,15.333333333333334,12.166666666666666,12.333333333333334,11.833333333333334,6.333333333333333,17.5,23.833333333333332,58.666666666666664,7.666666666666667,23.166666666666668,7.5,10.166666666666666,9.0,6.666666666666667,20.166666666666668,8.666666666666666,26.166666666666668,58.166666666666664,7.666666666666667,20.833333333333332,10.166666666666666,13.666666666666666,8.666666666666666,7.333333333333333,13.833333333333334,28.833333333333332,57.5,10.333333333333334,24.333333333333332,9.0,15.833333333333334,11.5,5.166666666666667,17.5,-3.5,0.3333333333333333,0.0,6.0,11.0,-5.0,1944.1319082896769,1995.7561234645289
1642,27.571428571428573,59.857142857142854,8.857142857142858,26.714285714285715,7.571428571428571,17.142857142857142,9.857142857142858,9.0,17.714285714285715,25.571428571428573,59.714285714285715,7.571428571428571,21.428571428571427,11.142857142857142,14.428571428571429,15.285714285714286,4.428571428571429,15.571428571428571,6.285714285714286,28.714285714285715,56.0,9.285714285714286,23.571428571428573,4.428571428571429,13.857142857142858,6.857142857142857,5.571428571428571,12.714285714285714,24.0,55.285714285714285,7.714285714285714,21.857142857142858,6.285714285714286,10.285714285714286,11.142857142857142,3.857142857142857,15.142857142857142,13.857142857142858,1.0,1.0,2.0,15.0,-13.0,2066.9922499893983,2103.741935802592
1643,30.5,61.166666666666664,7.5,19.833333333333332,8.666666666666666,14.333333333333334,10.833333333333334,6.833333333333333,13.666666666666666,29.166666666666668,59.333333333333336,10.166666666666666,25.833333333333332,6.0,16.833333333333332,11.166666666666666,6.333333333333333,14.333333333333334,1.8333333333333333,26.333333333333332,55.833333333333336,6.833333333333333,19.333333333333332,7.0,13.0,8.166666666666666,5.333333333333333,13.666666666666666,22.333333333333332,56.333333333333336,4.5,17.333333333333332,6.666666666666667,9.833333333333334,10.666666666666666,4.333333333333333,15.166666666666666,14.0,0.6666666666666666,1.0,5.0,12.0,-7.0,1989.0895042287773,2014.0457461148671
1644,27.5,56.666666666666664,9.833333333333334,20.0,6.333333333333333,15.5,9.666666666666666,3.6666666666666665,16.333333333333332,28.166666666666668,57.833333333333336,9.833333333333334,23.833333333333332,7.166666666666667,14.166666666666666,9.333333333333334,5.166666666666667,17.833333333333332,1.0,25.5,56.166666666666664,9.166666666666666,22.0,7.166666666666667,11.666666666666666,11.0,5.166666666666667,17.0,24.333333333333332,62.166666666666664,8.0,24.666666666666668,10.5,13.833333333333334,9.333333333333334,7.833333333333333,17.5,5.666666666666667,0.6666666666666666,0.3333333333333333,7.0,10.0,-3.0,1935.2607275663493,1966.9954083247208
1645,27.285714285714285,57.857142857142854,8.285714285714286,23.571428571428573,8.285714285714286,14.857142857142858,7.428571428571429,5.142857142857143,17.428571428571427,28.0,55.42857142857143,9.142857142857142,22.571428571428573,8.0,16.285714285714285,9.285714285714286,3.142857142857143,18.285714285714285,-1.4285714285714286,22.714285714285715,54.714285714285715,5.714285714285714,18.714285714285715,10.571428571428571,11.285714285714286,13.142857142857142,7.142857142857143,18.714285714285715,21.571428571428573,49.142857142857146,9.714285714285714,25.0,6.428571428571429,12.857142857142858,12.857142857142858,6.714285714285714,17.428571428571427,-4.285714285714286,0.25,0.5,11.0,6.0,5.0,1836.6207896027968,1873.2855431448995
1646,23.8,51.6,6.2,16.8,6.2,11.2,8.6,5.4,17.2,24.2,51.0,5.8,15.2,6.2,11.0,10.6,4.2,20.0,1.8,27.875,55.5,7.125,17.0,7.375,16.375,10.25,8.25,17.375,22.625,56.875,5.875,20.125,8.625,10.625,13.375,4.0,19.625,14.875,0.5,1.0,5.0,12.0,-7.0,1938.848298345014,2033.2417425433707
1647,27.0,62.0,7.142857142857143,18.571428571428573,10.714285714285714,16.142857142857142,11.285714285714286,6.714285714285714,17.428571428571427,25.571428571428573,58.285714285714285,6.285714285714286,21.714285714285715,9.142857142857142,14.571428571428571,12.571428571428571,5.714285714285714,15.142857142857142,2.2857142857142856,24.428571428571427,61.0,7.428571428571429,24.142857142857142,9.857142857142858,14.571428571428571,10.571428571428571,8.285714285714286,18.714285714285715,24.142857142857142,55.57142857142857,6.714285714285714,20.285714285714285,10.571428571428571,12.142857142857142,14.428571428571429,6.142857142857143,18.285714285714285,-2.857142857142857,0.5,0.4,6.0,11.0,-5.0,1922.5701188290905,1932.8616612198523
1648,28.625,60.625,7.625,20.0,10.25,15.375,10.875,5.375,15.375,25.0,57.875,7.0,20.375,6.125,13.375,10.25,5.875,17.25,8.125,27.0,57.166666666666664,7.833333333333333,21.666666666666668,6.666666666666667,13.666666666666666,10.333333333333334,5.0,16.166666666666668,24.666666666666668,61.166666666666664,7.0,23.5,8.666666666666666,11.333333333333334,9.333333333333334,6.5,18.666666666666668,5.5,0.8,1.0,3.0,14.0,-11.0,1966.2039954476124,1993.3662688457612
1649,28.5,63.75,9.25,31.25,12.375,16.125,12.875,6.0,18.75,23.375,61.75,5.875,16.625,8.25,7.75,11.125,7.375,19.25,13.25,24.428571428571427,54.857142857142854,8.571428571428571,20.428571428571427,8.142857142857142,12.142857142857142,9.142857142857142,4.428571428571429,16.0,24.428571428571427,52.285714285714285,5.571428571428571,15.571428571428571,6.428571428571429,12.285714285714286,9.714285714285714,4.428571428571429,17.285714285714285,3.4285714285714284,0.8,0.25,1.0,8.0,-7.0,2066.120884430407,2117.528352763364
1650,27.571428571428573,58.57142857142857,5.857142857142857,16.428571428571427,8.714285714285714,12.571428571428571,11.571428571428571,8.571428571428571,20.142857142857142,25.0,55.857142857142854,3.857142857142857,16.714285714285715,8.714285714285714,11.571428571428571,12.285714285714286,7.285714285714286,18.857142857142858,2.5714285714285716,25.75,56.625,6.0,19.75,6.5,13.875,11.375,8.0,15.25,25.25,59.375,5.375,18.625,9.0,11.875,12.125,5.375,15.125,2.625,0.25,0.6,8.0,1.0,7.0,1932.6151580736507,1977.122234561365
1651,25.0,59.0,6.875,23.0,11.75,14.25,10.375,9.5,18.75,19.625,49.625,6.0,18.5,7.25,10.25,14.125,6.375,17.125,12.625,25.5,56.833333333333336,7.333333333333333,19.166666666666668,6.833333333333333,12.666666666666666,11.0,6.666666666666667,19.666666666666668,26.333333333333332,56.666666666666664,6.666666666666667,18.0,12.0,14.333333333333334,11.666666666666666,7.666666666666667,17.833333333333332,-4.833333333333333,0.8,0.3333333333333333,1.0,9.0,-8.0,2094.020913112443,2160.907302410631
1652,25.0,59.6,9.0,26.0,8.6,12.0,9.6,3.2,17.0,24.4,60.8,7.0,20.6,8.6,10.0,7.8,5.2,19.0,3.2,27.142857142857142,58.714285714285715,9.285714285714286,26.0,7.142857142857143,13.857142857142858,9.285714285714286,10.142857142857142,16.142857142857142,23.571428571428573,53.285714285714285,8.857142857142858,25.857142857142858,10.142857142857142,14.285714285714286,15.571428571428571,5.0,13.714285714285714,3.142857142857143,1.0,0.75,15.0,7.0,8.0,1666.359448986787,1797.45014826515
1653,23.571428571428573,57.285714285714285,6.142857142857143,19.0,10.428571428571429,12.142857142857142,9.285714285714286,6.0,13.142857142857142,21.857142857142858,54.714285714285715,5.857142857142857,18.857142857142858,8.714285714285714,10.714285714285714,10.285714285714286,5.285714285714286,15.857142857142858,7.857142857142857,25.666666666666668,54.0,8.5,25.333333333333332,8.5,12.666666666666666,8.833333333333334,6.0,16.5,26.833333333333332,59.0,6.333333333333333,21.333333333333332,10.166666666666666,11.166666666666666,11.0,4.5,21.166666666666668,8.0,0.8,1.0,5.0,13.0,-8.0,1950.0519703096052,2047.8711832469116
1654,25.857142857142858,55.714285714285715,8.142857142857142,24.0,9.571428571428571,17.285714285714285,10.0,6.142857142857143,17.0,21.857142857142858,51.57142857142857,6.285714285714286,19.285714285714285,7.0,11.714285714285714,10.714285714285714,6.428571428571429,16.0,5.571428571428571,27.125,54.25,7.25,19.125,8.75,15.5,9.25,6.125,14.5,21.875,56.25,6.375,20.5,7.75,9.625,9.0,5.75,15.875,13.5,0.5,1.0,4.0,5.0,-1.0,1963.658692052244,2016.958051064345
1655,26.125,59.125,6.875,20.875,8.125,16.125,11.0,8.375,16.25,22.5,55.0,6.0,19.125,8.875,11.125,16.625,6.625,17.75,8.125,24.444444444444443,53.888888888888886,9.0,24.11111111111111,6.444444444444445,12.555555555555555,8.777777777777779,3.0,15.333333333333334,25.77777777777778,61.666666666666664,6.444444444444445,21.22222222222222,9.666666666666666,14.555555555555555,6.111111111111111,5.222222222222222,15.666666666666666,2.111111111111111,0.8,0.8333333333333334,2.0,10.0,-8.0,2067.3747806678434,2098.6338957129533
1656,26.125,59.125,6.875,20.875,8.125,16.125,11.0,8.375,16.25,22.5,55.0,6.0,19.125,8.875,11.125,16.625,6.625,17.75,8.125,24.444444444444443,53.888888888888886,9.0,24.11111111111111,6.444444444444445,12.555555555555555,8.777777777777779,3.0,15.333333333333334,25.77777777777778,61.666666666666664,6.444444444444445,21.22222222222222,9.666666666666666,14.555555555555555,6.111111111111111,5.222222222222222,15.666666666666666,2.111111111111111,0.8,0.8333333333333334,2.0,10.0,-8.0,2067.3747806678434,1975.2846133760677
1657,26.5,59.875,5.5,17.875,9.375,12.5,8.25,7.375,16.75,21.125,54.625,6.25,19.375,7.875,10.125,12.5,4.0,17.5,12.625,23.666666666666668,59.5,8.166666666666666,22.666666666666668,9.666666666666666,11.833333333333334,8.666666666666666,8.0,16.5,23.0,52.333333333333336,7.666666666666667,22.666666666666668,7.666666666666667,12.0,12.666666666666666,4.5,15.0,1.1666666666666667,0.8,0.3333333333333333,2.0,7.0,-5.0,2068.241757298309,2138.346477060984
1658,28.285714285714285,58.285714285714285,8.714285714285714,24.714285714285715,11.714285714285714,17.428571428571427,13.285714285714286,6.142857142857143,15.714285714285714,23.142857142857142,56.42857142857143,6.142857142857143,19.857142857142858,7.285714285714286,10.0,10.571428571428571,6.857142857142857,16.285714285714285,11.714285714285714,23.8,51.6,6.2,16.8,6.2,11.2,8.6,5.4,17.2,24.2,51.0,5.8,15.2,6.2,11.0,10.6,4.2,20.0,1.8,0.75,0.5,4.0,5.0,-1.0,2009.2042337959,2043.1717631185784
1659,26.571428571428573,58.42857142857143,10.571428571428571,27.142857142857142,8.0,17.285714285714285,11.571428571428571,5.0,13.857142857142858,26.714285714285715,61.857142857142854,7.0,19.857142857142858,7.285714285714286,12.714285714285714,8.428571428571429,7.571428571428571,15.714285714285714,5.857142857142857,23.0,53.833333333333336,10.833333333333334,26.666666666666668,7.333333333333333,11.5,13.0,5.0,17.5,27.833333333333332,58.666666666666664,7.166666666666667,23.0,11.333333333333334,17.333333333333332,10.166666666666666,6.166666666666667,16.666666666666668,-5.333333333333333,0.75,0.3333333333333333,6.0,3.0,3.0,1975.56042098257,1984.452845360325
1660,29.857142857142858,60.57142857142857,9.857142857142858,25.714285714285715,8.714285714285714,13.428571428571429,10.428571428571429,7.0,15.714285714285714,21.857142857142858,58.857142857142854,5.571428571428571,21.571428571428573,8.0,5.857142857142857,12.714285714285714,5.142857142857143,17.142857142857142,21.142857142857142,27.333333333333332,58.5,6.5,18.0,11.333333333333334,14.666666666666666,10.666666666666666,6.5,19.166666666666668,22.166666666666668,51.333333333333336,6.0,19.0,7.5,12.5,12.166666666666666,4.5,15.5,8.666666666666666,1.0,0.6666666666666666,9.0,16.0,-7.0,1792.2492095994598,1898.513983617826
1661,32.833333333333336,59.166666666666664,8.333333333333334,20.666666666666668,9.166666666666666,19.0,7.666666666666667,6.333333333333333,15.166666666666666,25.833333333333332,58.666666666666664,9.0,24.0,8.166666666666666,12.166666666666666,11.0,4.333333333333333,18.0,19.833333333333332,27.0,62.0,7.142857142857143,18.571428571428573,10.714285714285714,16.142857142857142,11.285714285714286,6.714285714285714,17.428571428571427,25.571428571428573,58.285714285714285,6.285714285714286,21.714285714285715,9.142857142857142,14.571428571428571,12.571428571428571,5.714285714285714,15.142857142857142,2.2857142857142856,1.0,0.5,3.0,6.0,-3.0,2133.3722065843185,2196.626372066042
1662,26.0,56.166666666666664,7.833333333333333,23.333333333333332,7.166666666666667,16.5,13.833333333333334,6.833333333333333,17.666666666666668,24.333333333333332,59.5,7.833333333333333,24.166666666666668,8.5,13.333333333333334,12.833333333333334,7.5,17.0,2.6666666666666665,26.833333333333332,57.166666666666664,4.666666666666667,15.333333333333334,12.166666666666666,12.333333333333334,11.833333333333334,6.333333333333333,17.5,23.833333333333332,58.666666666666664,7.666666666666667,23.166666666666668,7.5,10.166666666666666,9.0,6.666666666666667,20.166666666666668,8.666666666666666,0.3333333333333333,0.3333333333333333,3.0,6.0,-3.0,1922.0927009374232,1877.1671105518035
1663,30.5,61.166666666666664,7.5,19.833333333333332,8.666666666666666,14.333333333333334,10.833333333333334,6.833333333333333,13.666666666666666,29.166666666666668,59.333333333333336,10.166666666666666,25.833333333333332,6.0,16.833333333333332,11.166666666666666,6.333333333333333,14.333333333333334,1.8333333333333333,27.857142857142858,59.142857142857146,4.285714285714286,12.857142857142858,6.714285714285714,14.285714285714286,9.142857142857142,6.571428571428571,18.428571428571427,24.428571428571427,59.285714285714285,8.571428571428571,22.857142857142858,11.714285714285714,13.0,9.714285714285714,5.142857142857143,15.571428571428571,-2.5714285714285716,0.6666666666666666,0.5,5.0,4.0,1.0,1997.4923951552455,2025.0611625688284
1664,27.5,56.666666666666664,9.833333333333334,20.0,6.333333333333333,15.5,9.666666666666666,3.6666666666666665,16.333333333333332,28.166666666666668,57.833333333333336,9.833333333333334,23.833333333333332,7.166666666666667,14.166666666666666,9.333333333333334,5.166666666666667,17.833333333333332,1.0,27.571428571428573,59.857142857142854,8.857142857142858,26.714285714285715,7.571428571428571,17.142857142857142,9.857142857142858,9.0,17.714285714285715,25.571428571428573,59.714285714285715,7.571428571428571,21.428571428571427,11.142857142857142,14.428571428571429,15.285714285714286,4.428571428571429,15.571428571428571,6.285714285714286,0.6666666666666666,1.0,7.0,2.0,5.0,1950.5647566255852,1984.183405783755
1665,28.625,60.625,7.625,20.0,10.25,15.375,10.875,5.375,15.375,25.0,57.875,7.0,20.375,6.125,13.375,10.25,5.875,17.25,8.125,27.285714285714285,57.857142857142854,8.285714285714286,23.571428571428573,8.285714285714286,14.857142857142858,7.428571428571429,5.142857142857143,17.428571428571427,28.0,55.42857142857143,9.142857142857142,22.571428571428573,8.0,16.285714285714285,9.285714285714286,3.142857142857143,18.285714285714285,-1.4285714285714286,0.8,0.25,3.0,11.0,-8.0,1968.3979128741717,1997.5168177170883
1666,28.285714285714285,58.285714285714285,8.714285714285714,24.714285714285715,11.714285714285714,17.428571428571427,13.285714285714286,6.142857142857143,15.714285714285714,23.142857142857142,56.42857142857143,6.142857142857143,19.857142857142858,7.285714285714286,10.0,10.571428571428571,6.857142857142857,16.285714285714285,11.714285714285714,27.571428571428573,58.57142857142857,5.857142857142857,16.428571428571427,8.714285714285714,12.571428571428571,11.571428571428571,8.571428571428571,20.142857142857142,25.0,55.857142857142854,3.857142857142857,16.714285714285715,8.714285714285714,11.571428571428571,12.285714285714286,7.285714285714286,18.857142857142858,2.5714285714285716,0.75,0.25,4.0,8.0,-4.0,2022.610146738784,2059.3184365886905
1667,29.857142857142858,60.57142857142857,9.857142857142858,25.714285714285715,8.714285714285714,13.428571428571429,10.428571428571429,7.0,15.714285714285714,21.857142857142858,58.857142857142854,5.571428571428571,21.571428571428573,8.0,5.857142857142857,12.714285714285714,5.142857142857143,17.142857142857142,21.142857142857142,25.857142857142858,55.714285714285715,8.142857142857142,24.0,9.571428571428571,17.285714285714285,10.0,6.142857142857143,17.0,21.857142857142858,51.57142857142857,6.285714285714286,19.285714285714285,7.0,11.714285714285714,10.714285714285714,6.428571428571429,16.0,5.571428571428571,1.0,0.5,9.0,4.0,5.0,1794.12761542872,1901.799894040834
1668,32.833333333333336,59.166666666666664,8.333333333333334,20.666666666666668,9.166666666666666,19.0,7.666666666666667,6.333333333333333,15.166666666666666,25.833333333333332,58.666666666666664,9.0,24.0,8.166666666666666,12.166666666666666,11.0,4.333333333333333,18.0,19.833333333333332,26.5,59.875,5.5,17.875,9.375,12.5,8.25,7.375,16.75,21.125,54.625,6.25,19.375,7.875,10.125,12.5,4.0,17.5,12.625,1.0,0.8,3.0,2.0,1.0,2141.112271271358,2202.800312602728
1669,26.0,56.166666666666664,7.833333333333333,23.333333333333332,7.166666666666667,16.5,13.833333333333334,6.833333333333333,17.666666666666668,24.333333333333332,59.5,7.833333333333333,24.166666666666668,8.5,13.333333333333334,12.833333333333334,7.5,17.0,2.6666666666666665,27.5,56.666666666666664,9.833333333333334,20.0,6.333333333333333,15.5,9.666666666666666,3.6666666666666665,16.333333333333332,28.166666666666668,57.833333333333336,9.833333333333334,23.833333333333332,7.166666666666667,14.166666666666666,9.333333333333334,5.166666666666667,17.833333333333332,1.0,0.3333333333333333,0.6666666666666666,3.0,7.0,-4.0,1939.795162073068,1898.9920924340936
1670,26.571428571428573,58.42857142857143,10.571428571428571,27.142857142857142,8.0,17.285714285714285,11.571428571428571,5.0,13.857142857142858,26.714285714285715,61.857142857142854,7.0,19.857142857142858,7.285714285714286,12.714285714285714,8.428571428571429,7.571428571428571,15.714285714285714,5.857142857142857,25.0,59.6,9.0,26.0,8.6,12.0,9.6,3.2,17.0,24.4,60.8,7.0,20.6,8.6,10.0,7.8,5.2,19.0,3.2,0.75,1.0,6.0,15.0,-9.0,1994.794832070077,2004.474380482088
1671,30.5,61.166666666666664,7.5,19.833333333333332,8.666666666666666,14.333333333333334,10.833333333333334,6.833333333333333,13.666666666666666,29.166666666666668,59.333333333333336,10.166666666666666,25.833333333333332,6.0,16.833333333333332,11.166666666666666,6.333333333333333,14.333333333333334,1.8333333333333333,25.0,59.0,6.875,23.0,11.75,14.25,10.375,9.5,18.75,19.625,49.625,6.0,18.5,7.25,10.25,14.125,6.375,17.125,12.625,0.6666666666666666,0.8,5.0,1.0,4.0,2011.5608058225368,2038.6723332987003
1672,23.571428571428573,57.285714285714285,6.142857142857143,19.0,10.428571428571429,12.142857142857142,9.285714285714286,6.0,13.142857142857142,21.857142857142858,54.714285714285715,5.857142857142857,18.857142857142858,8.714285714285714,10.714285714285714,10.285714285714286,5.285714285714286,15.857142857142858,7.857142857142857,28.5,63.75,9.25,31.25,12.375,16.125,12.875,6.0,18.75,23.375,61.75,5.875,16.625,8.25,7.75,11.125,7.375,19.25,13.25,0.8,0.8,5.0,1.0,4.0,1956.0461364830508,2054.2249689865457
1673,26.125,59.125,6.875,20.875,8.125,16.125,11.0,8.375,16.25,22.5,55.0,6.0,19.125,8.875,11.125,16.625,6.625,17.75,8.125,28.625,60.625,7.625,20.0,10.25,15.375,10.875,5.375,15.375,25.0,57.875,7.0,20.375,6.125,13.375,10.25,5.875,17.25,8.125,0.8,0.8,2.0,3.0,-1.0,2077.285566134882,2107.1775423138
1674,26.125,59.125,6.875,20.875,8.125,16.125,11.0,8.375,16.25,22.5,55.0,6.0,19.125,8.875,11.125,16.625,6.625,17.75,8.125,28.625,60.625,7.625,20.0,10.25,15.375,10.875,5.375,15.375,25.0,57.875,7.0,20.375,6.125,13.375,10.25,5.875,17.25,8.125,0.8,0.8,2.0,3.0,-1.0,2077.285566134882,1988.5199974548111
1675,28.285714285714285,58.285714285714285,8.714285714285714,24.714285714285715,11.714285714285714,17.428571428571427,13.285714285714286,6.142857142857143,15.714285714285714,23.142857142857142,56.42857142857143,6.142857142857143,19.857142857142858,7.285714285714286,10.0,10.571428571428571,6.857142857142857,16.285714285714285,11.714285714285714,32.833333333333336,59.166666666666664,8.333333333333334,20.666666666666668,9.166666666666666,19.0,7.666666666666667,6.333333333333333,15.166666666666666,25.833333333333332,58.666666666666664,9.0,24.0,8.166666666666666,12.166666666666666,11.0,4.333333333333333,18.0,19.833333333333332,0.75,1.0,4.0,3.0,1.0,2035.6449651931812,2072.6070710006907
1676,29.857142857142858,60.57142857142857,9.857142857142858,25.714285714285715,8.714285714285714,13.428571428571429,10.428571428571429,7.0,15.714285714285714,21.857142857142858,58.857142857142854,5.571428571428571,21.571428571428573,8.0,5.857142857142857,12.714285714285714,5.142857142857143,17.142857142857142,21.142857142857142,26.0,56.166666666666664,7.833333333333333,23.333333333333332,7.166666666666667,16.5,13.833333333333334,6.833333333333333,17.666666666666668,24.333333333333332,59.5,7.833333333333333,24.166666666666668,8.5,13.333333333333334,12.833333333333334,7.5,17.0,2.6666666666666665,1.0,0.3333333333333333,9.0,3.0,6.0,1818.12254275469,1923.4541335503052
1677,30.5,61.166666666666664,7.5,19.833333333333332,8.666666666666666,14.333333333333334,10.833333333333334,6.833333333333333,13.666666666666666,29.166666666666668,59.333333333333336,10.166666666666666,25.833333333333332,6.0,16.833333333333332,11.166666666666666,6.333333333333333,14.333333333333334,1.8333333333333333,26.125,59.125,6.875,20.875,8.125,16.125,11.0,8.375,16.25,22.5,55.0,6.0,19.125,8.875,11.125,16.625,6.625,17.75,8.125,0.6666666666666666,0.8,5.0,2.0,3.0,2031.6450473896048,2060.401306537852
1678,30.5,61.166666666666664,7.5,19.833333333333332,8.666666666666666,14.333333333333334,10.833333333333334,6.833333333333333,13.666666666666666,29.166666666666668,59.333333333333336,10.166666666666666,25.833333333333332,6.0,16.833333333333332,11.166666666666666,6.333333333333333,14.333333333333334,1.8333333333333333,26.125,59.125,6.875,20.875,8.125,16.125,11.0,8.375,16.25,22.5,55.0,6.0,19.125,8.875,11.125,16.625,6.625,17.75,8.125,0.6666666666666666,0.8,5.0,2.0,3.0,2031.6450473896048,2079.063969406648
1679,23.571428571428573,57.285714285714285,6.142857142857143,19.0,10.428571428571429,12.142857142857142,9.285714285714286,6.0,13.142857142857142,21.857142857142858,54.714285714285715,5.857142857142857,18.857142857142858,8.714285714285714,10.714285714285714,10.285714285714286,5.285714285714286,15.857142857142858,7.857142857142857,26.571428571428573,58.42857142857143,10.571428571428571,27.142857142857142,8.0,17.285714285714285,11.571428571428571,5.0,13.857142857142858,26.714285714285715,61.857142857142854,7.0,19.857142857142858,7.285714285714286,12.714285714285714,8.428571428571429,7.571428571428571,15.714285714285714,5.857142857142857,0.8,0.75,5.0,6.0,-1.0,1977.312384990392,2073.504002943151
1680,28.285714285714285,58.285714285714285,8.714285714285714,24.714285714285715,11.714285714285714,17.428571428571427,13.285714285714286,6.142857142857143,15.714285714285714,23.142857142857142,56.42857142857143,6.142857142857143,19.857142857142858,7.285714285714286,10.0,10.571428571428571,6.857142857142857,16.285714285714285,11.714285714285714,30.5,61.166666666666664,7.5,19.833333333333332,8.666666666666666,14.333333333333334,10.833333333333334,6.833333333333333,13.666666666666666,29.166666666666668,59.333333333333336,10.166666666666666,25.833333333333332,6.0,16.833333333333332,11.166666666666666,6.333333333333333,14.333333333333334,1.8333333333333333,0.75,0.6666666666666666,4.0,5.0,-1.0,2056.9000483675877,2094.8657852393253
1681,23.571428571428573,57.285714285714285,6.142857142857143,19.0,10.428571428571429,12.142857142857142,9.285714285714286,6.0,13.142857142857142,21.857142857142858,54.714285714285715,5.857142857142857,18.857142857142858,8.714285714285714,10.714285714285714,10.285714285714286,5.285714285714286,15.857142857142858,7.857142857142857,29.857142857142858,60.57142857142857,9.857142857142858,25.714285714285715,8.714285714285714,13.428571428571429,10.428571428571429,7.0,15.714285714285714,21.857142857142858,58.857142857142854,5.571428571428571,21.571428571428573,8.0,5.857142857142857,12.714285714285714,5.142857142857143,17.142857142857142,21.142857142857142,0.8,1.0,5.0,9.0,-4.0,1994.335412139964,2086.730176972751
1682,28.285714285714285,58.285714285714285,8.714285714285714,24.714285714285715,11.714285714285714,17.428571428571427,13.285714285714286,6.142857142857143,15.714285714285714,23.142857142857142,56.42857142857143,6.142857142857143,19.857142857142858,7.285714285714286,10.0,10.571428571428571,6.857142857142857,16.285714285714285,11.714285714285714,23.571428571428573,57.285714285714285,6.142857142857143,19.0,10.428571428571429,12.142857142857142,9.285714285714286,6.0,13.142857142857142,21.857142857142858,54.714285714285715,5.857142857142857,18.857142857142858,8.714285714285714,10.714285714285714,10.285714285714286,5.285714285714286,15.857142857142858,7.857142857142857,0.75,0.8,4.0,5.0,-1.0,2072.594198408923,2110.7200165278355
1683,23.714285714285715,57.0,3.2857142857142856,17.857142857142858,12.0,12.714285714285714,13.285714285714286,7.428571428571429,16.142857142857142,23.0,56.57142857142857,8.285714285714286,26.428571428571427,8.714285714285714,14.0,11.0,7.428571428571429,17.428571428571427,-1.1428571428571428,27.285714285714285,57.857142857142854,8.285714285714286,23.571428571428573,8.285714285714286,14.857142857142858,7.428571428571429,5.142857142857143,17.428571428571427,28.0,55.42857142857143,9.142857142857142,22.571428571428573,8.0,16.285714285714285,9.285714285714286,3.142857142857143,18.285714285714285,-1.4285714285714286,0.5,0.25,11.0,11.0,0.0,1848.1912334757956,1909.9216961555755
1684,28.0,64.42857142857143,6.285714285714286,20.571428571428573,10.285714285714286,12.285714285714286,11.0,6.571428571428571,21.285714285714285,27.428571428571427,61.714285714285715,6.857142857142857,20.428571428571427,9.857142857142858,11.571428571428571,13.0,7.142857142857143,23.0,4.0,28.166666666666668,60.166666666666664,6.666666666666667,16.666666666666668,10.5,15.833333333333334,10.666666666666666,5.833333333333333,18.0,25.666666666666668,58.833333333333336,6.333333333333333,22.333333333333332,9.666666666666666,12.333333333333334,11.5,5.333333333333333,18.833333333333332,8.833333333333334,1.0,1.0,16.0,16.0,0.0,1356.1891621054365,1514.6945291378245
1685,23.166666666666668,55.5,6.0,18.166666666666668,5.5,14.333333333333334,8.666666666666666,6.166666666666667,16.333333333333332,24.666666666666668,58.333333333333336,8.333333333333334,29.0,8.666666666666666,13.333333333333334,10.666666666666666,5.0,18.0,-0.8333333333333334,24.428571428571427,61.0,7.428571428571429,24.142857142857142,9.857142857142858,14.571428571428571,10.571428571428571,8.285714285714286,18.714285714285715,24.142857142857142,55.57142857142857,6.714285714285714,20.285714285714285,10.571428571428571,12.142857142857142,14.428571428571429,6.142857142857143,18.285714285714285,-2.857142857142857,0.0,0.4,11.0,11.0,0.0,1692.802040943414,1808.706649710453
1686,25.625,57.625,5.0,15.875,10.625,11.75,12.25,7.0,19.0,23.0,54.0,5.625,17.875,7.625,10.375,12.375,7.5,18.75,3.625,27.333333333333332,58.5,6.5,18.0,11.333333333333334,14.666666666666666,10.666666666666666,6.5,19.166666666666668,22.166666666666668,51.333333333333336,6.0,19.0,7.5,12.5,12.166666666666666,4.5,15.5,8.666666666666666,0.6,0.6666666666666666,16.0,16.0,0.0,1255.400744110841,1501.6721381549858
1687,28.166666666666668,60.166666666666664,6.666666666666667,16.666666666666668,10.5,15.833333333333334,10.666666666666666,5.833333333333333,18.0,25.666666666666668,58.833333333333336,6.333333333333333,22.333333333333332,9.666666666666666,12.333333333333334,11.5,5.333333333333333,18.833333333333332,8.833333333333334,28.5,63.75,9.25,31.25,12.375,16.125,12.875,6.0,18.75,23.375,61.75,5.875,16.625,8.25,7.75,11.125,7.375,19.25,13.25,1.0,0.8,16.0,1.0,15.0,1403.3029652327125,1595.8680872401792
1688,25.428571428571427,59.142857142857146,6.714285714285714,22.857142857142858,10.0,9.714285714285714,10.571428571428571,6.714285714285714,18.0,27.571428571428573,60.142857142857146,6.428571428571429,17.571428571428573,9.142857142857142,11.714285714285714,10.714285714285714,6.571428571428571,18.714285714285715,-0.8571428571428571,27.571428571428573,58.57142857142857,5.857142857142857,16.428571428571427,8.714285714285714,12.571428571428571,11.571428571428571,8.571428571428571,20.142857142857142,25.0,55.857142857142854,3.857142857142857,16.714285714285715,8.714285714285714,11.571428571428571,12.285714285714286,7.285714285714286,18.857142857142858,2.5714285714285716,0.3333333333333333,0.25,9.0,8.0,1.0,1920.0834250500016,1945.4386778348696
1689,27.333333333333332,62.5,8.666666666666666,27.5,11.5,15.666666666666666,9.166666666666666,5.833333333333333,16.5,28.166666666666668,54.5,8.0,18.0,5.833333333333333,15.666666666666666,10.666666666666666,5.333333333333333,17.166666666666668,-2.0,25.5,56.833333333333336,7.333333333333333,19.166666666666668,6.833333333333333,12.666666666666666,11.0,6.666666666666667,19.666666666666668,26.333333333333332,56.666666666666664,6.666666666666667,18.0,12.0,14.333333333333334,11.666666666666666,7.666666666666667,17.833333333333332,-4.833333333333333,0.3333333333333333,0.3333333333333333,8.0,9.0,-1.0,1917.698934371737,1939.1766396839992
1690,27.666666666666668,63.0,10.0,30.666666666666668,8.166666666666666,13.666666666666666,7.5,8.166666666666666,13.0,26.0,63.5,7.166666666666667,23.666666666666668,9.333333333333334,9.833333333333334,12.5,4.5,16.333333333333332,13.166666666666666,27.125,54.25,7.25,19.125,8.75,15.5,9.25,6.125,14.5,21.875,56.25,6.375,20.5,7.75,9.625,9.0,5.75,15.875,13.5,1.0,1.0,12.0,5.0,7.0,1698.488588234973,1834.1646249244147
1691,23.25,55.0,5.0,17.875,7.875,14.5,7.0,7.0,14.625,21.0,50.0,6.625,20.375,5.75,10.875,10.5,4.875,14.125,2.5,25.666666666666668,54.0,8.5,25.333333333333332,8.5,12.666666666666666,8.833333333333334,6.0,16.5,26.833333333333332,59.0,6.333333333333333,21.333333333333332,10.166666666666666,11.166666666666666,11.0,4.5,21.166666666666668,8.0,0.8,1.0,4.0,13.0,-9.0,2007.289135324978,2040.9059431567084
1692,24.0,54.0,9.0,23.333333333333332,10.0,12.0,9.666666666666666,8.166666666666666,16.666666666666668,23.166666666666668,53.5,6.666666666666667,19.833333333333332,8.833333333333334,13.166666666666666,10.666666666666666,3.5,17.833333333333332,5.333333333333333,25.0,59.0,6.875,23.0,11.75,14.25,10.375,9.5,18.75,19.625,49.625,6.0,18.5,7.25,10.25,14.125,6.375,17.125,12.625,1.0,0.8,16.0,1.0,15.0,1552.521080100238,1672.1925085418147
1693,27.5,61.375,9.125,23.375,12.75,15.625,14.875,5.25,17.875,24.0,59.0,4.875,19.0,10.125,9.25,12.875,7.5,17.125,8.625,25.75,56.625,6.0,19.75,6.5,13.875,11.375,8.0,15.25,25.25,59.375,5.375,18.625,9.0,11.875,12.125,5.375,15.125,2.625,1.0,0.6,16.0,1.0,15.0,1309.4756810994177,1560.6762220230326
1694,26.857142857142858,60.0,7.571428571428571,22.857142857142858,10.0,12.285714285714286,12.714285714285714,8.0,16.0,26.285714285714285,57.42857142857143,7.285714285714286,20.714285714285715,9.857142857142858,12.571428571428571,14.285714285714286,8.142857142857142,19.285714285714285,2.857142857142857,24.428571428571427,54.857142857142854,8.571428571428571,20.428571428571427,8.142857142857142,12.142857142857142,9.142857142857142,4.428571428571429,16.0,24.428571428571427,52.285714285714285,5.571428571428571,15.571428571428571,6.428571428571429,12.285714285714286,9.714285714285714,4.428571428571429,17.285714285714285,3.4285714285714284,0.75,0.25,9.0,8.0,1.0,1910.2687117163343,1918.9624795669924
1695,26.714285714285715,56.142857142857146,7.857142857142857,24.142857142857142,7.428571428571429,16.142857142857142,12.714285714285714,5.714285714285714,19.0,21.857142857142858,57.714285714285715,5.428571428571429,18.857142857142858,8.285714285714286,9.142857142857142,10.857142857142858,5.857142857142857,18.0,11.0,27.142857142857142,58.714285714285715,9.285714285714286,26.0,7.142857142857143,13.857142857142858,9.285714285714286,10.142857142857142,16.142857142857142,23.571428571428573,53.285714285714285,8.857142857142858,25.857142857142858,10.142857142857142,14.285714285714286,15.571428571428571,5.0,13.714285714285714,3.142857142857143,0.8,0.75,10.0,7.0,3.0,1816.0474452888875,1905.485608073788
1696,24.714285714285715,56.42857142857143,7.714285714285714,21.571428571428573,7.285714285714286,10.714285714285714,10.0,5.571428571428571,16.0,25.714285714285715,60.142857142857146,9.142857142857142,26.0,8.714285714285714,13.714285714285714,11.571428571428571,5.285714285714286,19.0,-0.42857142857142855,23.666666666666668,59.5,8.166666666666666,22.666666666666668,9.666666666666666,11.833333333333334,8.666666666666666,8.0,16.5,23.0,52.333333333333336,7.666666666666667,22.666666666666668,7.666666666666667,12.0,12.666666666666666,4.5,15.0,1.1666666666666667,0.5,0.3333333333333333,10.0,7.0,3.0,1838.4272610108765,1941.4942875704685
1697,21.75,53.875,5.625,17.5,10.875,10.875,12.75,6.25,16.5,23.25,56.75,8.25,27.625,10.875,14.0,12.875,8.25,19.375,2.5,24.444444444444443,53.888888888888886,9.0,24.11111111111111,6.444444444444445,12.555555555555555,8.777777777777779,3.0,15.333333333333334,25.77777777777778,61.666666666666664,6.444444444444445,21.22222222222222,9.666666666666666,14.555555555555555,6.111111111111111,5.222222222222222,15.666666666666666,2.111111111111111,0.8,0.8333333333333334,7.0,10.0,-3.0,1985.0435281469895,2020.003216609048
1698,28.571428571428573,55.57142857142857,8.285714285714286,19.285714285714285,6.428571428571429,16.857142857142858,12.571428571428571,4.857142857142857,17.142857142857142,26.428571428571427,63.142857142857146,8.285714285714286,24.857142857142858,8.428571428571429,14.428571428571429,10.857142857142858,7.142857142857143,18.571428571428573,5.428571428571429,25.0,59.6,9.0,26.0,8.6,12.0,9.6,3.2,17.0,24.4,60.8,7.0,20.6,8.6,10.0,7.8,5.2,19.0,3.2,0.8,1.0,2.0,15.0,-13.0,2054.797894961483,2086.019571327844
1699,25.0,60.2,8.4,29.4,10.2,12.0,10.0,8.2,15.2,23.4,58.6,5.6,20.0,7.0,10.4,13.8,4.4,19.6,16.0,23.571428571428573,57.285714285714285,6.142857142857143,19.0,10.428571428571429,12.142857142857142,9.285714285714286,6.0,13.142857142857142,21.857142857142858,54.714285714285715,5.857142857142857,18.857142857142858,8.714285714285714,10.714285714285714,10.285714285714286,5.285714285714286,15.857142857142858,7.857142857142857,1.0,0.8,12.0,5.0,7.0,1732.9887498607222,1872.211504951866
1700,26.166666666666668,54.166666666666664,5.5,15.833333333333334,8.5,11.166666666666666,11.666666666666666,6.833333333333333,17.333333333333332,23.666666666666668,55.666666666666664,4.166666666666667,15.0,7.166666666666667,7.333333333333333,9.666666666666666,7.333333333333333,18.0,7.333333333333333,25.857142857142858,55.714285714285715,8.142857142857142,24.0,9.571428571428571,17.285714285714285,10.0,6.142857142857143,17.0,21.857142857142858,51.57142857142857,6.285714285714286,19.285714285714285,7.0,11.714285714285714,10.714285714285714,6.428571428571429,16.0,5.571428571428571,1.0,0.5,13.0,4.0,9.0,1621.8018501183426,1719.059473356427
1701,32.166666666666664,59.5,8.333333333333334,19.666666666666668,6.5,21.5,8.166666666666666,4.666666666666667,12.166666666666666,27.166666666666668,62.833333333333336,7.0,23.833333333333332,7.333333333333333,17.0,8.333333333333334,4.0,14.5,14.166666666666666,26.125,59.125,6.875,20.875,8.125,16.125,11.0,8.375,16.25,22.5,55.0,6.0,19.125,8.875,11.125,16.625,6.625,17.75,8.125,1.0,0.8,15.0,2.0,13.0,1632.9432445338389,1773.7546092967325
1702,32.166666666666664,59.5,8.333333333333334,19.666666666666668,6.5,21.5,8.166666666666666,4.666666666666667,12.166666666666666,27.166666666666668,62.833333333333336,7.0,23.833333333333332,7.333333333333333,17.0,8.333333333333334,4.0,14.5,14.166666666666666,26.125,59.125,6.875,20.875,8.125,16.125,11.0,8.375,16.25,22.5,55.0,6.0,19.125,8.875,11.125,16.625,6.625,17.75,8.125,1.0,0.8,15.0,2.0,13.0,1632.9432445338389,1769.3879276706527
1703,24.833333333333332,51.666666666666664,7.833333333333333,19.333333333333332,7.0,11.833333333333334,10.833333333333334,5.5,11.5,25.333333333333332,62.5,6.333333333333333,22.0,7.333333333333333,10.5,9.0,5.5,21.0,9.5,26.5,59.875,5.5,17.875,9.375,12.5,8.25,7.375,16.75,21.125,54.625,6.25,19.375,7.875,10.125,12.5,4.0,17.5,12.625,1.0,0.8,15.0,2.0,13.0,1489.7322284904571,1643.913915799797
1704,27.555555555555557,54.888888888888886,6.444444444444445,16.11111111111111,4.555555555555555,15.11111111111111,7.666666666666667,5.111111111111111,16.22222222222222,26.333333333333332,54.888888888888886,5.777777777777778,16.88888888888889,5.222222222222222,12.11111111111111,10.444444444444445,3.6666666666666665,17.88888888888889,4.888888888888889,23.0,53.833333333333336,10.833333333333334,26.666666666666668,7.333333333333333,11.5,13.0,5.0,17.5,27.833333333333332,58.666666666666664,7.166666666666667,23.0,11.333333333333334,17.333333333333332,10.166666666666666,6.166666666666667,16.666666666666668,-5.333333333333333,1.0,0.3333333333333333,14.0,3.0,11.0,1628.5980685919014,1774.5660551487242
1705,27.875,59.0,8.0,19.625,12.0,15.25,9.75,6.875,14.625,22.875,56.375,6.0,20.625,8.5,10.375,11.875,5.375,17.75,17.375,28.285714285714285,58.285714285714285,8.714285714285714,24.714285714285715,11.714285714285714,17.428571428571427,13.285714285714286,6.142857142857143,15.714285714285714,23.142857142857142,56.42857142857143,6.142857142857143,19.857142857142858,7.285714285714286,10.0,10.571428571428571,6.857142857142857,16.285714285714285,11.714285714285714,1.0,0.75,13.0,4.0,9.0,1677.0234942337215,1871.772491982467
1706,29.833333333333332,64.0,7.5,22.333333333333332,8.666666666666666,10.0,7.666666666666667,6.333333333333333,17.333333333333332,26.666666666666668,56.0,8.5,23.0,8.333333333333334,10.333333333333334,11.666666666666666,3.0,14.666666666666666,-1.8333333333333333,26.571428571428573,58.42857142857143,10.571428571428571,27.142857142857142,8.0,17.285714285714285,11.571428571428571,5.0,13.857142857142858,26.714285714285715,61.857142857142854,7.0,19.857142857142858,7.285714285714286,12.714285714285714,8.428571428571429,7.571428571428571,15.714285714285714,5.857142857142857,0.3333333333333333,0.75,11.0,6.0,5.0,1855.596431092924,1888.2786593260053
1707,24.571428571428573,55.0,6.0,19.857142857142858,12.142857142857142,15.571428571428571,9.428571428571429,5.285714285714286,14.714285714285714,24.142857142857142,55.57142857142857,7.428571428571429,20.857142857142858,6.571428571428571,12.857142857142858,8.714285714285714,5.857142857142857,22.0,6.714285714285714,27.333333333333332,58.5,6.5,18.0,11.333333333333334,14.666666666666666,10.666666666666666,6.5,19.166666666666668,22.166666666666668,51.333333333333336,6.0,19.0,7.5,12.5,12.166666666666666,4.5,15.5,8.666666666666666,1.0,0.6666666666666666,1.0,16.0,-15.0,2088.629754278604,2109.956459005
1708,26.75,57.0,7.625,18.125,8.5,14.625,12.875,7.625,17.625,24.25,60.5,6.75,25.375,11.375,12.625,13.875,7.875,17.75,9.0,29.857142857142858,60.57142857142857,9.857142857142858,25.714285714285715,8.714285714285714,13.428571428571429,10.428571428571429,7.0,15.714285714285714,21.857142857142858,58.857142857142854,5.571428571428571,21.571428571428573,8.0,5.857142857142857,12.714285714285714,5.142857142857143,17.142857142857142,21.142857142857142,0.8,1.0,8.0,9.0,-1.0,1955.2050538126707,2020.1856203201307
1709,26.142857142857142,52.714285714285715,9.714285714285714,22.714285714285715,5.714285714285714,13.714285714285714,10.714285714285714,4.428571428571429,19.285714285714285,24.857142857142858,58.857142857142854,6.428571428571429,22.285714285714285,8.142857142857142,12.142857142857142,7.857142857142857,5.0,18.285714285714285,5.0,32.833333333333336,59.166666666666664,8.333333333333334,20.666666666666668,9.166666666666666,19.0,7.666666666666667,6.333333333333333,15.166666666666666,25.833333333333332,58.666666666666664,9.0,24.0,8.166666666666666,12.166666666666666,11.0,4.333333333333333,18.0,19.833333333333332,1.0,1.0,14.0,3.0,11.0,1647.1095137057666,1777.6613085516044
1710,28.428571428571427,60.142857142857146,7.714285714285714,21.714285714285715,9.571428571428571,11.714285714285714,10.0,7.0,19.857142857142858,23.714285714285715,55.714285714285715,7.0,23.285714285714285,7.714285714285714,11.285714285714286,12.142857142857142,4.428571428571429,20.142857142857142,7.142857142857143,27.857142857142858,59.142857142857146,4.285714285714286,12.857142857142858,6.714285714285714,14.285714285714286,9.142857142857142,6.571428571428571,18.428571428571427,24.428571428571427,59.285714285714285,8.571428571428571,22.857142857142858,11.714285714285714,13.0,9.714285714285714,5.142857142857143,15.571428571428571,-2.5714285714285716,1.0,0.5,13.0,4.0,9.0,1792.2671870735076,1911.5557181848176
1711,22.714285714285715,50.285714285714285,5.0,13.571428571428571,7.142857142857143,10.428571428571429,11.0,5.428571428571429,19.142857142857142,23.857142857142858,54.142857142857146,5.857142857142857,17.0,6.142857142857143,7.857142857142857,13.0,5.142857142857143,24.428571428571427,6.571428571428571,26.0,56.166666666666664,7.833333333333333,23.333333333333332,7.166666666666667,16.5,13.833333333333334,6.833333333333333,17.666666666666668,24.333333333333332,59.5,7.833333333333333,24.166666666666668,8.5,13.333333333333334,12.833333333333334,7.5,17.0,2.6666666666666665,1.0,0.3333333333333333,14.0,3.0,11.0,1613.1933356327506,1739.3540346655918
1712,26.166666666666668,58.166666666666664,7.666666666666667,20.833333333333332,10.166666666666666,13.666666666666666,8.666666666666666,7.333333333333333,13.833333333333334,28.833333333333332,57.5,10.333333333333334,24.333333333333332,9.0,15.833333333333334,11.5,5.166666666666667,17.5,-3.5,26.833333333333332,57.166666666666664,4.666666666666667,15.333333333333334,12.166666666666666,12.333333333333334,11.833333333333334,6.333333333333333,17.5,23.833333333333332,58.666666666666664,7.666666666666667,23.166666666666668,7.5,10.166666666666666,9.0,6.666666666666667,20.166666666666668,8.666666666666666,0.0,0.3333333333333333,11.0,6.0,5.0,1923.908721575099,1951.6232567474808
1713,28.714285714285715,56.0,9.285714285714286,23.571428571428573,4.428571428571429,13.857142857142858,6.857142857142857,5.571428571428571,12.714285714285714,24.0,55.285714285714285,7.714285714285714,21.857142857142858,6.285714285714286,10.285714285714286,11.142857142857142,3.857142857142857,15.142857142857142,13.857142857142858,27.571428571428573,59.857142857142854,8.857142857142858,26.714285714285715,7.571428571428571,17.142857142857142,9.857142857142858,9.0,17.714285714285715,25.571428571428573,59.714285714285715,7.571428571428571,21.428571428571427,11.142857142857142,14.428571428571429,15.285714285714286,4.428571428571429,15.571428571428571,6.285714285714286,1.0,1.0,15.0,2.0,13.0,1640.699312710461,1797.1662389559756
1714,26.333333333333332,55.833333333333336,6.833333333333333,19.333333333333332,7.0,13.0,8.166666666666666,5.333333333333333,13.666666666666666,22.333333333333332,56.333333333333336,4.5,17.333333333333332,6.666666666666667,9.833333333333334,10.666666666666666,4.333333333333333,15.166666666666666,14.0,30.5,61.166666666666664,7.5,19.833333333333332,8.666666666666666,14.333333333333334,10.833333333333334,6.833333333333333,13.666666666666666,29.166666666666668,59.333333333333336,10.166666666666666,25.833333333333332,6.0,16.833333333333332,11.166666666666666,6.333333333333333,14.333333333333334,1.8333333333333333,1.0,0.6666666666666666,12.0,5.0,7.0,1809.717474724687,1902.0859725891992
1715,25.5,56.166666666666664,9.166666666666666,22.0,7.166666666666667,11.666666666666666,11.0,5.166666666666667,17.0,24.333333333333332,62.166666666666664,8.0,24.666666666666668,10.5,13.833333333333334,9.333333333333334,7.833333333333333,17.5,5.666666666666667,27.5,56.666666666666664,9.833333333333334,20.0,6.333333333333333,15.5,9.666666666666666,3.6666666666666665,16.333333333333332,28.166666666666668,57.833333333333336,9.833333333333334,23.833333333333332,7.166666666666667,14.166666666666666,9.333333333333334,5.166666666666667,17.833333333333332,1.0,0.3333333333333333,0.6666666666666666,10.0,7.0,3.0,1920.138368160626,1992.8400094962567
1716,22.714285714285715,54.714285714285715,5.714285714285714,18.714285714285715,10.571428571428571,11.285714285714286,13.142857142857142,7.142857142857143,18.714285714285715,21.571428571428573,49.142857142857146,9.714285714285714,25.0,6.428571428571429,12.857142857142858,12.857142857142858,6.714285714285714,17.428571428571427,-4.285714285714286,27.285714285714285,57.857142857142854,8.285714285714286,23.571428571428573,8.285714285714286,14.857142857142858,7.428571428571429,5.142857142857143,17.428571428571427,28.0,55.42857142857143,9.142857142857142,22.571428571428573,8.0,16.285714285714285,9.285714285714286,3.142857142857143,18.285714285714285,-1.4285714285714286,0.5,0.25,6.0,11.0,-5.0,1903.800350710714,1915.7086901066712
1717,27.875,55.5,7.125,17.0,7.375,16.375,10.25,8.25,17.375,22.625,56.875,5.875,20.125,8.625,10.625,13.375,4.0,19.625,14.875,23.8,51.6,6.2,16.8,6.2,11.2,8.6,5.4,17.2,24.2,51.0,5.8,15.2,6.2,11.0,10.6,4.2,20.0,1.8,1.0,0.5,12.0,5.0,7.0,1884.659403831192,1969.904144172468
1718,24.428571428571427,61.0,7.428571428571429,24.142857142857142,9.857142857142858,14.571428571428571,10.571428571428571,8.285714285714286,18.714285714285715,24.142857142857142,55.57142857142857,6.714285714285714,20.285714285714285,10.571428571428571,12.142857142857142,14.428571428571429,6.142857142857143,18.285714285714285,-2.857142857142857,27.0,62.0,7.142857142857143,18.571428571428573,10.714285714285714,16.142857142857142,11.285714285714286,6.714285714285714,17.428571428571427,25.571428571428573,58.285714285714285,6.285714285714286,21.714285714285715,9.142857142857142,14.571428571428571,12.571428571428571,5.714285714285714,15.142857142857142,2.2857142857142856,0.4,0.5,11.0,6.0,5.0,1841.755995128979,1914.7444964266024
1719,27.0,57.166666666666664,7.833333333333333,21.666666666666668,6.666666666666667,13.666666666666666,10.333333333333334,5.0,16.166666666666668,24.666666666666668,61.166666666666664,7.0,23.5,8.666666666666666,11.333333333333334,9.333333333333334,6.5,18.666666666666668,5.5,28.625,60.625,7.625,20.0,10.25,15.375,10.875,5.375,15.375,25.0,57.875,7.0,20.375,6.125,13.375,10.25,5.875,17.25,8.125,1.0,0.8,14.0,3.0,11.0,1512.9701464653813,1662.6818254875589
1720,24.428571428571427,54.857142857142854,8.571428571428571,20.428571428571427,8.142857142857142,12.142857142857142,9.142857142857142,4.428571428571429,16.0,24.428571428571427,52.285714285714285,5.571428571428571,15.571428571428571,6.428571428571429,12.285714285714286,9.714285714285714,4.428571428571429,17.285714285714285,3.4285714285714284,28.5,63.75,9.25,31.25,12.375,16.125,12.875,6.0,18.75,23.375,61.75,5.875,16.625,8.25,7.75,11.125,7.375,19.25,13.25,0.25,0.8,8.0,1.0,7.0,1895.0134020031865,1952.452498269929
1721,25.75,56.625,6.0,19.75,6.5,13.875,11.375,8.0,15.25,25.25,59.375,5.375,18.625,9.0,11.875,12.125,5.375,15.125,2.625,27.571428571428573,58.57142857142857,5.857142857142857,16.428571428571427,8.714285714285714,12.571428571428571,11.571428571428571,8.571428571428571,20.142857142857142,25.0,55.857142857142854,3.857142857142857,16.714285714285715,8.714285714285714,11.571428571428571,12.285714285714286,7.285714285714286,18.857142857142858,2.5714285714285716,0.6,0.25,1.0,8.0,-7.0,2149.1541560952705,2133.3564056645578
1722,25.5,56.833333333333336,7.333333333333333,19.166666666666668,6.833333333333333,12.666666666666666,11.0,6.666666666666667,19.666666666666668,26.333333333333332,56.666666666666664,6.666666666666667,18.0,12.0,14.333333333333334,11.666666666666666,7.666666666666667,17.833333333333332,-4.833333333333333,25.0,59.0,6.875,23.0,11.75,14.25,10.375,9.5,18.75,19.625,49.625,6.0,18.5,7.25,10.25,14.125,6.375,17.125,12.625,0.3333333333333333,0.8,9.0,1.0,8.0,1909.86552466602,1968.1766367210096
1723,27.142857142857142,58.714285714285715,9.285714285714286,26.0,7.142857142857143,13.857142857142858,9.285714285714286,10.142857142857142,16.142857142857142,23.571428571428573,53.285714285714285,8.857142857142858,25.857142857142858,10.142857142857142,14.285714285714286,15.571428571428571,5.0,13.714285714285714,3.142857142857143,25.0,59.6,9.0,26.0,8.6,12.0,9.6,3.2,17.0,24.4,60.8,7.0,20.6,8.6,10.0,7.8,5.2,19.0,3.2,0.75,1.0,7.0,15.0,-8.0,1904.112914523582,1919.7782830531075
1724,25.666666666666668,54.0,8.5,25.333333333333332,8.5,12.666666666666666,8.833333333333334,6.0,16.5,26.833333333333332,59.0,6.333333333333333,21.333333333333332,10.166666666666666,11.166666666666666,11.0,4.5,21.166666666666668,8.0,23.571428571428573,57.285714285714285,6.142857142857143,19.0,10.428571428571429,12.142857142857142,9.285714285714286,6.0,13.142857142857142,21.857142857142858,54.714285714285715,5.857142857142857,18.857142857142858,8.714285714285714,10.714285714285714,10.285714285714286,5.285714285714286,15.857142857142858,7.857142857142857,1.0,0.8,13.0,5.0,8.0,1695.1151684594795,1805.4749029876773
1725,27.125,54.25,7.25,19.125,8.75,15.5,9.25,6.125,14.5,21.875,56.25,6.375,20.5,7.75,9.625,9.0,5.75,15.875,13.5,25.857142857142858,55.714285714285715,8.142857142857142,24.0,9.571428571428571,17.285714285714285,10.0,6.142857142857143,17.0,21.857142857142858,51.57142857142857,6.285714285714286,19.285714285714285,7.0,11.714285714285714,10.714285714285714,6.428571428571429,16.0,5.571428571428571,1.0,0.5,5.0,4.0,1.0,2080.109893494277,1954.4946184247965
1726,24.444444444444443,53.888888888888886,9.0,24.11111111111111,6.444444444444445,12.555555555555555,8.777777777777779,3.0,15.333333333333334,25.77777777777778,61.666666666666664,6.444444444444445,21.22222222222222,9.666666666666666,14.555555555555555,6.111111111111111,5.222222222222222,15.666666666666666,2.111111111111111,26.125,59.125,6.875,20.875,8.125,16.125,11.0,8.375,16.25,22.5,55.0,6.0,19.125,8.875,11.125,16.625,6.625,17.75,8.125,0.8333333333333334,0.8,10.0,2.0,8.0,1928.145901542585,1923.187007598705
1727,24.444444444444443,53.888888888888886,9.0,24.11111111111111,6.444444444444445,12.555555555555555,8.777777777777779,3.0,15.333333333333334,25.77777777777778,61.666666666666664,6.444444444444445,21.22222222222222,9.666666666666666,14.555555555555555,6.111111111111111,5.222222222222222,15.666666666666666,2.111111111111111,26.125,59.125,6.875,20.875,8.125,16.125,11.0,8.375,16.25,22.5,55.0,6.0,19.125,8.875,11.125,16.625,6.625,17.75,8.125,0.8333333333333334,0.8,10.0,2.0,8.0,1928.145901542585,1914.6433609978576
1728,23.666666666666668,59.5,8.166666666666666,22.666666666666668,9.666666666666666,11.833333333333334,8.666666666666666,8.0,16.5,23.0,52.333333333333336,7.666666666666667,22.666666666666668,7.666666666666667,12.0,12.666666666666666,4.5,15.0,1.1666666666666667,26.5,59.875,5.5,17.875,9.375,12.5,8.25,7.375,16.75,21.125,54.625,6.25,19.375,7.875,10.125,12.5,4.0,17.5,12.625,0.3333333333333333,0.8,7.0,2.0,5.0,1870.6580977236915,1904.369276954323
1729,23.8,51.6,6.2,16.8,6.2,11.2,8.6,5.4,17.2,24.2,51.0,5.8,15.2,6.2,11.0,10.6,4.2,20.0,1.8,28.285714285714285,58.285714285714285,8.714285714285714,24.714285714285715,11.714285714285714,17.428571428571427,13.285714285714286,6.142857142857143,15.714285714285714,23.142857142857142,56.42857142857143,6.142857142857143,19.857142857142858,7.285714285714286,10.0,10.571428571428571,6.857142857142857,16.285714285714285,11.714285714285714,0.5,0.75,5.0,4.0,1.0,1952.372847716693,2046.356826275682
1730,23.0,53.833333333333336,10.833333333333334,26.666666666666668,7.333333333333333,11.5,13.0,5.0,17.5,27.833333333333332,58.666666666666664,7.166666666666667,23.0,11.333333333333334,17.333333333333332,10.166666666666666,6.166666666666667,16.666666666666668,-5.333333333333333,26.571428571428573,58.42857142857143,10.571428571428571,27.142857142857142,8.0,17.285714285714285,11.571428571428571,5.0,13.857142857142858,26.714285714285715,61.857142857142854,7.0,19.857142857142858,7.285714285714286,12.714285714285714,8.428571428571429,7.571428571428571,15.714285714285714,5.857142857142857,0.3333333333333333,0.75,3.0,6.0,-3.0,2046.775636559348,2073.6913291537458
1731,27.333333333333332,58.5,6.5,18.0,11.333333333333334,14.666666666666666,10.666666666666666,6.5,19.166666666666668,22.166666666666668,51.333333333333336,6.0,19.0,7.5,12.5,12.166666666666666,4.5,15.5,8.666666666666666,29.857142857142858,60.57142857142857,9.857142857142858,25.714285714285715,8.714285714285714,13.428571428571429,10.428571428571429,7.0,15.714285714285714,21.857142857142858,58.857142857142854,5.571428571428571,21.571428571428573,8.0,5.857142857142857,12.714285714285714,5.142857142857143,17.142857142857142,21.142857142857142,0.6666666666666666,1.0,16.0,9.0,7.0,1310.2137993414688,1521.9382512598083
1732,27.0,62.0,7.142857142857143,18.571428571428573,10.714285714285714,16.142857142857142,11.285714285714286,6.714285714285714,17.428571428571427,25.571428571428573,58.285714285714285,6.285714285714286,21.714285714285715,9.142857142857142,14.571428571428571,12.571428571428571,5.714285714285714,15.142857142857142,2.2857142857142856,32.833333333333336,59.166666666666664,8.333333333333334,20.666666666666668,9.166666666666666,19.0,7.666666666666667,6.333333333333333,15.166666666666666,25.833333333333332,58.666666666666664,9.0,24.0,8.166666666666666,12.166666666666666,11.0,4.333333333333333,18.0,19.833333333333332,0.5,1.0,6.0,3.0,3.0,1934.9141872884,1948.0280903438224
1733,26.833333333333332,57.166666666666664,4.666666666666667,15.333333333333334,12.166666666666666,12.333333333333334,11.833333333333334,6.333333333333333,17.5,23.833333333333332,58.666666666666664,7.666666666666667,23.166666666666668,7.5,10.166666666666666,9.0,6.666666666666667,20.166666666666668,8.666666666666666,26.0,56.166666666666664,7.833333333333333,23.333333333333332,7.166666666666667,16.5,13.833333333333334,6.833333333333333,17.666666666666668,24.333333333333332,59.5,7.833333333333333,24.166666666666668,8.5,13.333333333333334,12.833333333333334,7.5,17.0,2.6666666666666665,0.3333333333333333,0.3333333333333333,6.0,3.0,3.0,1959.2016464802696,2009.7345908111365
1734,27.857142857142858,59.142857142857146,4.285714285714286,12.857142857142858,6.714285714285714,14.285714285714286,9.142857142857142,6.571428571428571,18.428571428571427,24.428571428571427,59.285714285714285,8.571428571428571,22.857142857142858,11.714285714285714,13.0,9.714285714285714,5.142857142857143,15.571428571428571,-2.5714285714285716,30.5,61.166666666666664,7.5,19.833333333333332,8.666666666666666,14.333333333333334,10.833333333333334,6.833333333333333,13.666666666666666,29.166666666666668,59.333333333333336,10.166666666666666,25.833333333333332,6.0,16.833333333333332,11.166666666666666,6.333333333333333,14.333333333333334,1.8333333333333333,0.5,0.6666666666666666,4.0,5.0,-1.0,1955.3428963805768,1972.7977229260769
1735,27.571428571428573,59.857142857142854,8.857142857142858,26.714285714285715,7.571428571428571,17.142857142857142,9.857142857142858,9.0,17.714285714285715,25.571428571428573,59.714285714285715,7.571428571428571,21.428571428571427,11.142857142857142,14.428571428571429,15.285714285714286,4.428571428571429,15.571428571428571,6.285714285714286,27.5,56.666666666666664,9.833333333333334,20.0,6.333333333333333,15.5,9.666666666666666,3.6666666666666665,16.333333333333332,28.166666666666668,57.833333333333336,9.833333333333334,23.833333333333332,7.166666666666667,14.166666666666666,9.333333333333334,5.166666666666667,17.833333333333332,1.0,1.0,0.6666666666666666,2.0,7.0,-5.0,2069.525080225051,2108.420055614809
1736,27.285714285714285,57.857142857142854,8.285714285714286,23.571428571428573,8.285714285714286,14.857142857142858,7.428571428571429,5.142857142857143,17.428571428571427,28.0,55.42857142857143,9.142857142857142,22.571428571428573,8.0,16.285714285714285,9.285714285714286,3.142857142857143,18.285714285714285,-1.4285714285714286,28.625,60.625,7.625,20.0,10.25,15.375,10.875,5.375,15.375,25.0,57.875,7.0,20.375,6.125,13.375,10.25,5.875,17.25,8.125,0.25,0.8,11.0,3.0,8.0,1855.6765351374413,1891.229549593454
1737,27.571428571428573,58.57142857142857,5.857142857142857,16.428571428571427,8.714285714285714,12.571428571428571,11.571428571428571,8.571428571428571,20.142857142857142,25.0,55.857142857142854,3.857142857142857,16.714285714285715,8.714285714285714,11.571428571428571,12.285714285714286,7.285714285714286,18.857142857142858,2.5714285714285716,28.285714285714285,58.285714285714285,8.714285714285714,24.714285714285715,11.714285714285714,17.428571428571427,13.285714285714286,6.142857142857143,15.714285714285714,23.142857142857142,56.42857142857143,6.142857142857143,19.857142857142858,7.285714285714286,10.0,10.571428571428571,6.857142857142857,16.285714285714285,11.714285714285714,0.25,0.75,8.0,4.0,4.0,1957.4693397106869,1999.8683843267763
1738,25.857142857142858,55.714285714285715,8.142857142857142,24.0,9.571428571428571,17.285714285714285,10.0,6.142857142857143,17.0,21.857142857142858,51.57142857142857,6.285714285714286,19.285714285714285,7.0,11.714285714285714,10.714285714285714,6.428571428571429,16.0,5.571428571428571,29.857142857142858,60.57142857142857,9.857142857142858,25.714285714285715,8.714285714285714,13.428571428571429,10.428571428571429,7.0,15.714285714285714,21.857142857142858,58.857142857142854,5.571428571428571,21.571428571428573,8.0,5.857142857142857,12.714285714285714,5.142857142857143,17.142857142857142,21.142857142857142,0.5,1.0,4.0,9.0,-5.0,1984.829279387732,2030.1121004335037
1739,26.5,59.875,5.5,17.875,9.375,12.5,8.25,7.375,16.75,21.125,54.625,6.25,19.375,7.875,10.125,12.5,4.0,17.5,12.625,32.833333333333336,59.166666666666664,8.333333333333334,20.666666666666668,9.166666666666666,19.0,7.666666666666667,6.333333333333333,15.166666666666666,25.833333333333332,58.666666666666664,9.0,24.0,8.166666666666666,12.166666666666666,11.0,4.333333333333333,18.0,19.833333333333332,0.8,1.0,2.0,3.0,-1.0,2076.0113948755256,2144.950661143845
1740,27.5,56.666666666666664,9.833333333333334,20.0,6.333333333333333,15.5,9.666666666666666,3.6666666666666665,16.333333333333332,28.166666666666668,57.833333333333336,9.833333333333334,23.833333333333332,7.166666666666667,14.166666666666666,9.333333333333334,5.166666666666667,17.833333333333332,1.0,26.0,56.166666666666664,7.833333333333333,23.333333333333332,7.166666666666667,16.5,13.833333333333334,6.833333333333333,17.666666666666668,24.333333333333332,59.5,7.833333333333333,24.166666666666668,8.5,13.333333333333334,12.833333333333334,7.5,17.0,2.6666666666666665,0.6666666666666666,0.3333333333333333,7.0,3.0,4.0,1971.83858334822,2005.672721974454
1741,25.0,59.6,9.0,26.0,8.6,12.0,9.6,3.2,17.0,24.4,60.8,7.0,20.6,8.6,10.0,7.8,5.2,19.0,3.2,26.571428571428573,58.42857142857143,10.571428571428571,27.142857142857142,8.0,17.285714285714285,11.571428571428571,5.0,13.857142857142858,26.714285714285715,61.857142857142854,7.0,19.857142857142858,7.285714285714286,12.714285714285714,8.428571428571429,7.571428571428571,15.714285714285714,5.857142857142857,1.0,0.75,15.0,6.0,9.0,1691.8684708993767,1818.8617736293008
1742,25.0,59.0,6.875,23.0,11.75,14.25,10.375,9.5,18.75,19.625,49.625,6.0,18.5,7.25,10.25,14.125,6.375,17.125,12.625,30.5,61.166666666666664,7.5,19.833333333333332,8.666666666666666,14.333333333333334,10.833333333333334,6.833333333333333,13.666666666666666,29.166666666666668,59.333333333333336,10.166666666666666,25.833333333333332,6.0,16.833333333333332,11.166666666666666,6.333333333333333,14.333333333333334,1.8333333333333333,0.8,0.6666666666666666,1.0,5.0,-4.0,2102.2543042519487,2168.8424710158
1743,28.5,63.75,9.25,31.25,12.375,16.125,12.875,6.0,18.75,23.375,61.75,5.875,16.625,8.25,7.75,11.125,7.375,19.25,13.25,23.571428571428573,57.285714285714285,6.142857142857143,19.0,10.428571428571429,12.142857142857142,9.285714285714286,6.0,13.142857142857142,21.857142857142858,54.714285714285715,5.857142857142857,18.857142857142858,8.714285714285714,10.714285714285714,10.285714285714286,5.285714285714286,15.857142857142858,7.857142857142857,0.8,0.8,1.0,5.0,-4.0,2074.8218757751474,2126.4510389582483
1744,28.625,60.625,7.625,20.0,10.25,15.375,10.875,5.375,15.375,25.0,57.875,7.0,20.375,6.125,13.375,10.25,5.875,17.25,8.125,26.125,59.125,6.875,20.875,8.125,16.125,11.0,8.375,16.25,22.5,55.0,6.0,19.125,8.875,11.125,16.625,6.625,17.75,8.125,0.8,0.8,3.0,2.0,1.0,1979.381681846744,2008.769293885188
1745,28.625,60.625,7.625,20.0,10.25,15.375,10.875,5.375,15.375,25.0,57.875,7.0,20.375,6.125,13.375,10.25,5.875,17.25,8.125,26.125,59.125,6.875,20.875,8.125,16.125,11.0,8.375,16.25,22.5,55.0,6.0,19.125,8.875,11.125,16.625,6.625,17.75,8.125,0.8,0.8,3.0,2.0,1.0,1979.381681846744,1997.1837369609505
1746,32.833333333333336,59.166666666666664,8.333333333333334,20.666666666666668,9.166666666666666,19.0,7.666666666666667,6.333333333333333,15.166666666666666,25.833333333333332,58.666666666666664,9.0,24.0,8.166666666666666,12.166666666666666,11.0,4.333333333333333,18.0,19.833333333333332,28.285714285714285,58.285714285714285,8.714285714285714,24.714285714285715,11.714285714285714,17.428571428571427,13.285714285714286,6.142857142857143,15.714285714285714,23.142857142857142,56.42857142857143,6.142857142857143,19.857142857142858,7.285714285714286,10.0,10.571428571428571,6.857142857142857,16.285714285714285,11.714285714285714,1.0,0.75,3.0,4.0,-1.0,2154.148865481161,2216.160587147392
1747,26.0,56.166666666666664,7.833333333333333,23.333333333333332,7.166666666666667,16.5,13.833333333333334,6.833333333333333,17.666666666666668,24.333333333333332,59.5,7.833333333333333,24.166666666666668,8.5,13.333333333333334,12.833333333333334,7.5,17.0,2.6666666666666665,29.857142857142858,60.57142857142857,9.857142857142858,25.714285714285715,8.714285714285714,13.428571428571429,10.428571428571429,7.0,15.714285714285714,21.857142857142858,58.857142857142854,5.571428571428571,21.571428571428573,8.0,5.857142857142857,12.714285714285714,5.142857142857143,17.142857142857142,21.142857142857142,0.3333333333333333,1.0,3.0,9.0,-6.0,1957.266646335483,1919.7561307798435
1748,26.125,59.125,6.875,20.875,8.125,16.125,11.0,8.375,16.25,22.5,55.0,6.0,19.125,8.875,11.125,16.625,6.625,17.75,8.125,30.5,61.166666666666664,7.5,19.833333333333332,8.666666666666666,14.333333333333334,10.833333333333334,6.833333333333333,13.666666666666666,29.166666666666668,59.333333333333336,10.166666666666666,25.833333333333332,6.0,16.833333333333332,11.166666666666666,6.333333333333333,14.333333333333334,1.8333333333333333,0.8,0.6666666666666666,2.0,5.0,-3.0,2088.892590389801,2118.7630992380377
1749,26.125,59.125,6.875,20.875,8.125,16.125,11.0,8.375,16.25,22.5,55.0,6.0,19.125,8.875,11.125,16.625,6.625,17.75,8.125,30.5,61.166666666666664,7.5,19.833333333333332,8.666666666666666,14.333333333333334,10.833333333333334,6.833333333333333,13.666666666666666,29.166666666666668,59.333333333333336,10.166666666666666,25.833333333333332,6.0,16.833333333333332,11.166666666666666,6.333333333333333,14.333333333333334,1.8333333333333333,0.8,0.6666666666666666,2.0,5.0,-3.0,2088.892590389801,2004.9188947266775
1750,26.571428571428573,58.42857142857143,10.571428571428571,27.142857142857142,8.0,17.285714285714285,11.571428571428571,5.0,13.857142857142858,26.714285714285715,61.857142857142854,7.0,19.857142857142858,7.285714285714286,12.714285714285714,8.428571428571429,7.571428571428571,15.714285714285714,5.857142857142857,23.571428571428573,57.285714285714285,6.142857142857143,19.0,10.428571428571429,12.142857142857142,9.285714285714286,6.0,13.142857142857142,21.857142857142858,54.714285714285715,5.857142857142857,18.857142857142858,8.714285714285714,10.714285714285714,10.285714285714286,5.285714285714286,15.857142857142858,7.857142857142857,0.75,0.8,6.0,5.0,1.0,1999.5574846983905,2012.6565809885533
1751,30.5,61.166666666666664,7.5,19.833333333333332,8.666666666666666,14.333333333333334,10.833333333333334,6.833333333333333,13.666666666666666,29.166666666666668,59.333333333333336,10.166666666666666,25.833333333333332,6.0,16.833333333333332,11.166666666666666,6.333333333333333,14.333333333333334,1.8333333333333333,28.285714285714285,58.285714285714285,8.714285714285714,24.714285714285715,11.714285714285714,17.428571428571427,13.285714285714286,6.142857142857143,15.714285714285714,23.142857142857142,56.42857142857143,6.142857142857143,19.857142857142858,7.285714285714286,10.0,10.571428571428571,6.857142857142857,16.285714285714285,11.714285714285714,0.6666666666666666,0.75,5.0,4.0,1.0,2050.257791779438,2091.700370307066
1752,29.857142857142858,60.57142857142857,9.857142857142858,25.714285714285715,8.714285714285714,13.428571428571429,10.428571428571429,7.0,15.714285714285714,21.857142857142858,58.857142857142854,5.571428571428571,21.571428571428573,8.0,5.857142857142857,12.714285714285714,5.142857142857143,17.142857142857142,21.142857142857142,23.571428571428573,57.285714285714285,6.142857142857143,19.0,10.428571428571429,12.142857142857142,9.285714285714286,6.0,13.142857142857142,21.857142857142858,54.714285714285715,5.857142857142857,18.857142857142858,8.714285714285714,10.714285714285714,10.285714285714286,5.285714285714286,15.857142857142858,7.857142857142857,1.0,0.8,9.0,5.0,4.0,1840.2084183756135,1939.283840659937
1753,23.571428571428573,57.285714285714285,6.142857142857143,19.0,10.428571428571429,12.142857142857142,9.285714285714286,6.0,13.142857142857142,21.857142857142858,54.714285714285715,5.857142857142857,18.857142857142858,8.714285714285714,10.714285714285714,10.285714285714286,5.285714285714286,15.857142857142858,7.857142857142857,28.285714285714285,58.285714285714285,8.714285714285714,24.714285714285715,11.714285714285714,17.428571428571427,13.285714285714286,6.142857142857143,15.714285714285714,23.142857142857142,56.42857142857143,6.142857142857143,19.857142857142858,7.285714285714286,10.0,10.571428571428571,6.857142857142857,16.285714285714285,11.714285714285714,0.8,0.75,5.0,4.0,1.0,2003.6692538714335,2096.320291540603
1754,25.571428571428573,55.285714285714285,6.0,20.857142857142858,7.428571428571429,16.714285714285715,8.428571428571429,5.0,19.285714285714285,22.857142857142858,53.142857142857146,6.428571428571429,18.285714285714285,8.571428571428571,11.428571428571429,8.428571428571429,4.857142857142857,18.714285714285715,1.7142857142857142,22.666666666666668,58.5,7.333333333333333,21.833333333333332,7.833333333333333,14.0,6.5,5.166666666666667,12.0,23.833333333333332,57.5,5.666666666666667,21.666666666666668,8.5,12.333333333333334,8.0,4.833333333333333,12.833333333333334,-3.0,0.75,0.6666666666666666,10.0,10.0,0.0,1766.4485192103346,1865.1321618875977
1755,22.333333333333332,56.166666666666664,4.833333333333333,19.5,9.833333333333334,10.333333333333334,9.333333333333334,4.833333333333333,14.666666666666666,20.666666666666668,55.5,6.166666666666667,23.666666666666668,7.166666666666667,11.5,8.833333333333334,5.0,15.166666666666666,3.0,23.125,51.875,8.5,20.875,9.5,14.375,14.5,5.5,18.375,24.875,55.0,4.375,13.375,8.125,10.625,10.875,7.75,19.0,5.125,1.0,0.8,16.0,16.0,0.0,1310.0626461809184,1450.7499088427378
1756,28.125,57.5,7.5,18.5,7.375,15.75,9.125,4.875,13.375,25.625,60.0,5.625,22.875,8.25,11.625,8.5,5.875,15.375,9.625,26.0,60.333333333333336,8.5,24.666666666666668,12.166666666666666,12.5,10.333333333333334,6.0,19.666666666666668,25.0,55.166666666666664,6.666666666666667,21.333333333333332,6.166666666666667,12.0,10.333333333333334,7.0,18.5,7.166666666666667,0.8,0.3333333333333333,10.0,10.0,0.0,1871.7345852489127,1953.752712284321
1757,23.0,50.375,6.25,15.0,7.0,11.375,12.375,6.875,15.875,22.75,58.75,6.125,20.25,10.375,11.0,11.875,7.375,19.0,5.875,28.571428571428573,58.0,10.428571428571429,26.0,6.0,13.571428571428571,10.0,8.142857142857142,16.571428571428573,25.857142857142858,57.857142857142854,7.571428571428571,22.285714285714285,8.0,10.285714285714286,12.714285714285714,5.142857142857143,16.857142857142858,6.571428571428571,0.8333333333333334,1.0,16.0,16.0,0.0,1331.7287198474469,1561.4378897126437
1758,28.571428571428573,59.0,8.285714285714286,21.285714285714285,9.142857142857142,18.0,12.714285714285714,7.0,15.571428571428571,25.857142857142858,62.0,6.714285714285714,22.428571428571427,7.571428571428571,12.428571428571429,10.857142857142858,8.285714285714286,18.285714285714285,11.0,26.25,62.625,5.0,18.125,11.5,14.625,10.0,6.375,16.875,26.375,58.0,7.875,22.0,6.375,15.0,9.5,5.375,19.875,-2.375,0.5,0.6,2.0,15.0,-13.0,1993.0655483264588,2049.3256240636333
1759,27.6,59.8,10.2,30.6,6.0,16.6,10.0,5.0,11.4,29.0,64.8,5.6,17.8,7.0,13.8,6.4,5.8,13.8,3.6,25.428571428571427,56.42857142857143,6.714285714285714,23.142857142857142,7.714285714285714,12.285714285714286,11.714285714285714,4.285714285714286,18.142857142857142,25.285714285714285,58.857142857142854,6.0,22.571428571428573,7.285714285714286,8.285714285714286,8.285714285714286,5.285714285714286,17.857142857142858,1.2857142857142858,0.5,0.6,3.0,14.0,-11.0,2002.1915193036089,2031.234453916352
1760,27.0,54.2,11.2,24.8,6.0,15.2,13.0,5.8,13.8,27.0,61.2,10.0,28.2,5.8,14.4,9.2,8.2,16.6,4.6,23.6,49.2,8.8,20.2,6.0,14.8,9.8,5.8,19.8,23.8,53.8,6.6,21.6,7.8,13.8,9.2,4.4,21.6,4.8,0.6666666666666666,0.6666666666666666,7.0,10.0,-3.0,1816.98334655378,1897.7518187396292
1761,24.75,55.125,7.375,20.375,8.5,14.0,10.875,7.875,14.875,20.75,51.5,6.375,22.0,7.875,11.375,12.25,6.625,14.75,8.25,26.571428571428573,60.714285714285715,9.857142857142858,31.142857142857142,9.142857142857142,16.428571428571427,10.142857142857142,5.0,19.0,26.142857142857142,60.857142857142854,6.857142857142857,18.0,8.428571428571429,12.428571428571429,9.428571428571429,6.428571428571429,16.285714285714285,2.7142857142857144,1.0,0.5,11.0,6.0,5.0,1752.6238003371477,1847.5702519888305
1762,29.8,56.2,5.8,13.2,6.4,17.8,7.6,6.6,14.4,26.6,61.6,8.6,23.2,11.2,15.2,10.4,5.0,16.8,9.4,28.0,57.857142857142854,7.428571428571429,20.0,11.714285714285714,16.428571428571427,8.428571428571429,9.0,17.428571428571427,22.0,53.285714285714285,8.285714285714286,26.142857142857142,8.285714285714286,12.428571428571429,14.571428571428571,4.571428571428571,18.142857142857142,16.571428571428573,0.5,1.0,5.0,12.0,-7.0,2050.070515974818,2117.787584183235
1763,29.875,60.875,7.75,20.875,11.625,12.625,9.0,3.5,16.125,30.0,63.375,7.375,18.375,8.875,14.75,7.75,4.875,20.375,6.5,26.0,54.4,10.2,25.8,7.0,14.6,10.6,6.6,13.8,21.8,56.4,4.4,16.2,6.2,6.4,11.2,5.4,14.8,15.0,0.8,1.0,3.0,14.0,-11.0,2018.4250622962657,2063.2433819285666
1764,24.125,56.5,5.875,18.75,7.375,13.125,8.875,10.25,16.125,19.625,51.375,5.5,22.125,9.625,11.0,16.25,5.875,17.625,10.875,27.0,52.333333333333336,8.833333333333334,21.666666666666668,4.5,11.333333333333334,8.833333333333334,5.0,10.5,23.333333333333332,57.0,9.333333333333334,28.166666666666668,6.833333333333333,9.666666666666666,8.833333333333334,5.333333333333333,15.5,11.0,0.8,1.0,2.0,15.0,-13.0,2048.9978169411343,2072.525356326476
1765,25.166666666666668,56.333333333333336,3.6666666666666665,15.0,7.0,14.5,11.166666666666666,6.0,14.333333333333334,26.5,60.833333333333336,9.5,26.0,7.666666666666667,13.333333333333334,10.166666666666666,7.5,15.666666666666666,-4.166666666666667,26.333333333333332,55.166666666666664,8.666666666666666,24.833333333333332,6.666666666666667,14.0,12.5,7.5,19.833333333333332,25.166666666666668,59.166666666666664,8.833333333333334,25.333333333333332,11.666666666666666,13.333333333333334,12.666666666666666,7.166666666666667,21.0,5.5,0.3333333333333333,1.0,4.0,13.0,-9.0,2024.8058719802063,2034.8050558812477
1766,24.166666666666668,59.833333333333336,5.333333333333333,17.5,11.0,13.333333333333334,9.333333333333334,7.5,18.5,23.0,52.666666666666664,6.5,18.5,8.166666666666666,13.5,10.666666666666666,5.333333333333333,15.333333333333334,-0.16666666666666666,27.0,57.75,7.25,20.5,10.25,12.125,12.125,7.875,17.0,25.75,57.125,7.5,23.375,7.875,13.0,11.625,7.375,17.375,1.625,0.5,0.4,9.0,8.0,1.0,1899.9911222424732,1913.797403280755
1767,27.4,58.4,6.7,17.8,8.8,12.3,9.5,6.5,13.6,28.8,61.7,7.5,21.5,8.2,14.9,10.1,5.8,16.4,2.0,24.142857142857142,55.57142857142857,8.285714285714286,23.285714285714285,8.571428571428571,13.428571428571429,11.714285714285714,6.571428571428571,16.714285714285715,25.428571428571427,57.42857142857143,7.142857142857143,24.0,8.428571428571429,12.142857142857142,10.857142857142858,6.0,18.142857142857142,0.42857142857142855,0.7142857142857143,0.75,11.0,6.0,5.0,1887.4127616114283,1912.9751560077573
1768,27.0,61.125,7.75,22.375,10.25,14.125,9.375,5.375,15.625,23.375,59.375,7.25,20.25,6.375,9.5,8.75,5.5,18.0,10.625,22.333333333333332,56.166666666666664,4.833333333333333,19.5,9.833333333333334,10.333333333333334,9.333333333333334,4.833333333333333,14.666666666666666,20.666666666666668,55.5,6.166666666666667,23.666666666666668,7.166666666666667,11.5,8.833333333333334,5.0,15.166666666666666,3.0,0.8,1.0,1.0,16.0,-15.0,2031.4164218792605,2046.2842189540163
1769,26.0,58.6,8.2,23.8,8.4,16.8,10.6,6.8,15.8,27.4,60.0,7.4,21.0,8.0,18.6,10.2,6.4,18.4,0.8,33.666666666666664,62.833333333333336,11.5,26.166666666666668,7.666666666666667,19.666666666666668,12.166666666666666,6.666666666666667,19.833333333333332,32.0,66.66666666666667,8.666666666666666,24.0,9.0,14.166666666666666,10.333333333333334,7.166666666666667,18.166666666666668,7.166666666666667,1.0,0.6666666666666666,14.0,3.0,11.0,1573.6897294877554,1707.1843244861293
1770,26.75,58.875,4.875,20.0,8.25,12.375,8.75,7.5,16.375,26.0,55.5,7.875,22.0,6.875,13.875,11.625,5.0,17.375,-0.5,26.0,59.57142857142857,6.857142857142857,21.428571428571427,9.857142857142858,15.714285714285714,8.285714285714286,4.857142857142857,17.714285714285715,25.571428571428573,58.0,6.0,18.285714285714285,9.571428571428571,13.285714285714286,8.428571428571429,5.428571428571429,17.0,0.14285714285714285,0.8,0.5,11.0,6.0,5.0,1890.468322595017,1964.2589362626836
1771,25.333333333333332,62.666666666666664,9.166666666666666,27.666666666666668,11.166666666666666,15.5,9.666666666666666,7.333333333333333,17.666666666666668,24.0,58.5,8.666666666666666,27.333333333333332,8.5,13.5,12.166666666666666,6.666666666666667,19.333333333333332,6.0,22.428571428571427,54.142857142857146,5.714285714285714,13.857142857142858,10.0,10.0,11.714285714285714,5.571428571428571,20.142857142857142,20.857142857142858,55.142857142857146,4.857142857142857,17.285714285714285,9.142857142857142,10.0,10.0,5.142857142857143,18.857142857142858,4.285714285714286,0.3333333333333333,0.6,2.0,15.0,-13.0,2005.1797916220976,2058.14954150089
1772,28.666666666666668,59.5,7.333333333333333,21.833333333333332,8.5,15.333333333333334,8.833333333333334,8.666666666666666,20.833333333333332,25.333333333333332,53.666666666666664,6.5,17.166666666666668,8.0,12.5,12.0,5.0,16.5,1.8333333333333333,25.571428571428573,55.285714285714285,6.0,20.857142857142858,7.428571428571429,16.714285714285715,8.428571428571429,5.0,19.285714285714285,22.857142857142858,53.142857142857146,6.428571428571429,18.285714285714285,8.571428571428571,11.428571428571429,8.428571428571429,4.857142857142857,18.714285714285715,1.7142857142857142,0.3333333333333333,0.75,7.0,10.0,-3.0,1968.5757030787915,1950.765087269673
1773,25.666666666666668,58.666666666666664,5.833333333333333,20.333333333333332,11.833333333333334,12.666666666666666,11.333333333333334,5.166666666666667,14.166666666666666,26.0,54.0,4.833333333333333,15.166666666666666,6.0,10.333333333333334,10.166666666666666,7.166666666666667,15.333333333333334,1.3333333333333333,27.333333333333332,62.0,8.5,23.166666666666668,6.666666666666667,15.666666666666666,8.5,6.166666666666667,17.0,27.666666666666668,58.666666666666664,7.833333333333333,21.666666666666668,5.5,12.5,11.5,5.333333333333333,19.333333333333332,4.333333333333333,0.3333333333333333,1.0,7.0,10.0,-3.0,1862.3776006195667,1948.313822704882
1774,31.5,67.66666666666667,8.333333333333334,28.166666666666668,9.833333333333334,15.833333333333334,11.166666666666666,5.666666666666667,23.333333333333332,30.666666666666668,62.833333333333336,8.5,24.166666666666668,8.333333333333334,14.166666666666666,10.0,7.0,21.0,-7.0,29.333333333333332,61.666666666666664,12.0,28.333333333333332,9.0,18.5,9.5,8.166666666666666,14.5,24.166666666666668,55.833333333333336,8.166666666666666,22.666666666666668,6.666666666666667,10.333333333333334,11.666666666666666,6.166666666666667,13.5,13.666666666666666,0.3333333333333333,1.0,4.0,13.0,-9.0,1972.748450160621,2020.5279198125847
1775,24.285714285714285,54.57142857142857,7.142857142857143,20.142857142857142,8.428571428571429,12.714285714285714,13.0,6.0,15.714285714285714,26.285714285714285,57.0,6.571428571428571,19.714285714285715,6.142857142857143,15.428571428571429,9.0,8.428571428571429,18.714285714285715,0.8571428571428571,27.0,52.666666666666664,5.333333333333333,17.166666666666668,6.5,13.333333333333334,9.0,6.333333333333333,11.333333333333334,24.0,57.833333333333336,6.666666666666667,24.0,6.833333333333333,10.5,9.666666666666666,5.333333333333333,15.333333333333334,9.833333333333334,0.5,1.0,3.0,14.0,-11.0,2003.2691860457096,2023.5794616858843
1776,24.166666666666668,54.0,7.0,22.833333333333332,6.166666666666667,11.166666666666666,9.833333333333334,4.5,16.0,25.0,58.333333333333336,8.0,24.0,7.0,9.666666666666666,7.833333333333333,6.0,16.333333333333332,0.0,29.0,65.75,5.75,19.625,12.375,14.5,8.625,6.75,15.875,24.125,60.5,7.25,25.125,8.5,13.25,10.5,6.0,17.0,8.0,0.3333333333333333,0.8333333333333334,6.0,11.0,-5.0,1884.7081563063305,1909.623966622034
1777,28.125,57.5,7.5,18.5,7.375,15.75,9.125,4.875,13.375,25.625,60.0,5.625,22.875,8.25,11.625,8.5,5.875,15.375,9.625,28.333333333333332,60.55555555555556,7.444444444444445,20.22222222222222,9.666666666666666,14.11111111111111,10.777777777777779,6.555555555555555,20.22222222222222,27.77777777777778,63.888888888888886,6.333333333333333,20.77777777777778,9.333333333333334,10.88888888888889,9.555555555555555,7.111111111111111,21.22222222222222,4.222222222222222,0.8,0.6666666666666666,10.0,7.0,3.0,1886.012478723812,1968.2811095627264
1778,29.285714285714285,59.42857142857143,9.285714285714286,24.285714285714285,9.285714285714286,21.0,7.857142857142857,5.0,14.285714285714286,23.0,59.857142857142854,6.142857142857143,20.571428571428573,7.571428571428571,9.142857142857142,8.428571428571429,5.428571428571429,14.428571428571429,17.571428571428573,26.5,53.333333333333336,8.833333333333334,20.333333333333332,6.0,11.333333333333334,8.333333333333334,5.5,17.833333333333332,28.333333333333332,63.0,8.0,23.666666666666668,11.666666666666666,11.666666666666666,8.333333333333334,5.666666666666667,21.333333333333332,3.6666666666666665,1.0,1.0,1.0,16.0,-15.0,2193.967120759262,2226.7162004927
1779,29.0,60.0,8.5,23.166666666666668,10.666666666666666,14.833333333333334,8.833333333333334,6.166666666666667,16.5,25.833333333333332,56.333333333333336,5.666666666666667,15.166666666666666,8.166666666666666,12.333333333333334,9.333333333333334,5.333333333333333,12.0,8.5,23.166666666666668,56.5,8.0,23.833333333333332,7.5,12.0,9.0,8.0,13.5,21.333333333333332,56.333333333333336,5.666666666666667,21.666666666666668,8.0,8.666666666666666,11.333333333333334,5.166666666666667,16.5,8.0,0.3333333333333333,1.0,4.0,13.0,-9.0,2009.003483428994,1982.4239200115144
1780,25.333333333333332,55.0,6.833333333333333,20.666666666666668,8.166666666666666,12.5,9.333333333333334,7.5,18.166666666666668,20.5,54.833333333333336,6.333333333333333,18.333333333333332,9.833333333333334,10.5,14.0,5.0,19.166666666666668,14.833333333333334,28.6,56.4,8.6,20.6,9.4,18.8,10.0,5.6,15.4,23.4,54.0,4.4,13.0,4.8,13.0,7.6,6.6,15.2,12.4,1.0,1.0,12.0,5.0,7.0,1756.299092613784,1858.201418788691
1781,25.25,58.125,8.25,23.25,9.125,13.0,9.125,9.625,17.125,20.75,52.5,6.375,20.5,10.0,11.625,14.5,6.0,15.5,8.0,27.666666666666668,59.166666666666664,6.666666666666667,16.666666666666668,10.5,13.0,10.833333333333334,6.333333333333333,18.166666666666668,22.666666666666668,52.166666666666664,10.333333333333334,26.333333333333332,7.833333333333333,13.833333333333334,13.166666666666666,5.666666666666667,18.333333333333332,5.5,0.8,1.0,1.0,16.0,-15.0,2151.1776573911065,2192.4960043057663
1782,28.833333333333332,58.833333333333336,9.333333333333334,23.5,9.333333333333334,14.833333333333334,9.833333333333334,7.0,16.333333333333332,24.5,57.333333333333336,6.5,19.166666666666668,7.833333333333333,11.0,10.333333333333334,5.166666666666667,17.0,10.666666666666666,28.875,62.625,8.5,23.0,9.0,14.75,7.875,8.125,18.75,25.5,53.625,7.125,17.875,8.0,14.0,11.75,4.75,15.75,3.375,1.0,0.6666666666666666,12.0,5.0,7.0,1712.241952521535,1862.6901294952745
1783,28.25,60.125,8.75,22.0,7.125,12.875,8.5,7.25,15.5,25.0,59.125,9.0,26.75,9.375,16.0,11.0,5.125,15.625,4.0,28.428571428571427,61.857142857142854,7.142857142857143,20.571428571428573,8.285714285714286,11.857142857142858,12.142857142857142,9.285714285714286,19.142857142857142,24.714285714285715,58.285714285714285,9.714285714285714,24.714285714285715,7.428571428571429,12.571428571428571,14.285714285714286,5.714285714285714,19.142857142857142,6.428571428571429,0.6,0.75,2.0,15.0,-13.0,2060.415699542695,2091.415709169888
1784,23.8,51.0,7.4,19.0,4.6,14.2,6.8,4.6,15.4,24.6,55.8,6.2,19.4,8.4,15.4,7.8,3.6,16.2,2.2,27.5,56.5,6.333333333333333,20.333333333333332,8.5,13.0,12.0,5.166666666666667,16.5,27.5,62.666666666666664,8.166666666666666,23.333333333333332,8.666666666666666,9.333333333333334,8.833333333333334,7.0,19.333333333333332,3.1666666666666665,0.3333333333333333,0.75,9.0,8.0,1.0,1885.7404735310815,1930.1769596472925
1785,26.166666666666668,55.666666666666664,7.5,18.0,10.0,18.5,10.166666666666666,5.166666666666667,16.666666666666668,27.0,62.666666666666664,6.333333333333333,22.0,9.666666666666666,12.5,9.166666666666666,6.833333333333333,23.0,5.333333333333333,23.0,50.375,6.25,15.0,7.0,11.375,12.375,6.875,15.875,22.75,58.75,6.125,20.25,10.375,11.0,11.875,7.375,19.0,5.875,0.75,0.8333333333333334,1.0,16.0,-15.0,2141.5388609935067,2148.121703304717
1786,25.142857142857142,63.57142857142857,6.857142857142857,24.428571428571427,12.571428571428571,14.285714285714286,8.428571428571429,5.857142857142857,16.571428571428573,22.285714285714285,57.57142857142857,7.285714285714286,22.857142857142858,9.428571428571429,9.571428571428571,8.428571428571429,4.714285714285714,17.857142857142858,6.571428571428571,29.0,59.125,6.875,18.5,9.875,16.375,10.125,7.5,16.25,26.375,60.5,8.125,22.75,9.25,14.25,10.625,6.0,18.625,6.75,0.4,1.0,5.0,12.0,-7.0,1891.313717607068,1982.8720726508332
1787,25.75,63.625,7.75,24.5,12.375,11.75,8.375,6.875,16.625,26.75,59.625,9.5,28.375,7.625,17.25,10.625,5.625,19.375,2.875,27.833333333333332,61.333333333333336,9.5,28.0,8.166666666666666,14.666666666666666,9.666666666666666,6.0,16.833333333333332,23.5,61.833333333333336,7.5,25.333333333333332,10.666666666666666,12.0,10.5,4.833333333333333,15.333333333333334,8.5,0.8,0.6666666666666666,9.0,8.0,1.0,1904.8631510262128,1969.1081514311493
1788,26.833333333333332,54.666666666666664,7.166666666666667,20.166666666666668,7.833333333333333,14.5,10.166666666666666,6.666666666666667,15.833333333333334,28.5,61.166666666666664,7.333333333333333,22.833333333333332,8.166666666666666,13.833333333333334,9.833333333333334,5.833333333333333,21.666666666666668,5.666666666666667,24.0,59.57142857142857,7.142857142857143,19.714285714285715,10.714285714285714,14.142857142857142,11.428571428571429,8.857142857142858,17.428571428571427,24.857142857142858,53.42857142857143,7.0,19.428571428571427,7.714285714285714,13.857142857142858,14.0,6.142857142857143,17.142857142857142,0.0,0.75,0.5,8.0,9.0,-1.0,1878.466023206081,1922.9602976222327
1789,30.0,60.333333333333336,7.666666666666667,21.0,7.666666666666667,20.166666666666668,7.666666666666667,6.666666666666667,15.833333333333334,23.0,54.666666666666664,8.166666666666666,24.0,7.833333333333333,14.5,11.5,5.666666666666667,15.0,10.333333333333334,31.0,60.25,9.0,21.25,7.875,18.875,10.25,6.625,21.75,22.875,58.125,4.75,16.0,10.875,8.75,10.125,6.625,18.625,15.75,0.6666666666666666,1.0,13.0,4.0,9.0,1669.1085932291835,1797.941792696006
1790,28.571428571428573,59.0,8.285714285714286,21.285714285714285,9.142857142857142,18.0,12.714285714285714,7.0,15.571428571428571,25.857142857142858,62.0,6.714285714285714,22.428571428571427,7.571428571428571,12.428571428571429,10.857142857142858,8.285714285714286,18.285714285714285,11.0,27.0,54.2,11.2,24.8,6.0,15.2,13.0,5.8,13.8,27.0,61.2,10.0,28.2,5.8,14.4,9.2,8.2,16.6,4.6,0.5,0.6666666666666666,2.0,7.0,-5.0,1995.0292030398668,2052.460895231833
1791,27.6,59.8,10.2,30.6,6.0,16.6,10.0,5.0,11.4,29.0,64.8,5.6,17.8,7.0,13.8,6.4,5.8,13.8,3.6,26.75,58.875,4.875,20.0,8.25,12.375,8.75,7.5,16.375,26.0,55.5,7.875,22.0,6.875,13.875,11.625,5.0,17.375,-0.5,0.5,0.8,3.0,11.0,-8.0,2006.04933925388,2037.276262118855
1792,29.8,56.2,5.8,13.2,6.4,17.8,7.6,6.6,14.4,26.6,61.6,8.6,23.2,11.2,15.2,10.4,5.0,16.8,9.4,25.166666666666668,56.333333333333336,3.6666666666666665,15.0,7.0,14.5,11.166666666666666,6.0,14.333333333333334,26.5,60.833333333333336,9.5,26.0,7.666666666666667,13.333333333333334,10.166666666666666,7.5,15.666666666666666,-4.166666666666667,0.5,0.3333333333333333,5.0,4.0,1.0,2051.175388983657,2126.1722510203163
1793,29.875,60.875,7.75,20.875,11.625,12.625,9.0,3.5,16.125,30.0,63.375,7.375,18.375,8.875,14.75,7.75,4.875,20.375,6.5,24.75,55.125,7.375,20.375,8.5,14.0,10.875,7.875,14.875,20.75,51.5,6.375,22.0,7.875,11.375,12.25,6.625,14.75,8.25,0.8,1.0,3.0,11.0,-8.0,2020.201078981527,2066.3095042475406
1794,24.125,56.5,5.875,18.75,7.375,13.125,8.875,10.25,16.125,19.625,51.375,5.5,22.125,9.625,11.0,16.25,5.875,17.625,10.875,25.666666666666668,58.666666666666664,5.833333333333333,20.333333333333332,11.833333333333334,12.666666666666666,11.333333333333334,5.166666666666667,14.166666666666666,26.0,54.0,4.833333333333333,15.166666666666666,6.0,10.333333333333334,10.166666666666666,7.166666666666667,15.333333333333334,1.3333333333333333,0.8,0.3333333333333333,2.0,7.0,-5.0,2051.102823438028,2075.7648797498387
1795,27.4,58.4,6.7,17.8,8.8,12.3,9.5,6.5,13.6,28.8,61.7,7.5,21.5,8.2,14.9,10.1,5.8,16.4,2.0,26.0,58.6,8.2,23.8,8.4,16.8,10.6,6.8,15.8,27.4,60.0,7.4,21.0,8.0,18.6,10.2,6.4,18.4,0.8,0.7142857142857143,1.0,11.0,14.0,-3.0,1906.351450179932,1931.447530029869
1796,27.0,61.125,7.75,22.375,10.25,14.125,9.375,5.375,15.625,23.375,59.375,7.25,20.25,6.375,9.5,8.75,5.5,18.0,10.625,24.166666666666668,59.833333333333336,5.333333333333333,17.5,11.0,13.333333333333334,9.333333333333334,7.5,18.5,23.0,52.666666666666664,6.5,18.5,8.166666666666666,13.5,10.666666666666666,5.333333333333333,15.333333333333334,-0.16666666666666666,0.8,0.5,1.0,9.0,-8.0,2031.9579546443804,2047.4062382029845
1797,25.333333333333332,62.666666666666664,9.166666666666666,27.666666666666668,11.166666666666666,15.5,9.666666666666666,7.333333333333333,17.666666666666668,24.0,58.5,8.666666666666666,27.333333333333332,8.5,13.5,12.166666666666666,6.666666666666667,19.333333333333332,6.0,28.666666666666668,59.5,7.333333333333333,21.833333333333332,8.5,15.333333333333334,8.833333333333334,8.666666666666666,20.833333333333332,25.333333333333332,53.666666666666664,6.5,17.166666666666668,8.0,12.5,12.0,5.0,16.5,1.8333333333333333,0.3333333333333333,0.3333333333333333,2.0,7.0,-5.0,2006.552003142064,2060.141252354508
1798,31.5,67.66666666666667,8.333333333333334,28.166666666666668,9.833333333333334,15.833333333333334,11.166666666666666,5.666666666666667,23.333333333333332,30.666666666666668,62.833333333333336,8.5,24.166666666666668,8.333333333333334,14.166666666666666,10.0,7.0,21.0,-7.0,25.333333333333332,55.0,6.833333333333333,20.666666666666668,8.166666666666666,12.5,9.333333333333334,7.5,18.166666666666668,20.5,54.833333333333336,6.333333333333333,18.333333333333332,9.833333333333334,10.5,14.0,5.0,19.166666666666668,14.833333333333334,0.3333333333333333,1.0,4.0,12.0,-8.0,1979.800728755647,2030.586980963157
1799,24.166666666666668,54.0,7.0,22.833333333333332,6.166666666666667,11.166666666666666,9.833333333333334,4.5,16.0,25.0,58.333333333333336,8.0,24.0,7.0,9.666666666666666,7.833333333333333,6.0,16.333333333333332,0.0,24.285714285714285,54.57142857142857,7.142857142857143,20.142857142857142,8.428571428571429,12.714285714285714,13.0,6.0,15.714285714285714,26.285714285714285,57.0,6.571428571428571,19.714285714285715,6.142857142857143,15.428571428571429,9.0,8.428571428571429,18.714285714285715,0.8571428571428571,0.3333333333333333,0.5,6.0,3.0,3.0,1896.947766746881,1925.8123979154475
1800,29.285714285714285,59.42857142857143,9.285714285714286,24.285714285714285,9.285714285714286,21.0,7.857142857142857,5.0,14.285714285714286,23.0,59.857142857142854,6.142857142857143,20.571428571428573,7.571428571428571,9.142857142857142,8.428571428571429,5.428571428571429,14.428571428571429,17.571428571428573,23.8,51.0,7.4,19.0,4.6,14.2,6.8,4.6,15.4,24.6,55.8,6.2,19.4,8.4,15.4,7.8,3.6,16.2,2.2,1.0,0.3333333333333333,1.0,9.0,-8.0,2194.4481309213625,2227.577047650897
1801,29.0,60.0,8.5,23.166666666666668,10.666666666666666,14.833333333333334,8.833333333333334,6.166666666666667,16.5,25.833333333333332,56.333333333333336,5.666666666666667,15.166666666666666,8.166666666666666,12.333333333333334,9.333333333333334,5.333333333333333,12.0,8.5,28.833333333333332,58.833333333333336,9.333333333333334,23.5,9.333333333333334,14.833333333333334,9.833333333333334,7.0,16.333333333333332,24.5,57.333333333333336,6.5,19.166666666666668,7.833333333333333,11.0,10.333333333333334,5.166666666666667,17.0,10.666666666666666,0.3333333333333333,1.0,4.0,12.0,-8.0,2013.7237751055325,1992.614071430914
1802,25.25,58.125,8.25,23.25,9.125,13.0,9.125,9.625,17.125,20.75,52.5,6.375,20.5,10.0,11.625,14.5,6.0,15.5,8.0,25.75,63.625,7.75,24.5,12.375,11.75,8.375,6.875,16.625,26.75,59.625,9.5,28.375,7.625,17.25,10.625,5.625,19.375,2.875,0.8,0.8,1.0,9.0,-8.0,2151.582061315734,2193.2802699441045
1803,28.25,60.125,8.75,22.0,7.125,12.875,8.5,7.25,15.5,25.0,59.125,9.0,26.75,9.375,16.0,11.0,5.125,15.625,4.0,28.125,57.5,7.5,18.5,7.375,15.75,9.125,4.875,13.375,25.625,60.0,5.625,22.875,8.25,11.625,8.5,5.875,15.375,9.625,0.6,0.8,2.0,10.0,-8.0,2062.208854385793,2093.9039169592797
1804,26.166666666666668,55.666666666666664,7.5,18.0,10.0,18.5,10.166666666666666,5.166666666666667,16.666666666666668,27.0,62.666666666666664,6.333333333333333,22.0,9.666666666666666,12.5,9.166666666666666,6.833333333333333,23.0,5.333333333333333,26.833333333333332,54.666666666666664,7.166666666666667,20.166666666666668,7.833333333333333,14.5,10.166666666666666,6.666666666666667,15.833333333333334,28.5,61.166666666666664,7.333333333333333,22.833333333333332,8.166666666666666,13.833333333333334,9.833333333333334,5.833333333333333,21.666666666666668,5.666666666666667,0.75,0.75,1.0,8.0,-7.0,2141.8792084764486,2149.271176618125
1805,25.142857142857142,63.57142857142857,6.857142857142857,24.428571428571427,12.571428571428571,14.285714285714286,8.428571428571429,5.857142857142857,16.571428571428573,22.285714285714285,57.57142857142857,7.285714285714286,22.857142857142858,9.428571428571429,9.571428571428571,8.428571428571429,4.714285714285714,17.857142857142858,6.571428571428571,30.0,60.333333333333336,7.666666666666667,21.0,7.666666666666667,20.166666666666668,7.666666666666667,6.666666666666667,15.833333333333334,23.0,54.666666666666664,8.166666666666666,24.0,7.833333333333333,14.5,11.5,5.666666666666667,15.0,10.333333333333334,0.4,0.6666666666666666,5.0,13.0,-8.0,1902.2620587268975,1993.5791832753855
1806,31.5,67.66666666666667,8.333333333333334,28.166666666666668,9.833333333333334,15.833333333333334,11.166666666666666,5.666666666666667,23.333333333333332,30.666666666666668,62.833333333333336,8.5,24.166666666666668,8.333333333333334,14.166666666666666,10.0,7.0,21.0,-7.0,27.0,61.125,7.75,22.375,10.25,14.125,9.375,5.375,15.625,23.375,59.375,7.25,20.25,6.375,9.5,8.75,5.5,18.0,10.625,0.3333333333333333,0.8,4.0,1.0,3.0,1987.5261851224295,2040.149150487366
1807,24.166666666666668,54.0,7.0,22.833333333333332,6.166666666666667,11.166666666666666,9.833333333333334,4.5,16.0,25.0,58.333333333333336,8.0,24.0,7.0,9.666666666666666,7.833333333333333,6.0,16.333333333333332,0.0,28.571428571428573,59.0,8.285714285714286,21.285714285714285,9.142857142857142,18.0,12.714285714285714,7.0,15.571428571428571,25.857142857142858,62.0,6.714285714285714,22.428571428571427,7.571428571428571,12.428571428571429,10.857142857142858,8.285714285714286,18.285714285714285,11.0,0.3333333333333333,0.5,6.0,2.0,4.0,1917.82261844771,1946.435175127624
1808,29.285714285714285,59.42857142857143,9.285714285714286,24.285714285714285,9.285714285714286,21.0,7.857142857142857,5.0,14.285714285714286,23.0,59.857142857142854,6.142857142857143,20.571428571428573,7.571428571428571,9.142857142857142,8.428571428571429,5.428571428571429,14.428571428571429,17.571428571428573,25.142857142857142,63.57142857142857,6.857142857142857,24.428571428571427,12.571428571428571,14.285714285714286,8.428571428571429,5.857142857142857,16.571428571428573,22.285714285714285,57.57142857142857,7.285714285714286,22.857142857142858,9.428571428571429,9.571428571428571,8.428571428571429,4.714285714285714,17.857142857142858,6.571428571428571,1.0,0.4,1.0,5.0,-4.0,2199.4232111606275,2232.862180690249
1809,29.875,60.875,7.75,20.875,11.625,12.625,9.0,3.5,16.125,30.0,63.375,7.375,18.375,8.875,14.75,7.75,4.875,20.375,6.5,24.125,56.5,5.875,18.75,7.375,13.125,8.875,10.25,16.125,19.625,51.375,5.5,22.125,9.625,11.0,16.25,5.875,17.625,10.875,0.8,0.8,3.0,2.0,1.0,2026.4525203204464,2074.034045724697
1810,29.0,60.0,8.5,23.166666666666668,10.666666666666666,14.833333333333334,8.833333333333334,6.166666666666667,16.5,25.833333333333332,56.333333333333336,5.666666666666667,15.166666666666666,8.166666666666666,12.333333333333334,9.333333333333334,5.333333333333333,12.0,8.5,25.25,58.125,8.25,23.25,9.125,13.0,9.125,9.625,17.125,20.75,52.5,6.375,20.5,10.0,11.625,14.5,6.0,15.5,8.0,0.3333333333333333,0.8,4.0,1.0,3.0,2019.128476888014,2003.7332247822608
1811,27.4,58.4,6.7,17.8,8.8,12.3,9.5,6.5,13.6,28.8,61.7,7.5,21.5,8.2,14.9,10.1,5.8,16.4,2.0,28.25,60.125,8.75,22.0,7.125,12.875,8.5,7.25,15.5,25.0,59.125,9.0,26.75,9.375,16.0,11.0,5.125,15.625,4.0,0.7142857142857143,0.6,11.0,2.0,9.0,1911.0991784244616,1939.2536040408247
1812,26.166666666666668,55.666666666666664,7.5,18.0,10.0,18.5,10.166666666666666,5.166666666666667,16.666666666666668,27.0,62.666666666666664,6.333333333333333,22.0,9.666666666666666,12.5,9.166666666666666,6.833333333333333,23.0,5.333333333333333,29.8,56.2,5.8,13.2,6.4,17.8,7.6,6.6,14.4,26.6,61.6,8.6,23.2,11.2,15.2,10.4,5.0,16.8,9.4,0.75,0.5,1.0,5.0,-4.0,2148.1177207511755,2156.6240034211824
1813,25.333333333333332,62.666666666666664,9.166666666666666,27.666666666666668,11.166666666666666,15.5,9.666666666666666,7.333333333333333,17.666666666666668,24.0,58.5,8.666666666666666,27.333333333333332,8.5,13.5,12.166666666666666,6.666666666666667,19.333333333333332,6.0,27.6,59.8,10.2,30.6,6.0,16.6,10.0,5.0,11.4,29.0,64.8,5.6,17.8,7.0,13.8,6.4,5.8,13.8,3.6,0.3333333333333333,0.5,2.0,3.0,-1.0,2021.193929208664,2071.814462041014
1814,31.5,67.66666666666667,8.333333333333334,28.166666666666668,9.833333333333334,15.833333333333334,11.166666666666666,5.666666666666667,23.333333333333332,30.666666666666668,62.833333333333336,8.5,24.166666666666668,8.333333333333334,14.166666666666666,10.0,7.0,21.0,-7.0,24.166666666666668,54.0,7.0,22.833333333333332,6.166666666666667,11.166666666666666,9.833333333333334,4.5,16.0,25.0,58.333333333333336,8.0,24.0,7.0,9.666666666666666,7.833333333333333,6.0,16.333333333333332,0.0,0.3333333333333333,0.3333333333333333,4.0,6.0,-2.0,2006.047240435062,2056.980035542443
1815,29.285714285714285,59.42857142857143,9.285714285714286,24.285714285714285,9.285714285714286,21.0,7.857142857142857,5.0,14.285714285714286,23.0,59.857142857142854,6.142857142857143,20.571428571428573,7.571428571428571,9.142857142857142,8.428571428571429,5.428571428571429,14.428571428571429,17.571428571428573,29.875,60.875,7.75,20.875,11.625,12.625,9.0,3.5,16.125,30.0,63.375,7.375,18.375,8.875,14.75,7.75,4.875,20.375,6.5,1.0,0.8,1.0,3.0,-2.0,2204.504127727794,2239.5716881974995
1816,27.4,58.4,6.7,17.8,8.8,12.3,9.5,6.5,13.6,28.8,61.7,7.5,21.5,8.2,14.9,10.1,5.8,16.4,2.0,29.0,60.0,8.5,23.166666666666668,10.666666666666666,14.833333333333334,8.833333333333334,6.166666666666667,16.5,25.833333333333332,56.333333333333336,5.666666666666667,15.166666666666666,8.166666666666666,12.333333333333334,9.333333333333334,5.333333333333333,12.0,8.5,0.7142857142857143,0.3333333333333333,11.0,4.0,7.0,1933.9969880736785,1962.356185459675
1817,26.166666666666668,55.666666666666664,7.5,18.0,10.0,18.5,10.166666666666666,5.166666666666667,16.666666666666668,27.0,62.666666666666664,6.333333333333333,22.0,9.666666666666666,12.5,9.166666666666666,6.833333333333333,23.0,5.333333333333333,25.333333333333332,62.666666666666664,9.166666666666666,27.666666666666668,11.166666666666666,15.5,9.666666666666666,7.333333333333333,17.666666666666668,24.0,58.5,8.666666666666666,27.333333333333332,8.5,13.5,12.166666666666666,6.666666666666667,19.333333333333332,6.0,0.75,0.3333333333333333,1.0,2.0,-1.0,2160.410541771658,2171.781559172396
1818,29.285714285714285,59.42857142857143,9.285714285714286,24.285714285714285,9.285714285714286,21.0,7.857142857142857,5.0,14.285714285714286,23.0,59.857142857142854,6.142857142857143,20.571428571428573,7.571428571428571,9.142857142857142,8.428571428571429,5.428571428571429,14.428571428571429,17.571428571428573,31.5,67.66666666666667,8.333333333333334,28.166666666666668,9.833333333333334,15.833333333333334,11.166666666666666,5.666666666666667,23.333333333333332,30.666666666666668,62.833333333333336,8.5,24.166666666666668,8.333333333333334,14.166666666666666,10.0,7.0,21.0,-7.0,1.0,0.3333333333333333,1.0,4.0,-3.0,2213.5963528552406,2249.1037343765024
1819,26.166666666666668,55.666666666666664,7.5,18.0,10.0,18.5,10.166666666666666,5.166666666666667,16.666666666666668,27.0,62.666666666666664,6.333333333333333,22.0,9.666666666666666,12.5,9.166666666666666,6.833333333333333,23.0,5.333333333333333,27.4,58.4,6.7,17.8,8.8,12.3,9.5,6.5,13.6,28.8,61.7,7.5,21.5,8.2,14.9,10.1,5.8,16.4,2.0,0.75,0.7142857142857143,1.0,11.0,-10.0,2170.955938957642,2183.946009664431
1820,29.285714285714285,59.42857142857143,9.285714285714286,24.285714285714285,9.285714285714286,21.0,7.857142857142857,5.0,14.285714285714286,23.0,59.857142857142854,6.142857142857143,20.571428571428573,7.571428571428571,9.142857142857142,8.428571428571429,5.428571428571429,14.428571428571429,17.571428571428573,26.166666666666668,55.666666666666664,7.5,18.0,10.0,18.5,10.166666666666666,5.166666666666667,16.666666666666668,27.0,62.666666666666664,6.333333333333333,22.0,9.666666666666666,12.5,9.166666666666666,6.833333333333333,23.0,5.333333333333333,1.0,0.75,1.0,1.0,0.0,2221.465570695293,2257.4788392763376
1821,22.666666666666668,58.5,7.333333333333333,21.833333333333332,7.833333333333333,14.0,6.5,5.166666666666667,12.0,23.833333333333332,57.5,5.666666666666667,21.666666666666668,8.5,12.333333333333334,8.0,4.833333333333333,12.833333333333334,-3.0,25.571428571428573,55.285714285714285,6.0,20.857142857142858,7.428571428571429,16.714285714285715,8.428571428571429,5.0,19.285714285714285,22.857142857142858,53.142857142857146,6.428571428571429,18.285714285714285,8.571428571428571,11.428571428571429,8.428571428571429,4.857142857142857,18.714285714285715,1.7142857142857142,0.6666666666666666,0.75,10.0,10.0,0.0,1931.965639271718,1960.057162711836
1822,23.125,51.875,8.5,20.875,9.5,14.375,14.5,5.5,18.375,24.875,55.0,4.375,13.375,8.125,10.625,10.875,7.75,19.0,5.125,22.333333333333332,56.166666666666664,4.833333333333333,19.5,9.833333333333334,10.333333333333334,9.333333333333334,4.833333333333333,14.666666666666666,20.666666666666668,55.5,6.166666666666667,23.666666666666668,7.166666666666667,11.5,8.833333333333334,5.0,15.166666666666666,3.0,0.8,1.0,16.0,16.0,0.0,1303.7353120151604,1531.9981981654478
1823,26.0,60.333333333333336,8.5,24.666666666666668,12.166666666666666,12.5,10.333333333333334,6.0,19.666666666666668,25.0,55.166666666666664,6.666666666666667,21.333333333333332,6.166666666666667,12.0,10.333333333333334,7.0,18.5,7.166666666666667,28.125,57.5,7.5,18.5,7.375,15.75,9.125,4.875,13.375,25.625,60.0,5.625,22.875,8.25,11.625,8.5,5.875,15.375,9.625,0.3333333333333333,0.8,10.0,10.0,0.0,1834.194103137018,1921.7066967566425
1824,28.571428571428573,58.0,10.428571428571429,26.0,6.0,13.571428571428571,10.0,8.142857142857142,16.571428571428573,25.857142857142858,57.857142857142854,7.571428571428571,22.285714285714285,8.0,10.285714285714286,12.714285714285714,5.142857142857143,16.857142857142858,6.571428571428571,23.0,50.375,6.25,15.0,7.0,11.375,12.375,6.875,15.875,22.75,58.75,6.125,20.25,10.375,11.0,11.875,7.375,19.0,5.875,1.0,0.8333333333333334,16.0,16.0,0.0,1478.3175468366485,1543.580009376824
1825,26.25,62.625,5.0,18.125,11.5,14.625,10.0,6.375,16.875,26.375,58.0,7.875,22.0,6.375,15.0,9.5,5.375,19.875,-2.375,28.571428571428573,59.0,8.285714285714286,21.285714285714285,9.142857142857142,18.0,12.714285714285714,7.0,15.571428571428571,25.857142857142858,62.0,6.714285714285714,22.428571428571427,7.571428571428571,12.428571428571429,10.857142857142858,8.285714285714286,18.285714285714285,11.0,0.6,0.5,15.0,2.0,13.0,1519.2327628038386,1663.688674795502
1826,25.428571428571427,56.42857142857143,6.714285714285714,23.142857142857142,7.714285714285714,12.285714285714286,11.714285714285714,4.285714285714286,18.142857142857142,25.285714285714285,58.857142857142854,6.0,22.571428571428573,7.285714285714286,8.285714285714286,8.285714285714286,5.285714285714286,17.857142857142858,1.2857142857142858,27.6,59.8,10.2,30.6,6.0,16.6,10.0,5.0,11.4,29.0,64.8,5.6,17.8,7.0,13.8,6.4,5.8,13.8,3.6,0.6,0.5,14.0,3.0,11.0,1656.9852062623515,1777.991452905551
1827,23.6,49.2,8.8,20.2,6.0,14.8,9.8,5.8,19.8,23.8,53.8,6.6,21.6,7.8,13.8,9.2,4.4,21.6,4.8,27.0,54.2,11.2,24.8,6.0,15.2,13.0,5.8,13.8,27.0,61.2,10.0,28.2,5.8,14.4,9.2,8.2,16.6,4.6,0.6666666666666666,0.6666666666666666,10.0,7.0,3.0,1834.3625907623652,1934.273514043627
1828,26.571428571428573,60.714285714285715,9.857142857142858,31.142857142857142,9.142857142857142,16.428571428571427,10.142857142857142,5.0,19.0,26.142857142857142,60.857142857142854,6.857142857142857,18.0,8.428571428571429,12.428571428571429,9.428571428571429,6.428571428571429,16.285714285714285,2.7142857142857144,24.75,55.125,7.375,20.375,8.5,14.0,10.875,7.875,14.875,20.75,51.5,6.375,22.0,7.875,11.375,12.25,6.625,14.75,8.25,0.5,1.0,6.0,11.0,-5.0,1881.2818781735011,1932.184099519519
1829,28.0,57.857142857142854,7.428571428571429,20.0,11.714285714285714,16.428571428571427,8.428571428571429,9.0,17.428571428571427,22.0,53.285714285714285,8.285714285714286,26.142857142857142,8.285714285714286,12.428571428571429,14.571428571428571,4.571428571428571,18.142857142857142,16.571428571428573,29.8,56.2,5.8,13.2,6.4,17.8,7.6,6.6,14.4,26.6,61.6,8.6,23.2,11.2,15.2,10.4,5.0,16.8,9.4,1.0,0.5,12.0,5.0,7.0,1471.439467799754,1937.904277681579
1830,26.0,54.4,10.2,25.8,7.0,14.6,10.6,6.6,13.8,21.8,56.4,4.4,16.2,6.2,6.4,11.2,5.4,14.8,15.0,29.875,60.875,7.75,20.875,11.625,12.625,9.0,3.5,16.125,30.0,63.375,7.375,18.375,8.875,14.75,7.75,4.875,20.375,6.5,1.0,0.8,14.0,3.0,11.0,1526.0631985893783,1673.316516065964
1831,27.0,52.333333333333336,8.833333333333334,21.666666666666668,4.5,11.333333333333334,8.833333333333334,5.0,10.5,23.333333333333332,57.0,9.333333333333334,28.166666666666668,6.833333333333333,9.666666666666666,8.833333333333334,5.333333333333333,15.5,11.0,24.125,56.5,5.875,18.75,7.375,13.125,8.875,10.25,16.125,19.625,51.375,5.5,22.125,9.625,11.0,16.25,5.875,17.625,10.875,1.0,0.8,15.0,2.0,13.0,1588.0598078239134,1693.1993748035711
1832,26.333333333333332,55.166666666666664,8.666666666666666,24.833333333333332,6.666666666666667,14.0,12.5,7.5,19.833333333333332,25.166666666666668,59.166666666666664,8.833333333333334,25.333333333333332,11.666666666666666,13.333333333333334,12.666666666666666,7.166666666666667,21.0,5.5,25.166666666666668,56.333333333333336,3.6666666666666665,15.0,7.0,14.5,11.166666666666666,6.0,14.333333333333334,26.5,60.833333333333336,9.5,26.0,7.666666666666667,13.333333333333334,10.166666666666666,7.5,15.666666666666666,-4.166666666666667,1.0,0.3333333333333333,13.0,4.0,9.0,1666.2924719252508,1776.297122764872
1833,27.0,57.75,7.25,20.5,10.25,12.125,12.125,7.875,17.0,25.75,57.125,7.5,23.375,7.875,13.0,11.625,7.375,17.375,1.625,24.166666666666668,59.833333333333336,5.333333333333333,17.5,11.0,13.333333333333334,9.333333333333334,7.5,18.5,23.0,52.666666666666664,6.5,18.5,8.166666666666666,13.5,10.666666666666666,5.333333333333333,15.333333333333334,-0.16666666666666666,0.4,0.5,8.0,9.0,-1.0,1859.1048759907628,1924.283700317663
1834,24.142857142857142,55.57142857142857,8.285714285714286,23.285714285714285,8.571428571428571,13.428571428571429,11.714285714285714,6.571428571428571,16.714285714285715,25.428571428571427,57.42857142857143,7.142857142857143,24.0,8.428571428571429,12.142857142857142,10.857142857142858,6.0,18.142857142857142,0.42857142857142855,27.4,58.4,6.7,17.8,8.8,12.3,9.5,6.5,13.6,28.8,61.7,7.5,21.5,8.2,14.9,10.1,5.8,16.4,2.0,0.75,0.7142857142857143,6.0,11.0,-5.0,1951.9580086781184,1967.095606563238
1835,22.333333333333332,56.166666666666664,4.833333333333333,19.5,9.833333333333334,10.333333333333334,9.333333333333334,4.833333333333333,14.666666666666666,20.666666666666668,55.5,6.166666666666667,23.666666666666668,7.166666666666667,11.5,8.833333333333334,5.0,15.166666666666666,3.0,27.0,61.125,7.75,22.375,10.25,14.125,9.375,5.375,15.625,23.375,59.375,7.25,20.25,6.375,9.5,8.75,5.5,18.0,10.625,1.0,0.8,16.0,1.0,15.0,1325.7712938835934,1470.424785133922
1836,33.666666666666664,62.833333333333336,11.5,26.166666666666668,7.666666666666667,19.666666666666668,12.166666666666666,6.666666666666667,19.833333333333332,32.0,66.66666666666667,8.666666666666666,24.0,9.0,14.166666666666666,10.333333333333334,7.166666666666667,18.166666666666668,7.166666666666667,26.0,58.6,8.2,23.8,8.4,16.8,10.6,6.8,15.8,27.4,60.0,7.4,21.0,8.0,18.6,10.2,6.4,18.4,0.8,0.6666666666666666,1.0,3.0,14.0,-11.0,1973.9571228121056,2033.3099331013505
1837,26.0,59.57142857142857,6.857142857142857,21.428571428571427,9.857142857142858,15.714285714285714,8.285714285714286,4.857142857142857,17.714285714285715,25.571428571428573,58.0,6.0,18.285714285714285,9.571428571428571,13.285714285714286,8.428571428571429,5.428571428571429,17.0,0.14285714285714285,26.75,58.875,4.875,20.0,8.25,12.375,8.75,7.5,16.375,26.0,55.5,7.875,22.0,6.875,13.875,11.625,5.0,17.375,-0.5,0.5,0.8,6.0,11.0,-5.0,1888.1023471285037,1951.1872517165332
1838,22.428571428571427,54.142857142857146,5.714285714285714,13.857142857142858,10.0,10.0,11.714285714285714,5.571428571428571,20.142857142857142,20.857142857142858,55.142857142857146,4.857142857142857,17.285714285714285,9.142857142857142,10.0,10.0,5.142857142857143,18.857142857142858,4.285714285714286,25.333333333333332,62.666666666666664,9.166666666666666,27.666666666666668,11.166666666666666,15.5,9.666666666666666,7.333333333333333,17.666666666666668,24.0,58.5,8.666666666666666,27.333333333333332,8.5,13.5,12.166666666666666,6.666666666666667,19.333333333333332,6.0,0.6,0.3333333333333333,15.0,2.0,13.0,1465.70196036445,1586.9435631751835
1839,25.571428571428573,55.285714285714285,6.0,20.857142857142858,7.428571428571429,16.714285714285715,8.428571428571429,5.0,19.285714285714285,22.857142857142858,53.142857142857146,6.428571428571429,18.285714285714285,8.571428571428571,11.428571428571429,8.428571428571429,4.857142857142857,18.714285714285715,1.7142857142857142,28.666666666666668,59.5,7.333333333333333,21.833333333333332,8.5,15.333333333333334,8.833333333333334,8.666666666666666,20.833333333333332,25.333333333333332,53.666666666666664,6.5,17.166666666666668,8.0,12.5,12.0,5.0,16.5,1.8333333333333333,0.75,0.3333333333333333,10.0,7.0,3.0,1789.5421688936804,1885.3980001458945
1840,27.333333333333332,62.0,8.5,23.166666666666668,6.666666666666667,15.666666666666666,8.5,6.166666666666667,17.0,27.666666666666668,58.666666666666664,7.833333333333333,21.666666666666668,5.5,12.5,11.5,5.333333333333333,19.333333333333332,4.333333333333333,25.666666666666668,58.666666666666664,5.833333333333333,20.333333333333332,11.833333333333334,12.666666666666666,11.333333333333334,5.166666666666667,14.166666666666666,26.0,54.0,4.833333333333333,15.166666666666666,6.0,10.333333333333334,10.166666666666666,7.166666666666667,15.333333333333334,1.3333333333333333,1.0,0.3333333333333333,10.0,7.0,3.0,1836.336135336383,1936.8676473246453
1841,29.333333333333332,61.666666666666664,12.0,28.333333333333332,9.0,18.5,9.5,8.166666666666666,14.5,24.166666666666668,55.833333333333336,8.166666666666666,22.666666666666668,6.666666666666667,10.333333333333334,11.666666666666666,6.166666666666667,13.5,13.666666666666666,31.5,67.66666666666667,8.333333333333334,28.166666666666668,9.833333333333334,15.833333333333334,11.166666666666666,5.666666666666667,23.333333333333332,30.666666666666668,62.833333333333336,8.5,24.166666666666668,8.333333333333334,14.166666666666666,10.0,7.0,21.0,-7.0,1.0,0.3333333333333333,13.0,4.0,9.0,1753.2678801101515,1885.0488163198424
1842,27.0,52.666666666666664,5.333333333333333,17.166666666666668,6.5,13.333333333333334,9.0,6.333333333333333,11.333333333333334,24.0,57.833333333333336,6.666666666666667,24.0,6.833333333333333,10.5,9.666666666666666,5.333333333333333,15.333333333333334,9.833333333333334,24.285714285714285,54.57142857142857,7.142857142857143,20.142857142857142,8.428571428571429,12.714285714285714,13.0,6.0,15.714285714285714,26.285714285714285,57.0,6.571428571428571,19.714285714285715,6.142857142857143,15.428571428571429,9.0,8.428571428571429,18.714285714285715,0.8571428571428571,1.0,0.5,14.0,3.0,11.0,1609.5170732179586,1752.6023495371546
1843,29.0,65.75,5.75,19.625,12.375,14.5,8.625,6.75,15.875,24.125,60.5,7.25,25.125,8.5,13.25,10.5,6.0,17.0,8.0,24.166666666666668,54.0,7.0,22.833333333333332,6.166666666666667,11.166666666666666,9.833333333333334,4.5,16.0,25.0,58.333333333333336,8.0,24.0,7.0,9.666666666666666,7.833333333333333,6.0,16.333333333333332,0.0,0.8333333333333334,0.3333333333333333,11.0,6.0,5.0,1801.496993634502,1913.7158893551116
1844,28.333333333333332,60.55555555555556,7.444444444444445,20.22222222222222,9.666666666666666,14.11111111111111,10.777777777777779,6.555555555555555,20.22222222222222,27.77777777777778,63.888888888888886,6.333333333333333,20.77777777777778,9.333333333333334,10.88888888888889,9.555555555555555,7.111111111111111,21.22222222222222,4.222222222222222,28.125,57.5,7.5,18.5,7.375,15.75,9.125,4.875,13.375,25.625,60.0,5.625,22.875,8.25,11.625,8.5,5.875,15.375,9.625,0.6666666666666666,0.8,7.0,10.0,-3.0,1912.0747544142987,1965.933723628929
1845,26.5,53.333333333333336,8.833333333333334,20.333333333333332,6.0,11.333333333333334,8.333333333333334,5.5,17.833333333333332,28.333333333333332,63.0,8.0,23.666666666666668,11.666666666666666,11.666666666666666,8.333333333333334,5.666666666666667,21.333333333333332,3.6666666666666665,29.285714285714285,59.42857142857143,9.285714285714286,24.285714285714285,9.285714285714286,21.0,7.857142857142857,5.0,14.285714285714286,23.0,59.857142857142854,6.142857142857143,20.571428571428573,7.571428571428571,9.142857142857142,8.428571428571429,5.428571428571429,14.428571428571429,17.571428571428573,1.0,1.0,16.0,1.0,15.0,1467.3999053311768,1603.3639032759556
1846,23.166666666666668,56.5,8.0,23.833333333333332,7.5,12.0,9.0,8.0,13.5,21.333333333333332,56.333333333333336,5.666666666666667,21.666666666666668,8.0,8.666666666666666,11.333333333333334,5.166666666666667,16.5,8.0,29.0,60.0,8.5,23.166666666666668,10.666666666666666,14.833333333333334,8.833333333333334,6.166666666666667,16.5,25.833333333333332,56.333333333333336,5.666666666666667,15.166666666666666,8.166666666666666,12.333333333333334,9.333333333333334,5.333333333333333,12.0,8.5,1.0,0.3333333333333333,13.0,4.0,9.0,1704.2551285932789,1850.235114809265
1847,28.6,56.4,8.6,20.6,9.4,18.8,10.0,5.6,15.4,23.4,54.0,4.4,13.0,4.8,13.0,7.6,6.6,15.2,12.4,25.333333333333332,55.0,6.833333333333333,20.666666666666668,8.166666666666666,12.5,9.333333333333334,7.5,18.166666666666668,20.5,54.833333333333336,6.333333333333333,18.333333333333332,9.833333333333334,10.5,14.0,5.0,19.166666666666668,14.833333333333334,1.0,1.0,5.0,12.0,-7.0,1965.3123790932132,2055.355138615552
1848,27.666666666666668,59.166666666666664,6.666666666666667,16.666666666666668,10.5,13.0,10.833333333333334,6.333333333333333,18.166666666666668,22.666666666666668,52.166666666666664,10.333333333333334,26.333333333333332,7.833333333333333,13.833333333333334,13.166666666666666,5.666666666666667,18.333333333333332,5.5,25.25,58.125,8.25,23.25,9.125,13.0,9.125,9.625,17.125,20.75,52.5,6.375,20.5,10.0,11.625,14.5,6.0,15.5,8.0,1.0,0.8,16.0,1.0,15.0,1394.0531808181538,1552.5318567089196
1849,28.875,62.625,8.5,23.0,9.0,14.75,7.875,8.125,18.75,25.5,53.625,7.125,17.875,8.0,14.0,11.75,4.75,15.75,3.375,28.833333333333332,58.833333333333336,9.333333333333334,23.5,9.333333333333334,14.833333333333334,9.833333333333334,7.0,16.333333333333332,24.5,57.333333333333336,6.5,19.166666666666668,7.833333333333333,11.0,10.333333333333334,5.166666666666667,17.0,10.666666666666666,0.6666666666666666,1.0,5.0,12.0,-7.0,1923.0240982220787,1962.0144114301
1850,28.428571428571427,61.857142857142854,7.142857142857143,20.571428571428573,8.285714285714286,11.857142857142858,12.142857142857142,9.285714285714286,19.142857142857142,24.714285714285715,58.285714285714285,9.714285714285714,24.714285714285715,7.428571428571429,12.571428571428571,14.285714285714286,5.714285714285714,19.142857142857142,6.428571428571429,28.25,60.125,8.75,22.0,7.125,12.875,8.5,7.25,15.5,25.0,59.125,9.0,26.75,9.375,16.0,11.0,5.125,15.625,4.0,0.75,0.6,15.0,2.0,13.0,1569.820669212062,1661.772133534054
1851,27.5,56.5,6.333333333333333,20.333333333333332,8.5,13.0,12.0,5.166666666666667,16.5,27.5,62.666666666666664,8.166666666666666,23.333333333333332,8.666666666666666,9.333333333333334,8.833333333333334,7.0,19.333333333333332,3.1666666666666665,23.8,51.0,7.4,19.0,4.6,14.2,6.8,4.6,15.4,24.6,55.8,6.2,19.4,8.4,15.4,7.8,3.6,16.2,2.2,0.75,0.3333333333333333,8.0,9.0,-1.0,1857.92823618652,1928.4669396741056
1852,23.0,50.375,6.25,15.0,7.0,11.375,12.375,6.875,15.875,22.75,58.75,6.125,20.25,10.375,11.0,11.875,7.375,19.0,5.875,26.166666666666668,55.666666666666664,7.5,18.0,10.0,18.5,10.166666666666666,5.166666666666667,16.666666666666668,27.0,62.666666666666664,6.333333333333333,22.0,9.666666666666666,12.5,9.166666666666666,6.833333333333333,23.0,5.333333333333333,0.8333333333333334,0.75,16.0,1.0,15.0,1354.1054206672854,1576.6162273788138
1853,29.0,59.125,6.875,18.5,9.875,16.375,10.125,7.5,16.25,26.375,60.5,8.125,22.75,9.25,14.25,10.625,6.0,18.625,6.75,25.142857142857142,63.57142857142857,6.857142857142857,24.428571428571427,12.571428571428571,14.285714285714286,8.428571428571429,5.857142857142857,16.571428571428573,22.285714285714285,57.57142857142857,7.285714285714286,22.857142857142858,9.428571428571429,9.571428571428571,8.428571428571429,4.714285714285714,17.857142857142858,6.571428571428571,1.0,0.4,12.0,5.0,7.0,1777.7385161013244,1863.4471494499664
1854,27.833333333333332,61.333333333333336,9.5,28.0,8.166666666666666,14.666666666666666,9.666666666666666,6.0,16.833333333333332,23.5,61.833333333333336,7.5,25.333333333333332,10.666666666666666,12.0,10.5,4.833333333333333,15.333333333333334,8.5,25.75,63.625,7.75,24.5,12.375,11.75,8.375,6.875,16.625,26.75,59.625,9.5,28.375,7.625,17.25,10.625,5.625,19.375,2.875,0.6666666666666666,0.8,8.0,9.0,-1.0,1894.7303338768147,1917.8001051892584
1855,24.0,59.57142857142857,7.142857142857143,19.714285714285715,10.714285714285714,14.142857142857142,11.428571428571429,8.857142857142858,17.428571428571427,24.857142857142858,53.42857142857143,7.0,19.428571428571427,7.714285714285714,13.857142857142858,14.0,6.142857142857143,17.142857142857142,0.0,26.833333333333332,54.666666666666664,7.166666666666667,20.166666666666668,7.833333333333333,14.5,10.166666666666666,6.666666666666667,15.833333333333334,28.5,61.166666666666664,7.333333333333333,22.833333333333332,8.166666666666666,13.833333333333334,9.833333333333334,5.833333333333333,21.666666666666668,5.666666666666667,0.5,0.75,9.0,8.0,1.0,1901.4568253686768,1926.994352012107
1856,31.0,60.25,9.0,21.25,7.875,18.875,10.25,6.625,21.75,22.875,58.125,4.75,16.0,10.875,8.75,10.125,6.625,18.625,15.75,30.0,60.333333333333336,7.666666666666667,21.0,7.666666666666667,20.166666666666668,7.666666666666667,6.666666666666667,15.833333333333334,23.0,54.666666666666664,8.166666666666666,24.0,7.833333333333333,14.5,11.5,5.666666666666667,15.0,10.333333333333334,1.0,0.6666666666666666,4.0,13.0,-9.0,2003.7426671081876,2074.569593784223
1857,27.0,54.2,11.2,24.8,6.0,15.2,13.0,5.8,13.8,27.0,61.2,10.0,28.2,5.8,14.4,9.2,8.2,16.6,4.6,28.571428571428573,59.0,8.285714285714286,21.285714285714285,9.142857142857142,18.0,12.714285714285714,7.0,15.571428571428571,25.857142857142858,62.0,6.714285714285714,22.428571428571427,7.571428571428571,12.428571428571429,10.857142857142858,8.285714285714286,18.285714285714285,11.0,0.6666666666666666,0.5,7.0,2.0,5.0,1833.78302346758,1915.427537402832
1858,26.75,58.875,4.875,20.0,8.25,12.375,8.75,7.5,16.375,26.0,55.5,7.875,22.0,6.875,13.875,11.625,5.0,17.375,-0.5,27.6,59.8,10.2,30.6,6.0,16.6,10.0,5.0,11.4,29.0,64.8,5.6,17.8,7.0,13.8,6.4,5.8,13.8,3.6,0.8,0.5,11.0,3.0,8.0,1906.359367082444,1979.657246816545
1859,25.166666666666668,56.333333333333336,3.6666666666666665,15.0,7.0,14.5,11.166666666666666,6.0,14.333333333333334,26.5,60.833333333333336,9.5,26.0,7.666666666666667,13.333333333333334,10.166666666666666,7.5,15.666666666666666,-4.166666666666667,29.8,56.2,5.8,13.2,6.4,17.8,7.6,6.6,14.4,26.6,61.6,8.6,23.2,11.2,15.2,10.4,5.0,16.8,9.4,0.3333333333333333,0.5,4.0,5.0,-1.0,2028.4112631445316,2040.6997243050323
1860,24.75,55.125,7.375,20.375,8.5,14.0,10.875,7.875,14.875,20.75,51.5,6.375,22.0,7.875,11.375,12.25,6.625,14.75,8.25,29.875,60.875,7.75,20.875,11.625,12.625,9.0,3.5,16.125,30.0,63.375,7.375,18.375,8.875,14.75,7.75,4.875,20.375,6.5,1.0,0.8,11.0,3.0,8.0,1774.2919737527636,1867.3916113359096
1861,25.666666666666668,58.666666666666664,5.833333333333333,20.333333333333332,11.833333333333334,12.666666666666666,11.333333333333334,5.166666666666667,14.166666666666666,26.0,54.0,4.833333333333333,15.166666666666666,6.0,10.333333333333334,10.166666666666666,7.166666666666667,15.333333333333334,1.3333333333333333,24.125,56.5,5.875,18.75,7.375,13.125,8.875,10.25,16.125,19.625,51.375,5.5,22.125,9.625,11.0,16.25,5.875,17.625,10.875,0.3333333333333333,0.8,7.0,2.0,5.0,1877.1805875942296,1963.7868974688583
1862,26.0,58.6,8.2,23.8,8.4,16.8,10.6,6.8,15.8,27.4,60.0,7.4,21.0,8.0,18.6,10.2,6.4,18.4,0.8,27.4,58.4,6.7,17.8,8.8,12.3,9.5,6.5,13.6,28.8,61.7,7.5,21.5,8.2,14.9,10.1,5.8,16.4,2.0,1.0,0.7142857142857143,14.0,11.0,3.0,1602.7847067327689,1734.9380567585988
1863,24.166666666666668,59.833333333333336,5.333333333333333,17.5,11.0,13.333333333333334,9.333333333333334,7.5,18.5,23.0,52.666666666666664,6.5,18.5,8.166666666666666,13.5,10.666666666666666,5.333333333333333,15.333333333333334,-0.16666666666666666,27.0,61.125,7.75,22.375,10.25,14.125,9.375,5.375,15.625,23.375,59.375,7.25,20.25,6.375,9.5,8.75,5.5,18.0,10.625,0.5,0.8,9.0,1.0,8.0,1914.1168848973743,1930.2801685223524
1864,28.666666666666668,59.5,7.333333333333333,21.833333333333332,8.5,15.333333333333334,8.833333333333334,8.666666666666666,20.833333333333332,25.333333333333332,53.666666666666664,6.5,17.166666666666668,8.0,12.5,12.0,5.0,16.5,1.8333333333333333,25.333333333333332,62.666666666666664,9.166666666666666,27.666666666666668,11.166666666666666,15.5,9.666666666666666,7.333333333333333,17.666666666666668,24.0,58.5,8.666666666666666,27.333333333333332,8.5,13.5,12.166666666666666,6.666666666666667,19.333333333333332,6.0,0.3333333333333333,0.3333333333333333,7.0,2.0,5.0,1976.9906734431936,1963.78984425059
1865,25.333333333333332,55.0,6.833333333333333,20.666666666666668,8.166666666666666,12.5,9.333333333333334,7.5,18.166666666666668,20.5,54.833333333333336,6.333333333333333,18.333333333333332,9.833333333333334,10.5,14.0,5.0,19.166666666666668,14.833333333333334,31.5,67.66666666666667,8.333333333333334,28.166666666666668,9.833333333333334,15.833333333333334,11.166666666666666,5.666666666666667,23.333333333333332,30.666666666666668,62.833333333333336,8.5,24.166666666666668,8.333333333333334,14.166666666666666,10.0,7.0,21.0,-7.0,1.0,0.3333333333333333,12.0,4.0,8.0,1780.9099568190618,1882.4172115217275
1866,24.285714285714285,54.57142857142857,7.142857142857143,20.142857142857142,8.428571428571429,12.714285714285714,13.0,6.0,15.714285714285714,26.285714285714285,57.0,6.571428571428571,19.714285714285715,6.142857142857143,15.428571428571429,9.0,8.428571428571429,18.714285714285715,0.8571428571428571,24.166666666666668,54.0,7.0,22.833333333333332,6.166666666666667,11.166666666666666,9.833333333333334,4.5,16.0,25.0,58.333333333333336,8.0,24.0,7.0,9.666666666666666,7.833333333333333,6.0,16.333333333333332,0.0,0.5,0.3333333333333333,3.0,6.0,-3.0,2006.274802737623,2029.136752967749
1867,23.8,51.0,7.4,19.0,4.6,14.2,6.8,4.6,15.4,24.6,55.8,6.2,19.4,8.4,15.4,7.8,3.6,16.2,2.2,29.285714285714285,59.42857142857143,9.285714285714286,24.285714285714285,9.285714285714286,21.0,7.857142857142857,5.0,14.285714285714286,23.0,59.857142857142854,6.142857142857143,20.571428571428573,7.571428571428571,9.142857142857142,8.428571428571429,5.428571428571429,14.428571428571429,17.571428571428573,0.3333333333333333,1.0,9.0,1.0,8.0,1900.4624014699648,1946.0982109531928
1868,28.833333333333332,58.833333333333336,9.333333333333334,23.5,9.333333333333334,14.833333333333334,9.833333333333334,7.0,16.333333333333332,24.5,57.333333333333336,6.5,19.166666666666668,7.833333333333333,11.0,10.333333333333334,5.166666666666667,17.0,10.666666666666666,29.0,60.0,8.5,23.166666666666668,10.666666666666666,14.833333333333334,8.833333333333334,6.166666666666667,16.5,25.833333333333332,56.333333333333336,5.666666666666667,15.166666666666666,8.166666666666666,12.333333333333334,9.333333333333334,5.333333333333333,12.0,8.5,1.0,0.3333333333333333,12.0,4.0,8.0,1736.9105235853349,1883.143517841069
1869,25.75,63.625,7.75,24.5,12.375,11.75,8.375,6.875,16.625,26.75,59.625,9.5,28.375,7.625,17.25,10.625,5.625,19.375,2.875,25.25,58.125,8.25,23.25,9.125,13.0,9.125,9.625,17.125,20.75,52.5,6.375,20.5,10.0,11.625,14.5,6.0,15.5,8.0,0.8,0.8,9.0,1.0,8.0,1920.396649808863,1982.762356462934
1870,28.125,57.5,7.5,18.5,7.375,15.75,9.125,4.875,13.375,25.625,60.0,5.625,22.875,8.25,11.625,8.5,5.875,15.375,9.625,28.25,60.125,8.75,22.0,7.125,12.875,8.5,7.25,15.5,25.0,59.125,9.0,26.75,9.375,16.0,11.0,5.125,15.625,4.0,0.8,0.6,10.0,2.0,8.0,1903.2104447356085,1984.1730100903849
1871,26.833333333333332,54.666666666666664,7.166666666666667,20.166666666666668,7.833333333333333,14.5,10.166666666666666,6.666666666666667,15.833333333333334,28.5,61.166666666666664,7.333333333333333,22.833333333333332,8.166666666666666,13.833333333333334,9.833333333333334,5.833333333333333,21.666666666666668,5.666666666666667,26.166666666666668,55.666666666666664,7.5,18.0,10.0,18.5,10.166666666666666,5.166666666666667,16.666666666666668,27.0,62.666666666666664,6.333333333333333,22.0,9.666666666666666,12.5,9.166666666666666,6.833333333333333,23.0,5.333333333333333,0.75,0.75,8.0,1.0,7.0,1895.523246084428,1939.1460643443736
1872,30.0,60.333333333333336,7.666666666666667,21.0,7.666666666666667,20.166666666666668,7.666666666666667,6.666666666666667,15.833333333333334,23.0,54.666666666666664,8.166666666666666,24.0,7.833333333333333,14.5,11.5,5.666666666666667,15.0,10.333333333333334,25.142857142857142,63.57142857142857,6.857142857142857,24.428571428571427,12.571428571428571,14.285714285714286,8.428571428571429,5.857142857142857,16.571428571428573,22.285714285714285,57.57142857142857,7.285714285714286,22.857142857142858,9.428571428571429,9.571428571428571,8.428571428571429,4.714285714285714,17.857142857142858,6.571428571428571,0.6666666666666666,0.4,13.0,5.0,8.0,1697.0394819250066,1824.532293980416
1873,27.0,61.125,7.75,22.375,10.25,14.125,9.375,5.375,15.625,23.375,59.375,7.25,20.25,6.375,9.5,8.75,5.5,18.0,10.625,31.5,67.66666666666667,8.333333333333334,28.166666666666668,9.833333333333334,15.833333333333334,11.166666666666666,5.666666666666667,23.333333333333332,30.666666666666668,62.833333333333336,8.5,24.166666666666668,8.333333333333334,14.166666666666666,10.0,7.0,21.0,-7.0,0.8,0.3333333333333333,1.0,4.0,-3.0,2042.730120169648,2058.207835202727
1874,28.571428571428573,59.0,8.285714285714286,21.285714285714285,9.142857142857142,18.0,12.714285714285714,7.0,15.571428571428571,25.857142857142858,62.0,6.714285714285714,22.428571428571427,7.571428571428571,12.428571428571429,10.857142857142858,8.285714285714286,18.285714285714285,11.0,24.166666666666668,54.0,7.0,22.833333333333332,6.166666666666667,11.166666666666666,9.833333333333334,4.5,16.0,25.0,58.333333333333336,8.0,24.0,7.0,9.666666666666666,7.833333333333333,6.0,16.333333333333332,0.0,0.5,0.3333333333333333,2.0,6.0,-4.0,2004.0944347291168,2062.458351265913
1875,25.142857142857142,63.57142857142857,6.857142857142857,24.428571428571427,12.571428571428571,14.285714285714286,8.428571428571429,5.857142857142857,16.571428571428573,22.285714285714285,57.57142857142857,7.285714285714286,22.857142857142858,9.428571428571429,9.571428571428571,8.428571428571429,4.714285714285714,17.857142857142858,6.571428571428571,29.285714285714285,59.42857142857143,9.285714285714286,24.285714285714285,9.285714285714286,21.0,7.857142857142857,5.0,14.285714285714286,23.0,59.857142857142854,6.142857142857143,20.571428571428573,7.571428571428571,9.142857142857142,8.428571428571429,5.428571428571429,14.428571428571429,17.571428571428573,0.4,1.0,5.0,1.0,4.0,1909.7759291500945,2002.355523301324
1876,24.125,56.5,5.875,18.75,7.375,13.125,8.875,10.25,16.125,19.625,51.375,5.5,22.125,9.625,11.0,16.25,5.875,17.625,10.875,29.875,60.875,7.75,20.875,11.625,12.625,9.0,3.5,16.125,30.0,63.375,7.375,18.375,8.875,14.75,7.75,4.875,20.375,6.5,0.8,0.8,2.0,3.0,-1.0,2059.7015465680483,2086.779539056874
1877,25.25,58.125,8.25,23.25,9.125,13.0,9.125,9.625,17.125,20.75,52.5,6.375,20.5,10.0,11.625,14.5,6.0,15.5,8.0,29.0,60.0,8.5,23.166666666666668,10.666666666666666,14.833333333333334,8.833333333333334,6.166666666666667,16.5,25.833333333333332,56.333333333333336,5.666666666666667,15.166666666666666,8.166666666666666,12.333333333333334,9.333333333333334,5.333333333333333,12.0,8.5,0.8,0.3333333333333333,1.0,4.0,-3.0,2158.2708734527373,2200.6202989706603
1878,28.25,60.125,8.75,22.0,7.125,12.875,8.5,7.25,15.5,25.0,59.125,9.0,26.75,9.375,16.0,11.0,5.125,15.625,4.0,27.4,58.4,6.7,17.8,8.8,12.3,9.5,6.5,13.6,28.8,61.7,7.5,21.5,8.2,14.9,10.1,5.8,16.4,2.0,0.6,0.7142857142857143,2.0,11.0,-9.0,2071.358389315512,2105.012198816193
1879,29.8,56.2,5.8,13.2,6.4,17.8,7.6,6.6,14.4,26.6,61.6,8.6,23.2,11.2,15.2,10.4,5.0,16.8,9.4,26.166666666666668,55.666666666666664,7.5,18.0,10.0,18.5,10.166666666666666,5.166666666666667,16.666666666666668,27.0,62.666666666666664,6.333333333333333,22.0,9.666666666666666,12.5,9.166666666666666,6.833333333333333,23.0,5.333333333333333,0.5,0.75,5.0,1.0,4.0,2066.1285598054537,2138.313625762087
1880,27.6,59.8,10.2,30.6,6.0,16.6,10.0,5.0,11.4,29.0,64.8,5.6,17.8,7.0,13.8,6.4,5.8,13.8,3.6,25.333333333333332,62.666666666666664,9.166666666666666,27.666666666666668,11.166666666666666,15.5,9.666666666666666,7.333333333333333,17.666666666666668,24.0,58.5,8.666666666666666,27.333333333333332,8.5,13.5,12.166666666666666,6.666666666666667,19.333333333333332,6.0,0.5,0.3333333333333333,3.0,2.0,1.0,2017.5804194748064,2050.64686987952
1881,24.166666666666668,54.0,7.0,22.833333333333332,6.166666666666667,11.166666666666666,9.833333333333334,4.5,16.0,25.0,58.333333333333336,8.0,24.0,7.0,9.666666666666666,7.833333333333333,6.0,16.333333333333332,0.0,31.5,67.66666666666667,8.333333333333334,28.166666666666668,9.833333333333334,15.833333333333334,11.166666666666666,5.666666666666667,23.333333333333332,30.666666666666668,62.833333333333336,8.5,24.166666666666668,8.333333333333334,14.166666666666666,10.0,7.0,21.0,-7.0,0.3333333333333333,0.3333333333333333,6.0,4.0,2.0,1937.7158922713872,1967.588102666822
1882,29.875,60.875,7.75,20.875,11.625,12.625,9.0,3.5,16.125,30.0,63.375,7.375,18.375,8.875,14.75,7.75,4.875,20.375,6.5,29.285714285714285,59.42857142857143,9.285714285714286,24.285714285714285,9.285714285714286,21.0,7.857142857142857,5.0,14.285714285714286,23.0,59.857142857142854,6.142857142857143,20.571428571428573,7.571428571428571,9.142857142857142,8.428571428571429,5.428571428571429,14.428571428571429,17.571428571428573,0.8,1.0,3.0,1.0,2.0,2043.9790373667608,2090.620734228421
1883,29.0,60.0,8.5,23.166666666666668,10.666666666666666,14.833333333333334,8.833333333333334,6.166666666666667,16.5,25.833333333333332,56.333333333333336,5.666666666666667,15.166666666666666,8.166666666666666,12.333333333333334,9.333333333333334,5.333333333333333,12.0,8.5,27.4,58.4,6.7,17.8,8.8,12.3,9.5,6.5,13.6,28.8,61.7,7.5,21.5,8.2,14.9,10.1,5.8,16.4,2.0,0.3333333333333333,0.7142857142857143,4.0,11.0,-7.0,2041.2142852711952,2027.9399721859893
1884,25.333333333333332,62.666666666666664,9.166666666666666,27.666666666666668,11.166666666666666,15.5,9.666666666666666,7.333333333333333,17.666666666666668,24.0,58.5,8.666666666666666,27.333333333333332,8.5,13.5,12.166666666666666,6.666666666666667,19.333333333333332,6.0,26.166666666666668,55.666666666666664,7.5,18.0,10.0,18.5,10.166666666666666,5.166666666666667,16.666666666666668,27.0,62.666666666666664,6.333333333333333,22.0,9.666666666666666,12.5,9.166666666666666,6.833333333333333,23.0,5.333333333333333,0.3333333333333333,0.75,2.0,1.0,1.0,2037.0275269356423,2086.840862728743
1885,31.5,67.66666666666667,8.333333333333334,28.166666666666668,9.833333333333334,15.833333333333334,11.166666666666666,5.666666666666667,23.333333333333332,30.666666666666668,62.833333333333336,8.5,24.166666666666668,8.333333333333334,14.166666666666666,10.0,7.0,21.0,-7.0,29.285714285714285,59.42857142857143,9.285714285714286,24.285714285714285,9.285714285714286,21.0,7.857142857142857,5.0,14.285714285714286,23.0,59.857142857142854,6.142857142857143,20.571428571428573,7.571428571428571,9.142857142857142,8.428571428571429,5.428571428571429,14.428571428571429,17.571428571428573,0.3333333333333333,1.0,4.0,1.0,3.0,2018.940420364404,2068.951880994934
1886,27.4,58.4,6.7,17.8,8.8,12.3,9.5,6.5,13.6,28.8,61.7,7.5,21.5,8.2,14.9,10.1,5.8,16.4,2.0,26.166666666666668,55.666666666666664,7.5,18.0,10.0,18.5,10.166666666666666,5.166666666666667,16.666666666666668,27.0,62.666666666666664,6.333333333333333,22.0,9.666666666666666,12.5,9.166666666666666,6.833333333333333,23.0,5.333333333333333,0.7142857142857143,0.75,11.0,1.0,10.0,1954.783539409022,1981.341061674524
1887,26.166666666666668,55.666666666666664,7.5,18.0,10.0,18.5,10.166666666666666,5.166666666666667,16.666666666666668,27.0,62.666666666666664,6.333333333333333,22.0,9.666666666666666,12.5,9.166666666666666,6.833333333333333,23.0,5.333333333333333,29.285714285714285,59.42857142857143,9.285714285714286,24.285714285714285,9.285714285714286,21.0,7.857142857142857,5.0,14.285714285714286,23.0,59.857142857142854,6.142857142857143,20.571428571428573,7.571428571428571,9.142857142857142,8.428571428571429,5.428571428571429,14.428571428571429,17.571428571428573,0.75,1.0,1.0,1.0,0.0,2178.113476610909,2191.5468618664813
