,0,1,2,3,4,5,6,7,8,9,10,11,12,13,14,15,16,17,18,19,20,21,22,23,24,25,26,27,28,29,30,31,32,33,34,35,36,37,38,39,40,41,42,43
0,22.857142857142858,54.57142857142857,2.2857142857142856,9.285714285714286,11.142857142857142,13.571428571428571,13.857142857142858,5.428571428571429,14.571428571428571,23.285714285714285,59.857142857142854,4.428571428571429,14.428571428571429,11.142857142857142,10.714285714285714,13.285714285714286,6.857142857142857,19.142857142857142,4.428571428571429,27.571428571428573,66.14285714285714,10.285714285714286,26.428571428571427,14.571428571428571,14.428571428571429,15.428571428571429,10.857142857142858,17.571428571428573,25.285714285714285,60.285714285714285,4.0,13.285714285714286,13.285714285714286,13.428571428571429,20.857142857142858,7.0,16.0,16.142857142857142,0.5,0.75,4.0,13.0,-9.0,2047.3647342906124
1,24.6,57.2,4.8,16.4,13.8,14.4,15.0,6.2,18.0,21.0,60.4,5.0,14.6,15.4,9.6,15.4,6.6,18.8,11.4,23.6,58.2,7.0,20.2,9.6,15.4,14.6,8.0,17.2,22.6,57.6,6.0,19.6,13.0,14.8,19.0,8.2,16.2,4.4,0.5,0.3333333333333333,8.0,9.0,-1.0,1803.100983917117
2,24.166666666666668,61.666666666666664,5.833333333333333,15.333333333333334,17.5,12.833333333333334,17.166666666666668,13.5,19.166666666666668,20.0,52.833333333333336,5.333333333333333,16.333333333333332,15.0,10.0,23.666666666666668,8.5,21.166666666666668,7.333333333333333,20.285714285714285,52.0,3.857142857142857,14.714285714285714,10.0,11.0,14.857142857142858,8.0,16.857142857142858,16.428571428571427,45.0,1.4285714285714286,6.428571428571429,10.714285714285714,6.0,21.285714285714285,6.285714285714286,16.142857142857142,11.571428571428571,1.0,1.0,2.0,15.0,-13.0,2222.7328834861246
3,25.5,59.25,7.75,18.75,14.5,12.0,16.75,8.25,17.0,22.0,56.0,6.5,19.5,10.75,10.5,18.75,7.5,19.5,13.0,27.75,63.625,4.125,12.875,14.5,14.625,14.375,7.125,15.5,25.5,64.625,5.5,19.125,14.375,12.75,15.875,6.75,17.75,4.75,0.0,0.8,3.0,14.0,-11.0,2065.1913528370487
4,24.0,62.333333333333336,7.333333333333333,21.666666666666668,16.833333333333332,16.333333333333332,14.166666666666666,12.0,15.166666666666666,20.166666666666668,49.666666666666664,5.833333333333333,21.666666666666668,10.5,14.166666666666666,20.166666666666668,5.833333333333333,14.0,8.333333333333334,24.333333333333332,55.333333333333336,6.0,16.0,9.666666666666666,13.333333333333334,11.666666666666666,8.5,11.5,20.166666666666668,58.666666666666664,5.833333333333333,20.833333333333332,14.166666666666666,9.833333333333334,14.5,6.5,16.166666666666668,12.666666666666666,0.5,1.0,5.0,12.0,-7.0,1901.415646736168
5,22.4,55.8,4.0,15.2,14.6,10.0,15.6,7.0,16.2,20.4,56.8,6.8,21.4,13.2,11.4,14.0,7.2,16.8,4.4,23.428571428571427,58.0,5.285714285714286,18.285714285714285,10.285714285714286,13.142857142857142,15.0,9.0,16.285714285714285,24.714285714285715,63.42857142857143,4.0,16.428571428571427,15.714285714285714,12.571428571428571,18.285714285714285,8.0,21.285714285714285,4.0,0.5,1.0,5.0,12.0,-7.0,1920.2988253094704
6,32.6,64.0,5.6,14.6,11.2,21.2,12.6,10.8,11.8,17.2,57.8,3.0,13.0,14.2,7.4,22.2,5.2,14.4,37.8,26.2,66.8,3.8,15.2,18.0,13.4,19.6,12.4,21.4,22.8,62.6,5.0,19.2,18.2,12.4,21.2,10.0,20.0,1.6,1.0,0.5,7.0,10.0,-3.0,1925.6047996557488
7,23.833333333333332,59.0,8.5,23.333333333333332,11.833333333333334,13.833333333333334,15.166666666666666,6.166666666666667,13.833333333333334,23.833333333333332,58.833333333333336,5.166666666666667,16.833333333333332,11.833333333333334,14.166666666666666,15.5,6.333333333333333,17.166666666666668,4.0,21.285714285714285,53.857142857142854,3.0,12.0,12.571428571428571,12.714285714285714,17.714285714285715,7.285714285714286,18.0,18.857142857142858,54.142857142857146,6.0,17.285714285714285,13.142857142857142,9.857142857142858,16.571428571428573,8.142857142857142,16.857142857142858,2.5714285714285716,0.6666666666666666,0.75,8.0,9.0,-1.0,1908.528006706663
8,23.5,61.833333333333336,4.5,14.166666666666666,12.0,12.333333333333334,14.666666666666666,10.333333333333334,17.666666666666668,24.0,57.166666666666664,2.5,10.166666666666666,12.333333333333334,13.5,20.833333333333332,6.333333333333333,18.166666666666668,1.1666666666666667,25.555555555555557,51.333333333333336,2.0,6.777777777777778,15.666666666666666,10.777777777777779,17.666666666666668,12.222222222222221,17.333333333333332,18.11111111111111,46.333333333333336,5.222222222222222,15.666666666666666,10.11111111111111,10.444444444444445,20.555555555555557,7.555555555555555,19.555555555555557,16.77777777777778,0.6666666666666666,1.0,4.0,13.0,-9.0,1948.2902816023284
9,24.5,57.0,4.0,11.75,13.0,15.25,10.25,6.5,13.0,23.0,55.5,4.0,11.75,12.0,11.75,14.5,4.75,16.75,8.75,20.333333333333332,50.833333333333336,3.1666666666666665,13.833333333333334,12.833333333333334,9.333333333333334,15.5,6.166666666666667,14.5,17.833333333333332,54.0,2.5,11.5,10.5,6.0,13.166666666666666,6.666666666666667,17.5,14.833333333333334,0.0,0.6666666666666666,7.0,10.0,-3.0,1995.7619435938225
10,24.2,57.4,5.0,15.4,13.6,13.0,16.8,10.0,17.0,19.6,55.6,4.2,16.6,13.2,10.4,20.0,8.0,16.8,8.8,24.857142857142858,58.714285714285715,8.714285714285714,19.714285714285715,13.428571428571429,14.142857142857142,16.0,8.428571428571429,15.857142857142858,20.857142857142858,57.142857142857146,4.0,15.285714285714286,10.857142857142858,11.142857142857142,17.428571428571427,6.714285714285714,20.571428571428573,17.142857142857142,0.5,1.0,5.0,12.0,-7.0,1973.8779038650705
11,25.0,65.125,5.5,18.875,14.25,8.5,9.125,6.75,19.0,23.75,57.875,9.25,23.0,10.875,15.125,13.25,3.625,16.875,-2.5,23.8,53.6,10.0,23.6,9.4,12.8,14.2,3.4,14.0,22.2,56.6,4.8,19.4,6.2,12.6,9.4,6.0,17.6,12.4,0.6,1.0,4.0,13.0,-9.0,1949.058685323884
12,25.0,56.25,4.0,9.0,13.75,14.0,13.75,9.5,14.75,22.0,57.5,3.75,13.75,12.75,13.5,16.25,6.25,18.5,9.75,27.5,63.166666666666664,4.666666666666667,14.5,15.833333333333334,13.833333333333334,13.666666666666666,10.166666666666666,14.833333333333334,19.833333333333332,56.166666666666664,3.6666666666666665,16.5,11.5,11.333333333333334,17.666666666666668,7.166666666666667,15.5,20.833333333333332,0.5,1.0,6.0,11.0,-5.0,1897.4980020455744
13,26.714285714285715,56.285714285714285,5.285714285714286,15.714285714285714,11.285714285714286,18.0,12.857142857142858,6.714285714285714,11.714285714285714,18.285714285714285,58.714285714285715,2.7142857142857144,12.142857142857142,12.857142857142858,7.285714285714286,14.142857142857142,5.428571428571429,14.428571428571429,22.714285714285715,21.333333333333332,50.333333333333336,6.666666666666667,20.166666666666668,9.333333333333334,13.666666666666666,18.5,8.5,16.666666666666668,18.833333333333332,49.0,6.0,15.333333333333334,8.333333333333334,9.5,17.333333333333332,7.833333333333333,16.333333333333332,5.0,1.0,0.75,1.0,16.0,-15.0,2315.702923502235
14,27.166666666666668,60.333333333333336,3.8333333333333335,11.0,16.5,16.5,16.333333333333332,5.166666666666667,16.833333333333332,21.5,62.5,3.8333333333333335,15.333333333333334,13.333333333333334,9.333333333333334,12.333333333333334,6.833333333333333,18.166666666666668,14.833333333333334,23.5,58.833333333333336,4.166666666666667,10.166666666666666,16.5,10.333333333333334,17.5,5.666666666666667,17.833333333333332,24.333333333333332,66.5,6.0,22.333333333333332,16.5,13.5,13.333333333333334,8.0,21.333333333333332,4.666666666666667,1.0,1.0,1.0,16.0,-15.0,2269.8268843885253
15,29.125,64.5,4.0,12.0,13.25,16.25,14.125,11.25,19.125,20.875,54.25,3.5,13.0,11.5,13.0,21.375,6.0,17.5,15.375,22.714285714285715,60.0,8.571428571428571,25.857142857142858,13.571428571428571,13.428571428571429,15.714285714285714,9.857142857142858,15.857142857142858,22.0,54.142857142857146,4.428571428571429,14.0,12.0,11.428571428571429,17.285714285714285,7.714285714285714,12.714285714285714,1.7142857142857142,1.0,0.75,2.0,15.0,-13.0,2121.817517859576
16,26.333333333333332,59.5,4.666666666666667,13.333333333333334,13.5,17.0,11.333333333333334,8.833333333333334,15.833333333333334,19.5,49.0,3.5,11.833333333333334,8.666666666666666,8.833333333333334,17.666666666666668,4.0,15.5,16.666666666666668,19.6,51.8,0.8,5.0,14.8,11.4,21.2,8.4,18.8,20.8,54.4,5.0,15.0,12.0,11.6,17.4,10.2,19.4,-0.4,0.6666666666666666,0.5,11.0,6.0,5.0,1811.502890479612
17,28.714285714285715,57.285714285714285,4.714285714285714,14.857142857142858,13.571428571428571,19.571428571428573,15.142857142857142,7.571428571428571,10.571428571428571,19.571428571428573,65.28571428571429,4.0,18.285714285714285,15.142857142857142,10.142857142857142,13.285714285714286,8.0,18.285714285714285,25.571428571428573,22.25,61.0,4.625,14.125,16.25,12.0,19.5,10.625,20.25,16.5,47.875,2.625,9.75,10.125,9.625,22.75,8.25,15.75,8.875,1.0,1.0,1.0,16.0,-15.0,2475.4059289894712
18,20.0,53.333333333333336,6.166666666666667,22.333333333333332,12.5,12.666666666666666,12.333333333333334,5.666666666666667,12.833333333333334,19.166666666666668,53.5,4.333333333333333,18.166666666666668,10.833333333333334,8.0,12.0,5.5,16.166666666666668,5.333333333333333,24.5,54.5,5.75,18.25,11.25,15.5,16.5,7.5,15.75,20.0,51.5,2.25,13.25,11.5,13.25,18.5,7.75,17.75,14.0,0.3333333333333333,1.0,4.0,13.0,-9.0,1984.730191025794
19,22.0,58.2,5.2,17.4,13.4,11.8,18.0,7.6,16.4,21.8,58.6,4.4,14.2,14.4,12.4,15.4,8.8,14.4,-3.0,33.666666666666664,65.0,11.333333333333334,27.0,9.833333333333334,23.666666666666668,13.833333333333334,11.833333333333334,18.0,24.166666666666668,60.5,6.666666666666667,15.5,14.0,11.5,20.333333333333332,5.666666666666667,16.0,22.833333333333332,0.5,1.0,7.0,10.0,-3.0,1880.685527167028
20,26.285714285714285,60.857142857142854,4.714285714285714,17.571428571428573,13.428571428571429,12.714285714285714,13.0,9.285714285714286,14.0,24.285714285714285,57.42857142857143,6.0,17.0,10.285714285714286,12.0,18.142857142857142,5.857142857142857,19.0,12.857142857142858,24.0,58.125,8.0,23.25,11.25,15.0,12.5,4.875,19.0,21.875,52.5,4.25,12.125,8.5,9.375,12.875,6.5,18.625,3.875,0.75,0.8,1.0,16.0,-15.0,2061.3317684931767
21,26.428571428571427,57.0,4.285714285714286,12.714285714285714,11.0,17.285714285714285,16.571428571428573,10.285714285714286,15.857142857142858,24.142857142857142,55.57142857142857,4.428571428571429,13.857142857142858,12.0,14.428571428571429,18.142857142857142,9.0,14.857142857142858,5.0,25.25,55.125,5.75,15.5,10.5,16.125,16.75,11.0,13.75,22.5,55.25,5.625,20.0,10.25,14.125,19.125,8.125,16.625,10.375,0.5,0.8,2.0,15.0,-13.0,2070.938685445989
22,25.4,59.6,6.0,18.0,11.0,15.4,13.6,6.2,12.4,24.0,62.2,6.4,16.8,12.2,12.8,14.6,7.4,17.8,10.0,25.833333333333332,59.166666666666664,7.0,18.666666666666668,13.166666666666666,13.666666666666666,16.0,8.166666666666666,16.333333333333332,25.166666666666668,59.5,4.5,14.833333333333334,13.0,13.0,19.833333333333332,6.0,17.0,8.833333333333334,1.0,1.0,2.0,15.0,-13.0,2114.258512198907
23,24.625,59.125,5.25,14.5,13.0,12.5,16.375,5.5,15.375,24.625,63.125,5.0,16.375,12.625,11.5,12.375,7.625,16.625,2.25,27.714285714285715,57.0,9.857142857142858,25.142857142857142,9.714285714285714,19.428571428571427,18.285714285714285,10.714285714285714,15.714285714285714,21.285714285714285,55.857142857142854,6.0,16.714285714285715,8.571428571428571,10.285714285714286,20.857142857142858,10.428571428571429,18.428571428571427,19.857142857142858,0.6,1.0,3.0,14.0,-11.0,2112.0894338733174
24,27.714285714285715,57.714285714285715,5.142857142857143,14.571428571428571,13.0,17.857142857142858,15.285714285714286,10.428571428571429,13.571428571428571,22.285714285714285,56.142857142857146,4.0,14.714285714285714,14.428571428571429,12.571428571428571,18.714285714285715,5.428571428571429,12.571428571428571,12.428571428571429,21.428571428571427,56.714285714285715,5.142857142857143,17.142857142857142,12.714285714285714,11.857142857142858,19.857142857142858,6.428571428571429,16.428571428571427,22.428571428571427,63.42857142857143,4.142857142857143,16.285714285714285,13.857142857142858,10.571428571428571,14.714285714285714,10.428571428571429,18.428571428571427,-0.42857142857142855,1.0,0.75,11.0,6.0,5.0,1821.5749155940596
25,22.666666666666668,64.33333333333333,6.666666666666667,20.5,17.666666666666668,12.666666666666666,14.666666666666666,6.833333333333333,17.0,20.166666666666668,55.333333333333336,5.0,16.166666666666668,11.333333333333334,12.0,16.166666666666668,6.666666666666667,17.166666666666668,3.6666666666666665,25.142857142857142,56.57142857142857,4.571428571428571,16.714285714285715,14.285714285714286,12.714285714285714,16.857142857142858,6.857142857142857,16.428571428571427,20.285714285714285,61.0,4.285714285714286,16.0,14.857142857142858,9.571428571428571,16.0,5.857142857142857,19.857142857142858,16.142857142857142,0.6666666666666666,1.0,8.0,9.0,-1.0,1860.8450973887343
26,26.5,56.875,3.125,8.875,15.125,13.375,19.625,13.5,17.25,20.625,52.75,6.0,17.25,10.625,13.0,22.75,10.0,18.0,10.375,20.0,55.857142857142854,6.0,17.142857142857142,13.142857142857142,10.714285714285714,19.857142857142858,8.714285714285714,17.142857142857142,21.714285714285715,60.285714285714285,3.2857142857142856,13.0,14.857142857142858,9.857142857142858,18.571428571428573,11.428571428571429,19.0,1.5714285714285714,0.8,0.75,8.0,9.0,-1.0,1932.6015545437936
27,24.0,54.666666666666664,4.666666666666667,13.166666666666666,12.333333333333334,13.0,15.5,4.833333333333333,17.0,23.333333333333332,57.5,5.666666666666667,17.333333333333332,13.333333333333334,15.0,12.833333333333334,5.666666666666667,17.5,0.16666666666666666,23.833333333333332,58.166666666666664,6.333333333333333,18.666666666666668,12.5,16.166666666666668,17.333333333333332,9.5,16.0,21.5,57.333333333333336,5.0,17.166666666666668,14.0,12.5,18.5,10.166666666666666,13.166666666666666,6.833333333333333,0.6666666666666666,0.6666666666666666,6.0,11.0,-5.0,2008.49995540189
28,20.833333333333332,53.333333333333336,4.166666666666667,13.166666666666666,12.833333333333334,10.666666666666666,12.333333333333334,7.333333333333333,15.833333333333334,16.0,49.166666666666664,3.6666666666666665,14.5,10.333333333333334,8.833333333333334,17.5,3.3333333333333335,18.333333333333332,11.5,26.4,56.6,6.4,17.4,8.8,12.8,12.8,7.4,18.6,18.0,51.2,5.6,15.2,10.2,9.0,15.6,6.0,16.4,9.8,1.0,0.5,10.0,7.0,3.0,1745.8759627414613
29,19.428571428571427,52.57142857142857,3.857142857142857,12.857142857142858,11.714285714285714,9.285714285714286,15.285714285714286,9.285714285714286,15.857142857142858,18.714285714285715,55.42857142857143,2.857142857142857,12.428571428571429,14.428571428571429,9.142857142857142,16.428571428571427,7.285714285714286,15.857142857142858,1.2857142857142858,29.25,65.0,6.5,19.125,12.875,20.875,15.375,9.0,15.25,23.625,62.125,5.375,19.125,13.875,13.25,19.0,8.75,17.25,12.5,0.5,0.8,3.0,14.0,-11.0,1995.6090813365424
30,26.714285714285715,57.285714285714285,6.714285714285714,17.571428571428573,13.857142857142858,19.0,18.571428571428573,13.285714285714286,17.142857142857142,18.857142857142858,43.57142857142857,3.857142857142857,12.285714285714286,7.571428571428571,12.285714285714286,24.571428571428573,8.714285714285714,15.857142857142858,17.0,19.25,54.25,2.5,11.25,12.0,7.75,17.0,10.0,18.75,22.0,57.5,6.5,16.5,14.0,11.5,19.0,6.5,18.75,-4.25,0.75,0.0,12.0,5.0,7.0,1840.8922720076237
31,24.666666666666668,58.833333333333336,5.0,18.0,15.666666666666666,14.5,14.833333333333334,5.833333333333333,12.333333333333334,19.333333333333332,60.0,7.0,23.166666666666668,11.166666666666666,11.333333333333334,13.166666666666666,8.833333333333334,16.166666666666668,13.666666666666666,27.0,64.66666666666667,6.666666666666667,20.5,14.0,14.5,16.5,11.5,15.666666666666666,22.833333333333332,64.16666666666667,4.5,18.333333333333332,15.0,12.0,20.0,6.0,17.0,15.0,1.0,1.0,3.0,14.0,-11.0,2020.6189409497383
32,22.857142857142858,54.57142857142857,2.2857142857142856,9.285714285714286,11.142857142857142,13.571428571428571,13.857142857142858,5.428571428571429,14.571428571428571,23.285714285714285,59.857142857142854,4.428571428571429,14.428571428571429,11.142857142857142,10.714285714285714,13.285714285714286,6.857142857142857,19.142857142857142,4.428571428571429,24.0,62.333333333333336,7.333333333333333,21.666666666666668,16.833333333333332,16.333333333333332,14.166666666666666,12.0,15.166666666666666,20.166666666666668,49.666666666666664,5.833333333333333,21.666666666666668,10.5,14.166666666666666,20.166666666666668,5.833333333333333,14.0,8.333333333333334,0.5,0.5,4.0,5.0,-1.0,2053.138706006835
33,24.166666666666668,61.666666666666664,5.833333333333333,15.333333333333334,17.5,12.833333333333334,17.166666666666668,13.5,19.166666666666668,20.0,52.833333333333336,5.333333333333333,16.333333333333332,15.0,10.0,23.666666666666668,8.5,21.166666666666668,7.333333333333333,24.5,57.0,4.0,11.75,13.0,15.25,10.25,6.5,13.0,23.0,55.5,4.0,11.75,12.0,11.75,14.5,4.75,16.75,8.75,1.0,0.0,2.0,7.0,-5.0,2223.1150386319623
34,25.5,59.25,7.75,18.75,14.5,12.0,16.75,8.25,17.0,22.0,56.0,6.5,19.5,10.75,10.5,18.75,7.5,19.5,13.0,25.0,56.25,4.0,9.0,13.75,14.0,13.75,9.5,14.75,22.0,57.5,3.75,13.75,12.75,13.5,16.25,6.25,18.5,9.75,0.0,0.5,3.0,6.0,-3.0,2068.489917653791
35,22.4,55.8,4.0,15.2,14.6,10.0,15.6,7.0,16.2,20.4,56.8,6.8,21.4,13.2,11.4,14.0,7.2,16.8,4.4,25.0,65.125,5.5,18.875,14.25,8.5,9.125,6.75,19.0,23.75,57.875,9.25,23.0,10.875,15.125,13.25,3.625,16.875,-2.5,0.5,0.6,5.0,4.0,1.0,1928.6738921195808
36,32.6,64.0,5.6,14.6,11.2,21.2,12.6,10.8,11.8,17.2,57.8,3.0,13.0,14.2,7.4,22.2,5.2,14.4,37.8,29.125,64.5,4.0,12.0,13.25,16.25,14.125,11.25,19.125,20.875,54.25,3.5,13.0,11.5,13.0,21.375,6.0,17.5,15.375,1.0,1.0,7.0,2.0,5.0,1946.3560415025731
37,23.5,61.833333333333336,4.5,14.166666666666666,12.0,12.333333333333334,14.666666666666666,10.333333333333334,17.666666666666668,24.0,57.166666666666664,2.5,10.166666666666666,12.333333333333334,13.5,20.833333333333332,6.333333333333333,18.166666666666668,1.1666666666666667,24.2,57.4,5.0,15.4,13.6,13.0,16.8,10.0,17.0,19.6,55.6,4.2,16.6,13.2,10.4,20.0,8.0,16.8,8.8,0.6666666666666666,0.5,4.0,5.0,-1.0,1955.1386917753669
38,26.714285714285715,56.285714285714285,5.285714285714286,15.714285714285714,11.285714285714286,18.0,12.857142857142858,6.714285714285714,11.714285714285714,18.285714285714285,58.714285714285715,2.7142857142857144,12.142857142857142,12.857142857142858,7.285714285714286,14.142857142857142,5.428571428571429,14.428571428571429,22.714285714285715,23.833333333333332,59.0,8.5,23.333333333333332,11.833333333333334,13.833333333333334,15.166666666666666,6.166666666666667,13.833333333333334,23.833333333333332,58.833333333333336,5.166666666666667,16.833333333333332,11.833333333333334,14.166666666666666,15.5,6.333333333333333,17.166666666666668,4.0,1.0,0.6666666666666666,1.0,8.0,-7.0,2316.082950316071
39,27.166666666666668,60.333333333333336,3.8333333333333335,11.0,16.5,16.5,16.333333333333332,5.166666666666667,16.833333333333332,21.5,62.5,3.8333333333333335,15.333333333333334,13.333333333333334,9.333333333333334,12.333333333333334,6.833333333333333,18.166666666666668,14.833333333333334,24.6,57.2,4.8,16.4,13.8,14.4,15.0,6.2,18.0,21.0,60.4,5.0,14.6,15.4,9.6,15.4,6.6,18.8,11.4,1.0,0.5,1.0,8.0,-7.0,2270.0434228120143
40,28.714285714285715,57.285714285714285,4.714285714285714,14.857142857142858,13.571428571428571,19.571428571428573,15.142857142857142,7.571428571428571,10.571428571428571,19.571428571428573,65.28571428571429,4.0,18.285714285714285,15.142857142857142,10.142857142857142,13.285714285714286,8.0,18.285714285714285,25.571428571428573,22.666666666666668,64.33333333333333,6.666666666666667,20.5,17.666666666666668,12.666666666666666,14.666666666666666,6.833333333333333,17.0,20.166666666666668,55.333333333333336,5.0,16.166666666666668,11.333333333333334,12.0,16.166666666666668,6.666666666666667,17.166666666666668,3.6666666666666665,1.0,0.6666666666666666,1.0,8.0,-7.0,2475.4640549480664
41,20.0,53.333333333333336,6.166666666666667,22.333333333333332,12.5,12.666666666666666,12.333333333333334,5.666666666666667,12.833333333333334,19.166666666666668,53.5,4.333333333333333,18.166666666666668,10.833333333333334,8.0,12.0,5.5,16.166666666666668,5.333333333333333,26.714285714285715,57.285714285714285,6.714285714285714,17.571428571428573,13.857142857142858,19.0,18.571428571428573,13.285714285714286,17.142857142857142,18.857142857142858,43.57142857142857,3.857142857142857,12.285714285714286,7.571428571428571,12.285714285714286,24.571428571428573,8.714285714285714,15.857142857142858,17.0,0.3333333333333333,0.75,4.0,12.0,-8.0,1989.0275319135808
42,22.0,58.2,5.2,17.4,13.4,11.8,18.0,7.6,16.4,21.8,58.6,4.4,14.2,14.4,12.4,15.4,8.8,14.4,-3.0,25.4,59.6,6.0,18.0,11.0,15.4,13.6,6.2,12.4,24.0,62.2,6.4,16.8,12.2,12.8,14.6,7.4,17.8,10.0,0.5,1.0,7.0,2.0,5.0,1899.524194579108
43,26.285714285714285,60.857142857142854,4.714285714285714,17.571428571428573,13.428571428571429,12.714285714285714,13.0,9.285714285714286,14.0,24.285714285714285,57.42857142857143,6.0,17.0,10.285714285714286,12.0,18.142857142857142,5.857142857142857,19.0,12.857142857142858,26.5,56.875,3.125,8.875,15.125,13.375,19.625,13.5,17.25,20.625,52.75,6.0,17.25,10.625,13.0,22.75,10.0,18.0,10.375,0.75,0.8,1.0,8.0,-7.0,2063.912376687437
44,26.428571428571427,57.0,4.285714285714286,12.714285714285714,11.0,17.285714285714285,16.571428571428573,10.285714285714286,15.857142857142858,24.142857142857142,55.57142857142857,4.428571428571429,13.857142857142858,12.0,14.428571428571429,18.142857142857142,9.0,14.857142857142858,5.0,20.833333333333332,53.333333333333336,4.166666666666667,13.166666666666666,12.833333333333334,10.666666666666666,12.333333333333334,7.333333333333333,15.833333333333334,16.0,49.166666666666664,3.6666666666666665,14.5,10.333333333333334,8.833333333333334,17.5,3.3333333333333335,18.333333333333332,11.5,0.5,1.0,2.0,10.0,-8.0,2072.533623172057
45,24.625,59.125,5.25,14.5,13.0,12.5,16.375,5.5,15.375,24.625,63.125,5.0,16.375,12.625,11.5,12.375,7.625,16.625,2.25,26.333333333333332,59.5,4.666666666666667,13.333333333333334,13.5,17.0,11.333333333333334,8.833333333333334,15.833333333333334,19.5,49.0,3.5,11.833333333333334,8.666666666666666,8.833333333333334,17.666666666666668,4.0,15.5,16.666666666666668,0.6,0.6666666666666666,3.0,11.0,-8.0,2115.9843627038385
46,27.714285714285715,57.714285714285715,5.142857142857143,14.571428571428571,13.0,17.857142857142858,15.285714285714286,10.428571428571429,13.571428571428571,22.285714285714285,56.142857142857146,4.0,14.714285714285714,14.428571428571429,12.571428571428571,18.714285714285715,5.428571428571429,12.571428571428571,12.428571428571429,19.428571428571427,52.57142857142857,3.857142857142857,12.857142857142858,11.714285714285714,9.285714285714286,15.285714285714286,9.285714285714286,15.857142857142858,18.714285714285715,55.42857142857143,2.857142857142857,12.428571428571429,14.428571428571429,9.142857142857142,16.428571428571427,7.285714285714286,15.857142857142858,1.2857142857142858,1.0,0.5,11.0,3.0,8.0,1844.2089867248744
47,24.666666666666668,58.833333333333336,5.0,18.0,15.666666666666666,14.5,14.833333333333334,5.833333333333333,12.333333333333334,19.333333333333332,60.0,7.0,23.166666666666668,11.166666666666666,11.333333333333334,13.166666666666666,8.833333333333334,16.166666666666668,13.666666666666666,24.0,54.666666666666664,4.666666666666667,13.166666666666666,12.333333333333334,13.0,15.5,4.833333333333333,17.0,23.333333333333332,57.5,5.666666666666667,17.333333333333332,13.333333333333334,15.0,12.833333333333334,5.666666666666667,17.5,0.16666666666666666,1.0,0.6666666666666666,3.0,6.0,-3.0,2023.403289424783
48,22.857142857142858,54.57142857142857,2.2857142857142856,9.285714285714286,11.142857142857142,13.571428571428571,13.857142857142858,5.428571428571429,14.571428571428571,23.285714285714285,59.857142857142854,4.428571428571429,14.428571428571429,11.142857142857142,10.714285714285714,13.285714285714286,6.857142857142857,19.142857142857142,4.428571428571429,27.166666666666668,60.333333333333336,3.8333333333333335,11.0,16.5,16.5,16.333333333333332,5.166666666666667,16.833333333333332,21.5,62.5,3.8333333333333335,15.333333333333334,13.333333333333334,9.333333333333334,12.333333333333334,6.833333333333333,18.166666666666668,14.833333333333334,0.5,1.0,4.0,1.0,3.0,2063.034596041794
49,24.166666666666668,61.666666666666664,5.833333333333333,15.333333333333334,17.5,12.833333333333334,17.166666666666668,13.5,19.166666666666668,20.0,52.833333333333336,5.333333333333333,16.333333333333332,15.0,10.0,23.666666666666668,8.5,21.166666666666668,7.333333333333333,27.714285714285715,57.714285714285715,5.142857142857143,14.571428571428571,13.0,17.857142857142858,15.285714285714286,10.428571428571429,13.571428571428571,22.285714285714285,56.142857142857146,4.0,14.714285714285714,14.428571428571429,12.571428571428571,18.714285714285715,5.428571428571429,12.571428571428571,12.428571428571429,1.0,1.0,2.0,11.0,-9.0,2230.207680721044
50,26.714285714285715,56.285714285714285,5.285714285714286,15.714285714285714,11.285714285714286,18.0,12.857142857142858,6.714285714285714,11.714285714285714,18.285714285714285,58.714285714285715,2.7142857142857144,12.142857142857142,12.857142857142858,7.285714285714286,14.142857142857142,5.428571428571429,14.428571428571429,22.714285714285715,22.4,55.8,4.0,15.2,14.6,10.0,15.6,7.0,16.2,20.4,56.8,6.8,21.4,13.2,11.4,14.0,7.2,16.8,4.4,1.0,0.5,1.0,5.0,-4.0,2319.1398548323937
51,24.666666666666668,58.833333333333336,5.0,18.0,15.666666666666666,14.5,14.833333333333334,5.833333333333333,12.333333333333334,19.333333333333332,60.0,7.0,23.166666666666668,11.166666666666666,11.333333333333334,13.166666666666666,8.833333333333334,16.166666666666668,13.666666666666666,32.6,64.0,5.6,14.6,11.2,21.2,12.6,10.8,11.8,17.2,57.8,3.0,13.0,14.2,7.4,22.2,5.2,14.4,37.8,1.0,1.0,3.0,7.0,-4.0,2039.2286961259492
52,28.714285714285715,57.285714285714285,4.714285714285714,14.857142857142858,13.571428571428571,19.571428571428573,15.142857142857142,7.571428571428571,10.571428571428571,19.571428571428573,65.28571428571429,4.0,18.285714285714285,15.142857142857142,10.142857142857142,13.285714285714286,8.0,18.285714285714285,25.571428571428573,20.0,53.333333333333336,6.166666666666667,22.333333333333332,12.5,12.666666666666666,12.333333333333334,5.666666666666667,12.833333333333334,19.166666666666668,53.5,4.333333333333333,18.166666666666668,10.833333333333334,8.0,12.0,5.5,16.166666666666668,5.333333333333333,1.0,0.3333333333333333,1.0,4.0,-3.0,2476.444396846936
53,25.5,59.25,7.75,18.75,14.5,12.0,16.75,8.25,17.0,22.0,56.0,6.5,19.5,10.75,10.5,18.75,7.5,19.5,13.0,22.0,58.2,5.2,17.4,13.4,11.8,18.0,7.6,16.4,21.8,58.6,4.4,14.2,14.4,12.4,15.4,8.8,14.4,-3.0,0.0,0.5,3.0,7.0,-4.0,2077.3788921778705
54,23.5,61.833333333333336,4.5,14.166666666666666,12.0,12.333333333333334,14.666666666666666,10.333333333333334,17.666666666666668,24.0,57.166666666666664,2.5,10.166666666666666,12.333333333333334,13.5,20.833333333333332,6.333333333333333,18.166666666666668,1.1666666666666667,26.285714285714285,60.857142857142854,4.714285714285714,17.571428571428573,13.428571428571429,12.714285714285714,13.0,9.285714285714286,14.0,24.285714285714285,57.42857142857143,6.0,17.0,10.285714285714286,12.0,18.142857142857142,5.857142857142857,19.0,12.857142857142858,0.6666666666666666,0.75,4.0,1.0,3.0,1972.415087143376
55,24.625,59.125,5.25,14.5,13.0,12.5,16.375,5.5,15.375,24.625,63.125,5.0,16.375,12.625,11.5,12.375,7.625,16.625,2.25,26.428571428571427,57.0,4.285714285714286,12.714285714285714,11.0,17.285714285714285,16.571428571428573,10.285714285714286,15.857142857142858,24.142857142857142,55.57142857142857,4.428571428571429,13.857142857142858,12.0,14.428571428571429,18.142857142857142,9.0,14.857142857142858,5.0,0.6,0.5,3.0,2.0,1.0,2121.2150209355814
56,22.857142857142858,54.57142857142857,2.2857142857142856,9.285714285714286,11.142857142857142,13.571428571428571,13.857142857142858,5.428571428571429,14.571428571428571,23.285714285714285,59.857142857142854,4.428571428571429,14.428571428571429,11.142857142857142,10.714285714285714,13.285714285714286,6.857142857142857,19.142857142857142,4.428571428571429,24.166666666666668,61.666666666666664,5.833333333333333,15.333333333333334,17.5,12.833333333333334,17.166666666666668,13.5,19.166666666666668,20.0,52.833333333333336,5.333333333333333,16.333333333333332,15.0,10.0,23.666666666666668,8.5,21.166666666666668,7.333333333333333,0.5,1.0,4.0,2.0,2.0,2087.6530161774485
57,26.714285714285715,56.285714285714285,5.285714285714286,15.714285714285714,11.285714285714286,18.0,12.857142857142858,6.714285714285714,11.714285714285714,18.285714285714285,58.714285714285715,2.7142857142857144,12.142857142857142,12.857142857142858,7.285714285714286,14.142857142857142,5.428571428571429,14.428571428571429,22.714285714285715,24.666666666666668,58.833333333333336,5.0,18.0,15.666666666666666,14.5,14.833333333333334,5.833333333333333,12.333333333333334,19.333333333333332,60.0,7.0,23.166666666666668,11.166666666666666,11.333333333333334,13.166666666666666,8.833333333333334,16.166666666666668,13.666666666666666,1.0,1.0,1.0,3.0,-2.0,2322.48328011944
58,28.714285714285715,57.285714285714285,4.714285714285714,14.857142857142858,13.571428571428571,19.571428571428573,15.142857142857142,7.571428571428571,10.571428571428571,19.571428571428573,65.28571428571429,4.0,18.285714285714285,15.142857142857142,10.142857142857142,13.285714285714286,8.0,18.285714285714285,25.571428571428573,25.5,59.25,7.75,18.75,14.5,12.0,16.75,8.25,17.0,22.0,56.0,6.5,19.5,10.75,10.5,18.75,7.5,19.5,13.0,1.0,0.0,1.0,3.0,-2.0,2478.3748961508845
59,24.625,59.125,5.25,14.5,13.0,12.5,16.375,5.5,15.375,24.625,63.125,5.0,16.375,12.625,11.5,12.375,7.625,16.625,2.25,23.5,61.833333333333336,4.5,14.166666666666666,12.0,12.333333333333334,14.666666666666666,10.333333333333334,17.666666666666668,24.0,57.166666666666664,2.5,10.166666666666666,12.333333333333334,13.5,20.833333333333332,6.333333333333333,18.166666666666668,1.1666666666666667,0.6,0.6666666666666666,3.0,4.0,-1.0,2135.200953836312
60,28.714285714285715,57.285714285714285,4.714285714285714,14.857142857142858,13.571428571428571,19.571428571428573,15.142857142857142,7.571428571428571,10.571428571428571,19.571428571428573,65.28571428571429,4.0,18.285714285714285,15.142857142857142,10.142857142857142,13.285714285714286,8.0,18.285714285714285,25.571428571428573,22.857142857142858,54.57142857142857,2.2857142857142856,9.285714285714286,11.142857142857142,13.571428571428571,13.857142857142858,5.428571428571429,14.571428571428571,23.285714285714285,59.857142857142854,4.428571428571429,14.428571428571429,11.142857142857142,10.714285714285714,13.285714285714286,6.857142857142857,19.142857142857142,4.428571428571429,1.0,0.5,1.0,4.0,-3.0,2481.414091123661
61,26.714285714285715,56.285714285714285,5.285714285714286,15.714285714285714,11.285714285714286,18.0,12.857142857142858,6.714285714285714,11.714285714285714,18.285714285714285,58.714285714285715,2.7142857142857144,12.142857142857142,12.857142857142858,7.285714285714286,14.142857142857142,5.428571428571429,14.428571428571429,22.714285714285715,24.625,59.125,5.25,14.5,13.0,12.5,16.375,5.5,15.375,24.625,63.125,5.0,16.375,12.625,11.5,12.375,7.625,16.625,2.25,1.0,0.6,1.0,3.0,-2.0,2328.055635038723
62,28.714285714285715,57.285714285714285,4.714285714285714,14.857142857142858,13.571428571428571,19.571428571428573,15.142857142857142,7.571428571428571,10.571428571428571,19.571428571428573,65.28571428571429,4.0,18.285714285714285,15.142857142857142,10.142857142857142,13.285714285714286,8.0,18.285714285714285,25.571428571428573,26.714285714285715,56.285714285714285,5.285714285714286,15.714285714285714,11.285714285714286,18.0,12.857142857142858,6.714285714285714,11.714285714285714,18.285714285714285,58.714285714285715,2.7142857142857144,12.142857142857142,12.857142857142858,7.285714285714286,14.142857142857142,5.428571428571429,14.428571428571429,22.714285714285715,1.0,1.0,1.0,1.0,0.0,2484.788817881408
63,27.571428571428573,66.14285714285714,10.285714285714286,26.428571428571427,14.571428571428571,14.428571428571429,15.428571428571429,10.857142857142858,17.571428571428573,25.285714285714285,60.285714285714285,4.0,13.285714285714286,13.285714285714286,13.428571428571429,20.857142857142858,7.0,16.0,16.142857142857142,22.857142857142858,54.57142857142857,2.2857142857142856,9.285714285714286,11.142857142857142,13.571428571428571,13.857142857142858,5.428571428571429,14.571428571428571,23.285714285714285,59.857142857142854,4.428571428571429,14.428571428571429,11.142857142857142,10.714285714285714,13.285714285714286,6.857142857142857,19.142857142857142,4.428571428571429,0.75,0.5,13.0,4.0,9.0,1784.4615850571915
64,23.6,58.2,7.0,20.2,9.6,15.4,14.6,8.0,17.2,22.6,57.6,6.0,19.6,13.0,14.8,19.0,8.2,16.2,4.4,24.6,57.2,4.8,16.4,13.8,14.4,15.0,6.2,18.0,21.0,60.4,5.0,14.6,15.4,9.6,15.4,6.6,18.8,11.4,0.3333333333333333,0.5,9.0,8.0,1.0,1829.517391136989
65,20.285714285714285,52.0,3.857142857142857,14.714285714285714,10.0,11.0,14.857142857142858,8.0,16.857142857142858,16.428571428571427,45.0,1.4285714285714286,6.428571428571429,10.714285714285714,6.0,21.285714285714285,6.285714285714286,16.142857142857142,11.571428571428571,24.166666666666668,61.666666666666664,5.833333333333333,15.333333333333334,17.5,12.833333333333334,17.166666666666668,13.5,19.166666666666668,20.0,52.833333333333336,5.333333333333333,16.333333333333332,15.0,10.0,23.666666666666668,8.5,21.166666666666668,7.333333333333333,1.0,1.0,15.0,2.0,13.0,1455.6558626009655
66,27.75,63.625,4.125,12.875,14.5,14.625,14.375,7.125,15.5,25.5,64.625,5.5,19.125,14.375,12.75,15.875,6.75,17.75,4.75,25.5,59.25,7.75,18.75,14.5,12.0,16.75,8.25,17.0,22.0,56.0,6.5,19.5,10.75,10.5,18.75,7.5,19.5,13.0,0.8,0.0,14.0,3.0,11.0,1689.3599163135616
67,24.333333333333332,55.333333333333336,6.0,16.0,9.666666666666666,13.333333333333334,11.666666666666666,8.5,11.5,20.166666666666668,58.666666666666664,5.833333333333333,20.833333333333332,14.166666666666666,9.833333333333334,14.5,6.5,16.166666666666668,12.666666666666666,24.0,62.333333333333336,7.333333333333333,21.666666666666668,16.833333333333332,16.333333333333332,14.166666666666666,12.0,15.166666666666666,20.166666666666668,49.666666666666664,5.833333333333333,21.666666666666668,10.5,14.166666666666666,20.166666666666668,5.833333333333333,14.0,8.333333333333334,1.0,0.5,12.0,5.0,7.0,1815.353017980584
68,23.428571428571427,58.0,5.285714285714286,18.285714285714285,10.285714285714286,13.142857142857142,15.0,9.0,16.285714285714285,24.714285714285715,63.42857142857143,4.0,16.428571428571427,15.714285714285714,12.571428571428571,18.285714285714285,8.0,21.285714285714285,4.0,22.4,55.8,4.0,15.2,14.6,10.0,15.6,7.0,16.2,20.4,56.8,6.8,21.4,13.2,11.4,14.0,7.2,16.8,4.4,1.0,0.5,12.0,5.0,7.0,1740.145901782938
69,26.2,66.8,3.8,15.2,18.0,13.4,19.6,12.4,21.4,22.8,62.6,5.0,19.2,18.2,12.4,21.2,10.0,20.0,1.6,32.6,64.0,5.6,14.6,11.2,21.2,12.6,10.8,11.8,17.2,57.8,3.0,13.0,14.2,7.4,22.2,5.2,14.4,37.8,0.5,1.0,10.0,7.0,3.0,2031.9806045918208
70,21.285714285714285,53.857142857142854,3.0,12.0,12.571428571428571,12.714285714285714,17.714285714285715,7.285714285714286,18.0,18.857142857142858,54.142857142857146,6.0,17.285714285714285,13.142857142857142,9.857142857142858,16.571428571428573,8.142857142857142,16.857142857142858,2.5714285714285716,23.833333333333332,59.0,8.5,23.333333333333332,11.833333333333334,13.833333333333334,15.166666666666666,6.166666666666667,13.833333333333334,23.833333333333332,58.833333333333336,5.166666666666667,16.833333333333332,11.833333333333334,14.166666666666666,15.5,6.333333333333333,17.166666666666668,4.0,0.75,0.6666666666666666,9.0,8.0,1.0,1931.354786076076
71,25.555555555555557,51.333333333333336,2.0,6.777777777777778,15.666666666666666,10.777777777777779,17.666666666666668,12.222222222222221,17.333333333333332,18.11111111111111,46.333333333333336,5.222222222222222,15.666666666666666,10.11111111111111,10.444444444444445,20.555555555555557,7.555555555555555,19.555555555555557,16.77777777777778,23.5,61.833333333333336,4.5,14.166666666666666,12.0,12.333333333333334,14.666666666666666,10.333333333333334,17.666666666666668,24.0,57.166666666666664,2.5,10.166666666666666,12.333333333333334,13.5,20.833333333333332,6.333333333333333,18.166666666666668,1.1666666666666667,1.0,0.6666666666666666,13.0,4.0,9.0,1722.3000103212005
72,20.333333333333332,50.833333333333336,3.1666666666666665,13.833333333333334,12.833333333333334,9.333333333333334,15.5,6.166666666666667,14.5,17.833333333333332,54.0,2.5,11.5,10.5,6.0,13.166666666666666,6.666666666666667,17.5,14.833333333333334,24.5,57.0,4.0,11.75,13.0,15.25,10.25,6.5,13.0,23.0,55.5,4.0,11.75,12.0,11.75,14.5,4.75,16.75,8.75,0.6666666666666666,0.0,10.0,7.0,3.0,1836.649544171163
73,24.857142857142858,58.714285714285715,8.714285714285714,19.714285714285715,13.428571428571429,14.142857142857142,16.0,8.428571428571429,15.857142857142858,20.857142857142858,57.142857142857146,4.0,15.285714285714286,10.857142857142858,11.142857142857142,17.428571428571427,6.714285714285714,20.571428571428573,17.142857142857142,24.2,57.4,5.0,15.4,13.6,13.0,16.8,10.0,17.0,19.6,55.6,4.2,16.6,13.2,10.4,20.0,8.0,16.8,8.8,1.0,0.5,12.0,5.0,7.0,1811.8596332539623
74,23.8,53.6,10.0,23.6,9.4,12.8,14.2,3.4,14.0,22.2,56.6,4.8,19.4,6.2,12.6,9.4,6.0,17.6,12.4,25.0,65.125,5.5,18.875,14.25,8.5,9.125,6.75,19.0,23.75,57.875,9.25,23.0,10.875,15.125,13.25,3.625,16.875,-2.5,1.0,0.6,13.0,4.0,9.0,1724.0028438646098
75,27.5,63.166666666666664,4.666666666666667,14.5,15.833333333333334,13.833333333333334,13.666666666666666,10.166666666666666,14.833333333333334,19.833333333333332,56.166666666666664,3.6666666666666665,16.5,11.5,11.333333333333334,17.666666666666668,7.166666666666667,15.5,20.833333333333332,25.0,56.25,4.0,9.0,13.75,14.0,13.75,9.5,14.75,22.0,57.5,3.75,13.75,12.75,13.5,16.25,6.25,18.5,9.75,1.0,0.5,11.0,6.0,5.0,1604.7419280541865
76,21.333333333333332,50.333333333333336,6.666666666666667,20.166666666666668,9.333333333333334,13.666666666666666,18.5,8.5,16.666666666666668,18.833333333333332,49.0,6.0,15.333333333333334,8.333333333333334,9.5,17.333333333333332,7.833333333333333,16.333333333333332,5.0,26.714285714285715,56.285714285714285,5.285714285714286,15.714285714285714,11.285714285714286,18.0,12.857142857142858,6.714285714285714,11.714285714285714,18.285714285714285,58.714285714285715,2.7142857142857144,12.142857142857142,12.857142857142858,7.285714285714286,14.142857142857142,5.428571428571429,14.428571428571429,22.714285714285715,0.75,1.0,16.0,1.0,15.0,1547.6440207922246
77,23.5,58.833333333333336,4.166666666666667,10.166666666666666,16.5,10.333333333333334,17.5,5.666666666666667,17.833333333333332,24.333333333333332,66.5,6.0,22.333333333333332,16.5,13.5,13.333333333333334,8.0,21.333333333333332,4.666666666666667,27.166666666666668,60.333333333333336,3.8333333333333335,11.0,16.5,16.5,16.333333333333332,5.166666666666667,16.833333333333332,21.5,62.5,3.8333333333333335,15.333333333333334,13.333333333333334,9.333333333333334,12.333333333333334,6.833333333333333,18.166666666666668,14.833333333333334,1.0,1.0,16.0,1.0,15.0,1403.1603946150142
78,22.714285714285715,60.0,8.571428571428571,25.857142857142858,13.571428571428571,13.428571428571429,15.714285714285714,9.857142857142858,15.857142857142858,22.0,54.142857142857146,4.428571428571429,14.0,12.0,11.428571428571429,17.285714285714285,7.714285714285714,12.714285714285714,1.7142857142857142,29.125,64.5,4.0,12.0,13.25,16.25,14.125,11.25,19.125,20.875,54.25,3.5,13.0,11.5,13.0,21.375,6.0,17.5,15.375,0.75,1.0,15.0,2.0,13.0,1520.6957777045316
79,19.6,51.8,0.8,5.0,14.8,11.4,21.2,8.4,18.8,20.8,54.4,5.0,15.0,12.0,11.6,17.4,10.2,19.4,-0.4,26.333333333333332,59.5,4.666666666666667,13.333333333333334,13.5,17.0,11.333333333333334,8.833333333333334,15.833333333333334,19.5,49.0,3.5,11.833333333333334,8.666666666666666,8.833333333333334,17.666666666666668,4.0,15.5,16.666666666666668,0.5,0.6666666666666666,6.0,11.0,-5.0,1920.209853996119
80,22.25,61.0,4.625,14.125,16.25,12.0,19.5,10.625,20.25,16.5,47.875,2.625,9.75,10.125,9.625,22.75,8.25,15.75,8.875,28.714285714285715,57.285714285714285,4.714285714285714,14.857142857142858,13.571428571428571,19.571428571428573,15.142857142857142,7.571428571428571,10.571428571428571,19.571428571428573,65.28571428571429,4.0,18.285714285714285,15.142857142857142,10.142857142857142,13.285714285714286,8.0,18.285714285714285,25.571428571428573,1.0,1.0,16.0,1.0,15.0,1379.409823165788
81,24.5,54.5,5.75,18.25,11.25,15.5,16.5,7.5,15.75,20.0,51.5,2.25,13.25,11.5,13.25,18.5,7.75,17.75,14.0,20.0,53.333333333333336,6.166666666666667,22.333333333333332,12.5,12.666666666666666,12.333333333333334,5.666666666666667,12.833333333333334,19.166666666666668,53.5,4.333333333333333,18.166666666666668,10.833333333333334,8.0,12.0,5.5,16.166666666666668,5.333333333333333,1.0,0.3333333333333333,13.0,4.0,9.0,1661.001530076256
82,33.666666666666664,65.0,11.333333333333334,27.0,9.833333333333334,23.666666666666668,13.833333333333334,11.833333333333334,18.0,24.166666666666668,60.5,6.666666666666667,15.5,14.0,11.5,20.333333333333332,5.666666666666667,16.0,22.833333333333332,22.0,58.2,5.2,17.4,13.4,11.8,18.0,7.6,16.4,21.8,58.6,4.4,14.2,14.4,12.4,15.4,8.8,14.4,-3.0,1.0,0.5,10.0,7.0,3.0,1942.9856531678329
83,24.0,58.125,8.0,23.25,11.25,15.0,12.5,4.875,19.0,21.875,52.5,4.25,12.125,8.5,9.375,12.875,6.5,18.625,3.875,26.285714285714285,60.857142857142854,4.714285714285714,17.571428571428573,13.428571428571429,12.714285714285714,13.0,9.285714285714286,14.0,24.285714285714285,57.42857142857143,6.0,17.0,10.285714285714286,12.0,18.142857142857142,5.857142857142857,19.0,12.857142857142858,0.8,0.75,16.0,1.0,15.0,1638.5671211955091
84,25.25,55.125,5.75,15.5,10.5,16.125,16.75,11.0,13.75,22.5,55.25,5.625,20.0,10.25,14.125,19.125,8.125,16.625,10.375,26.428571428571427,57.0,4.285714285714286,12.714285714285714,11.0,17.285714285714285,16.571428571428573,10.285714285714286,15.857142857142858,24.142857142857142,55.57142857142857,4.428571428571429,13.857142857142858,12.0,14.428571428571429,18.142857142857142,9.0,14.857142857142858,5.0,0.8,0.5,15.0,2.0,13.0,1558.8578188704316
85,25.833333333333332,59.166666666666664,7.0,18.666666666666668,13.166666666666666,13.666666666666666,16.0,8.166666666666666,16.333333333333332,25.166666666666668,59.5,4.5,14.833333333333334,13.0,13.0,19.833333333333332,6.0,17.0,8.833333333333334,25.4,59.6,6.0,18.0,11.0,15.4,13.6,6.2,12.4,24.0,62.2,6.4,16.8,12.2,12.8,14.6,7.4,17.8,10.0,1.0,1.0,15.0,2.0,13.0,1394.4954482928729
86,27.714285714285715,57.0,9.857142857142858,25.142857142857142,9.714285714285714,19.428571428571427,18.285714285714285,10.714285714285714,15.714285714285714,21.285714285714285,55.857142857142854,6.0,16.714285714285715,8.571428571428571,10.285714285714286,20.857142857142858,10.428571428571429,18.428571428571427,19.857142857142858,24.625,59.125,5.25,14.5,13.0,12.5,16.375,5.5,15.375,24.625,63.125,5.0,16.375,12.625,11.5,12.375,7.625,16.625,2.25,1.0,0.6,14.0,3.0,11.0,1768.7753687229372
87,21.428571428571427,56.714285714285715,5.142857142857143,17.142857142857142,12.714285714285714,11.857142857142858,19.857142857142858,6.428571428571429,16.428571428571427,22.428571428571427,63.42857142857143,4.142857142857143,16.285714285714285,13.857142857142858,10.571428571428571,14.714285714285714,10.428571428571429,18.428571428571427,-0.42857142857142855,27.714285714285715,57.714285714285715,5.142857142857143,14.571428571428571,13.0,17.857142857142858,15.285714285714286,10.428571428571429,13.571428571428571,22.285714285714285,56.142857142857146,4.0,14.714285714285714,14.428571428571429,12.571428571428571,18.714285714285715,5.428571428571429,12.571428571428571,12.428571428571429,0.75,1.0,6.0,11.0,-5.0,1974.8596440884944
88,25.142857142857142,56.57142857142857,4.571428571428571,16.714285714285715,14.285714285714286,12.714285714285714,16.857142857142858,6.857142857142857,16.428571428571427,20.285714285714285,61.0,4.285714285714286,16.0,14.857142857142858,9.571428571428571,16.0,5.857142857142857,19.857142857142858,16.142857142857142,22.666666666666668,64.33333333333333,6.666666666666667,20.5,17.666666666666668,12.666666666666666,14.666666666666666,6.833333333333333,17.0,20.166666666666668,55.333333333333336,5.0,16.166666666666668,11.333333333333334,12.0,16.166666666666668,6.666666666666667,17.166666666666668,3.6666666666666665,1.0,0.6666666666666666,9.0,8.0,1.0,1828.5096150188845
89,20.0,55.857142857142854,6.0,17.142857142857142,13.142857142857142,10.714285714285714,19.857142857142858,8.714285714285714,17.142857142857142,21.714285714285715,60.285714285714285,3.2857142857142856,13.0,14.857142857142858,9.857142857142858,18.571428571428573,11.428571428571429,19.0,1.5714285714285714,26.5,56.875,3.125,8.875,15.125,13.375,19.625,13.5,17.25,20.625,52.75,6.0,17.25,10.625,13.0,22.75,10.0,18.0,10.375,0.75,0.8,9.0,8.0,1.0,1865.249958311748
90,23.833333333333332,58.166666666666664,6.333333333333333,18.666666666666668,12.5,16.166666666666668,17.333333333333332,9.5,16.0,21.5,57.333333333333336,5.0,17.166666666666668,14.0,12.5,18.5,10.166666666666666,13.166666666666666,6.833333333333333,24.0,54.666666666666664,4.666666666666667,13.166666666666666,12.333333333333334,13.0,15.5,4.833333333333333,17.0,23.333333333333332,57.5,5.666666666666667,17.333333333333332,13.333333333333334,15.0,12.833333333333334,5.666666666666667,17.5,0.16666666666666666,0.6666666666666666,0.6666666666666666,11.0,6.0,5.0,1898.8566253392391
91,26.4,56.6,6.4,17.4,8.8,12.8,12.8,7.4,18.6,18.0,51.2,5.6,15.2,10.2,9.0,15.6,6.0,16.4,9.8,20.833333333333332,53.333333333333336,4.166666666666667,13.166666666666666,12.833333333333334,10.666666666666666,12.333333333333334,7.333333333333333,15.833333333333334,16.0,49.166666666666664,3.6666666666666665,14.5,10.333333333333334,8.833333333333334,17.5,3.3333333333333335,18.333333333333332,11.5,0.5,1.0,7.0,10.0,-3.0,1872.985398282972
92,29.25,65.0,6.5,19.125,12.875,20.875,15.375,9.0,15.25,23.625,62.125,5.375,19.125,13.875,13.25,19.0,8.75,17.25,12.5,19.428571428571427,52.57142857142857,3.857142857142857,12.857142857142858,11.714285714285714,9.285714285714286,15.285714285714286,9.285714285714286,15.857142857142858,18.714285714285715,55.42857142857143,2.857142857142857,12.428571428571429,14.428571428571429,9.142857142857142,16.428571428571427,7.285714285714286,15.857142857142858,1.2857142857142858,0.8,0.5,14.0,3.0,11.0,1542.9824383895427
93,19.25,54.25,2.5,11.25,12.0,7.75,17.0,10.0,18.75,22.0,57.5,6.5,16.5,14.0,11.5,19.0,6.5,18.75,-4.25,26.714285714285715,57.285714285714285,6.714285714285714,17.571428571428573,13.857142857142858,19.0,18.571428571428573,13.285714285714286,17.142857142857142,18.857142857142858,43.57142857142857,3.857142857142857,12.285714285714286,7.571428571428571,12.285714285714286,24.571428571428573,8.714285714285714,15.857142857142858,17.0,0.0,0.75,5.0,12.0,-7.0,1978.2059305571188
94,27.0,64.66666666666667,6.666666666666667,20.5,14.0,14.5,16.5,11.5,15.666666666666666,22.833333333333332,64.16666666666667,4.5,18.333333333333332,15.0,12.0,20.0,6.0,17.0,15.0,24.666666666666668,58.833333333333336,5.0,18.0,15.666666666666666,14.5,14.833333333333334,5.833333333333333,12.333333333333334,19.333333333333332,60.0,7.0,23.166666666666668,11.166666666666666,11.333333333333334,13.166666666666666,8.833333333333334,16.166666666666668,13.666666666666666,1.0,1.0,14.0,3.0,11.0,1612.2621460274345
95,24.0,62.333333333333336,7.333333333333333,21.666666666666668,16.833333333333332,16.333333333333332,14.166666666666666,12.0,15.166666666666666,20.166666666666668,49.666666666666664,5.833333333333333,21.666666666666668,10.5,14.166666666666666,20.166666666666668,5.833333333333333,14.0,8.333333333333334,22.857142857142858,54.57142857142857,2.2857142857142856,9.285714285714286,11.142857142857142,13.571428571428571,13.857142857142858,5.428571428571429,14.571428571428571,23.285714285714285,59.857142857142854,4.428571428571429,14.428571428571429,11.142857142857142,10.714285714285714,13.285714285714286,6.857142857142857,19.142857142857142,4.428571428571429,0.5,0.5,5.0,4.0,1.0,1913.531437291614
96,24.5,57.0,4.0,11.75,13.0,15.25,10.25,6.5,13.0,23.0,55.5,4.0,11.75,12.0,11.75,14.5,4.75,16.75,8.75,24.166666666666668,61.666666666666664,5.833333333333333,15.333333333333334,17.5,12.833333333333334,17.166666666666668,13.5,19.166666666666668,20.0,52.833333333333336,5.333333333333333,16.333333333333332,15.0,10.0,23.666666666666668,8.5,21.166666666666668,7.333333333333333,0.0,1.0,7.0,2.0,5.0,2004.9071920055476
97,25.0,56.25,4.0,9.0,13.75,14.0,13.75,9.5,14.75,22.0,57.5,3.75,13.75,12.75,13.5,16.25,6.25,18.5,9.75,25.5,59.25,7.75,18.75,14.5,12.0,16.75,8.25,17.0,22.0,56.0,6.5,19.5,10.75,10.5,18.75,7.5,19.5,13.0,0.5,0.0,6.0,3.0,3.0,1902.502895737165
98,25.0,65.125,5.5,18.875,14.25,8.5,9.125,6.75,19.0,23.75,57.875,9.25,23.0,10.875,15.125,13.25,3.625,16.875,-2.5,22.4,55.8,4.0,15.2,14.6,10.0,15.6,7.0,16.2,20.4,56.8,6.8,21.4,13.2,11.4,14.0,7.2,16.8,4.4,0.6,0.5,4.0,5.0,-1.0,1955.9360939724968
99,29.125,64.5,4.0,12.0,13.25,16.25,14.125,11.25,19.125,20.875,54.25,3.5,13.0,11.5,13.0,21.375,6.0,17.5,15.375,32.6,64.0,5.6,14.6,11.2,21.2,12.6,10.8,11.8,17.2,57.8,3.0,13.0,14.2,7.4,22.2,5.2,14.4,37.8,1.0,1.0,2.0,7.0,-5.0,2122.792306366998
100,24.2,57.4,5.0,15.4,13.6,13.0,16.8,10.0,17.0,19.6,55.6,4.2,16.6,13.2,10.4,20.0,8.0,16.8,8.8,23.5,61.833333333333336,4.5,14.166666666666666,12.0,12.333333333333334,14.666666666666666,10.333333333333334,17.666666666666668,24.0,57.166666666666664,2.5,10.166666666666666,12.333333333333334,13.5,20.833333333333332,6.333333333333333,18.166666666666668,1.1666666666666667,0.5,0.6666666666666666,5.0,4.0,1.0,1982.9142866926684
101,23.833333333333332,59.0,8.5,23.333333333333332,11.833333333333334,13.833333333333334,15.166666666666666,6.166666666666667,13.833333333333334,23.833333333333332,58.833333333333336,5.166666666666667,16.833333333333332,11.833333333333334,14.166666666666666,15.5,6.333333333333333,17.166666666666668,4.0,26.714285714285715,56.285714285714285,5.285714285714286,15.714285714285714,11.285714285714286,18.0,12.857142857142858,6.714285714285714,11.714285714285714,18.285714285714285,58.714285714285715,2.7142857142857144,12.142857142857142,12.857142857142858,7.285714285714286,14.142857142857142,5.428571428571429,14.428571428571429,22.714285714285715,0.6666666666666666,1.0,8.0,1.0,7.0,1925.5777088016137
102,24.6,57.2,4.8,16.4,13.8,14.4,15.0,6.2,18.0,21.0,60.4,5.0,14.6,15.4,9.6,15.4,6.6,18.8,11.4,27.166666666666668,60.333333333333336,3.8333333333333335,11.0,16.5,16.5,16.333333333333332,5.166666666666667,16.833333333333332,21.5,62.5,3.8333333333333335,15.333333333333334,13.333333333333334,9.333333333333334,12.333333333333334,6.833333333333333,18.166666666666668,14.833333333333334,0.5,1.0,8.0,1.0,7.0,1820.3151656215855
103,22.666666666666668,64.33333333333333,6.666666666666667,20.5,17.666666666666668,12.666666666666666,14.666666666666666,6.833333333333333,17.0,20.166666666666668,55.333333333333336,5.0,16.166666666666668,11.333333333333334,12.0,16.166666666666668,6.666666666666667,17.166666666666668,3.6666666666666665,28.714285714285715,57.285714285714285,4.714285714285714,14.857142857142858,13.571428571428571,19.571428571428573,15.142857142857142,7.571428571428571,10.571428571428571,19.571428571428573,65.28571428571429,4.0,18.285714285714285,15.142857142857142,10.142857142857142,13.285714285714286,8.0,18.285714285714285,25.571428571428573,0.6666666666666666,1.0,8.0,1.0,7.0,1875.3602780102235
104,26.714285714285715,57.285714285714285,6.714285714285714,17.571428571428573,13.857142857142858,19.0,18.571428571428573,13.285714285714286,17.142857142857142,18.857142857142858,43.57142857142857,3.857142857142857,12.285714285714286,7.571428571428571,12.285714285714286,24.571428571428573,8.714285714285714,15.857142857142858,17.0,20.0,53.333333333333336,6.166666666666667,22.333333333333332,12.5,12.666666666666666,12.333333333333334,5.666666666666667,12.833333333333334,19.166666666666668,53.5,4.333333333333333,18.166666666666668,10.833333333333334,8.0,12.0,5.5,16.166666666666668,5.333333333333333,0.75,0.3333333333333333,12.0,4.0,8.0,1862.905904167461
105,25.4,59.6,6.0,18.0,11.0,15.4,13.6,6.2,12.4,24.0,62.2,6.4,16.8,12.2,12.8,14.6,7.4,17.8,10.0,22.0,58.2,5.2,17.4,13.4,11.8,18.0,7.6,16.4,21.8,58.6,4.4,14.2,14.4,12.4,15.4,8.8,14.4,-3.0,1.0,0.5,2.0,7.0,-5.0,2114.758436148242
106,26.5,56.875,3.125,8.875,15.125,13.375,19.625,13.5,17.25,20.625,52.75,6.0,17.25,10.625,13.0,22.75,10.0,18.0,10.375,26.285714285714285,60.857142857142854,4.714285714285714,17.571428571428573,13.428571428571429,12.714285714285714,13.0,9.285714285714286,14.0,24.285714285714285,57.42857142857143,6.0,17.0,10.285714285714286,12.0,18.142857142857142,5.857142857142857,19.0,12.857142857142858,0.8,0.75,8.0,1.0,7.0,1945.538176194307
107,20.833333333333332,53.333333333333336,4.166666666666667,13.166666666666666,12.833333333333334,10.666666666666666,12.333333333333334,7.333333333333333,15.833333333333334,16.0,49.166666666666664,3.6666666666666665,14.5,10.333333333333334,8.833333333333334,17.5,3.3333333333333335,18.333333333333332,11.5,26.428571428571427,57.0,4.285714285714286,12.714285714285714,11.0,17.285714285714285,16.571428571428573,10.285714285714286,15.857142857142858,24.142857142857142,55.57142857142857,4.428571428571429,13.857142857142858,12.0,14.428571428571429,18.142857142857142,9.0,14.857142857142858,5.0,1.0,0.5,10.0,2.0,8.0,1767.4816707339182
108,26.333333333333332,59.5,4.666666666666667,13.333333333333334,13.5,17.0,11.333333333333334,8.833333333333334,15.833333333333334,19.5,49.0,3.5,11.833333333333334,8.666666666666666,8.833333333333334,17.666666666666668,4.0,15.5,16.666666666666668,24.625,59.125,5.25,14.5,13.0,12.5,16.375,5.5,15.375,24.625,63.125,5.0,16.375,12.625,11.5,12.375,7.625,16.625,2.25,0.6666666666666666,0.6,11.0,3.0,8.0,1832.3518234851624
109,19.428571428571427,52.57142857142857,3.857142857142857,12.857142857142858,11.714285714285714,9.285714285714286,15.285714285714286,9.285714285714286,15.857142857142858,18.714285714285715,55.42857142857143,2.857142857142857,12.428571428571429,14.428571428571429,9.142857142857142,16.428571428571427,7.285714285714286,15.857142857142858,1.2857142857142858,27.714285714285715,57.714285714285715,5.142857142857143,14.571428571428571,13.0,17.857142857142858,15.285714285714286,10.428571428571429,13.571428571428571,22.285714285714285,56.142857142857146,4.0,14.714285714285714,14.428571428571429,12.571428571428571,18.714285714285715,5.428571428571429,12.571428571428571,12.428571428571429,0.5,1.0,3.0,11.0,-8.0,1997.810152318762
110,24.0,54.666666666666664,4.666666666666667,13.166666666666666,12.333333333333334,13.0,15.5,4.833333333333333,17.0,23.333333333333332,57.5,5.666666666666667,17.333333333333332,13.333333333333334,15.0,12.833333333333334,5.666666666666667,17.5,0.16666666666666666,24.666666666666668,58.833333333333336,5.0,18.0,15.666666666666666,14.5,14.833333333333334,5.833333333333333,12.333333333333334,19.333333333333332,60.0,7.0,23.166666666666668,11.166666666666666,11.333333333333334,13.166666666666666,8.833333333333334,16.166666666666668,13.666666666666666,0.6666666666666666,1.0,6.0,3.0,3.0,2019.6118936220275
111,27.166666666666668,60.333333333333336,3.8333333333333335,11.0,16.5,16.5,16.333333333333332,5.166666666666667,16.833333333333332,21.5,62.5,3.8333333333333335,15.333333333333334,13.333333333333334,9.333333333333334,12.333333333333334,6.833333333333333,18.166666666666668,14.833333333333334,22.857142857142858,54.57142857142857,2.2857142857142856,9.285714285714286,11.142857142857142,13.571428571428571,13.857142857142858,5.428571428571429,14.571428571428571,23.285714285714285,59.857142857142854,4.428571428571429,14.428571428571429,11.142857142857142,10.714285714285714,13.285714285714286,6.857142857142857,19.142857142857142,4.428571428571429,1.0,0.5,1.0,4.0,-3.0,2272.278938488664
112,27.714285714285715,57.714285714285715,5.142857142857143,14.571428571428571,13.0,17.857142857142858,15.285714285714286,10.428571428571429,13.571428571428571,22.285714285714285,56.142857142857146,4.0,14.714285714285714,14.428571428571429,12.571428571428571,18.714285714285715,5.428571428571429,12.571428571428571,12.428571428571429,24.166666666666668,61.666666666666664,5.833333333333333,15.333333333333334,17.5,12.833333333333334,17.166666666666668,13.5,19.166666666666668,20.0,52.833333333333336,5.333333333333333,16.333333333333332,15.0,10.0,23.666666666666668,8.5,21.166666666666668,7.333333333333333,1.0,1.0,11.0,2.0,9.0,1866.8551205008132
113,22.4,55.8,4.0,15.2,14.6,10.0,15.6,7.0,16.2,20.4,56.8,6.8,21.4,13.2,11.4,14.0,7.2,16.8,4.4,26.714285714285715,56.285714285714285,5.285714285714286,15.714285714285714,11.285714285714286,18.0,12.857142857142858,6.714285714285714,11.714285714285714,18.285714285714285,58.714285714285715,2.7142857142857144,12.142857142857142,12.857142857142858,7.285714285714286,14.142857142857142,5.428571428571429,14.428571428571429,22.714285714285715,0.5,1.0,5.0,1.0,4.0,1945.9267925725328
114,32.6,64.0,5.6,14.6,11.2,21.2,12.6,10.8,11.8,17.2,57.8,3.0,13.0,14.2,7.4,22.2,5.2,14.4,37.8,24.666666666666668,58.833333333333336,5.0,18.0,15.666666666666666,14.5,14.833333333333334,5.833333333333333,12.333333333333334,19.333333333333332,60.0,7.0,23.166666666666668,11.166666666666666,11.333333333333334,13.166666666666666,8.833333333333334,16.166666666666668,13.666666666666666,1.0,1.0,7.0,3.0,4.0,1969.8480149137783
115,20.0,53.333333333333336,6.166666666666667,22.333333333333332,12.5,12.666666666666666,12.333333333333334,5.666666666666667,12.833333333333334,19.166666666666668,53.5,4.333333333333333,18.166666666666668,10.833333333333334,8.0,12.0,5.5,16.166666666666668,5.333333333333333,28.714285714285715,57.285714285714285,4.714285714285714,14.857142857142858,13.571428571428571,19.571428571428573,15.142857142857142,7.571428571428571,10.571428571428571,19.571428571428573,65.28571428571429,4.0,18.285714285714285,15.142857142857142,10.142857142857142,13.285714285714286,8.0,18.285714285714285,25.571428571428573,0.3333333333333333,1.0,4.0,1.0,3.0,1999.4617699152973
116,22.0,58.2,5.2,17.4,13.4,11.8,18.0,7.6,16.4,21.8,58.6,4.4,14.2,14.4,12.4,15.4,8.8,14.4,-3.0,25.5,59.25,7.75,18.75,14.5,12.0,16.75,8.25,17.0,22.0,56.0,6.5,19.5,10.75,10.5,18.75,7.5,19.5,13.0,0.5,0.0,7.0,3.0,4.0,1924.3366039487528
117,26.285714285714285,60.857142857142854,4.714285714285714,17.571428571428573,13.428571428571429,12.714285714285714,13.0,9.285714285714286,14.0,24.285714285714285,57.42857142857143,6.0,17.0,10.285714285714286,12.0,18.142857142857142,5.857142857142857,19.0,12.857142857142858,23.5,61.833333333333336,4.5,14.166666666666666,12.0,12.333333333333334,14.666666666666666,10.333333333333334,17.666666666666668,24.0,57.166666666666664,2.5,10.166666666666666,12.333333333333334,13.5,20.833333333333332,6.333333333333333,18.166666666666668,1.1666666666666667,0.75,0.6666666666666666,1.0,4.0,-3.0,2074.662622738648
118,26.428571428571427,57.0,4.285714285714286,12.714285714285714,11.0,17.285714285714285,16.571428571428573,10.285714285714286,15.857142857142858,24.142857142857142,55.57142857142857,4.428571428571429,13.857142857142858,12.0,14.428571428571429,18.142857142857142,9.0,14.857142857142858,5.0,24.625,59.125,5.25,14.5,13.0,12.5,16.375,5.5,15.375,24.625,63.125,5.0,16.375,12.625,11.5,12.375,7.625,16.625,2.25,0.5,0.6,2.0,3.0,-1.0,2077.2468866334434
119,24.166666666666668,61.666666666666664,5.833333333333333,15.333333333333334,17.5,12.833333333333334,17.166666666666668,13.5,19.166666666666668,20.0,52.833333333333336,5.333333333333333,16.333333333333332,15.0,10.0,23.666666666666668,8.5,21.166666666666668,7.333333333333333,22.857142857142858,54.57142857142857,2.2857142857142856,9.285714285714286,11.142857142857142,13.571428571428571,13.857142857142858,5.428571428571429,14.571428571428571,23.285714285714285,59.857142857142854,4.428571428571429,14.428571428571429,11.142857142857142,10.714285714285714,13.285714285714286,6.857142857142857,19.142857142857142,4.428571428571429,1.0,0.5,2.0,4.0,-2.0,2233.724911107336
120,24.666666666666668,58.833333333333336,5.0,18.0,15.666666666666666,14.5,14.833333333333334,5.833333333333333,12.333333333333334,19.333333333333332,60.0,7.0,23.166666666666668,11.166666666666666,11.333333333333334,13.166666666666666,8.833333333333334,16.166666666666668,13.666666666666666,26.714285714285715,56.285714285714285,5.285714285714286,15.714285714285714,11.285714285714286,18.0,12.857142857142858,6.714285714285714,11.714285714285714,18.285714285714285,58.714285714285715,2.7142857142857144,12.142857142857142,12.857142857142858,7.285714285714286,14.142857142857142,5.428571428571429,14.428571428571429,22.714285714285715,1.0,1.0,3.0,1.0,2.0,2052.075401891109
121,25.5,59.25,7.75,18.75,14.5,12.0,16.75,8.25,17.0,22.0,56.0,6.5,19.5,10.75,10.5,18.75,7.5,19.5,13.0,28.714285714285715,57.285714285714285,4.714285714285714,14.857142857142858,13.571428571428571,19.571428571428573,15.142857142857142,7.571428571428571,10.571428571428571,19.571428571428573,65.28571428571429,4.0,18.285714285714285,15.142857142857142,10.142857142857142,13.285714285714286,8.0,18.285714285714285,25.571428571428573,0.0,1.0,3.0,1.0,2.0,2086.754069084989
122,23.5,61.833333333333336,4.5,14.166666666666666,12.0,12.333333333333334,14.666666666666666,10.333333333333334,17.666666666666668,24.0,57.166666666666664,2.5,10.166666666666666,12.333333333333334,13.5,20.833333333333332,6.333333333333333,18.166666666666668,1.1666666666666667,24.625,59.125,5.25,14.5,13.0,12.5,16.375,5.5,15.375,24.625,63.125,5.0,16.375,12.625,11.5,12.375,7.625,16.625,2.25,0.6666666666666666,0.6,4.0,3.0,1.0,1992.9923739607077
123,22.857142857142858,54.57142857142857,2.2857142857142856,9.285714285714286,11.142857142857142,13.571428571428571,13.857142857142858,5.428571428571429,14.571428571428571,23.285714285714285,59.857142857142854,4.428571428571429,14.428571428571429,11.142857142857142,10.714285714285714,13.285714285714286,6.857142857142857,19.142857142857142,4.428571428571429,28.714285714285715,57.285714285714285,4.714285714285714,14.857142857142858,13.571428571428571,19.571428571428573,15.142857142857142,7.571428571428571,10.571428571428571,19.571428571428573,65.28571428571429,4.0,18.285714285714285,15.142857142857142,10.142857142857142,13.285714285714286,8.0,18.285714285714285,25.571428571428573,0.5,1.0,4.0,1.0,3.0,2110.009680744132
124,24.625,59.125,5.25,14.5,13.0,12.5,16.375,5.5,15.375,24.625,63.125,5.0,16.375,12.625,11.5,12.375,7.625,16.625,2.25,26.714285714285715,56.285714285714285,5.285714285714286,15.714285714285714,11.285714285714286,18.0,12.857142857142858,6.714285714285714,11.714285714285714,18.285714285714285,58.714285714285715,2.7142857142857144,12.142857142857142,12.857142857142858,7.285714285714286,14.142857142857142,5.428571428571429,14.428571428571429,22.714285714285715,0.6,1.0,3.0,1.0,2.0,2144.994778347126
125,26.714285714285715,56.285714285714285,5.285714285714286,15.714285714285714,11.285714285714286,18.0,12.857142857142858,6.714285714285714,11.714285714285714,18.285714285714285,58.714285714285715,2.7142857142857144,12.142857142857142,12.857142857142858,7.285714285714286,14.142857142857142,5.428571428571429,14.428571428571429,22.714285714285715,28.714285714285715,57.285714285714285,4.714285714285714,14.857142857142858,13.571428571428571,19.571428571428573,15.142857142857142,7.571428571428571,10.571428571428571,19.571428571428573,65.28571428571429,4.0,18.285714285714285,15.142857142857142,10.142857142857142,13.285714285714286,8.0,18.285714285714285,25.571428571428573,1.0,1.0,1.0,1.0,0.0,2336.3276133764416
126,23.833333333333332,58.833333333333336,6.833333333333333,19.5,13.833333333333334,14.666666666666666,17.166666666666668,8.0,18.5,21.5,54.833333333333336,3.6666666666666665,12.666666666666666,12.666666666666666,11.333333333333334,17.166666666666668,10.333333333333334,16.333333333333332,2.3333333333333335,19.333333333333332,50.666666666666664,7.5,21.0,11.333333333333334,13.0,10.666666666666666,5.0,11.666666666666666,19.5,56.0,4.833333333333333,14.333333333333334,11.5,11.666666666666666,10.166666666666666,5.833333333333333,15.166666666666666,8.666666666666666,0.6666666666666666,1.0,3.0,14.0,-11.0,2011.8544122956343
127,28.0,60.833333333333336,7.5,17.166666666666668,16.166666666666668,17.5,18.833333333333332,10.5,15.666666666666666,20.0,59.666666666666664,3.8333333333333335,16.166666666666668,12.833333333333334,11.5,20.333333333333332,9.666666666666666,17.666666666666668,22.166666666666668,26.8,60.4,9.4,24.8,12.2,16.0,13.4,6.8,12.0,25.4,66.8,7.6,26.8,13.0,14.8,14.2,5.2,18.4,16.6,1.0,1.0,2.0,15.0,-13.0,2260.9807437219424
128,24.4,61.8,6.4,17.0,17.6,14.4,18.8,11.2,19.0,24.0,51.8,4.6,10.8,11.6,12.8,22.6,7.8,18.2,3.4,22.285714285714285,56.142857142857146,8.857142857142858,26.0,11.285714285714286,13.0,13.428571428571429,6.0,15.285714285714286,20.857142857142858,58.714285714285715,4.142857142857143,14.857142857142858,13.0,10.571428571428571,14.142857142857142,7.714285714285714,18.571428571428573,11.571428571428571,0.6666666666666666,1.0,5.0,12.0,-7.0,1968.6643173853115
129,37.2,69.6,4.4,12.2,12.8,21.6,10.8,13.0,16.4,21.2,56.6,5.0,16.6,10.4,11.2,21.2,6.2,13.8,31.4,24.5,60.5,7.5,23.0,13.0,16.0,15.0,10.0,12.5,26.5,57.0,8.5,18.5,10.5,20.0,20.5,6.0,18.5,4.5,1.0,0.0,11.0,6.0,5.0,1968.0072592289837
130,22.666666666666668,63.333333333333336,4.0,15.666666666666666,18.833333333333332,8.0,15.5,10.666666666666666,20.0,23.666666666666668,52.333333333333336,6.666666666666667,15.5,12.5,11.333333333333334,23.333333333333332,4.833333333333333,21.0,2.3333333333333335,24.5,56.0,5.333333333333333,15.666666666666666,15.333333333333334,14.666666666666666,13.333333333333334,7.666666666666667,16.333333333333332,17.666666666666668,50.0,3.3333333333333335,11.666666666666666,10.0,8.5,18.833333333333332,5.333333333333333,20.0,20.666666666666668,0.6666666666666666,1.0,4.0,13.0,-9.0,2030.4781797345065
131,23.333333333333332,58.166666666666664,7.333333333333333,19.5,11.0,13.333333333333334,11.5,9.166666666666666,10.833333333333334,15.0,55.0,4.666666666666667,15.5,10.333333333333334,8.0,15.833333333333334,6.0,14.833333333333334,22.166666666666668,21.714285714285715,51.57142857142857,6.857142857142857,19.0,10.714285714285714,13.714285714285714,15.285714285714286,5.285714285714286,12.428571428571429,19.857142857142858,53.57142857142857,5.428571428571429,20.428571428571427,8.714285714285714,12.0,15.0,6.714285714285714,18.571428571428573,11.714285714285714,1.0,0.5,10.0,7.0,3.0,1893.426212403435
132,21.833333333333332,51.833333333333336,5.5,17.166666666666668,11.166666666666666,13.833333333333334,16.0,6.833333333333333,12.333333333333334,23.833333333333332,58.0,7.333333333333333,17.666666666666668,12.333333333333334,14.833333333333334,14.333333333333334,8.833333333333334,14.333333333333334,-1.1666666666666667,22.857142857142858,58.142857142857146,7.0,19.714285714285715,15.857142857142858,11.571428571428571,19.428571428571427,6.142857142857143,16.714285714285715,28.0,61.42857142857143,5.0,15.142857142857142,12.428571428571429,14.142857142857142,13.571428571428571,9.428571428571429,17.714285714285715,-4.571428571428571,0.3333333333333333,0.5,8.0,9.0,-1.0,1881.096664944882
133,27.375,65.125,3.75,14.625,15.625,14.625,18.5,9.375,18.25,23.75,68.75,5.875,21.125,18.625,13.625,18.875,8.625,18.125,6.625,27.428571428571427,62.857142857142854,8.571428571428571,27.571428571428573,12.428571428571429,15.857142857142858,13.142857142857142,11.857142857142858,16.428571428571427,22.857142857142858,52.57142857142857,4.0,13.428571428571429,10.428571428571429,11.571428571428571,21.142857142857142,6.857142857142857,15.285714285714286,15.714285714285714,0.8,1.0,5.0,12.0,-7.0,2033.33827391478
134,23.285714285714285,54.285714285714285,2.857142857142857,7.857142857142857,14.0,11.714285714285714,20.142857142857142,10.285714285714286,17.0,24.857142857142858,58.714285714285715,5.285714285714286,15.571428571428571,13.857142857142858,13.285714285714286,20.142857142857142,11.0,17.428571428571427,1.8571428571428572,20.125,53.625,6.125,18.625,12.125,11.625,15.25,5.0,15.5,19.0,52.875,4.25,13.875,9.625,11.0,11.875,7.25,13.375,2.75,0.5,0.8333333333333334,2.0,15.0,-13.0,2110.779529571765
135,27.0,56.166666666666664,5.666666666666667,15.333333333333334,8.666666666666666,16.0,14.166666666666666,5.5,14.5,21.0,64.16666666666667,4.666666666666667,17.5,16.5,10.333333333333334,13.5,7.0,16.5,12.5,23.285714285714285,58.857142857142854,7.285714285714286,19.571428571428573,16.428571428571427,12.571428571428571,13.857142857142858,7.428571428571429,14.142857142857142,22.142857142857142,57.142857142857146,3.5714285714285716,14.142857142857142,12.428571428571429,10.142857142857142,15.714285714285714,5.857142857142857,18.714285714285715,11.285714285714286,1.0,1.0,4.0,13.0,-9.0,2074.4919346271618
136,23.0,62.2,5.4,16.2,13.0,11.2,11.8,9.8,18.2,22.8,55.0,6.2,18.4,9.4,13.2,17.4,4.6,17.8,4.2,22.571428571428573,60.142857142857146,5.142857142857143,15.428571428571429,14.285714285714286,12.285714285714286,16.571428571428573,7.142857142857143,16.571428571428573,22.857142857142858,58.142857142857146,3.5714285714285716,15.142857142857142,11.571428571428571,11.0,16.285714285714285,7.714285714285714,17.857142857142858,3.7142857142857144,0.6666666666666666,0.75,6.0,11.0,-5.0,1896.884509878568
137,22.166666666666668,57.0,2.8333333333333335,8.166666666666666,12.0,10.333333333333334,13.833333333333334,9.333333333333334,14.166666666666666,23.0,55.666666666666664,5.333333333333333,16.833333333333332,12.833333333333334,11.5,17.833333333333332,5.333333333333333,17.166666666666668,-2.5,22.857142857142858,57.857142857142854,5.0,14.285714285714286,11.857142857142858,12.571428571428571,15.571428571428571,9.714285714285714,18.714285714285715,22.428571428571427,56.142857142857146,5.285714285714286,14.714285714285714,12.428571428571429,12.571428571428571,16.428571428571427,6.285714285714286,16.142857142857142,-0.2857142857142857,0.3333333333333333,0.5,9.0,8.0,1.0,1898.9412338722489
138,29.5,58.666666666666664,5.0,17.333333333333332,11.166666666666666,18.166666666666668,14.666666666666666,8.666666666666666,14.166666666666666,19.5,60.833333333333336,5.166666666666667,18.833333333333332,13.5,9.833333333333334,16.833333333333332,6.666666666666667,17.5,25.166666666666668,22.571428571428573,54.714285714285715,6.142857142857143,19.428571428571427,12.0,14.0,17.714285714285715,9.428571428571429,15.857142857142858,19.0,51.57142857142857,5.0,17.428571428571427,11.571428571428571,12.0,20.857142857142858,10.428571428571429,17.857142857142858,11.428571428571429,1.0,1.0,1.0,16.0,-15.0,2356.147375502661
139,25.6,61.6,5.0,15.8,12.6,11.0,13.4,8.8,17.2,20.8,53.0,3.8,10.2,9.0,11.6,16.4,5.8,16.2,6.2,19.857142857142858,54.285714285714285,4.285714285714286,15.428571428571429,14.714285714285714,13.0,16.428571428571427,8.857142857142858,16.0,20.285714285714285,48.57142857142857,2.7142857142857144,10.285714285714286,12.0,9.0,19.0,8.714285714285714,15.285714285714286,3.0,0.5,0.75,10.0,7.0,3.0,1896.025279204633
140,29.833333333333332,58.833333333333336,7.833333333333333,17.0,14.166666666666666,14.0,14.666666666666666,6.333333333333333,15.166666666666666,20.166666666666668,62.833333333333336,5.833333333333333,21.5,16.333333333333332,8.833333333333334,15.166666666666666,6.833333333333333,19.166666666666668,24.333333333333332,21.333333333333332,52.333333333333336,5.5,13.666666666666666,8.5,10.0,15.0,6.5,13.333333333333334,18.5,63.333333333333336,3.6666666666666665,15.166666666666666,17.0,7.666666666666667,14.5,7.166666666666667,15.666666666666666,9.666666666666666,1.0,1.0,1.0,16.0,-15.0,2304.640015085676
141,23.714285714285715,54.0,2.4285714285714284,9.0,13.428571428571429,13.571428571428571,16.0,11.571428571428571,13.0,19.285714285714285,49.57142857142857,5.571428571428571,19.857142857142858,10.571428571428571,12.0,18.857142857142858,7.142857142857143,14.571428571428571,6.571428571428571,20.75,52.5,5.25,13.75,13.125,12.0,15.25,7.0,13.875,21.25,54.25,6.125,20.125,12.375,13.875,14.5,8.5,16.5,2.0,0.75,0.8,3.0,14.0,-11.0,2057.93953928415
142,27.5,59.375,5.5,12.375,16.375,17.0,14.75,6.75,12.0,21.375,60.25,6.5,20.375,12.5,10.875,14.75,6.75,18.625,17.75,19.333333333333332,49.22222222222222,2.888888888888889,10.555555555555555,9.11111111111111,10.666666666666666,18.88888888888889,9.333333333333334,15.222222222222221,16.88888888888889,54.333333333333336,3.4444444444444446,12.444444444444445,13.555555555555555,10.0,19.11111111111111,6.777777777777778,18.88888888888889,11.555555555555555,1.0,0.8333333333333334,1.0,16.0,-15.0,2253.2331415455974
143,25.142857142857142,53.285714285714285,6.0,16.857142857142858,10.857142857142858,18.714285714285715,15.0,7.571428571428571,12.285714285714286,19.571428571428573,60.142857142857146,5.857142857142857,18.571428571428573,12.857142857142858,9.857142857142858,15.428571428571429,7.571428571428571,18.857142857142858,19.428571428571427,18.666666666666668,48.5,5.0,14.833333333333334,10.0,11.5,12.666666666666666,7.666666666666667,14.333333333333334,19.666666666666668,54.166666666666664,4.833333333333333,14.333333333333334,12.333333333333334,9.666666666666666,15.5,6.166666666666667,20.333333333333332,7.333333333333333,1.0,1.0,1.0,16.0,-15.0,2514.5104654562438
144,20.75,61.5,4.75,17.75,17.25,12.25,19.25,5.75,21.25,23.0,64.25,6.5,18.5,17.0,12.5,18.25,8.0,22.0,-1.5,21.2,48.2,7.6,19.2,4.2,11.8,13.0,6.8,15.0,21.4,58.8,4.6,14.0,14.8,9.8,14.2,5.6,17.0,4.8,0.0,1.0,3.0,14.0,-11.0,2063.911106091801
145,18.5,60.166666666666664,6.333333333333333,24.833333333333332,15.5,11.5,12.666666666666666,11.5,19.166666666666668,19.333333333333332,43.833333333333336,6.666666666666667,18.5,9.333333333333334,14.833333333333334,20.0,5.666666666666667,15.0,-7.5,27.0,57.833333333333336,8.5,18.5,13.333333333333334,17.833333333333332,12.5,8.166666666666666,15.666666666666666,14.833333333333334,51.0,2.8333333333333335,15.0,12.5,6.333333333333333,16.666666666666668,5.0,14.0,29.333333333333332,0.3333333333333333,1.0,5.0,12.0,-7.0,1927.960614804812
146,21.8,60.8,4.4,18.8,14.8,8.0,13.6,6.6,18.4,24.2,56.2,5.4,17.8,13.2,12.2,15.0,5.4,15.0,-6.6,22.0,53.333333333333336,4.666666666666667,16.666666666666668,12.0,11.666666666666666,16.0,5.666666666666667,17.333333333333332,24.666666666666668,52.333333333333336,4.0,11.666666666666666,8.333333333333334,14.666666666666666,14.666666666666666,8.666666666666666,18.0,-5.0,0.5,0.0,6.0,11.0,-5.0,1919.448293642701
147,22.666666666666668,53.0,5.0,16.666666666666668,12.0,11.5,18.333333333333332,9.0,15.333333333333334,20.5,51.833333333333336,4.166666666666667,15.166666666666666,11.166666666666666,12.666666666666666,19.833333333333332,7.5,18.333333333333332,7.333333333333333,23.0,52.8,4.6,13.8,12.2,13.0,19.0,3.2,20.4,24.0,68.4,5.4,17.8,18.2,9.2,11.0,7.8,22.0,0.2,0.3333333333333333,0.5,7.0,10.0,-3.0,1888.0612901921409
148,24.25,57.75,4.5,13.25,13.5,13.0,17.25,7.5,20.0,22.0,59.0,4.75,13.5,14.75,12.75,18.5,7.5,19.0,2.5,23.285714285714285,60.142857142857146,4.571428571428571,14.0,14.428571428571429,12.571428571428571,16.714285714285715,11.285714285714286,15.142857142857142,23.142857142857142,58.285714285714285,5.857142857142857,18.714285714285715,12.714285714285714,11.857142857142858,21.428571428571427,6.428571428571429,19.714285714285715,4.571428571428571,0.0,1.0,4.0,13.0,-9.0,2023.4453536703888
149,25.4,64.2,7.6,23.0,14.8,15.4,17.8,9.6,17.0,25.2,66.2,3.8,14.2,16.4,12.0,20.4,6.8,23.4,7.4,25.444444444444443,59.333333333333336,4.555555555555555,13.666666666666666,13.222222222222221,15.0,15.11111111111111,7.777777777777778,16.555555555555557,19.11111111111111,56.111111111111114,4.555555555555555,17.0,12.88888888888889,11.11111111111111,17.88888888888889,6.222222222222222,16.333333333333332,10.555555555555555,0.5,1.0,3.0,14.0,-11.0,1951.9728125576744
150,21.6,57.0,5.8,18.6,15.4,11.0,18.2,10.0,18.2,19.0,48.8,1.0,10.4,9.6,11.0,20.6,8.8,15.8,8.4,25.285714285714285,57.57142857142857,7.571428571428571,21.714285714285715,10.428571428571429,16.285714285714285,14.428571428571429,10.714285714285714,15.857142857142858,17.285714285714285,55.857142857142854,2.142857142857143,12.428571428571429,13.285714285714286,9.142857142857142,18.857142857142858,7.285714285714286,17.285714285714285,23.714285714285715,0.5,1.0,4.0,13.0,-9.0,2038.3236879445544
151,26.571428571428573,60.57142857142857,6.0,17.285714285714285,12.142857142857142,13.285714285714286,16.285714285714285,7.142857142857143,20.285714285714285,24.428571428571427,58.57142857142857,6.857142857142857,17.428571428571427,11.857142857142858,13.714285714285714,17.0,7.714285714285714,19.857142857142858,3.142857142857143,24.0,61.0,7.166666666666667,17.833333333333332,17.833333333333332,12.833333333333334,17.5,7.5,19.333333333333332,19.666666666666668,58.666666666666664,2.6666666666666665,10.833333333333334,12.166666666666666,10.0,16.166666666666668,9.166666666666666,19.166666666666668,14.333333333333334,0.5,1.0,6.0,11.0,-5.0,2046.9823998052327
152,21.5,51.5,5.25,13.0,8.75,12.5,16.5,5.75,17.25,22.75,59.25,6.0,17.75,12.75,10.5,12.5,9.0,17.25,-2.0,21.857142857142858,52.285714285714285,6.285714285714286,17.285714285714285,8.571428571428571,11.285714285714286,12.857142857142858,6.857142857142857,16.285714285714285,23.714285714285715,54.857142857142854,5.714285714285714,14.285714285714286,14.285714285714286,13.285714285714286,13.714285714285714,5.285714285714286,12.142857142857142,-7.142857142857143,0.5,0.75,9.0,8.0,1.0,1873.077875442303
153,23.333333333333332,53.666666666666664,5.5,13.333333333333334,10.0,12.0,14.833333333333334,6.0,15.333333333333334,19.333333333333332,55.166666666666664,6.333333333333333,20.166666666666668,11.666666666666666,12.0,14.333333333333334,8.0,14.166666666666666,7.0,24.714285714285715,56.0,5.571428571428571,15.571428571428571,11.0,13.0,15.142857142857142,8.571428571428571,15.571428571428571,24.142857142857142,56.857142857142854,5.571428571428571,16.571428571428573,9.857142857142858,11.428571428571429,17.714285714285715,8.428571428571429,18.857142857142858,5.857142857142857,0.6666666666666666,0.6,7.0,10.0,-3.0,1941.3591304615725
154,28.0,64.57142857142857,4.428571428571429,13.714285714285714,16.571428571428573,14.714285714285714,14.0,10.571428571428571,17.857142857142858,22.142857142857142,53.285714285714285,4.571428571428571,15.857142857142858,11.142857142857142,12.0,21.142857142857142,5.714285714285714,18.714285714285715,13.571428571428571,23.25,55.5,5.875,16.125,12.375,11.0,13.125,6.0,16.0,21.0,52.125,4.375,14.75,9.5,11.0,16.125,5.0,20.5,11.375,0.6,1.0,2.0,15.0,-13.0,2165.722882496024
155,23.666666666666668,56.666666666666664,3.6666666666666665,11.666666666666666,13.666666666666666,12.5,17.166666666666668,8.5,18.5,21.5,53.5,3.8333333333333335,12.5,11.5,9.166666666666666,18.166666666666668,6.333333333333333,17.666666666666668,4.5,24.333333333333332,63.333333333333336,5.166666666666667,15.0,14.166666666666666,11.0,14.666666666666666,9.333333333333334,17.5,25.833333333333332,66.66666666666667,3.8333333333333335,14.666666666666666,15.333333333333334,10.833333333333334,16.833333333333332,7.5,20.0,6.333333333333333,0.6666666666666666,0.6666666666666666,9.0,8.0,1.0,1926.9718192757484
156,28.75,61.375,8.5,22.375,10.875,21.25,13.125,12.0,17.625,18.0,46.75,4.5,14.875,7.875,8.0,23.625,7.375,17.625,26.375,24.285714285714285,52.714285714285715,3.5714285714285716,12.0,8.142857142857142,17.0,10.714285714285714,5.857142857142857,16.142857142857142,21.0,53.142857142857146,2.857142857142857,12.0,11.571428571428571,8.285714285714286,14.428571428571429,2.857142857142857,12.857142857142858,9.0,1.0,1.0,5.0,12.0,-7.0,1948.3379893011777
157,26.333333333333332,61.666666666666664,4.666666666666667,14.666666666666666,13.833333333333334,14.5,13.333333333333334,8.666666666666666,10.5,20.666666666666668,62.5,4.666666666666667,19.666666666666668,14.0,12.166666666666666,15.833333333333334,6.833333333333333,15.833333333333334,16.333333333333332,24.5,52.166666666666664,7.333333333333333,17.333333333333332,9.333333333333334,15.333333333333334,14.333333333333334,6.5,13.833333333333334,20.333333333333332,52.833333333333336,5.166666666666667,16.166666666666668,7.833333333333333,11.0,12.666666666666666,6.166666666666667,13.166666666666666,10.166666666666666,1.0,1.0,2.0,15.0,-13.0,2128.8352624126715
158,23.833333333333332,58.833333333333336,6.833333333333333,19.5,13.833333333333334,14.666666666666666,17.166666666666668,8.0,18.5,21.5,54.833333333333336,3.6666666666666665,12.666666666666666,12.666666666666666,11.333333333333334,17.166666666666668,10.333333333333334,16.333333333333332,2.3333333333333335,23.0,62.2,5.4,16.2,13.0,11.2,11.8,9.8,18.2,22.8,55.0,6.2,18.4,9.4,13.2,17.4,4.6,17.8,4.2,0.6666666666666666,0.6666666666666666,3.0,6.0,-3.0,2013.0107717133808
159,28.0,60.833333333333336,7.5,17.166666666666668,16.166666666666668,17.5,18.833333333333332,10.5,15.666666666666666,20.0,59.666666666666664,3.8333333333333335,16.166666666666668,12.833333333333334,11.5,20.333333333333332,9.666666666666666,17.666666666666668,22.166666666666668,23.333333333333332,58.166666666666664,7.333333333333333,19.5,11.0,13.333333333333334,11.5,9.166666666666666,10.833333333333334,15.0,55.0,4.666666666666667,15.5,10.333333333333334,8.0,15.833333333333334,6.0,14.833333333333334,22.166666666666668,1.0,1.0,2.0,10.0,-8.0,2261.2729414632
160,37.2,69.6,4.4,12.2,12.8,21.6,10.8,13.0,16.4,21.2,56.6,5.0,16.6,10.4,11.2,21.2,6.2,13.8,31.4,23.714285714285715,54.0,2.4285714285714284,9.0,13.428571428571429,13.571428571428571,16.0,11.571428571428571,13.0,19.285714285714285,49.57142857142857,5.571428571428571,19.857142857142858,10.571428571428571,12.0,18.857142857142858,7.142857142857143,14.571428571428571,6.571428571428571,1.0,0.75,11.0,3.0,8.0,1983.322343637371
161,27.375,65.125,3.75,14.625,15.625,14.625,18.5,9.375,18.25,23.75,68.75,5.875,21.125,18.625,13.625,18.875,8.625,18.125,6.625,22.666666666666668,63.333333333333336,4.0,15.666666666666666,18.833333333333332,8.0,15.5,10.666666666666666,20.0,23.666666666666668,52.333333333333336,6.666666666666667,15.5,12.5,11.333333333333334,23.333333333333332,4.833333333333333,21.0,2.3333333333333335,0.8,0.6666666666666666,5.0,4.0,1.0,2040.4228050134632
162,23.285714285714285,54.285714285714285,2.857142857142857,7.857142857142857,14.0,11.714285714285714,20.142857142857142,10.285714285714286,17.0,24.857142857142858,58.714285714285715,5.285714285714286,15.571428571428571,13.857142857142858,13.285714285714286,20.142857142857142,11.0,17.428571428571427,1.8571428571428572,25.6,61.6,5.0,15.8,12.6,11.0,13.4,8.8,17.2,20.8,53.0,3.8,10.2,9.0,11.6,16.4,5.8,16.2,6.2,0.5,0.5,2.0,10.0,-8.0,2113.8252916052224
163,27.0,56.166666666666664,5.666666666666667,15.333333333333334,8.666666666666666,16.0,14.166666666666666,5.5,14.5,21.0,64.16666666666667,4.666666666666667,17.5,16.5,10.333333333333334,13.5,7.0,16.5,12.5,24.4,61.8,6.4,17.0,17.6,14.4,18.8,11.2,19.0,24.0,51.8,4.6,10.8,11.6,12.8,22.6,7.8,18.2,3.4,1.0,0.6666666666666666,4.0,5.0,-1.0,2077.565565704837
164,29.5,58.666666666666664,5.0,17.333333333333332,11.166666666666666,18.166666666666668,14.666666666666666,8.666666666666666,14.166666666666666,19.5,60.833333333333336,5.166666666666667,18.833333333333332,13.5,9.833333333333334,16.833333333333332,6.666666666666667,17.5,25.166666666666668,22.166666666666668,57.0,2.8333333333333335,8.166666666666666,12.0,10.333333333333334,13.833333333333334,9.333333333333334,14.166666666666666,23.0,55.666666666666664,5.333333333333333,16.833333333333332,12.833333333333334,11.5,17.833333333333332,5.333333333333333,17.166666666666668,-2.5,1.0,0.3333333333333333,1.0,9.0,-8.0,2356.553525258039
165,29.833333333333332,58.833333333333336,7.833333333333333,17.0,14.166666666666666,14.0,14.666666666666666,6.333333333333333,15.166666666666666,20.166666666666668,62.833333333333336,5.833333333333333,21.5,16.333333333333332,8.833333333333334,15.166666666666666,6.833333333333333,19.166666666666668,24.333333333333332,21.833333333333332,51.833333333333336,5.5,17.166666666666668,11.166666666666666,13.833333333333334,16.0,6.833333333333333,12.333333333333334,23.833333333333332,58.0,7.333333333333333,17.666666666666668,12.333333333333334,14.833333333333334,14.333333333333334,8.833333333333334,14.333333333333334,-1.1666666666666667,1.0,0.3333333333333333,1.0,8.0,-7.0,2304.7738073333767
166,27.5,59.375,5.5,12.375,16.375,17.0,14.75,6.75,12.0,21.375,60.25,6.5,20.375,12.5,10.875,14.75,6.75,18.625,17.75,23.666666666666668,56.666666666666664,3.6666666666666665,11.666666666666666,13.666666666666666,12.5,17.166666666666668,8.5,18.5,21.5,53.5,3.8333333333333335,12.5,11.5,9.166666666666666,18.166666666666668,6.333333333333333,17.666666666666668,4.5,1.0,0.6666666666666666,1.0,9.0,-8.0,2253.492160068335
167,25.142857142857142,53.285714285714285,6.0,16.857142857142858,10.857142857142858,18.714285714285715,15.0,7.571428571428571,12.285714285714286,19.571428571428573,60.142857142857146,5.857142857142857,18.571428571428573,12.857142857142858,9.857142857142858,15.428571428571429,7.571428571428571,18.857142857142858,19.428571428571427,21.5,51.5,5.25,13.0,8.75,12.5,16.5,5.75,17.25,22.75,59.25,6.0,17.75,12.75,10.5,12.5,9.0,17.25,-2.0,1.0,0.5,1.0,9.0,-8.0,2514.7178406148964
168,18.5,60.166666666666664,6.333333333333333,24.833333333333332,15.5,11.5,12.666666666666666,11.5,19.166666666666668,19.333333333333332,43.833333333333336,6.666666666666667,18.5,9.333333333333334,14.833333333333334,20.0,5.666666666666667,15.0,-7.5,24.25,57.75,4.5,13.25,13.5,13.0,17.25,7.5,20.0,22.0,59.0,4.75,13.5,14.75,12.75,18.5,7.5,19.0,2.5,0.3333333333333333,0.0,5.0,4.0,1.0,1934.8655755150644
169,21.8,60.8,4.4,18.8,14.8,8.0,13.6,6.6,18.4,24.2,56.2,5.4,17.8,13.2,12.2,15.0,5.4,15.0,-6.6,20.75,61.5,4.75,17.75,17.25,12.25,19.25,5.75,21.25,23.0,64.25,6.5,18.5,17.0,12.5,18.25,8.0,22.0,-1.5,0.5,0.0,6.0,3.0,3.0,1933.122338467824
170,22.666666666666668,53.0,5.0,16.666666666666668,12.0,11.5,18.333333333333332,9.0,15.333333333333334,20.5,51.833333333333336,4.166666666666667,15.166666666666666,11.166666666666666,12.666666666666666,19.833333333333332,7.5,18.333333333333332,7.333333333333333,26.333333333333332,61.666666666666664,4.666666666666667,14.666666666666666,13.833333333333334,14.5,13.333333333333334,8.666666666666666,10.5,20.666666666666668,62.5,4.666666666666667,19.666666666666668,14.0,12.166666666666666,15.833333333333334,6.833333333333333,15.833333333333334,16.333333333333332,0.3333333333333333,1.0,7.0,2.0,5.0,1906.7795151866171
171,26.571428571428573,60.57142857142857,6.0,17.285714285714285,12.142857142857142,13.285714285714286,16.285714285714285,7.142857142857143,20.285714285714285,24.428571428571427,58.57142857142857,6.857142857142857,17.428571428571427,11.857142857142858,13.714285714285714,17.0,7.714285714285714,19.857142857142858,3.142857142857143,25.4,64.2,7.6,23.0,14.8,15.4,17.8,9.6,17.0,25.2,66.2,3.8,14.2,16.4,12.0,20.4,6.8,23.4,7.4,0.5,0.5,6.0,3.0,3.0,2054.898218329158
172,28.0,64.57142857142857,4.428571428571429,13.714285714285714,16.571428571428573,14.714285714285714,14.0,10.571428571428571,17.857142857142858,22.142857142857142,53.285714285714285,4.571428571428571,15.857142857142858,11.142857142857142,12.0,21.142857142857142,5.714285714285714,18.714285714285715,13.571428571428571,23.333333333333332,53.666666666666664,5.5,13.333333333333334,10.0,12.0,14.833333333333334,6.0,15.333333333333334,19.333333333333332,55.166666666666664,6.333333333333333,20.166666666666668,11.666666666666666,12.0,14.333333333333334,8.0,14.166666666666666,7.0,0.6,0.6666666666666666,2.0,7.0,-5.0,2166.18892616055
173,28.75,61.375,8.5,22.375,10.875,21.25,13.125,12.0,17.625,18.0,46.75,4.5,14.875,7.875,8.0,23.625,7.375,17.625,26.375,21.6,57.0,5.8,18.6,15.4,11.0,18.2,10.0,18.2,19.0,48.8,1.0,10.4,9.6,11.0,20.6,8.8,15.8,8.4,1.0,0.5,5.0,4.0,1.0,1958.1952868928763
174,37.2,69.6,4.4,12.2,12.8,21.6,10.8,13.0,16.4,21.2,56.6,5.0,16.6,10.4,11.2,21.2,6.2,13.8,31.4,22.666666666666668,53.0,5.0,16.666666666666668,12.0,11.5,18.333333333333332,9.0,15.333333333333334,20.5,51.833333333333336,4.166666666666667,15.166666666666666,11.166666666666666,12.666666666666666,19.833333333333332,7.5,18.333333333333332,7.333333333333333,1.0,0.3333333333333333,11.0,7.0,4.0,2002.7749592226105
175,23.285714285714285,54.285714285714285,2.857142857142857,7.857142857142857,14.0,11.714285714285714,20.142857142857142,10.285714285714286,17.0,24.857142857142858,58.714285714285715,5.285714285714286,15.571428571428571,13.857142857142858,13.285714285714286,20.142857142857142,11.0,17.428571428571427,1.8571428571428572,26.571428571428573,60.57142857142857,6.0,17.285714285714285,12.142857142857142,13.285714285714286,16.285714285714285,7.142857142857143,20.285714285714285,24.428571428571427,58.57142857142857,6.857142857142857,17.428571428571427,11.857142857142858,13.714285714285714,17.0,7.714285714285714,19.857142857142858,3.142857142857143,0.5,0.5,2.0,6.0,-4.0,2121.442529158471
176,29.5,58.666666666666664,5.0,17.333333333333332,11.166666666666666,18.166666666666668,14.666666666666666,8.666666666666666,14.166666666666666,19.5,60.833333333333336,5.166666666666667,18.833333333333332,13.5,9.833333333333334,16.833333333333332,6.666666666666667,17.5,25.166666666666668,27.375,65.125,3.75,14.625,15.625,14.625,18.5,9.375,18.25,23.75,68.75,5.875,21.125,18.625,13.625,18.875,8.625,18.125,6.625,1.0,0.8,1.0,5.0,-4.0,2358.895027064172
177,29.833333333333332,58.833333333333336,7.833333333333333,17.0,14.166666666666666,14.0,14.666666666666666,6.333333333333333,15.166666666666666,20.166666666666668,62.833333333333336,5.833333333333333,21.5,16.333333333333332,8.833333333333334,15.166666666666666,6.833333333333333,19.166666666666668,24.333333333333332,27.0,56.166666666666664,5.666666666666667,15.333333333333334,8.666666666666666,16.0,14.166666666666666,5.5,14.5,21.0,64.16666666666667,4.666666666666667,17.5,16.5,10.333333333333334,13.5,7.0,16.5,12.5,1.0,1.0,1.0,4.0,-3.0,2307.603127798601
178,27.5,59.375,5.5,12.375,16.375,17.0,14.75,6.75,12.0,21.375,60.25,6.5,20.375,12.5,10.875,14.75,6.75,18.625,17.75,28.75,61.375,8.5,22.375,10.875,21.25,13.125,12.0,17.625,18.0,46.75,4.5,14.875,7.875,8.0,23.625,7.375,17.625,26.375,1.0,1.0,1.0,5.0,-4.0,2257.948365347083
179,25.142857142857142,53.285714285714285,6.0,16.857142857142858,10.857142857142858,18.714285714285715,15.0,7.571428571428571,12.285714285714286,19.571428571428573,60.142857142857146,5.857142857142857,18.571428571428573,12.857142857142858,9.857142857142858,15.428571428571429,7.571428571428571,18.857142857142858,19.428571428571427,18.5,60.166666666666664,6.333333333333333,24.833333333333332,15.5,11.5,12.666666666666666,11.5,19.166666666666668,19.333333333333332,43.833333333333336,6.666666666666667,18.5,9.333333333333334,14.833333333333334,20.0,5.666666666666667,15.0,-7.5,1.0,0.3333333333333333,1.0,5.0,-4.0,2515.57598809515
180,28.0,60.833333333333336,7.5,17.166666666666668,16.166666666666668,17.5,18.833333333333332,10.5,15.666666666666666,20.0,59.666666666666664,3.8333333333333335,16.166666666666668,12.833333333333334,11.5,20.333333333333332,9.666666666666666,17.666666666666668,22.166666666666668,23.833333333333332,58.833333333333336,6.833333333333333,19.5,13.833333333333334,14.666666666666666,17.166666666666668,8.0,18.5,21.5,54.833333333333336,3.6666666666666665,12.666666666666666,12.666666666666666,11.333333333333334,17.166666666666668,10.333333333333334,16.333333333333332,2.3333333333333335,1.0,0.6666666666666666,2.0,3.0,-1.0,2265.057780710359
181,28.0,64.57142857142857,4.428571428571429,13.714285714285714,16.571428571428573,14.714285714285714,14.0,10.571428571428571,17.857142857142858,22.142857142857142,53.285714285714285,4.571428571428571,15.857142857142858,11.142857142857142,12.0,21.142857142857142,5.714285714285714,18.714285714285715,13.571428571428571,21.8,60.8,4.4,18.8,14.8,8.0,13.6,6.6,18.4,24.2,56.2,5.4,17.8,13.2,12.2,15.0,5.4,15.0,-6.6,0.6,0.5,2.0,6.0,-4.0,2173.3660817090945
182,23.285714285714285,54.285714285714285,2.857142857142857,7.857142857142857,14.0,11.714285714285714,20.142857142857142,10.285714285714286,17.0,24.857142857142858,58.714285714285715,5.285714285714286,15.571428571428571,13.857142857142858,13.285714285714286,20.142857142857142,11.0,17.428571428571427,1.8571428571428572,29.833333333333332,58.833333333333336,7.833333333333333,17.0,14.166666666666666,14.0,14.666666666666666,6.333333333333333,15.166666666666666,20.166666666666668,62.833333333333336,5.833333333333333,21.5,16.333333333333332,8.833333333333334,15.166666666666666,6.833333333333333,19.166666666666668,24.333333333333332,0.5,1.0,2.0,1.0,1.0,2134.929163298101
183,29.5,58.666666666666664,5.0,17.333333333333332,11.166666666666666,18.166666666666668,14.666666666666666,8.666666666666666,14.166666666666666,19.5,60.833333333333336,5.166666666666667,18.833333333333332,13.5,9.833333333333334,16.833333333333332,6.666666666666667,17.5,25.166666666666668,37.2,69.6,4.4,12.2,12.8,21.6,10.8,13.0,16.4,21.2,56.6,5.0,16.6,10.4,11.2,21.2,6.2,13.8,31.4,1.0,1.0,1.0,11.0,-10.0,2363.6600801502773
184,25.142857142857142,53.285714285714285,6.0,16.857142857142858,10.857142857142858,18.714285714285715,15.0,7.571428571428571,12.285714285714286,19.571428571428573,60.142857142857146,5.857142857142857,18.571428571428573,12.857142857142858,9.857142857142858,15.428571428571429,7.571428571428571,18.857142857142858,19.428571428571427,28.0,60.833333333333336,7.5,17.166666666666668,16.166666666666668,17.5,18.833333333333332,10.5,15.666666666666666,20.0,59.666666666666664,3.8333333333333335,16.166666666666668,12.833333333333334,11.5,20.333333333333332,9.666666666666666,17.666666666666668,22.166666666666668,1.0,1.0,1.0,2.0,-1.0,2516.796797331066
185,28.0,64.57142857142857,4.428571428571429,13.714285714285714,16.571428571428573,14.714285714285714,14.0,10.571428571428571,17.857142857142858,22.142857142857142,53.285714285714285,4.571428571428571,15.857142857142858,11.142857142857142,12.0,21.142857142857142,5.714285714285714,18.714285714285715,13.571428571428571,27.5,59.375,5.5,12.375,16.375,17.0,14.75,6.75,12.0,21.375,60.25,6.5,20.375,12.5,10.875,14.75,6.75,18.625,17.75,0.6,1.0,2.0,1.0,1.0,2180.453587989241
186,23.285714285714285,54.285714285714285,2.857142857142857,7.857142857142857,14.0,11.714285714285714,20.142857142857142,10.285714285714286,17.0,24.857142857142858,58.714285714285715,5.285714285714286,15.571428571428571,13.857142857142858,13.285714285714286,20.142857142857142,11.0,17.428571428571427,1.8571428571428572,25.142857142857142,53.285714285714285,6.0,16.857142857142858,10.857142857142858,18.714285714285715,15.0,7.571428571428571,12.285714285714286,19.571428571428573,60.142857142857146,5.857142857142857,18.571428571428573,12.857142857142858,9.857142857142858,15.428571428571429,7.571428571428571,18.857142857142858,19.428571428571427,0.5,1.0,2.0,1.0,1.0,2158.540060710926
187,28.0,64.57142857142857,4.428571428571429,13.714285714285714,16.571428571428573,14.714285714285714,14.0,10.571428571428571,17.857142857142858,22.142857142857142,53.285714285714285,4.571428571428571,15.857142857142858,11.142857142857142,12.0,21.142857142857142,5.714285714285714,18.714285714285715,13.571428571428571,29.5,58.666666666666664,5.0,17.333333333333332,11.166666666666666,18.166666666666668,14.666666666666666,8.666666666666666,14.166666666666666,19.5,60.833333333333336,5.166666666666667,18.833333333333332,13.5,9.833333333333334,16.833333333333332,6.666666666666667,17.5,25.166666666666668,0.6,1.0,2.0,1.0,1.0,2200.197043722936
188,28.0,64.57142857142857,4.428571428571429,13.714285714285714,16.571428571428573,14.714285714285714,14.0,10.571428571428571,17.857142857142858,22.142857142857142,53.285714285714285,4.571428571428571,15.857142857142858,11.142857142857142,12.0,21.142857142857142,5.714285714285714,18.714285714285715,13.571428571428571,23.285714285714285,54.285714285714285,2.857142857142857,7.857142857142857,14.0,11.714285714285714,20.142857142857142,10.285714285714286,17.0,24.857142857142858,58.714285714285715,5.285714285714286,15.571428571428571,13.857142857142858,13.285714285714286,20.142857142857142,11.0,17.428571428571427,1.8571428571428572,0.6,0.5,2.0,2.0,0.0,2223.355204625409
189,19.333333333333332,50.666666666666664,7.5,21.0,11.333333333333334,13.0,10.666666666666666,5.0,11.666666666666666,19.5,56.0,4.833333333333333,14.333333333333334,11.5,11.666666666666666,10.166666666666666,5.833333333333333,15.166666666666666,8.666666666666666,23.833333333333332,58.833333333333336,6.833333333333333,19.5,13.833333333333334,14.666666666666666,17.166666666666668,8.0,18.5,21.5,54.833333333333336,3.6666666666666665,12.666666666666666,12.666666666666666,11.333333333333334,17.166666666666668,10.333333333333334,16.333333333333332,2.3333333333333335,1.0,0.6666666666666666,14.0,3.0,11.0,1441.4252955257064
190,26.8,60.4,9.4,24.8,12.2,16.0,13.4,6.8,12.0,25.4,66.8,7.6,26.8,13.0,14.8,14.2,5.2,18.4,16.6,28.0,60.833333333333336,7.5,17.166666666666668,16.166666666666668,17.5,18.833333333333332,10.5,15.666666666666666,20.0,59.666666666666664,3.8333333333333335,16.166666666666668,12.833333333333334,11.5,20.333333333333332,9.666666666666666,17.666666666666668,22.166666666666668,1.0,1.0,15.0,2.0,13.0,1446.7850290503911
191,22.285714285714285,56.142857142857146,8.857142857142858,26.0,11.285714285714286,13.0,13.428571428571429,6.0,15.285714285714286,20.857142857142858,58.714285714285715,4.142857142857143,14.857142857142858,13.0,10.571428571428571,14.142857142857142,7.714285714285714,18.571428571428573,11.571428571428571,24.4,61.8,6.4,17.0,17.6,14.4,18.8,11.2,19.0,24.0,51.8,4.6,10.8,11.6,12.8,22.6,7.8,18.2,3.4,1.0,0.6666666666666666,12.0,5.0,7.0,1842.9903235172624
192,24.5,60.5,7.5,23.0,13.0,16.0,15.0,10.0,12.5,26.5,57.0,8.5,18.5,10.5,20.0,20.5,6.0,18.5,4.5,37.2,69.6,4.4,12.2,12.8,21.6,10.8,13.0,16.4,21.2,56.6,5.0,16.6,10.4,11.2,21.2,6.2,13.8,31.4,0.0,1.0,6.0,11.0,-5.0,1953.125411559843
193,24.5,56.0,5.333333333333333,15.666666666666666,15.333333333333334,14.666666666666666,13.333333333333334,7.666666666666667,16.333333333333332,17.666666666666668,50.0,3.3333333333333335,11.666666666666666,10.0,8.5,18.833333333333332,5.333333333333333,20.0,20.666666666666668,22.666666666666668,63.333333333333336,4.0,15.666666666666666,18.833333333333332,8.0,15.5,10.666666666666666,20.0,23.666666666666668,52.333333333333336,6.666666666666667,15.5,12.5,11.333333333333334,23.333333333333332,4.833333333333333,21.0,2.3333333333333335,1.0,0.6666666666666666,13.0,4.0,9.0,1587.2959134827172
194,21.714285714285715,51.57142857142857,6.857142857142857,19.0,10.714285714285714,13.714285714285714,15.285714285714286,5.285714285714286,12.428571428571429,19.857142857142858,53.57142857142857,5.428571428571429,20.428571428571427,8.714285714285714,12.0,15.0,6.714285714285714,18.571428571428573,11.714285714285714,23.333333333333332,58.166666666666664,7.333333333333333,19.5,11.0,13.333333333333334,11.5,9.166666666666666,10.833333333333334,15.0,55.0,4.666666666666667,15.5,10.333333333333334,8.0,15.833333333333334,6.0,14.833333333333334,22.166666666666668,0.5,1.0,7.0,10.0,-3.0,1956.48950308898
195,22.857142857142858,58.142857142857146,7.0,19.714285714285715,15.857142857142858,11.571428571428571,19.428571428571427,6.142857142857143,16.714285714285715,28.0,61.42857142857143,5.0,15.142857142857142,12.428571428571429,14.142857142857142,13.571428571428571,9.428571428571429,17.714285714285715,-4.571428571428571,21.833333333333332,51.833333333333336,5.5,17.166666666666668,11.166666666666666,13.833333333333334,16.0,6.833333333333333,12.333333333333334,23.833333333333332,58.0,7.333333333333333,17.666666666666668,12.333333333333334,14.833333333333334,14.333333333333334,8.833333333333334,14.333333333333334,-1.1666666666666667,0.5,0.3333333333333333,9.0,8.0,1.0,1932.972630637664
196,27.428571428571427,62.857142857142854,8.571428571428571,27.571428571428573,12.428571428571429,15.857142857142858,13.142857142857142,11.857142857142858,16.428571428571427,22.857142857142858,52.57142857142857,4.0,13.428571428571429,10.428571428571429,11.571428571428571,21.142857142857142,6.857142857142857,15.285714285714286,15.714285714285714,27.375,65.125,3.75,14.625,15.625,14.625,18.5,9.375,18.25,23.75,68.75,5.875,21.125,18.625,13.625,18.875,8.625,18.125,6.625,1.0,0.8,12.0,5.0,7.0,1814.875092383459
197,20.125,53.625,6.125,18.625,12.125,11.625,15.25,5.0,15.5,19.0,52.875,4.25,13.875,9.625,11.0,11.875,7.25,13.375,2.75,23.285714285714285,54.285714285714285,2.857142857142857,7.857142857142857,14.0,11.714285714285714,20.142857142857142,10.285714285714286,17.0,24.857142857142858,58.714285714285715,5.285714285714286,15.571428571428571,13.857142857142858,13.285714285714286,20.142857142857142,11.0,17.428571428571427,1.8571428571428572,0.8333333333333334,0.5,15.0,2.0,13.0,1719.573061296813
198,23.285714285714285,58.857142857142854,7.285714285714286,19.571428571428573,16.428571428571427,12.571428571428571,13.857142857142858,7.428571428571429,14.142857142857142,22.142857142857142,57.142857142857146,3.5714285714285716,14.142857142857142,12.428571428571429,10.142857142857142,15.714285714285714,5.857142857142857,18.714285714285715,11.285714285714286,27.0,56.166666666666664,5.666666666666667,15.333333333333334,8.666666666666666,16.0,14.166666666666666,5.5,14.5,21.0,64.16666666666667,4.666666666666667,17.5,16.5,10.333333333333334,13.5,7.0,16.5,12.5,1.0,1.0,13.0,4.0,9.0,1685.035061784528
199,22.571428571428573,60.142857142857146,5.142857142857143,15.428571428571429,14.285714285714286,12.285714285714286,16.571428571428573,7.142857142857143,16.571428571428573,22.857142857142858,58.142857142857146,3.5714285714285716,15.142857142857142,11.571428571428571,11.0,16.285714285714285,7.714285714285714,17.857142857142858,3.7142857142857144,23.0,62.2,5.4,16.2,13.0,11.2,11.8,9.8,18.2,22.8,55.0,6.2,18.4,9.4,13.2,17.4,4.6,17.8,4.2,0.75,0.6666666666666666,11.0,6.0,5.0,1834.1490914820065
200,22.857142857142858,57.857142857142854,5.0,14.285714285714286,11.857142857142858,12.571428571428571,15.571428571428571,9.714285714285714,18.714285714285715,22.428571428571427,56.142857142857146,5.285714285714286,14.714285714285714,12.428571428571429,12.571428571428571,16.428571428571427,6.285714285714286,16.142857142857142,-0.2857142857142857,22.166666666666668,57.0,2.8333333333333335,8.166666666666666,12.0,10.333333333333334,13.833333333333334,9.333333333333334,14.166666666666666,23.0,55.666666666666664,5.333333333333333,16.833333333333332,12.833333333333334,11.5,17.833333333333332,5.333333333333333,17.166666666666668,-2.5,0.5,0.3333333333333333,8.0,9.0,-1.0,1910.8983404706544
201,22.571428571428573,54.714285714285715,6.142857142857143,19.428571428571427,12.0,14.0,17.714285714285715,9.428571428571429,15.857142857142858,19.0,51.57142857142857,5.0,17.428571428571427,11.571428571428571,12.0,20.857142857142858,10.428571428571429,17.857142857142858,11.428571428571429,29.5,58.666666666666664,5.0,17.333333333333332,11.166666666666666,18.166666666666668,14.666666666666666,8.666666666666666,14.166666666666666,19.5,60.833333333333336,5.166666666666667,18.833333333333332,13.5,9.833333333333334,16.833333333333332,6.666666666666667,17.5,25.166666666666668,1.0,1.0,16.0,1.0,15.0,1599.78083180028
202,19.857142857142858,54.285714285714285,4.285714285714286,15.428571428571429,14.714285714285714,13.0,16.428571428571427,8.857142857142858,16.0,20.285714285714285,48.57142857142857,2.7142857142857144,10.285714285714286,12.0,9.0,19.0,8.714285714285714,15.285714285714286,3.0,25.6,61.6,5.0,15.8,12.6,11.0,13.4,8.8,17.2,20.8,53.0,3.8,10.2,9.0,11.6,16.4,5.8,16.2,6.2,0.75,0.5,7.0,10.0,-3.0,1889.202707390506
203,21.333333333333332,52.333333333333336,5.5,13.666666666666666,8.5,10.0,15.0,6.5,13.333333333333334,18.5,63.333333333333336,3.6666666666666665,15.166666666666666,17.0,7.666666666666667,14.5,7.166666666666667,15.666666666666666,9.666666666666666,29.833333333333332,58.833333333333336,7.833333333333333,17.0,14.166666666666666,14.0,14.666666666666666,6.333333333333333,15.166666666666666,20.166666666666668,62.833333333333336,5.833333333333333,21.5,16.333333333333332,8.833333333333334,15.166666666666666,6.833333333333333,19.166666666666668,24.333333333333332,1.0,1.0,16.0,1.0,15.0,1353.8802417718537
204,20.75,52.5,5.25,13.75,13.125,12.0,15.25,7.0,13.875,21.25,54.25,6.125,20.125,12.375,13.875,14.5,8.5,16.5,2.0,23.714285714285715,54.0,2.4285714285714284,9.0,13.428571428571429,13.571428571428571,16.0,11.571428571428571,13.0,19.285714285714285,49.57142857142857,5.571428571428571,19.857142857142858,10.571428571428571,12.0,18.857142857142858,7.142857142857143,14.571428571428571,6.571428571428571,0.8,0.75,14.0,3.0,11.0,1540.95794846977
205,19.333333333333332,49.22222222222222,2.888888888888889,10.555555555555555,9.11111111111111,10.666666666666666,18.88888888888889,9.333333333333334,15.222222222222221,16.88888888888889,54.333333333333336,3.4444444444444446,12.444444444444445,13.555555555555555,10.0,19.11111111111111,6.777777777777778,18.88888888888889,11.555555555555555,27.5,59.375,5.5,12.375,16.375,17.0,14.75,6.75,12.0,21.375,60.25,6.5,20.375,12.5,10.875,14.75,6.75,18.625,17.75,0.8333333333333334,1.0,16.0,1.0,15.0,1417.9173297411412
206,18.666666666666668,48.5,5.0,14.833333333333334,10.0,11.5,12.666666666666666,7.666666666666667,14.333333333333334,19.666666666666668,54.166666666666664,4.833333333333333,14.333333333333334,12.333333333333334,9.666666666666666,15.5,6.166666666666667,20.333333333333332,7.333333333333333,25.142857142857142,53.285714285714285,6.0,16.857142857142858,10.857142857142858,18.714285714285715,15.0,7.571428571428571,12.285714285714286,19.571428571428573,60.142857142857146,5.857142857142857,18.571428571428573,12.857142857142858,9.857142857142858,15.428571428571429,7.571428571428571,18.857142857142858,19.428571428571427,1.0,1.0,16.0,1.0,15.0,1640.2826038430003
207,21.2,48.2,7.6,19.2,4.2,11.8,13.0,6.8,15.0,21.4,58.8,4.6,14.0,14.8,9.8,14.2,5.6,17.0,4.8,20.75,61.5,4.75,17.75,17.25,12.25,19.25,5.75,21.25,23.0,64.25,6.5,18.5,17.0,12.5,18.25,8.0,22.0,-1.5,1.0,0.0,14.0,3.0,11.0,1670.6610280124291
208,27.0,57.833333333333336,8.5,18.5,13.333333333333334,17.833333333333332,12.5,8.166666666666666,15.666666666666666,14.833333333333334,51.0,2.8333333333333335,15.0,12.5,6.333333333333333,16.666666666666668,5.0,14.0,29.333333333333332,18.5,60.166666666666664,6.333333333333333,24.833333333333332,15.5,11.5,12.666666666666666,11.5,19.166666666666668,19.333333333333332,43.833333333333336,6.666666666666667,18.5,9.333333333333334,14.833333333333334,20.0,5.666666666666667,15.0,-7.5,1.0,0.3333333333333333,12.0,5.0,7.0,1703.7899475195102
209,22.0,53.333333333333336,4.666666666666667,16.666666666666668,12.0,11.666666666666666,16.0,5.666666666666667,17.333333333333332,24.666666666666668,52.333333333333336,4.0,11.666666666666666,8.333333333333334,14.666666666666666,14.666666666666666,8.666666666666666,18.0,-5.0,21.8,60.8,4.4,18.8,14.8,8.0,13.6,6.6,18.4,24.2,56.2,5.4,17.8,13.2,12.2,15.0,5.4,15.0,-6.6,0.0,0.5,11.0,6.0,5.0,1868.5804453565995
210,23.0,52.8,4.6,13.8,12.2,13.0,19.0,3.2,20.4,24.0,68.4,5.4,17.8,18.2,9.2,11.0,7.8,22.0,0.2,22.666666666666668,53.0,5.0,16.666666666666668,12.0,11.5,18.333333333333332,9.0,15.333333333333334,20.5,51.833333333333336,4.166666666666667,15.166666666666666,11.166666666666666,12.666666666666666,19.833333333333332,7.5,18.333333333333332,7.333333333333333,0.5,0.3333333333333333,10.0,7.0,3.0,1947.6647078909125
211,23.285714285714285,60.142857142857146,4.571428571428571,14.0,14.428571428571429,12.571428571428571,16.714285714285715,11.285714285714286,15.142857142857142,23.142857142857142,58.285714285714285,5.857142857142857,18.714285714285715,12.714285714285714,11.857142857142858,21.428571428571427,6.428571428571429,19.714285714285715,4.571428571428571,24.25,57.75,4.5,13.25,13.5,13.0,17.25,7.5,20.0,22.0,59.0,4.75,13.5,14.75,12.75,18.5,7.5,19.0,2.5,1.0,0.0,13.0,4.0,9.0,1523.6258341811233
212,25.444444444444443,59.333333333333336,4.555555555555555,13.666666666666666,13.222222222222221,15.0,15.11111111111111,7.777777777777778,16.555555555555557,19.11111111111111,56.111111111111114,4.555555555555555,17.0,12.88888888888889,11.11111111111111,17.88888888888889,6.222222222222222,16.333333333333332,10.555555555555555,25.4,64.2,7.6,23.0,14.8,15.4,17.8,9.6,17.0,25.2,66.2,3.8,14.2,16.4,12.0,20.4,6.8,23.4,7.4,1.0,0.5,14.0,3.0,11.0,1543.056924158957
213,25.285714285714285,57.57142857142857,7.571428571428571,21.714285714285715,10.428571428571429,16.285714285714285,14.428571428571429,10.714285714285714,15.857142857142858,17.285714285714285,55.857142857142854,2.142857142857143,12.428571428571429,13.285714285714286,9.142857142857142,18.857142857142858,7.285714285714286,17.285714285714285,23.714285714285715,21.6,57.0,5.8,18.6,15.4,11.0,18.2,10.0,18.2,19.0,48.8,1.0,10.4,9.6,11.0,20.6,8.8,15.8,8.4,1.0,0.5,13.0,4.0,9.0,1815.5888614060136
214,24.0,61.0,7.166666666666667,17.833333333333332,17.833333333333332,12.833333333333334,17.5,7.5,19.333333333333332,19.666666666666668,58.666666666666664,2.6666666666666665,10.833333333333334,12.166666666666666,10.0,16.166666666666668,9.166666666666666,19.166666666666668,14.333333333333334,26.571428571428573,60.57142857142857,6.0,17.285714285714285,12.142857142857142,13.285714285714286,16.285714285714285,7.142857142857143,20.285714285714285,24.428571428571427,58.57142857142857,6.857142857142857,17.428571428571427,11.857142857142858,13.714285714285714,17.0,7.714285714285714,19.857142857142858,3.142857142857143,1.0,0.5,11.0,6.0,5.0,1853.6879750586925
215,21.857142857142858,52.285714285714285,6.285714285714286,17.285714285714285,8.571428571428571,11.285714285714286,12.857142857142858,6.857142857142857,16.285714285714285,23.714285714285715,54.857142857142854,5.714285714285714,14.285714285714286,14.285714285714286,13.285714285714286,13.714285714285714,5.285714285714286,12.142857142857142,-7.142857142857143,21.5,51.5,5.25,13.0,8.75,12.5,16.5,5.75,17.25,22.75,59.25,6.0,17.75,12.75,10.5,12.5,9.0,17.25,-2.0,0.75,0.5,8.0,9.0,-1.0,1910.724996031998
216,24.714285714285715,56.0,5.571428571428571,15.571428571428571,11.0,13.0,15.142857142857142,8.571428571428571,15.571428571428571,24.142857142857142,56.857142857142854,5.571428571428571,16.571428571428573,9.857142857142858,11.428571428571429,17.714285714285715,8.428571428571429,18.857142857142858,5.857142857142857,23.333333333333332,53.666666666666664,5.5,13.333333333333334,10.0,12.0,14.833333333333334,6.0,15.333333333333334,19.333333333333332,55.166666666666664,6.333333333333333,20.166666666666668,11.666666666666666,12.0,14.333333333333334,8.0,14.166666666666666,7.0,0.6,0.6666666666666666,10.0,7.0,3.0,1785.5544376542405
217,23.25,55.5,5.875,16.125,12.375,11.0,13.125,6.0,16.0,21.0,52.125,4.375,14.75,9.5,11.0,16.125,5.0,20.5,11.375,28.0,64.57142857142857,4.428571428571429,13.714285714285714,16.571428571428573,14.714285714285714,14.0,10.571428571428571,17.857142857142858,22.142857142857142,53.285714285714285,4.571428571428571,15.857142857142858,11.142857142857142,12.0,21.142857142857142,5.714285714285714,18.714285714285715,13.571428571428571,1.0,0.6,15.0,2.0,13.0,1433.5821411175002
218,24.333333333333332,63.333333333333336,5.166666666666667,15.0,14.166666666666666,11.0,14.666666666666666,9.333333333333334,17.5,25.833333333333332,66.66666666666667,3.8333333333333335,14.666666666666666,15.333333333333334,10.833333333333334,16.833333333333332,7.5,20.0,6.333333333333333,23.666666666666668,56.666666666666664,3.6666666666666665,11.666666666666666,13.666666666666666,12.5,17.166666666666668,8.5,18.5,21.5,53.5,3.8333333333333335,12.5,11.5,9.166666666666666,18.166666666666668,6.333333333333333,17.666666666666668,4.5,0.6666666666666666,0.6666666666666666,8.0,9.0,-1.0,1792.4449853231351
219,24.285714285714285,52.714285714285715,3.5714285714285716,12.0,8.142857142857142,17.0,10.714285714285714,5.857142857142857,16.142857142857142,21.0,53.142857142857146,2.857142857142857,12.0,11.571428571428571,8.285714285714286,14.428571428571429,2.857142857142857,12.857142857142858,9.0,28.75,61.375,8.5,22.375,10.875,21.25,13.125,12.0,17.625,18.0,46.75,4.5,14.875,7.875,8.0,23.625,7.375,17.625,26.375,1.0,1.0,12.0,5.0,7.0,1807.7488872241363
220,24.5,52.166666666666664,7.333333333333333,17.333333333333332,9.333333333333334,15.333333333333334,14.333333333333334,6.5,13.833333333333334,20.333333333333332,52.833333333333336,5.166666666666667,16.166666666666668,7.833333333333333,11.0,12.666666666666666,6.166666666666667,13.166666666666666,10.166666666666666,26.333333333333332,61.666666666666664,4.666666666666667,14.666666666666666,13.833333333333334,14.5,13.333333333333334,8.666666666666666,10.5,20.666666666666668,62.5,4.666666666666667,19.666666666666668,14.0,12.166666666666666,15.833333333333334,6.833333333333333,15.833333333333334,16.333333333333332,1.0,1.0,15.0,2.0,13.0,1647.1785201994385
221,23.0,62.2,5.4,16.2,13.0,11.2,11.8,9.8,18.2,22.8,55.0,6.2,18.4,9.4,13.2,17.4,4.6,17.8,4.2,23.833333333333332,58.833333333333336,6.833333333333333,19.5,13.833333333333334,14.666666666666666,17.166666666666668,8.0,18.5,21.5,54.833333333333336,3.6666666666666665,12.666666666666666,12.666666666666666,11.333333333333334,17.166666666666668,10.333333333333334,16.333333333333332,2.3333333333333335,0.6666666666666666,0.6666666666666666,6.0,3.0,3.0,1910.026431815956
222,23.333333333333332,58.166666666666664,7.333333333333333,19.5,11.0,13.333333333333334,11.5,9.166666666666666,10.833333333333334,15.0,55.0,4.666666666666667,15.5,10.333333333333334,8.0,15.833333333333334,6.0,14.833333333333334,22.166666666666668,28.0,60.833333333333336,7.5,17.166666666666668,16.166666666666668,17.5,18.833333333333332,10.5,15.666666666666666,20.0,59.666666666666664,3.8333333333333335,16.166666666666668,12.833333333333334,11.5,20.333333333333332,9.666666666666666,17.666666666666668,22.166666666666668,1.0,1.0,10.0,2.0,8.0,1912.298905284052
223,23.714285714285715,54.0,2.4285714285714284,9.0,13.428571428571429,13.571428571428571,16.0,11.571428571428571,13.0,19.285714285714285,49.57142857142857,5.571428571428571,19.857142857142858,10.571428571428571,12.0,18.857142857142858,7.142857142857143,14.571428571428571,6.571428571428571,37.2,69.6,4.4,12.2,12.8,21.6,10.8,13.0,16.4,21.2,56.6,5.0,16.6,10.4,11.2,21.2,6.2,13.8,31.4,0.75,1.0,3.0,11.0,-8.0,2059.492263968608
224,22.666666666666668,63.333333333333336,4.0,15.666666666666666,18.833333333333332,8.0,15.5,10.666666666666666,20.0,23.666666666666668,52.333333333333336,6.666666666666667,15.5,12.5,11.333333333333334,23.333333333333332,4.833333333333333,21.0,2.3333333333333335,27.375,65.125,3.75,14.625,15.625,14.625,18.5,9.375,18.25,23.75,68.75,5.875,21.125,18.625,13.625,18.875,8.625,18.125,6.625,0.6666666666666666,0.8,4.0,5.0,-1.0,2032.793330024484
225,25.6,61.6,5.0,15.8,12.6,11.0,13.4,8.8,17.2,20.8,53.0,3.8,10.2,9.0,11.6,16.4,5.8,16.2,6.2,23.285714285714285,54.285714285714285,2.857142857142857,7.857142857142857,14.0,11.714285714285714,20.142857142857142,10.285714285714286,17.0,24.857142857142858,58.714285714285715,5.285714285714286,15.571428571428571,13.857142857142858,13.285714285714286,20.142857142857142,11.0,17.428571428571427,1.8571428571428572,0.5,0.5,10.0,2.0,8.0,1911.711128540312
226,24.4,61.8,6.4,17.0,17.6,14.4,18.8,11.2,19.0,24.0,51.8,4.6,10.8,11.6,12.8,22.6,7.8,18.2,3.4,27.0,56.166666666666664,5.666666666666667,15.333333333333334,8.666666666666666,16.0,14.166666666666666,5.5,14.5,21.0,64.16666666666667,4.666666666666667,17.5,16.5,10.333333333333334,13.5,7.0,16.5,12.5,0.6666666666666666,1.0,5.0,4.0,1.0,1979.1166833355376
227,22.166666666666668,57.0,2.8333333333333335,8.166666666666666,12.0,10.333333333333334,13.833333333333334,9.333333333333334,14.166666666666666,23.0,55.666666666666664,5.333333333333333,16.833333333333332,12.833333333333334,11.5,17.833333333333332,5.333333333333333,17.166666666666668,-2.5,29.5,58.666666666666664,5.0,17.333333333333332,11.166666666666666,18.166666666666668,14.666666666666666,8.666666666666666,14.166666666666666,19.5,60.833333333333336,5.166666666666667,18.833333333333332,13.5,9.833333333333334,16.833333333333332,6.666666666666667,17.5,25.166666666666668,0.3333333333333333,1.0,9.0,1.0,8.0,1915.4916616860764
228,21.833333333333332,51.833333333333336,5.5,17.166666666666668,11.166666666666666,13.833333333333334,16.0,6.833333333333333,12.333333333333334,23.833333333333332,58.0,7.333333333333333,17.666666666666668,12.333333333333334,14.833333333333334,14.333333333333334,8.833333333333334,14.333333333333334,-1.1666666666666667,29.833333333333332,58.833333333333336,7.833333333333333,17.0,14.166666666666666,14.0,14.666666666666666,6.333333333333333,15.166666666666666,20.166666666666668,62.833333333333336,5.833333333333333,21.5,16.333333333333332,8.833333333333334,15.166666666666666,6.833333333333333,19.166666666666668,24.333333333333332,0.3333333333333333,1.0,8.0,1.0,7.0,1899.4680452396085
229,23.666666666666668,56.666666666666664,3.6666666666666665,11.666666666666666,13.666666666666666,12.5,17.166666666666668,8.5,18.5,21.5,53.5,3.8333333333333335,12.5,11.5,9.166666666666666,18.166666666666668,6.333333333333333,17.666666666666668,4.5,27.5,59.375,5.5,12.375,16.375,17.0,14.75,6.75,12.0,21.375,60.25,6.5,20.375,12.5,10.875,14.75,6.75,18.625,17.75,0.6666666666666666,1.0,9.0,1.0,8.0,1937.0687263741356
230,21.5,51.5,5.25,13.0,8.75,12.5,16.5,5.75,17.25,22.75,59.25,6.0,17.75,12.75,10.5,12.5,9.0,17.25,-2.0,25.142857142857142,53.285714285714285,6.0,16.857142857142858,10.857142857142858,18.714285714285715,15.0,7.571428571428571,12.285714285714286,19.571428571428573,60.142857142857146,5.857142857142857,18.571428571428573,12.857142857142858,9.857142857142858,15.428571428571429,7.571428571428571,18.857142857142858,19.428571428571427,0.5,1.0,9.0,1.0,8.0,1890.8048357997989
231,24.25,57.75,4.5,13.25,13.5,13.0,17.25,7.5,20.0,22.0,59.0,4.75,13.5,14.75,12.75,18.5,7.5,19.0,2.5,18.5,60.166666666666664,6.333333333333333,24.833333333333332,15.5,11.5,12.666666666666666,11.5,19.166666666666668,19.333333333333332,43.833333333333336,6.666666666666667,18.5,9.333333333333334,14.833333333333334,20.0,5.666666666666667,15.0,-7.5,0.0,0.3333333333333333,4.0,5.0,-1.0,2025.1507171094315
232,20.75,61.5,4.75,17.75,17.25,12.25,19.25,5.75,21.25,23.0,64.25,6.5,18.5,17.0,12.5,18.25,8.0,22.0,-1.5,21.8,60.8,4.4,18.8,14.8,8.0,13.6,6.6,18.4,24.2,56.2,5.4,17.8,13.2,12.2,15.0,5.4,15.0,-6.6,0.0,0.5,3.0,6.0,-3.0,2066.924602246748
233,26.333333333333332,61.666666666666664,4.666666666666667,14.666666666666666,13.833333333333334,14.5,13.333333333333334,8.666666666666666,10.5,20.666666666666668,62.5,4.666666666666667,19.666666666666668,14.0,12.166666666666666,15.833333333333334,6.833333333333333,15.833333333333334,16.333333333333332,22.666666666666668,53.0,5.0,16.666666666666668,12.0,11.5,18.333333333333332,9.0,15.333333333333334,20.5,51.833333333333336,4.166666666666667,15.166666666666666,11.166666666666666,12.666666666666666,19.833333333333332,7.5,18.333333333333332,7.333333333333333,1.0,0.3333333333333333,2.0,7.0,-5.0,2130.7175261293587
234,25.4,64.2,7.6,23.0,14.8,15.4,17.8,9.6,17.0,25.2,66.2,3.8,14.2,16.4,12.0,20.4,6.8,23.4,7.4,26.571428571428573,60.57142857142857,6.0,17.285714285714285,12.142857142857142,13.285714285714286,16.285714285714285,7.142857142857143,20.285714285714285,24.428571428571427,58.57142857142857,6.857142857142857,17.428571428571427,11.857142857142858,13.714285714285714,17.0,7.714285714285714,19.857142857142858,3.142857142857143,0.5,0.5,3.0,6.0,-3.0,1954.7489904681156
235,23.333333333333332,53.666666666666664,5.5,13.333333333333334,10.0,12.0,14.833333333333334,6.0,15.333333333333334,19.333333333333332,55.166666666666664,6.333333333333333,20.166666666666668,11.666666666666666,12.0,14.333333333333334,8.0,14.166666666666666,7.0,28.0,64.57142857142857,4.428571428571429,13.714285714285714,16.571428571428573,14.714285714285714,14.0,10.571428571428571,17.857142857142858,22.142857142857142,53.285714285714285,4.571428571428571,15.857142857142858,11.142857142857142,12.0,21.142857142857142,5.714285714285714,18.714285714285715,13.571428571428571,0.6666666666666666,0.6,7.0,2.0,5.0,1950.6292512933087
236,21.6,57.0,5.8,18.6,15.4,11.0,18.2,10.0,18.2,19.0,48.8,1.0,10.4,9.6,11.0,20.6,8.8,15.8,8.4,28.75,61.375,8.5,22.375,10.875,21.25,13.125,12.0,17.625,18.0,46.75,4.5,14.875,7.875,8.0,23.625,7.375,17.625,26.375,0.5,1.0,4.0,5.0,-1.0,2045.2735108006652
237,22.666666666666668,53.0,5.0,16.666666666666668,12.0,11.5,18.333333333333332,9.0,15.333333333333334,20.5,51.833333333333336,4.166666666666667,15.166666666666666,11.166666666666666,12.666666666666666,19.833333333333332,7.5,18.333333333333332,7.333333333333333,37.2,69.6,4.4,12.2,12.8,21.6,10.8,13.0,16.4,21.2,56.6,5.0,16.6,10.4,11.2,21.2,6.2,13.8,31.4,0.3333333333333333,1.0,7.0,11.0,-4.0,1931.867299516941
238,26.571428571428573,60.57142857142857,6.0,17.285714285714285,12.142857142857142,13.285714285714286,16.285714285714285,7.142857142857143,20.285714285714285,24.428571428571427,58.57142857142857,6.857142857142857,17.428571428571427,11.857142857142858,13.714285714285714,17.0,7.714285714285714,19.857142857142858,3.142857142857143,23.285714285714285,54.285714285714285,2.857142857142857,7.857142857142857,14.0,11.714285714285714,20.142857142857142,10.285714285714286,17.0,24.857142857142858,58.714285714285715,5.285714285714286,15.571428571428571,13.857142857142858,13.285714285714286,20.142857142857142,11.0,17.428571428571427,1.8571428571428572,0.5,0.5,6.0,2.0,4.0,2066.4098061814225
239,27.375,65.125,3.75,14.625,15.625,14.625,18.5,9.375,18.25,23.75,68.75,5.875,21.125,18.625,13.625,18.875,8.625,18.125,6.625,29.5,58.666666666666664,5.0,17.333333333333332,11.166666666666666,18.166666666666668,14.666666666666666,8.666666666666666,14.166666666666666,19.5,60.833333333333336,5.166666666666667,18.833333333333332,13.5,9.833333333333334,16.833333333333332,6.666666666666667,17.5,25.166666666666668,0.8,1.0,5.0,1.0,4.0,2056.0715111704944
240,27.0,56.166666666666664,5.666666666666667,15.333333333333334,8.666666666666666,16.0,14.166666666666666,5.5,14.5,21.0,64.16666666666667,4.666666666666667,17.5,16.5,10.333333333333334,13.5,7.0,16.5,12.5,29.833333333333332,58.833333333333336,7.833333333333333,17.0,14.166666666666666,14.0,14.666666666666666,6.333333333333333,15.166666666666666,20.166666666666668,62.833333333333336,5.833333333333333,21.5,16.333333333333332,8.833333333333334,15.166666666666666,6.833333333333333,19.166666666666668,24.333333333333332,1.0,1.0,4.0,1.0,3.0,2089.149393867512
241,28.75,61.375,8.5,22.375,10.875,21.25,13.125,12.0,17.625,18.0,46.75,4.5,14.875,7.875,8.0,23.625,7.375,17.625,26.375,27.5,59.375,5.5,12.375,16.375,17.0,14.75,6.75,12.0,21.375,60.25,6.5,20.375,12.5,10.875,14.75,6.75,18.625,17.75,1.0,1.0,5.0,1.0,4.0,1978.1234785538568
242,18.5,60.166666666666664,6.333333333333333,24.833333333333332,15.5,11.5,12.666666666666666,11.5,19.166666666666668,19.333333333333332,43.833333333333336,6.666666666666667,18.5,9.333333333333334,14.833333333333334,20.0,5.666666666666667,15.0,-7.5,25.142857142857142,53.285714285714285,6.0,16.857142857142858,10.857142857142858,18.714285714285715,15.0,7.571428571428571,12.285714285714286,19.571428571428573,60.142857142857146,5.857142857142857,18.571428571428573,12.857142857142858,9.857142857142858,15.428571428571429,7.571428571428571,18.857142857142858,19.428571428571427,0.3333333333333333,1.0,5.0,1.0,4.0,1954.9322316601856
243,23.833333333333332,58.833333333333336,6.833333333333333,19.5,13.833333333333334,14.666666666666666,17.166666666666668,8.0,18.5,21.5,54.833333333333336,3.6666666666666665,12.666666666666666,12.666666666666666,11.333333333333334,17.166666666666668,10.333333333333334,16.333333333333332,2.3333333333333335,28.0,60.833333333333336,7.5,17.166666666666668,16.166666666666668,17.5,18.833333333333332,10.5,15.666666666666666,20.0,59.666666666666664,3.8333333333333335,16.166666666666668,12.833333333333334,11.5,20.333333333333332,9.666666666666666,17.666666666666668,22.166666666666668,0.6666666666666666,1.0,3.0,2.0,1.0,2024.4023497288129
244,21.8,60.8,4.4,18.8,14.8,8.0,13.6,6.6,18.4,24.2,56.2,5.4,17.8,13.2,12.2,15.0,5.4,15.0,-6.6,28.0,64.57142857142857,4.428571428571429,13.714285714285714,16.571428571428573,14.714285714285714,14.0,10.571428571428571,17.857142857142858,22.142857142857142,53.285714285714285,4.571428571428571,15.857142857142858,11.142857142857142,12.0,21.142857142857142,5.714285714285714,18.714285714285715,13.571428571428571,0.5,0.6,6.0,2.0,4.0,1954.996583507395
245,29.833333333333332,58.833333333333336,7.833333333333333,17.0,14.166666666666666,14.0,14.666666666666666,6.333333333333333,15.166666666666666,20.166666666666668,62.833333333333336,5.833333333333333,21.5,16.333333333333332,8.833333333333334,15.166666666666666,6.833333333333333,19.166666666666668,24.333333333333332,23.285714285714285,54.285714285714285,2.857142857142857,7.857142857142857,14.0,11.714285714285714,20.142857142857142,10.285714285714286,17.0,24.857142857142858,58.714285714285715,5.285714285714286,15.571428571428571,13.857142857142858,13.285714285714286,20.142857142857142,11.0,17.428571428571427,1.8571428571428572,1.0,0.5,1.0,2.0,-1.0,2314.6879588922616
246,37.2,69.6,4.4,12.2,12.8,21.6,10.8,13.0,16.4,21.2,56.6,5.0,16.6,10.4,11.2,21.2,6.2,13.8,31.4,29.5,58.666666666666664,5.0,17.333333333333332,11.166666666666666,18.166666666666668,14.666666666666666,8.666666666666666,14.166666666666666,19.5,60.833333333333336,5.166666666666667,18.833333333333332,13.5,9.833333333333334,16.833333333333332,6.666666666666667,17.5,25.166666666666668,1.0,1.0,11.0,1.0,10.0,2015.5541352453365
247,28.0,60.833333333333336,7.5,17.166666666666668,16.166666666666668,17.5,18.833333333333332,10.5,15.666666666666666,20.0,59.666666666666664,3.8333333333333335,16.166666666666668,12.833333333333334,11.5,20.333333333333332,9.666666666666666,17.666666666666668,22.166666666666668,25.142857142857142,53.285714285714285,6.0,16.857142857142858,10.857142857142858,18.714285714285715,15.0,7.571428571428571,12.285714285714286,19.571428571428573,60.142857142857146,5.857142857142857,18.571428571428573,12.857142857142858,9.857142857142858,15.428571428571429,7.571428571428571,18.857142857142858,19.428571428571427,1.0,1.0,2.0,1.0,1.0,2271.462750304109
248,27.5,59.375,5.5,12.375,16.375,17.0,14.75,6.75,12.0,21.375,60.25,6.5,20.375,12.5,10.875,14.75,6.75,18.625,17.75,28.0,64.57142857142857,4.428571428571429,13.714285714285714,16.571428571428573,14.714285714285714,14.0,10.571428571428571,17.857142857142858,22.142857142857142,53.285714285714285,4.571428571428571,15.857142857142858,11.142857142857142,12.0,21.142857142857142,5.714285714285714,18.714285714285715,13.571428571428571,1.0,0.6,1.0,2.0,-1.0,2263.275640901467
249,25.142857142857142,53.285714285714285,6.0,16.857142857142858,10.857142857142858,18.714285714285715,15.0,7.571428571428571,12.285714285714286,19.571428571428573,60.142857142857146,5.857142857142857,18.571428571428573,12.857142857142858,9.857142857142858,15.428571428571429,7.571428571428571,18.857142857142858,19.428571428571427,23.285714285714285,54.285714285714285,2.857142857142857,7.857142857142857,14.0,11.714285714285714,20.142857142857142,10.285714285714286,17.0,24.857142857142858,58.714285714285715,5.285714285714286,15.571428571428571,13.857142857142858,13.285714285714286,20.142857142857142,11.0,17.428571428571427,1.8571428571428572,1.0,0.5,1.0,2.0,-1.0,2523.064906858228
250,29.5,58.666666666666664,5.0,17.333333333333332,11.166666666666666,18.166666666666668,14.666666666666666,8.666666666666666,14.166666666666666,19.5,60.833333333333336,5.166666666666667,18.833333333333332,13.5,9.833333333333334,16.833333333333332,6.666666666666667,17.5,25.166666666666668,28.0,64.57142857142857,4.428571428571429,13.714285714285714,16.571428571428573,14.714285714285714,14.0,10.571428571428571,17.857142857142858,22.142857142857142,53.285714285714285,4.571428571428571,15.857142857142858,11.142857142857142,12.0,21.142857142857142,5.714285714285714,18.714285714285715,13.571428571428571,1.0,0.6,1.0,2.0,-1.0,2367.4616275868766
251,23.285714285714285,54.285714285714285,2.857142857142857,7.857142857142857,14.0,11.714285714285714,20.142857142857142,10.285714285714286,17.0,24.857142857142858,58.714285714285715,5.285714285714286,15.571428571428571,13.857142857142858,13.285714285714286,20.142857142857142,11.0,17.428571428571427,1.8571428571428572,28.0,64.57142857142857,4.428571428571429,13.714285714285714,16.571428571428573,14.714285714285714,14.0,10.571428571428571,17.857142857142858,22.142857142857142,53.285714285714285,4.571428571428571,15.857142857142858,11.142857142857142,12.0,21.142857142857142,5.714285714285714,18.714285714285715,13.571428571428571,0.5,0.6,2.0,2.0,0.0,2187.043901022992
252,22.666666666666668,53.833333333333336,5.666666666666667,18.666666666666668,12.666666666666666,12.833333333333334,13.333333333333334,7.166666666666667,15.333333333333334,18.833333333333332,49.333333333333336,2.1666666666666665,12.666666666666666,13.333333333333334,8.0,17.333333333333332,4.5,14.666666666666666,11.0,26.333333333333332,66.0,6.5,18.166666666666668,15.0,14.666666666666666,13.333333333333334,7.5,16.833333333333332,21.5,57.166666666666664,2.5,10.5,13.5,12.666666666666666,18.833333333333332,5.666666666666667,16.0,12.666666666666666,0.6666666666666666,1.0,6.0,11.0,-5.0,1903.3622872984372
253,24.857142857142858,54.285714285714285,6.285714285714286,17.857142857142858,11.571428571428571,15.714285714285714,15.285714285714286,8.142857142857142,14.285714285714286,17.142857142857142,56.42857142857143,3.2857142857142856,14.0,13.714285714285714,8.0,15.714285714285714,7.0,14.714285714285714,18.571428571428573,21.75,52.125,4.5,13.0,10.875,10.25,14.375,8.0,15.375,19.0,54.25,4.125,14.75,13.0,11.875,17.125,6.375,17.375,9.0,0.75,1.0,1.0,16.0,-15.0,2442.675606317059
254,26.333333333333332,57.5,6.333333333333333,21.0,9.666666666666666,16.833333333333332,16.833333333333332,7.166666666666667,15.0,24.166666666666668,61.666666666666664,5.333333333333333,15.5,14.833333333333334,14.166666666666666,14.166666666666666,9.666666666666666,11.833333333333334,1.0,25.4,57.8,7.6,19.4,12.8,20.0,15.0,5.6,14.0,21.2,60.0,5.0,15.2,12.8,10.8,12.2,8.0,14.2,10.8,0.6666666666666666,1.0,7.0,10.0,-3.0,1981.6190997457472
255,27.75,64.5,4.5,14.0,13.75,15.75,11.0,11.25,14.5,22.75,55.75,7.25,18.5,10.5,13.0,18.0,5.5,15.75,9.0,20.0,52.833333333333336,2.8333333333333335,10.5,11.833333333333334,11.666666666666666,14.166666666666666,9.5,16.166666666666668,17.0,50.166666666666664,5.0,18.666666666666668,10.166666666666666,11.5,18.0,6.0,18.333333333333332,9.666666666666666,0.5,0.6666666666666666,11.0,6.0,5.0,1985.7828393544585
256,22.428571428571427,56.857142857142854,5.142857142857143,18.714285714285715,9.571428571428571,13.857142857142858,13.142857142857142,6.714285714285714,15.142857142857142,22.857142857142858,54.142857142857146,4.428571428571429,15.428571428571429,9.714285714285714,13.142857142857142,14.0,5.857142857142857,12.857142857142858,-3.4285714285714284,30.666666666666668,62.5,5.666666666666667,13.5,15.166666666666666,15.5,15.0,11.833333333333334,15.5,17.666666666666668,49.833333333333336,3.6666666666666665,11.333333333333334,8.333333333333334,9.333333333333334,19.833333333333332,7.0,14.5,29.166666666666668,0.25,1.0,8.0,9.0,-1.0,1933.08150764762
257,22.6,60.6,5.6,16.8,14.4,7.8,15.8,10.4,18.6,21.0,49.6,1.4,7.8,11.6,10.0,24.8,5.8,19.6,8.2,23.75,58.375,5.375,16.625,16.625,11.375,14.0,8.25,15.25,18.5,53.125,4.25,17.25,11.375,9.5,17.0,7.125,19.625,16.25,0.5,1.0,2.0,15.0,-13.0,2055.42870999822
258,21.2,55.4,5.6,18.4,15.6,11.0,17.8,8.0,13.8,21.8,57.6,5.4,18.4,12.2,9.8,16.0,6.4,17.2,3.2,26.4,59.8,6.6,17.4,14.8,16.6,12.2,8.0,16.4,20.2,54.6,5.0,14.2,12.2,10.0,16.2,6.8,17.6,14.8,0.6666666666666666,0.5,7.0,10.0,-3.0,1961.3348337307043
259,25.333333333333332,57.333333333333336,5.0,11.0,17.333333333333332,13.833333333333334,18.666666666666668,5.5,16.166666666666668,21.5,62.666666666666664,3.8333333333333335,13.333333333333334,14.833333333333334,9.666666666666666,12.666666666666666,9.5,18.166666666666668,11.166666666666666,21.833333333333332,53.166666666666664,6.333333333333333,19.0,11.333333333333334,12.0,13.5,8.166666666666666,12.666666666666666,21.0,56.166666666666664,4.666666666666667,18.166666666666668,12.5,13.833333333333334,13.833333333333334,5.833333333333333,11.5,4.0,1.0,1.0,2.0,15.0,-13.0,2116.4804547727317
260,25.75,64.25,7.0,20.75,15.25,13.0,14.25,9.0,16.5,24.75,54.5,2.5,9.25,10.5,13.0,19.5,6.5,17.25,9.0,21.833333333333332,53.833333333333336,6.166666666666667,15.833333333333334,11.666666666666666,13.0,17.333333333333332,7.5,15.0,19.333333333333332,55.0,6.0,18.333333333333332,10.833333333333334,10.5,15.833333333333334,9.666666666666666,16.666666666666668,6.333333333333333,0.0,1.0,3.0,14.0,-11.0,2049.0230157639444
261,24.666666666666668,60.0,5.0,14.666666666666666,14.0,14.0,15.166666666666666,7.0,19.333333333333332,21.666666666666668,60.166666666666664,3.5,16.0,14.5,11.166666666666666,14.166666666666666,7.166666666666667,16.333333333333332,7.166666666666667,29.5,60.333333333333336,10.0,23.833333333333332,10.833333333333334,19.666666666666668,14.333333333333334,7.166666666666667,13.833333333333334,22.333333333333332,61.5,4.333333333333333,17.0,8.833333333333334,9.0,13.5,7.833333333333333,17.666666666666668,24.333333333333332,1.0,1.0,4.0,13.0,-9.0,1979.9105919205751
262,22.0,53.5,3.1666666666666665,13.333333333333334,13.5,7.666666666666667,14.333333333333334,4.833333333333333,14.666666666666666,19.5,54.166666666666664,2.1666666666666665,10.166666666666666,14.666666666666666,5.5,14.5,6.0,15.0,4.0,24.0,60.5,2.3333333333333335,9.0,14.166666666666666,13.0,13.666666666666666,11.333333333333334,15.333333333333334,20.166666666666668,51.666666666666664,4.666666666666667,16.666666666666668,12.166666666666666,14.0,22.0,6.5,15.166666666666666,10.0,0.6666666666666666,0.6666666666666666,5.0,12.0,-7.0,1942.44442568003
263,25.375,58.25,4.75,16.625,13.375,14.125,13.125,6.375,14.625,18.75,59.0,3.25,12.625,14.75,7.875,15.125,6.875,17.375,22.0,21.714285714285715,60.57142857142857,4.571428571428571,17.0,18.714285714285715,10.142857142857142,14.571428571428571,9.857142857142858,16.285714285714285,13.285714285714286,49.0,2.0,10.571428571428571,11.714285714285714,6.142857142857143,20.0,6.428571428571429,17.428571428571427,20.285714285714285,1.0,1.0,1.0,16.0,-15.0,2385.726523424333
264,25.0,53.666666666666664,4.833333333333333,14.0,13.5,12.666666666666666,15.166666666666666,5.833333333333333,13.666666666666666,22.0,56.0,6.0,19.5,11.833333333333334,10.333333333333334,14.5,5.0,17.5,10.666666666666666,30.2,62.8,13.0,26.0,9.8,19.6,10.4,9.0,12.4,24.2,62.2,4.8,18.4,9.4,12.0,14.0,4.2,13.0,26.8,1.0,1.0,2.0,15.0,-13.0,2205.869539918793
265,24.625,59.75,3.625,9.875,14.0,12.625,12.75,6.125,18.625,22.0,54.125,4.75,13.25,12.5,12.625,16.625,6.75,18.75,2.0,20.25,58.25,5.5,15.75,15.25,12.5,15.0,13.75,12.5,17.25,55.5,4.75,17.5,14.0,10.25,22.75,5.75,16.5,15.0,0.4,1.0,3.0,14.0,-11.0,2148.4912982782507
266,18.714285714285715,52.857142857142854,3.2857142857142856,13.857142857142858,15.142857142857142,11.571428571428571,17.428571428571427,7.857142857142857,17.428571428571427,19.714285714285715,55.57142857142857,4.142857142857143,13.142857142857142,13.0,10.0,14.428571428571429,8.142857142857142,18.857142857142858,-1.0,24.666666666666668,66.5,6.0,15.166666666666666,15.166666666666666,13.333333333333334,14.833333333333334,9.333333333333334,17.833333333333332,24.666666666666668,61.0,5.5,17.5,14.5,12.333333333333334,17.333333333333332,7.333333333333333,16.166666666666668,-1.8333333333333333,0.75,0.6666666666666666,8.0,9.0,-1.0,1970.7246513216808
267,27.571428571428573,56.57142857142857,6.285714285714286,19.857142857142858,11.0,18.142857142857142,14.142857142857142,11.428571428571429,15.714285714285714,19.0,51.142857142857146,5.714285714285714,15.857142857142858,12.0,10.142857142857142,21.285714285714285,6.285714285714286,17.0,20.142857142857142,19.5,52.166666666666664,8.0,24.0,11.0,12.833333333333334,13.5,4.166666666666667,14.666666666666666,22.666666666666668,53.166666666666664,4.666666666666667,14.5,8.666666666666666,14.0,11.833333333333334,7.666666666666667,17.833333333333332,0.16666666666666666,1.0,0.3333333333333333,7.0,10.0,-3.0,2019.334115470012
268,27.25,55.0,2.75,8.75,12.0,17.75,13.75,8.75,12.625,20.125,60.75,5.5,17.25,14.0,11.125,15.375,5.5,18.25,19.5,22.875,50.75,4.875,13.125,11.375,13.5,16.25,3.875,15.625,18.625,50.375,4.75,15.625,9.375,10.0,12.375,5.625,15.375,5.375,1.0,0.8,1.0,16.0,-15.0,2384.0644192321884
269,23.857142857142858,59.142857142857146,2.7142857142857144,8.428571428571429,16.0,10.285714285714286,15.142857142857142,7.571428571428571,14.428571428571429,22.571428571428573,57.57142857142857,4.857142857142857,16.571428571428573,10.428571428571429,10.285714285714286,15.0,7.0,17.857142857142858,3.7142857142857144,26.0,62.333333333333336,9.333333333333334,26.333333333333332,13.0,19.666666666666668,12.666666666666666,8.0,14.0,27.0,64.66666666666667,7.333333333333333,20.333333333333332,14.666666666666666,16.666666666666668,14.333333333333334,8.333333333333334,15.666666666666666,1.0,0.5,0.0,8.0,9.0,-1.0,1919.7971507663592
270,26.857142857142858,58.285714285714285,4.285714285714286,12.285714285714286,14.428571428571429,14.285714285714286,12.142857142857142,5.142857142857143,12.428571428571429,19.0,56.42857142857143,5.0,18.714285714285715,10.714285714285714,9.857142857142858,12.0,5.571428571428571,14.714285714285714,18.0,24.666666666666668,58.166666666666664,3.3333333333333335,12.5,14.166666666666666,12.5,13.5,5.333333333333333,14.0,18.166666666666668,52.0,4.0,14.0,10.0,7.833333333333333,16.333333333333332,3.0,13.5,12.0,1.0,1.0,3.0,14.0,-11.0,1890.3114512693935
271,28.0,60.25,3.5,11.75,15.0,14.25,17.75,12.5,18.0,23.25,62.5,5.75,17.5,18.75,13.5,19.5,7.5,17.75,3.0,19.0,51.125,6.625,20.375,7.5,11.375,15.875,9.0,14.75,16.75,53.375,3.0,13.625,12.5,8.375,17.375,8.0,15.125,5.0,0.0,0.75,2.0,15.0,-13.0,2226.578799007721
272,24.2,61.2,5.2,20.8,15.4,15.0,17.8,6.4,16.6,22.0,61.2,4.8,14.0,12.4,10.2,16.0,8.6,16.2,5.6,23.5,61.25,4.25,18.25,13.75,11.5,13.25,7.25,20.25,24.0,64.0,4.0,12.75,19.25,10.0,15.5,5.75,17.5,-5.5,0.5,0.0,9.0,8.0,1.0,1868.550643240082
273,16.75,60.75,3.25,13.75,16.5,10.75,15.25,10.75,19.75,14.5,50.25,4.75,19.5,13.75,10.25,21.0,8.75,17.5,3.5,27.875,67.5,10.625,34.625,14.0,16.375,12.25,13.125,15.625,20.625,54.0,3.375,12.375,11.125,10.0,21.375,5.375,12.5,18.5,0.0,1.0,5.0,12.0,-7.0,1986.1068589986896
274,25.666666666666668,54.166666666666664,5.833333333333333,12.333333333333334,12.666666666666666,14.166666666666666,15.666666666666666,8.833333333333334,17.166666666666668,21.5,53.333333333333336,2.8333333333333335,10.0,11.5,12.833333333333334,15.833333333333334,7.5,16.833333333333332,13.833333333333334,23.428571428571427,61.285714285714285,5.0,17.428571428571427,13.571428571428571,13.571428571428571,13.714285714285714,11.142857142857142,13.857142857142858,22.142857142857142,59.285714285714285,5.714285714285714,18.428571428571427,14.285714285714286,10.714285714285714,17.857142857142858,6.142857142857143,14.285714285714286,3.7142857142857144,0.6666666666666666,1.0,4.0,13.0,-9.0,2017.1123932120504
275,24.333333333333332,59.5,5.5,15.333333333333334,13.666666666666666,12.666666666666666,12.666666666666666,4.333333333333333,17.0,26.833333333333332,55.666666666666664,4.333333333333333,9.833333333333334,11.5,13.166666666666666,11.666666666666666,6.0,13.333333333333334,-7.166666666666667,23.857142857142858,58.57142857142857,6.142857142857143,19.0,14.0,12.142857142857142,15.0,7.285714285714286,15.428571428571429,23.285714285714285,57.42857142857143,5.285714285714286,17.571428571428573,11.857142857142858,12.571428571428571,16.428571428571427,7.428571428571429,19.714285714285715,8.285714285714286,0.3333333333333333,0.75,11.0,6.0,5.0,1881.1767576138109
276,18.833333333333332,42.0,2.5,8.833333333333334,8.833333333333334,10.666666666666666,20.333333333333332,5.333333333333333,15.333333333333334,20.166666666666668,54.666666666666664,5.833333333333333,20.0,11.333333333333334,9.166666666666666,13.833333333333334,10.333333333333334,20.166666666666668,0.5,23.857142857142858,55.42857142857143,2.857142857142857,11.857142857142858,12.571428571428571,11.0,13.285714285714286,9.0,18.571428571428573,17.857142857142858,48.42857142857143,2.4285714285714284,10.142857142857142,10.142857142857142,10.285714285714286,16.857142857142858,4.571428571428571,16.571428571428573,11.714285714285714,0.6666666666666666,1.0,5.0,12.0,-7.0,1969.9358895460384
277,24.0,57.0,8.0,22.333333333333332,10.333333333333334,17.333333333333332,13.0,10.333333333333334,12.833333333333334,20.166666666666668,61.166666666666664,5.666666666666667,17.833333333333332,13.666666666666666,11.166666666666666,15.666666666666666,7.0,16.833333333333332,14.666666666666666,24.0,54.5,4.75,15.25,12.25,11.5,12.75,10.75,16.5,19.5,53.5,4.0,15.25,13.75,9.5,16.0,4.5,15.0,10.75,1.0,0.0,13.0,4.0,9.0,1819.0702087191244
278,24.166666666666668,57.833333333333336,5.833333333333333,15.333333333333334,13.666666666666666,12.333333333333334,15.166666666666666,10.0,13.5,22.666666666666668,56.333333333333336,3.5,14.166666666666666,12.333333333333334,11.0,18.833333333333332,8.666666666666666,15.666666666666666,12.5,25.625,58.375,4.625,13.25,20.75,13.25,17.5,6.75,13.625,20.5,58.375,7.875,22.75,12.875,10.75,14.0,8.625,19.125,15.125,0.75,1.0,1.0,16.0,-15.0,2282.8099320269557
279,23.0,56.42857142857143,5.0,15.571428571428571,11.714285714285714,12.571428571428571,15.714285714285714,4.714285714285714,20.571428571428573,23.285714285714285,59.285714285714285,6.285714285714286,16.571428571428573,13.0,13.571428571428571,13.142857142857142,7.0,19.571428571428573,-3.0,23.0,56.0,6.75,20.5,11.75,13.0,13.25,8.75,13.5,22.0,57.0,6.0,19.0,15.25,13.5,15.25,6.5,14.75,2.25,0.5,1.0,6.0,11.0,-5.0,2026.405798107872
280,26.75,68.5,4.75,14.0,16.25,11.5,11.25,10.25,16.25,25.25,60.0,3.25,12.0,12.25,11.75,18.5,7.0,21.0,10.75,21.857142857142858,54.285714285714285,4.0,14.571428571428571,15.142857142857142,13.714285714285714,17.285714285714285,8.285714285714286,17.428571428571427,19.0,56.285714285714285,3.7142857142857144,15.857142857142858,11.428571428571429,8.857142857142858,13.428571428571429,8.714285714285714,18.142857142857142,9.142857142857142,0.5,1.0,4.0,13.0,-9.0,1996.2323574824015
281,21.5,50.333333333333336,5.5,15.833333333333334,7.333333333333333,10.5,11.833333333333334,4.833333333333333,13.666666666666666,17.166666666666668,55.166666666666664,4.0,16.166666666666668,10.833333333333334,9.666666666666666,12.5,5.166666666666667,17.333333333333332,14.833333333333334,24.833333333333332,54.833333333333336,10.333333333333334,24.166666666666668,11.166666666666666,16.0,15.666666666666666,8.333333333333334,15.333333333333334,21.666666666666668,57.666666666666664,2.5,13.166666666666666,13.666666666666666,9.833333333333334,17.0,7.5,17.166666666666668,18.333333333333332,0.6666666666666666,1.0,5.0,12.0,-7.0,1898.6133639905247
282,20.333333333333332,52.166666666666664,2.0,7.166666666666667,13.0,9.166666666666666,14.0,7.666666666666667,14.5,20.166666666666668,55.333333333333336,5.5,19.0,13.0,12.833333333333334,15.666666666666666,6.5,19.166666666666668,2.5,22.285714285714285,53.142857142857146,7.142857142857143,20.857142857142858,7.571428571428571,14.0,12.142857142857142,6.142857142857143,13.142857142857142,17.714285714285715,54.142857142857146,2.4285714285714284,13.714285714285714,11.428571428571429,8.857142857142858,13.428571428571429,5.857142857142857,12.857142857142858,11.0,0.6666666666666666,0.75,3.0,14.0,-11.0,2015.099728628196
283,22.0,51.6,5.0,16.6,11.0,10.0,17.8,5.6,18.8,21.6,54.2,3.2,13.4,14.6,8.6,16.4,7.6,16.8,1.2,24.666666666666668,58.5,7.666666666666667,21.666666666666668,14.833333333333334,12.5,15.666666666666666,7.666666666666667,12.833333333333334,22.833333333333332,57.833333333333336,3.8333333333333335,17.5,14.666666666666666,9.333333333333334,18.166666666666668,6.333333333333333,17.0,11.666666666666666,0.5,0.6666666666666666,7.0,10.0,-3.0,1950.9338357989848
284,24.857142857142858,54.285714285714285,6.285714285714286,17.857142857142858,11.571428571428571,15.714285714285714,15.285714285714286,8.142857142857142,14.285714285714286,17.142857142857142,56.42857142857143,3.2857142857142856,14.0,13.714285714285714,8.0,15.714285714285714,7.0,14.714285714285714,18.571428571428573,22.428571428571427,56.857142857142854,5.142857142857143,18.714285714285715,9.571428571428571,13.857142857142858,13.142857142857142,6.714285714285714,15.142857142857142,22.857142857142858,54.142857142857146,4.428571428571429,15.428571428571429,9.714285714285714,13.142857142857142,14.0,5.857142857142857,12.857142857142858,-3.4285714285714284,0.75,0.25,1.0,8.0,-7.0,2442.744241829261
285,27.75,64.5,4.5,14.0,13.75,15.75,11.0,11.25,14.5,22.75,55.75,7.25,18.5,10.5,13.0,18.0,5.5,15.75,9.0,25.75,64.25,7.0,20.75,15.25,13.0,14.25,9.0,16.5,24.75,54.5,2.5,9.25,10.5,13.0,19.5,6.5,17.25,9.0,0.5,0.0,11.0,3.0,8.0,2001.6612728381465
286,22.6,60.6,5.6,16.8,14.4,7.8,15.8,10.4,18.6,21.0,49.6,1.4,7.8,11.6,10.0,24.8,5.8,19.6,8.2,27.571428571428573,56.57142857142857,6.285714285714286,19.857142857142858,11.0,18.142857142857142,14.142857142857142,11.428571428571429,15.714285714285714,19.0,51.142857142857146,5.714285714285714,15.857142857142858,12.0,10.142857142857142,21.285714285714285,6.285714285714286,17.0,20.142857142857142,0.5,1.0,2.0,7.0,-5.0,2057.146224963581
287,25.333333333333332,57.333333333333336,5.0,11.0,17.333333333333332,13.833333333333334,18.666666666666668,5.5,16.166666666666668,21.5,62.666666666666664,3.8333333333333335,13.333333333333334,14.833333333333334,9.666666666666666,12.666666666666666,9.5,18.166666666666668,11.166666666666666,21.2,55.4,5.6,18.4,15.6,11.0,17.8,8.0,13.8,21.8,57.6,5.4,18.4,12.2,9.8,16.0,6.4,17.2,3.2,1.0,0.6666666666666666,2.0,7.0,-5.0,2117.057098732739
288,22.0,53.5,3.1666666666666665,13.333333333333334,13.5,7.666666666666667,14.333333333333334,4.833333333333333,14.666666666666666,19.5,54.166666666666664,2.1666666666666665,10.166666666666666,14.666666666666666,5.5,14.5,6.0,15.0,4.0,24.666666666666668,60.0,5.0,14.666666666666666,14.0,14.0,15.166666666666666,7.0,19.333333333333332,21.666666666666668,60.166666666666664,3.5,16.0,14.5,11.166666666666666,14.166666666666666,7.166666666666667,16.333333333333332,7.166666666666667,0.6666666666666666,1.0,5.0,4.0,1.0,1948.6361468658515
289,25.375,58.25,4.75,16.625,13.375,14.125,13.125,6.375,14.625,18.75,59.0,3.25,12.625,14.75,7.875,15.125,6.875,17.375,22.0,18.714285714285715,52.857142857142854,3.2857142857142856,13.857142857142858,15.142857142857142,11.571428571428571,17.428571428571427,7.857142857142857,17.428571428571427,19.714285714285715,55.57142857142857,4.142857142857143,13.142857142857142,13.0,10.0,14.428571428571429,8.142857142857142,18.857142857142858,-1.0,1.0,0.75,1.0,8.0,-7.0,2386.2743683473127
290,25.0,53.666666666666664,4.833333333333333,14.0,13.5,12.666666666666666,15.166666666666666,5.833333333333333,13.666666666666666,22.0,56.0,6.0,19.5,11.833333333333334,10.333333333333334,14.5,5.0,17.5,10.666666666666666,26.333333333333332,57.5,6.333333333333333,21.0,9.666666666666666,16.833333333333332,16.833333333333332,7.166666666666667,15.0,24.166666666666668,61.666666666666664,5.333333333333333,15.5,14.833333333333334,14.166666666666666,14.166666666666666,9.666666666666666,11.833333333333334,1.0,1.0,0.6666666666666666,2.0,7.0,-5.0,2206.570176533021
291,24.625,59.75,3.625,9.875,14.0,12.625,12.75,6.125,18.625,22.0,54.125,4.75,13.25,12.5,12.625,16.625,6.75,18.75,2.0,22.666666666666668,53.833333333333336,5.666666666666667,18.666666666666668,12.666666666666666,12.833333333333334,13.333333333333334,7.166666666666667,15.333333333333334,18.833333333333332,49.333333333333336,2.1666666666666665,12.666666666666666,13.333333333333334,8.0,17.333333333333332,4.5,14.666666666666666,11.0,0.4,0.6666666666666666,3.0,6.0,-3.0,2149.425973546447
292,27.25,55.0,2.75,8.75,12.0,17.75,13.75,8.75,12.625,20.125,60.75,5.5,17.25,14.0,11.125,15.375,5.5,18.25,19.5,24.2,61.2,5.2,20.8,15.4,15.0,17.8,6.4,16.6,22.0,61.2,4.8,14.0,12.4,10.2,16.0,8.6,16.2,5.6,1.0,0.5,1.0,9.0,-8.0,2384.264369020177
293,28.0,60.25,3.5,11.75,15.0,14.25,17.75,12.5,18.0,23.25,62.5,5.75,17.5,18.75,13.5,19.5,7.5,17.75,3.0,22.0,51.6,5.0,16.6,11.0,10.0,17.8,5.6,18.8,21.6,54.2,3.2,13.4,14.6,8.6,16.4,7.6,16.8,1.2,0.0,0.5,2.0,7.0,-5.0,2227.5016309273883
294,25.666666666666668,54.166666666666664,5.833333333333333,12.333333333333334,12.666666666666666,14.166666666666666,15.666666666666666,8.833333333333334,17.166666666666668,21.5,53.333333333333336,2.8333333333333335,10.0,11.5,12.833333333333334,15.833333333333334,7.5,16.833333333333332,13.833333333333334,16.75,60.75,3.25,13.75,16.5,10.75,15.25,10.75,19.75,14.5,50.25,4.75,19.5,13.75,10.25,21.0,8.75,17.5,3.5,0.6666666666666666,0.0,4.0,5.0,-1.0,2019.388584098365
295,24.333333333333332,59.5,5.5,15.333333333333334,13.666666666666666,12.666666666666666,12.666666666666666,4.333333333333333,17.0,26.833333333333332,55.666666666666664,4.333333333333333,9.833333333333334,11.5,13.166666666666666,11.666666666666666,6.0,13.333333333333334,-7.166666666666667,26.857142857142858,58.285714285714285,4.285714285714286,12.285714285714286,14.428571428571429,14.285714285714286,12.142857142857142,5.142857142857143,12.428571428571429,19.0,56.42857142857143,5.0,18.714285714285715,10.714285714285714,9.857142857142858,12.0,5.571428571428571,14.714285714285714,18.0,0.3333333333333333,1.0,11.0,3.0,8.0,1898.800911533917
296,24.166666666666668,57.833333333333336,5.833333333333333,15.333333333333334,13.666666666666666,12.333333333333334,15.166666666666666,10.0,13.5,22.666666666666668,56.333333333333336,3.5,14.166666666666666,12.333333333333334,11.0,18.833333333333332,8.666666666666666,15.666666666666666,12.5,23.857142857142858,59.142857142857146,2.7142857142857144,8.428571428571429,16.0,10.285714285714286,15.142857142857142,7.571428571428571,14.428571428571429,22.571428571428573,57.57142857142857,4.857142857142857,16.571428571428573,10.428571428571429,10.285714285714286,15.0,7.0,17.857142857142858,3.7142857142857144,0.75,0.5,1.0,8.0,-7.0,2283.5130295795207
297,26.75,68.5,4.75,14.0,16.25,11.5,11.25,10.25,16.25,25.25,60.0,3.25,12.0,12.25,11.75,18.5,7.0,21.0,10.75,18.833333333333332,42.0,2.5,8.833333333333334,8.833333333333334,10.666666666666666,20.333333333333332,5.333333333333333,15.333333333333334,20.166666666666668,54.666666666666664,5.833333333333333,20.0,11.333333333333334,9.166666666666666,13.833333333333334,10.333333333333334,20.166666666666668,0.5,0.5,0.6666666666666666,4.0,5.0,-1.0,2002.707456573724
298,21.5,50.333333333333336,5.5,15.833333333333334,7.333333333333333,10.5,11.833333333333334,4.833333333333333,13.666666666666666,17.166666666666668,55.166666666666664,4.0,16.166666666666668,10.833333333333334,9.666666666666666,12.5,5.166666666666667,17.333333333333332,14.833333333333334,24.0,57.0,8.0,22.333333333333332,10.333333333333334,17.333333333333332,13.0,10.333333333333334,12.833333333333334,20.166666666666668,61.166666666666664,5.666666666666667,17.833333333333332,13.666666666666666,11.166666666666666,15.666666666666666,7.0,16.833333333333332,14.666666666666666,0.6666666666666666,1.0,5.0,13.0,-8.0,1908.9447524640889
299,20.333333333333332,52.166666666666664,2.0,7.166666666666667,13.0,9.166666666666666,14.0,7.666666666666667,14.5,20.166666666666668,55.333333333333336,5.5,19.0,13.0,12.833333333333334,15.666666666666666,6.5,19.166666666666668,2.5,23.0,56.42857142857143,5.0,15.571428571428571,11.714285714285714,12.571428571428571,15.714285714285714,4.714285714285714,20.571428571428573,23.285714285714285,59.285714285714285,6.285714285714286,16.571428571428573,13.0,13.571428571428571,13.142857142857142,7.0,19.571428571428573,-3.0,0.6666666666666666,0.5,3.0,6.0,-3.0,2020.174336042132
300,27.25,55.0,2.75,8.75,12.0,17.75,13.75,8.75,12.625,20.125,60.75,5.5,17.25,14.0,11.125,15.375,5.5,18.25,19.5,25.666666666666668,54.166666666666664,5.833333333333333,12.333333333333334,12.666666666666666,14.166666666666666,15.666666666666666,8.833333333333334,17.166666666666668,21.5,53.333333333333336,2.8333333333333335,10.0,11.5,12.833333333333334,15.833333333333334,7.5,16.833333333333332,13.833333333333334,1.0,0.6666666666666666,1.0,4.0,-3.0,2386.038094660706
301,28.0,60.25,3.5,11.75,15.0,14.25,17.75,12.5,18.0,23.25,62.5,5.75,17.5,18.75,13.5,19.5,7.5,17.75,3.0,20.333333333333332,52.166666666666664,2.0,7.166666666666667,13.0,9.166666666666666,14.0,7.666666666666667,14.5,20.166666666666668,55.333333333333336,5.5,19.0,13.0,12.833333333333334,15.666666666666666,6.5,19.166666666666668,2.5,0.0,0.6666666666666666,2.0,3.0,-1.0,2233.265118501405
302,25.375,58.25,4.75,16.625,13.375,14.125,13.125,6.375,14.625,18.75,59.0,3.25,12.625,14.75,7.875,15.125,6.875,17.375,22.0,22.0,53.5,3.1666666666666665,13.333333333333334,13.5,7.666666666666667,14.333333333333334,4.833333333333333,14.666666666666666,19.5,54.166666666666664,2.1666666666666665,10.166666666666666,14.666666666666666,5.5,14.5,6.0,15.0,4.0,1.0,0.6666666666666666,1.0,5.0,-4.0,2389.166118214806
303,25.0,53.666666666666664,4.833333333333333,14.0,13.5,12.666666666666666,15.166666666666666,5.833333333333333,13.666666666666666,22.0,56.0,6.0,19.5,11.833333333333334,10.333333333333334,14.5,5.0,17.5,10.666666666666666,24.333333333333332,59.5,5.5,15.333333333333334,13.666666666666666,12.666666666666666,12.666666666666666,4.333333333333333,17.0,26.833333333333332,55.666666666666664,4.333333333333333,9.833333333333334,11.5,13.166666666666666,11.666666666666666,6.0,13.333333333333334,-7.166666666666667,1.0,0.3333333333333333,2.0,11.0,-9.0,2213.8063848763923
304,24.857142857142858,54.285714285714285,6.285714285714286,17.857142857142858,11.571428571428571,15.714285714285714,15.285714285714286,8.142857142857142,14.285714285714286,17.142857142857142,56.42857142857143,3.2857142857142856,14.0,13.714285714285714,8.0,15.714285714285714,7.0,14.714285714285714,18.571428571428573,26.75,68.5,4.75,14.0,16.25,11.5,11.25,10.25,16.25,25.25,60.0,3.25,12.0,12.25,11.75,18.5,7.0,21.0,10.75,0.75,0.5,1.0,4.0,-3.0,2444.443828220936
305,22.6,60.6,5.6,16.8,14.4,7.8,15.8,10.4,18.6,21.0,49.6,1.4,7.8,11.6,10.0,24.8,5.8,19.6,8.2,27.75,64.5,4.5,14.0,13.75,15.75,11.0,11.25,14.5,22.75,55.75,7.25,18.5,10.5,13.0,18.0,5.5,15.75,9.0,0.5,0.5,2.0,11.0,-9.0,2071.9937970796896
306,25.333333333333332,57.333333333333336,5.0,11.0,17.333333333333332,13.833333333333334,18.666666666666668,5.5,16.166666666666668,21.5,62.666666666666664,3.8333333333333335,13.333333333333334,14.833333333333334,9.666666666666666,12.666666666666666,9.5,18.166666666666668,11.166666666666666,24.625,59.75,3.625,9.875,14.0,12.625,12.75,6.125,18.625,22.0,54.125,4.75,13.25,12.5,12.625,16.625,6.75,18.75,2.0,1.0,0.4,2.0,3.0,-1.0,2126.90286620304
307,24.166666666666668,57.833333333333336,5.833333333333333,15.333333333333334,13.666666666666666,12.333333333333334,15.166666666666666,10.0,13.5,22.666666666666668,56.333333333333336,3.5,14.166666666666666,12.333333333333334,11.0,18.833333333333332,8.666666666666666,15.666666666666666,12.5,21.5,50.333333333333336,5.5,15.833333333333334,7.333333333333333,10.5,11.833333333333334,4.833333333333333,13.666666666666666,17.166666666666668,55.166666666666664,4.0,16.166666666666668,10.833333333333334,9.666666666666666,12.5,5.166666666666667,17.333333333333332,14.833333333333334,0.75,0.6666666666666666,1.0,5.0,-4.0,2287.324824752804
308,27.25,55.0,2.75,8.75,12.0,17.75,13.75,8.75,12.625,20.125,60.75,5.5,17.25,14.0,11.125,15.375,5.5,18.25,19.5,25.0,53.666666666666664,4.833333333333333,14.0,13.5,12.666666666666666,15.166666666666666,5.833333333333333,13.666666666666666,22.0,56.0,6.0,19.5,11.833333333333334,10.333333333333334,14.5,5.0,17.5,10.666666666666666,1.0,1.0,1.0,2.0,-1.0,2389.7702118591374
309,25.375,58.25,4.75,16.625,13.375,14.125,13.125,6.375,14.625,18.75,59.0,3.25,12.625,14.75,7.875,15.125,6.875,17.375,22.0,28.0,60.25,3.5,11.75,15.0,14.25,17.75,12.5,18.0,23.25,62.5,5.75,17.5,18.75,13.5,19.5,7.5,17.75,3.0,1.0,0.0,1.0,2.0,-1.0,2391.745639827676
310,24.857142857142858,54.285714285714285,6.285714285714286,17.857142857142858,11.571428571428571,15.714285714285714,15.285714285714286,8.142857142857142,14.285714285714286,17.142857142857142,56.42857142857143,3.2857142857142856,14.0,13.714285714285714,8.0,15.714285714285714,7.0,14.714285714285714,18.571428571428573,22.6,60.6,5.6,16.8,14.4,7.8,15.8,10.4,18.6,21.0,49.6,1.4,7.8,11.6,10.0,24.8,5.8,19.6,8.2,0.75,0.5,1.0,2.0,-1.0,2446.9679522061606
311,24.166666666666668,57.833333333333336,5.833333333333333,15.333333333333334,13.666666666666666,12.333333333333334,15.166666666666666,10.0,13.5,22.666666666666668,56.333333333333336,3.5,14.166666666666666,12.333333333333334,11.0,18.833333333333332,8.666666666666666,15.666666666666666,12.5,25.333333333333332,57.333333333333336,5.0,11.0,17.333333333333332,13.833333333333334,18.666666666666668,5.5,16.166666666666668,21.5,62.666666666666664,3.8333333333333335,13.333333333333334,14.833333333333334,9.666666666666666,12.666666666666666,9.5,18.166666666666668,11.166666666666666,0.75,1.0,1.0,2.0,-1.0,2290.8048367005736
312,27.25,55.0,2.75,8.75,12.0,17.75,13.75,8.75,12.625,20.125,60.75,5.5,17.25,14.0,11.125,15.375,5.5,18.25,19.5,25.375,58.25,4.75,16.625,13.375,14.125,13.125,6.375,14.625,18.75,59.0,3.25,12.625,14.75,7.875,15.125,6.875,17.375,22.0,1.0,1.0,1.0,1.0,0.0,2398.471152793389
313,24.166666666666668,57.833333333333336,5.833333333333333,15.333333333333334,13.666666666666666,12.333333333333334,15.166666666666666,10.0,13.5,22.666666666666668,56.333333333333336,3.5,14.166666666666666,12.333333333333334,11.0,18.833333333333332,8.666666666666666,15.666666666666666,12.5,24.857142857142858,54.285714285714285,6.285714285714286,17.857142857142858,11.571428571428571,15.714285714285714,15.285714285714286,8.142857142857142,14.285714285714286,17.142857142857142,56.42857142857143,3.2857142857142856,14.0,13.714285714285714,8.0,15.714285714285714,7.0,14.714285714285714,18.571428571428573,0.75,0.75,1.0,1.0,0.0,2300.429343918164
314,27.25,55.0,2.75,8.75,12.0,17.75,13.75,8.75,12.625,20.125,60.75,5.5,17.25,14.0,11.125,15.375,5.5,18.25,19.5,24.166666666666668,57.833333333333336,5.833333333333333,15.333333333333334,13.666666666666666,12.333333333333334,15.166666666666666,10.0,13.5,22.666666666666668,56.333333333333336,3.5,14.166666666666666,12.333333333333334,11.0,18.833333333333332,8.666666666666666,15.666666666666666,12.5,1.0,0.75,1.0,1.0,0.0,2414.597349409736
315,26.333333333333332,66.0,6.5,18.166666666666668,15.0,14.666666666666666,13.333333333333334,7.5,16.833333333333332,21.5,57.166666666666664,2.5,10.5,13.5,12.666666666666666,18.833333333333332,5.666666666666667,16.0,12.666666666666666,22.666666666666668,53.833333333333336,5.666666666666667,18.666666666666668,12.666666666666666,12.833333333333334,13.333333333333334,7.166666666666667,15.333333333333334,18.833333333333332,49.333333333333336,2.1666666666666665,12.666666666666666,13.333333333333334,8.0,17.333333333333332,4.5,14.666666666666666,11.0,1.0,0.6666666666666666,11.0,6.0,5.0,1913.6928428240624
316,21.75,52.125,4.5,13.0,10.875,10.25,14.375,8.0,15.375,19.0,54.25,4.125,14.75,13.0,11.875,17.125,6.375,17.375,9.0,24.857142857142858,54.285714285714285,6.285714285714286,17.857142857142858,11.571428571428571,15.714285714285714,15.285714285714286,8.142857142857142,14.285714285714286,17.142857142857142,56.42857142857143,3.2857142857142856,14.0,13.714285714285714,8.0,15.714285714285714,7.0,14.714285714285714,18.571428571428573,1.0,0.75,16.0,1.0,15.0,1375.6081670556032
317,25.4,57.8,7.6,19.4,12.8,20.0,15.0,5.6,14.0,21.2,60.0,5.0,15.2,12.8,10.8,12.2,8.0,14.2,10.8,26.333333333333332,57.5,6.333333333333333,21.0,9.666666666666666,16.833333333333332,16.833333333333332,7.166666666666667,15.0,24.166666666666668,61.666666666666664,5.333333333333333,15.5,14.833333333333334,14.166666666666666,14.166666666666666,9.666666666666666,11.833333333333334,1.0,1.0,0.6666666666666666,10.0,7.0,3.0,1874.764113001541
318,20.0,52.833333333333336,2.8333333333333335,10.5,11.833333333333334,11.666666666666666,14.166666666666666,9.5,16.166666666666668,17.0,50.166666666666664,5.0,18.666666666666668,10.166666666666666,11.5,18.0,6.0,18.333333333333332,9.666666666666666,27.75,64.5,4.5,14.0,13.75,15.75,11.0,11.25,14.5,22.75,55.75,7.25,18.5,10.5,13.0,18.0,5.5,15.75,9.0,0.6666666666666666,0.5,6.0,11.0,-5.0,1983.1430051951363
319,30.666666666666668,62.5,5.666666666666667,13.5,15.166666666666666,15.5,15.0,11.833333333333334,15.5,17.666666666666668,49.833333333333336,3.6666666666666665,11.333333333333334,8.333333333333334,9.333333333333334,19.833333333333332,7.0,14.5,29.166666666666668,22.428571428571427,56.857142857142854,5.142857142857143,18.714285714285715,9.571428571428571,13.857142857142858,13.142857142857142,6.714285714285714,15.142857142857142,22.857142857142858,54.142857142857146,4.428571428571429,15.428571428571429,9.714285714285714,13.142857142857142,14.0,5.857142857142857,12.857142857142858,-3.4285714285714284,1.0,0.25,9.0,8.0,1.0,1775.9685200367628
320,23.75,58.375,5.375,16.625,16.625,11.375,14.0,8.25,15.25,18.5,53.125,4.25,17.25,11.375,9.5,17.0,7.125,19.625,16.25,22.6,60.6,5.6,16.8,14.4,7.8,15.8,10.4,18.6,21.0,49.6,1.4,7.8,11.6,10.0,24.8,5.8,19.6,8.2,1.0,0.5,15.0,2.0,13.0,1556.91231745915
321,26.4,59.8,6.6,17.4,14.8,16.6,12.2,8.0,16.4,20.2,54.6,5.0,14.2,12.2,10.0,16.2,6.8,17.6,14.8,21.2,55.4,5.6,18.4,15.6,11.0,17.8,8.0,13.8,21.8,57.6,5.4,18.4,12.2,9.8,16.0,6.4,17.2,3.2,0.5,0.6666666666666666,10.0,7.0,3.0,1936.088623114693
322,21.833333333333332,53.166666666666664,6.333333333333333,19.0,11.333333333333334,12.0,13.5,8.166666666666666,12.666666666666666,21.0,56.166666666666664,4.666666666666667,18.166666666666668,12.5,13.833333333333334,13.833333333333334,5.833333333333333,11.5,4.0,25.333333333333332,57.333333333333336,5.0,11.0,17.333333333333332,13.833333333333334,18.666666666666668,5.5,16.166666666666668,21.5,62.666666666666664,3.8333333333333335,13.333333333333334,14.833333333333334,9.666666666666666,12.666666666666666,9.5,18.166666666666668,11.166666666666666,1.0,1.0,15.0,2.0,13.0,1421.9425272665296
323,21.833333333333332,53.833333333333336,6.166666666666667,15.833333333333334,11.666666666666666,13.0,17.333333333333332,7.5,15.0,19.333333333333332,55.0,6.0,18.333333333333332,10.833333333333334,10.5,15.833333333333334,9.666666666666666,16.666666666666668,6.333333333333333,25.75,64.25,7.0,20.75,15.25,13.0,14.25,9.0,16.5,24.75,54.5,2.5,9.25,10.5,13.0,19.5,6.5,17.25,9.0,1.0,0.0,14.0,3.0,11.0,1601.6215806798284
324,29.5,60.333333333333336,10.0,23.833333333333332,10.833333333333334,19.666666666666668,14.333333333333334,7.166666666666667,13.833333333333334,22.333333333333332,61.5,4.333333333333333,17.0,8.833333333333334,9.0,13.5,7.833333333333333,17.666666666666668,24.333333333333332,24.666666666666668,60.0,5.0,14.666666666666666,14.0,14.0,15.166666666666666,7.0,19.333333333333332,21.666666666666668,60.166666666666664,3.5,16.0,14.5,11.166666666666666,14.166666666666666,7.166666666666667,16.333333333333332,7.166666666666667,1.0,1.0,13.0,4.0,9.0,1705.5131987556451
325,24.0,60.5,2.3333333333333335,9.0,14.166666666666666,13.0,13.666666666666666,11.333333333333334,15.333333333333334,20.166666666666668,51.666666666666664,4.666666666666667,16.666666666666668,12.166666666666666,14.0,22.0,6.5,15.166666666666666,10.0,22.0,53.5,3.1666666666666665,13.333333333333334,13.5,7.666666666666667,14.333333333333334,4.833333333333333,14.666666666666666,19.5,54.166666666666664,2.1666666666666665,10.166666666666666,14.666666666666666,5.5,14.5,6.0,15.0,4.0,0.6666666666666666,0.6666666666666666,12.0,5.0,7.0,1694.4653656357336
326,21.714285714285715,60.57142857142857,4.571428571428571,17.0,18.714285714285715,10.142857142857142,14.571428571428571,9.857142857142858,16.285714285714285,13.285714285714286,49.0,2.0,10.571428571428571,11.714285714285714,6.142857142857143,20.0,6.428571428571429,17.428571428571427,20.285714285714285,25.375,58.25,4.75,16.625,13.375,14.125,13.125,6.375,14.625,18.75,59.0,3.25,12.625,14.75,7.875,15.125,6.875,17.375,22.0,1.0,1.0,16.0,1.0,15.0,1682.1294166107514
327,30.2,62.8,13.0,26.0,9.8,19.6,10.4,9.0,12.4,24.2,62.2,4.8,18.4,9.4,12.0,14.0,4.2,13.0,26.8,25.0,53.666666666666664,4.833333333333333,14.0,13.5,12.666666666666666,15.166666666666666,5.833333333333333,13.666666666666666,22.0,56.0,6.0,19.5,11.833333333333334,10.333333333333334,14.5,5.0,17.5,10.666666666666666,1.0,1.0,15.0,2.0,13.0,1545.8524698653562
328,20.25,58.25,5.5,15.75,15.25,12.5,15.0,13.75,12.5,17.25,55.5,4.75,17.5,14.0,10.25,22.75,5.75,16.5,15.0,24.625,59.75,3.625,9.875,14.0,12.625,12.75,6.125,18.625,22.0,54.125,4.75,13.25,12.5,12.625,16.625,6.75,18.75,2.0,1.0,0.4,14.0,3.0,11.0,1539.8452396925034
329,24.666666666666668,66.5,6.0,15.166666666666666,15.166666666666666,13.333333333333334,14.833333333333334,9.333333333333334,17.833333333333332,24.666666666666668,61.0,5.5,17.5,14.5,12.333333333333334,17.333333333333332,7.333333333333333,16.166666666666668,-1.8333333333333333,18.714285714285715,52.857142857142854,3.2857142857142856,13.857142857142858,15.142857142857142,11.571428571428571,17.428571428571427,7.857142857142857,17.428571428571427,19.714285714285715,55.57142857142857,4.142857142857143,13.142857142857142,13.0,10.0,14.428571428571429,8.142857142857142,18.857142857142858,-1.0,0.6666666666666666,0.75,9.0,8.0,1.0,1936.03055854236
330,19.5,52.166666666666664,8.0,24.0,11.0,12.833333333333334,13.5,4.166666666666667,14.666666666666666,22.666666666666668,53.166666666666664,4.666666666666667,14.5,8.666666666666666,14.0,11.833333333333334,7.666666666666667,17.833333333333332,0.16666666666666666,27.571428571428573,56.57142857142857,6.285714285714286,19.857142857142858,11.0,18.142857142857142,14.142857142857142,11.428571428571429,15.714285714285714,19.0,51.142857142857146,5.714285714285714,15.857142857142858,12.0,10.142857142857142,21.285714285714285,6.285714285714286,17.0,20.142857142857142,0.3333333333333333,1.0,10.0,7.0,3.0,1947.631032212065
331,22.875,50.75,4.875,13.125,11.375,13.5,16.25,3.875,15.625,18.625,50.375,4.75,15.625,9.375,10.0,12.375,5.625,15.375,5.375,27.25,55.0,2.75,8.75,12.0,17.75,13.75,8.75,12.625,20.125,60.75,5.5,17.25,14.0,11.125,15.375,5.5,18.25,19.5,0.8,1.0,16.0,1.0,15.0,1503.4616761303855
332,26.0,62.333333333333336,9.333333333333334,26.333333333333332,13.0,19.666666666666668,12.666666666666666,8.0,14.0,27.0,64.66666666666667,7.333333333333333,20.333333333333332,14.666666666666666,16.666666666666668,14.333333333333334,8.333333333333334,15.666666666666666,1.0,23.857142857142858,59.142857142857146,2.7142857142857144,8.428571428571429,16.0,10.285714285714286,15.142857142857142,7.571428571428571,14.428571428571429,22.571428571428573,57.57142857142857,4.857142857142857,16.571428571428573,10.428571428571429,10.285714285714286,15.0,7.0,17.857142857142858,3.7142857142857144,0.0,0.5,9.0,8.0,1.0,1922.853222873235
333,24.666666666666668,58.166666666666664,3.3333333333333335,12.5,14.166666666666666,12.5,13.5,5.333333333333333,14.0,18.166666666666668,52.0,4.0,14.0,10.0,7.833333333333333,16.333333333333332,3.0,13.5,12.0,26.857142857142858,58.285714285714285,4.285714285714286,12.285714285714286,14.428571428571429,14.285714285714286,12.142857142857142,5.142857142857143,12.428571428571429,19.0,56.42857142857143,5.0,18.714285714285715,10.714285714285714,9.857142857142858,12.0,5.571428571428571,14.714285714285714,18.0,1.0,1.0,14.0,3.0,11.0,1715.5507048284085
334,19.0,51.125,6.625,20.375,7.5,11.375,15.875,9.0,14.75,16.75,53.375,3.0,13.625,12.5,8.375,17.375,8.0,15.125,5.0,28.0,60.25,3.5,11.75,15.0,14.25,17.75,12.5,18.0,23.25,62.5,5.75,17.5,18.75,13.5,19.5,7.5,17.75,3.0,0.75,0.0,15.0,2.0,13.0,1615.6512674769715
335,23.5,61.25,4.25,18.25,13.75,11.5,13.25,7.25,20.25,24.0,64.0,4.0,12.75,19.25,10.0,15.5,5.75,17.5,-5.5,24.2,61.2,5.2,20.8,15.4,15.0,17.8,6.4,16.6,22.0,61.2,4.8,14.0,12.4,10.2,16.0,8.6,16.2,5.6,0.0,0.5,8.0,9.0,-1.0,2034.6304891300804
336,27.875,67.5,10.625,34.625,14.0,16.375,12.25,13.125,15.625,20.625,54.0,3.375,12.375,11.125,10.0,21.375,5.375,12.5,18.5,16.75,60.75,3.25,13.75,16.5,10.75,15.25,10.75,19.75,14.5,50.25,4.75,19.5,13.75,10.25,21.0,8.75,17.5,3.5,1.0,0.0,12.0,5.0,7.0,1840.719854289033
337,23.428571428571427,61.285714285714285,5.0,17.428571428571427,13.571428571428571,13.571428571428571,13.714285714285714,11.142857142857142,13.857142857142858,22.142857142857142,59.285714285714285,5.714285714285714,18.428571428571427,14.285714285714286,10.714285714285714,17.857142857142858,6.142857142857143,14.285714285714286,3.7142857142857144,25.666666666666668,54.166666666666664,5.833333333333333,12.333333333333334,12.666666666666666,14.166666666666666,15.666666666666666,8.833333333333334,17.166666666666668,21.5,53.333333333333336,2.8333333333333335,10.0,11.5,12.833333333333334,15.833333333333334,7.5,16.833333333333332,13.833333333333334,1.0,0.6666666666666666,13.0,4.0,9.0,1570.7540798225782
338,23.857142857142858,58.57142857142857,6.142857142857143,19.0,14.0,12.142857142857142,15.0,7.285714285714286,15.428571428571429,23.285714285714285,57.42857142857143,5.285714285714286,17.571428571428573,11.857142857142858,12.571428571428571,16.428571428571427,7.428571428571429,19.714285714285715,8.285714285714286,24.333333333333332,59.5,5.5,15.333333333333334,13.666666666666666,12.666666666666666,12.666666666666666,4.333333333333333,17.0,26.833333333333332,55.666666666666664,4.333333333333333,9.833333333333334,11.5,13.166666666666666,11.666666666666666,6.0,13.333333333333334,-7.166666666666667,0.75,0.3333333333333333,6.0,11.0,-5.0,1916.5667027584964
339,23.857142857142858,55.42857142857143,2.857142857142857,11.857142857142858,12.571428571428571,11.0,13.285714285714286,9.0,18.571428571428573,17.857142857142858,48.42857142857143,2.4285714285714284,10.142857142857142,10.142857142857142,10.285714285714286,16.857142857142858,4.571428571428571,16.571428571428573,11.714285714285714,18.833333333333332,42.0,2.5,8.833333333333334,8.833333333333334,10.666666666666666,20.333333333333332,5.333333333333333,15.333333333333334,20.166666666666668,54.666666666666664,5.833333333333333,20.0,11.333333333333334,9.166666666666666,13.833333333333334,10.333333333333334,20.166666666666668,0.5,1.0,0.6666666666666666,12.0,5.0,7.0,1733.5864824063915
340,24.0,54.5,4.75,15.25,12.25,11.5,12.75,10.75,16.5,19.5,53.5,4.0,15.25,13.75,9.5,16.0,4.5,15.0,10.75,24.0,57.0,8.0,22.333333333333332,10.333333333333334,17.333333333333332,13.0,10.333333333333334,12.833333333333334,20.166666666666668,61.166666666666664,5.666666666666667,17.833333333333332,13.666666666666666,11.166666666666666,15.666666666666666,7.0,16.833333333333332,14.666666666666666,0.0,1.0,4.0,13.0,-9.0,1978.9541608870584
341,25.625,58.375,4.625,13.25,20.75,13.25,17.5,6.75,13.625,20.5,58.375,7.875,22.75,12.875,10.75,14.0,8.625,19.125,15.125,24.166666666666668,57.833333333333336,5.833333333333333,15.333333333333334,13.666666666666666,12.333333333333334,15.166666666666666,10.0,13.5,22.666666666666668,56.333333333333336,3.5,14.166666666666666,12.333333333333334,11.0,18.833333333333332,8.666666666666666,15.666666666666666,12.5,1.0,0.75,16.0,1.0,15.0,1623.4156240276147
342,23.0,56.0,6.75,20.5,11.75,13.0,13.25,8.75,13.5,22.0,57.0,6.0,19.0,15.25,13.5,15.25,6.5,14.75,2.25,23.0,56.42857142857143,5.0,15.571428571428571,11.714285714285714,12.571428571428571,15.714285714285714,4.714285714285714,20.571428571428573,23.285714285714285,59.285714285714285,6.285714285714286,16.571428571428573,13.0,13.571428571428571,13.142857142857142,7.0,19.571428571428573,-3.0,1.0,0.5,11.0,6.0,5.0,1844.297155383061
343,21.857142857142858,54.285714285714285,4.0,14.571428571428571,15.142857142857142,13.714285714285714,17.285714285714285,8.285714285714286,17.428571428571427,19.0,56.285714285714285,3.7142857142857144,15.857142857142858,11.428571428571429,8.857142857142858,13.428571428571429,8.714285714285714,18.142857142857142,9.142857142857142,26.75,68.5,4.75,14.0,16.25,11.5,11.25,10.25,16.25,25.25,60.0,3.25,12.0,12.25,11.75,18.5,7.0,21.0,10.75,1.0,0.5,13.0,4.0,9.0,1757.9452991772062
344,24.833333333333332,54.833333333333336,10.333333333333334,24.166666666666668,11.166666666666666,16.0,15.666666666666666,8.333333333333334,15.333333333333334,21.666666666666668,57.666666666666664,2.5,13.166666666666666,13.666666666666666,9.833333333333334,17.0,7.5,17.166666666666668,18.333333333333332,21.5,50.333333333333336,5.5,15.833333333333334,7.333333333333333,10.5,11.833333333333334,4.833333333333333,13.666666666666666,17.166666666666668,55.166666666666664,4.0,16.166666666666668,10.833333333333334,9.666666666666666,12.5,5.166666666666667,17.333333333333332,14.833333333333334,1.0,0.6666666666666666,12.0,5.0,7.0,1769.944407287181
345,22.285714285714285,53.142857142857146,7.142857142857143,20.857142857142858,7.571428571428571,14.0,12.142857142857142,6.142857142857143,13.142857142857142,17.714285714285715,54.142857142857146,2.4285714285714284,13.714285714285714,11.428571428571429,8.857142857142858,13.428571428571429,5.857142857142857,12.857142857142858,11.0,20.333333333333332,52.166666666666664,2.0,7.166666666666667,13.0,9.166666666666666,14.0,7.666666666666667,14.5,20.166666666666668,55.333333333333336,5.5,19.0,13.0,12.833333333333334,15.666666666666666,6.5,19.166666666666668,2.5,0.75,0.6666666666666666,14.0,3.0,11.0,1725.1958907783794
346,24.666666666666668,58.5,7.666666666666667,21.666666666666668,14.833333333333334,12.5,15.666666666666666,7.666666666666667,12.833333333333334,22.833333333333332,57.833333333333336,3.8333333333333335,17.5,14.666666666666666,9.333333333333334,18.166666666666668,6.333333333333333,17.0,11.666666666666666,22.0,51.6,5.0,16.6,11.0,10.0,17.8,5.6,18.8,21.6,54.2,3.2,13.4,14.6,8.6,16.4,7.6,16.8,1.2,0.6666666666666666,0.5,10.0,7.0,3.0,1891.279497932619
347,22.428571428571427,56.857142857142854,5.142857142857143,18.714285714285715,9.571428571428571,13.857142857142858,13.142857142857142,6.714285714285714,15.142857142857142,22.857142857142858,54.142857142857146,4.428571428571429,15.428571428571429,9.714285714285714,13.142857142857142,14.0,5.857142857142857,12.857142857142858,-3.4285714285714284,24.857142857142858,54.285714285714285,6.285714285714286,17.857142857142858,11.571428571428571,15.714285714285714,15.285714285714286,8.142857142857142,14.285714285714286,17.142857142857142,56.42857142857143,3.2857142857142856,14.0,13.714285714285714,8.0,15.714285714285714,7.0,14.714285714285714,18.571428571428573,0.25,0.75,8.0,1.0,7.0,1942.3021171613336
348,25.75,64.25,7.0,20.75,15.25,13.0,14.25,9.0,16.5,24.75,54.5,2.5,9.25,10.5,13.0,19.5,6.5,17.25,9.0,27.75,64.5,4.5,14.0,13.75,15.75,11.0,11.25,14.5,22.75,55.75,7.25,18.5,10.5,13.0,18.0,5.5,15.75,9.0,0.0,0.5,3.0,11.0,-8.0,2051.286543680485
349,27.571428571428573,56.57142857142857,6.285714285714286,19.857142857142858,11.0,18.142857142857142,14.142857142857142,11.428571428571429,15.714285714285714,19.0,51.142857142857146,5.714285714285714,15.857142857142858,12.0,10.142857142857142,21.285714285714285,6.285714285714286,17.0,20.142857142857142,22.6,60.6,5.6,16.8,14.4,7.8,15.8,10.4,18.6,21.0,49.6,1.4,7.8,11.6,10.0,24.8,5.8,19.6,8.2,1.0,0.5,7.0,2.0,5.0,2032.0781614921784
350,21.2,55.4,5.6,18.4,15.6,11.0,17.8,8.0,13.8,21.8,57.6,5.4,18.4,12.2,9.8,16.0,6.4,17.2,3.2,25.333333333333332,57.333333333333336,5.0,11.0,17.333333333333332,13.833333333333334,18.666666666666668,5.5,16.166666666666668,21.5,62.666666666666664,3.8333333333333335,13.333333333333334,14.833333333333334,9.666666666666666,12.666666666666666,9.5,18.166666666666668,11.166666666666666,0.6666666666666666,1.0,7.0,2.0,5.0,1976.1742447307677
351,24.666666666666668,60.0,5.0,14.666666666666666,14.0,14.0,15.166666666666666,7.0,19.333333333333332,21.666666666666668,60.166666666666664,3.5,16.0,14.5,11.166666666666666,14.166666666666666,7.166666666666667,16.333333333333332,7.166666666666667,22.0,53.5,3.1666666666666665,13.333333333333334,13.5,7.666666666666667,14.333333333333334,4.833333333333333,14.666666666666666,19.5,54.166666666666664,2.1666666666666665,10.166666666666666,14.666666666666666,5.5,14.5,6.0,15.0,4.0,1.0,0.6666666666666666,4.0,5.0,-1.0,1985.378049105436
352,18.714285714285715,52.857142857142854,3.2857142857142856,13.857142857142858,15.142857142857142,11.571428571428571,17.428571428571427,7.857142857142857,17.428571428571427,19.714285714285715,55.57142857142857,4.142857142857143,13.142857142857142,13.0,10.0,14.428571428571429,8.142857142857142,18.857142857142858,-1.0,25.375,58.25,4.75,16.625,13.375,14.125,13.125,6.375,14.625,18.75,59.0,3.25,12.625,14.75,7.875,15.125,6.875,17.375,22.0,0.75,1.0,8.0,1.0,7.0,1985.1322187938767
353,26.333333333333332,57.5,6.333333333333333,21.0,9.666666666666666,16.833333333333332,16.833333333333332,7.166666666666667,15.0,24.166666666666668,61.666666666666664,5.333333333333333,15.5,14.833333333333334,14.166666666666666,14.166666666666666,9.666666666666666,11.833333333333334,1.0,25.0,53.666666666666664,4.833333333333333,14.0,13.5,12.666666666666666,15.166666666666666,5.833333333333333,13.666666666666666,22.0,56.0,6.0,19.5,11.833333333333334,10.333333333333334,14.5,5.0,17.5,10.666666666666666,0.6666666666666666,1.0,7.0,2.0,5.0,1992.847744910397
354,22.666666666666668,53.833333333333336,5.666666666666667,18.666666666666668,12.666666666666666,12.833333333333334,13.333333333333334,7.166666666666667,15.333333333333334,18.833333333333332,49.333333333333336,2.1666666666666665,12.666666666666666,13.333333333333334,8.0,17.333333333333332,4.5,14.666666666666666,11.0,24.625,59.75,3.625,9.875,14.0,12.625,12.75,6.125,18.625,22.0,54.125,4.75,13.25,12.5,12.625,16.625,6.75,18.75,2.0,0.6666666666666666,0.4,6.0,3.0,3.0,1919.8378868114844
355,24.2,61.2,5.2,20.8,15.4,15.0,17.8,6.4,16.6,22.0,61.2,4.8,14.0,12.4,10.2,16.0,8.6,16.2,5.6,27.25,55.0,2.75,8.75,12.0,17.75,13.75,8.75,12.625,20.125,60.75,5.5,17.25,14.0,11.125,15.375,5.5,18.25,19.5,0.5,1.0,9.0,1.0,8.0,1891.6650986453649
356,22.0,51.6,5.0,16.6,11.0,10.0,17.8,5.6,18.8,21.6,54.2,3.2,13.4,14.6,8.6,16.4,7.6,16.8,1.2,28.0,60.25,3.5,11.75,15.0,14.25,17.75,12.5,18.0,23.25,62.5,5.75,17.5,18.75,13.5,19.5,7.5,17.75,3.0,0.5,0.0,7.0,2.0,5.0,1964.213333581783
357,16.75,60.75,3.25,13.75,16.5,10.75,15.25,10.75,19.75,14.5,50.25,4.75,19.5,13.75,10.25,21.0,8.75,17.5,3.5,25.666666666666668,54.166666666666664,5.833333333333333,12.333333333333334,12.666666666666666,14.166666666666666,15.666666666666666,8.833333333333334,17.166666666666668,21.5,53.333333333333336,2.8333333333333335,10.0,11.5,12.833333333333334,15.833333333333334,7.5,16.833333333333332,13.833333333333334,0.0,0.6666666666666666,5.0,4.0,1.0,1995.776777228397
358,26.857142857142858,58.285714285714285,4.285714285714286,12.285714285714286,14.428571428571429,14.285714285714286,12.142857142857142,5.142857142857143,12.428571428571429,19.0,56.42857142857143,5.0,18.714285714285715,10.714285714285714,9.857142857142858,12.0,5.571428571428571,14.714285714285714,18.0,24.333333333333332,59.5,5.5,15.333333333333334,13.666666666666666,12.666666666666666,12.666666666666666,4.333333333333333,17.0,26.833333333333332,55.666666666666664,4.333333333333333,9.833333333333334,11.5,13.166666666666666,11.666666666666666,6.0,13.333333333333334,-7.166666666666667,1.0,0.3333333333333333,3.0,11.0,-8.0,1898.8798562718744
359,23.857142857142858,59.142857142857146,2.7142857142857144,8.428571428571429,16.0,10.285714285714286,15.142857142857142,7.571428571428571,14.428571428571429,22.571428571428573,57.57142857142857,4.857142857142857,16.571428571428573,10.428571428571429,10.285714285714286,15.0,7.0,17.857142857142858,3.7142857142857144,24.166666666666668,57.833333333333336,5.833333333333333,15.333333333333334,13.666666666666666,12.333333333333334,15.166666666666666,10.0,13.5,22.666666666666668,56.333333333333336,3.5,14.166666666666666,12.333333333333334,11.0,18.833333333333332,8.666666666666666,15.666666666666666,12.5,0.5,0.75,8.0,1.0,7.0,1935.937884458334
360,18.833333333333332,42.0,2.5,8.833333333333334,8.833333333333334,10.666666666666666,20.333333333333332,5.333333333333333,15.333333333333334,20.166666666666668,54.666666666666664,5.833333333333333,20.0,11.333333333333334,9.166666666666666,13.833333333333334,10.333333333333334,20.166666666666668,0.5,26.75,68.5,4.75,14.0,16.25,11.5,11.25,10.25,16.25,25.25,60.0,3.25,12.0,12.25,11.75,18.5,7.0,21.0,10.75,0.6666666666666666,0.5,5.0,4.0,1.0,1976.46878913106
361,24.0,57.0,8.0,22.333333333333332,10.333333333333334,17.333333333333332,13.0,10.333333333333334,12.833333333333334,20.166666666666668,61.166666666666664,5.666666666666667,17.833333333333332,13.666666666666666,11.166666666666666,15.666666666666666,7.0,16.833333333333332,14.666666666666666,21.5,50.333333333333336,5.5,15.833333333333334,7.333333333333333,10.5,11.833333333333334,4.833333333333333,13.666666666666666,17.166666666666668,55.166666666666664,4.0,16.166666666666668,10.833333333333334,9.666666666666666,12.5,5.166666666666667,17.333333333333332,14.833333333333334,1.0,0.6666666666666666,13.0,5.0,8.0,1841.953942393835
362,23.0,56.42857142857143,5.0,15.571428571428571,11.714285714285714,12.571428571428571,15.714285714285714,4.714285714285714,20.571428571428573,23.285714285714285,59.285714285714285,6.285714285714286,16.571428571428573,13.0,13.571428571428571,13.142857142857142,7.0,19.571428571428573,-3.0,20.333333333333332,52.166666666666664,2.0,7.166666666666667,13.0,9.166666666666666,14.0,7.666666666666667,14.5,20.166666666666668,55.333333333333336,5.5,19.0,13.0,12.833333333333334,15.666666666666666,6.5,19.166666666666668,2.5,0.5,0.6666666666666666,6.0,3.0,3.0,2034.7114419695265
363,25.666666666666668,54.166666666666664,5.833333333333333,12.333333333333334,12.666666666666666,14.166666666666666,15.666666666666666,8.833333333333334,17.166666666666668,21.5,53.333333333333336,2.8333333333333335,10.0,11.5,12.833333333333334,15.833333333333334,7.5,16.833333333333332,13.833333333333334,27.25,55.0,2.75,8.75,12.0,17.75,13.75,8.75,12.625,20.125,60.75,5.5,17.25,14.0,11.125,15.375,5.5,18.25,19.5,0.6666666666666666,1.0,4.0,1.0,3.0,2034.3028911521335
364,20.333333333333332,52.166666666666664,2.0,7.166666666666667,13.0,9.166666666666666,14.0,7.666666666666667,14.5,20.166666666666668,55.333333333333336,5.5,19.0,13.0,12.833333333333334,15.666666666666666,6.5,19.166666666666668,2.5,28.0,60.25,3.5,11.75,15.0,14.25,17.75,12.5,18.0,23.25,62.5,5.75,17.5,18.75,13.5,19.5,7.5,17.75,3.0,0.6666666666666666,0.0,3.0,2.0,1.0,2036.8434041139155
365,22.0,53.5,3.1666666666666665,13.333333333333334,13.5,7.666666666666667,14.333333333333334,4.833333333333333,14.666666666666666,19.5,54.166666666666664,2.1666666666666665,10.166666666666666,14.666666666666666,5.5,14.5,6.0,15.0,4.0,25.375,58.25,4.75,16.625,13.375,14.125,13.125,6.375,14.625,18.75,59.0,3.25,12.625,14.75,7.875,15.125,6.875,17.375,22.0,0.6666666666666666,1.0,5.0,1.0,4.0,1966.321894531779
366,24.333333333333332,59.5,5.5,15.333333333333334,13.666666666666666,12.666666666666666,12.666666666666666,4.333333333333333,17.0,26.833333333333332,55.666666666666664,4.333333333333333,9.833333333333334,11.5,13.166666666666666,11.666666666666666,6.0,13.333333333333334,-7.166666666666667,25.0,53.666666666666664,4.833333333333333,14.0,13.5,12.666666666666666,15.166666666666666,5.833333333333333,13.666666666666666,22.0,56.0,6.0,19.5,11.833333333333334,10.333333333333334,14.5,5.0,17.5,10.666666666666666,0.3333333333333333,1.0,11.0,2.0,9.0,1914.8045470733907
367,26.75,68.5,4.75,14.0,16.25,11.5,11.25,10.25,16.25,25.25,60.0,3.25,12.0,12.25,11.75,18.5,7.0,21.0,10.75,24.857142857142858,54.285714285714285,6.285714285714286,17.857142857142858,11.571428571428571,15.714285714285714,15.285714285714286,8.142857142857142,14.285714285714286,17.142857142857142,56.42857142857143,3.2857142857142856,14.0,13.714285714285714,8.0,15.714285714285714,7.0,14.714285714285714,18.571428571428573,0.5,0.75,4.0,1.0,3.0,2017.501413267178
368,27.75,64.5,4.5,14.0,13.75,15.75,11.0,11.25,14.5,22.75,55.75,7.25,18.5,10.5,13.0,18.0,5.5,15.75,9.0,22.6,60.6,5.6,16.8,14.4,7.8,15.8,10.4,18.6,21.0,49.6,1.4,7.8,11.6,10.0,24.8,5.8,19.6,8.2,0.5,0.5,11.0,2.0,9.0,2019.9311856027327
369,24.625,59.75,3.625,9.875,14.0,12.625,12.75,6.125,18.625,22.0,54.125,4.75,13.25,12.5,12.625,16.625,6.75,18.75,2.0,25.333333333333332,57.333333333333336,5.0,11.0,17.333333333333332,13.833333333333334,18.666666666666668,5.5,16.166666666666668,21.5,62.666666666666664,3.8333333333333335,13.333333333333334,14.833333333333334,9.666666666666666,12.666666666666666,9.5,18.166666666666668,11.166666666666666,0.4,1.0,3.0,2.0,1.0,2156.1635633379524
370,21.5,50.333333333333336,5.5,15.833333333333334,7.333333333333333,10.5,11.833333333333334,4.833333333333333,13.666666666666666,17.166666666666668,55.166666666666664,4.0,16.166666666666668,10.833333333333334,9.666666666666666,12.5,5.166666666666667,17.333333333333332,14.833333333333334,24.166666666666668,57.833333333333336,5.833333333333333,15.333333333333334,13.666666666666666,12.333333333333334,15.166666666666666,10.0,13.5,22.666666666666668,56.333333333333336,3.5,14.166666666666666,12.333333333333334,11.0,18.833333333333332,8.666666666666666,15.666666666666666,12.5,0.6666666666666666,0.75,5.0,1.0,4.0,1921.8973830529767
371,25.0,53.666666666666664,4.833333333333333,14.0,13.5,12.666666666666666,15.166666666666666,5.833333333333333,13.666666666666666,22.0,56.0,6.0,19.5,11.833333333333334,10.333333333333334,14.5,5.0,17.5,10.666666666666666,27.25,55.0,2.75,8.75,12.0,17.75,13.75,8.75,12.625,20.125,60.75,5.5,17.25,14.0,11.125,15.375,5.5,18.25,19.5,1.0,1.0,2.0,1.0,1.0,2218.661347108085
372,28.0,60.25,3.5,11.75,15.0,14.25,17.75,12.5,18.0,23.25,62.5,5.75,17.5,18.75,13.5,19.5,7.5,17.75,3.0,25.375,58.25,4.75,16.625,13.375,14.125,13.125,6.375,14.625,18.75,59.0,3.25,12.625,14.75,7.875,15.125,6.875,17.375,22.0,0.0,1.0,2.0,1.0,1.0,2241.0741744049483
373,22.6,60.6,5.6,16.8,14.4,7.8,15.8,10.4,18.6,21.0,49.6,1.4,7.8,11.6,10.0,24.8,5.8,19.6,8.2,24.857142857142858,54.285714285714285,6.285714285714286,17.857142857142858,11.571428571428571,15.714285714285714,15.285714285714286,8.142857142857142,14.285714285714286,17.142857142857142,56.42857142857143,3.2857142857142856,14.0,13.714285714285714,8.0,15.714285714285714,7.0,14.714285714285714,18.571428571428573,0.5,0.75,2.0,1.0,1.0,2085.614010909622
374,25.333333333333332,57.333333333333336,5.0,11.0,17.333333333333332,13.833333333333334,18.666666666666668,5.5,16.166666666666668,21.5,62.666666666666664,3.8333333333333335,13.333333333333334,14.833333333333334,9.666666666666666,12.666666666666666,9.5,18.166666666666668,11.166666666666666,24.166666666666668,57.833333333333336,5.833333333333333,15.333333333333334,13.666666666666666,12.333333333333334,15.166666666666666,10.0,13.5,22.666666666666668,56.333333333333336,3.5,14.166666666666666,12.333333333333334,11.0,18.833333333333332,8.666666666666666,15.666666666666666,12.5,1.0,0.75,2.0,1.0,1.0,2144.247194233502
375,25.375,58.25,4.75,16.625,13.375,14.125,13.125,6.375,14.625,18.75,59.0,3.25,12.625,14.75,7.875,15.125,6.875,17.375,22.0,27.25,55.0,2.75,8.75,12.0,17.75,13.75,8.75,12.625,20.125,60.75,5.5,17.25,14.0,11.125,15.375,5.5,18.25,19.5,1.0,1.0,1.0,1.0,0.0,2401.2115343258056
376,24.857142857142858,54.285714285714285,6.285714285714286,17.857142857142858,11.571428571428571,15.714285714285714,15.285714285714286,8.142857142857142,14.285714285714286,17.142857142857142,56.42857142857143,3.2857142857142856,14.0,13.714285714285714,8.0,15.714285714285714,7.0,14.714285714285714,18.571428571428573,24.166666666666668,57.833333333333336,5.833333333333333,15.333333333333334,13.666666666666666,12.333333333333334,15.166666666666666,10.0,13.5,22.666666666666668,56.333333333333336,3.5,14.166666666666666,12.333333333333334,11.0,18.833333333333332,8.666666666666666,15.666666666666666,12.5,0.75,0.75,1.0,1.0,0.0,2450.521362496312
377,24.166666666666668,57.833333333333336,5.833333333333333,15.333333333333334,13.666666666666666,12.333333333333334,15.166666666666666,10.0,13.5,22.666666666666668,56.333333333333336,3.5,14.166666666666666,12.333333333333334,11.0,18.833333333333332,8.666666666666666,15.666666666666666,12.5,27.25,55.0,2.75,8.75,12.0,17.75,13.75,8.75,12.625,20.125,60.75,5.5,17.25,14.0,11.125,15.375,5.5,18.25,19.5,0.75,1.0,1.0,1.0,0.0,2322.94120009726
378,24.4,62.8,4.6,14.6,20.0,9.6,12.8,7.6,15.2,22.4,55.8,4.2,12.6,10.8,9.4,14.8,5.6,18.4,10.0,27.428571428571427,66.0,9.428571428571429,26.142857142857142,13.428571428571429,19.0,11.571428571428571,13.857142857142858,11.857142857142858,23.285714285714285,57.57142857142857,4.571428571428571,15.0,11.571428571428571,13.428571428571429,20.571428571428573,4.857142857142857,11.714285714285714,14.285714285714286,0.5,1.0,2.0,15.0,-13.0,2072.135881580481
379,30.571428571428573,64.57142857142857,7.857142857142857,20.857142857142858,14.428571428571429,20.428571428571427,16.428571428571427,9.714285714285714,13.142857142857142,20.285714285714285,62.142857142857146,4.571428571428571,17.0,12.142857142857142,11.714285714285714,16.857142857142858,7.0,15.0,24.142857142857142,24.0,57.5,6.666666666666667,22.0,11.166666666666666,10.333333333333334,16.833333333333332,5.666666666666667,14.333333333333334,23.5,65.83333333333333,5.333333333333333,18.666666666666668,14.666666666666666,8.666666666666666,13.666666666666666,9.0,17.333333333333332,5.0,0.5,0.75,1.0,16.0,-15.0,2409.87621838533
380,24.833333333333332,61.166666666666664,8.666666666666666,28.833333333333332,12.5,17.833333333333332,12.666666666666666,8.333333333333334,12.166666666666666,21.666666666666668,55.5,6.0,15.5,11.5,12.333333333333334,16.833333333333332,6.833333333333333,11.333333333333334,9.5,24.666666666666668,62.166666666666664,5.0,16.666666666666668,14.666666666666666,14.333333333333334,15.666666666666666,7.166666666666667,12.166666666666666,23.666666666666668,64.0,8.5,26.833333333333332,13.666666666666666,17.666666666666668,13.666666666666666,7.833333333333333,14.666666666666666,-2.0,0.75,0.6666666666666666,10.0,7.0,3.0,1795.1914393096956
381,20.4,59.0,2.8,16.4,14.2,11.4,14.2,7.8,15.0,19.8,58.6,5.4,18.4,10.8,12.4,14.6,5.8,15.0,1.6,23.333333333333332,61.666666666666664,6.5,18.0,15.166666666666666,16.833333333333332,14.833333333333334,10.5,13.166666666666666,20.166666666666668,55.5,5.0,16.833333333333332,11.166666666666666,12.5,16.833333333333332,9.833333333333334,15.833333333333334,8.666666666666666,0.5,0.75,4.0,13.0,-9.0,2027.9423451364437
382,23.714285714285715,55.42857142857143,8.0,21.857142857142858,10.285714285714286,18.285714285714285,15.714285714285714,4.714285714285714,14.142857142857142,24.571428571428573,60.142857142857146,7.0,20.857142857142858,8.428571428571429,14.857142857142858,12.571428571428571,8.857142857142858,17.0,5.714285714285714,23.0,58.25,3.0,14.5,13.75,11.75,14.5,9.25,13.5,19.5,52.75,2.25,12.75,9.5,9.75,19.0,7.25,17.5,11.25,0.75,1.0,5.0,12.0,-7.0,2027.399752836386
383,26.5,59.333333333333336,6.833333333333333,17.333333333333332,10.666666666666666,15.833333333333334,16.166666666666668,7.666666666666667,18.0,26.333333333333332,61.666666666666664,7.166666666666667,19.333333333333332,11.833333333333334,15.666666666666666,13.5,9.0,15.666666666666666,-1.8333333333333333,23.8,66.4,4.0,12.6,17.6,11.8,13.0,7.8,17.2,19.8,56.0,5.2,16.2,10.6,10.4,13.4,8.0,14.6,3.8,0.6666666666666666,0.5,12.0,5.0,7.0,1887.404773775496
384,28.4,64.0,6.0,16.2,17.2,16.2,16.4,5.2,19.2,25.0,57.0,4.6,11.8,12.4,12.2,15.6,8.2,18.2,2.8,25.285714285714285,63.142857142857146,6.571428571428571,19.428571428571427,14.428571428571429,17.857142857142858,13.285714285714286,12.571428571428571,13.714285714285714,20.142857142857142,56.142857142857146,3.7142857142857144,14.857142857142858,12.571428571428571,12.571428571428571,22.285714285714285,6.428571428571429,16.428571428571427,18.285714285714285,0.5,1.0,4.0,13.0,-9.0,2107.485078055222
385,23.0,57.166666666666664,4.333333333333333,15.333333333333334,12.166666666666666,13.333333333333334,15.333333333333334,7.5,14.5,20.666666666666668,53.666666666666664,5.0,16.333333333333332,9.333333333333334,12.333333333333334,15.5,7.0,11.833333333333334,2.5,25.333333333333332,57.833333333333336,8.0,23.0,13.166666666666666,19.333333333333332,11.833333333333334,8.0,11.5,16.833333333333332,52.833333333333336,3.1666666666666665,16.666666666666668,10.666666666666666,7.833333333333333,16.333333333333332,6.666666666666667,15.0,26.833333333333332,0.6666666666666666,1.0,5.0,12.0,-7.0,1969.1329891685275
386,24.6,59.6,4.8,18.0,12.2,14.0,14.2,6.4,13.2,24.6,58.4,5.2,16.0,11.2,11.0,15.6,8.4,16.0,1.8,27.166666666666668,60.833333333333336,5.833333333333333,18.333333333333332,13.5,15.166666666666666,10.666666666666666,9.166666666666666,13.333333333333334,20.166666666666668,53.333333333333336,3.6666666666666665,12.333333333333334,9.0,9.833333333333334,15.666666666666666,4.5,17.666666666666668,17.666666666666668,0.5,1.0,6.0,11.0,-5.0,1983.898080794767
387,23.833333333333332,58.166666666666664,6.333333333333333,21.0,9.833333333333334,11.666666666666666,15.166666666666666,6.0,18.166666666666668,28.5,63.5,6.666666666666667,16.833333333333332,14.333333333333334,16.333333333333332,14.5,6.333333333333333,20.166666666666668,-8.166666666666666,26.571428571428573,63.857142857142854,6.857142857142857,21.428571428571427,14.142857142857142,12.714285714285714,14.142857142857142,10.142857142857142,13.857142857142858,24.285714285714285,61.285714285714285,6.0,18.714285714285715,13.285714285714286,13.0,16.714285714285715,5.428571428571429,15.0,9.571428571428571,0.6666666666666666,1.0,6.0,11.0,-5.0,2007.7483590265276
388,21.8,55.2,3.8,12.4,17.0,12.0,12.6,8.0,15.4,18.8,49.0,2.6,10.0,9.2,9.6,16.2,4.2,20.2,10.4,27.25,58.5,4.25,15.5,9.75,19.0,12.0,8.75,16.5,20.0,56.5,5.5,20.0,9.5,9.5,14.25,6.5,16.75,17.0,0.5,1.0,4.0,13.0,-9.0,2009.8411922932928
389,19.166666666666668,64.5,7.5,26.5,16.0,11.666666666666666,14.0,7.833333333333333,18.5,20.666666666666668,54.5,5.166666666666667,17.166666666666668,12.166666666666666,13.333333333333334,17.833333333333332,5.666666666666667,15.333333333333334,-3.6666666666666665,22.8,58.4,6.0,17.4,14.8,10.0,12.8,9.0,15.0,24.4,50.2,6.4,13.4,8.8,13.4,18.2,7.6,16.8,-1.0,0.6666666666666666,0.0,10.0,7.0,3.0,1843.5553645857865
390,24.6,57.0,4.2,11.8,12.8,9.8,18.0,4.4,12.6,29.0,71.8,5.2,15.0,14.8,16.8,10.2,9.4,17.8,1.6,24.2,55.2,7.4,17.0,9.8,13.6,16.4,10.6,17.8,20.6,55.8,5.8,19.8,12.6,10.8,17.0,7.4,16.0,7.2,0.5,1.0,2.0,15.0,-13.0,2188.5868321688554
391,24.833333333333332,62.666666666666664,1.6666666666666667,7.5,13.5,14.333333333333334,11.833333333333334,7.833333333333333,15.166666666666666,25.5,60.833333333333336,4.166666666666667,12.833333333333334,12.5,12.0,15.0,4.833333333333333,15.5,-2.3333333333333335,27.571428571428573,60.42857142857143,4.285714285714286,13.285714285714286,12.857142857142858,14.428571428571429,10.0,8.571428571428571,16.0,22.571428571428573,53.42857142857143,4.142857142857143,11.142857142857142,10.714285714285714,10.142857142857142,14.285714285714286,5.142857142857143,15.0,8.857142857142858,1.0,1.0,3.0,14.0,-11.0,2136.153756215925
392,23.0,57.666666666666664,2.6666666666666665,9.0,13.666666666666666,15.5,15.5,8.333333333333334,16.833333333333332,18.333333333333332,54.333333333333336,3.6666666666666665,17.666666666666668,11.166666666666666,8.333333333333334,16.666666666666668,8.0,16.0,7.5,24.666666666666668,57.666666666666664,3.8333333333333335,15.0,12.0,10.5,11.666666666666666,8.166666666666666,13.333333333333334,21.5,59.833333333333336,4.333333333333333,17.333333333333332,13.166666666666666,11.166666666666666,14.0,6.5,16.333333333333332,9.5,0.6666666666666666,1.0,3.0,14.0,-11.0,2000.0698366888348
393,20.2,52.2,3.8,12.2,13.2,12.0,18.6,4.4,15.8,19.2,53.4,2.8,11.6,10.8,10.8,16.0,8.8,19.8,4.4,24.166666666666668,57.666666666666664,5.0,12.666666666666666,12.666666666666666,15.333333333333334,13.5,6.666666666666667,17.0,21.0,59.333333333333336,4.666666666666667,15.666666666666666,13.666666666666666,10.333333333333334,13.833333333333334,7.333333333333333,17.666666666666668,7.333333333333333,0.5,1.0,8.0,9.0,-1.0,1958.3266155731328
394,32.142857142857146,57.57142857142857,2.7142857142857144,7.0,10.0,22.0,14.571428571428571,7.857142857142857,11.571428571428571,20.571428571428573,61.0,7.714285714285714,22.285714285714285,12.571428571428571,11.714285714285714,16.285714285714285,7.714285714285714,15.142857142857142,23.428571428571427,23.0,57.714285714285715,4.285714285714286,11.0,13.285714285714286,13.428571428571429,15.142857142857142,10.714285714285714,16.857142857142858,19.285714285714285,53.57142857142857,3.5714285714285716,12.0,13.857142857142858,8.714285714285714,19.285714285714285,7.142857142857143,15.857142857142858,8.571428571428571,1.0,1.0,1.0,16.0,-15.0,2479.61433484999
395,24.8,60.0,6.6,18.0,13.6,14.8,13.2,9.0,14.0,22.4,59.6,4.0,12.6,14.6,13.4,18.4,5.6,16.2,11.0,19.5,50.0,2.5,9.5,10.666666666666666,10.333333333333334,13.833333333333334,6.166666666666667,14.333333333333334,20.833333333333332,56.5,3.5,13.5,14.166666666666666,12.166666666666666,15.0,6.666666666666667,17.833333333333332,3.1666666666666665,0.5,0.6666666666666666,7.0,10.0,-3.0,1978.286589530279
396,24.714285714285715,59.142857142857146,4.428571428571429,11.285714285714286,15.428571428571429,13.571428571428571,10.142857142857142,6.428571428571429,11.857142857142858,20.857142857142858,58.57142857142857,5.857142857142857,21.142857142857142,13.714285714285714,11.857142857142858,12.142857142857142,5.571428571428571,15.571428571428571,13.571428571428571,20.4,63.4,7.0,21.2,17.0,11.2,14.8,8.0,21.0,21.2,52.2,4.4,16.0,12.6,10.4,17.4,6.6,16.0,-5.2,1.0,0.0,6.0,11.0,-5.0,1993.102205722858
397,27.0,57.666666666666664,5.333333333333333,13.666666666666666,14.166666666666666,13.833333333333334,18.166666666666668,7.0,14.666666666666666,23.666666666666668,66.33333333333333,5.333333333333333,18.666666666666668,18.5,12.333333333333334,14.5,9.333333333333334,16.833333333333332,9.666666666666666,22.714285714285715,58.285714285714285,3.857142857142857,14.857142857142858,15.714285714285714,11.714285714285714,12.142857142857142,8.714285714285714,16.428571428571427,13.142857142857142,50.0,1.2857142857142858,8.571428571428571,13.571428571428571,5.857142857142857,20.0,4.428571428571429,17.428571428571427,25.285714285714285,1.0,1.0,2.0,15.0,-13.0,2293.0455228040187
398,23.8,60.4,4.8,14.2,13.2,14.0,13.8,8.6,15.8,26.4,63.2,4.4,14.8,18.6,15.8,16.8,6.4,14.8,-4.8,24.0,59.666666666666664,5.0,16.166666666666668,14.333333333333334,15.166666666666666,13.166666666666666,9.166666666666666,12.0,18.333333333333332,53.833333333333336,3.3333333333333335,13.833333333333334,8.833333333333334,6.666666666666667,16.5,5.666666666666667,15.0,18.0,0.5,1.0,8.0,9.0,-1.0,1937.7959588837637
399,23.2,58.4,5.8,21.0,12.0,15.2,16.0,9.0,14.8,23.4,58.6,5.6,17.0,12.8,14.6,17.4,7.6,14.0,-1.6,19.8,59.0,2.8,11.8,16.6,12.2,18.6,7.2,17.6,21.6,60.6,3.0,11.0,12.2,11.2,14.6,8.2,18.6,2.4,0.5,0.5,9.0,8.0,1.0,1898.4710824052647
400,28.0,69.33333333333333,6.666666666666667,19.833333333333332,16.166666666666668,13.666666666666666,13.333333333333334,11.833333333333334,19.0,23.333333333333332,57.166666666666664,4.0,11.833333333333334,14.5,10.666666666666666,21.5,5.166666666666667,17.0,9.666666666666666,22.5,58.0,7.666666666666667,26.166666666666668,13.333333333333334,15.333333333333334,11.166666666666666,7.333333333333333,9.833333333333334,19.5,55.166666666666664,5.5,16.0,12.666666666666666,11.0,14.833333333333334,5.0,11.833333333333334,9.666666666666666,0.6666666666666666,1.0,2.0,15.0,-13.0,2153.391943422607
401,21.6,55.4,4.6,18.4,12.6,13.0,16.8,8.6,16.4,22.0,54.0,5.0,14.2,12.0,13.0,16.4,8.2,16.2,-2.4,22.5,55.333333333333336,8.0,22.333333333333332,15.666666666666666,13.833333333333334,14.333333333333334,5.666666666666667,13.166666666666666,22.0,58.5,2.8333333333333335,11.666666666666666,13.5,11.0,14.5,6.333333333333333,19.666666666666668,12.833333333333334,0.3333333333333333,1.0,5.0,12.0,-7.0,2006.848022709176
402,24.2,58.6,4.8,14.6,13.0,13.2,15.6,7.2,13.6,23.8,63.2,3.8,18.2,14.0,13.2,14.4,8.2,17.2,7.8,24.25,53.75,10.0,26.25,8.625,19.25,12.0,8.875,14.875,16.375,50.625,4.375,19.625,11.375,9.75,17.75,5.875,17.0,23.125,0.5,1.0,6.0,11.0,-5.0,1972.8419016240891
403,21.4,53.0,4.6,18.4,10.8,13.6,12.0,5.4,12.4,22.2,52.8,5.0,15.0,10.4,15.2,11.8,5.4,14.2,-1.2,23.333333333333332,57.333333333333336,9.833333333333334,26.333333333333332,9.0,18.333333333333332,9.166666666666666,6.333333333333333,14.666666666666666,22.0,57.833333333333336,2.6666666666666665,10.5,13.833333333333334,9.833333333333334,12.5,4.833333333333333,13.166666666666666,8.833333333333334,0.5,0.6666666666666666,8.0,9.0,-1.0,1876.270624461326
404,23.666666666666668,63.666666666666664,3.5,12.833333333333334,17.166666666666668,10.333333333333334,18.0,13.166666666666666,20.5,22.666666666666668,58.166666666666664,5.166666666666667,17.0,12.833333333333334,12.166666666666666,22.0,9.5,22.666666666666668,4.0,21.6,49.6,2.0,8.8,10.6,12.0,15.0,11.4,15.2,19.2,51.2,2.8,11.2,9.4,11.2,19.0,6.4,19.2,11.8,0.6666666666666666,1.0,3.0,14.0,-11.0,2078.95023886056
405,29.285714285714285,69.28571428571429,4.428571428571429,13.428571428571429,18.0,17.142857142857142,15.285714285714286,9.857142857142858,14.714285714285714,24.857142857142858,63.285714285714285,4.571428571428571,17.142857142857142,13.571428571428571,12.142857142857142,21.0,8.857142857142858,19.857142857142858,16.857142857142858,26.333333333333332,61.666666666666664,9.333333333333334,28.333333333333332,9.666666666666666,12.833333333333334,10.5,6.666666666666667,9.5,25.333333333333332,66.83333333333333,8.166666666666666,27.0,14.833333333333334,17.166666666666668,13.666666666666666,6.666666666666667,15.333333333333334,12.166666666666666,1.0,1.0,1.0,16.0,-15.0,2417.9305252175745
406,25.166666666666668,61.0,3.8333333333333335,10.666666666666666,14.833333333333334,13.166666666666666,13.333333333333334,9.833333333333334,16.333333333333332,21.833333333333332,54.0,5.5,15.833333333333334,12.833333333333334,13.5,16.833333333333332,6.833333333333333,15.166666666666666,2.1666666666666665,25.666666666666668,65.66666666666667,6.0,22.333333333333332,14.5,15.0,14.5,6.333333333333333,14.666666666666666,29.833333333333332,69.5,6.5,16.666666666666668,17.5,16.5,13.666666666666666,6.5,13.833333333333334,-6.333333333333333,0.3333333333333333,0.3333333333333333,7.0,10.0,-3.0,1938.1699248274765
407,25.8,62.4,6.6,17.6,13.0,10.8,12.4,9.4,20.4,22.8,52.0,5.6,15.0,9.2,15.0,16.6,6.2,17.6,4.0,24.857142857142858,55.42857142857143,5.428571428571429,13.714285714285714,13.0,13.428571428571429,15.285714285714286,8.0,15.714285714285714,17.714285714285715,51.42857142857143,2.2857142857142856,11.428571428571429,10.0,9.428571428571429,17.142857142857142,5.571428571428571,15.142857142857142,17.714285714285715,0.5,0.75,3.0,14.0,-11.0,2082.480529319068
408,25.333333333333332,54.0,5.5,13.5,9.833333333333334,18.5,14.166666666666666,8.0,13.166666666666666,23.833333333333332,59.666666666666664,5.0,15.5,11.0,13.666666666666666,14.333333333333334,8.5,16.5,9.333333333333334,22.666666666666668,55.333333333333336,5.5,15.666666666666666,19.0,11.333333333333334,18.5,10.666666666666666,15.166666666666666,16.5,53.833333333333336,5.833333333333333,21.666666666666668,9.833333333333334,8.833333333333334,16.833333333333332,7.333333333333333,19.666666666666668,19.666666666666668,1.0,1.0,4.0,13.0,-9.0,1997.597374524095
409,25.666666666666668,62.5,6.0,21.833333333333332,15.5,13.666666666666666,11.5,6.166666666666667,11.833333333333334,18.5,68.0,3.5,17.166666666666668,19.5,7.833333333333333,12.333333333333334,4.333333333333333,15.5,19.333333333333332,23.75,54.0,4.375,12.75,8.375,11.375,12.625,8.75,16.375,23.5,61.125,6.25,18.625,13.5,12.75,14.625,5.875,19.375,5.875,1.0,1.0,1.0,16.0,-15.0,2396.1680856239595
410,24.4,62.8,4.6,14.6,20.0,9.6,12.8,7.6,15.2,22.4,55.8,4.2,12.6,10.8,9.4,14.8,5.6,18.4,10.0,19.166666666666668,64.5,7.5,26.5,16.0,11.666666666666666,14.0,7.833333333333333,18.5,20.666666666666668,54.5,5.166666666666667,17.166666666666668,12.166666666666666,13.333333333333334,17.833333333333332,5.666666666666667,15.333333333333334,-3.6666666666666665,0.5,0.6666666666666666,2.0,10.0,-8.0,2077.32345544285
411,30.571428571428573,64.57142857142857,7.857142857142857,20.857142857142858,14.428571428571429,20.428571428571427,16.428571428571427,9.714285714285714,13.142857142857142,20.285714285714285,62.142857142857146,4.571428571428571,17.0,12.142857142857142,11.714285714285714,16.857142857142858,7.0,15.0,24.142857142857142,20.2,52.2,3.8,12.2,13.2,12.0,18.6,4.4,15.8,19.2,53.4,2.8,11.6,10.8,10.8,16.0,8.8,19.8,4.4,0.5,0.5,1.0,8.0,-7.0,2410.02638318628
412,20.4,59.0,2.8,16.4,14.2,11.4,14.2,7.8,15.0,19.8,58.6,5.4,18.4,10.8,12.4,14.6,5.8,15.0,1.6,23.714285714285715,55.42857142857143,8.0,21.857142857142858,10.285714285714286,18.285714285714285,15.714285714285714,4.714285714285714,14.142857142857142,24.571428571428573,60.142857142857146,7.0,20.857142857142858,8.428571428571429,14.857142857142858,12.571428571428571,8.857142857142858,17.0,5.714285714285714,0.5,0.75,4.0,5.0,-1.0,2030.64633161479
413,26.5,59.333333333333336,6.833333333333333,17.333333333333332,10.666666666666666,15.833333333333334,16.166666666666668,7.666666666666667,18.0,26.333333333333332,61.666666666666664,7.166666666666667,19.333333333333332,11.833333333333334,15.666666666666666,13.5,9.0,15.666666666666666,-1.8333333333333333,21.8,55.2,3.8,12.4,17.0,12.0,12.6,8.0,15.4,18.8,49.0,2.6,10.0,9.2,9.6,16.2,4.2,20.2,10.4,0.6666666666666666,0.5,12.0,4.0,8.0,1904.0297708277503
414,28.4,64.0,6.0,16.2,17.2,16.2,16.4,5.2,19.2,25.0,57.0,4.6,11.8,12.4,12.2,15.6,8.2,18.2,2.8,23.0,57.166666666666664,4.333333333333333,15.333333333333334,12.166666666666666,13.333333333333334,15.333333333333334,7.5,14.5,20.666666666666668,53.666666666666664,5.0,16.333333333333332,9.333333333333334,12.333333333333334,15.5,7.0,11.833333333333334,2.5,0.5,0.6666666666666666,4.0,5.0,-1.0,2110.1608564832536
415,24.6,59.6,4.8,18.0,12.2,14.0,14.2,6.4,13.2,24.6,58.4,5.2,16.0,11.2,11.0,15.6,8.4,16.0,1.8,24.833333333333332,62.666666666666664,1.6666666666666667,7.5,13.5,14.333333333333334,11.833333333333334,7.833333333333333,15.166666666666666,25.5,60.833333333333336,4.166666666666667,12.833333333333334,12.5,12.0,15.0,4.833333333333333,15.5,-2.3333333333333335,0.5,1.0,6.0,3.0,3.0,1991.0308769249616
416,23.833333333333332,58.166666666666664,6.333333333333333,21.0,9.833333333333334,11.666666666666666,15.166666666666666,6.0,18.166666666666668,28.5,63.5,6.666666666666667,16.833333333333332,14.333333333333334,16.333333333333332,14.5,6.333333333333333,20.166666666666668,-8.166666666666666,23.0,57.666666666666664,2.6666666666666665,9.0,13.666666666666666,15.5,15.5,8.333333333333334,16.833333333333332,18.333333333333332,54.333333333333336,3.6666666666666665,17.666666666666668,11.166666666666666,8.333333333333334,16.666666666666668,8.0,16.0,7.5,0.6666666666666666,0.6666666666666666,6.0,3.0,3.0,2012.630251092357
417,24.6,57.0,4.2,11.8,12.8,9.8,18.0,4.4,12.6,29.0,71.8,5.2,15.0,14.8,16.8,10.2,9.4,17.8,1.6,24.833333333333332,61.166666666666664,8.666666666666666,28.833333333333332,12.5,17.833333333333332,12.666666666666666,8.333333333333334,12.166666666666666,21.666666666666668,55.5,6.0,15.5,11.5,12.333333333333334,16.833333333333332,6.833333333333333,11.333333333333334,9.5,0.5,0.75,2.0,10.0,-8.0,2189.4761350017347
418,32.142857142857146,57.57142857142857,2.7142857142857144,7.0,10.0,22.0,14.571428571428571,7.857142857142857,11.571428571428571,20.571428571428573,61.0,7.714285714285714,22.285714285714285,12.571428571428571,11.714285714285714,16.285714285714285,7.714285714285714,15.142857142857142,23.428571428571427,23.8,60.4,4.8,14.2,13.2,14.0,13.8,8.6,15.8,26.4,63.2,4.4,14.8,18.6,15.8,16.8,6.4,14.8,-4.8,1.0,0.5,1.0,8.0,-7.0,2479.665125959661
419,24.714285714285715,59.142857142857146,4.428571428571429,11.285714285714286,15.428571428571429,13.571428571428571,10.142857142857142,6.428571428571429,11.857142857142858,20.857142857142858,58.57142857142857,5.857142857142857,21.142857142857142,13.714285714285714,11.857142857142858,12.142857142857142,5.571428571428571,15.571428571428571,13.571428571428571,23.666666666666668,63.666666666666664,3.5,12.833333333333334,17.166666666666668,10.333333333333334,18.0,13.166666666666666,20.5,22.666666666666668,58.166666666666664,5.166666666666667,17.0,12.833333333333334,12.166666666666666,22.0,9.5,22.666666666666668,4.0,1.0,0.6666666666666666,6.0,3.0,3.0,2006.6408052929423
420,27.0,57.666666666666664,5.333333333333333,13.666666666666666,14.166666666666666,13.833333333333334,18.166666666666668,7.0,14.666666666666666,23.666666666666668,66.33333333333333,5.333333333333333,18.666666666666668,18.5,12.333333333333334,14.5,9.333333333333334,16.833333333333332,9.666666666666666,25.166666666666668,61.0,3.8333333333333335,10.666666666666666,14.833333333333334,13.166666666666666,13.333333333333334,9.833333333333334,16.333333333333332,21.833333333333332,54.0,5.5,15.833333333333334,12.833333333333334,13.5,16.833333333333332,6.833333333333333,15.166666666666666,2.1666666666666665,1.0,0.3333333333333333,2.0,7.0,-5.0,2294.3409818527875
421,28.0,69.33333333333333,6.666666666666667,19.833333333333332,16.166666666666668,13.666666666666666,13.333333333333334,11.833333333333334,19.0,23.333333333333332,57.166666666666664,4.0,11.833333333333334,14.5,10.666666666666666,21.5,5.166666666666667,17.0,9.666666666666666,24.8,60.0,6.6,18.0,13.6,14.8,13.2,9.0,14.0,22.4,59.6,4.0,12.6,14.6,13.4,18.4,5.6,16.2,11.0,0.6666666666666666,0.5,2.0,7.0,-5.0,2154.067380097479
422,21.6,55.4,4.6,18.4,12.6,13.0,16.8,8.6,16.4,22.0,54.0,5.0,14.2,12.0,13.0,16.4,8.2,16.2,-2.4,25.333333333333332,54.0,5.5,13.5,9.833333333333334,18.5,14.166666666666666,8.0,13.166666666666666,23.833333333333332,59.666666666666664,5.0,15.5,11.0,13.666666666666666,14.333333333333334,8.5,16.5,9.333333333333334,0.3333333333333333,1.0,5.0,4.0,1.0,2015.9429953211084
423,24.2,58.6,4.8,14.6,13.0,13.2,15.6,7.2,13.6,23.8,63.2,3.8,18.2,14.0,13.2,14.4,8.2,17.2,7.8,25.8,62.4,6.6,17.6,13.0,10.8,12.4,9.4,20.4,22.8,52.0,5.6,15.0,9.2,15.0,16.6,6.2,17.6,4.0,0.5,0.5,6.0,3.0,3.0,1991.214963757862
424,29.285714285714285,69.28571428571429,4.428571428571429,13.428571428571429,18.0,17.142857142857142,15.285714285714286,9.857142857142858,14.714285714285714,24.857142857142858,63.285714285714285,4.571428571428571,17.142857142857142,13.571428571428571,12.142857142857142,21.0,8.857142857142858,19.857142857142858,16.857142857142858,23.2,58.4,5.8,21.0,12.0,15.2,16.0,9.0,14.8,23.4,58.6,5.6,17.0,12.8,14.6,17.4,7.6,14.0,-1.6,1.0,0.5,1.0,9.0,-8.0,2418.1382567186038
425,25.666666666666668,62.5,6.0,21.833333333333332,15.5,13.666666666666666,11.5,6.166666666666667,11.833333333333334,18.5,68.0,3.5,17.166666666666668,19.5,7.833333333333333,12.333333333333334,4.333333333333333,15.5,19.333333333333332,21.4,53.0,4.6,18.4,10.8,13.6,12.0,5.4,12.4,22.2,52.8,5.0,15.0,10.4,15.2,11.8,5.4,14.2,-1.2,1.0,0.5,1.0,8.0,-7.0,2396.474751335209
426,24.4,62.8,4.6,14.6,20.0,9.6,12.8,7.6,15.2,22.4,55.8,4.2,12.6,10.8,9.4,14.8,5.6,18.4,10.0,24.2,58.6,4.8,14.6,13.0,13.2,15.6,7.2,13.6,23.8,63.2,3.8,18.2,14.0,13.2,14.4,8.2,17.2,7.8,0.5,0.5,2.0,6.0,-4.0,2084.5667240935068
427,30.571428571428573,64.57142857142857,7.857142857142857,20.857142857142858,14.428571428571429,20.428571428571427,16.428571428571427,9.714285714285714,13.142857142857142,20.285714285714285,62.142857142857146,4.571428571428571,17.0,12.142857142857142,11.714285714285714,16.857142857142858,7.0,15.0,24.142857142857142,28.4,64.0,6.0,16.2,17.2,16.2,16.4,5.2,19.2,25.0,57.0,4.6,11.8,12.4,12.2,15.6,8.2,18.2,2.8,0.5,0.5,1.0,4.0,-3.0,2412.3644577225805
428,20.4,59.0,2.8,16.4,14.2,11.4,14.2,7.8,15.0,19.8,58.6,5.4,18.4,10.8,12.4,14.6,5.8,15.0,1.6,25.666666666666668,62.5,6.0,21.833333333333332,15.5,13.666666666666666,11.5,6.166666666666667,11.833333333333334,18.5,68.0,3.5,17.166666666666668,19.5,7.833333333333333,12.333333333333334,4.333333333333333,15.5,19.333333333333332,0.5,1.0,4.0,1.0,3.0,2047.179499014132
429,28.0,69.33333333333333,6.666666666666667,19.833333333333332,16.166666666666668,13.666666666666666,13.333333333333334,11.833333333333334,19.0,23.333333333333332,57.166666666666664,4.0,11.833333333333334,14.5,10.666666666666666,21.5,5.166666666666667,17.0,9.666666666666666,24.714285714285715,59.142857142857146,4.428571428571429,11.285714285714286,15.428571428571429,13.571428571428571,10.142857142857142,6.428571428571429,11.857142857142858,20.857142857142858,58.57142857142857,5.857142857142857,21.142857142857142,13.714285714285714,11.857142857142858,12.142857142857142,5.571428571428571,15.571428571428571,13.571428571428571,0.6666666666666666,1.0,2.0,6.0,-4.0,2163.131449962967
430,27.0,57.666666666666664,5.333333333333333,13.666666666666666,14.166666666666666,13.833333333333334,18.166666666666668,7.0,14.666666666666666,23.666666666666668,66.33333333333333,5.333333333333333,18.666666666666668,18.5,12.333333333333334,14.5,9.333333333333334,16.833333333333332,9.666666666666666,24.6,59.6,4.8,18.0,12.2,14.0,14.2,6.4,13.2,24.6,58.4,5.2,16.0,11.2,11.0,15.6,8.4,16.0,1.8,1.0,0.5,2.0,6.0,-4.0,2298.304389996793
431,21.6,55.4,4.6,18.4,12.6,13.0,16.8,8.6,16.4,22.0,54.0,5.0,14.2,12.0,13.0,16.4,8.2,16.2,-2.4,32.142857142857146,57.57142857142857,2.7142857142857144,7.0,10.0,22.0,14.571428571428571,7.857142857142857,11.571428571428571,20.571428571428573,61.0,7.714285714285714,22.285714285714285,12.571428571428571,11.714285714285714,16.285714285714285,7.714285714285714,15.142857142857142,23.428571428571427,0.3333333333333333,1.0,5.0,1.0,4.0,2031.2938184066147
432,29.285714285714285,69.28571428571429,4.428571428571429,13.428571428571429,18.0,17.142857142857142,15.285714285714286,9.857142857142858,14.714285714285714,24.857142857142858,63.285714285714285,4.571428571428571,17.142857142857142,13.571428571428571,12.142857142857142,21.0,8.857142857142858,19.857142857142858,16.857142857142858,26.5,59.333333333333336,6.833333333333333,17.333333333333332,10.666666666666666,15.833333333333334,16.166666666666668,7.666666666666667,18.0,26.333333333333332,61.666666666666664,7.166666666666667,19.333333333333332,11.833333333333334,15.666666666666666,13.5,9.0,15.666666666666666,-1.8333333333333333,1.0,0.6666666666666666,1.0,12.0,-11.0,2419.842866554221
433,24.6,57.0,4.2,11.8,12.8,9.8,18.0,4.4,12.6,29.0,71.8,5.2,15.0,14.8,16.8,10.2,9.4,17.8,1.6,23.833333333333332,58.166666666666664,6.333333333333333,21.0,9.833333333333334,11.666666666666666,15.166666666666666,6.0,18.166666666666668,28.5,63.5,6.666666666666667,16.833333333333332,14.333333333333334,16.333333333333332,14.5,6.333333333333333,20.166666666666668,-8.166666666666666,0.5,0.6666666666666666,2.0,6.0,-4.0,2192.8424483208305
434,24.4,62.8,4.6,14.6,20.0,9.6,12.8,7.6,15.2,22.4,55.8,4.2,12.6,10.8,9.4,14.8,5.6,18.4,10.0,20.4,59.0,2.8,16.4,14.2,11.4,14.2,7.8,15.0,19.8,58.6,5.4,18.4,10.8,12.4,14.6,5.8,15.0,1.6,0.5,0.5,2.0,4.0,-2.0,2097.246458075854
435,30.571428571428573,64.57142857142857,7.857142857142857,20.857142857142858,14.428571428571429,20.428571428571427,16.428571428571427,9.714285714285714,13.142857142857142,20.285714285714285,62.142857142857146,4.571428571428571,17.0,12.142857142857142,11.714285714285714,16.857142857142858,7.0,15.0,24.142857142857142,28.0,69.33333333333333,6.666666666666667,19.833333333333332,16.166666666666668,13.666666666666666,13.333333333333334,11.833333333333334,19.0,23.333333333333332,57.166666666666664,4.0,11.833333333333334,14.5,10.666666666666666,21.5,5.166666666666667,17.0,9.666666666666666,0.5,0.6666666666666666,1.0,2.0,-1.0,2417.3886934343245
436,21.6,55.4,4.6,18.4,12.6,13.0,16.8,8.6,16.4,22.0,54.0,5.0,14.2,12.0,13.0,16.4,8.2,16.2,-2.4,24.6,57.0,4.2,11.8,12.8,9.8,18.0,4.4,12.6,29.0,71.8,5.2,15.0,14.8,16.8,10.2,9.4,17.8,1.6,0.3333333333333333,0.5,5.0,2.0,3.0,2061.0591291459423
437,29.285714285714285,69.28571428571429,4.428571428571429,13.428571428571429,18.0,17.142857142857142,15.285714285714286,9.857142857142858,14.714285714285714,24.857142857142858,63.285714285714285,4.571428571428571,17.142857142857142,13.571428571428571,12.142857142857142,21.0,8.857142857142858,19.857142857142858,16.857142857142858,27.0,57.666666666666664,5.333333333333333,13.666666666666666,14.166666666666666,13.833333333333334,18.166666666666668,7.0,14.666666666666666,23.666666666666668,66.33333333333333,5.333333333333333,18.666666666666668,18.5,12.333333333333334,14.5,9.333333333333334,16.833333333333332,9.666666666666666,1.0,1.0,1.0,2.0,-1.0,2421.595142674651
438,30.571428571428573,64.57142857142857,7.857142857142857,20.857142857142858,14.428571428571429,20.428571428571427,16.428571428571427,9.714285714285714,13.142857142857142,20.285714285714285,62.142857142857146,4.571428571428571,17.0,12.142857142857142,11.714285714285714,16.857142857142858,7.0,15.0,24.142857142857142,29.285714285714285,69.28571428571429,4.428571428571429,13.428571428571429,18.0,17.142857142857142,15.285714285714286,9.857142857142858,14.714285714285714,24.857142857142858,63.285714285714285,4.571428571428571,17.142857142857142,13.571428571428571,12.142857142857142,21.0,8.857142857142858,19.857142857142858,16.857142857142858,0.5,1.0,1.0,1.0,0.0,2423.6879795784607
439,21.6,55.4,4.6,18.4,12.6,13.0,16.8,8.6,16.4,22.0,54.0,5.0,14.2,12.0,13.0,16.4,8.2,16.2,-2.4,24.4,62.8,4.6,14.6,20.0,9.6,12.8,7.6,15.2,22.4,55.8,4.2,12.6,10.8,9.4,14.8,5.6,18.4,10.0,0.3333333333333333,0.5,5.0,2.0,3.0,2083.206977788282
440,30.571428571428573,64.57142857142857,7.857142857142857,20.857142857142858,14.428571428571429,20.428571428571427,16.428571428571427,9.714285714285714,13.142857142857142,20.285714285714285,62.142857142857146,4.571428571428571,17.0,12.142857142857142,11.714285714285714,16.857142857142858,7.0,15.0,24.142857142857142,21.6,55.4,4.6,18.4,12.6,13.0,16.8,8.6,16.4,22.0,54.0,5.0,14.2,12.0,13.0,16.4,8.2,16.2,-2.4,0.5,0.3333333333333333,1.0,5.0,-4.0,2440.0871227480025
441,27.428571428571427,66.0,9.428571428571429,26.142857142857142,13.428571428571429,19.0,11.571428571428571,13.857142857142858,11.857142857142858,23.285714285714285,57.57142857142857,4.571428571428571,15.0,11.571428571428571,13.428571428571429,20.571428571428573,4.857142857142857,11.714285714285714,14.285714285714286,24.4,62.8,4.6,14.6,20.0,9.6,12.8,7.6,15.2,22.4,55.8,4.2,12.6,10.8,9.4,14.8,5.6,18.4,10.0,1.0,0.5,15.0,2.0,13.0,1786.7871536790976
442,24.0,57.5,6.666666666666667,22.0,11.166666666666666,10.333333333333334,16.833333333333332,5.666666666666667,14.333333333333334,23.5,65.83333333333333,5.333333333333333,18.666666666666668,14.666666666666666,8.666666666666666,13.666666666666666,9.0,17.333333333333332,5.0,30.571428571428573,64.57142857142857,7.857142857142857,20.857142857142858,14.428571428571429,20.428571428571427,16.428571428571427,9.714285714285714,13.142857142857142,20.285714285714285,62.142857142857146,4.571428571428571,17.0,12.142857142857142,11.714285714285714,16.857142857142858,7.0,15.0,24.142857142857142,0.75,0.5,16.0,1.0,15.0,1479.2606004857662
443,24.666666666666668,62.166666666666664,5.0,16.666666666666668,14.666666666666666,14.333333333333334,15.666666666666666,7.166666666666667,12.166666666666666,23.666666666666668,64.0,8.5,26.833333333333332,13.666666666666666,17.666666666666668,13.666666666666666,7.833333333333333,14.666666666666666,-2.0,24.833333333333332,61.166666666666664,8.666666666666666,28.833333333333332,12.5,17.833333333333332,12.666666666666666,8.333333333333334,12.166666666666666,21.666666666666668,55.5,6.0,15.5,11.5,12.333333333333334,16.833333333333332,6.833333333333333,11.333333333333334,9.5,0.6666666666666666,0.75,7.0,10.0,-3.0,1942.2684884661596
444,23.333333333333332,61.666666666666664,6.5,18.0,15.166666666666666,16.833333333333332,14.833333333333334,10.5,13.166666666666666,20.166666666666668,55.5,5.0,16.833333333333332,11.166666666666666,12.5,16.833333333333332,9.833333333333334,15.833333333333334,8.666666666666666,20.4,59.0,2.8,16.4,14.2,11.4,14.2,7.8,15.0,19.8,58.6,5.4,18.4,10.8,12.4,14.6,5.8,15.0,1.6,0.75,0.5,13.0,4.0,9.0,1614.0207403839545
445,23.0,58.25,3.0,14.5,13.75,11.75,14.5,9.25,13.5,19.5,52.75,2.25,12.75,9.5,9.75,19.0,7.25,17.5,11.25,23.714285714285715,55.42857142857143,8.0,21.857142857142858,10.285714285714286,18.285714285714285,15.714285714285714,4.714285714285714,14.142857142857142,24.571428571428573,60.142857142857146,7.0,20.857142857142858,8.428571428571429,14.857142857142858,12.571428571428571,8.857142857142858,17.0,5.714285714285714,1.0,0.75,12.0,5.0,7.0,2001.914254754076
446,23.8,66.4,4.0,12.6,17.6,11.8,13.0,7.8,17.2,19.8,56.0,5.2,16.2,10.6,10.4,13.4,8.0,14.6,3.8,26.5,59.333333333333336,6.833333333333333,17.333333333333332,10.666666666666666,15.833333333333334,16.166666666666668,7.666666666666667,18.0,26.333333333333332,61.666666666666664,7.166666666666667,19.333333333333332,11.833333333333334,15.666666666666666,13.5,9.0,15.666666666666666,-1.8333333333333333,0.5,0.6666666666666666,5.0,12.0,-7.0,1900.9833214792689
447,25.285714285714285,63.142857142857146,6.571428571428571,19.428571428571427,14.428571428571429,17.857142857142858,13.285714285714286,12.571428571428571,13.714285714285714,20.142857142857142,56.142857142857146,3.7142857142857144,14.857142857142858,12.571428571428571,12.571428571428571,22.285714285714285,6.428571428571429,16.428571428571427,18.285714285714285,28.4,64.0,6.0,16.2,17.2,16.2,16.4,5.2,19.2,25.0,57.0,4.6,11.8,12.4,12.2,15.6,8.2,18.2,2.8,1.0,0.5,13.0,4.0,9.0,1691.574540379495
448,25.333333333333332,57.833333333333336,8.0,23.0,13.166666666666666,19.333333333333332,11.833333333333334,8.0,11.5,16.833333333333332,52.833333333333336,3.1666666666666665,16.666666666666668,10.666666666666666,7.833333333333333,16.333333333333332,6.666666666666667,15.0,26.833333333333332,23.0,57.166666666666664,4.333333333333333,15.333333333333334,12.166666666666666,13.333333333333334,15.333333333333334,7.5,14.5,20.666666666666668,53.666666666666664,5.0,16.333333333333332,9.333333333333334,12.333333333333334,15.5,7.0,11.833333333333334,2.5,1.0,0.6666666666666666,12.0,5.0,7.0,1835.6051445577289
449,27.166666666666668,60.833333333333336,5.833333333333333,18.333333333333332,13.5,15.166666666666666,10.666666666666666,9.166666666666666,13.333333333333334,20.166666666666668,53.333333333333336,3.6666666666666665,12.333333333333334,9.0,9.833333333333334,15.666666666666666,4.5,17.666666666666668,17.666666666666668,24.6,59.6,4.8,18.0,12.2,14.0,14.2,6.4,13.2,24.6,58.4,5.2,16.0,11.2,11.0,15.6,8.4,16.0,1.8,1.0,0.5,11.0,6.0,5.0,1766.9512233207415
450,26.571428571428573,63.857142857142854,6.857142857142857,21.428571428571427,14.142857142857142,12.714285714285714,14.142857142857142,10.142857142857142,13.857142857142858,24.285714285714285,61.285714285714285,6.0,18.714285714285715,13.285714285714286,13.0,16.714285714285715,5.428571428571429,15.0,9.571428571428571,23.833333333333332,58.166666666666664,6.333333333333333,21.0,9.833333333333334,11.666666666666666,15.166666666666666,6.0,18.166666666666668,28.5,63.5,6.666666666666667,16.833333333333332,14.333333333333334,16.333333333333332,14.5,6.333333333333333,20.166666666666668,-8.166666666666666,1.0,0.6666666666666666,11.0,6.0,5.0,1709.8798743764696
451,27.25,58.5,4.25,15.5,9.75,19.0,12.0,8.75,16.5,20.0,56.5,5.5,20.0,9.5,9.5,14.25,6.5,16.75,17.0,21.8,55.2,3.8,12.4,17.0,12.0,12.6,8.0,15.4,18.8,49.0,2.6,10.0,9.2,9.6,16.2,4.2,20.2,10.4,1.0,0.5,13.0,4.0,9.0,1753.9265997288928
452,22.8,58.4,6.0,17.4,14.8,10.0,12.8,9.0,15.0,24.4,50.2,6.4,13.4,8.8,13.4,18.2,7.6,16.8,-1.0,19.166666666666668,64.5,7.5,26.5,16.0,11.666666666666666,14.0,7.833333333333333,18.5,20.666666666666668,54.5,5.166666666666667,17.166666666666668,12.166666666666666,13.333333333333334,17.833333333333332,5.666666666666667,15.333333333333334,-3.6666666666666665,0.0,0.6666666666666666,7.0,10.0,-3.0,1938.451575260786
453,24.2,55.2,7.4,17.0,9.8,13.6,16.4,10.6,17.8,20.6,55.8,5.8,19.8,12.6,10.8,17.0,7.4,16.0,7.2,24.6,57.0,4.2,11.8,12.8,9.8,18.0,4.4,12.6,29.0,71.8,5.2,15.0,14.8,16.8,10.2,9.4,17.8,1.6,1.0,0.5,15.0,2.0,13.0,1571.042805104028
454,27.571428571428573,60.42857142857143,4.285714285714286,13.285714285714286,12.857142857142858,14.428571428571429,10.0,8.571428571428571,16.0,22.571428571428573,53.42857142857143,4.142857142857143,11.142857142857142,10.714285714285714,10.142857142857142,14.285714285714286,5.142857142857143,15.0,8.857142857142858,24.833333333333332,62.666666666666664,1.6666666666666667,7.5,13.5,14.333333333333334,11.833333333333334,7.833333333333333,15.166666666666666,25.5,60.833333333333336,4.166666666666667,12.833333333333334,12.5,12.0,15.0,4.833333333333333,15.5,-2.3333333333333335,1.0,1.0,14.0,3.0,11.0,1752.4199678293426
455,24.666666666666668,57.666666666666664,3.8333333333333335,15.0,12.0,10.5,11.666666666666666,8.166666666666666,13.333333333333334,21.5,59.833333333333336,4.333333333333333,17.333333333333332,13.166666666666666,11.166666666666666,14.0,6.5,16.333333333333332,9.5,23.0,57.666666666666664,2.6666666666666665,9.0,13.666666666666666,15.5,15.5,8.333333333333334,16.833333333333332,18.333333333333332,54.333333333333336,3.6666666666666665,17.666666666666668,11.166666666666666,8.333333333333334,16.666666666666668,8.0,16.0,7.5,1.0,0.6666666666666666,14.0,3.0,11.0,1539.9075593118246
456,24.166666666666668,57.666666666666664,5.0,12.666666666666666,12.666666666666666,15.333333333333334,13.5,6.666666666666667,17.0,21.0,59.333333333333336,4.666666666666667,15.666666666666666,13.666666666666666,10.333333333333334,13.833333333333334,7.333333333333333,17.666666666666668,7.333333333333333,20.2,52.2,3.8,12.2,13.2,12.0,18.6,4.4,15.8,19.2,53.4,2.8,11.6,10.8,10.8,16.0,8.8,19.8,4.4,1.0,0.5,9.0,8.0,1.0,1830.4512377975252
457,23.0,57.714285714285715,4.285714285714286,11.0,13.285714285714286,13.428571428571429,15.142857142857142,10.714285714285714,16.857142857142858,19.285714285714285,53.57142857142857,3.5714285714285716,12.0,13.857142857142858,8.714285714285714,19.285714285714285,7.142857142857143,15.857142857142858,8.571428571428571,32.142857142857146,57.57142857142857,2.7142857142857144,7.0,10.0,22.0,14.571428571428571,7.857142857142857,11.571428571428571,20.571428571428573,61.0,7.714285714285714,22.285714285714285,12.571428571428571,11.714285714285714,16.285714285714285,7.714285714285714,15.142857142857142,23.428571428571427,1.0,1.0,16.0,1.0,15.0,1360.1453718242244
458,19.5,50.0,2.5,9.5,10.666666666666666,10.333333333333334,13.833333333333334,6.166666666666667,14.333333333333334,20.833333333333332,56.5,3.5,13.5,14.166666666666666,12.166666666666666,15.0,6.666666666666667,17.833333333333332,3.1666666666666665,24.8,60.0,6.6,18.0,13.6,14.8,13.2,9.0,14.0,22.4,59.6,4.0,12.6,14.6,13.4,18.4,5.6,16.2,11.0,0.6666666666666666,0.5,10.0,7.0,3.0,1945.696241818256
459,20.4,63.4,7.0,21.2,17.0,11.2,14.8,8.0,21.0,21.2,52.2,4.4,16.0,12.6,10.4,17.4,6.6,16.0,-5.2,24.714285714285715,59.142857142857146,4.428571428571429,11.285714285714286,15.428571428571429,13.571428571428571,10.142857142857142,6.428571428571429,11.857142857142858,20.857142857142858,58.57142857142857,5.857142857142857,21.142857142857142,13.714285714285714,11.857142857142858,12.142857142857142,5.571428571428571,15.571428571428571,13.571428571428571,0.0,1.0,11.0,6.0,5.0,1939.2258461405788
460,22.714285714285715,58.285714285714285,3.857142857142857,14.857142857142858,15.714285714285714,11.714285714285714,12.142857142857142,8.714285714285714,16.428571428571427,13.142857142857142,50.0,1.2857142857142858,8.571428571428571,13.571428571428571,5.857142857142857,20.0,4.428571428571429,17.428571428571427,25.285714285714285,27.0,57.666666666666664,5.333333333333333,13.666666666666666,14.166666666666666,13.833333333333334,18.166666666666668,7.0,14.666666666666666,23.666666666666668,66.33333333333333,5.333333333333333,18.666666666666668,18.5,12.333333333333334,14.5,9.333333333333334,16.833333333333332,9.666666666666666,1.0,1.0,15.0,2.0,13.0,1743.1339548268322
461,24.0,59.666666666666664,5.0,16.166666666666668,14.333333333333334,15.166666666666666,13.166666666666666,9.166666666666666,12.0,18.333333333333332,53.833333333333336,3.3333333333333335,13.833333333333334,8.833333333333334,6.666666666666667,16.5,5.666666666666667,15.0,18.0,23.8,60.4,4.8,14.2,13.2,14.0,13.8,8.6,15.8,26.4,63.2,4.4,14.8,18.6,15.8,16.8,6.4,14.8,-4.8,1.0,0.5,9.0,8.0,1.0,1784.7905352993755
462,19.8,59.0,2.8,11.8,16.6,12.2,18.6,7.2,17.6,21.6,60.6,3.0,11.0,12.2,11.2,14.6,8.2,18.6,2.4,23.2,58.4,5.8,21.0,12.0,15.2,16.0,9.0,14.8,23.4,58.6,5.6,17.0,12.8,14.6,17.4,7.6,14.0,-1.6,0.5,0.5,8.0,9.0,-1.0,1981.823859169892
463,22.5,58.0,7.666666666666667,26.166666666666668,13.333333333333334,15.333333333333334,11.166666666666666,7.333333333333333,9.833333333333334,19.5,55.166666666666664,5.5,16.0,12.666666666666666,11.0,14.833333333333334,5.0,11.833333333333334,9.666666666666666,28.0,69.33333333333333,6.666666666666667,19.833333333333332,16.166666666666668,13.666666666666666,13.333333333333334,11.833333333333334,19.0,23.333333333333332,57.166666666666664,4.0,11.833333333333334,14.5,10.666666666666666,21.5,5.166666666666667,17.0,9.666666666666666,1.0,0.6666666666666666,15.0,2.0,13.0,1486.8717885308463
464,22.5,55.333333333333336,8.0,22.333333333333332,15.666666666666666,13.833333333333334,14.333333333333334,5.666666666666667,13.166666666666666,22.0,58.5,2.8333333333333335,11.666666666666666,13.5,11.0,14.5,6.333333333333333,19.666666666666668,12.833333333333334,21.6,55.4,4.6,18.4,12.6,13.0,16.8,8.6,16.4,22.0,54.0,5.0,14.2,12.0,13.0,16.4,8.2,16.2,-2.4,1.0,0.3333333333333333,12.0,5.0,7.0,1846.396254782855
465,24.25,53.75,10.0,26.25,8.625,19.25,12.0,8.875,14.875,16.375,50.625,4.375,19.625,11.375,9.75,17.75,5.875,17.0,23.125,24.2,58.6,4.8,14.6,13.0,13.2,15.6,7.2,13.6,23.8,63.2,3.8,18.2,14.0,13.2,14.4,8.2,17.2,7.8,1.0,0.5,11.0,6.0,5.0,2024.755208835073
466,23.333333333333332,57.333333333333336,9.833333333333334,26.333333333333332,9.0,18.333333333333332,9.166666666666666,6.333333333333333,14.666666666666666,22.0,57.833333333333336,2.6666666666666665,10.5,13.833333333333334,9.833333333333334,12.5,4.833333333333333,13.166666666666666,8.833333333333334,21.4,53.0,4.6,18.4,10.8,13.6,12.0,5.4,12.4,22.2,52.8,5.0,15.0,10.4,15.2,11.8,5.4,14.2,-1.2,0.6666666666666666,0.5,9.0,8.0,1.0,1840.721109430045
467,21.6,49.6,2.0,8.8,10.6,12.0,15.0,11.4,15.2,19.2,51.2,2.8,11.2,9.4,11.2,19.0,6.4,19.2,11.8,23.666666666666668,63.666666666666664,3.5,12.833333333333334,17.166666666666668,10.333333333333334,18.0,13.166666666666666,20.5,22.666666666666668,58.166666666666664,5.166666666666667,17.0,12.833333333333334,12.166666666666666,22.0,9.5,22.666666666666668,4.0,1.0,0.6666666666666666,14.0,3.0,11.0,1682.18200271575
468,26.333333333333332,61.666666666666664,9.333333333333334,28.333333333333332,9.666666666666666,12.833333333333334,10.5,6.666666666666667,9.5,25.333333333333332,66.83333333333333,8.166666666666666,27.0,14.833333333333334,17.166666666666668,13.666666666666666,6.666666666666667,15.333333333333334,12.166666666666666,29.285714285714285,69.28571428571429,4.428571428571429,13.428571428571429,18.0,17.142857142857142,15.285714285714286,9.857142857142858,14.714285714285714,24.857142857142858,63.285714285714285,4.571428571428571,17.142857142857142,13.571428571428571,12.142857142857142,21.0,8.857142857142858,19.857142857142858,16.857142857142858,1.0,1.0,16.0,1.0,15.0,1544.0028618853466
469,25.666666666666668,65.66666666666667,6.0,22.333333333333332,14.5,15.0,14.5,6.333333333333333,14.666666666666666,29.833333333333332,69.5,6.5,16.666666666666668,17.5,16.5,13.666666666666666,6.5,13.833333333333334,-6.333333333333333,25.166666666666668,61.0,3.8333333333333335,10.666666666666666,14.833333333333334,13.166666666666666,13.333333333333334,9.833333333333334,16.333333333333332,21.833333333333332,54.0,5.5,15.833333333333334,12.833333333333334,13.5,16.833333333333332,6.833333333333333,15.166666666666666,2.1666666666666665,0.3333333333333333,0.3333333333333333,10.0,7.0,3.0,1944.8694918778588
470,24.857142857142858,55.42857142857143,5.428571428571429,13.714285714285714,13.0,13.428571428571429,15.285714285714286,8.0,15.714285714285714,17.714285714285715,51.42857142857143,2.2857142857142856,11.428571428571429,10.0,9.428571428571429,17.142857142857142,5.571428571428571,15.142857142857142,17.714285714285715,25.8,62.4,6.6,17.6,13.0,10.8,12.4,9.4,20.4,22.8,52.0,5.6,15.0,9.2,15.0,16.6,6.2,17.6,4.0,0.75,0.5,14.0,3.0,11.0,1602.7927170292082
471,22.666666666666668,55.333333333333336,5.5,15.666666666666666,19.0,11.333333333333334,18.5,10.666666666666666,15.166666666666666,16.5,53.833333333333336,5.833333333333333,21.666666666666668,9.833333333333334,8.833333333333334,16.833333333333332,7.333333333333333,19.666666666666668,19.666666666666668,25.333333333333332,54.0,5.5,13.5,9.833333333333334,18.5,14.166666666666666,8.0,13.166666666666666,23.833333333333332,59.666666666666664,5.0,15.5,11.0,13.666666666666666,14.333333333333334,8.5,16.5,9.333333333333334,1.0,1.0,13.0,4.0,9.0,1671.2316641009118
472,23.75,54.0,4.375,12.75,8.375,11.375,12.625,8.75,16.375,23.5,61.125,6.25,18.625,13.5,12.75,14.625,5.875,19.375,5.875,25.666666666666668,62.5,6.0,21.833333333333332,15.5,13.666666666666666,11.5,6.166666666666667,11.833333333333334,18.5,68.0,3.5,17.166666666666668,19.5,7.833333333333333,12.333333333333334,4.333333333333333,15.5,19.333333333333332,1.0,1.0,16.0,1.0,15.0,1590.4470008861224
473,19.166666666666668,64.5,7.5,26.5,16.0,11.666666666666666,14.0,7.833333333333333,18.5,20.666666666666668,54.5,5.166666666666667,17.166666666666668,12.166666666666666,13.333333333333334,17.833333333333332,5.666666666666667,15.333333333333334,-3.6666666666666665,24.4,62.8,4.6,14.6,20.0,9.6,12.8,7.6,15.2,22.4,55.8,4.2,12.6,10.8,9.4,14.8,5.6,18.4,10.0,0.6666666666666666,0.5,10.0,2.0,8.0,1863.819971226525
474,20.2,52.2,3.8,12.2,13.2,12.0,18.6,4.4,15.8,19.2,53.4,2.8,11.6,10.8,10.8,16.0,8.8,19.8,4.4,30.571428571428573,64.57142857142857,7.857142857142857,20.857142857142858,14.428571428571429,20.428571428571427,16.428571428571427,9.714285714285714,13.142857142857142,20.285714285714285,62.142857142857146,4.571428571428571,17.0,12.142857142857142,11.714285714285714,16.857142857142858,7.0,15.0,24.142857142857142,0.5,0.5,8.0,1.0,7.0,1968.6899883174256
475,23.714285714285715,55.42857142857143,8.0,21.857142857142858,10.285714285714286,18.285714285714285,15.714285714285714,4.714285714285714,14.142857142857142,24.571428571428573,60.142857142857146,7.0,20.857142857142858,8.428571428571429,14.857142857142858,12.571428571428571,8.857142857142858,17.0,5.714285714285714,20.4,59.0,2.8,16.4,14.2,11.4,14.2,7.8,15.0,19.8,58.6,5.4,18.4,10.8,12.4,14.6,5.8,15.0,1.6,0.75,0.5,5.0,4.0,1.0,2042.228202771299
476,21.8,55.2,3.8,12.4,17.0,12.0,12.6,8.0,15.4,18.8,49.0,2.6,10.0,9.2,9.6,16.2,4.2,20.2,10.4,26.5,59.333333333333336,6.833333333333333,17.333333333333332,10.666666666666666,15.833333333333334,16.166666666666668,7.666666666666667,18.0,26.333333333333332,61.666666666666664,7.166666666666667,19.333333333333332,11.833333333333334,15.666666666666666,13.5,9.0,15.666666666666666,-1.8333333333333333,0.5,0.6666666666666666,4.0,12.0,-8.0,2015.8079877372816
477,23.0,57.166666666666664,4.333333333333333,15.333333333333334,12.166666666666666,13.333333333333334,15.333333333333334,7.5,14.5,20.666666666666668,53.666666666666664,5.0,16.333333333333332,9.333333333333334,12.333333333333334,15.5,7.0,11.833333333333334,2.5,28.4,64.0,6.0,16.2,17.2,16.2,16.4,5.2,19.2,25.0,57.0,4.6,11.8,12.4,12.2,15.6,8.2,18.2,2.8,0.6666666666666666,0.5,5.0,4.0,1.0,1979.2696813380444
478,24.833333333333332,62.666666666666664,1.6666666666666667,7.5,13.5,14.333333333333334,11.833333333333334,7.833333333333333,15.166666666666666,25.5,60.833333333333336,4.166666666666667,12.833333333333334,12.5,12.0,15.0,4.833333333333333,15.5,-2.3333333333333335,24.6,59.6,4.8,18.0,12.2,14.0,14.2,6.4,13.2,24.6,58.4,5.2,16.0,11.2,11.0,15.6,8.4,16.0,1.8,1.0,0.5,3.0,6.0,-3.0,2139.320147159884
479,23.0,57.666666666666664,2.6666666666666665,9.0,13.666666666666666,15.5,15.5,8.333333333333334,16.833333333333332,18.333333333333332,54.333333333333336,3.6666666666666665,17.666666666666668,11.166666666666666,8.333333333333334,16.666666666666668,8.0,16.0,7.5,23.833333333333332,58.166666666666664,6.333333333333333,21.0,9.833333333333334,11.666666666666666,15.166666666666666,6.0,18.166666666666668,28.5,63.5,6.666666666666667,16.833333333333332,14.333333333333334,16.333333333333332,14.5,6.333333333333333,20.166666666666668,-8.166666666666666,0.6666666666666666,0.6666666666666666,3.0,6.0,-3.0,2002.1836417411057
480,24.833333333333332,61.166666666666664,8.666666666666666,28.833333333333332,12.5,17.833333333333332,12.666666666666666,8.333333333333334,12.166666666666666,21.666666666666668,55.5,6.0,15.5,11.5,12.333333333333334,16.833333333333332,6.833333333333333,11.333333333333334,9.5,24.6,57.0,4.2,11.8,12.8,9.8,18.0,4.4,12.6,29.0,71.8,5.2,15.0,14.8,16.8,10.2,9.4,17.8,1.6,0.75,0.5,10.0,2.0,8.0,1817.5870417838585
481,23.8,60.4,4.8,14.2,13.2,14.0,13.8,8.6,15.8,26.4,63.2,4.4,14.8,18.6,15.8,16.8,6.4,14.8,-4.8,32.142857142857146,57.57142857142857,2.7142857142857144,7.0,10.0,22.0,14.571428571428571,7.857142857142857,11.571428571428571,20.571428571428573,61.0,7.714285714285714,22.285714285714285,12.571428571428571,11.714285714285714,16.285714285714285,7.714285714285714,15.142857142857142,23.428571428571427,0.5,1.0,8.0,1.0,7.0,1947.1725424844904
482,23.666666666666668,63.666666666666664,3.5,12.833333333333334,17.166666666666668,10.333333333333334,18.0,13.166666666666666,20.5,22.666666666666668,58.166666666666664,5.166666666666667,17.0,12.833333333333334,12.166666666666666,22.0,9.5,22.666666666666668,4.0,24.714285714285715,59.142857142857146,4.428571428571429,11.285714285714286,15.428571428571429,13.571428571428571,10.142857142857142,6.428571428571429,11.857142857142858,20.857142857142858,58.57142857142857,5.857142857142857,21.142857142857142,13.714285714285714,11.857142857142858,12.142857142857142,5.571428571428571,15.571428571428571,13.571428571428571,0.6666666666666666,1.0,3.0,6.0,-3.0,2081.9089050476146
483,25.166666666666668,61.0,3.8333333333333335,10.666666666666666,14.833333333333334,13.166666666666666,13.333333333333334,9.833333333333334,16.333333333333332,21.833333333333332,54.0,5.5,15.833333333333334,12.833333333333334,13.5,16.833333333333332,6.833333333333333,15.166666666666666,2.1666666666666665,27.0,57.666666666666664,5.333333333333333,13.666666666666666,14.166666666666666,13.833333333333334,18.166666666666668,7.0,14.666666666666666,23.666666666666668,66.33333333333333,5.333333333333333,18.666666666666668,18.5,12.333333333333334,14.5,9.333333333333334,16.833333333333332,9.666666666666666,0.3333333333333333,1.0,7.0,2.0,5.0,1954.478413057719
484,24.8,60.0,6.6,18.0,13.6,14.8,13.2,9.0,14.0,22.4,59.6,4.0,12.6,14.6,13.4,18.4,5.6,16.2,11.0,28.0,69.33333333333333,6.666666666666667,19.833333333333332,16.166666666666668,13.666666666666666,13.333333333333334,11.833333333333334,19.0,23.333333333333332,57.166666666666664,4.0,11.833333333333334,14.5,10.666666666666666,21.5,5.166666666666667,17.0,9.666666666666666,0.5,0.6666666666666666,7.0,2.0,5.0,1992.790135042823
485,25.333333333333332,54.0,5.5,13.5,9.833333333333334,18.5,14.166666666666666,8.0,13.166666666666666,23.833333333333332,59.666666666666664,5.0,15.5,11.0,13.666666666666666,14.333333333333334,8.5,16.5,9.333333333333334,21.6,55.4,4.6,18.4,12.6,13.0,16.8,8.6,16.4,22.0,54.0,5.0,14.2,12.0,13.0,16.4,8.2,16.2,-2.4,1.0,0.3333333333333333,4.0,5.0,-1.0,2001.838554692988
486,25.8,62.4,6.6,17.6,13.0,10.8,12.4,9.4,20.4,22.8,52.0,5.6,15.0,9.2,15.0,16.6,6.2,17.6,4.0,24.2,58.6,4.8,14.6,13.0,13.2,15.6,7.2,13.6,23.8,63.2,3.8,18.2,14.0,13.2,14.4,8.2,17.2,7.8,0.5,0.5,3.0,6.0,-3.0,2084.3829725718474
487,23.2,58.4,5.8,21.0,12.0,15.2,16.0,9.0,14.8,23.4,58.6,5.6,17.0,12.8,14.6,17.4,7.6,14.0,-1.6,29.285714285714285,69.28571428571429,4.428571428571429,13.428571428571429,18.0,17.142857142857142,15.285714285714286,9.857142857142858,14.714285714285714,24.857142857142858,63.285714285714285,4.571428571428571,17.142857142857142,13.571428571428571,12.142857142857142,21.0,8.857142857142858,19.857142857142858,16.857142857142858,0.5,1.0,9.0,1.0,8.0,1918.2376327158472
488,21.4,53.0,4.6,18.4,10.8,13.6,12.0,5.4,12.4,22.2,52.8,5.0,15.0,10.4,15.2,11.8,5.4,14.2,-1.2,25.666666666666668,62.5,6.0,21.833333333333332,15.5,13.666666666666666,11.5,6.166666666666667,11.833333333333334,18.5,68.0,3.5,17.166666666666668,19.5,7.833333333333333,12.333333333333334,4.333333333333333,15.5,19.333333333333332,0.5,1.0,8.0,1.0,7.0,1890.6391981360089
489,24.2,58.6,4.8,14.6,13.0,13.2,15.6,7.2,13.6,23.8,63.2,3.8,18.2,14.0,13.2,14.4,8.2,17.2,7.8,24.4,62.8,4.6,14.6,20.0,9.6,12.8,7.6,15.2,22.4,55.8,4.2,12.6,10.8,9.4,14.8,5.6,18.4,10.0,0.5,0.5,6.0,2.0,4.0,2011.405540253353
490,28.4,64.0,6.0,16.2,17.2,16.2,16.4,5.2,19.2,25.0,57.0,4.6,11.8,12.4,12.2,15.6,8.2,18.2,2.8,30.571428571428573,64.57142857142857,7.857142857142857,20.857142857142858,14.428571428571429,20.428571428571427,16.428571428571427,9.714285714285714,13.142857142857142,20.285714285714285,62.142857142857146,4.571428571428571,17.0,12.142857142857142,11.714285714285714,16.857142857142858,7.0,15.0,24.142857142857142,0.5,0.5,4.0,1.0,3.0,2120.4029569117624
491,25.666666666666668,62.5,6.0,21.833333333333332,15.5,13.666666666666666,11.5,6.166666666666667,11.833333333333334,18.5,68.0,3.5,17.166666666666668,19.5,7.833333333333333,12.333333333333334,4.333333333333333,15.5,19.333333333333332,20.4,59.0,2.8,16.4,14.2,11.4,14.2,7.8,15.0,19.8,58.6,5.4,18.4,10.8,12.4,14.6,5.8,15.0,1.6,1.0,0.5,1.0,4.0,-3.0,2398.1250607771763
492,24.714285714285715,59.142857142857146,4.428571428571429,11.285714285714286,15.428571428571429,13.571428571428571,10.142857142857142,6.428571428571429,11.857142857142858,20.857142857142858,58.57142857142857,5.857142857142857,21.142857142857142,13.714285714285714,11.857142857142858,12.142857142857142,5.571428571428571,15.571428571428571,13.571428571428571,28.0,69.33333333333333,6.666666666666667,19.833333333333332,16.166666666666668,13.666666666666666,13.333333333333334,11.833333333333334,19.0,23.333333333333332,57.166666666666664,4.0,11.833333333333334,14.5,10.666666666666666,21.5,5.166666666666667,17.0,9.666666666666666,1.0,0.6666666666666666,6.0,2.0,4.0,2026.053802251904
493,24.6,59.6,4.8,18.0,12.2,14.0,14.2,6.4,13.2,24.6,58.4,5.2,16.0,11.2,11.0,15.6,8.4,16.0,1.8,27.0,57.666666666666664,5.333333333333333,13.666666666666666,14.166666666666666,13.833333333333334,18.166666666666668,7.0,14.666666666666666,23.666666666666668,66.33333333333333,5.333333333333333,18.666666666666668,18.5,12.333333333333334,14.5,9.333333333333334,16.833333333333332,9.666666666666666,0.5,1.0,6.0,2.0,4.0,2013.4733190226527
494,32.142857142857146,57.57142857142857,2.7142857142857144,7.0,10.0,22.0,14.571428571428571,7.857142857142857,11.571428571428571,20.571428571428573,61.0,7.714285714285714,22.285714285714285,12.571428571428571,11.714285714285714,16.285714285714285,7.714285714285714,15.142857142857142,23.428571428571427,21.6,55.4,4.6,18.4,12.6,13.0,16.8,8.6,16.4,22.0,54.0,5.0,14.2,12.0,13.0,16.4,8.2,16.2,-2.4,1.0,0.3333333333333333,1.0,5.0,-4.0,2481.091129965945
495,26.5,59.333333333333336,6.833333333333333,17.333333333333332,10.666666666666666,15.833333333333334,16.166666666666668,7.666666666666667,18.0,26.333333333333332,61.666666666666664,7.166666666666667,19.333333333333332,11.833333333333334,15.666666666666666,13.5,9.0,15.666666666666666,-1.8333333333333333,29.285714285714285,69.28571428571429,4.428571428571429,13.428571428571429,18.0,17.142857142857142,15.285714285714286,9.857142857142858,14.714285714285714,24.857142857142858,63.285714285714285,4.571428571428571,17.142857142857142,13.571428571428571,12.142857142857142,21.0,8.857142857142858,19.857142857142858,16.857142857142858,0.6666666666666666,1.0,12.0,1.0,11.0,1925.0068036298524
496,23.833333333333332,58.166666666666664,6.333333333333333,21.0,9.833333333333334,11.666666666666666,15.166666666666666,6.0,18.166666666666668,28.5,63.5,6.666666666666667,16.833333333333332,14.333333333333334,16.333333333333332,14.5,6.333333333333333,20.166666666666668,-8.166666666666666,24.6,57.0,4.2,11.8,12.8,9.8,18.0,4.4,12.6,29.0,71.8,5.2,15.0,14.8,16.8,10.2,9.4,17.8,1.6,0.6666666666666666,0.5,6.0,2.0,4.0,2028.1493118785884
497,20.4,59.0,2.8,16.4,14.2,11.4,14.2,7.8,15.0,19.8,58.6,5.4,18.4,10.8,12.4,14.6,5.8,15.0,1.6,24.4,62.8,4.6,14.6,20.0,9.6,12.8,7.6,15.2,22.4,55.8,4.2,12.6,10.8,9.4,14.8,5.6,18.4,10.0,0.5,0.5,4.0,2.0,2.0,2075.4323697277405
498,28.0,69.33333333333333,6.666666666666667,19.833333333333332,16.166666666666668,13.666666666666666,13.333333333333334,11.833333333333334,19.0,23.333333333333332,57.166666666666664,4.0,11.833333333333334,14.5,10.666666666666666,21.5,5.166666666666667,17.0,9.666666666666666,30.571428571428573,64.57142857142857,7.857142857142857,20.857142857142858,14.428571428571429,20.428571428571427,16.428571428571427,9.714285714285714,13.142857142857142,20.285714285714285,62.142857142857146,4.571428571428571,17.0,12.142857142857142,11.714285714285714,16.857142857142858,7.0,15.0,24.142857142857142,0.6666666666666666,0.5,2.0,1.0,1.0,2173.1271535218834
499,24.6,57.0,4.2,11.8,12.8,9.8,18.0,4.4,12.6,29.0,71.8,5.2,15.0,14.8,16.8,10.2,9.4,17.8,1.6,21.6,55.4,4.6,18.4,12.6,13.0,16.8,8.6,16.4,22.0,54.0,5.0,14.2,12.0,13.0,16.4,8.2,16.2,-2.4,0.5,0.3333333333333333,2.0,5.0,-3.0,2201.7793178071597
500,27.0,57.666666666666664,5.333333333333333,13.666666666666666,14.166666666666666,13.833333333333334,18.166666666666668,7.0,14.666666666666666,23.666666666666668,66.33333333333333,5.333333333333333,18.666666666666668,18.5,12.333333333333334,14.5,9.333333333333334,16.833333333333332,9.666666666666666,29.285714285714285,69.28571428571429,4.428571428571429,13.428571428571429,18.0,17.142857142857142,15.285714285714286,9.857142857142858,14.714285714285714,24.857142857142858,63.285714285714285,4.571428571428571,17.142857142857142,13.571428571428571,12.142857142857142,21.0,8.857142857142858,19.857142857142858,16.857142857142858,1.0,1.0,2.0,1.0,1.0,2303.504929241547
501,29.285714285714285,69.28571428571429,4.428571428571429,13.428571428571429,18.0,17.142857142857142,15.285714285714286,9.857142857142858,14.714285714285714,24.857142857142858,63.285714285714285,4.571428571428571,17.142857142857142,13.571428571428571,12.142857142857142,21.0,8.857142857142858,19.857142857142858,16.857142857142858,30.571428571428573,64.57142857142857,7.857142857142857,20.857142857142858,14.428571428571429,20.428571428571427,16.428571428571427,9.714285714285714,13.142857142857142,20.285714285714285,62.142857142857146,4.571428571428571,17.0,12.142857142857142,11.714285714285714,16.857142857142858,7.0,15.0,24.142857142857142,1.0,0.5,1.0,1.0,0.0,2432.3570620077603
502,24.4,62.8,4.6,14.6,20.0,9.6,12.8,7.6,15.2,22.4,55.8,4.2,12.6,10.8,9.4,14.8,5.6,18.4,10.0,21.6,55.4,4.6,18.4,12.6,13.0,16.8,8.6,16.4,22.0,54.0,5.0,14.2,12.0,13.0,16.4,8.2,16.2,-2.4,0.5,0.3333333333333333,2.0,5.0,-3.0,2112.243200144568
503,21.6,55.4,4.6,18.4,12.6,13.0,16.8,8.6,16.4,22.0,54.0,5.0,14.2,12.0,13.0,16.4,8.2,16.2,-2.4,30.571428571428573,64.57142857142857,7.857142857142857,20.857142857142858,14.428571428571429,20.428571428571427,16.428571428571427,9.714285714285714,13.142857142857142,20.285714285714285,62.142857142857146,4.571428571428571,17.0,12.142857142857142,11.714285714285714,16.857142857142858,7.0,15.0,24.142857142857142,0.3333333333333333,0.5,5.0,1.0,4.0,2100.5410407939826
504,21.75,58.75,3.75,12.25,15.0,10.75,15.5,6.5,20.25,24.0,55.0,5.25,16.5,8.5,11.25,15.0,7.25,19.0,-3.25,21.25,53.5,5.5,15.25,11.25,14.5,15.0,5.0,17.0,24.0,54.5,5.25,17.75,10.5,12.25,14.5,5.75,19.25,-5.25,0.0,0.0,9.0,8.0,1.0,1830.2891471897756
505,27.285714285714285,62.57142857142857,3.4285714285714284,13.714285714285714,15.857142857142858,15.714285714285714,13.571428571428571,7.0,16.428571428571427,22.571428571428573,59.714285714285715,5.857142857142857,19.0,12.0,11.857142857142858,15.857142857142858,5.857142857142857,20.714285714285715,12.142857142857142,27.0,60.125,4.5,12.375,12.75,14.125,12.375,11.125,17.25,24.0,56.0,4.5,14.625,9.625,12.875,18.375,5.875,20.75,14.875,1.0,1.0,2.0,15.0,-13.0,2393.394623549637
506,25.2,57.2,7.4,18.0,14.2,17.6,18.6,4.4,18.4,22.0,61.4,5.2,16.6,12.0,11.4,13.6,11.2,19.4,12.4,24.0,58.2,5.8,18.8,12.6,13.0,13.8,4.6,17.4,26.2,61.2,6.4,19.8,13.0,13.8,10.6,9.0,17.8,-6.0,0.6666666666666666,0.5,12.0,5.0,7.0,1844.230378246352
507,26.5,66.25,3.75,15.0,15.0,15.5,14.0,4.25,17.25,28.5,70.75,7.5,21.75,13.25,14.25,11.25,6.5,20.75,0.75,23.166666666666668,56.166666666666664,6.5,18.166666666666668,12.333333333333334,15.166666666666666,13.5,4.166666666666667,14.0,19.0,56.666666666666664,2.6666666666666665,10.666666666666666,8.833333333333334,9.0,10.166666666666666,5.5,14.5,12.0,0.0,1.0,7.0,10.0,-3.0,2021.636297383085
508,29.285714285714285,64.14285714285714,8.0,21.571428571428573,14.428571428571429,17.857142857142858,13.142857142857142,11.428571428571429,15.571428571428571,25.571428571428573,56.285714285714285,5.285714285714286,15.714285714285714,9.571428571428571,12.857142857142858,19.714285714285715,5.857142857142857,18.428571428571427,17.428571428571427,25.8,64.6,8.6,23.6,15.2,13.6,15.4,8.8,23.2,22.8,55.0,6.0,17.2,9.2,12.4,16.6,10.0,19.8,6.2,1.0,0.5,7.0,10.0,-3.0,1995.8011709841155
509,25.5,53.333333333333336,3.3333333333333335,10.0,13.0,11.5,17.833333333333332,6.5,15.333333333333334,23.666666666666668,63.833333333333336,6.666666666666667,22.333333333333332,14.5,13.166666666666666,11.666666666666666,7.333333333333333,17.166666666666668,3.1666666666666665,27.333333333333332,62.0,3.5,13.166666666666666,13.5,13.0,12.5,11.833333333333334,15.5,24.0,59.666666666666664,6.166666666666667,19.5,13.166666666666666,13.0,17.5,6.666666666666667,17.5,8.333333333333334,0.6666666666666666,1.0,2.0,15.0,-13.0,2279.6158680274507
510,26.8,60.0,3.4,11.4,16.0,13.4,21.0,8.6,15.4,25.6,55.6,6.8,14.0,10.0,14.8,19.0,10.0,18.2,-0.2,24.0,55.8,9.6,27.8,7.4,15.2,12.0,4.6,14.6,27.4,61.2,5.0,15.2,12.0,16.4,13.0,5.6,18.2,3.2,0.5,0.0,10.0,7.0,3.0,1920.07169373194
511,26.0,59.666666666666664,3.8333333333333335,10.666666666666666,12.0,12.0,14.0,7.166666666666667,20.333333333333332,25.833333333333332,62.0,4.5,13.333333333333334,10.5,13.0,14.833333333333334,5.0,20.166666666666668,5.333333333333333,31.125,72.0,8.125,23.75,14.75,13.5,10.875,11.5,18.125,26.875,63.0,5.875,21.0,13.5,15.875,21.5,4.125,19.875,16.125,0.6666666666666666,1.0,3.0,14.0,-11.0,2143.0005380176985
512,28.0,63.0,8.166666666666666,21.0,13.0,19.333333333333332,11.5,5.333333333333333,13.333333333333334,25.833333333333332,61.0,7.0,19.333333333333332,12.333333333333334,15.5,14.166666666666666,6.666666666666667,19.0,9.833333333333334,26.142857142857142,59.57142857142857,8.0,22.428571428571427,11.428571428571429,15.285714285714286,13.857142857142858,7.142857142857143,17.714285714285715,25.428571428571427,65.0,3.5714285714285716,16.428571428571427,15.0,9.714285714285714,15.142857142857142,7.571428571428571,20.714285714285715,10.571428571428571,1.0,1.0,4.0,13.0,-9.0,2072.71387040044
513,30.5,61.0,4.833333333333333,12.833333333333334,12.333333333333334,18.333333333333332,13.0,10.0,14.0,24.5,59.833333333333336,3.6666666666666665,14.0,11.166666666666666,11.833333333333334,18.0,6.833333333333333,19.666666666666668,22.833333333333332,27.142857142857142,58.0,5.428571428571429,17.142857142857142,10.857142857142858,15.0,16.285714285714285,6.857142857142857,17.0,24.571428571428573,61.57142857142857,7.714285714285714,21.571428571428573,10.714285714285714,14.857142857142858,14.571428571428571,7.428571428571429,20.285714285714285,5.142857142857143,1.0,1.0,1.0,16.0,-15.0,2484.221504978681
514,24.333333333333332,58.166666666666664,3.0,11.666666666666666,10.166666666666666,10.333333333333334,11.666666666666666,7.333333333333333,18.833333333333332,22.5,54.666666666666664,6.833333333333333,19.5,10.666666666666666,12.833333333333334,15.0,4.166666666666667,15.5,-2.0,28.0,61.57142857142857,11.857142857142858,31.285714285714285,10.142857142857142,18.714285714285715,12.0,9.857142857142858,15.857142857142858,22.0,59.57142857142857,6.142857142857143,18.0,11.857142857142858,11.142857142857142,16.714285714285715,4.0,17.714285714285715,20.0,0.3333333333333333,1.0,5.0,12.0,-7.0,2009.134923659188
515,28.333333333333332,59.666666666666664,6.666666666666667,17.333333333333332,11.0,16.666666666666668,16.0,6.0,17.666666666666668,25.0,64.0,5.333333333333333,17.333333333333332,11.333333333333334,13.333333333333334,11.666666666666666,5.666666666666667,16.0,9.0,29.25,64.5,5.875,16.875,14.875,17.875,14.75,6.0,16.125,24.875,65.125,6.0,23.375,13.5,12.75,14.125,8.5,20.875,12.375,0.0,0.8,4.0,13.0,-9.0,2027.1335690787432
516,23.428571428571427,56.285714285714285,3.857142857142857,10.857142857142858,11.0,9.571428571428571,13.714285714285714,6.428571428571429,19.0,22.0,52.42857142857143,4.714285714285714,14.571428571428571,11.142857142857142,11.714285714285714,16.857142857142858,5.428571428571429,19.857142857142858,-1.0,23.857142857142858,58.714285714285715,5.857142857142857,13.285714285714286,10.571428571428571,14.0,12.857142857142858,7.428571428571429,18.857142857142858,22.0,58.714285714285715,3.7142857142857144,14.0,12.571428571428571,10.857142857142858,15.285714285714286,5.857142857142857,18.857142857142858,4.0,0.75,1.0,8.0,9.0,-1.0,1890.8593646157588
517,26.0,64.2,5.0,17.8,13.6,12.6,13.0,5.0,15.4,22.2,63.2,7.4,18.8,10.2,11.6,13.2,5.4,21.0,12.6,27.833333333333332,61.833333333333336,5.666666666666667,15.5,11.666666666666666,14.5,11.5,7.833333333333333,23.0,27.666666666666668,62.0,5.666666666666667,15.166666666666666,12.0,12.5,12.0,5.0,20.666666666666668,4.5,0.5,1.0,2.0,15.0,-13.0,2341.305546282483
518,23.75,60.75,8.0,25.5,15.75,10.75,11.0,10.0,13.5,21.0,55.5,3.75,17.0,14.5,11.5,16.75,4.5,13.0,8.75,28.666666666666668,62.666666666666664,4.666666666666667,16.333333333333332,12.333333333333334,16.333333333333332,13.666666666666666,10.666666666666666,15.666666666666666,19.5,53.666666666666664,3.1666666666666665,11.0,9.5,10.333333333333334,18.333333333333332,6.333333333333333,14.0,18.333333333333332,0.5,1.0,6.0,11.0,-5.0,1957.1331004656083
519,27.166666666666668,62.833333333333336,2.3333333333333335,9.5,14.666666666666666,9.0,14.5,6.5,16.0,24.166666666666668,62.166666666666664,5.5,15.833333333333334,8.833333333333334,11.833333333333334,12.666666666666666,6.166666666666667,18.833333333333332,7.5,24.5,53.375,5.375,17.0,8.875,14.5,11.125,7.125,12.875,21.25,55.25,5.375,19.375,12.125,11.625,14.75,4.25,15.625,9.75,1.0,1.0,1.0,16.0,-15.0,2230.39567845585
520,28.571428571428573,58.285714285714285,7.142857142857143,19.142857142857142,10.857142857142858,18.714285714285715,13.0,8.571428571428571,10.857142857142858,18.571428571428573,60.42857142857143,3.857142857142857,14.857142857142858,11.0,7.142857142857143,15.857142857142858,5.857142857142857,16.0,31.0,22.11111111111111,60.666666666666664,5.0,16.333333333333332,13.666666666666666,10.11111111111111,14.777777777777779,9.444444444444445,18.666666666666668,22.0,59.77777777777778,4.111111111111111,14.666666666666666,15.222222222222221,11.222222222222221,20.555555555555557,6.444444444444445,24.77777777777778,6.777777777777778,1.0,0.5,1.0,16.0,-15.0,2511.176484366724
521,24.8,56.2,6.6,15.6,8.2,13.0,16.6,5.8,22.4,25.2,59.8,4.2,16.4,15.2,13.4,16.0,8.0,17.8,-4.2,28.5,66.0,4.166666666666667,16.333333333333332,12.833333333333334,13.833333333333334,11.833333333333334,5.333333333333333,16.0,24.666666666666668,66.33333333333333,4.333333333333333,16.833333333333332,14.666666666666666,13.833333333333334,13.0,5.833333333333333,15.5,6.0,0.5,0.6666666666666666,11.0,6.0,5.0,1876.5091092667096
522,26.0,56.285714285714285,7.571428571428571,20.428571428571427,9.142857142857142,18.0,13.285714285714286,8.714285714285714,16.714285714285715,25.285714285714285,59.57142857142857,5.142857142857143,18.0,13.714285714285714,13.0,16.857142857142858,7.285714285714286,19.0,8.0,25.666666666666668,52.166666666666664,8.333333333333334,18.833333333333332,8.166666666666666,17.5,12.833333333333334,6.5,13.0,22.333333333333332,60.0,5.666666666666667,17.333333333333332,12.666666666666666,11.833333333333334,12.833333333333334,7.166666666666667,18.5,17.833333333333332,0.75,1.0,6.0,11.0,-5.0,1999.7937818038852
523,26.0,63.857142857142854,7.0,22.714285714285715,16.285714285714285,15.428571428571429,12.714285714285714,7.857142857142857,15.142857142857142,18.428571428571427,55.857142857142854,3.5714285714285716,12.285714285714286,10.0,8.571428571428571,16.285714285714285,5.428571428571429,18.0,21.714285714285715,26.666666666666668,63.5,5.166666666666667,14.333333333333334,17.166666666666668,15.333333333333334,11.833333333333334,9.166666666666666,18.833333333333332,22.166666666666668,53.5,3.6666666666666665,10.333333333333334,11.0,9.333333333333334,17.0,5.166666666666667,20.833333333333332,10.0,1.0,1.0,11.0,6.0,5.0,1883.207502678252
524,24.166666666666668,59.833333333333336,7.333333333333333,20.666666666666668,10.5,11.166666666666666,14.166666666666666,8.666666666666666,15.666666666666666,21.833333333333332,58.666666666666664,4.666666666666667,15.833333333333334,13.166666666666666,11.833333333333334,17.5,5.666666666666667,15.333333333333334,8.0,26.714285714285715,61.0,9.571428571428571,26.142857142857142,11.285714285714286,16.857142857142858,10.285714285714286,7.0,12.714285714285714,21.285714285714285,61.142857142857146,5.285714285714286,17.428571428571427,11.285714285714286,11.142857142857142,13.571428571428571,5.714285714285714,16.571428571428573,19.0,0.5,1.0,3.0,14.0,-11.0,2162.3518380334062
525,22.8,57.8,4.2,16.0,12.4,10.2,18.0,7.6,21.8,22.8,60.8,6.4,17.8,18.0,9.4,18.4,10.2,19.4,-5.2,26.2,65.4,5.0,16.6,16.0,10.0,12.6,7.2,19.8,28.2,61.0,4.6,16.4,14.2,15.4,14.6,6.4,18.2,-5.6,0.5,0.5,7.0,10.0,-3.0,1931.4331551322005
526,32.75,63.25,4.25,13.5,16.75,18.5,14.0,6.75,14.5,23.5,60.75,6.75,18.5,12.75,8.5,14.0,8.0,19.0,19.75,23.0,54.57142857142857,6.714285714285714,18.428571428571427,11.285714285714286,14.142857142857142,10.571428571428571,4.857142857142857,18.0,19.571428571428573,52.857142857142854,4.714285714285714,13.571428571428571,10.285714285714286,11.428571428571429,11.714285714285714,4.571428571428571,16.571428571428573,11.142857142857142,0.0,1.0,4.0,13.0,-9.0,2111.9019344153858
527,26.2,60.6,5.6,18.0,15.2,16.4,16.4,7.8,17.6,23.0,58.8,5.0,15.8,10.8,13.4,12.4,7.2,15.6,8.0,22.142857142857142,62.857142857142854,5.142857142857143,17.428571428571427,15.857142857142858,10.285714285714286,14.0,7.714285714285714,18.857142857142858,17.428571428571427,60.857142857142854,2.5714285714285716,12.571428571428571,16.142857142857142,6.857142857142857,18.285714285714285,4.714285714285714,22.571428571428573,14.571428571428571,0.5,1.0,5.0,12.0,-7.0,1996.729212824229
528,23.0,62.5,5.666666666666667,21.0,14.0,12.0,16.333333333333332,9.0,20.5,24.833333333333332,55.166666666666664,3.5,11.833333333333334,11.666666666666666,12.166666666666666,19.166666666666668,7.0,18.5,-3.6666666666666665,33.2,64.6,11.4,24.0,9.8,18.2,8.8,11.8,14.6,24.8,60.0,7.4,21.0,11.2,16.8,20.6,4.8,20.0,27.2,0.6666666666666666,1.0,4.0,13.0,-9.0,2078.1439112921767
529,24.0,52.666666666666664,7.833333333333333,21.333333333333332,9.0,13.166666666666666,12.833333333333334,5.333333333333333,15.333333333333334,18.833333333333332,62.0,2.8333333333333335,10.833333333333334,14.0,8.5,9.5,5.5,17.833333333333332,14.833333333333334,22.142857142857142,55.42857142857143,6.0,20.714285714285715,15.857142857142858,12.142857142857142,11.428571428571429,6.714285714285714,13.714285714285714,21.571428571428573,56.0,4.0,15.142857142857142,11.571428571428571,11.428571428571429,15.142857142857142,5.285714285714286,22.285714285714285,11.571428571428571,0.6666666666666666,1.0,9.0,8.0,1.0,1818.9476933664905
530,27.0,62.0,4.333333333333333,12.333333333333334,14.333333333333334,13.0,12.0,8.333333333333334,18.666666666666668,31.333333333333332,58.666666666666664,11.0,20.0,9.0,20.333333333333332,14.333333333333334,4.666666666666667,19.0,-7.333333333333333,25.714285714285715,59.857142857142854,2.7142857142857144,12.0,11.714285714285714,13.285714285714286,12.285714285714286,10.857142857142858,18.428571428571427,20.142857142857142,48.857142857142854,4.571428571428571,13.0,11.714285714285714,10.714285714285714,21.142857142857142,6.0,18.285714285714285,9.857142857142858,0.0,1.0,3.0,14.0,-11.0,2057.1414510301825
531,23.6,52.4,1.8,9.6,8.4,11.2,14.6,4.2,15.6,22.6,64.6,3.8,12.8,13.8,10.4,9.8,6.6,21.4,4.4,25.666666666666668,62.166666666666664,8.666666666666666,21.333333333333332,14.833333333333334,15.166666666666666,14.0,7.0,18.0,21.166666666666668,58.0,5.166666666666667,15.166666666666666,12.166666666666666,10.0,14.5,6.833333333333333,14.833333333333334,9.0,0.5,1.0,1.0,16.0,-15.0,2109.7445620755148
532,27.8,65.8,4.2,13.0,12.2,17.4,11.6,7.2,18.6,22.6,60.2,4.0,14.0,14.0,13.2,16.0,4.8,16.6,6.8,22.2,60.2,4.4,16.2,15.6,9.6,16.2,8.2,23.4,19.6,46.6,1.8,8.8,8.4,10.2,16.8,6.6,17.6,0.2,0.5,0.5,9.0,8.0,1.0,1788.975364458671
533,23.166666666666668,57.666666666666664,6.0,15.833333333333334,15.666666666666666,12.666666666666666,16.833333333333332,4.0,20.5,21.333333333333332,58.5,6.5,21.5,11.0,11.0,10.166666666666666,7.166666666666667,19.333333333333332,1.3333333333333333,22.0,53.0,5.333333333333333,16.0,10.5,14.666666666666666,14.5,7.0,13.166666666666666,19.333333333333332,58.666666666666664,5.5,15.5,12.166666666666666,11.333333333333334,14.666666666666666,8.0,17.666666666666668,10.833333333333334,0.6666666666666666,1.0,5.0,12.0,-7.0,1951.085099010148
534,30.8,61.0,3.4,8.4,9.8,17.8,12.0,6.2,19.0,25.0,62.4,4.8,13.4,13.6,10.8,13.8,5.0,18.0,9.6,24.166666666666668,50.833333333333336,3.1666666666666665,10.166666666666666,12.666666666666666,14.333333333333334,17.166666666666668,7.5,18.166666666666668,20.5,57.333333333333336,5.833333333333333,23.5,11.166666666666666,12.0,13.333333333333334,8.166666666666666,20.5,12.833333333333334,0.5,0.6666666666666666,3.0,14.0,-11.0,2091.12526912414
535,23.857142857142858,56.42857142857143,4.428571428571429,15.0,14.142857142857142,10.857142857142858,14.142857142857142,6.857142857142857,18.714285714285715,20.0,53.714285714285715,4.0,14.428571428571429,11.142857142857142,9.0,15.571428571428571,5.571428571428571,19.714285714285715,10.571428571428571,25.4,56.0,2.0,8.4,14.4,15.8,16.2,8.4,19.4,18.4,52.0,4.2,16.8,12.0,10.6,17.4,6.4,18.8,11.8,0.75,1.0,2.0,15.0,-13.0,2115.5642683547144
536,27.285714285714285,62.57142857142857,3.4285714285714284,13.714285714285714,15.857142857142858,15.714285714285714,13.571428571428571,7.0,16.428571428571427,22.571428571428573,59.714285714285715,5.857142857142857,19.0,12.0,11.857142857142858,15.857142857142858,5.857142857142857,20.714285714285715,12.142857142857142,26.5,66.25,3.75,15.0,15.0,15.5,14.0,4.25,17.25,28.5,70.75,7.5,21.75,13.25,14.25,11.25,6.5,20.75,0.75,1.0,0.0,2.0,7.0,-5.0,2393.71610174915
537,25.2,57.2,7.4,18.0,14.2,17.6,18.6,4.4,18.4,22.0,61.4,5.2,16.6,12.0,11.4,13.6,11.2,19.4,12.4,28.0,63.0,8.166666666666666,21.0,13.0,19.333333333333332,11.5,5.333333333333333,13.333333333333334,25.833333333333332,61.0,7.0,19.333333333333332,12.333333333333334,15.5,14.166666666666666,6.666666666666667,19.0,9.833333333333334,0.6666666666666666,1.0,12.0,4.0,8.0,1866.034078713817
538,29.285714285714285,64.14285714285714,8.0,21.571428571428573,14.428571428571429,17.857142857142858,13.142857142857142,11.428571428571429,15.571428571428571,25.571428571428573,56.285714285714285,5.285714285714286,15.714285714285714,9.571428571428571,12.857142857142858,19.714285714285715,5.857142857142857,18.428571428571427,17.428571428571427,25.5,53.333333333333336,3.3333333333333335,10.0,13.0,11.5,17.833333333333332,6.5,15.333333333333334,23.666666666666668,63.833333333333336,6.666666666666667,22.333333333333332,14.5,13.166666666666666,11.666666666666666,7.333333333333333,17.166666666666668,3.1666666666666665,1.0,0.6666666666666666,7.0,2.0,5.0,2009.4633322502496
539,26.0,59.666666666666664,3.8333333333333335,10.666666666666666,12.0,12.0,14.0,7.166666666666667,20.333333333333332,25.833333333333332,62.0,4.5,13.333333333333334,10.5,13.0,14.833333333333334,5.0,20.166666666666668,5.333333333333333,23.75,60.75,8.0,25.5,15.75,10.75,11.0,10.0,13.5,21.0,55.5,3.75,17.0,14.5,11.5,16.75,4.5,13.0,8.75,0.6666666666666666,0.5,3.0,6.0,-3.0,2144.573468176593
540,30.5,61.0,4.833333333333333,12.833333333333334,12.333333333333334,18.333333333333332,13.0,10.0,14.0,24.5,59.833333333333336,3.6666666666666665,14.0,11.166666666666666,11.833333333333334,18.0,6.833333333333333,19.666666666666668,22.833333333333332,21.75,58.75,3.75,12.25,15.0,10.75,15.5,6.5,20.25,24.0,55.0,5.25,16.5,8.5,11.25,15.0,7.25,19.0,-3.25,1.0,0.0,1.0,9.0,-8.0,2484.293624058662
541,24.333333333333332,58.166666666666664,3.0,11.666666666666666,10.166666666666666,10.333333333333334,11.666666666666666,7.333333333333333,18.833333333333332,22.5,54.666666666666664,6.833333333333333,19.5,10.666666666666666,12.833333333333334,15.0,4.166666666666667,15.5,-2.0,28.333333333333332,59.666666666666664,6.666666666666667,17.333333333333332,11.0,16.666666666666668,16.0,6.0,17.666666666666668,25.0,64.0,5.333333333333333,17.333333333333332,11.333333333333334,13.333333333333334,11.666666666666666,5.666666666666667,16.0,9.0,0.3333333333333333,0.0,5.0,4.0,1.0,2016.0179963194903
542,26.0,64.2,5.0,17.8,13.6,12.6,13.0,5.0,15.4,22.2,63.2,7.4,18.8,10.2,11.6,13.2,5.4,21.0,12.6,26.8,60.0,3.4,11.4,16.0,13.4,21.0,8.6,15.4,25.6,55.6,6.8,14.0,10.0,14.8,19.0,10.0,18.2,-0.2,0.5,0.5,2.0,10.0,-8.0,2341.6231196980534
543,27.166666666666668,62.833333333333336,2.3333333333333335,9.5,14.666666666666666,9.0,14.5,6.5,16.0,24.166666666666668,62.166666666666664,5.5,15.833333333333334,8.833333333333334,11.833333333333334,12.666666666666666,6.166666666666667,18.833333333333332,7.5,23.428571428571427,56.285714285714285,3.857142857142857,10.857142857142858,11.0,9.571428571428571,13.714285714285714,6.428571428571429,19.0,22.0,52.42857142857143,4.714285714285714,14.571428571428571,11.142857142857142,11.714285714285714,16.857142857142858,5.428571428571429,19.857142857142858,-1.0,1.0,0.75,1.0,8.0,-7.0,2230.7257509340243
544,28.571428571428573,58.285714285714285,7.142857142857143,19.142857142857142,10.857142857142858,18.714285714285715,13.0,8.571428571428571,10.857142857142858,18.571428571428573,60.42857142857143,3.857142857142857,14.857142857142858,11.0,7.142857142857143,15.857142857142858,5.857142857142857,16.0,31.0,27.8,65.8,4.2,13.0,12.2,17.4,11.6,7.2,18.6,22.6,60.2,4.0,14.0,14.0,13.2,16.0,4.8,16.6,6.8,1.0,0.5,1.0,9.0,-8.0,2511.208625981363
545,24.166666666666668,59.833333333333336,7.333333333333333,20.666666666666668,10.5,11.166666666666666,14.166666666666666,8.666666666666666,15.666666666666666,21.833333333333332,58.666666666666664,4.666666666666667,15.833333333333334,13.166666666666666,11.833333333333334,17.5,5.666666666666667,15.333333333333334,8.0,26.0,56.285714285714285,7.571428571428571,20.428571428571427,9.142857142857142,18.0,13.285714285714286,8.714285714285714,16.714285714285715,25.285714285714285,59.57142857142857,5.142857142857143,18.0,13.714285714285714,13.0,16.857142857142858,7.285714285714286,19.0,8.0,0.5,0.75,3.0,6.0,-3.0,2163.496860808744
546,22.8,57.8,4.2,16.0,12.4,10.2,18.0,7.6,21.8,22.8,60.8,6.4,17.8,18.0,9.4,18.4,10.2,19.4,-5.2,23.857142857142858,56.42857142857143,4.428571428571429,15.0,14.142857142857142,10.857142857142858,14.142857142857142,6.857142857142857,18.714285714285715,20.0,53.714285714285715,4.0,14.428571428571429,11.142857142857142,9.0,15.571428571428571,5.571428571428571,19.714285714285715,10.571428571428571,0.5,0.75,7.0,2.0,5.0,1946.696000939492
547,32.75,63.25,4.25,13.5,16.75,18.5,14.0,6.75,14.5,23.5,60.75,6.75,18.5,12.75,8.5,14.0,8.0,19.0,19.75,23.166666666666668,57.666666666666664,6.0,15.833333333333334,15.666666666666666,12.666666666666666,16.833333333333332,4.0,20.5,21.333333333333332,58.5,6.5,21.5,11.0,11.0,10.166666666666666,7.166666666666667,19.333333333333332,1.3333333333333333,0.0,0.6666666666666666,4.0,5.0,-1.0,2113.236827328404
548,23.0,62.5,5.666666666666667,21.0,14.0,12.0,16.333333333333332,9.0,20.5,24.833333333333332,55.166666666666664,3.5,11.833333333333334,11.666666666666666,12.166666666666666,19.166666666666668,7.0,18.5,-3.6666666666666665,26.2,60.6,5.6,18.0,15.2,16.4,16.4,7.8,17.6,23.0,58.8,5.0,15.8,10.8,13.4,12.4,7.2,15.6,8.0,0.6666666666666666,0.5,4.0,5.0,-1.0,2080.31972596725
549,27.0,62.0,4.333333333333333,12.333333333333334,14.333333333333334,13.0,12.0,8.333333333333334,18.666666666666668,31.333333333333332,58.666666666666664,11.0,20.0,9.0,20.333333333333332,14.333333333333334,4.666666666666667,19.0,-7.333333333333333,24.8,56.2,6.6,15.6,8.2,13.0,16.6,5.8,22.4,25.2,59.8,4.2,16.4,15.2,13.4,16.0,8.0,17.8,-4.2,0.0,0.5,3.0,11.0,-8.0,2062.107894585361
550,23.6,52.4,1.8,9.6,8.4,11.2,14.6,4.2,15.6,22.6,64.6,3.8,12.8,13.8,10.4,9.8,6.6,21.4,4.4,24.0,52.666666666666664,7.833333333333333,21.333333333333332,9.0,13.166666666666666,12.833333333333334,5.333333333333333,15.333333333333334,18.833333333333332,62.0,2.8333333333333335,10.833333333333334,14.0,8.5,9.5,5.5,17.833333333333332,14.833333333333334,0.5,0.6666666666666666,1.0,9.0,-8.0,2110.88907246741
551,30.8,61.0,3.4,8.4,9.8,17.8,12.0,6.2,19.0,25.0,62.4,4.8,13.4,13.6,10.8,13.8,5.0,18.0,9.6,26.0,63.857142857142854,7.0,22.714285714285715,16.285714285714285,15.428571428571429,12.714285714285714,7.857142857142857,15.142857142857142,18.428571428571427,55.857142857142854,3.5714285714285716,12.285714285714286,10.0,8.571428571428571,16.285714285714285,5.428571428571429,18.0,21.714285714285715,0.5,1.0,3.0,11.0,-8.0,2092.4331014179247
552,27.285714285714285,62.57142857142857,3.4285714285714284,13.714285714285714,15.857142857142858,15.714285714285714,13.571428571428571,7.0,16.428571428571427,22.571428571428573,59.714285714285715,5.857142857142857,19.0,12.0,11.857142857142858,15.857142857142858,5.857142857142857,20.714285714285715,12.142857142857142,26.0,59.666666666666664,3.8333333333333335,10.666666666666666,12.0,12.0,14.0,7.166666666666667,20.333333333333332,25.833333333333332,62.0,4.5,13.333333333333334,10.5,13.0,14.833333333333334,5.0,20.166666666666668,5.333333333333333,1.0,0.6666666666666666,2.0,3.0,-1.0,2397.1814199102514
553,28.571428571428573,58.285714285714285,7.142857142857143,19.142857142857142,10.857142857142858,18.714285714285715,13.0,8.571428571428571,10.857142857142858,18.571428571428573,60.42857142857143,3.857142857142857,14.857142857142858,11.0,7.142857142857143,15.857142857142858,5.857142857142857,16.0,31.0,25.2,57.2,7.4,18.0,14.2,17.6,18.6,4.4,18.4,22.0,61.4,5.2,16.6,12.0,11.4,13.6,11.2,19.4,12.4,1.0,0.6666666666666666,1.0,12.0,-11.0,2511.772837038337
554,30.5,61.0,4.833333333333333,12.833333333333334,12.333333333333334,18.333333333333332,13.0,10.0,14.0,24.5,59.833333333333336,3.6666666666666665,14.0,11.166666666666666,11.833333333333334,18.0,6.833333333333333,19.666666666666668,22.833333333333332,24.333333333333332,58.166666666666664,3.0,11.666666666666666,10.166666666666666,10.333333333333334,11.666666666666666,7.333333333333333,18.833333333333332,22.5,54.666666666666664,6.833333333333333,19.5,10.666666666666666,12.833333333333334,15.0,4.166666666666667,15.5,-2.0,1.0,0.3333333333333333,1.0,5.0,-4.0,2485.1006887897147
555,30.8,61.0,3.4,8.4,9.8,17.8,12.0,6.2,19.0,25.0,62.4,4.8,13.4,13.6,10.8,13.8,5.0,18.0,9.6,29.285714285714285,64.14285714285714,8.0,21.571428571428573,14.428571428571429,17.857142857142858,13.142857142857142,11.428571428571429,15.571428571428571,25.571428571428573,56.285714285714285,5.285714285714286,15.714285714285714,9.571428571428571,12.857142857142858,19.714285714285715,5.857142857142857,18.428571428571427,17.428571428571427,0.5,1.0,3.0,7.0,-4.0,2100.549212387896
556,24.166666666666668,59.833333333333336,7.333333333333333,20.666666666666668,10.5,11.166666666666666,14.166666666666666,8.666666666666666,15.666666666666666,21.833333333333332,58.666666666666664,4.666666666666667,15.833333333333334,13.166666666666666,11.833333333333334,17.5,5.666666666666667,15.333333333333334,8.0,22.8,57.8,4.2,16.0,12.4,10.2,18.0,7.6,21.8,22.8,60.8,6.4,17.8,18.0,9.4,18.4,10.2,19.4,-5.2,0.5,0.5,3.0,7.0,-4.0,2172.814369515079
557,32.75,63.25,4.25,13.5,16.75,18.5,14.0,6.75,14.5,23.5,60.75,6.75,18.5,12.75,8.5,14.0,8.0,19.0,19.75,27.166666666666668,62.833333333333336,2.3333333333333335,9.5,14.666666666666666,9.0,14.5,6.5,16.0,24.166666666666668,62.166666666666664,5.5,15.833333333333334,8.833333333333334,11.833333333333334,12.666666666666666,6.166666666666667,18.833333333333332,7.5,0.0,1.0,4.0,1.0,3.0,2122.393008376374
558,23.0,62.5,5.666666666666667,21.0,14.0,12.0,16.333333333333332,9.0,20.5,24.833333333333332,55.166666666666664,3.5,11.833333333333334,11.666666666666666,12.166666666666666,19.166666666666668,7.0,18.5,-3.6666666666666665,23.6,52.4,1.8,9.6,8.4,11.2,14.6,4.2,15.6,22.6,64.6,3.8,12.8,13.8,10.4,9.8,6.6,21.4,4.4,0.6666666666666666,0.5,4.0,1.0,3.0,2092.861850837027
559,26.0,64.2,5.0,17.8,13.6,12.6,13.0,5.0,15.4,22.2,63.2,7.4,18.8,10.2,11.6,13.2,5.4,21.0,12.6,27.0,62.0,4.333333333333333,12.333333333333334,14.333333333333334,13.0,12.0,8.333333333333334,18.666666666666668,31.333333333333332,58.666666666666664,11.0,20.0,9.0,20.333333333333332,14.333333333333334,4.666666666666667,19.0,-7.333333333333333,0.5,0.0,2.0,3.0,-1.0,2344.488618455742
560,28.571428571428573,58.285714285714285,7.142857142857143,19.142857142857142,10.857142857142858,18.714285714285715,13.0,8.571428571428571,10.857142857142858,18.571428571428573,60.42857142857143,3.857142857142857,14.857142857142858,11.0,7.142857142857143,15.857142857142858,5.857142857142857,16.0,31.0,30.8,61.0,3.4,8.4,9.8,17.8,12.0,6.2,19.0,25.0,62.4,4.8,13.4,13.6,10.8,13.8,5.0,18.0,9.6,1.0,0.5,1.0,3.0,-2.0,2512.644692437413
561,30.5,61.0,4.833333333333333,12.833333333333334,12.333333333333334,18.333333333333332,13.0,10.0,14.0,24.5,59.833333333333336,3.6666666666666665,14.0,11.166666666666666,11.833333333333334,18.0,6.833333333333333,19.666666666666668,22.833333333333332,27.285714285714285,62.57142857142857,3.4285714285714284,13.714285714285714,15.857142857142858,15.714285714285714,13.571428571428571,7.0,16.428571428571427,22.571428571428573,59.714285714285715,5.857142857142857,19.0,12.0,11.857142857142858,15.857142857142858,5.857142857142857,20.714285714285715,12.142857142857142,1.0,1.0,1.0,2.0,-1.0,2487.304386434393
562,32.75,63.25,4.25,13.5,16.75,18.5,14.0,6.75,14.5,23.5,60.75,6.75,18.5,12.75,8.5,14.0,8.0,19.0,19.75,24.166666666666668,59.833333333333336,7.333333333333333,20.666666666666668,10.5,11.166666666666666,14.166666666666666,8.666666666666666,15.666666666666666,21.833333333333332,58.666666666666664,4.666666666666667,15.833333333333334,13.166666666666666,11.833333333333334,17.5,5.666666666666667,15.333333333333334,8.0,0.0,0.5,4.0,3.0,1.0,2143.4050224798725
563,26.0,64.2,5.0,17.8,13.6,12.6,13.0,5.0,15.4,22.2,63.2,7.4,18.8,10.2,11.6,13.2,5.4,21.0,12.6,23.0,62.5,5.666666666666667,21.0,14.0,12.0,16.333333333333332,9.0,20.5,24.833333333333332,55.166666666666664,3.5,11.833333333333334,11.666666666666666,12.166666666666666,19.166666666666668,7.0,18.5,-3.6666666666666665,0.5,0.6666666666666666,2.0,4.0,-2.0,2349.978359457514
564,28.571428571428573,58.285714285714285,7.142857142857143,19.142857142857142,10.857142857142858,18.714285714285715,13.0,8.571428571428571,10.857142857142858,18.571428571428573,60.42857142857143,3.857142857142857,14.857142857142858,11.0,7.142857142857143,15.857142857142858,5.857142857142857,16.0,31.0,26.0,64.2,5.0,17.8,13.6,12.6,13.0,5.0,15.4,22.2,63.2,7.4,18.8,10.2,11.6,13.2,5.4,21.0,12.6,1.0,0.5,1.0,2.0,-1.0,2515.568446315339
565,30.5,61.0,4.833333333333333,12.833333333333334,12.333333333333334,18.333333333333332,13.0,10.0,14.0,24.5,59.833333333333336,3.6666666666666665,14.0,11.166666666666666,11.833333333333334,18.0,6.833333333333333,19.666666666666668,22.833333333333332,32.75,63.25,4.25,13.5,16.75,18.5,14.0,6.75,14.5,23.5,60.75,6.75,18.5,12.75,8.5,14.0,8.0,19.0,19.75,1.0,0.0,1.0,4.0,-3.0,2499.5175094643
566,28.571428571428573,58.285714285714285,7.142857142857143,19.142857142857142,10.857142857142858,18.714285714285715,13.0,8.571428571428571,10.857142857142858,18.571428571428573,60.42857142857143,3.857142857142857,14.857142857142858,11.0,7.142857142857143,15.857142857142858,5.857142857142857,16.0,31.0,30.5,61.0,4.833333333333333,12.833333333333334,12.333333333333334,18.333333333333332,13.0,10.0,14.0,24.5,59.833333333333336,3.6666666666666665,14.0,11.166666666666666,11.833333333333334,18.0,6.833333333333333,19.666666666666668,22.833333333333332,1.0,1.0,1.0,1.0,0.0,2524.711653068122
567,21.25,53.5,5.5,15.25,11.25,14.5,15.0,5.0,17.0,24.0,54.5,5.25,17.75,10.5,12.25,14.5,5.75,19.25,-5.25,21.75,58.75,3.75,12.25,15.0,10.75,15.5,6.5,20.25,24.0,55.0,5.25,16.5,8.5,11.25,15.0,7.25,19.0,-3.25,0.0,0.0,8.0,9.0,-1.0,1899.489845825631
568,27.0,60.125,4.5,12.375,12.75,14.125,12.375,11.125,17.25,24.0,56.0,4.5,14.625,9.625,12.875,18.375,5.875,20.75,14.875,27.285714285714285,62.57142857142857,3.4285714285714284,13.714285714285714,15.857142857142858,15.714285714285714,13.571428571428571,7.0,16.428571428571427,22.571428571428573,59.714285714285715,5.857142857142857,19.0,12.0,11.857142857142858,15.857142857142858,5.857142857142857,20.714285714285715,12.142857142857142,1.0,1.0,15.0,2.0,13.0,1595.9492712352126
569,24.0,58.2,5.8,18.8,12.6,13.0,13.8,4.6,17.4,26.2,61.2,6.4,19.8,13.0,13.8,10.6,9.0,17.8,-6.0,25.2,57.2,7.4,18.0,14.2,17.6,18.6,4.4,18.4,22.0,61.4,5.2,16.6,12.0,11.4,13.6,11.2,19.4,12.4,0.5,0.6666666666666666,5.0,12.0,-7.0,1976.2654270927344
570,23.166666666666668,56.166666666666664,6.5,18.166666666666668,12.333333333333334,15.166666666666666,13.5,4.166666666666667,14.0,19.0,56.666666666666664,2.6666666666666665,10.666666666666666,8.833333333333334,9.0,10.166666666666666,5.5,14.5,12.0,26.5,66.25,3.75,15.0,15.0,15.5,14.0,4.25,17.25,28.5,70.75,7.5,21.75,13.25,14.25,11.25,6.5,20.75,0.75,1.0,0.0,10.0,7.0,3.0,1760.7033877364624
571,25.8,64.6,8.6,23.6,15.2,13.6,15.4,8.8,23.2,22.8,55.0,6.0,17.2,9.2,12.4,16.6,10.0,19.8,6.2,29.285714285714285,64.14285714285714,8.0,21.571428571428573,14.428571428571429,17.857142857142858,13.142857142857142,11.428571428571429,15.571428571428571,25.571428571428573,56.285714285714285,5.285714285714286,15.714285714285714,9.571428571428571,12.857142857142858,19.714285714285715,5.857142857142857,18.428571428571427,17.428571428571427,0.5,1.0,10.0,7.0,3.0,1944.6696742751649
572,27.333333333333332,62.0,3.5,13.166666666666666,13.5,13.0,12.5,11.833333333333334,15.5,24.0,59.666666666666664,6.166666666666667,19.5,13.166666666666666,13.0,17.5,6.666666666666667,17.5,8.333333333333334,25.5,53.333333333333336,3.3333333333333335,10.0,13.0,11.5,17.833333333333332,6.5,15.333333333333334,23.666666666666668,63.833333333333336,6.666666666666667,22.333333333333332,14.5,13.166666666666666,11.666666666666666,7.333333333333333,17.166666666666668,3.1666666666666665,1.0,0.6666666666666666,15.0,2.0,13.0,1526.2263606378535
573,24.0,55.8,9.6,27.8,7.4,15.2,12.0,4.6,14.6,27.4,61.2,5.0,15.2,12.0,16.4,13.0,5.6,18.2,3.2,26.8,60.0,3.4,11.4,16.0,13.4,21.0,8.6,15.4,25.6,55.6,6.8,14.0,10.0,14.8,19.0,10.0,18.2,-0.2,0.0,0.5,7.0,10.0,-3.0,1978.5634248993235
574,31.125,72.0,8.125,23.75,14.75,13.5,10.875,11.5,18.125,26.875,63.0,5.875,21.0,13.5,15.875,21.5,4.125,19.875,16.125,26.0,59.666666666666664,3.8333333333333335,10.666666666666666,12.0,12.0,14.0,7.166666666666667,20.333333333333332,25.833333333333332,62.0,4.5,13.333333333333334,10.5,13.0,14.833333333333334,5.0,20.166666666666668,5.333333333333333,1.0,0.6666666666666666,14.0,3.0,11.0,1628.3802612940406
575,26.142857142857142,59.57142857142857,8.0,22.428571428571427,11.428571428571429,15.285714285714286,13.857142857142858,7.142857142857143,17.714285714285715,25.428571428571427,65.0,3.5714285714285716,16.428571428571427,15.0,9.714285714285714,15.142857142857142,7.571428571428571,20.714285714285715,10.571428571428571,28.0,63.0,8.166666666666666,21.0,13.0,19.333333333333332,11.5,5.333333333333333,13.333333333333334,25.833333333333332,61.0,7.0,19.333333333333332,12.333333333333334,15.5,14.166666666666666,6.666666666666667,19.0,9.833333333333334,1.0,1.0,13.0,4.0,9.0,1718.914814398894
576,27.142857142857142,58.0,5.428571428571429,17.142857142857142,10.857142857142858,15.0,16.285714285714285,6.857142857142857,17.0,24.571428571428573,61.57142857142857,7.714285714285714,21.571428571428573,10.714285714285714,14.857142857142858,14.571428571428571,7.428571428571429,20.285714285714285,5.142857142857143,30.5,61.0,4.833333333333333,12.833333333333334,12.333333333333334,18.333333333333332,13.0,10.0,14.0,24.5,59.833333333333336,3.6666666666666665,14.0,11.166666666666666,11.833333333333334,18.0,6.833333333333333,19.666666666666668,22.833333333333332,1.0,1.0,16.0,1.0,15.0,1425.7735381010373
577,28.0,61.57142857142857,11.857142857142858,31.285714285714285,10.142857142857142,18.714285714285715,12.0,9.857142857142858,15.857142857142858,22.0,59.57142857142857,6.142857142857143,18.0,11.857142857142858,11.142857142857142,16.714285714285715,4.0,17.714285714285715,20.0,24.333333333333332,58.166666666666664,3.0,11.666666666666666,10.166666666666666,10.333333333333334,11.666666666666666,7.333333333333333,18.833333333333332,22.5,54.666666666666664,6.833333333333333,19.5,10.666666666666666,12.833333333333334,15.0,4.166666666666667,15.5,-2.0,1.0,0.3333333333333333,12.0,5.0,7.0,1784.2612616295664
578,29.25,64.5,5.875,16.875,14.875,17.875,14.75,6.0,16.125,24.875,65.125,6.0,23.375,13.5,12.75,14.125,8.5,20.875,12.375,28.333333333333332,59.666666666666664,6.666666666666667,17.333333333333332,11.0,16.666666666666668,16.0,6.0,17.666666666666668,25.0,64.0,5.333333333333333,17.333333333333332,11.333333333333334,13.333333333333334,11.666666666666666,5.666666666666667,16.0,9.0,0.8,0.0,13.0,4.0,9.0,1669.829311104898
579,23.857142857142858,58.714285714285715,5.857142857142857,13.285714285714286,10.571428571428571,14.0,12.857142857142858,7.428571428571429,18.857142857142858,22.0,58.714285714285715,3.7142857142857144,14.0,12.571428571428571,10.857142857142858,15.285714285714286,5.857142857142857,18.857142857142858,4.0,23.428571428571427,56.285714285714285,3.857142857142857,10.857142857142858,11.0,9.571428571428571,13.714285714285714,6.428571428571429,19.0,22.0,52.42857142857143,4.714285714285714,14.571428571428571,11.142857142857142,11.714285714285714,16.857142857142858,5.428571428571429,19.857142857142858,-1.0,1.0,0.75,9.0,8.0,1.0,1883.4478990214727
580,27.833333333333332,61.833333333333336,5.666666666666667,15.5,11.666666666666666,14.5,11.5,7.833333333333333,23.0,27.666666666666668,62.0,5.666666666666667,15.166666666666666,12.0,12.5,12.0,5.0,20.666666666666668,4.5,26.0,64.2,5.0,17.8,13.6,12.6,13.0,5.0,15.4,22.2,63.2,7.4,18.8,10.2,11.6,13.2,5.4,21.0,12.6,1.0,0.5,15.0,2.0,13.0,1541.715827407951
581,28.666666666666668,62.666666666666664,4.666666666666667,16.333333333333332,12.333333333333334,16.333333333333332,13.666666666666666,10.666666666666666,15.666666666666666,19.5,53.666666666666664,3.1666666666666665,11.0,9.5,10.333333333333334,18.333333333333332,6.333333333333333,14.0,18.333333333333332,23.75,60.75,8.0,25.5,15.75,10.75,11.0,10.0,13.5,21.0,55.5,3.75,17.0,14.5,11.5,16.75,4.5,13.0,8.75,1.0,0.5,11.0,6.0,5.0,1815.647679552619
582,24.5,53.375,5.375,17.0,8.875,14.5,11.125,7.125,12.875,21.25,55.25,5.375,19.375,12.125,11.625,14.75,4.25,15.625,9.75,27.166666666666668,62.833333333333336,2.3333333333333335,9.5,14.666666666666666,9.0,14.5,6.5,16.0,24.166666666666668,62.166666666666664,5.5,15.833333333333334,8.833333333333334,11.833333333333334,12.666666666666666,6.166666666666667,18.833333333333332,7.5,1.0,1.0,16.0,1.0,15.0,1437.5805762134337
583,22.11111111111111,60.666666666666664,5.0,16.333333333333332,13.666666666666666,10.11111111111111,14.777777777777779,9.444444444444445,18.666666666666668,22.0,59.77777777777778,4.111111111111111,14.666666666666666,15.222222222222221,11.222222222222221,20.555555555555557,6.444444444444445,24.77777777777778,6.777777777777778,28.571428571428573,58.285714285714285,7.142857142857143,19.142857142857142,10.857142857142858,18.714285714285715,13.0,8.571428571428571,10.857142857142858,18.571428571428573,60.42857142857143,3.857142857142857,14.857142857142858,11.0,7.142857142857143,15.857142857142858,5.857142857142857,16.0,31.0,0.5,1.0,16.0,1.0,15.0,1312.118143236221
584,28.5,66.0,4.166666666666667,16.333333333333332,12.833333333333334,13.833333333333334,11.833333333333334,5.333333333333333,16.0,24.666666666666668,66.33333333333333,4.333333333333333,16.833333333333332,14.666666666666666,13.833333333333334,13.0,5.833333333333333,15.5,6.0,24.8,56.2,6.6,15.6,8.2,13.0,16.6,5.8,22.4,25.2,59.8,4.2,16.4,15.2,13.4,16.0,8.0,17.8,-4.2,0.6666666666666666,0.5,6.0,11.0,-5.0,1923.973684072993
585,25.666666666666668,52.166666666666664,8.333333333333334,18.833333333333332,8.166666666666666,17.5,12.833333333333334,6.5,13.0,22.333333333333332,60.0,5.666666666666667,17.333333333333332,12.666666666666666,11.833333333333334,12.833333333333334,7.166666666666667,18.5,17.833333333333332,26.0,56.285714285714285,7.571428571428571,20.428571428571427,9.142857142857142,18.0,13.285714285714286,8.714285714285714,16.714285714285715,25.285714285714285,59.57142857142857,5.142857142857143,18.0,13.714285714285714,13.0,16.857142857142858,7.285714285714286,19.0,8.0,1.0,0.75,11.0,6.0,5.0,1840.7200076576737
586,26.666666666666668,63.5,5.166666666666667,14.333333333333334,17.166666666666668,15.333333333333334,11.833333333333334,9.166666666666666,18.833333333333332,22.166666666666668,53.5,3.6666666666666665,10.333333333333334,11.0,9.333333333333334,17.0,5.166666666666667,20.833333333333332,10.0,26.0,63.857142857142854,7.0,22.714285714285715,16.285714285714285,15.428571428571429,12.714285714285714,7.857142857142857,15.142857142857142,18.428571428571427,55.857142857142854,3.5714285714285716,12.285714285714286,10.0,8.571428571428571,16.285714285714285,5.428571428571429,18.0,21.714285714285715,1.0,1.0,6.0,11.0,-5.0,2013.2231896167852
587,26.714285714285715,61.0,9.571428571428571,26.142857142857142,11.285714285714286,16.857142857142858,10.285714285714286,7.0,12.714285714285714,21.285714285714285,61.142857142857146,5.285714285714286,17.428571428571427,11.285714285714286,11.142857142857142,13.571428571428571,5.714285714285714,16.571428571428573,19.0,24.166666666666668,59.833333333333336,7.333333333333333,20.666666666666668,10.5,11.166666666666666,14.166666666666666,8.666666666666666,15.666666666666666,21.833333333333332,58.666666666666664,4.666666666666667,15.833333333333334,13.166666666666666,11.833333333333334,17.5,5.666666666666667,15.333333333333334,8.0,1.0,0.5,14.0,3.0,11.0,1590.147396039695
588,26.2,65.4,5.0,16.6,16.0,10.0,12.6,7.2,19.8,28.2,61.0,4.6,16.4,14.2,15.4,14.6,6.4,18.2,-5.6,22.8,57.8,4.2,16.0,12.4,10.2,18.0,7.6,21.8,22.8,60.8,6.4,17.8,18.0,9.4,18.4,10.2,19.4,-5.2,0.5,0.5,10.0,7.0,3.0,1915.4147149958392
589,23.0,54.57142857142857,6.714285714285714,18.428571428571427,11.285714285714286,14.142857142857142,10.571428571428571,4.857142857142857,18.0,19.571428571428573,52.857142857142854,4.714285714285714,13.571428571428571,10.285714285714286,11.428571428571429,11.714285714285714,4.571428571428571,16.571428571428573,11.142857142857142,32.75,63.25,4.25,13.5,16.75,18.5,14.0,6.75,14.5,23.5,60.75,6.75,18.5,12.75,8.5,14.0,8.0,19.0,19.75,1.0,0.0,13.0,4.0,9.0,1567.4227111114544
590,22.142857142857142,62.857142857142854,5.142857142857143,17.428571428571427,15.857142857142858,10.285714285714286,14.0,7.714285714285714,18.857142857142858,17.428571428571427,60.857142857142854,2.5714285714285716,12.571428571428571,16.142857142857142,6.857142857142857,18.285714285714285,4.714285714285714,22.571428571428573,14.571428571428571,26.2,60.6,5.6,18.0,15.2,16.4,16.4,7.8,17.6,23.0,58.8,5.0,15.8,10.8,13.4,12.4,7.2,15.6,8.0,1.0,0.5,12.0,5.0,7.0,1785.0041296801144
591,33.2,64.6,11.4,24.0,9.8,18.2,8.8,11.8,14.6,24.8,60.0,7.4,21.0,11.2,16.8,20.6,4.8,20.0,27.2,23.0,62.5,5.666666666666667,21.0,14.0,12.0,16.333333333333332,9.0,20.5,24.833333333333332,55.166666666666664,3.5,11.833333333333334,11.666666666666666,12.166666666666666,19.166666666666668,7.0,18.5,-3.6666666666666665,1.0,0.6666666666666666,13.0,4.0,9.0,1623.3652361864952
592,22.142857142857142,55.42857142857143,6.0,20.714285714285715,15.857142857142858,12.142857142857142,11.428571428571429,6.714285714285714,13.714285714285714,21.571428571428573,56.0,4.0,15.142857142857142,11.571428571428571,11.428571428571429,15.142857142857142,5.285714285714286,22.285714285714285,11.571428571428571,24.0,52.666666666666664,7.833333333333333,21.333333333333332,9.0,13.166666666666666,12.833333333333334,5.333333333333333,15.333333333333334,18.833333333333332,62.0,2.8333333333333335,10.833333333333334,14.0,8.5,9.5,5.5,17.833333333333332,14.833333333333334,1.0,0.6666666666666666,8.0,9.0,-1.0,1937.5430249657263
593,25.714285714285715,59.857142857142854,2.7142857142857144,12.0,11.714285714285714,13.285714285714286,12.285714285714286,10.857142857142858,18.428571428571427,20.142857142857142,48.857142857142854,4.571428571428571,13.0,11.714285714285714,10.714285714285714,21.142857142857142,6.0,18.285714285714285,9.857142857142858,27.0,62.0,4.333333333333333,12.333333333333334,14.333333333333334,13.0,12.0,8.333333333333334,18.666666666666668,31.333333333333332,58.666666666666664,11.0,20.0,9.0,20.333333333333332,14.333333333333334,4.666666666666667,19.0,-7.333333333333333,1.0,0.0,14.0,3.0,11.0,1762.7983791019094
594,25.666666666666668,62.166666666666664,8.666666666666666,21.333333333333332,14.833333333333334,15.166666666666666,14.0,7.0,18.0,21.166666666666668,58.0,5.166666666666667,15.166666666666666,12.166666666666666,10.0,14.5,6.833333333333333,14.833333333333334,9.0,23.6,52.4,1.8,9.6,8.4,11.2,14.6,4.2,15.6,22.6,64.6,3.8,12.8,13.8,10.4,9.8,6.6,21.4,4.4,1.0,0.5,16.0,1.0,15.0,1537.4594813674912
595,22.2,60.2,4.4,16.2,15.6,9.6,16.2,8.2,23.4,19.6,46.6,1.8,8.8,8.4,10.2,16.8,6.6,17.6,0.2,27.8,65.8,4.2,13.0,12.2,17.4,11.6,7.2,18.6,22.6,60.2,4.0,14.0,14.0,13.2,16.0,4.8,16.6,6.8,0.5,0.5,8.0,9.0,-1.0,1975.2261721373943
596,22.0,53.0,5.333333333333333,16.0,10.5,14.666666666666666,14.5,7.0,13.166666666666666,19.333333333333332,58.666666666666664,5.5,15.5,12.166666666666666,11.333333333333334,14.666666666666666,8.0,17.666666666666668,10.833333333333334,23.166666666666668,57.666666666666664,6.0,15.833333333333334,15.666666666666666,12.666666666666666,16.833333333333332,4.0,20.5,21.333333333333332,58.5,6.5,21.5,11.0,11.0,10.166666666666666,7.166666666666667,19.333333333333332,1.3333333333333333,1.0,0.6666666666666666,12.0,5.0,7.0,1577.0913146730657
597,24.166666666666668,50.833333333333336,3.1666666666666665,10.166666666666666,12.666666666666666,14.333333333333334,17.166666666666668,7.5,18.166666666666668,20.5,57.333333333333336,5.833333333333333,23.5,11.166666666666666,12.0,13.333333333333334,8.166666666666666,20.5,12.833333333333334,30.8,61.0,3.4,8.4,9.8,17.8,12.0,6.2,19.0,25.0,62.4,4.8,13.4,13.6,10.8,13.8,5.0,18.0,9.6,0.6666666666666666,0.5,14.0,3.0,11.0,1542.9350669005462
598,25.4,56.0,2.0,8.4,14.4,15.8,16.2,8.4,19.4,18.4,52.0,4.2,16.8,12.0,10.6,17.4,6.4,18.8,11.8,23.857142857142858,56.42857142857143,4.428571428571429,15.0,14.142857142857142,10.857142857142858,14.142857142857142,6.857142857142857,18.714285714285715,20.0,53.714285714285715,4.0,14.428571428571429,11.142857142857142,9.0,15.571428571428571,5.571428571428571,19.714285714285715,10.571428571428571,1.0,0.75,15.0,2.0,13.0,1719.058293785265
599,26.5,66.25,3.75,15.0,15.0,15.5,14.0,4.25,17.25,28.5,70.75,7.5,21.75,13.25,14.25,11.25,6.5,20.75,0.75,27.285714285714285,62.57142857142857,3.4285714285714284,13.714285714285714,15.857142857142858,15.714285714285714,13.571428571428571,7.0,16.428571428571427,22.571428571428573,59.714285714285715,5.857142857142857,19.0,12.0,11.857142857142858,15.857142857142858,5.857142857142857,20.714285714285715,12.142857142857142,0.0,1.0,7.0,2.0,5.0,2027.4641337893963
600,28.0,63.0,8.166666666666666,21.0,13.0,19.333333333333332,11.5,5.333333333333333,13.333333333333334,25.833333333333332,61.0,7.0,19.333333333333332,12.333333333333334,15.5,14.166666666666666,6.666666666666667,19.0,9.833333333333334,25.2,57.2,7.4,18.0,14.2,17.6,18.6,4.4,18.4,22.0,61.4,5.2,16.6,12.0,11.4,13.6,11.2,19.4,12.4,1.0,0.6666666666666666,4.0,12.0,-8.0,2076.4069975050725
601,25.5,53.333333333333336,3.3333333333333335,10.0,13.0,11.5,17.833333333333332,6.5,15.333333333333334,23.666666666666668,63.833333333333336,6.666666666666667,22.333333333333332,14.5,13.166666666666666,11.666666666666666,7.333333333333333,17.166666666666668,3.1666666666666665,29.285714285714285,64.14285714285714,8.0,21.571428571428573,14.428571428571429,17.857142857142858,13.142857142857142,11.428571428571429,15.571428571428571,25.571428571428573,56.285714285714285,5.285714285714286,15.714285714285714,9.571428571428571,12.857142857142858,19.714285714285715,5.857142857142857,18.428571428571427,17.428571428571427,0.6666666666666666,1.0,2.0,7.0,-5.0,2280.028947411221
602,23.75,60.75,8.0,25.5,15.75,10.75,11.0,10.0,13.5,21.0,55.5,3.75,17.0,14.5,11.5,16.75,4.5,13.0,8.75,26.0,59.666666666666664,3.8333333333333335,10.666666666666666,12.0,12.0,14.0,7.166666666666667,20.333333333333332,25.833333333333332,62.0,4.5,13.333333333333334,10.5,13.0,14.833333333333334,5.0,20.166666666666668,5.333333333333333,0.5,0.6666666666666666,6.0,3.0,3.0,1966.9552399213085
603,21.75,58.75,3.75,12.25,15.0,10.75,15.5,6.5,20.25,24.0,55.0,5.25,16.5,8.5,11.25,15.0,7.25,19.0,-3.25,30.5,61.0,4.833333333333333,12.833333333333334,12.333333333333334,18.333333333333332,13.0,10.0,14.0,24.5,59.833333333333336,3.6666666666666665,14.0,11.166666666666666,11.833333333333334,18.0,6.833333333333333,19.666666666666668,22.833333333333332,0.0,1.0,9.0,1.0,8.0,1849.434474040724
604,28.333333333333332,59.666666666666664,6.666666666666667,17.333333333333332,11.0,16.666666666666668,16.0,6.0,17.666666666666668,25.0,64.0,5.333333333333333,17.333333333333332,11.333333333333334,13.333333333333334,11.666666666666666,5.666666666666667,16.0,9.0,24.333333333333332,58.166666666666664,3.0,11.666666666666666,10.166666666666666,10.333333333333334,11.666666666666666,7.333333333333333,18.833333333333332,22.5,54.666666666666664,6.833333333333333,19.5,10.666666666666666,12.833333333333334,15.0,4.166666666666667,15.5,-2.0,0.0,0.3333333333333333,4.0,5.0,-1.0,2030.7612878411303
605,26.8,60.0,3.4,11.4,16.0,13.4,21.0,8.6,15.4,25.6,55.6,6.8,14.0,10.0,14.8,19.0,10.0,18.2,-0.2,26.0,64.2,5.0,17.8,13.6,12.6,13.0,5.0,15.4,22.2,63.2,7.4,18.8,10.2,11.6,13.2,5.4,21.0,12.6,0.5,0.5,10.0,2.0,8.0,1938.7401744055812
606,23.428571428571427,56.285714285714285,3.857142857142857,10.857142857142858,11.0,9.571428571428571,13.714285714285714,6.428571428571429,19.0,22.0,52.42857142857143,4.714285714285714,14.571428571428571,11.142857142857142,11.714285714285714,16.857142857142858,5.428571428571429,19.857142857142858,-1.0,27.166666666666668,62.833333333333336,2.3333333333333335,9.5,14.666666666666666,9.0,14.5,6.5,16.0,24.166666666666668,62.166666666666664,5.5,15.833333333333334,8.833333333333334,11.833333333333334,12.666666666666666,6.166666666666667,18.833333333333332,7.5,0.75,1.0,8.0,1.0,7.0,1906.5181057736315
607,27.8,65.8,4.2,13.0,12.2,17.4,11.6,7.2,18.6,22.6,60.2,4.0,14.0,14.0,13.2,16.0,4.8,16.6,6.8,28.571428571428573,58.285714285714285,7.142857142857143,19.142857142857142,10.857142857142858,18.714285714285715,13.0,8.571428571428571,10.857142857142858,18.571428571428573,60.42857142857143,3.857142857142857,14.857142857142858,11.0,7.142857142857143,15.857142857142858,5.857142857142857,16.0,31.0,0.5,1.0,9.0,1.0,8.0,1812.8155174108665
608,26.0,56.285714285714285,7.571428571428571,20.428571428571427,9.142857142857142,18.0,13.285714285714286,8.714285714285714,16.714285714285715,25.285714285714285,59.57142857142857,5.142857142857143,18.0,13.714285714285714,13.0,16.857142857142858,7.285714285714286,19.0,8.0,24.166666666666668,59.833333333333336,7.333333333333333,20.666666666666668,10.5,11.166666666666666,14.166666666666666,8.666666666666666,15.666666666666666,21.833333333333332,58.666666666666664,4.666666666666667,15.833333333333334,13.166666666666666,11.833333333333334,17.5,5.666666666666667,15.333333333333334,8.0,0.75,0.5,6.0,3.0,3.0,2008.940482561351
609,23.857142857142858,56.42857142857143,4.428571428571429,15.0,14.142857142857142,10.857142857142858,14.142857142857142,6.857142857142857,18.714285714285715,20.0,53.714285714285715,4.0,14.428571428571429,11.142857142857142,9.0,15.571428571428571,5.571428571428571,19.714285714285715,10.571428571428571,22.8,57.8,4.2,16.0,12.4,10.2,18.0,7.6,21.8,22.8,60.8,6.4,17.8,18.0,9.4,18.4,10.2,19.4,-5.2,0.75,0.5,2.0,7.0,-5.0,2118.5269907488414
610,23.166666666666668,57.666666666666664,6.0,15.833333333333334,15.666666666666666,12.666666666666666,16.833333333333332,4.0,20.5,21.333333333333332,58.5,6.5,21.5,11.0,11.0,10.166666666666666,7.166666666666667,19.333333333333332,1.3333333333333333,32.75,63.25,4.25,13.5,16.75,18.5,14.0,6.75,14.5,23.5,60.75,6.75,18.5,12.75,8.5,14.0,8.0,19.0,19.75,0.6666666666666666,0.0,5.0,4.0,1.0,1954.4150921308212
611,26.2,60.6,5.6,18.0,15.2,16.4,16.4,7.8,17.6,23.0,58.8,5.0,15.8,10.8,13.4,12.4,7.2,15.6,8.0,23.0,62.5,5.666666666666667,21.0,14.0,12.0,16.333333333333332,9.0,20.5,24.833333333333332,55.166666666666664,3.5,11.833333333333334,11.666666666666666,12.166666666666666,19.166666666666668,7.0,18.5,-3.6666666666666665,0.5,0.6666666666666666,5.0,4.0,1.0,2004.030009288771
612,24.8,56.2,6.6,15.6,8.2,13.0,16.6,5.8,22.4,25.2,59.8,4.2,16.4,15.2,13.4,16.0,8.0,17.8,-4.2,27.0,62.0,4.333333333333333,12.333333333333334,14.333333333333334,13.0,12.0,8.333333333333334,18.666666666666668,31.333333333333332,58.666666666666664,11.0,20.0,9.0,20.333333333333332,14.333333333333334,4.666666666666667,19.0,-7.333333333333333,0.5,0.0,11.0,3.0,8.0,1894.681436169665
613,24.0,52.666666666666664,7.833333333333333,21.333333333333332,9.0,13.166666666666666,12.833333333333334,5.333333333333333,15.333333333333334,18.833333333333332,62.0,2.8333333333333335,10.833333333333334,14.0,8.5,9.5,5.5,17.833333333333332,14.833333333333334,23.6,52.4,1.8,9.6,8.4,11.2,14.6,4.2,15.6,22.6,64.6,3.8,12.8,13.8,10.4,9.8,6.6,21.4,4.4,0.6666666666666666,0.5,9.0,1.0,8.0,1840.2065325703416
614,26.0,63.857142857142854,7.0,22.714285714285715,16.285714285714285,15.428571428571429,12.714285714285714,7.857142857142857,15.142857142857142,18.428571428571427,55.857142857142854,3.5714285714285716,12.285714285714286,10.0,8.571428571428571,16.285714285714285,5.428571428571429,18.0,21.714285714285715,30.8,61.0,3.4,8.4,9.8,17.8,12.0,6.2,19.0,25.0,62.4,4.8,13.4,13.6,10.8,13.8,5.0,18.0,9.6,1.0,0.5,11.0,3.0,8.0,1904.9302741140425
615,26.0,59.666666666666664,3.8333333333333335,10.666666666666666,12.0,12.0,14.0,7.166666666666667,20.333333333333332,25.833333333333332,62.0,4.5,13.333333333333334,10.5,13.0,14.833333333333334,5.0,20.166666666666668,5.333333333333333,27.285714285714285,62.57142857142857,3.4285714285714284,13.714285714285714,15.857142857142858,15.714285714285714,13.571428571428571,7.0,16.428571428571427,22.571428571428573,59.714285714285715,5.857142857142857,19.0,12.0,11.857142857142858,15.857142857142858,5.857142857142857,20.714285714285715,12.142857142857142,0.6666666666666666,1.0,3.0,2.0,1.0,2153.0390655358474
616,25.2,57.2,7.4,18.0,14.2,17.6,18.6,4.4,18.4,22.0,61.4,5.2,16.6,12.0,11.4,13.6,11.2,19.4,12.4,28.571428571428573,58.285714285714285,7.142857142857143,19.142857142857142,10.857142857142858,18.714285714285715,13.0,8.571428571428571,10.857142857142858,18.571428571428573,60.42857142857143,3.857142857142857,14.857142857142858,11.0,7.142857142857143,15.857142857142858,5.857142857142857,16.0,31.0,0.6666666666666666,1.0,12.0,1.0,11.0,1890.6893274670192
617,24.333333333333332,58.166666666666664,3.0,11.666666666666666,10.166666666666666,10.333333333333334,11.666666666666666,7.333333333333333,18.833333333333332,22.5,54.666666666666664,6.833333333333333,19.5,10.666666666666666,12.833333333333334,15.0,4.166666666666667,15.5,-2.0,30.5,61.0,4.833333333333333,12.833333333333334,12.333333333333334,18.333333333333332,13.0,10.0,14.0,24.5,59.833333333333336,3.6666666666666665,14.0,11.166666666666666,11.833333333333334,18.0,6.833333333333333,19.666666666666668,22.833333333333332,0.3333333333333333,1.0,5.0,1.0,4.0,2032.6965427487676
618,29.285714285714285,64.14285714285714,8.0,21.571428571428573,14.428571428571429,17.857142857142858,13.142857142857142,11.428571428571429,15.571428571428571,25.571428571428573,56.285714285714285,5.285714285714286,15.714285714285714,9.571428571428571,12.857142857142858,19.714285714285715,5.857142857142857,18.428571428571427,17.428571428571427,30.8,61.0,3.4,8.4,9.8,17.8,12.0,6.2,19.0,25.0,62.4,4.8,13.4,13.6,10.8,13.8,5.0,18.0,9.6,1.0,0.5,7.0,3.0,4.0,2035.8951547480008
619,22.8,57.8,4.2,16.0,12.4,10.2,18.0,7.6,21.8,22.8,60.8,6.4,17.8,18.0,9.4,18.4,10.2,19.4,-5.2,24.166666666666668,59.833333333333336,7.333333333333333,20.666666666666668,10.5,11.166666666666666,14.166666666666666,8.666666666666666,15.666666666666666,21.833333333333332,58.666666666666664,4.666666666666667,15.833333333333334,13.166666666666666,11.833333333333334,17.5,5.666666666666667,15.333333333333334,8.0,0.5,0.5,7.0,3.0,4.0,1970.0213693798016
620,27.166666666666668,62.833333333333336,2.3333333333333335,9.5,14.666666666666666,9.0,14.5,6.5,16.0,24.166666666666668,62.166666666666664,5.5,15.833333333333334,8.833333333333334,11.833333333333334,12.666666666666666,6.166666666666667,18.833333333333332,7.5,32.75,63.25,4.25,13.5,16.75,18.5,14.0,6.75,14.5,23.5,60.75,6.75,18.5,12.75,8.5,14.0,8.0,19.0,19.75,1.0,0.0,1.0,4.0,-3.0,2235.0128445040154
621,23.6,52.4,1.8,9.6,8.4,11.2,14.6,4.2,15.6,22.6,64.6,3.8,12.8,13.8,10.4,9.8,6.6,21.4,4.4,23.0,62.5,5.666666666666667,21.0,14.0,12.0,16.333333333333332,9.0,20.5,24.833333333333332,55.166666666666664,3.5,11.833333333333334,11.666666666666666,12.166666666666666,19.166666666666668,7.0,18.5,-3.6666666666666665,0.5,0.6666666666666666,1.0,4.0,-3.0,2116.454154995696
622,27.0,62.0,4.333333333333333,12.333333333333334,14.333333333333334,13.0,12.0,8.333333333333334,18.666666666666668,31.333333333333332,58.666666666666664,11.0,20.0,9.0,20.333333333333332,14.333333333333334,4.666666666666667,19.0,-7.333333333333333,26.0,64.2,5.0,17.8,13.6,12.6,13.0,5.0,15.4,22.2,63.2,7.4,18.8,10.2,11.6,13.2,5.4,21.0,12.6,0.0,0.5,3.0,2.0,1.0,2070.943772390479
623,30.8,61.0,3.4,8.4,9.8,17.8,12.0,6.2,19.0,25.0,62.4,4.8,13.4,13.6,10.8,13.8,5.0,18.0,9.6,28.571428571428573,58.285714285714285,7.142857142857143,19.142857142857142,10.857142857142858,18.714285714285715,13.0,8.571428571428571,10.857142857142858,18.571428571428573,60.42857142857143,3.857142857142857,14.857142857142858,11.0,7.142857142857143,15.857142857142858,5.857142857142857,16.0,31.0,0.5,1.0,3.0,1.0,2.0,2113.605682223814
624,27.285714285714285,62.57142857142857,3.4285714285714284,13.714285714285714,15.857142857142858,15.714285714285714,13.571428571428571,7.0,16.428571428571427,22.571428571428573,59.714285714285715,5.857142857142857,19.0,12.0,11.857142857142858,15.857142857142858,5.857142857142857,20.714285714285715,12.142857142857142,30.5,61.0,4.833333333333333,12.833333333333334,12.333333333333334,18.333333333333332,13.0,10.0,14.0,24.5,59.833333333333336,3.6666666666666665,14.0,11.166666666666666,11.833333333333334,18.0,6.833333333333333,19.666666666666668,22.833333333333332,1.0,1.0,2.0,1.0,1.0,2403.484177865769
625,24.166666666666668,59.833333333333336,7.333333333333333,20.666666666666668,10.5,11.166666666666666,14.166666666666666,8.666666666666666,15.666666666666666,21.833333333333332,58.666666666666664,4.666666666666667,15.833333333333334,13.166666666666666,11.833333333333334,17.5,5.666666666666667,15.333333333333334,8.0,32.75,63.25,4.25,13.5,16.75,18.5,14.0,6.75,14.5,23.5,60.75,6.75,18.5,12.75,8.5,14.0,8.0,19.0,19.75,0.5,0.0,3.0,4.0,-1.0,2180.408949840089
626,23.0,62.5,5.666666666666667,21.0,14.0,12.0,16.333333333333332,9.0,20.5,24.833333333333332,55.166666666666664,3.5,11.833333333333334,11.666666666666666,12.166666666666666,19.166666666666668,7.0,18.5,-3.6666666666666665,26.0,64.2,5.0,17.8,13.6,12.6,13.0,5.0,15.4,22.2,63.2,7.4,18.8,10.2,11.6,13.2,5.4,21.0,12.6,0.6666666666666666,0.5,4.0,2.0,2.0,2109.9466497821813
627,26.0,64.2,5.0,17.8,13.6,12.6,13.0,5.0,15.4,22.2,63.2,7.4,18.8,10.2,11.6,13.2,5.4,21.0,12.6,28.571428571428573,58.285714285714285,7.142857142857143,19.142857142857142,10.857142857142858,18.714285714285715,13.0,8.571428571428571,10.857142857142858,18.571428571428573,60.42857142857143,3.857142857142857,14.857142857142858,11.0,7.142857142857143,15.857142857142858,5.857142857142857,16.0,31.0,0.5,1.0,2.0,1.0,1.0,2356.4017425516217
628,32.75,63.25,4.25,13.5,16.75,18.5,14.0,6.75,14.5,23.5,60.75,6.75,18.5,12.75,8.5,14.0,8.0,19.0,19.75,30.5,61.0,4.833333333333333,12.833333333333334,12.333333333333334,18.333333333333332,13.0,10.0,14.0,24.5,59.833333333333336,3.6666666666666665,14.0,11.166666666666666,11.833333333333334,18.0,6.833333333333333,19.666666666666668,22.833333333333332,0.0,1.0,4.0,1.0,3.0,2161.102701950944
629,30.5,61.0,4.833333333333333,12.833333333333334,12.333333333333334,18.333333333333332,13.0,10.0,14.0,24.5,59.833333333333336,3.6666666666666665,14.0,11.166666666666666,11.833333333333334,18.0,6.833333333333333,19.666666666666668,22.833333333333332,28.571428571428573,58.285714285714285,7.142857142857143,19.142857142857142,10.857142857142858,18.714285714285715,13.0,8.571428571428571,10.857142857142858,18.571428571428573,60.42857142857143,3.857142857142857,14.857142857142858,11.0,7.142857142857143,15.857142857142858,5.857142857142857,16.0,31.0,1.0,1.0,1.0,1.0,0.0,2503.509948322856
630,17.4,55.0,5.4,15.6,11.4,9.4,11.6,5.4,14.6,21.8,57.4,3.8,13.0,11.8,10.0,12.4,6.2,18.8,-2.0,25.6,59.4,4.0,14.0,10.8,16.6,14.6,8.6,17.0,25.4,63.0,6.2,17.8,15.8,15.2,15.4,7.6,17.6,-0.8,0.5,0.5,10.0,7.0,3.0,1848.601256765088
631,28.857142857142858,59.142857142857146,3.4285714285714284,9.428571428571429,10.285714285714286,19.714285714285715,14.285714285714286,7.714285714285714,17.285714285714285,22.857142857142858,58.857142857142854,7.0,20.857142857142858,11.142857142857142,14.714285714285714,14.285714285714286,6.857142857142857,17.714285714285715,8.142857142857142,23.125,54.875,6.625,19.75,7.875,11.875,11.25,6.0,15.375,21.25,64.0,7.25,23.875,17.25,13.0,13.875,4.5,18.875,6.875,1.0,0.6666666666666666,2.0,15.0,-13.0,2355.5172121374912
632,24.666666666666668,61.333333333333336,6.0,16.833333333333332,12.833333333333334,14.166666666666666,12.0,8.333333333333334,12.0,22.5,55.833333333333336,5.833333333333333,17.166666666666668,11.0,11.666666666666666,17.0,5.833333333333333,14.333333333333334,5.833333333333333,27.375,59.375,3.5,13.875,11.75,13.25,10.875,9.125,15.375,19.375,50.75,5.25,16.25,9.75,8.875,15.625,5.625,14.25,13.5,0.6666666666666666,1.0,4.0,13.0,-9.0,2016.63737857418
633,29.0,62.833333333333336,6.5,17.166666666666668,13.5,14.5,14.5,8.666666666666666,17.833333333333332,21.666666666666668,61.333333333333336,4.833333333333333,13.666666666666666,15.166666666666666,11.666666666666666,18.166666666666668,6.5,20.333333333333332,16.333333333333332,21.4,56.4,7.6,25.6,11.8,13.0,14.4,5.6,14.0,22.8,58.2,4.6,15.6,11.8,13.0,12.2,8.8,14.2,0.4,0.6666666666666666,0.0,7.0,10.0,-3.0,1939.7252313122483
634,31.4,70.0,9.8,28.8,14.2,19.8,13.6,11.6,16.0,25.4,58.8,4.0,13.8,10.2,12.6,21.0,8.4,14.2,20.2,27.2,68.0,5.4,20.8,16.4,16.8,18.6,5.0,14.4,30.2,72.4,8.0,19.2,13.6,23.4,11.0,7.8,15.4,-9.0,1.0,0.5,9.0,8.0,1.0,2023.1619015169988
635,24.4,60.4,3.0,14.2,16.6,11.0,17.0,7.2,19.4,23.2,61.4,8.2,20.6,15.8,13.4,15.8,7.0,16.8,-3.6,25.333333333333332,53.5,1.3333333333333333,4.166666666666667,11.166666666666666,15.166666666666666,15.0,13.333333333333334,16.333333333333332,19.333333333333332,50.166666666666664,5.333333333333333,17.5,9.0,12.0,20.166666666666668,6.333333333333333,19.666666666666668,17.833333333333332,0.5,1.0,4.0,13.0,-9.0,2152.68607281914
636,23.6,56.4,4.2,14.0,13.0,12.0,15.8,8.8,20.2,20.6,52.2,6.0,16.2,11.2,12.8,15.6,8.0,16.6,-0.8,30.833333333333332,65.0,3.8333333333333335,9.333333333333334,17.166666666666668,16.666666666666668,15.833333333333334,8.333333333333334,16.333333333333332,22.833333333333332,61.333333333333336,4.666666666666667,16.833333333333332,12.0,10.5,16.5,7.5,18.333333333333332,17.333333333333332,0.5,1.0,11.0,6.0,5.0,1918.926795919654
637,29.8,68.2,8.0,21.0,12.0,19.0,14.0,4.2,17.4,30.2,69.2,7.8,19.8,15.0,17.6,16.2,7.6,16.8,1.0,22.666666666666668,51.666666666666664,3.0,10.833333333333334,8.5,13.166666666666666,9.166666666666666,8.166666666666666,10.666666666666666,17.833333333333332,53.0,6.166666666666667,20.333333333333332,12.833333333333334,9.666666666666666,14.833333333333334,4.5,14.666666666666666,11.833333333333334,0.5,1.0,3.0,14.0,-11.0,2055.507682399259
638,23.333333333333332,60.833333333333336,4.0,14.833333333333334,14.0,7.666666666666667,14.833333333333334,7.166666666666667,18.833333333333332,21.833333333333332,60.833333333333336,6.666666666666667,19.833333333333332,13.0,12.666666666666666,15.333333333333334,5.5,19.166666666666668,2.0,27.166666666666668,62.333333333333336,7.0,19.666666666666668,13.166666666666666,14.666666666666666,12.166666666666666,7.666666666666667,19.0,21.666666666666668,55.0,4.666666666666667,14.833333333333334,12.0,13.166666666666666,16.666666666666668,5.0,17.0,9.5,0.6666666666666666,1.0,2.0,15.0,-13.0,2116.565870967609
639,22.6,58.2,7.0,21.6,10.0,8.4,13.6,6.4,16.4,24.2,60.0,5.2,12.2,14.6,11.2,14.8,7.2,13.0,-4.4,23.8,55.4,6.4,17.6,9.8,10.4,12.2,7.8,15.6,20.6,60.2,4.8,16.2,14.4,11.2,14.2,4.6,15.6,12.0,0.5,0.5,11.0,6.0,5.0,1861.007170716991
640,18.75,55.5,6.0,19.0,15.25,11.5,18.75,7.75,20.0,21.0,47.25,3.25,9.25,8.5,7.75,17.75,10.5,18.25,-4.5,24.5,57.333333333333336,6.666666666666667,17.833333333333332,9.833333333333334,13.333333333333334,14.833333333333334,10.166666666666666,14.666666666666666,24.0,54.833333333333336,5.833333333333333,17.0,10.666666666666666,14.166666666666666,16.5,8.666666666666666,13.166666666666666,-1.0,0.0,0.6666666666666666,5.0,12.0,-7.0,1908.1750916010296
641,28.0,55.0,4.0,11.666666666666666,9.833333333333334,16.666666666666668,15.666666666666666,5.833333333333333,13.5,21.333333333333332,59.333333333333336,3.6666666666666665,14.666666666666666,10.666666666666666,9.666666666666666,12.5,7.166666666666667,15.666666666666666,14.333333333333334,23.714285714285715,59.0,4.142857142857143,15.857142857142858,13.571428571428571,12.142857142857142,11.857142857142858,6.714285714285714,15.857142857142858,20.714285714285715,54.714285714285715,4.428571428571429,16.857142857142858,9.428571428571429,8.571428571428571,12.428571428571429,8.0,18.142857142857142,5.142857142857143,1.0,0.75,1.0,16.0,-15.0,2490.2141060491485
642,22.75,59.25,7.75,25.0,12.5,15.5,11.25,4.25,11.75,24.0,62.25,2.5,7.75,12.0,7.5,8.25,5.0,14.75,3.5,24.666666666666668,60.666666666666664,5.666666666666667,16.166666666666668,14.833333333333334,16.333333333333332,10.833333333333334,8.5,16.166666666666668,20.166666666666668,54.0,4.5,16.166666666666668,10.5,10.333333333333334,17.166666666666668,5.5,20.166666666666668,17.166666666666668,0.0,1.0,3.0,14.0,-11.0,1989.880404136341
643,25.666666666666668,58.0,3.3333333333333335,12.5,14.166666666666666,13.833333333333334,13.333333333333334,6.666666666666667,14.666666666666666,18.833333333333332,56.333333333333336,4.333333333333333,14.666666666666666,12.5,10.166666666666666,11.833333333333334,5.333333333333333,16.333333333333332,11.833333333333334,26.5,57.875,1.625,8.5,13.0,11.5,16.125,11.375,16.375,19.625,56.75,4.375,14.75,14.875,8.25,19.5,5.125,17.25,12.875,1.0,1.0,1.0,16.0,-15.0,2238.6425739299007
644,25.0,64.33333333333333,7.0,24.666666666666668,17.0,9.0,13.333333333333334,10.0,17.333333333333332,24.0,53.666666666666664,5.333333333333333,14.666666666666666,11.0,15.0,20.0,5.0,17.666666666666668,4.333333333333333,25.4,62.2,6.6,17.6,10.6,16.6,14.2,5.6,14.6,24.6,65.0,7.8,24.2,10.8,15.0,13.0,8.0,16.0,3.0,0.0,0.5,8.0,9.0,-1.0,1966.3479050601672
645,23.571428571428573,54.42857142857143,5.0,12.714285714285714,9.285714285714286,14.0,16.857142857142858,6.714285714285714,18.0,20.571428571428573,60.142857142857146,4.571428571428571,18.428571428571427,10.571428571428571,9.714285714285714,14.142857142857142,7.857142857142857,18.857142857142858,7.857142857142857,28.0,60.875,4.375,15.0,13.5,15.625,12.75,8.875,14.75,23.625,61.625,5.625,18.125,15.25,11.5,17.375,5.875,17.625,10.0,0.75,1.0,5.0,12.0,-7.0,2008.182234897584
646,23.0,55.6,3.4,10.4,12.4,11.4,12.8,7.4,15.6,20.8,50.6,4.4,13.8,10.4,7.8,16.6,6.8,18.2,7.2,23.142857142857142,56.42857142857143,9.714285714285714,27.428571428571427,10.142857142857142,13.714285714285714,15.285714285714286,9.285714285714286,17.571428571428573,18.142857142857142,55.42857142857143,5.142857142857143,17.857142857142858,12.714285714285714,9.857142857142858,20.0,6.0,18.714285714285715,13.714285714285714,0.5,1.0,3.0,14.0,-11.0,2011.7096438395552
647,25.142857142857142,52.857142857142854,5.714285714285714,14.571428571428571,10.0,14.142857142857142,13.0,8.142857142857142,15.714285714285714,21.285714285714285,50.857142857142854,2.857142857142857,10.285714285714286,10.857142857142858,8.571428571428571,17.714285714285715,6.142857142857143,16.714285714285715,13.142857142857142,24.2,53.0,1.2,3.8,11.6,12.2,16.0,6.8,15.4,24.8,60.6,3.0,11.0,11.8,12.2,12.0,7.8,18.4,1.2,1.0,0.5,11.0,6.0,5.0,1704.6125698943638
648,37.0,64.28571428571429,8.285714285714286,20.714285714285715,12.571428571428571,22.714285714285715,12.142857142857142,9.857142857142858,11.0,19.285714285714285,58.714285714285715,4.428571428571429,17.285714285714285,10.428571428571429,7.428571428571429,16.714285714285715,6.714285714285714,14.0,43.142857142857146,24.857142857142858,53.857142857142854,7.571428571428571,20.714285714285715,8.0,16.857142857142858,12.285714285714286,7.714285714285714,11.857142857142858,22.571428571428573,58.0,4.857142857142857,16.428571428571427,12.0,9.857142857142858,14.714285714285714,5.857142857142857,16.571428571428573,12.571428571428571,1.0,1.0,1.0,16.0,-15.0,2550.09509337529
649,24.166666666666668,55.833333333333336,8.333333333333334,24.333333333333332,9.333333333333334,12.666666666666666,12.166666666666666,8.833333333333334,15.666666666666666,15.5,47.833333333333336,3.3333333333333335,13.5,9.333333333333334,5.666666666666667,19.833333333333332,3.6666666666666665,16.333333333333332,25.833333333333332,21.0,61.833333333333336,3.1666666666666665,10.833333333333334,14.5,10.0,12.333333333333334,9.0,16.166666666666668,22.333333333333332,59.5,5.0,17.5,10.666666666666666,11.5,13.166666666666666,6.166666666666667,17.0,-4.666666666666667,1.0,0.3333333333333333,7.0,10.0,-3.0,1878.8207175506648
650,27.166666666666668,60.333333333333336,5.666666666666667,16.166666666666668,13.833333333333334,15.333333333333334,16.5,5.833333333333333,14.5,20.333333333333332,59.0,5.833333333333333,21.5,11.166666666666666,12.833333333333334,15.833333333333334,7.666666666666667,18.333333333333332,15.5,21.88888888888889,57.77777777777778,5.555555555555555,15.444444444444445,14.444444444444445,12.555555555555555,18.22222222222222,7.222222222222222,24.22222222222222,20.666666666666668,59.333333333333336,3.111111111111111,12.555555555555555,15.88888888888889,9.88888888888889,16.555555555555557,9.222222222222221,21.666666666666668,1.6666666666666667,0.6666666666666666,0.8333333333333334,2.0,15.0,-13.0,2089.643515602952
651,23.4,61.0,4.6,14.2,13.4,15.2,15.4,10.2,18.8,23.8,53.2,5.8,14.2,9.8,15.0,19.6,6.4,16.4,-5.6,22.166666666666668,51.166666666666664,6.5,18.5,7.833333333333333,13.333333333333334,14.0,8.0,15.833333333333334,22.5,57.0,4.5,14.666666666666666,15.666666666666666,12.333333333333334,14.5,8.166666666666666,16.833333333333332,0.5,0.5,1.0,3.0,14.0,-11.0,2140.019419226028
652,25.666666666666668,60.833333333333336,5.833333333333333,16.333333333333332,15.5,14.5,13.333333333333334,8.0,14.833333333333334,21.333333333333332,56.666666666666664,4.833333333333333,17.833333333333332,9.333333333333334,11.833333333333334,14.833333333333334,5.833333333333333,18.833333333333332,14.5,25.4,62.6,8.2,26.8,15.8,12.6,14.8,7.8,15.0,21.8,62.0,6.2,20.6,14.8,12.0,16.0,6.6,14.8,10.2,1.0,1.0,1.0,16.0,-15.0,2250.40070877606
653,28.4,67.2,7.0,18.0,14.6,13.6,16.0,9.2,17.4,27.2,61.2,5.8,16.6,14.2,11.8,20.2,6.2,16.0,4.0,25.666666666666668,57.833333333333336,3.3333333333333335,11.833333333333334,15.666666666666666,13.166666666666666,12.0,7.0,16.5,19.833333333333332,55.166666666666664,4.666666666666667,13.0,10.166666666666666,9.0,12.666666666666666,6.833333333333333,17.833333333333332,14.0,0.5,1.0,4.0,13.0,-9.0,2081.5165486269225
654,31.166666666666668,69.83333333333333,8.666666666666666,21.666666666666668,12.666666666666666,18.333333333333332,11.833333333333334,7.666666666666667,15.5,27.166666666666668,69.0,6.0,17.5,15.166666666666666,15.333333333333334,17.166666666666668,3.8333333333333335,18.166666666666668,11.5,27.142857142857142,65.85714285714286,4.714285714285714,15.285714285714286,17.0,14.285714285714286,11.142857142857142,8.142857142857142,16.142857142857142,20.142857142857142,54.285714285714285,3.142857142857143,11.571428571428571,9.428571428571429,10.142857142857142,16.857142857142858,5.714285714285714,18.428571428571427,15.714285714285714,0.6666666666666666,1.0,5.0,12.0,-7.0,1984.5875010351417
655,20.333333333333332,56.0,5.333333333333333,17.833333333333332,13.333333333333334,10.333333333333334,14.166666666666666,5.5,19.0,20.666666666666668,56.166666666666664,4.666666666666667,13.833333333333334,13.333333333333334,12.0,15.0,7.666666666666667,21.166666666666668,2.5,25.857142857142858,65.14285714285714,10.142857142857142,26.571428571428573,15.0,18.142857142857142,14.571428571428571,8.0,16.428571428571427,22.0,64.85714285714286,4.285714285714286,18.285714285714285,14.0,14.285714285714286,16.285714285714285,7.857142857142857,19.142857142857142,20.571428571428573,0.6666666666666666,1.0,5.0,12.0,-7.0,1988.1589449755045
656,20.25,57.25,2.5,14.75,14.0,12.75,15.0,4.25,16.25,23.5,58.5,6.25,18.75,12.5,13.0,13.5,5.5,17.25,-10.75,24.833333333333332,52.5,4.666666666666667,14.5,10.333333333333334,13.166666666666666,14.0,8.666666666666666,11.166666666666666,19.666666666666668,54.166666666666664,3.1666666666666665,13.833333333333334,11.333333333333334,8.666666666666666,15.833333333333334,7.833333333333333,14.833333333333334,14.333333333333334,0.0,1.0,10.0,7.0,3.0,1730.809155606064
657,28.0,59.5,5.166666666666667,15.333333333333334,12.666666666666666,17.5,13.5,6.0,14.5,18.333333333333332,56.0,2.0,12.833333333333334,9.833333333333334,8.666666666666666,13.0,6.5,14.0,19.333333333333332,24.571428571428573,56.714285714285715,5.285714285714286,20.714285714285715,11.428571428571429,16.285714285714285,12.0,8.428571428571429,16.714285714285715,16.571428571428573,55.142857142857146,5.0,24.285714285714285,12.428571428571429,9.0,15.428571428571429,4.857142857142857,19.571428571428573,18.714285714285715,1.0,1.0,8.0,9.0,-1.0,1897.8192612458463
658,25.8,63.8,2.0,8.6,11.2,16.2,13.6,11.0,18.6,21.6,53.6,4.4,15.6,11.2,12.4,18.6,6.2,12.8,-2.6,28.666666666666668,66.66666666666667,6.5,19.666666666666668,12.5,13.666666666666666,10.833333333333334,9.666666666666666,14.833333333333334,24.0,58.666666666666664,6.0,20.666666666666668,12.333333333333334,13.833333333333334,17.166666666666668,4.5,13.0,9.333333333333334,0.5,0.6666666666666666,8.0,9.0,-1.0,1961.624270019466
659,29.285714285714285,63.285714285714285,5.857142857142857,16.428571428571427,13.285714285714286,12.0,12.142857142857142,7.142857142857143,12.142857142857142,26.285714285714285,63.42857142857143,6.571428571428571,18.714285714285715,10.857142857142858,14.285714285714286,13.428571428571429,5.0,16.428571428571427,12.0,23.0,59.2,4.0,9.0,12.4,10.6,11.2,8.8,18.0,24.0,51.4,3.8,9.6,10.8,13.4,16.4,6.2,15.6,-4.0,0.5,0.5,6.0,11.0,-5.0,1958.7112461090069
660,24.333333333333332,59.333333333333336,5.333333333333333,16.0,11.666666666666666,8.833333333333334,11.166666666666666,5.166666666666667,15.833333333333334,22.5,60.166666666666664,5.166666666666667,15.5,16.166666666666668,11.833333333333334,12.0,4.333333333333333,11.666666666666666,0.5,25.666666666666668,60.833333333333336,8.5,23.833333333333332,14.0,12.5,14.666666666666666,7.166666666666667,16.166666666666668,22.0,54.833333333333336,4.333333333333333,13.666666666666666,10.333333333333334,12.5,17.666666666666668,6.0,15.833333333333334,14.833333333333334,1.0,1.0,4.0,13.0,-9.0,2188.7101447487075
661,25.0,54.833333333333336,6.5,16.833333333333332,11.166666666666666,15.333333333333334,14.833333333333334,6.0,12.0,23.5,62.333333333333336,4.333333333333333,14.666666666666666,13.5,11.5,13.833333333333334,8.333333333333334,16.166666666666668,10.833333333333334,21.75,58.5,7.375,21.375,16.25,13.375,18.375,8.875,15.875,22.0,60.25,4.375,17.625,14.25,13.875,15.25,9.625,16.25,5.25,0.6666666666666666,0.8,2.0,15.0,-13.0,2242.675629279089
662,28.857142857142858,59.142857142857146,3.4285714285714284,9.428571428571429,10.285714285714286,19.714285714285715,14.285714285714286,7.714285714285714,17.285714285714285,22.857142857142858,58.857142857142854,7.0,20.857142857142858,11.142857142857142,14.714285714285714,14.285714285714286,6.857142857142857,17.714285714285715,8.142857142857142,17.4,55.0,5.4,15.6,11.4,9.4,11.6,5.4,14.6,21.8,57.4,3.8,13.0,11.8,10.0,12.4,6.2,18.8,-2.0,1.0,0.5,2.0,10.0,-8.0,2355.6556254486263
663,29.0,62.833333333333336,6.5,17.166666666666668,13.5,14.5,14.5,8.666666666666666,17.833333333333332,21.666666666666668,61.333333333333336,4.833333333333333,13.666666666666666,15.166666666666666,11.666666666666666,18.166666666666668,6.5,20.333333333333332,16.333333333333332,23.333333333333332,60.833333333333336,4.0,14.833333333333334,14.0,7.666666666666667,14.833333333333334,7.166666666666667,18.833333333333332,21.833333333333332,60.833333333333336,6.666666666666667,19.833333333333332,13.0,12.666666666666666,15.333333333333334,5.5,19.166666666666668,2.0,0.6666666666666666,0.6666666666666666,7.0,2.0,5.0,1954.382136605317
664,24.4,60.4,3.0,14.2,16.6,11.0,17.0,7.2,19.4,23.2,61.4,8.2,20.6,15.8,13.4,15.8,7.0,16.8,-3.6,18.75,55.5,6.0,19.0,15.25,11.5,18.75,7.75,20.0,21.0,47.25,3.25,9.25,8.5,7.75,17.75,10.5,18.25,-4.5,0.5,0.0,4.0,5.0,-1.0,2154.5028509516897
665,23.6,56.4,4.2,14.0,13.0,12.0,15.8,8.8,20.2,20.6,52.2,6.0,16.2,11.2,12.8,15.6,8.0,16.6,-0.8,22.75,59.25,7.75,25.0,12.5,15.5,11.25,4.25,11.75,24.0,62.25,2.5,7.75,12.0,7.5,8.25,5.0,14.75,3.5,0.5,0.0,11.0,3.0,8.0,1933.523578773652
666,29.8,68.2,8.0,21.0,12.0,19.0,14.0,4.2,17.4,30.2,69.2,7.8,19.8,15.0,17.6,16.2,7.6,16.8,1.0,22.6,58.2,7.0,21.6,10.0,8.4,13.6,6.4,16.4,24.2,60.0,5.2,12.2,14.6,11.2,14.8,7.2,13.0,-4.4,0.5,0.5,3.0,11.0,-8.0,2058.2850791634937
667,28.0,55.0,4.0,11.666666666666666,9.833333333333334,16.666666666666668,15.666666666666666,5.833333333333333,13.5,21.333333333333332,59.333333333333336,3.6666666666666665,14.666666666666666,10.666666666666666,9.666666666666666,12.5,7.166666666666667,15.666666666666666,14.333333333333334,31.4,70.0,9.8,28.8,14.2,19.8,13.6,11.6,16.0,25.4,58.8,4.0,13.8,10.2,12.6,21.0,8.4,14.2,20.2,1.0,1.0,1.0,9.0,-8.0,2490.460771571266
668,25.666666666666668,58.0,3.3333333333333335,12.5,14.166666666666666,13.833333333333334,13.333333333333334,6.666666666666667,14.666666666666666,18.833333333333332,56.333333333333336,4.333333333333333,14.666666666666666,12.5,10.166666666666666,11.833333333333334,5.333333333333333,16.333333333333332,11.833333333333334,25.0,64.33333333333333,7.0,24.666666666666668,17.0,9.0,13.333333333333334,10.0,17.333333333333332,24.0,53.666666666666664,5.333333333333333,14.666666666666666,11.0,15.0,20.0,5.0,17.666666666666668,4.333333333333333,1.0,0.0,1.0,8.0,-7.0,2238.919373066288
669,23.571428571428573,54.42857142857143,5.0,12.714285714285714,9.285714285714286,14.0,16.857142857142858,6.714285714285714,18.0,20.571428571428573,60.142857142857146,4.571428571428571,18.428571428571427,10.571428571428571,9.714285714285714,14.142857142857142,7.857142857142857,18.857142857142858,7.857142857142857,24.666666666666668,61.333333333333336,6.0,16.833333333333332,12.833333333333334,14.166666666666666,12.0,8.333333333333334,12.0,22.5,55.833333333333336,5.833333333333333,17.166666666666668,11.0,11.666666666666666,17.0,5.833333333333333,14.333333333333334,5.833333333333333,0.75,0.6666666666666666,5.0,4.0,1.0,2015.7887194401355
670,23.0,55.6,3.4,10.4,12.4,11.4,12.8,7.4,15.6,20.8,50.6,4.4,13.8,10.4,7.8,16.6,6.8,18.2,7.2,25.142857142857142,52.857142857142854,5.714285714285714,14.571428571428571,10.0,14.142857142857142,13.0,8.142857142857142,15.714285714285714,21.285714285714285,50.857142857142854,2.857142857142857,10.285714285714286,10.857142857142858,8.571428571428571,17.714285714285715,6.142857142857143,16.714285714285715,13.142857142857142,0.5,1.0,3.0,11.0,-8.0,2014.8278607867849
671,37.0,64.28571428571429,8.285714285714286,20.714285714285715,12.571428571428571,22.714285714285715,12.142857142857142,9.857142857142858,11.0,19.285714285714285,58.714285714285715,4.428571428571429,17.285714285714285,10.428571428571429,7.428571428571429,16.714285714285715,6.714285714285714,14.0,43.142857142857146,25.8,63.8,2.0,8.6,11.2,16.2,13.6,11.0,18.6,21.6,53.6,4.4,15.6,11.2,12.4,18.6,6.2,12.8,-2.6,1.0,0.5,1.0,8.0,-7.0,2550.1229840140227
672,27.166666666666668,60.333333333333336,5.666666666666667,16.166666666666668,13.833333333333334,15.333333333333334,16.5,5.833333333333333,14.5,20.333333333333332,59.0,5.833333333333333,21.5,11.166666666666666,12.833333333333334,15.833333333333334,7.666666666666667,18.333333333333332,15.5,24.166666666666668,55.833333333333336,8.333333333333334,24.333333333333332,9.333333333333334,12.666666666666666,12.166666666666666,8.833333333333334,15.666666666666666,15.5,47.833333333333336,3.3333333333333335,13.5,9.333333333333334,5.666666666666667,19.833333333333332,3.6666666666666665,16.333333333333332,25.833333333333332,0.6666666666666666,1.0,2.0,7.0,-5.0,2089.8676128135858
673,23.4,61.0,4.6,14.2,13.4,15.2,15.4,10.2,18.8,23.8,53.2,5.8,14.2,9.8,15.0,19.6,6.4,16.4,-5.6,29.285714285714285,63.285714285714285,5.857142857142857,16.428571428571427,13.285714285714286,12.0,12.142857142857142,7.142857142857143,12.142857142857142,26.285714285714285,63.42857142857143,6.571428571428571,18.714285714285715,10.857142857142858,14.285714285714286,13.428571428571429,5.0,16.428571428571427,12.0,0.5,0.5,3.0,6.0,-3.0,2144.733243424063
674,25.666666666666668,60.833333333333336,5.833333333333333,16.333333333333332,15.5,14.5,13.333333333333334,8.0,14.833333333333334,21.333333333333332,56.666666666666664,4.833333333333333,17.833333333333332,9.333333333333334,11.833333333333334,14.833333333333334,5.833333333333333,18.833333333333332,14.5,28.0,59.5,5.166666666666667,15.333333333333334,12.666666666666666,17.5,13.5,6.0,14.5,18.333333333333332,56.0,2.0,12.833333333333334,9.833333333333334,8.666666666666666,13.0,6.5,14.0,19.333333333333332,1.0,1.0,1.0,8.0,-7.0,2250.763723428776
675,28.4,67.2,7.0,18.0,14.6,13.6,16.0,9.2,17.4,27.2,61.2,5.8,16.6,14.2,11.8,20.2,6.2,16.0,4.0,31.166666666666668,69.83333333333333,8.666666666666666,21.666666666666668,12.666666666666666,18.333333333333332,11.833333333333334,7.666666666666667,15.5,27.166666666666668,69.0,6.0,17.5,15.166666666666666,15.333333333333334,17.166666666666668,3.8333333333333335,18.166666666666668,11.5,0.5,0.6666666666666666,4.0,5.0,-1.0,2084.137413682356
676,24.333333333333332,59.333333333333336,5.333333333333333,16.0,11.666666666666666,8.833333333333334,11.166666666666666,5.166666666666667,15.833333333333334,22.5,60.166666666666664,5.166666666666667,15.5,16.166666666666668,11.833333333333334,12.0,4.333333333333333,11.666666666666666,0.5,20.333333333333332,56.0,5.333333333333333,17.833333333333332,13.333333333333334,10.333333333333334,14.166666666666666,5.5,19.0,20.666666666666668,56.166666666666664,4.666666666666667,13.833333333333334,13.333333333333334,12.0,15.0,7.666666666666667,21.166666666666668,2.5,1.0,0.6666666666666666,4.0,5.0,-1.0,2189.993758235881
677,25.0,54.833333333333336,6.5,16.833333333333332,11.166666666666666,15.333333333333334,14.833333333333334,6.0,12.0,23.5,62.333333333333336,4.333333333333333,14.666666666666666,13.5,11.5,13.833333333333334,8.333333333333334,16.166666666666668,10.833333333333334,20.25,57.25,2.5,14.75,14.0,12.75,15.0,4.25,16.25,23.5,58.5,6.25,18.75,12.5,13.0,13.5,5.5,17.25,-10.75,0.6666666666666666,0.0,2.0,10.0,-8.0,2243.298176419783
678,28.857142857142858,59.142857142857146,3.4285714285714284,9.428571428571429,10.285714285714286,19.714285714285715,14.285714285714286,7.714285714285714,17.285714285714285,22.857142857142858,58.857142857142854,7.0,20.857142857142858,11.142857142857142,14.714285714285714,14.285714285714286,6.857142857142857,17.714285714285715,8.142857142857142,29.8,68.2,8.0,21.0,12.0,19.0,14.0,4.2,17.4,30.2,69.2,7.8,19.8,15.0,17.6,16.2,7.6,16.8,1.0,1.0,0.5,2.0,3.0,-1.0,2357.482073954443
679,27.166666666666668,60.333333333333336,5.666666666666667,16.166666666666668,13.833333333333334,15.333333333333334,16.5,5.833333333333333,14.5,20.333333333333332,59.0,5.833333333333333,21.5,11.166666666666666,12.833333333333334,15.833333333333334,7.666666666666667,18.333333333333332,15.5,23.0,55.6,3.4,10.4,12.4,11.4,12.8,7.4,15.6,20.8,50.6,4.4,13.8,10.4,7.8,16.6,6.8,18.2,7.2,0.6666666666666666,0.5,2.0,3.0,-1.0,2097.8943960382385
680,28.0,55.0,4.0,11.666666666666666,9.833333333333334,16.666666666666668,15.666666666666666,5.833333333333333,13.5,21.333333333333332,59.333333333333336,3.6666666666666665,14.666666666666666,10.666666666666666,9.666666666666666,12.5,7.166666666666667,15.666666666666666,14.333333333333334,24.333333333333332,59.333333333333336,5.333333333333333,16.0,11.666666666666666,8.833333333333334,11.166666666666666,5.166666666666667,15.833333333333334,22.5,60.166666666666664,5.166666666666667,15.5,16.166666666666668,11.833333333333334,12.0,4.333333333333333,11.666666666666666,0.5,1.0,1.0,1.0,4.0,-3.0,2492.627615987581
681,25.666666666666668,58.0,3.3333333333333335,12.5,14.166666666666666,13.833333333333334,13.333333333333334,6.666666666666667,14.666666666666666,18.833333333333332,56.333333333333336,4.333333333333333,14.666666666666666,12.5,10.166666666666666,11.833333333333334,5.333333333333333,16.333333333333332,11.833333333333334,28.4,67.2,7.0,18.0,14.6,13.6,16.0,9.2,17.4,27.2,61.2,5.8,16.6,14.2,11.8,20.2,6.2,16.0,4.0,1.0,0.5,1.0,4.0,-3.0,2244.902590159573
682,37.0,64.28571428571429,8.285714285714286,20.714285714285715,12.571428571428571,22.714285714285715,12.142857142857142,9.857142857142858,11.0,19.285714285714285,58.714285714285715,4.428571428571429,17.285714285714285,10.428571428571429,7.428571428571429,16.714285714285715,6.714285714285714,14.0,43.142857142857146,23.571428571428573,54.42857142857143,5.0,12.714285714285714,9.285714285714286,14.0,16.857142857142858,6.714285714285714,18.0,20.571428571428573,60.142857142857146,4.571428571428571,18.428571428571427,10.571428571428571,9.714285714285714,14.142857142857142,7.857142857142857,18.857142857142858,7.857142857142857,1.0,0.75,1.0,5.0,-4.0,2551.2442535631703
683,29.0,62.833333333333336,6.5,17.166666666666668,13.5,14.5,14.5,8.666666666666666,17.833333333333332,21.666666666666668,61.333333333333336,4.833333333333333,13.666666666666666,15.166666666666666,11.666666666666666,18.166666666666668,6.5,20.333333333333332,16.333333333333332,23.4,61.0,4.6,14.2,13.4,15.2,15.4,10.2,18.8,23.8,53.2,5.8,14.2,9.8,15.0,19.6,6.4,16.4,-5.6,0.6666666666666666,0.5,7.0,3.0,4.0,1977.3720429618772
684,25.666666666666668,60.833333333333336,5.833333333333333,16.333333333333332,15.5,14.5,13.333333333333334,8.0,14.833333333333334,21.333333333333332,56.666666666666664,4.833333333333333,17.833333333333332,9.333333333333334,11.833333333333334,14.833333333333334,5.833333333333333,18.833333333333332,14.5,24.4,60.4,3.0,14.2,16.6,11.0,17.0,7.2,19.4,23.2,61.4,8.2,20.6,15.8,13.4,15.8,7.0,16.8,-3.6,1.0,0.5,1.0,4.0,-3.0,2254.796499191803
685,25.0,54.833333333333336,6.5,16.833333333333332,11.166666666666666,15.333333333333334,14.833333333333334,6.0,12.0,23.5,62.333333333333336,4.333333333333333,14.666666666666666,13.5,11.5,13.833333333333334,8.333333333333334,16.166666666666668,10.833333333333334,23.6,56.4,4.2,14.0,13.0,12.0,15.8,8.8,20.2,20.6,52.2,6.0,16.2,11.2,12.8,15.6,8.0,16.6,-0.8,0.6666666666666666,0.5,2.0,11.0,-9.0,2245.1036178692643
686,28.0,55.0,4.0,11.666666666666666,9.833333333333334,16.666666666666668,15.666666666666666,5.833333333333333,13.5,21.333333333333332,59.333333333333336,3.6666666666666665,14.666666666666666,10.666666666666666,9.666666666666666,12.5,7.166666666666667,15.666666666666666,14.333333333333334,28.857142857142858,59.142857142857146,3.4285714285714284,9.428571428571429,10.285714285714286,19.714285714285715,14.285714285714286,7.714285714285714,17.285714285714285,22.857142857142858,58.857142857142854,7.0,20.857142857142858,11.142857142857142,14.714285714285714,14.285714285714286,6.857142857142857,17.714285714285715,8.142857142857142,1.0,1.0,1.0,2.0,-1.0,2497.584958218887
687,25.666666666666668,58.0,3.3333333333333335,12.5,14.166666666666666,13.833333333333334,13.333333333333334,6.666666666666667,14.666666666666666,18.833333333333332,56.333333333333336,4.333333333333333,14.666666666666666,12.5,10.166666666666666,11.833333333333334,5.333333333333333,16.333333333333332,11.833333333333334,27.166666666666668,60.333333333333336,5.666666666666667,16.166666666666668,13.833333333333334,15.333333333333334,16.5,5.833333333333333,14.5,20.333333333333332,59.0,5.833333333333333,21.5,11.166666666666666,12.833333333333334,15.833333333333334,7.666666666666667,18.333333333333332,15.5,1.0,0.6666666666666666,1.0,2.0,-1.0,2254.446632285517
688,37.0,64.28571428571429,8.285714285714286,20.714285714285715,12.571428571428571,22.714285714285715,12.142857142857142,9.857142857142858,11.0,19.285714285714285,58.714285714285715,4.428571428571429,17.285714285714285,10.428571428571429,7.428571428571429,16.714285714285715,6.714285714285714,14.0,43.142857142857146,29.0,62.833333333333336,6.5,17.166666666666668,13.5,14.5,14.5,8.666666666666666,17.833333333333332,21.666666666666668,61.333333333333336,4.833333333333333,13.666666666666666,15.166666666666666,11.666666666666666,18.166666666666668,6.5,20.333333333333332,16.333333333333332,1.0,0.6666666666666666,1.0,7.0,-6.0,2552.779828971228
689,25.666666666666668,60.833333333333336,5.833333333333333,16.333333333333332,15.5,14.5,13.333333333333334,8.0,14.833333333333334,21.333333333333332,56.666666666666664,4.833333333333333,17.833333333333332,9.333333333333334,11.833333333333334,14.833333333333334,5.833333333333333,18.833333333333332,14.5,25.0,54.833333333333336,6.5,16.833333333333332,11.166666666666666,15.333333333333334,14.833333333333334,6.0,12.0,23.5,62.333333333333336,4.333333333333333,14.666666666666666,13.5,11.5,13.833333333333334,8.333333333333334,16.166666666666668,10.833333333333334,1.0,0.6666666666666666,1.0,2.0,-1.0,2266.579416974253
690,37.0,64.28571428571429,8.285714285714286,20.714285714285715,12.571428571428571,22.714285714285715,12.142857142857142,9.857142857142858,11.0,19.285714285714285,58.714285714285715,4.428571428571429,17.285714285714285,10.428571428571429,7.428571428571429,16.714285714285715,6.714285714285714,14.0,43.142857142857146,25.666666666666668,60.833333333333336,5.833333333333333,16.333333333333332,15.5,14.5,13.333333333333334,8.0,14.833333333333334,21.333333333333332,56.666666666666664,4.833333333333333,17.833333333333332,9.333333333333334,11.833333333333334,14.833333333333334,5.833333333333333,18.833333333333332,14.5,1.0,1.0,1.0,1.0,0.0,2554.060923543684
691,28.0,55.0,4.0,11.666666666666666,9.833333333333334,16.666666666666668,15.666666666666666,5.833333333333333,13.5,21.333333333333332,59.333333333333336,3.6666666666666665,14.666666666666666,10.666666666666666,9.666666666666666,12.5,7.166666666666667,15.666666666666666,14.333333333333334,25.666666666666668,58.0,3.3333333333333335,12.5,14.166666666666666,13.833333333333334,13.333333333333334,6.666666666666667,14.666666666666666,18.833333333333332,56.333333333333336,4.333333333333333,14.666666666666666,12.5,10.166666666666666,11.833333333333334,5.333333333333333,16.333333333333332,11.833333333333334,1.0,1.0,1.0,1.0,0.0,2507.661042543597
692,37.0,64.28571428571429,8.285714285714286,20.714285714285715,12.571428571428571,22.714285714285715,12.142857142857142,9.857142857142858,11.0,19.285714285714285,58.714285714285715,4.428571428571429,17.285714285714285,10.428571428571429,7.428571428571429,16.714285714285715,6.714285714285714,14.0,43.142857142857146,28.0,55.0,4.0,11.666666666666666,9.833333333333334,16.666666666666668,15.666666666666666,5.833333333333333,13.5,21.333333333333332,59.333333333333336,3.6666666666666665,14.666666666666666,10.666666666666666,9.666666666666666,12.5,7.166666666666667,15.666666666666666,14.333333333333334,1.0,1.0,1.0,1.0,0.0,2559.584925848701
693,25.6,59.4,4.0,14.0,10.8,16.6,14.6,8.6,17.0,25.4,63.0,6.2,17.8,15.8,15.2,15.4,7.6,17.6,-0.8,17.4,55.0,5.4,15.6,11.4,9.4,11.6,5.4,14.6,21.8,57.4,3.8,13.0,11.8,10.0,12.4,6.2,18.8,-2.0,0.5,0.5,7.0,10.0,-3.0,1933.800490730054
694,23.125,54.875,6.625,19.75,7.875,11.875,11.25,6.0,15.375,21.25,64.0,7.25,23.875,17.25,13.0,13.875,4.5,18.875,6.875,28.857142857142858,59.142857142857146,3.4285714285714284,9.428571428571429,10.285714285714286,19.714285714285715,14.285714285714286,7.714285714285714,17.285714285714285,22.857142857142858,58.857142857142854,7.0,20.857142857142858,11.142857142857142,14.714285714285714,14.285714285714286,6.857142857142857,17.714285714285715,8.142857142857142,0.6666666666666666,1.0,15.0,2.0,13.0,1410.681395488928
695,27.375,59.375,3.5,13.875,11.75,13.25,10.875,9.125,15.375,19.375,50.75,5.25,16.25,9.75,8.875,15.625,5.625,14.25,13.5,24.666666666666668,61.333333333333336,6.0,16.833333333333332,12.833333333333334,14.166666666666666,12.0,8.333333333333334,12.0,22.5,55.833333333333336,5.833333333333333,17.166666666666668,11.0,11.666666666666666,17.0,5.833333333333333,14.333333333333334,5.833333333333333,1.0,0.6666666666666666,13.0,4.0,9.0,1849.758075888599
696,21.4,56.4,7.6,25.6,11.8,13.0,14.4,5.6,14.0,22.8,58.2,4.6,15.6,11.8,13.0,12.2,8.8,14.2,0.4,29.0,62.833333333333336,6.5,17.166666666666668,13.5,14.5,14.5,8.666666666666666,17.833333333333332,21.666666666666668,61.333333333333336,4.833333333333333,13.666666666666666,15.166666666666666,11.666666666666666,18.166666666666668,6.5,20.333333333333332,16.333333333333332,0.0,0.6666666666666666,10.0,7.0,3.0,1910.4915056867724
697,27.2,68.0,5.4,20.8,16.4,16.8,18.6,5.0,14.4,30.2,72.4,8.0,19.2,13.6,23.4,11.0,7.8,15.4,-9.0,31.4,70.0,9.8,28.8,14.2,19.8,13.6,11.6,16.0,25.4,58.8,4.0,13.8,10.2,12.6,21.0,8.4,14.2,20.2,0.5,1.0,8.0,9.0,-1.0,1928.613684901641
698,25.333333333333332,53.5,1.3333333333333333,4.166666666666667,11.166666666666666,15.166666666666666,15.0,13.333333333333334,16.333333333333332,19.333333333333332,50.166666666666664,5.333333333333333,17.5,9.0,12.0,20.166666666666668,6.333333333333333,19.666666666666668,17.833333333333332,24.4,60.4,3.0,14.2,16.6,11.0,17.0,7.2,19.4,23.2,61.4,8.2,20.6,15.8,13.4,15.8,7.0,16.8,-3.6,1.0,0.5,13.0,4.0,9.0,1664.500591943398
699,30.833333333333332,65.0,3.8333333333333335,9.333333333333334,17.166666666666668,16.666666666666668,15.833333333333334,8.333333333333334,16.333333333333332,22.833333333333332,61.333333333333336,4.666666666666667,16.833333333333332,12.0,10.5,16.5,7.5,18.333333333333332,17.333333333333332,23.6,56.4,4.2,14.0,13.0,12.0,15.8,8.8,20.2,20.6,52.2,6.0,16.2,11.2,12.8,15.6,8.0,16.6,-0.8,1.0,0.5,6.0,11.0,-5.0,1888.3778392455145
700,22.666666666666668,51.666666666666664,3.0,10.833333333333334,8.5,13.166666666666666,9.166666666666666,8.166666666666666,10.666666666666666,17.833333333333332,53.0,6.166666666666667,20.333333333333332,12.833333333333334,9.666666666666666,14.833333333333334,4.5,14.666666666666666,11.833333333333334,29.8,68.2,8.0,21.0,12.0,19.0,14.0,4.2,17.4,30.2,69.2,7.8,19.8,15.0,17.6,16.2,7.6,16.8,1.0,1.0,0.5,14.0,3.0,11.0,1646.6752918561428
701,27.166666666666668,62.333333333333336,7.0,19.666666666666668,13.166666666666666,14.666666666666666,12.166666666666666,7.666666666666667,19.0,21.666666666666668,55.0,4.666666666666667,14.833333333333334,12.0,13.166666666666666,16.666666666666668,5.0,17.0,9.5,23.333333333333332,60.833333333333336,4.0,14.833333333333334,14.0,7.666666666666667,14.833333333333334,7.166666666666667,18.833333333333332,21.833333333333332,60.833333333333336,6.666666666666667,19.833333333333332,13.0,12.666666666666666,15.333333333333334,5.5,19.166666666666668,2.0,1.0,0.6666666666666666,15.0,2.0,13.0,1410.2315294938437
702,23.8,55.4,6.4,17.6,9.8,10.4,12.2,7.8,15.6,20.6,60.2,4.8,16.2,14.4,11.2,14.2,4.6,15.6,12.0,22.6,58.2,7.0,21.6,10.0,8.4,13.6,6.4,16.4,24.2,60.0,5.2,12.2,14.6,11.2,14.8,7.2,13.0,-4.4,0.5,0.5,6.0,11.0,-5.0,1892.251452113208
703,24.5,57.333333333333336,6.666666666666667,17.833333333333332,9.833333333333334,13.333333333333334,14.833333333333334,10.166666666666666,14.666666666666666,24.0,54.833333333333336,5.833333333333333,17.0,10.666666666666666,14.166666666666666,16.5,8.666666666666666,13.166666666666666,-1.0,18.75,55.5,6.0,19.0,15.25,11.5,18.75,7.75,20.0,21.0,47.25,3.25,9.25,8.5,7.75,17.75,10.5,18.25,-4.5,0.6666666666666666,0.0,12.0,5.0,7.0,1748.523340656938
704,23.714285714285715,59.0,4.142857142857143,15.857142857142858,13.571428571428571,12.142857142857142,11.857142857142858,6.714285714285714,15.857142857142858,20.714285714285715,54.714285714285715,4.428571428571429,16.857142857142858,9.428571428571429,8.571428571428571,12.428571428571429,8.0,18.142857142857142,5.142857142857143,28.0,55.0,4.0,11.666666666666666,9.833333333333334,16.666666666666668,15.666666666666666,5.833333333333333,13.5,21.333333333333332,59.333333333333336,3.6666666666666665,14.666666666666666,10.666666666666666,9.666666666666666,12.5,7.166666666666667,15.666666666666666,14.333333333333334,0.75,1.0,16.0,1.0,15.0,1646.3417507458923
705,24.666666666666668,60.666666666666664,5.666666666666667,16.166666666666668,14.833333333333334,16.333333333333332,10.833333333333334,8.5,16.166666666666668,20.166666666666668,54.0,4.5,16.166666666666668,10.5,10.333333333333334,17.166666666666668,5.5,20.166666666666668,17.166666666666668,22.75,59.25,7.75,25.0,12.5,15.5,11.25,4.25,11.75,24.0,62.25,2.5,7.75,12.0,7.5,8.25,5.0,14.75,3.5,1.0,0.0,14.0,3.0,11.0,1762.06286802328
706,26.5,57.875,1.625,8.5,13.0,11.5,16.125,11.375,16.375,19.625,56.75,4.375,14.75,14.875,8.25,19.5,5.125,17.25,12.875,25.666666666666668,58.0,3.3333333333333335,12.5,14.166666666666666,13.833333333333334,13.333333333333334,6.666666666666667,14.666666666666666,18.833333333333332,56.333333333333336,4.333333333333333,14.666666666666666,12.5,10.166666666666666,11.833333333333334,5.333333333333333,16.333333333333332,11.833333333333334,1.0,1.0,16.0,1.0,15.0,1414.9576658175226
707,25.4,62.2,6.6,17.6,10.6,16.6,14.2,5.6,14.6,24.6,65.0,7.8,24.2,10.8,15.0,13.0,8.0,16.0,3.0,25.0,64.33333333333333,7.0,24.666666666666668,17.0,9.0,13.333333333333334,10.0,17.333333333333332,24.0,53.666666666666664,5.333333333333333,14.666666666666666,11.0,15.0,20.0,5.0,17.666666666666668,4.333333333333333,0.5,0.0,9.0,8.0,1.0,1993.4142355166848
708,28.0,60.875,4.375,15.0,13.5,15.625,12.75,8.875,14.75,23.625,61.625,5.625,18.125,15.25,11.5,17.375,5.875,17.625,10.0,23.571428571428573,54.42857142857143,5.0,12.714285714285714,9.285714285714286,14.0,16.857142857142858,6.714285714285714,18.0,20.571428571428573,60.142857142857146,4.571428571428571,18.428571428571427,10.571428571428571,9.714285714285714,14.142857142857142,7.857142857142857,18.857142857142858,7.857142857142857,1.0,0.75,12.0,5.0,7.0,1805.746072550932
709,23.142857142857142,56.42857142857143,9.714285714285714,27.428571428571427,10.142857142857142,13.714285714285714,15.285714285714286,9.285714285714286,17.571428571428573,18.142857142857142,55.42857142857143,5.142857142857143,17.857142857142858,12.714285714285714,9.857142857142858,20.0,6.0,18.714285714285715,13.714285714285714,23.0,55.6,3.4,10.4,12.4,11.4,12.8,7.4,15.6,20.8,50.6,4.4,13.8,10.4,7.8,16.6,6.8,18.2,7.2,1.0,0.5,14.0,3.0,11.0,1625.0225742914151
710,24.2,53.0,1.2,3.8,11.6,12.2,16.0,6.8,15.4,24.8,60.6,3.0,11.0,11.8,12.2,12.0,7.8,18.4,1.2,25.142857142857142,52.857142857142854,5.714285714285714,14.571428571428571,10.0,14.142857142857142,13.0,8.142857142857142,15.714285714285714,21.285714285714285,50.857142857142854,2.857142857142857,10.285714285714286,10.857142857142858,8.571428571428571,17.714285714285715,6.142857142857143,16.714285714285715,13.142857142857142,0.5,1.0,6.0,11.0,-5.0,2026.995639438947
711,24.857142857142858,53.857142857142854,7.571428571428571,20.714285714285715,8.0,16.857142857142858,12.285714285714286,7.714285714285714,11.857142857142858,22.571428571428573,58.0,4.857142857142857,16.428571428571427,12.0,9.857142857142858,14.714285714285714,5.857142857142857,16.571428571428573,12.571428571428571,37.0,64.28571428571429,8.285714285714286,20.714285714285715,12.571428571428571,22.714285714285715,12.142857142857142,9.857142857142858,11.0,19.285714285714285,58.714285714285715,4.428571428571429,17.285714285714285,10.428571428571429,7.428571428571429,16.714285714285715,6.714285714285714,14.0,43.142857142857146,1.0,1.0,16.0,1.0,15.0,1326.3699615702794
712,21.0,61.833333333333336,3.1666666666666665,10.833333333333334,14.5,10.0,12.333333333333334,9.0,16.166666666666668,22.333333333333332,59.5,5.0,17.5,10.666666666666666,11.5,13.166666666666666,6.166666666666667,17.0,-4.666666666666667,24.166666666666668,55.833333333333336,8.333333333333334,24.333333333333332,9.333333333333334,12.666666666666666,12.166666666666666,8.833333333333334,15.666666666666666,15.5,47.833333333333336,3.3333333333333335,13.5,9.333333333333334,5.666666666666667,19.833333333333332,3.6666666666666665,16.333333333333332,25.833333333333332,0.3333333333333333,1.0,10.0,7.0,3.0,1990.5016063523208
713,21.88888888888889,57.77777777777778,5.555555555555555,15.444444444444445,14.444444444444445,12.555555555555555,18.22222222222222,7.222222222222222,24.22222222222222,20.666666666666668,59.333333333333336,3.111111111111111,12.555555555555555,15.88888888888889,9.88888888888889,16.555555555555557,9.222222222222221,21.666666666666668,1.6666666666666667,27.166666666666668,60.333333333333336,5.666666666666667,16.166666666666668,13.833333333333334,15.333333333333334,16.5,5.833333333333333,14.5,20.333333333333332,59.0,5.833333333333333,21.5,11.166666666666666,12.833333333333334,15.833333333333334,7.666666666666667,18.333333333333332,15.5,0.8333333333333334,0.6666666666666666,15.0,2.0,13.0,1228.978936663473
714,22.166666666666668,51.166666666666664,6.5,18.5,7.833333333333333,13.333333333333334,14.0,8.0,15.833333333333334,22.5,57.0,4.5,14.666666666666666,15.666666666666666,12.333333333333334,14.5,8.166666666666666,16.833333333333332,0.5,23.4,61.0,4.6,14.2,13.4,15.2,15.4,10.2,18.8,23.8,53.2,5.8,14.2,9.8,15.0,19.6,6.4,16.4,-5.6,1.0,0.5,14.0,3.0,11.0,1834.991702653631
715,25.4,62.6,8.2,26.8,15.8,12.6,14.8,7.8,15.0,21.8,62.0,6.2,20.6,14.8,12.0,16.0,6.6,14.8,10.2,25.666666666666668,60.833333333333336,5.833333333333333,16.333333333333332,15.5,14.5,13.333333333333334,8.0,14.833333333333334,21.333333333333332,56.666666666666664,4.833333333333333,17.833333333333332,9.333333333333334,11.833333333333334,14.833333333333334,5.833333333333333,18.833333333333332,14.5,1.0,1.0,16.0,1.0,15.0,1474.2923335274788
716,25.666666666666668,57.833333333333336,3.3333333333333335,11.833333333333334,15.666666666666666,13.166666666666666,12.0,7.0,16.5,19.833333333333332,55.166666666666664,4.666666666666667,13.0,10.166666666666666,9.0,12.666666666666666,6.833333333333333,17.833333333333332,14.0,28.4,67.2,7.0,18.0,14.6,13.6,16.0,9.2,17.4,27.2,61.2,5.8,16.6,14.2,11.8,20.2,6.2,16.0,4.0,1.0,0.5,13.0,4.0,9.0,1661.6788111422547
717,27.142857142857142,65.85714285714286,4.714285714285714,15.285714285714286,17.0,14.285714285714286,11.142857142857142,8.142857142857142,16.142857142857142,20.142857142857142,54.285714285714285,3.142857142857143,11.571428571428571,9.428571428571429,10.142857142857142,16.857142857142858,5.714285714285714,18.428571428571427,15.714285714285714,31.166666666666668,69.83333333333333,8.666666666666666,21.666666666666668,12.666666666666666,18.333333333333332,11.833333333333334,7.666666666666667,15.5,27.166666666666668,69.0,6.0,17.5,15.166666666666666,15.333333333333334,17.166666666666668,3.8333333333333335,18.166666666666668,11.5,1.0,0.6666666666666666,12.0,5.0,7.0,1934.536167662885
718,25.857142857142858,65.14285714285714,10.142857142857142,26.571428571428573,15.0,18.142857142857142,14.571428571428571,8.0,16.428571428571427,22.0,64.85714285714286,4.285714285714286,18.285714285714285,14.0,14.285714285714286,16.285714285714285,7.857142857142857,19.142857142857142,20.571428571428573,20.333333333333332,56.0,5.333333333333333,17.833333333333332,13.333333333333334,10.333333333333334,14.166666666666666,5.5,19.0,20.666666666666668,56.166666666666664,4.666666666666667,13.833333333333334,13.333333333333334,12.0,15.0,7.666666666666667,21.166666666666668,2.5,1.0,0.6666666666666666,12.0,5.0,7.0,1810.8788476224036
719,24.833333333333332,52.5,4.666666666666667,14.5,10.333333333333334,13.166666666666666,14.0,8.666666666666666,11.166666666666666,19.666666666666668,54.166666666666664,3.1666666666666665,13.833333333333334,11.333333333333334,8.666666666666666,15.833333333333334,7.833333333333333,14.833333333333334,14.333333333333334,20.25,57.25,2.5,14.75,14.0,12.75,15.0,4.25,16.25,23.5,58.5,6.25,18.75,12.5,13.0,13.5,5.5,17.25,-10.75,1.0,0.0,7.0,10.0,-3.0,1897.8769516252007
720,24.571428571428573,56.714285714285715,5.285714285714286,20.714285714285715,11.428571428571429,16.285714285714285,12.0,8.428571428571429,16.714285714285715,16.571428571428573,55.142857142857146,5.0,24.285714285714285,12.428571428571429,9.0,15.428571428571429,4.857142857142857,19.571428571428573,18.714285714285715,28.0,59.5,5.166666666666667,15.333333333333334,12.666666666666666,17.5,13.5,6.0,14.5,18.333333333333332,56.0,2.0,12.833333333333334,9.833333333333334,8.666666666666666,13.0,6.5,14.0,19.333333333333332,1.0,1.0,9.0,8.0,1.0,1909.2528472266983
721,28.666666666666668,66.66666666666667,6.5,19.666666666666668,12.5,13.666666666666666,10.833333333333334,9.666666666666666,14.833333333333334,24.0,58.666666666666664,6.0,20.666666666666668,12.333333333333334,13.833333333333334,17.166666666666668,4.5,13.0,9.333333333333334,25.8,63.8,2.0,8.6,11.2,16.2,13.6,11.0,18.6,21.6,53.6,4.4,15.6,11.2,12.4,18.6,6.2,12.8,-2.6,0.6666666666666666,0.5,9.0,8.0,1.0,1884.806501461034
722,23.0,59.2,4.0,9.0,12.4,10.6,11.2,8.8,18.0,24.0,51.4,3.8,9.6,10.8,13.4,16.4,6.2,15.6,-4.0,29.285714285714285,63.285714285714285,5.857142857142857,16.428571428571427,13.285714285714286,12.0,12.142857142857142,7.142857142857143,12.142857142857142,26.285714285714285,63.42857142857143,6.571428571428571,18.714285714285715,10.857142857142858,14.285714285714286,13.428571428571429,5.0,16.428571428571427,12.0,0.5,0.5,11.0,6.0,5.0,1925.9516252133776
723,25.666666666666668,60.833333333333336,8.5,23.833333333333332,14.0,12.5,14.666666666666666,7.166666666666667,16.166666666666668,22.0,54.833333333333336,4.333333333333333,13.666666666666666,10.333333333333334,12.5,17.666666666666668,6.0,15.833333333333334,14.833333333333334,24.333333333333332,59.333333333333336,5.333333333333333,16.0,11.666666666666666,8.833333333333334,11.166666666666666,5.166666666666667,15.833333333333334,22.5,60.166666666666664,5.166666666666667,15.5,16.166666666666668,11.833333333333334,12.0,4.333333333333333,11.666666666666666,0.5,1.0,1.0,13.0,4.0,9.0,1637.1358038941128
724,21.75,58.5,7.375,21.375,16.25,13.375,18.375,8.875,15.875,22.0,60.25,4.375,17.625,14.25,13.875,15.25,9.625,16.25,5.25,25.0,54.833333333333336,6.5,16.833333333333332,11.166666666666666,15.333333333333334,14.833333333333334,6.0,12.0,23.5,62.333333333333336,4.333333333333333,14.666666666666666,13.5,11.5,13.833333333333334,8.333333333333334,16.166666666666668,10.833333333333334,0.8,0.6666666666666666,15.0,2.0,13.0,1561.6974520826025
725,17.4,55.0,5.4,15.6,11.4,9.4,11.6,5.4,14.6,21.8,57.4,3.8,13.0,11.8,10.0,12.4,6.2,18.8,-2.0,28.857142857142858,59.142857142857146,3.4285714285714284,9.428571428571429,10.285714285714286,19.714285714285715,14.285714285714286,7.714285714285714,17.285714285714285,22.857142857142858,58.857142857142854,7.0,20.857142857142858,11.142857142857142,14.714285714285714,14.285714285714286,6.857142857142857,17.714285714285715,8.142857142857142,0.5,1.0,10.0,2.0,8.0,1868.4480261601493
726,23.333333333333332,60.833333333333336,4.0,14.833333333333334,14.0,7.666666666666667,14.833333333333334,7.166666666666667,18.833333333333332,21.833333333333332,60.833333333333336,6.666666666666667,19.833333333333332,13.0,12.666666666666666,15.333333333333334,5.5,19.166666666666668,2.0,29.0,62.833333333333336,6.5,17.166666666666668,13.5,14.5,14.5,8.666666666666666,17.833333333333332,21.666666666666668,61.333333333333336,4.833333333333333,13.666666666666666,15.166666666666666,11.666666666666666,18.166666666666668,6.5,20.333333333333332,16.333333333333332,0.6666666666666666,0.6666666666666666,2.0,7.0,-5.0,2117.105295640304
727,18.75,55.5,6.0,19.0,15.25,11.5,18.75,7.75,20.0,21.0,47.25,3.25,9.25,8.5,7.75,17.75,10.5,18.25,-4.5,24.4,60.4,3.0,14.2,16.6,11.0,17.0,7.2,19.4,23.2,61.4,8.2,20.6,15.8,13.4,15.8,7.0,16.8,-3.6,0.0,0.5,5.0,4.0,1.0,1917.3000743622372
728,22.75,59.25,7.75,25.0,12.5,15.5,11.25,4.25,11.75,24.0,62.25,2.5,7.75,12.0,7.5,8.25,5.0,14.75,3.5,23.6,56.4,4.2,14.0,13.0,12.0,15.8,8.8,20.2,20.6,52.2,6.0,16.2,11.2,12.8,15.6,8.0,16.6,-0.8,0.0,0.5,3.0,11.0,-8.0,1996.672365608229
729,22.6,58.2,7.0,21.6,10.0,8.4,13.6,6.4,16.4,24.2,60.0,5.2,12.2,14.6,11.2,14.8,7.2,13.0,-4.4,29.8,68.2,8.0,21.0,12.0,19.0,14.0,4.2,17.4,30.2,69.2,7.8,19.8,15.0,17.6,16.2,7.6,16.8,1.0,0.5,0.5,11.0,3.0,8.0,1878.4421568434464
730,31.4,70.0,9.8,28.8,14.2,19.8,13.6,11.6,16.0,25.4,58.8,4.0,13.8,10.2,12.6,21.0,8.4,14.2,20.2,28.0,55.0,4.0,11.666666666666666,9.833333333333334,16.666666666666668,15.666666666666666,5.833333333333333,13.5,21.333333333333332,59.333333333333336,3.6666666666666665,14.666666666666666,10.666666666666666,9.666666666666666,12.5,7.166666666666667,15.666666666666666,14.333333333333334,1.0,1.0,9.0,1.0,8.0,2034.9121860589275
731,25.0,64.33333333333333,7.0,24.666666666666668,17.0,9.0,13.333333333333334,10.0,17.333333333333332,24.0,53.666666666666664,5.333333333333333,14.666666666666666,11.0,15.0,20.0,5.0,17.666666666666668,4.333333333333333,25.666666666666668,58.0,3.3333333333333335,12.5,14.166666666666666,13.833333333333334,13.333333333333334,6.666666666666667,14.666666666666666,18.833333333333332,56.333333333333336,4.333333333333333,14.666666666666666,12.5,10.166666666666666,11.833333333333334,5.333333333333333,16.333333333333332,11.833333333333334,0.0,1.0,8.0,1.0,7.0,1983.5918402179268
732,24.666666666666668,61.333333333333336,6.0,16.833333333333332,12.833333333333334,14.166666666666666,12.0,8.333333333333334,12.0,22.5,55.833333333333336,5.833333333333333,17.166666666666668,11.0,11.666666666666666,17.0,5.833333333333333,14.333333333333334,5.833333333333333,23.571428571428573,54.42857142857143,5.0,12.714285714285714,9.285714285714286,14.0,16.857142857142858,6.714285714285714,18.0,20.571428571428573,60.142857142857146,4.571428571428571,18.428571428571427,10.571428571428571,9.714285714285714,14.142857142857142,7.857142857142857,18.857142857142858,7.857142857142857,0.6666666666666666,0.75,4.0,5.0,-1.0,2025.49341627168
733,25.142857142857142,52.857142857142854,5.714285714285714,14.571428571428571,10.0,14.142857142857142,13.0,8.142857142857142,15.714285714285714,21.285714285714285,50.857142857142854,2.857142857142857,10.285714285714286,10.857142857142858,8.571428571428571,17.714285714285715,6.142857142857143,16.714285714285715,13.142857142857142,23.0,55.6,3.4,10.4,12.4,11.4,12.8,7.4,15.6,20.8,50.6,4.4,13.8,10.4,7.8,16.6,6.8,18.2,7.2,1.0,0.5,11.0,3.0,8.0,1732.2863308600151
734,25.8,63.8,2.0,8.6,11.2,16.2,13.6,11.0,18.6,21.6,53.6,4.4,15.6,11.2,12.4,18.6,6.2,12.8,-2.6,37.0,64.28571428571429,8.285714285714286,20.714285714285715,12.571428571428571,22.714285714285715,12.142857142857142,9.857142857142858,11.0,19.285714285714285,58.714285714285715,4.428571428571429,17.285714285714285,10.428571428571429,7.428571428571429,16.714285714285715,6.714285714285714,14.0,43.142857142857146,0.5,1.0,8.0,1.0,7.0,1974.1432206288632
735,24.166666666666668,55.833333333333336,8.333333333333334,24.333333333333332,9.333333333333334,12.666666666666666,12.166666666666666,8.833333333333334,15.666666666666666,15.5,47.833333333333336,3.3333333333333335,13.5,9.333333333333334,5.666666666666667,19.833333333333332,3.6666666666666665,16.333333333333332,25.833333333333332,27.166666666666668,60.333333333333336,5.666666666666667,16.166666666666668,13.833333333333334,15.333333333333334,16.5,5.833333333333333,14.5,20.333333333333332,59.0,5.833333333333333,21.5,11.166666666666666,12.833333333333334,15.833333333333334,7.666666666666667,18.333333333333332,15.5,1.0,0.6666666666666666,7.0,2.0,5.0,1899.793701570648
736,29.285714285714285,63.285714285714285,5.857142857142857,16.428571428571427,13.285714285714286,12.0,12.142857142857142,7.142857142857143,12.142857142857142,26.285714285714285,63.42857142857143,6.571428571428571,18.714285714285715,10.857142857142858,14.285714285714286,13.428571428571429,5.0,16.428571428571427,12.0,23.4,61.0,4.6,14.2,13.4,15.2,15.4,10.2,18.8,23.8,53.2,5.8,14.2,9.8,15.0,19.6,6.4,16.4,-5.6,0.5,0.5,6.0,3.0,3.0,1973.207064846104
737,28.0,59.5,5.166666666666667,15.333333333333334,12.666666666666666,17.5,13.5,6.0,14.5,18.333333333333332,56.0,2.0,12.833333333333334,9.833333333333334,8.666666666666666,13.0,6.5,14.0,19.333333333333332,25.666666666666668,60.833333333333336,5.833333333333333,16.333333333333332,15.5,14.5,13.333333333333334,8.0,14.833333333333334,21.333333333333332,56.666666666666664,4.833333333333333,17.833333333333332,9.333333333333334,11.833333333333334,14.833333333333334,5.833333333333333,18.833333333333332,14.5,1.0,1.0,8.0,1.0,7.0,1914.3456073467069
738,31.166666666666668,69.83333333333333,8.666666666666666,21.666666666666668,12.666666666666666,18.333333333333332,11.833333333333334,7.666666666666667,15.5,27.166666666666668,69.0,6.0,17.5,15.166666666666666,15.333333333333334,17.166666666666668,3.8333333333333335,18.166666666666668,11.5,28.4,67.2,7.0,18.0,14.6,13.6,16.0,9.2,17.4,27.2,61.2,5.8,16.6,14.2,11.8,20.2,6.2,16.0,4.0,0.6666666666666666,0.5,5.0,4.0,1.0,1998.2983656291904
739,20.333333333333332,56.0,5.333333333333333,17.833333333333332,13.333333333333334,10.333333333333334,14.166666666666666,5.5,19.0,20.666666666666668,56.166666666666664,4.666666666666667,13.833333333333334,13.333333333333334,12.0,15.0,7.666666666666667,21.166666666666668,2.5,24.333333333333332,59.333333333333336,5.333333333333333,16.0,11.666666666666666,8.833333333333334,11.166666666666666,5.166666666666667,15.833333333333334,22.5,60.166666666666664,5.166666666666667,15.5,16.166666666666668,11.833333333333334,12.0,4.333333333333333,11.666666666666666,0.5,0.6666666666666666,1.0,5.0,4.0,1.0,1996.6366664571317
740,20.25,57.25,2.5,14.75,14.0,12.75,15.0,4.25,16.25,23.5,58.5,6.25,18.75,12.5,13.0,13.5,5.5,17.25,-10.75,25.0,54.833333333333336,6.5,16.833333333333332,11.166666666666666,15.333333333333334,14.833333333333334,6.0,12.0,23.5,62.333333333333336,4.333333333333333,14.666666666666666,13.5,11.5,13.833333333333334,8.333333333333334,16.166666666666668,10.833333333333334,0.0,0.6666666666666666,10.0,2.0,8.0,1753.960066130017
741,29.8,68.2,8.0,21.0,12.0,19.0,14.0,4.2,17.4,30.2,69.2,7.8,19.8,15.0,17.6,16.2,7.6,16.8,1.0,28.857142857142858,59.142857142857146,3.4285714285714284,9.428571428571429,10.285714285714286,19.714285714285715,14.285714285714286,7.714285714285714,17.285714285714285,22.857142857142858,58.857142857142854,7.0,20.857142857142858,11.142857142857142,14.714285714285714,14.285714285714286,6.857142857142857,17.714285714285715,8.142857142857142,0.5,1.0,3.0,2.0,1.0,2066.6711845371824
742,23.0,55.6,3.4,10.4,12.4,11.4,12.8,7.4,15.6,20.8,50.6,4.4,13.8,10.4,7.8,16.6,6.8,18.2,7.2,27.166666666666668,60.333333333333336,5.666666666666667,16.166666666666668,13.833333333333334,15.333333333333334,16.5,5.833333333333333,14.5,20.333333333333332,59.0,5.833333333333333,21.5,11.166666666666666,12.833333333333334,15.833333333333334,7.666666666666667,18.333333333333332,15.5,0.5,0.6666666666666666,3.0,2.0,1.0,2020.086057860388
743,24.333333333333332,59.333333333333336,5.333333333333333,16.0,11.666666666666666,8.833333333333334,11.166666666666666,5.166666666666667,15.833333333333334,22.5,60.166666666666664,5.166666666666667,15.5,16.166666666666668,11.833333333333334,12.0,4.333333333333333,11.666666666666666,0.5,28.0,55.0,4.0,11.666666666666666,9.833333333333334,16.666666666666668,15.666666666666666,5.833333333333333,13.5,21.333333333333332,59.333333333333336,3.6666666666666665,14.666666666666666,10.666666666666666,9.666666666666666,12.5,7.166666666666667,15.666666666666666,14.333333333333334,1.0,1.0,4.0,1.0,3.0,2197.9074277767813
744,28.4,67.2,7.0,18.0,14.6,13.6,16.0,9.2,17.4,27.2,61.2,5.8,16.6,14.2,11.8,20.2,6.2,16.0,4.0,25.666666666666668,58.0,3.3333333333333335,12.5,14.166666666666666,13.833333333333334,13.333333333333334,6.666666666666667,14.666666666666666,18.833333333333332,56.333333333333336,4.333333333333333,14.666666666666666,12.5,10.166666666666666,11.833333333333334,5.333333333333333,16.333333333333332,11.833333333333334,0.5,1.0,4.0,1.0,3.0,2096.26289522262
745,23.571428571428573,54.42857142857143,5.0,12.714285714285714,9.285714285714286,14.0,16.857142857142858,6.714285714285714,18.0,20.571428571428573,60.142857142857146,4.571428571428571,18.428571428571427,10.571428571428571,9.714285714285714,14.142857142857142,7.857142857142857,18.857142857142858,7.857142857142857,37.0,64.28571428571429,8.285714285714286,20.714285714285715,12.571428571428571,22.714285714285715,12.142857142857142,9.857142857142858,11.0,19.285714285714285,58.714285714285715,4.428571428571429,17.285714285714285,10.428571428571429,7.428571428571429,16.714285714285715,6.714285714285714,14.0,43.142857142857146,0.75,1.0,5.0,1.0,4.0,2032.2355210505848
746,23.4,61.0,4.6,14.2,13.4,15.2,15.4,10.2,18.8,23.8,53.2,5.8,14.2,9.8,15.0,19.6,6.4,16.4,-5.6,29.0,62.833333333333336,6.5,17.166666666666668,13.5,14.5,14.5,8.666666666666666,17.833333333333332,21.666666666666668,61.333333333333336,4.833333333333333,13.666666666666666,15.166666666666666,11.666666666666666,18.166666666666668,6.5,20.333333333333332,16.333333333333332,0.5,0.6666666666666666,3.0,7.0,-4.0,2153.418974156229
747,24.4,60.4,3.0,14.2,16.6,11.0,17.0,7.2,19.4,23.2,61.4,8.2,20.6,15.8,13.4,15.8,7.0,16.8,-3.6,25.666666666666668,60.833333333333336,5.833333333333333,16.333333333333332,15.5,14.5,13.333333333333334,8.0,14.833333333333334,21.333333333333332,56.666666666666664,4.833333333333333,17.833333333333332,9.333333333333334,11.833333333333334,14.833333333333334,5.833333333333333,18.833333333333332,14.5,0.5,1.0,4.0,1.0,3.0,2161.010247217119
748,23.6,56.4,4.2,14.0,13.0,12.0,15.8,8.8,20.2,20.6,52.2,6.0,16.2,11.2,12.8,15.6,8.0,16.6,-0.8,25.0,54.833333333333336,6.5,16.833333333333332,11.166666666666666,15.333333333333334,14.833333333333334,6.0,12.0,23.5,62.333333333333336,4.333333333333333,14.666666666666666,13.5,11.5,13.833333333333334,8.333333333333334,16.166666666666668,10.833333333333334,0.5,0.6666666666666666,11.0,2.0,9.0,1952.4000818088416
749,28.857142857142858,59.142857142857146,3.4285714285714284,9.428571428571429,10.285714285714286,19.714285714285715,14.285714285714286,7.714285714285714,17.285714285714285,22.857142857142858,58.857142857142854,7.0,20.857142857142858,11.142857142857142,14.714285714285714,14.285714285714286,6.857142857142857,17.714285714285715,8.142857142857142,28.0,55.0,4.0,11.666666666666666,9.833333333333334,16.666666666666668,15.666666666666666,5.833333333333333,13.5,21.333333333333332,59.333333333333336,3.6666666666666665,14.666666666666666,10.666666666666666,9.666666666666666,12.5,7.166666666666667,15.666666666666666,14.333333333333334,1.0,1.0,2.0,1.0,1.0,2362.534426363957
750,27.166666666666668,60.333333333333336,5.666666666666667,16.166666666666668,13.833333333333334,15.333333333333334,16.5,5.833333333333333,14.5,20.333333333333332,59.0,5.833333333333333,21.5,11.166666666666666,12.833333333333334,15.833333333333334,7.666666666666667,18.333333333333332,15.5,25.666666666666668,58.0,3.3333333333333335,12.5,14.166666666666666,13.833333333333334,13.333333333333334,6.666666666666667,14.666666666666666,18.833333333333332,56.333333333333336,4.333333333333333,14.666666666666666,12.5,10.166666666666666,11.833333333333334,5.333333333333333,16.333333333333332,11.833333333333334,0.6666666666666666,1.0,2.0,1.0,1.0,2110.3699155793656
751,29.0,62.833333333333336,6.5,17.166666666666668,13.5,14.5,14.5,8.666666666666666,17.833333333333332,21.666666666666668,61.333333333333336,4.833333333333333,13.666666666666666,15.166666666666666,11.666666666666666,18.166666666666668,6.5,20.333333333333332,16.333333333333332,37.0,64.28571428571429,8.285714285714286,20.714285714285715,12.571428571428571,22.714285714285715,12.142857142857142,9.857142857142858,11.0,19.285714285714285,58.714285714285715,4.428571428571429,17.285714285714285,10.428571428571429,7.428571428571429,16.714285714285715,6.714285714285714,14.0,43.142857142857146,0.6666666666666666,1.0,7.0,1.0,6.0,2000.8500107065825
752,25.0,54.833333333333336,6.5,16.833333333333332,11.166666666666666,15.333333333333334,14.833333333333334,6.0,12.0,23.5,62.333333333333336,4.333333333333333,14.666666666666666,13.5,11.5,13.833333333333334,8.333333333333334,16.166666666666668,10.833333333333334,25.666666666666668,60.833333333333336,5.833333333333333,16.333333333333332,15.5,14.5,13.333333333333334,8.0,14.833333333333334,21.333333333333332,56.666666666666664,4.833333333333333,17.833333333333332,9.333333333333334,11.833333333333334,14.833333333333334,5.833333333333333,18.833333333333332,14.5,0.6666666666666666,1.0,2.0,1.0,1.0,2250.1097885985373
753,25.666666666666668,60.833333333333336,5.833333333333333,16.333333333333332,15.5,14.5,13.333333333333334,8.0,14.833333333333334,21.333333333333332,56.666666666666664,4.833333333333333,17.833333333333332,9.333333333333334,11.833333333333334,14.833333333333334,5.833333333333333,18.833333333333332,14.5,37.0,64.28571428571429,8.285714285714286,20.714285714285715,12.571428571428571,22.714285714285715,12.142857142857142,9.857142857142858,11.0,19.285714285714285,58.714285714285715,4.428571428571429,17.285714285714285,10.428571428571429,7.428571428571429,16.714285714285715,6.714285714285714,14.0,43.142857142857146,1.0,1.0,1.0,1.0,0.0,2281.821530151582
754,25.666666666666668,58.0,3.3333333333333335,12.5,14.166666666666666,13.833333333333334,13.333333333333334,6.666666666666667,14.666666666666666,18.833333333333332,56.333333333333336,4.333333333333333,14.666666666666666,12.5,10.166666666666666,11.833333333333334,5.333333333333333,16.333333333333332,11.833333333333334,28.0,55.0,4.0,11.666666666666666,9.833333333333334,16.666666666666668,15.666666666666666,5.833333333333333,13.5,21.333333333333332,59.333333333333336,3.6666666666666665,14.666666666666666,10.666666666666666,9.666666666666666,12.5,7.166666666666667,15.666666666666666,14.333333333333334,1.0,1.0,1.0,1.0,0.0,2264.167522554316
755,28.0,55.0,4.0,11.666666666666666,9.833333333333334,16.666666666666668,15.666666666666666,5.833333333333333,13.5,21.333333333333332,59.333333333333336,3.6666666666666665,14.666666666666666,10.666666666666666,9.666666666666666,12.5,7.166666666666667,15.666666666666666,14.333333333333334,37.0,64.28571428571429,8.285714285714286,20.714285714285715,12.571428571428571,22.714285714285715,12.142857142857142,9.857142857142858,11.0,19.285714285714285,58.714285714285715,4.428571428571429,17.285714285714285,10.428571428571429,7.428571428571429,16.714285714285715,6.714285714285714,14.0,43.142857142857146,1.0,1.0,1.0,1.0,0.0,2513.982726029039
756,32.2,61.8,2.4,8.4,12.4,20.2,10.0,12.0,17.4,16.6,52.4,4.8,17.8,11.0,11.4,19.6,5.0,17.4,33.0,23.5,66.0,6.75,21.5,17.25,12.5,20.75,12.25,21.75,25.0,57.25,4.5,12.25,14.0,15.25,23.5,10.25,20.5,-0.25,1.0,0.0,12.0,5.0,7.0,1727.904289071738
757,23.5,57.0,2.75,15.75,13.25,14.5,15.5,9.0,18.5,23.5,50.0,3.5,13.25,6.5,12.75,18.25,8.0,17.25,0.25,26.8,60.8,6.4,19.2,14.0,12.6,15.0,7.6,16.0,20.8,57.2,5.0,19.0,14.2,10.0,16.6,7.0,15.0,8.8,0.0,0.6666666666666666,2.0,15.0,-13.0,2072.144006120403
758,20.2,55.8,1.6,10.4,12.8,10.4,15.8,9.2,21.4,18.0,47.8,4.4,15.0,11.2,12.8,21.2,7.8,16.4,-7.2,23.166666666666668,55.666666666666664,3.1666666666666665,10.333333333333334,12.333333333333334,9.833333333333334,11.5,7.666666666666667,15.666666666666666,19.833333333333332,52.0,4.833333333333333,15.166666666666666,9.5,10.333333333333334,15.833333333333334,4.5,18.833333333333332,6.5,0.5,1.0,9.0,8.0,1.0,1838.461787252313
759,29.0,58.714285714285715,4.428571428571429,12.0,12.0,17.714285714285715,15.714285714285714,6.142857142857143,14.285714285714286,20.714285714285715,63.57142857142857,3.857142857142857,15.571428571428571,12.714285714285714,10.0,13.857142857142858,7.714285714285714,19.0,22.285714285714285,26.714285714285715,60.857142857142854,10.142857142857142,23.428571428571427,12.0,15.571428571428571,15.285714285714286,6.0,17.0,26.571428571428573,69.85714285714286,8.571428571428571,27.714285714285715,14.714285714285714,12.714285714285714,13.142857142857142,7.428571428571429,20.571428571428573,7.0,1.0,0.8,1.0,16.0,-15.0,2394.0327319519806
760,31.25,67.0,9.75,24.75,13.75,19.5,11.5,6.75,15.0,23.0,59.25,4.75,21.0,9.75,11.75,14.5,5.75,15.0,19.25,23.625,66.0,7.125,21.75,18.25,12.375,10.875,6.875,16.5,17.75,54.375,1.875,10.5,8.125,6.25,13.75,4.125,18.0,17.875,0.5,1.0,6.0,11.0,-5.0,2013.017653660367
761,22.2,55.4,6.6,20.0,8.4,15.8,14.6,6.6,15.4,21.6,59.4,7.0,22.0,10.4,15.0,12.2,9.4,14.0,-0.2,27.0,62.833333333333336,2.5,11.333333333333334,14.5,14.833333333333334,17.5,7.0,16.333333333333332,22.833333333333332,65.16666666666667,5.666666666666667,17.666666666666668,12.0,14.166666666666666,13.833333333333334,8.5,17.0,7.5,0.0,1.0,9.0,8.0,1.0,1870.2334251774785
762,25.4,60.0,3.6,14.6,15.2,12.2,17.0,6.8,15.8,19.6,58.4,3.6,14.6,12.6,8.8,15.8,8.8,18.4,14.4,25.428571428571427,54.42857142857143,3.5714285714285716,10.714285714285714,12.571428571428571,16.571428571428573,10.857142857142858,4.428571428571429,17.428571428571427,21.857142857142858,54.142857142857146,3.4285714285714284,9.857142857142858,11.285714285714286,9.571428571428571,12.0,6.857142857142857,18.571428571428573,11.0,0.5,1.0,3.0,14.0,-11.0,2130.9799722007083
763,29.333333333333332,66.33333333333333,5.833333333333333,20.5,15.166666666666666,21.0,18.0,10.333333333333334,18.833333333333332,24.5,63.833333333333336,7.833333333333333,22.833333333333332,11.833333333333334,13.666666666666666,17.5,8.666666666666666,18.166666666666668,7.0,27.166666666666668,57.5,6.166666666666667,17.166666666666668,13.833333333333334,16.833333333333332,13.166666666666666,4.0,12.333333333333334,22.333333333333332,63.833333333333336,3.5,14.0,11.333333333333334,8.833333333333334,9.833333333333334,5.166666666666667,21.5,19.833333333333332,0.6666666666666666,1.0,4.0,13.0,-9.0,2029.1018579613328
764,21.166666666666668,51.5,3.6666666666666665,10.333333333333334,11.0,10.0,15.666666666666666,6.5,20.666666666666668,17.666666666666668,50.166666666666664,2.6666666666666665,10.0,11.833333333333334,8.666666666666666,17.666666666666668,7.0,20.166666666666668,6.0,23.0,49.8,5.2,14.0,10.2,12.2,11.4,6.8,10.2,18.6,51.8,4.2,13.2,9.2,7.2,13.2,4.4,17.0,16.0,0.6666666666666666,1.0,5.0,12.0,-7.0,2008.493488150731
765,31.0,69.2,10.0,26.8,13.2,15.2,13.6,7.2,17.2,30.4,71.0,5.6,18.8,16.0,17.0,15.6,6.6,19.0,7.0,24.666666666666668,65.77777777777777,6.111111111111111,19.333333333333332,17.333333333333332,13.777777777777779,14.333333333333334,9.11111111111111,18.77777777777778,19.0,52.333333333333336,6.666666666666667,21.0,9.444444444444445,11.555555555555555,17.666666666666668,6.555555555555555,16.333333333333332,7.555555555555555,0.5,0.8333333333333334,3.0,14.0,-11.0,2081.200409057317
766,22.666666666666668,56.0,7.5,21.0,12.0,15.5,16.166666666666668,4.666666666666667,14.0,21.833333333333332,60.333333333333336,4.166666666666667,10.833333333333334,10.833333333333334,9.666666666666666,9.666666666666666,7.166666666666667,15.0,3.6666666666666665,27.5,67.5,7.5,22.75,15.875,14.5,18.25,10.875,18.5,27.125,64.375,5.125,16.625,11.375,16.0,20.0,9.125,21.625,9.25,1.0,1.0,2.0,15.0,-13.0,2110.2058023654736
767,24.0,53.0,6.166666666666667,15.666666666666666,12.333333333333334,15.166666666666666,15.833333333333334,10.166666666666666,14.5,18.166666666666668,55.5,3.8333333333333335,13.5,12.0,8.666666666666666,16.833333333333332,6.833333333333333,19.333333333333332,21.666666666666668,24.666666666666668,56.0,4.333333333333333,10.333333333333334,14.666666666666666,12.5,16.333333333333332,8.0,17.0,18.333333333333332,56.0,3.5,14.0,11.666666666666666,8.833333333333334,16.0,7.166666666666667,20.5,15.5,1.0,1.0,1.0,16.0,-15.0,2345.48447487371
768,21.5,55.0,6.5,20.25,9.25,14.25,15.0,9.0,16.5,21.25,55.75,6.75,15.75,11.25,11.75,16.0,6.5,16.0,0.25,21.4,54.4,4.0,13.8,13.0,17.4,17.0,7.6,12.6,23.8,56.2,9.2,19.8,10.0,13.8,14.8,7.2,16.6,-7.2,0.0,0.5,10.0,7.0,3.0,1695.0375805731535
769,26.2,61.2,7.2,24.2,10.8,9.4,12.6,8.4,18.8,22.6,54.0,6.0,17.4,12.0,13.8,20.4,5.0,17.6,8.6,27.0,58.142857142857146,8.571428571428571,20.142857142857142,14.0,14.714285714285714,14.428571428571429,8.714285714285714,16.571428571428573,17.142857142857142,53.714285714285715,3.857142857142857,13.857142857142858,11.714285714285714,6.857142857142857,16.857142857142858,6.285714285714286,15.714285714285714,25.571428571428573,0.6666666666666666,1.0,4.0,13.0,-9.0,2080.868984571194
770,23.333333333333332,64.0,3.1666666666666665,14.833333333333334,15.833333333333334,11.666666666666666,12.5,8.333333333333334,14.333333333333334,20.333333333333332,57.333333333333336,3.8333333333333335,11.333333333333334,12.666666666666666,9.833333333333334,16.0,5.5,18.5,4.666666666666667,26.0,63.285714285714285,7.571428571428571,23.571428571428573,12.857142857142858,14.142857142857142,11.0,10.0,18.714285714285715,18.0,48.42857142857143,6.714285714285714,22.857142857142858,6.285714285714286,10.285714285714286,17.0,4.571428571428571,17.142857142857142,15.0,0.6666666666666666,0.75,7.0,10.0,-3.0,2041.910161864632
771,26.5,58.166666666666664,7.833333333333333,21.166666666666668,12.666666666666666,14.5,15.5,7.833333333333333,17.0,23.5,55.166666666666664,5.5,14.666666666666666,9.166666666666666,11.0,14.333333333333334,6.5,14.5,6.666666666666667,28.666666666666668,53.833333333333336,5.0,12.666666666666666,11.0,15.833333333333334,15.0,6.666666666666667,18.5,19.333333333333332,60.5,4.666666666666667,16.166666666666668,11.666666666666666,9.5,11.0,6.5,17.666666666666668,21.0,0.6666666666666666,0.6666666666666666,6.0,11.0,-5.0,2006.2977063067044
772,32.142857142857146,64.0,7.857142857142857,20.714285714285715,12.571428571428571,20.428571428571427,10.142857142857142,11.428571428571429,10.428571428571429,18.142857142857142,56.714285714285715,5.0,17.571428571428573,9.428571428571429,8.857142857142858,19.0,5.428571428571429,14.142857142857142,37.714285714285715,24.142857142857142,56.0,7.285714285714286,18.857142857142858,12.285714285714286,14.428571428571429,13.571428571428571,9.0,19.571428571428573,19.0,51.42857142857143,3.5714285714285716,14.0,11.571428571428571,9.0,16.0,5.857142857142857,18.0,11.428571428571429,1.0,1.0,1.0,16.0,-15.0,2607.5101169877025
773,22.166666666666668,60.833333333333336,7.5,23.333333333333332,12.833333333333334,15.0,14.833333333333334,7.0,16.333333333333332,21.833333333333332,59.166666666666664,5.0,17.166666666666668,10.666666666666666,15.333333333333334,15.666666666666666,6.0,16.666666666666668,3.8333333333333335,25.4,60.6,6.2,19.8,12.8,11.4,11.2,5.8,17.8,25.6,62.0,6.4,21.2,13.0,14.4,11.8,6.0,18.2,2.8,0.6666666666666666,0.5,9.0,8.0,1.0,1831.6458954051257
774,23.5,61.75,4.25,13.5,15.0,13.5,17.75,8.0,17.25,23.75,55.25,7.0,18.25,10.75,14.25,19.5,10.25,19.5,-4.5,25.5,56.5,6.5,19.375,10.625,17.125,13.625,7.5,19.25,21.125,55.375,4.875,16.0,10.625,10.5,14.5,6.375,17.75,11.5,0.0,1.0,5.0,12.0,-7.0,2085.234473639619
775,28.0,63.75,7.0,20.5,12.5,16.5,11.75,8.25,17.25,27.25,60.25,4.5,14.25,9.5,13.75,13.25,5.0,17.5,5.75,23.0,56.0,4.0,13.0,10.75,14.5,18.75,7.0,20.5,24.25,64.0,4.25,16.25,15.0,11.25,16.25,8.75,19.5,0.25,0.0,0.0,9.0,8.0,1.0,1864.833827946176
776,28.166666666666668,62.666666666666664,3.8333333333333335,13.5,12.666666666666666,13.166666666666666,15.166666666666666,5.166666666666667,17.833333333333332,25.833333333333332,63.166666666666664,5.666666666666667,15.166666666666666,10.166666666666666,14.833333333333334,13.5,6.333333333333333,20.166666666666668,6.333333333333333,22.714285714285715,57.42857142857143,6.571428571428571,20.714285714285715,17.571428571428573,9.714285714285714,14.285714285714286,5.0,16.714285714285715,21.714285714285715,61.714285714285715,5.571428571428571,17.571428571428573,17.857142857142858,10.142857142857142,15.428571428571429,5.285714285714286,21.0,10.0,0.6666666666666666,1.0,3.0,14.0,-11.0,2109.320746674472
777,32.0,66.5,5.833333333333333,17.0,17.0,21.0,13.833333333333334,8.333333333333334,11.833333333333334,24.333333333333332,60.166666666666664,6.166666666666667,18.0,9.333333333333334,12.5,14.5,6.666666666666667,16.166666666666668,18.333333333333332,21.666666666666668,58.333333333333336,7.166666666666667,21.333333333333332,11.833333333333334,13.333333333333334,13.0,9.833333333333334,14.833333333333334,19.5,51.166666666666664,4.5,15.0,8.833333333333334,12.666666666666666,18.166666666666668,5.5,16.166666666666668,8.5,1.0,1.0,2.0,15.0,-13.0,2290.9405405132493
778,19.0,45.25,7.25,20.5,7.75,13.5,18.5,4.25,19.0,21.5,54.5,3.25,12.5,10.0,8.5,10.0,9.0,19.0,-0.5,25.4,55.4,8.8,22.4,8.8,16.0,14.8,7.8,17.8,23.0,56.2,5.6,16.0,8.6,11.6,13.4,7.2,15.0,7.6,0.0,0.6666666666666666,10.0,7.0,3.0,1864.206512376012
779,27.0,56.333333333333336,6.5,16.0,10.166666666666666,16.666666666666668,13.5,7.333333333333333,14.0,22.166666666666668,59.166666666666664,5.5,17.833333333333332,9.666666666666666,12.166666666666666,13.666666666666666,5.5,16.5,14.833333333333334,22.142857142857142,60.857142857142854,4.142857142857143,14.142857142857142,13.857142857142858,11.142857142857142,16.0,5.0,17.857142857142858,20.142857142857142,60.142857142857146,2.4285714285714284,12.428571428571429,13.714285714285714,9.285714285714286,17.142857142857142,6.285714285714286,21.0,6.714285714285714,1.0,0.8,1.0,16.0,-15.0,2521.609298243895
780,24.333333333333332,56.5,6.0,14.333333333333334,10.0,12.666666666666666,16.5,9.333333333333334,19.0,23.166666666666668,54.666666666666664,4.833333333333333,15.0,10.0,11.666666666666666,19.166666666666668,9.333333333333334,19.333333333333332,5.0,25.4,57.4,4.2,11.8,11.4,15.2,15.0,9.0,13.2,24.0,61.4,2.2,12.8,12.8,14.0,16.2,8.4,17.2,10.8,0.6666666666666666,0.5,6.0,11.0,-5.0,2009.9906590935896
781,25.166666666666668,61.833333333333336,8.0,23.666666666666668,12.166666666666666,14.166666666666666,12.166666666666666,7.333333333333333,17.166666666666668,23.0,57.0,5.833333333333333,17.333333333333332,11.166666666666666,13.5,14.0,7.666666666666667,17.333333333333332,5.833333333333333,24.833333333333332,56.333333333333336,6.666666666666667,17.0,9.166666666666666,15.0,17.5,9.166666666666666,20.5,23.5,58.833333333333336,4.5,13.5,12.833333333333334,12.166666666666666,19.0,7.0,18.666666666666668,1.5,1.0,0.6666666666666666,12.0,5.0,7.0,1817.357071276415
782,26.142857142857142,64.57142857142857,5.142857142857143,17.857142857142858,13.571428571428571,11.571428571428571,9.714285714285714,5.857142857142857,14.0,26.857142857142858,60.714285714285715,5.571428571428571,16.285714285714285,9.571428571428571,13.142857142857142,13.0,5.285714285714286,17.285714285714285,2.857142857142857,23.875,53.625,5.25,15.375,8.5,13.25,12.0,7.0,14.25,17.875,54.625,4.125,15.625,11.625,8.75,13.5,5.625,15.125,12.625,0.5,1.0,6.0,11.0,-5.0,1969.600896837592
783,28.0,63.5,6.75,18.5,15.0,19.5,10.5,6.75,15.5,20.5,60.75,4.5,16.5,15.25,8.0,12.75,4.75,13.25,14.75,24.833333333333332,57.833333333333336,6.666666666666667,17.833333333333332,8.5,12.666666666666666,14.5,8.0,18.166666666666668,26.166666666666668,64.0,5.166666666666667,17.333333333333332,12.333333333333334,14.166666666666666,15.333333333333334,7.333333333333333,19.666666666666668,2.3333333333333335,0.0,1.0,4.0,13.0,-9.0,2128.2731182389366
784,26.0,59.142857142857146,3.7142857142857144,11.714285714285714,11.428571428571429,13.0,15.571428571428571,7.428571428571429,19.571428571428573,21.285714285714285,52.857142857142854,4.714285714285714,16.0,10.0,11.0,19.142857142857142,5.0,19.285714285714285,6.714285714285714,21.333333333333332,54.888888888888886,4.111111111111111,15.11111111111111,14.222222222222221,12.777777777777779,17.88888888888889,6.222222222222222,21.555555555555557,19.11111111111111,55.55555555555556,3.5555555555555554,11.88888888888889,12.222222222222221,9.11111111111111,17.0,8.88888888888889,19.666666666666668,7.444444444444445,0.5,1.0,2.0,15.0,-13.0,2157.7254923025503
785,24.25,58.0,0.0,4.75,10.5,14.25,13.25,7.0,17.75,25.25,60.5,3.0,13.0,13.5,13.0,17.5,5.5,17.5,-0.75,24.857142857142858,59.0,6.285714285714286,17.857142857142858,14.142857142857142,11.428571428571429,13.428571428571429,8.857142857142858,16.0,17.571428571428573,55.857142857142854,4.0,19.0,10.714285714285714,7.142857142857143,16.0,7.285714285714286,18.428571428571427,21.857142857142858,0.0,1.0,4.0,13.0,-9.0,2022.38693693442
786,25.833333333333332,65.5,3.3333333333333335,10.5,12.333333333333334,10.666666666666666,11.333333333333334,8.833333333333334,17.166666666666668,22.166666666666668,60.166666666666664,4.166666666666667,17.833333333333332,14.0,12.666666666666666,17.666666666666668,5.0,16.333333333333332,7.5,26.333333333333332,55.5,6.0,16.166666666666668,11.833333333333334,14.333333333333334,16.166666666666668,5.0,17.0,20.166666666666668,56.5,4.166666666666667,15.5,8.333333333333334,9.166666666666666,11.833333333333334,6.333333333333333,17.666666666666668,14.333333333333334,0.6666666666666666,1.0,3.0,14.0,-11.0,1976.93231736378
787,23.0,56.666666666666664,6.333333333333333,17.5,10.0,9.666666666666666,12.166666666666666,7.0,10.833333333333334,23.166666666666668,62.666666666666664,7.833333333333333,23.833333333333332,12.666666666666666,18.0,13.166666666666666,4.666666666666667,15.166666666666666,6.0,23.0,58.5,7.0,18.333333333333332,12.666666666666666,13.833333333333334,10.166666666666666,8.666666666666666,13.333333333333334,20.333333333333332,54.166666666666664,4.166666666666667,15.5,11.166666666666666,15.333333333333334,14.5,5.333333333333333,14.5,10.666666666666666,0.6666666666666666,1.0,7.0,10.0,-3.0,1926.0164998238283
788,29.0,58.714285714285715,4.428571428571429,12.0,12.0,17.714285714285715,15.714285714285714,6.142857142857143,14.285714285714286,20.714285714285715,63.57142857142857,3.857142857142857,15.571428571428571,12.714285714285714,10.0,13.857142857142858,7.714285714285714,19.0,22.285714285714285,20.2,55.8,1.6,10.4,12.8,10.4,15.8,9.2,21.4,18.0,47.8,4.4,15.0,11.2,12.8,21.2,7.8,16.4,-7.2,1.0,0.5,1.0,9.0,-8.0,2394.35168361008
789,31.25,67.0,9.75,24.75,13.75,19.5,11.5,6.75,15.0,23.0,59.25,4.75,21.0,9.75,11.75,14.5,5.75,15.0,19.25,25.4,60.0,3.6,14.6,15.2,12.2,17.0,6.8,15.8,19.6,58.4,3.6,14.6,12.6,8.8,15.8,8.8,18.4,14.4,0.5,0.5,6.0,3.0,3.0,2024.9247525818955
790,21.166666666666668,51.5,3.6666666666666665,10.333333333333334,11.0,10.0,15.666666666666666,6.5,20.666666666666668,17.666666666666668,50.166666666666664,2.6666666666666665,10.0,11.833333333333334,8.666666666666666,17.666666666666668,7.0,20.166666666666668,6.0,29.333333333333332,66.33333333333333,5.833333333333333,20.5,15.166666666666666,21.0,18.0,10.333333333333334,18.833333333333332,24.5,63.833333333333336,7.833333333333333,22.833333333333332,11.833333333333334,13.666666666666666,17.5,8.666666666666666,18.166666666666668,7.0,0.6666666666666666,0.6666666666666666,5.0,4.0,1.0,2017.5581577481255
791,31.0,69.2,10.0,26.8,13.2,15.2,13.6,7.2,17.2,30.4,71.0,5.6,18.8,16.0,17.0,15.6,6.6,19.0,7.0,26.5,58.166666666666664,7.833333333333333,21.166666666666668,12.666666666666666,14.5,15.5,7.833333333333333,17.0,23.5,55.166666666666664,5.5,14.666666666666666,9.166666666666666,11.0,14.333333333333334,6.5,14.5,6.666666666666667,0.5,0.6666666666666666,3.0,6.0,-3.0,2082.9665139348976
792,22.666666666666668,56.0,7.5,21.0,12.0,15.5,16.166666666666668,4.666666666666667,14.0,21.833333333333332,60.333333333333336,4.166666666666667,10.833333333333334,10.833333333333334,9.666666666666666,9.666666666666666,7.166666666666667,15.0,3.6666666666666665,21.5,55.0,6.5,20.25,9.25,14.25,15.0,9.0,16.5,21.25,55.75,6.75,15.75,11.25,11.75,16.0,6.5,16.0,0.25,1.0,0.0,2.0,10.0,-8.0,2111.112927685469
793,24.0,53.0,6.166666666666667,15.666666666666666,12.333333333333334,15.166666666666666,15.833333333333334,10.166666666666666,14.5,18.166666666666668,55.5,3.8333333333333335,13.5,12.0,8.666666666666666,16.833333333333332,6.833333333333333,19.333333333333332,21.666666666666668,22.2,55.4,6.6,20.0,8.4,15.8,14.6,6.6,15.4,21.6,59.4,7.0,22.0,10.4,15.0,12.2,9.4,14.0,-0.2,1.0,0.0,1.0,9.0,-8.0,2345.705214798863
794,26.2,61.2,7.2,24.2,10.8,9.4,12.6,8.4,18.8,22.6,54.0,6.0,17.4,12.0,13.8,20.4,5.0,17.6,8.6,32.2,61.8,2.4,8.4,12.4,20.2,10.0,12.0,17.4,16.6,52.4,4.8,17.8,11.0,11.4,19.6,5.0,17.4,33.0,0.6666666666666666,1.0,4.0,12.0,-8.0,2084.313216746487
795,23.333333333333332,64.0,3.1666666666666665,14.833333333333334,15.833333333333334,11.666666666666666,12.5,8.333333333333334,14.333333333333334,20.333333333333332,57.333333333333336,3.8333333333333335,11.333333333333334,12.666666666666666,9.833333333333334,16.0,5.5,18.5,4.666666666666667,23.5,57.0,2.75,15.75,13.25,14.5,15.5,9.0,18.5,23.5,50.0,3.5,13.25,6.5,12.75,18.25,8.0,17.25,0.25,0.6666666666666666,0.0,7.0,2.0,5.0,2052.5422126830413
796,32.142857142857146,64.0,7.857142857142857,20.714285714285715,12.571428571428571,20.428571428571427,10.142857142857142,11.428571428571429,10.428571428571429,18.142857142857142,56.714285714285715,5.0,17.571428571428573,9.428571428571429,8.857142857142858,19.0,5.428571428571429,14.142857142857142,37.714285714285715,22.166666666666668,60.833333333333336,7.5,23.333333333333332,12.833333333333334,15.0,14.833333333333334,7.0,16.333333333333332,21.833333333333332,59.166666666666664,5.0,17.166666666666668,10.666666666666666,15.333333333333334,15.666666666666666,6.0,16.666666666666668,3.8333333333333335,1.0,0.6666666666666666,1.0,9.0,-8.0,2607.5392654638595
797,23.5,61.75,4.25,13.5,15.0,13.5,17.75,8.0,17.25,23.75,55.25,7.0,18.25,10.75,14.25,19.5,10.25,19.5,-4.5,24.25,58.0,0.0,4.75,10.5,14.25,13.25,7.0,17.75,25.25,60.5,3.0,13.0,13.5,13.0,17.5,5.5,17.5,-0.75,0.0,0.0,5.0,4.0,1.0,2090.500251799702
798,28.166666666666668,62.666666666666664,3.8333333333333335,13.5,12.666666666666666,13.166666666666666,15.166666666666666,5.166666666666667,17.833333333333332,25.833333333333332,63.166666666666664,5.666666666666667,15.166666666666666,10.166666666666666,14.833333333333334,13.5,6.333333333333333,20.166666666666668,6.333333333333333,24.333333333333332,56.5,6.0,14.333333333333334,10.0,12.666666666666666,16.5,9.333333333333334,19.0,23.166666666666668,54.666666666666664,4.833333333333333,15.0,10.0,11.666666666666666,19.166666666666668,9.333333333333334,19.333333333333332,5.0,0.6666666666666666,0.6666666666666666,3.0,6.0,-3.0,2109.9034208147787
799,27.0,56.333333333333336,6.5,16.0,10.166666666666666,16.666666666666668,13.5,7.333333333333333,14.0,22.166666666666668,59.166666666666664,5.5,17.833333333333332,9.666666666666666,12.166666666666666,13.666666666666666,5.5,16.5,14.833333333333334,28.0,63.75,7.0,20.5,12.5,16.5,11.75,8.25,17.25,27.25,60.25,4.5,14.25,9.5,13.75,13.25,5.0,17.5,5.75,1.0,0.0,1.0,9.0,-8.0,2521.682134095709
800,28.0,63.5,6.75,18.5,15.0,19.5,10.5,6.75,15.5,20.5,60.75,4.5,16.5,15.25,8.0,12.75,4.75,13.25,14.75,25.166666666666668,61.833333333333336,8.0,23.666666666666668,12.166666666666666,14.166666666666666,12.166666666666666,7.333333333333333,17.166666666666668,23.0,57.0,5.833333333333333,17.333333333333332,11.166666666666666,13.5,14.0,7.666666666666667,17.333333333333332,5.833333333333333,0.0,1.0,4.0,12.0,-8.0,2130.667278838513
801,26.0,59.142857142857146,3.7142857142857144,11.714285714285714,11.428571428571429,13.0,15.571428571428571,7.428571428571429,19.571428571428573,21.285714285714285,52.857142857142854,4.714285714285714,16.0,10.0,11.0,19.142857142857142,5.0,19.285714285714285,6.714285714285714,19.0,45.25,7.25,20.5,7.75,13.5,18.5,4.25,19.0,21.5,54.5,3.25,12.5,10.0,8.5,10.0,9.0,19.0,-0.5,0.5,0.0,2.0,10.0,-8.0,2157.9951050558984
802,25.833333333333332,65.5,3.3333333333333335,10.5,12.333333333333334,10.666666666666666,11.333333333333334,8.833333333333334,17.166666666666668,22.166666666666668,60.166666666666664,4.166666666666667,17.833333333333332,14.0,12.666666666666666,17.666666666666668,5.0,16.333333333333332,7.5,26.142857142857142,64.57142857142857,5.142857142857143,17.857142857142858,13.571428571428571,11.571428571428571,9.714285714285714,5.857142857142857,14.0,26.857142857142858,60.714285714285715,5.571428571428571,16.285714285714285,9.571428571428571,13.142857142857142,13.0,5.285714285714286,17.285714285714285,2.857142857142857,0.6666666666666666,0.5,3.0,6.0,-3.0,1981.6544308765292
803,23.0,56.666666666666664,6.333333333333333,17.5,10.0,9.666666666666666,12.166666666666666,7.0,10.833333333333334,23.166666666666668,62.666666666666664,7.833333333333333,23.833333333333332,12.666666666666666,18.0,13.166666666666666,4.666666666666667,15.166666666666666,6.0,32.0,66.5,5.833333333333333,17.0,17.0,21.0,13.833333333333334,8.333333333333334,11.833333333333334,24.333333333333332,60.166666666666664,6.166666666666667,18.0,9.333333333333334,12.5,14.5,6.666666666666667,16.166666666666668,18.333333333333332,0.6666666666666666,1.0,7.0,2.0,5.0,1934.7939429266464
804,28.0,63.5,6.75,18.5,15.0,19.5,10.5,6.75,15.5,20.5,60.75,4.5,16.5,15.25,8.0,12.75,4.75,13.25,14.75,27.0,56.333333333333336,6.5,16.0,10.166666666666666,16.666666666666668,13.5,7.333333333333333,14.0,22.166666666666668,59.166666666666664,5.5,17.833333333333332,9.666666666666666,12.166666666666666,13.666666666666666,5.5,16.5,14.833333333333334,0.0,1.0,4.0,1.0,3.0,2135.7244386592856
805,26.2,61.2,7.2,24.2,10.8,9.4,12.6,8.4,18.8,22.6,54.0,6.0,17.4,12.0,13.8,20.4,5.0,17.6,8.6,24.0,53.0,6.166666666666667,15.666666666666666,12.333333333333334,15.166666666666666,15.833333333333334,10.166666666666666,14.5,18.166666666666668,55.5,3.8333333333333335,13.5,12.0,8.666666666666666,16.833333333333332,6.833333333333333,19.333333333333332,21.666666666666668,0.6666666666666666,1.0,4.0,1.0,3.0,2088.4156916706097
806,23.333333333333332,64.0,3.1666666666666665,14.833333333333334,15.833333333333334,11.666666666666666,12.5,8.333333333333334,14.333333333333334,20.333333333333332,57.333333333333336,3.8333333333333335,11.333333333333334,12.666666666666666,9.833333333333334,16.0,5.5,18.5,4.666666666666667,31.0,69.2,10.0,26.8,13.2,15.2,13.6,7.2,17.2,30.4,71.0,5.6,18.8,16.0,17.0,15.6,6.6,19.0,7.0,0.6666666666666666,0.5,7.0,3.0,4.0,2069.534165299116
807,23.0,56.666666666666664,6.333333333333333,17.5,10.0,9.666666666666666,12.166666666666666,7.0,10.833333333333334,23.166666666666668,62.666666666666664,7.833333333333333,23.833333333333332,12.666666666666666,18.0,13.166666666666666,4.666666666666667,15.166666666666666,6.0,28.166666666666668,62.666666666666664,3.8333333333333335,13.5,12.666666666666666,13.166666666666666,15.166666666666666,5.166666666666667,17.833333333333332,25.833333333333332,63.166666666666664,5.666666666666667,15.166666666666666,10.166666666666666,14.833333333333334,13.5,6.333333333333333,20.166666666666668,6.333333333333333,0.6666666666666666,0.6666666666666666,7.0,3.0,4.0,1963.155370161868
808,29.0,58.714285714285715,4.428571428571429,12.0,12.0,17.714285714285715,15.714285714285714,6.142857142857143,14.285714285714286,20.714285714285715,63.57142857142857,3.857142857142857,15.571428571428571,12.714285714285714,10.0,13.857142857142858,7.714285714285714,19.0,22.285714285714285,23.5,61.75,4.25,13.5,15.0,13.5,17.75,8.0,17.25,23.75,55.25,7.0,18.25,10.75,14.25,19.5,10.25,19.5,-4.5,1.0,0.0,1.0,5.0,-4.0,2395.732366959633
809,32.142857142857146,64.0,7.857142857142857,20.714285714285715,12.571428571428571,20.428571428571427,10.142857142857142,11.428571428571429,10.428571428571429,18.142857142857142,56.714285714285715,5.0,17.571428571428573,9.428571428571429,8.857142857142858,19.0,5.428571428571429,14.142857142857142,37.714285714285715,21.166666666666668,51.5,3.6666666666666665,10.333333333333334,11.0,10.0,15.666666666666666,6.5,20.666666666666668,17.666666666666668,50.166666666666664,2.6666666666666665,10.0,11.833333333333334,8.666666666666666,17.666666666666668,7.0,20.166666666666668,6.0,1.0,0.6666666666666666,1.0,5.0,-4.0,2607.9422068165004
810,22.666666666666668,56.0,7.5,21.0,12.0,15.5,16.166666666666668,4.666666666666667,14.0,21.833333333333332,60.333333333333336,4.166666666666667,10.833333333333334,10.833333333333334,9.666666666666666,9.666666666666666,7.166666666666667,15.0,3.6666666666666665,31.25,67.0,9.75,24.75,13.75,19.5,11.5,6.75,15.0,23.0,59.25,4.75,21.0,9.75,11.75,14.5,5.75,15.0,19.25,1.0,0.5,2.0,6.0,-4.0,2114.191930695372
811,26.0,59.142857142857146,3.7142857142857144,11.714285714285714,11.428571428571429,13.0,15.571428571428571,7.428571428571429,19.571428571428573,21.285714285714285,52.857142857142854,4.714285714285714,16.0,10.0,11.0,19.142857142857142,5.0,19.285714285714285,6.714285714285714,25.833333333333332,65.5,3.3333333333333335,10.5,12.333333333333334,10.666666666666666,11.333333333333334,8.833333333333334,17.166666666666668,22.166666666666668,60.166666666666664,4.166666666666667,17.833333333333332,14.0,12.666666666666666,17.666666666666668,5.0,16.333333333333332,7.5,0.5,0.6666666666666666,2.0,3.0,-1.0,2163.4017516351296
812,26.2,61.2,7.2,24.2,10.8,9.4,12.6,8.4,18.8,22.6,54.0,6.0,17.4,12.0,13.8,20.4,5.0,17.6,8.6,23.333333333333332,64.0,3.1666666666666665,14.833333333333334,15.833333333333334,11.666666666666666,12.5,8.333333333333334,14.333333333333334,20.333333333333332,57.333333333333336,3.8333333333333335,11.333333333333334,12.666666666666666,9.833333333333334,16.0,5.5,18.5,4.666666666666667,0.6666666666666666,0.6666666666666666,4.0,7.0,-3.0,2114.546535885127
813,23.0,56.666666666666664,6.333333333333333,17.5,10.0,9.666666666666666,12.166666666666666,7.0,10.833333333333334,23.166666666666668,62.666666666666664,7.833333333333333,23.833333333333332,12.666666666666666,18.0,13.166666666666666,4.666666666666667,15.166666666666666,6.0,28.0,63.5,6.75,18.5,15.0,19.5,10.5,6.75,15.5,20.5,60.75,4.5,16.5,15.25,8.0,12.75,4.75,13.25,14.75,0.6666666666666666,0.0,7.0,4.0,3.0,1985.9946105882937
814,32.142857142857146,64.0,7.857142857142857,20.714285714285715,12.571428571428571,20.428571428571427,10.142857142857142,11.428571428571429,10.428571428571429,18.142857142857142,56.714285714285715,5.0,17.571428571428573,9.428571428571429,8.857142857142858,19.0,5.428571428571429,14.142857142857142,37.714285714285715,26.0,59.142857142857146,3.7142857142857144,11.714285714285714,11.428571428571429,13.0,15.571428571428571,7.428571428571429,19.571428571428573,21.285714285714285,52.857142857142854,4.714285714285714,16.0,10.0,11.0,19.142857142857142,5.0,19.285714285714285,6.714285714285714,1.0,0.5,1.0,2.0,-1.0,2609.077258764434
815,22.666666666666668,56.0,7.5,21.0,12.0,15.5,16.166666666666668,4.666666666666667,14.0,21.833333333333332,60.333333333333336,4.166666666666667,10.833333333333334,10.833333333333334,9.666666666666666,9.666666666666666,7.166666666666667,15.0,3.6666666666666665,29.0,58.714285714285715,4.428571428571429,12.0,12.0,17.714285714285715,15.714285714285714,6.142857142857143,14.285714285714286,20.714285714285715,63.57142857142857,3.857142857142857,15.571428571428571,12.714285714285714,10.0,13.857142857142858,7.714285714285714,19.0,22.285714285714285,1.0,1.0,2.0,1.0,1.0,2127.07792721078
816,32.142857142857146,64.0,7.857142857142857,20.714285714285715,12.571428571428571,20.428571428571427,10.142857142857142,11.428571428571429,10.428571428571429,18.142857142857142,56.714285714285715,5.0,17.571428571428573,9.428571428571429,8.857142857142858,19.0,5.428571428571429,14.142857142857142,37.714285714285715,22.666666666666668,56.0,7.5,21.0,12.0,15.5,16.166666666666668,4.666666666666667,14.0,21.833333333333332,60.333333333333336,4.166666666666667,10.833333333333334,10.833333333333334,9.666666666666666,9.666666666666666,7.166666666666667,15.0,3.6666666666666665,1.0,1.0,1.0,2.0,-1.0,2611.472803956181
817,26.2,61.2,7.2,24.2,10.8,9.4,12.6,8.4,18.8,22.6,54.0,6.0,17.4,12.0,13.8,20.4,5.0,17.6,8.6,23.0,56.666666666666664,6.333333333333333,17.5,10.0,9.666666666666666,12.166666666666666,7.0,10.833333333333334,23.166666666666668,62.666666666666664,7.833333333333333,23.833333333333332,12.666666666666666,18.0,13.166666666666666,4.666666666666667,15.166666666666666,6.0,0.6666666666666666,0.6666666666666666,4.0,7.0,-3.0,2129.269147217813
818,32.142857142857146,64.0,7.857142857142857,20.714285714285715,12.571428571428571,20.428571428571427,10.142857142857142,11.428571428571429,10.428571428571429,18.142857142857142,56.714285714285715,5.0,17.571428571428573,9.428571428571429,8.857142857142858,19.0,5.428571428571429,14.142857142857142,37.714285714285715,26.2,61.2,7.2,24.2,10.8,9.4,12.6,8.4,18.8,22.6,54.0,6.0,17.4,12.0,13.8,20.4,5.0,17.6,8.6,1.0,0.6666666666666666,1.0,4.0,-3.0,2613.61267972723
819,23.5,66.0,6.75,21.5,17.25,12.5,20.75,12.25,21.75,25.0,57.25,4.5,12.25,14.0,15.25,23.5,10.25,20.5,-0.25,32.2,61.8,2.4,8.4,12.4,20.2,10.0,12.0,17.4,16.6,52.4,4.8,17.8,11.0,11.4,19.6,5.0,17.4,33.0,0.0,1.0,5.0,12.0,-7.0,1901.8197350229173
820,26.8,60.8,6.4,19.2,14.0,12.6,15.0,7.6,16.0,20.8,57.2,5.0,19.0,14.2,10.0,16.6,7.0,15.0,8.8,23.5,57.0,2.75,15.75,13.25,14.5,15.5,9.0,18.5,23.5,50.0,3.5,13.25,6.5,12.75,18.25,8.0,17.25,0.25,0.6666666666666666,0.0,15.0,2.0,13.0,1598.5175488685534
821,23.166666666666668,55.666666666666664,3.1666666666666665,10.333333333333334,12.333333333333334,9.833333333333334,11.5,7.666666666666667,15.666666666666666,19.833333333333332,52.0,4.833333333333333,15.166666666666666,9.5,10.333333333333334,15.833333333333334,4.5,18.833333333333332,6.5,20.2,55.8,1.6,10.4,12.8,10.4,15.8,9.2,21.4,18.0,47.8,4.4,15.0,11.2,12.8,21.2,7.8,16.4,-7.2,1.0,0.5,8.0,9.0,-1.0,1871.772539791336
822,26.714285714285715,60.857142857142854,10.142857142857142,23.428571428571427,12.0,15.571428571428571,15.285714285714286,6.0,17.0,26.571428571428573,69.85714285714286,8.571428571428571,27.714285714285715,14.714285714285714,12.714285714285714,13.142857142857142,7.428571428571429,20.571428571428573,7.0,29.0,58.714285714285715,4.428571428571429,12.0,12.0,17.714285714285715,15.714285714285714,6.142857142857143,14.285714285714286,20.714285714285715,63.57142857142857,3.857142857142857,15.571428571428571,12.714285714285714,10.0,13.857142857142858,7.714285714285714,19.0,22.285714285714285,0.8,1.0,16.0,1.0,15.0,1595.2028599650707
823,23.625,66.0,7.125,21.75,18.25,12.375,10.875,6.875,16.5,17.75,54.375,1.875,10.5,8.125,6.25,13.75,4.125,18.0,17.875,31.25,67.0,9.75,24.75,13.75,19.5,11.5,6.75,15.0,23.0,59.25,4.75,21.0,9.75,11.75,14.5,5.75,15.0,19.25,1.0,0.5,11.0,6.0,5.0,1922.1229798752136
824,27.0,62.833333333333336,2.5,11.333333333333334,14.5,14.833333333333334,17.5,7.0,16.333333333333332,22.833333333333332,65.16666666666667,5.666666666666667,17.666666666666668,12.0,14.166666666666666,13.833333333333334,8.5,17.0,7.5,22.2,55.4,6.6,20.0,8.4,15.8,14.6,6.6,15.4,21.6,59.4,7.0,22.0,10.4,15.0,12.2,9.4,14.0,-0.2,1.0,0.0,8.0,9.0,-1.0,1908.1752772843051
825,25.428571428571427,54.42857142857143,3.5714285714285716,10.714285714285714,12.571428571428571,16.571428571428573,10.857142857142858,4.428571428571429,17.428571428571427,21.857142857142858,54.142857142857146,3.4285714285714284,9.857142857142858,11.285714285714286,9.571428571428571,12.0,6.857142857142857,18.571428571428573,11.0,25.4,60.0,3.6,14.6,15.2,12.2,17.0,6.8,15.8,19.6,58.4,3.6,14.6,12.6,8.8,15.8,8.8,18.4,14.4,1.0,0.5,14.0,3.0,11.0,1506.6373847788425
826,27.166666666666668,57.5,6.166666666666667,17.166666666666668,13.833333333333334,16.833333333333332,13.166666666666666,4.0,12.333333333333334,22.333333333333332,63.833333333333336,3.5,14.0,11.333333333333334,8.833333333333334,9.833333333333334,5.166666666666667,21.5,19.833333333333332,29.333333333333332,66.33333333333333,5.833333333333333,20.5,15.166666666666666,21.0,18.0,10.333333333333334,18.833333333333332,24.5,63.833333333333336,7.833333333333333,22.833333333333332,11.833333333333334,13.666666666666666,17.5,8.666666666666666,18.166666666666668,7.0,1.0,0.6666666666666666,13.0,4.0,9.0,1515.408646547833
827,23.0,49.8,5.2,14.0,10.2,12.2,11.4,6.8,10.2,18.6,51.8,4.2,13.2,9.2,7.2,13.2,4.4,17.0,16.0,21.166666666666668,51.5,3.6666666666666665,10.333333333333334,11.0,10.0,15.666666666666666,6.5,20.666666666666668,17.666666666666668,50.166666666666664,2.6666666666666665,10.0,11.833333333333334,8.666666666666666,17.666666666666668,7.0,20.166666666666668,6.0,1.0,0.6666666666666666,12.0,5.0,7.0,1847.2322793581357
828,24.666666666666668,65.77777777777777,6.111111111111111,19.333333333333332,17.333333333333332,13.777777777777779,14.333333333333334,9.11111111111111,18.77777777777778,19.0,52.333333333333336,6.666666666666667,21.0,9.444444444444445,11.555555555555555,17.666666666666668,6.555555555555555,16.333333333333332,7.555555555555555,31.0,69.2,10.0,26.8,13.2,15.2,13.6,7.2,17.2,30.4,71.0,5.6,18.8,16.0,17.0,15.6,6.6,19.0,7.0,0.8333333333333334,0.5,14.0,3.0,11.0,1587.8093641481764
829,27.5,67.5,7.5,22.75,15.875,14.5,18.25,10.875,18.5,27.125,64.375,5.125,16.625,11.375,16.0,20.0,9.125,21.625,9.25,22.666666666666668,56.0,7.5,21.0,12.0,15.5,16.166666666666668,4.666666666666667,14.0,21.833333333333332,60.333333333333336,4.166666666666667,10.833333333333334,10.833333333333334,9.666666666666666,9.666666666666666,7.166666666666667,15.0,3.6666666666666665,1.0,1.0,15.0,2.0,13.0,1496.2083675088832
830,24.666666666666668,56.0,4.333333333333333,10.333333333333334,14.666666666666666,12.5,16.333333333333332,8.0,17.0,18.333333333333332,56.0,3.5,14.0,11.666666666666666,8.833333333333334,16.0,7.166666666666667,20.5,15.5,24.0,53.0,6.166666666666667,15.666666666666666,12.333333333333334,15.166666666666666,15.833333333333334,10.166666666666666,14.5,18.166666666666668,55.5,3.8333333333333335,13.5,12.0,8.666666666666666,16.833333333333332,6.833333333333333,19.333333333333332,21.666666666666668,1.0,1.0,16.0,1.0,15.0,1482.1793187793155
831,21.4,54.4,4.0,13.8,13.0,17.4,17.0,7.6,12.6,23.8,56.2,9.2,19.8,10.0,13.8,14.8,7.2,16.6,-7.2,21.5,55.0,6.5,20.25,9.25,14.25,15.0,9.0,16.5,21.25,55.75,6.75,15.75,11.25,11.75,16.0,6.5,16.0,0.25,0.5,0.0,7.0,10.0,-3.0,1986.111584304958
832,27.0,58.142857142857146,8.571428571428571,20.142857142857142,14.0,14.714285714285714,14.428571428571429,8.714285714285714,16.571428571428573,17.142857142857142,53.714285714285715,3.857142857142857,13.857142857142858,11.714285714285714,6.857142857142857,16.857142857142858,6.285714285714286,15.714285714285714,25.571428571428573,26.2,61.2,7.2,24.2,10.8,9.4,12.6,8.4,18.8,22.6,54.0,6.0,17.4,12.0,13.8,20.4,5.0,17.6,8.6,1.0,0.6666666666666666,13.0,4.0,9.0,1713.4284154830043
833,26.0,63.285714285714285,7.571428571428571,23.571428571428573,12.857142857142858,14.142857142857142,11.0,10.0,18.714285714285715,18.0,48.42857142857143,6.714285714285714,22.857142857142858,6.285714285714286,10.285714285714286,17.0,4.571428571428571,17.142857142857142,15.0,23.333333333333332,64.0,3.1666666666666665,14.833333333333334,15.833333333333334,11.666666666666666,12.5,8.333333333333334,14.333333333333334,20.333333333333332,57.333333333333336,3.8333333333333335,11.333333333333334,12.666666666666666,9.833333333333334,16.0,5.5,18.5,4.666666666666667,0.75,0.6666666666666666,10.0,7.0,3.0,1920.6518425051036
834,28.666666666666668,53.833333333333336,5.0,12.666666666666666,11.0,15.833333333333334,15.0,6.666666666666667,18.5,19.333333333333332,60.5,4.666666666666667,16.166666666666668,11.666666666666666,9.5,11.0,6.5,17.666666666666668,21.0,26.5,58.166666666666664,7.833333333333333,21.166666666666668,12.666666666666666,14.5,15.5,7.833333333333333,17.0,23.5,55.166666666666664,5.5,14.666666666666666,9.166666666666666,11.0,14.333333333333334,6.5,14.5,6.666666666666667,0.6666666666666666,0.6666666666666666,11.0,6.0,5.0,1889.658890807308
835,24.142857142857142,56.0,7.285714285714286,18.857142857142858,12.285714285714286,14.428571428571429,13.571428571428571,9.0,19.571428571428573,19.0,51.42857142857143,3.5714285714285716,14.0,11.571428571428571,9.0,16.0,5.857142857142857,18.0,11.428571428571429,32.142857142857146,64.0,7.857142857142857,20.714285714285715,12.571428571428571,20.428571428571427,10.142857142857142,11.428571428571429,10.428571428571429,18.142857142857142,56.714285714285715,5.0,17.571428571428573,9.428571428571429,8.857142857142858,19.0,5.428571428571429,14.142857142857142,37.714285714285715,1.0,1.0,16.0,1.0,15.0,1391.4547776952618
836,25.4,60.6,6.2,19.8,12.8,11.4,11.2,5.8,17.8,25.6,62.0,6.4,21.2,13.0,14.4,11.8,6.0,18.2,2.8,22.166666666666668,60.833333333333336,7.5,23.333333333333332,12.833333333333334,15.0,14.833333333333334,7.0,16.333333333333332,21.833333333333332,59.166666666666664,5.0,17.166666666666668,10.666666666666666,15.333333333333334,15.666666666666666,6.0,16.666666666666668,3.8333333333333335,0.5,0.6666666666666666,8.0,9.0,-1.0,1878.206344811244
837,25.5,56.5,6.5,19.375,10.625,17.125,13.625,7.5,19.25,21.125,55.375,4.875,16.0,10.625,10.5,14.5,6.375,17.75,11.5,23.5,61.75,4.25,13.5,15.0,13.5,17.75,8.0,17.25,23.75,55.25,7.0,18.25,10.75,14.25,19.5,10.25,19.5,-4.5,1.0,0.0,12.0,5.0,7.0,1802.992478214283
838,23.0,56.0,4.0,13.0,10.75,14.5,18.75,7.0,20.5,24.25,64.0,4.25,16.25,15.0,11.25,16.25,8.75,19.5,0.25,28.0,63.75,7.0,20.5,12.5,16.5,11.75,8.25,17.25,27.25,60.25,4.5,14.25,9.5,13.75,13.25,5.0,17.5,5.75,0.0,0.0,8.0,9.0,-1.0,1929.5061852548768
839,22.714285714285715,57.42857142857143,6.571428571428571,20.714285714285715,17.571428571428573,9.714285714285714,14.285714285714286,5.0,16.714285714285715,21.714285714285715,61.714285714285715,5.571428571428571,17.571428571428573,17.857142857142858,10.142857142857142,15.428571428571429,5.285714285714286,21.0,10.0,28.166666666666668,62.666666666666664,3.8333333333333335,13.5,12.666666666666666,13.166666666666666,15.166666666666666,5.166666666666667,17.833333333333332,25.833333333333332,63.166666666666664,5.666666666666667,15.166666666666666,10.166666666666666,14.833333333333334,13.5,6.333333333333333,20.166666666666668,6.333333333333333,1.0,0.6666666666666666,14.0,3.0,11.0,1416.6233576836644
840,21.666666666666668,58.333333333333336,7.166666666666667,21.333333333333332,11.833333333333334,13.333333333333334,13.0,9.833333333333334,14.833333333333334,19.5,51.166666666666664,4.5,15.0,8.833333333333334,12.666666666666666,18.166666666666668,5.5,16.166666666666668,8.5,32.0,66.5,5.833333333333333,17.0,17.0,21.0,13.833333333333334,8.333333333333334,11.833333333333334,24.333333333333332,60.166666666666664,6.166666666666667,18.0,9.333333333333334,12.5,14.5,6.666666666666667,16.166666666666668,18.333333333333332,1.0,1.0,15.0,2.0,13.0,1595.0370208737688
841,25.4,55.4,8.8,22.4,8.8,16.0,14.8,7.8,17.8,23.0,56.2,5.6,16.0,8.6,11.6,13.4,7.2,15.0,7.6,19.0,45.25,7.25,20.5,7.75,13.5,18.5,4.25,19.0,21.5,54.5,3.25,12.5,10.0,8.5,10.0,9.0,19.0,-0.5,0.6666666666666666,0.0,7.0,10.0,-3.0,1887.051635240784
842,22.142857142857142,60.857142857142854,4.142857142857143,14.142857142857142,13.857142857142858,11.142857142857142,16.0,5.0,17.857142857142858,20.142857142857142,60.142857142857146,2.4285714285714284,12.428571428571429,13.714285714285714,9.285714285714286,17.142857142857142,6.285714285714286,21.0,6.714285714285714,27.0,56.333333333333336,6.5,16.0,10.166666666666666,16.666666666666668,13.5,7.333333333333333,14.0,22.166666666666668,59.166666666666664,5.5,17.833333333333332,9.666666666666666,12.166666666666666,13.666666666666666,5.5,16.5,14.833333333333334,0.8,1.0,16.0,1.0,15.0,1464.8832416619111
843,25.4,57.4,4.2,11.8,11.4,15.2,15.0,9.0,13.2,24.0,61.4,2.2,12.8,12.8,14.0,16.2,8.4,17.2,10.8,24.333333333333332,56.5,6.0,14.333333333333334,10.0,12.666666666666666,16.5,9.333333333333334,19.0,23.166666666666668,54.666666666666664,4.833333333333333,15.0,10.0,11.666666666666666,19.166666666666668,9.333333333333334,19.333333333333332,5.0,0.5,0.6666666666666666,11.0,6.0,5.0,1874.5600732720532
844,24.833333333333332,56.333333333333336,6.666666666666667,17.0,9.166666666666666,15.0,17.5,9.166666666666666,20.5,23.5,58.833333333333336,4.5,13.5,12.833333333333334,12.166666666666666,19.0,7.0,18.666666666666668,1.5,25.166666666666668,61.833333333333336,8.0,23.666666666666668,12.166666666666666,14.166666666666666,12.166666666666666,7.333333333333333,17.166666666666668,23.0,57.0,5.833333333333333,17.333333333333332,11.166666666666666,13.5,14.0,7.666666666666667,17.333333333333332,5.833333333333333,0.6666666666666666,1.0,5.0,12.0,-7.0,1972.256523341844
845,23.875,53.625,5.25,15.375,8.5,13.25,12.0,7.0,14.25,17.875,54.625,4.125,15.625,11.625,8.75,13.5,5.625,15.125,12.625,26.142857142857142,64.57142857142857,5.142857142857143,17.857142857142858,13.571428571428571,11.571428571428571,9.714285714285714,5.857142857142857,14.0,26.857142857142858,60.714285714285715,5.571428571428571,16.285714285714285,9.571428571428571,13.142857142857142,13.0,5.285714285714286,17.285714285714285,2.857142857142857,1.0,0.5,11.0,6.0,5.0,1833.9421112214577
846,24.833333333333332,57.833333333333336,6.666666666666667,17.833333333333332,8.5,12.666666666666666,14.5,8.0,18.166666666666668,26.166666666666668,64.0,5.166666666666667,17.333333333333332,12.333333333333334,14.166666666666666,15.333333333333334,7.333333333333333,19.666666666666668,2.3333333333333335,28.0,63.5,6.75,18.5,15.0,19.5,10.5,6.75,15.5,20.5,60.75,4.5,16.5,15.25,8.0,12.75,4.75,13.25,14.75,1.0,0.0,13.0,4.0,9.0,1691.3834784197174
847,21.333333333333332,54.888888888888886,4.111111111111111,15.11111111111111,14.222222222222221,12.777777777777779,17.88888888888889,6.222222222222222,21.555555555555557,19.11111111111111,55.55555555555556,3.5555555555555554,11.88888888888889,12.222222222222221,9.11111111111111,17.0,8.88888888888889,19.666666666666668,7.444444444444445,26.0,59.142857142857146,3.7142857142857144,11.714285714285714,11.428571428571429,13.0,15.571428571428571,7.428571428571429,19.571428571428573,21.285714285714285,52.857142857142854,4.714285714285714,16.0,10.0,11.0,19.142857142857142,5.0,19.285714285714285,6.714285714285714,1.0,0.5,15.0,2.0,13.0,1329.431515967951
848,24.857142857142858,59.0,6.285714285714286,17.857142857142858,14.142857142857142,11.428571428571429,13.428571428571429,8.857142857142858,16.0,17.571428571428573,55.857142857142854,4.0,19.0,10.714285714285714,7.142857142857143,16.0,7.285714285714286,18.428571428571427,21.857142857142858,24.25,58.0,0.0,4.75,10.5,14.25,13.25,7.0,17.75,25.25,60.5,3.0,13.0,13.5,13.0,17.5,5.5,17.5,-0.75,1.0,0.0,13.0,4.0,9.0,1711.8219107596628
849,26.333333333333332,55.5,6.0,16.166666666666668,11.833333333333334,14.333333333333334,16.166666666666668,5.0,17.0,20.166666666666668,56.5,4.166666666666667,15.5,8.333333333333334,9.166666666666666,11.833333333333334,6.333333333333333,17.666666666666668,14.333333333333334,25.833333333333332,65.5,3.3333333333333335,10.5,12.333333333333334,10.666666666666666,11.333333333333334,8.833333333333334,17.166666666666668,22.166666666666668,60.166666666666664,4.166666666666667,17.833333333333332,14.0,12.666666666666666,17.666666666666668,5.0,16.333333333333332,7.5,1.0,0.6666666666666666,14.0,3.0,11.0,1672.2625993146266
850,23.0,58.5,7.0,18.333333333333332,12.666666666666666,13.833333333333334,10.166666666666666,8.666666666666666,13.333333333333334,20.333333333333332,54.166666666666664,4.166666666666667,15.5,11.166666666666666,15.333333333333334,14.5,5.333333333333333,14.5,10.666666666666666,23.0,56.666666666666664,6.333333333333333,17.5,10.0,9.666666666666666,12.166666666666666,7.0,10.833333333333334,23.166666666666668,62.666666666666664,7.833333333333333,23.833333333333332,12.666666666666666,18.0,13.166666666666666,4.666666666666667,15.166666666666666,6.0,1.0,0.6666666666666666,10.0,7.0,3.0,1756.9996947644067
851,20.2,55.8,1.6,10.4,12.8,10.4,15.8,9.2,21.4,18.0,47.8,4.4,15.0,11.2,12.8,21.2,7.8,16.4,-7.2,29.0,58.714285714285715,4.428571428571429,12.0,12.0,17.714285714285715,15.714285714285714,6.142857142857143,14.285714285714286,20.714285714285715,63.57142857142857,3.857142857142857,15.571428571428571,12.714285714285714,10.0,13.857142857142858,7.714285714285714,19.0,22.285714285714285,0.5,1.0,9.0,1.0,8.0,1855.9911209766915
852,25.4,60.0,3.6,14.6,15.2,12.2,17.0,6.8,15.8,19.6,58.4,3.6,14.6,12.6,8.8,15.8,8.8,18.4,14.4,31.25,67.0,9.75,24.75,13.75,19.5,11.5,6.75,15.0,23.0,59.25,4.75,21.0,9.75,11.75,14.5,5.75,15.0,19.25,0.5,0.5,3.0,6.0,-3.0,2131.836056911556
853,29.333333333333332,66.33333333333333,5.833333333333333,20.5,15.166666666666666,21.0,18.0,10.333333333333334,18.833333333333332,24.5,63.833333333333336,7.833333333333333,22.833333333333332,11.833333333333334,13.666666666666666,17.5,8.666666666666666,18.166666666666668,7.0,21.166666666666668,51.5,3.6666666666666665,10.333333333333334,11.0,10.0,15.666666666666666,6.5,20.666666666666668,17.666666666666668,50.166666666666664,2.6666666666666665,10.0,11.833333333333334,8.666666666666666,17.666666666666668,7.0,20.166666666666668,6.0,0.6666666666666666,0.6666666666666666,4.0,5.0,-1.0,2030.6827888712444
854,26.5,58.166666666666664,7.833333333333333,21.166666666666668,12.666666666666666,14.5,15.5,7.833333333333333,17.0,23.5,55.166666666666664,5.5,14.666666666666666,9.166666666666666,11.0,14.333333333333334,6.5,14.5,6.666666666666667,31.0,69.2,10.0,26.8,13.2,15.2,13.6,7.2,17.2,30.4,71.0,5.6,18.8,16.0,17.0,15.6,6.6,19.0,7.0,0.6666666666666666,0.5,6.0,3.0,3.0,2017.119382675145
855,21.5,55.0,6.5,20.25,9.25,14.25,15.0,9.0,16.5,21.25,55.75,6.75,15.75,11.25,11.75,16.0,6.5,16.0,0.25,22.666666666666668,56.0,7.5,21.0,12.0,15.5,16.166666666666668,4.666666666666667,14.0,21.833333333333332,60.333333333333336,4.166666666666667,10.833333333333334,10.833333333333334,9.666666666666666,9.666666666666666,7.166666666666667,15.0,3.6666666666666665,0.0,1.0,10.0,2.0,8.0,1721.9916689608822
856,22.2,55.4,6.6,20.0,8.4,15.8,14.6,6.6,15.4,21.6,59.4,7.0,22.0,10.4,15.0,12.2,9.4,14.0,-0.2,24.0,53.0,6.166666666666667,15.666666666666666,12.333333333333334,15.166666666666666,15.833333333333334,10.166666666666666,14.5,18.166666666666668,55.5,3.8333333333333335,13.5,12.0,8.666666666666666,16.833333333333332,6.833333333333333,19.333333333333332,21.666666666666668,0.0,1.0,9.0,1.0,8.0,1887.97379906782
857,32.2,61.8,2.4,8.4,12.4,20.2,10.0,12.0,17.4,16.6,52.4,4.8,17.8,11.0,11.4,19.6,5.0,17.4,33.0,26.2,61.2,7.2,24.2,10.8,9.4,12.6,8.4,18.8,22.6,54.0,6.0,17.4,12.0,13.8,20.4,5.0,17.6,8.6,1.0,0.6666666666666666,12.0,4.0,8.0,1751.3053201619828
858,23.5,57.0,2.75,15.75,13.25,14.5,15.5,9.0,18.5,23.5,50.0,3.5,13.25,6.5,12.75,18.25,8.0,17.25,0.25,23.333333333333332,64.0,3.1666666666666665,14.833333333333334,15.833333333333334,11.666666666666666,12.5,8.333333333333334,14.333333333333334,20.333333333333332,57.333333333333336,3.8333333333333335,11.333333333333334,12.666666666666666,9.833333333333334,16.0,5.5,18.5,4.666666666666667,0.0,0.6666666666666666,2.0,7.0,-5.0,2074.1098511304426
859,22.166666666666668,60.833333333333336,7.5,23.333333333333332,12.833333333333334,15.0,14.833333333333334,7.0,16.333333333333332,21.833333333333332,59.166666666666664,5.0,17.166666666666668,10.666666666666666,15.333333333333334,15.666666666666666,6.0,16.666666666666668,3.8333333333333335,32.142857142857146,64.0,7.857142857142857,20.714285714285715,12.571428571428571,20.428571428571427,10.142857142857142,11.428571428571429,10.428571428571429,18.142857142857142,56.714285714285715,5.0,17.571428571428573,9.428571428571429,8.857142857142858,19.0,5.428571428571429,14.142857142857142,37.714285714285715,0.6666666666666666,1.0,9.0,1.0,8.0,1849.7773389536264
860,24.25,58.0,0.0,4.75,10.5,14.25,13.25,7.0,17.75,25.25,60.5,3.0,13.0,13.5,13.0,17.5,5.5,17.5,-0.75,23.5,61.75,4.25,13.5,15.0,13.5,17.75,8.0,17.25,23.75,55.25,7.0,18.25,10.75,14.25,19.5,10.25,19.5,-4.5,0.0,0.0,4.0,5.0,-1.0,2026.974075012766
861,24.333333333333332,56.5,6.0,14.333333333333334,10.0,12.666666666666666,16.5,9.333333333333334,19.0,23.166666666666668,54.666666666666664,4.833333333333333,15.0,10.0,11.666666666666666,19.166666666666668,9.333333333333334,19.333333333333332,5.0,28.166666666666668,62.666666666666664,3.8333333333333335,13.5,12.666666666666666,13.166666666666666,15.166666666666666,5.166666666666667,17.833333333333332,25.833333333333332,63.166666666666664,5.666666666666667,15.166666666666666,10.166666666666666,14.833333333333334,13.5,6.333333333333333,20.166666666666668,6.333333333333333,0.6666666666666666,0.6666666666666666,6.0,3.0,3.0,2020.0516466191816
862,28.0,63.75,7.0,20.5,12.5,16.5,11.75,8.25,17.25,27.25,60.25,4.5,14.25,9.5,13.75,13.25,5.0,17.5,5.75,27.0,56.333333333333336,6.5,16.0,10.166666666666666,16.666666666666668,13.5,7.333333333333333,14.0,22.166666666666668,59.166666666666664,5.5,17.833333333333332,9.666666666666666,12.166666666666666,13.666666666666666,5.5,16.5,14.833333333333334,0.0,1.0,9.0,1.0,8.0,1883.7781723108685
863,25.166666666666668,61.833333333333336,8.0,23.666666666666668,12.166666666666666,14.166666666666666,12.166666666666666,7.333333333333333,17.166666666666668,23.0,57.0,5.833333333333333,17.333333333333332,11.166666666666666,13.5,14.0,7.666666666666667,17.333333333333332,5.833333333333333,28.0,63.5,6.75,18.5,15.0,19.5,10.5,6.75,15.5,20.5,60.75,4.5,16.5,15.25,8.0,12.75,4.75,13.25,14.75,1.0,0.0,12.0,4.0,8.0,1840.0526003799157
864,19.0,45.25,7.25,20.5,7.75,13.5,18.5,4.25,19.0,21.5,54.5,3.25,12.5,10.0,8.5,10.0,9.0,19.0,-0.5,26.0,59.142857142857146,3.7142857142857144,11.714285714285714,11.428571428571429,13.0,15.571428571428571,7.428571428571429,19.571428571428573,21.285714285714285,52.857142857142854,4.714285714285714,16.0,10.0,11.0,19.142857142857142,5.0,19.285714285714285,6.714285714285714,0.0,0.5,10.0,2.0,8.0,1881.257055581261
865,26.142857142857142,64.57142857142857,5.142857142857143,17.857142857142858,13.571428571428571,11.571428571428571,9.714285714285714,5.857142857142857,14.0,26.857142857142858,60.714285714285715,5.571428571428571,16.285714285714285,9.571428571428571,13.142857142857142,13.0,5.285714285714286,17.285714285714285,2.857142857142857,25.833333333333332,65.5,3.3333333333333335,10.5,12.333333333333334,10.666666666666666,11.333333333333334,8.833333333333334,17.166666666666668,22.166666666666668,60.166666666666664,4.166666666666667,17.833333333333332,14.0,12.666666666666666,17.666666666666668,5.0,16.333333333333332,7.5,0.5,0.6666666666666666,6.0,3.0,3.0,1979.652825520392
866,32.0,66.5,5.833333333333333,17.0,17.0,21.0,13.833333333333334,8.333333333333334,11.833333333333334,24.333333333333332,60.166666666666664,6.166666666666667,18.0,9.333333333333334,12.5,14.5,6.666666666666667,16.166666666666668,18.333333333333332,23.0,56.666666666666664,6.333333333333333,17.5,10.0,9.666666666666666,12.166666666666666,7.0,10.833333333333334,23.166666666666668,62.666666666666664,7.833333333333333,23.833333333333332,12.666666666666666,18.0,13.166666666666666,4.666666666666667,15.166666666666666,6.0,1.0,0.6666666666666666,2.0,7.0,-5.0,2291.5127499958103
867,27.0,56.333333333333336,6.5,16.0,10.166666666666666,16.666666666666668,13.5,7.333333333333333,14.0,22.166666666666668,59.166666666666664,5.5,17.833333333333332,9.666666666666666,12.166666666666666,13.666666666666666,5.5,16.5,14.833333333333334,28.0,63.5,6.75,18.5,15.0,19.5,10.5,6.75,15.5,20.5,60.75,4.5,16.5,15.25,8.0,12.75,4.75,13.25,14.75,1.0,0.0,1.0,4.0,-3.0,2522.475524036439
868,24.0,53.0,6.166666666666667,15.666666666666666,12.333333333333334,15.166666666666666,15.833333333333334,10.166666666666666,14.5,18.166666666666668,55.5,3.8333333333333335,13.5,12.0,8.666666666666666,16.833333333333332,6.833333333333333,19.333333333333332,21.666666666666668,26.2,61.2,7.2,24.2,10.8,9.4,12.6,8.4,18.8,22.6,54.0,6.0,17.4,12.0,13.8,20.4,5.0,17.6,8.6,1.0,0.6666666666666666,1.0,4.0,-3.0,2347.8468131161558
869,31.0,69.2,10.0,26.8,13.2,15.2,13.6,7.2,17.2,30.4,71.0,5.6,18.8,16.0,17.0,15.6,6.6,19.0,7.0,23.333333333333332,64.0,3.1666666666666665,14.833333333333334,15.833333333333334,11.666666666666666,12.5,8.333333333333334,14.333333333333334,20.333333333333332,57.333333333333336,3.8333333333333335,11.333333333333334,12.666666666666666,9.833333333333334,16.0,5.5,18.5,4.666666666666667,0.5,0.6666666666666666,3.0,7.0,-4.0,2095.9699339815284
870,28.166666666666668,62.666666666666664,3.8333333333333335,13.5,12.666666666666666,13.166666666666666,15.166666666666666,5.166666666666667,17.833333333333332,25.833333333333332,63.166666666666664,5.666666666666667,15.166666666666666,10.166666666666666,14.833333333333334,13.5,6.333333333333333,20.166666666666668,6.333333333333333,23.0,56.666666666666664,6.333333333333333,17.5,10.0,9.666666666666666,12.166666666666666,7.0,10.833333333333334,23.166666666666668,62.666666666666664,7.833333333333333,23.833333333333332,12.666666666666666,18.0,13.166666666666666,4.666666666666667,15.166666666666666,6.0,0.6666666666666666,0.6666666666666666,3.0,7.0,-4.0,2121.85543863724
871,23.5,61.75,4.25,13.5,15.0,13.5,17.75,8.0,17.25,23.75,55.25,7.0,18.25,10.75,14.25,19.5,10.25,19.5,-4.5,29.0,58.714285714285715,4.428571428571429,12.0,12.0,17.714285714285715,15.714285714285714,6.142857142857143,14.285714285714286,20.714285714285715,63.57142857142857,3.857142857142857,15.571428571428571,12.714285714285714,10.0,13.857142857142858,7.714285714285714,19.0,22.285714285714285,0.0,1.0,5.0,1.0,4.0,2103.6069343326512
872,21.166666666666668,51.5,3.6666666666666665,10.333333333333334,11.0,10.0,15.666666666666666,6.5,20.666666666666668,17.666666666666668,50.166666666666664,2.6666666666666665,10.0,11.833333333333334,8.666666666666666,17.666666666666668,7.0,20.166666666666668,6.0,32.142857142857146,64.0,7.857142857142857,20.714285714285715,12.571428571428571,20.428571428571427,10.142857142857142,11.428571428571429,10.428571428571429,18.142857142857142,56.714285714285715,5.0,17.571428571428573,9.428571428571429,8.857142857142858,19.0,5.428571428571429,14.142857142857142,37.714285714285715,0.6666666666666666,1.0,5.0,1.0,4.0,2034.162282012101
873,31.25,67.0,9.75,24.75,13.75,19.5,11.5,6.75,15.0,23.0,59.25,4.75,21.0,9.75,11.75,14.5,5.75,15.0,19.25,22.666666666666668,56.0,7.5,21.0,12.0,15.5,16.166666666666668,4.666666666666667,14.0,21.833333333333332,60.333333333333336,4.166666666666667,10.833333333333334,10.833333333333334,9.666666666666666,9.666666666666666,7.166666666666667,15.0,3.6666666666666665,0.5,1.0,6.0,2.0,4.0,2045.6984701844392
874,25.833333333333332,65.5,3.3333333333333335,10.5,12.333333333333334,10.666666666666666,11.333333333333334,8.833333333333334,17.166666666666668,22.166666666666668,60.166666666666664,4.166666666666667,17.833333333333332,14.0,12.666666666666666,17.666666666666668,5.0,16.333333333333332,7.5,26.0,59.142857142857146,3.7142857142857144,11.714285714285714,11.428571428571429,13.0,15.571428571428571,7.428571428571429,19.571428571428573,21.285714285714285,52.857142857142854,4.714285714285714,16.0,10.0,11.0,19.142857142857142,5.0,19.285714285714285,6.714285714285714,0.6666666666666666,0.5,3.0,2.0,1.0,1997.562254563205
875,23.333333333333332,64.0,3.1666666666666665,14.833333333333334,15.833333333333334,11.666666666666666,12.5,8.333333333333334,14.333333333333334,20.333333333333332,57.333333333333336,3.8333333333333335,11.333333333333334,12.666666666666666,9.833333333333334,16.0,5.5,18.5,4.666666666666667,26.2,61.2,7.2,24.2,10.8,9.4,12.6,8.4,18.8,22.6,54.0,6.0,17.4,12.0,13.8,20.4,5.0,17.6,8.6,0.6666666666666666,0.6666666666666666,7.0,4.0,3.0,2086.7492334934805
876,28.0,63.5,6.75,18.5,15.0,19.5,10.5,6.75,15.5,20.5,60.75,4.5,16.5,15.25,8.0,12.75,4.75,13.25,14.75,23.0,56.666666666666664,6.333333333333333,17.5,10.0,9.666666666666666,12.166666666666666,7.0,10.833333333333334,23.166666666666668,62.666666666666664,7.833333333333333,23.833333333333332,12.666666666666666,18.0,13.166666666666666,4.666666666666667,15.166666666666666,6.0,0.0,0.6666666666666666,4.0,7.0,-3.0,2164.607258664877
877,26.0,59.142857142857146,3.7142857142857144,11.714285714285714,11.428571428571429,13.0,15.571428571428571,7.428571428571429,19.571428571428573,21.285714285714285,52.857142857142854,4.714285714285714,16.0,10.0,11.0,19.142857142857142,5.0,19.285714285714285,6.714285714285714,32.142857142857146,64.0,7.857142857142857,20.714285714285715,12.571428571428571,20.428571428571427,10.142857142857142,11.428571428571429,10.428571428571429,18.142857142857142,56.714285714285715,5.0,17.571428571428573,9.428571428571429,8.857142857142858,19.0,5.428571428571429,14.142857142857142,37.714285714285715,0.5,1.0,2.0,1.0,1.0,2172.2961790111026
878,29.0,58.714285714285715,4.428571428571429,12.0,12.0,17.714285714285715,15.714285714285714,6.142857142857143,14.285714285714286,20.714285714285715,63.57142857142857,3.857142857142857,15.571428571428571,12.714285714285714,10.0,13.857142857142858,7.714285714285714,19.0,22.285714285714285,22.666666666666668,56.0,7.5,21.0,12.0,15.5,16.166666666666668,4.666666666666667,14.0,21.833333333333332,60.333333333333336,4.166666666666667,10.833333333333334,10.833333333333334,9.666666666666666,9.666666666666666,7.166666666666667,15.0,3.6666666666666665,1.0,1.0,1.0,2.0,-1.0,2400.752607161987
879,22.666666666666668,56.0,7.5,21.0,12.0,15.5,16.166666666666668,4.666666666666667,14.0,21.833333333333332,60.333333333333336,4.166666666666667,10.833333333333334,10.833333333333334,9.666666666666666,9.666666666666666,7.166666666666667,15.0,3.6666666666666665,32.142857142857146,64.0,7.857142857142857,20.714285714285715,12.571428571428571,20.428571428571427,10.142857142857142,11.428571428571429,10.428571428571429,18.142857142857142,56.714285714285715,5.0,17.571428571428573,9.428571428571429,8.857142857142858,19.0,5.428571428571429,14.142857142857142,37.714285714285715,1.0,1.0,2.0,1.0,1.0,2153.591584440698
880,23.0,56.666666666666664,6.333333333333333,17.5,10.0,9.666666666666666,12.166666666666666,7.0,10.833333333333334,23.166666666666668,62.666666666666664,7.833333333333333,23.833333333333332,12.666666666666666,18.0,13.166666666666666,4.666666666666667,15.166666666666666,6.0,26.2,61.2,7.2,24.2,10.8,9.4,12.6,8.4,18.8,22.6,54.0,6.0,17.4,12.0,13.8,20.4,5.0,17.6,8.6,0.6666666666666666,0.6666666666666666,7.0,4.0,3.0,2009.564605045128
881,26.2,61.2,7.2,24.2,10.8,9.4,12.6,8.4,18.8,22.6,54.0,6.0,17.4,12.0,13.8,20.4,5.0,17.6,8.6,32.142857142857146,64.0,7.857142857142857,20.714285714285715,12.571428571428571,20.428571428571427,10.142857142857142,11.428571428571429,10.428571428571429,18.142857142857142,56.714285714285715,5.0,17.571428571428573,9.428571428571429,8.857142857142858,19.0,5.428571428571429,14.142857142857142,37.714285714285715,0.6666666666666666,1.0,4.0,1.0,3.0,2139.964793120101
882,22.0,50.0,3.8,10.8,11.2,14.6,15.6,8.4,16.0,21.8,54.0,4.8,16.2,9.2,11.8,14.8,9.4,20.2,5.2,29.0,63.0,8.0,20.5,11.166666666666666,17.5,12.833333333333334,5.5,20.166666666666668,27.166666666666668,63.333333333333336,4.833333333333333,16.666666666666668,12.5,14.0,11.666666666666666,6.333333333333333,16.5,5.166666666666667,0.5,0.6666666666666666,8.0,9.0,-1.0,1972.6734726097927
883,23.8,58.2,6.6,23.6,9.8,14.6,9.8,3.8,16.0,22.2,54.2,4.0,12.6,7.8,12.6,9.8,5.8,16.8,6.2,26.333333333333332,62.22222222222222,4.222222222222222,15.11111111111111,13.333333333333334,15.333333333333334,15.88888888888889,7.555555555555555,17.555555555555557,23.0,63.55555555555556,4.444444444444445,19.444444444444443,12.666666666666666,11.222222222222221,15.666666666666666,6.666666666666667,19.333333333333332,7.666666666666667,0.5,1.0,7.0,10.0,-3.0,1884.5733121329963
884,28.333333333333332,65.16666666666667,9.0,22.833333333333332,12.5,19.0,14.333333333333334,7.666666666666667,18.333333333333332,23.5,58.833333333333336,5.5,17.333333333333332,8.666666666666666,10.5,16.833333333333332,7.5,18.166666666666668,10.5,22.857142857142858,62.42857142857143,7.714285714285714,25.142857142857142,16.714285714285715,14.142857142857142,13.285714285714286,8.142857142857142,15.285714285714286,22.428571428571427,54.0,5.0,16.0,9.571428571428571,11.142857142857142,18.857142857142858,6.142857142857143,19.428571428571427,9.142857142857142,0.6666666666666666,0.8,7.0,10.0,-3.0,2036.161327651252
885,25.25,54.75,5.5,15.25,11.5,15.25,15.0,7.5,12.75,22.25,53.5,4.5,13.5,8.75,13.0,16.5,5.75,17.0,11.0,27.6,63.6,11.4,29.6,11.2,18.4,10.0,9.8,14.6,22.8,58.4,7.4,21.0,10.0,15.6,18.2,5.8,18.6,17.0,0.0,1.0,3.0,14.0,-11.0,2121.011263447714
886,26.8,64.2,4.4,17.2,13.8,12.6,10.4,5.8,18.2,26.6,52.6,4.6,12.2,6.8,16.0,15.6,3.6,18.8,2.4,29.8,63.6,9.4,25.2,14.4,19.0,13.4,3.8,14.2,26.6,68.0,4.0,15.8,10.0,12.4,9.6,5.0,21.2,20.4,0.5,1.0,4.0,13.0,-9.0,2071.754454297612
887,33.4,64.8,8.6,20.0,14.0,19.8,16.0,7.8,15.6,28.4,62.4,7.6,18.8,12.0,13.4,16.8,8.2,16.8,11.0,25.142857142857142,53.714285714285715,7.857142857142857,19.857142857142858,7.428571428571429,14.857142857142858,12.714285714285714,5.428571428571429,14.142857142857142,23.428571428571427,62.142857142857146,6.285714285714286,18.857142857142858,10.428571428571429,14.142857142857142,11.285714285714286,7.285714285714286,19.142857142857142,11.428571428571429,1.0,1.0,3.0,14.0,-11.0,2297.52962560021
888,25.0,56.833333333333336,3.8333333333333335,14.0,10.5,13.666666666666666,12.333333333333334,4.333333333333333,16.666666666666668,24.666666666666668,54.5,3.3333333333333335,6.833333333333333,8.833333333333334,11.166666666666666,11.833333333333334,5.166666666666667,17.0,1.1666666666666667,27.375,72.75,5.875,22.875,21.875,12.0,19.25,8.5,24.25,24.25,62.375,4.875,18.25,11.0,14.125,18.625,9.125,23.75,10.25,0.6666666666666666,0.8,2.0,15.0,-13.0,2131.9979555334385
889,24.25,51.25,9.0,22.0,7.75,13.75,17.5,4.0,21.0,20.5,53.25,4.0,16.5,8.25,11.0,11.5,7.75,20.5,8.0,25.571428571428573,59.714285714285715,5.714285714285714,16.857142857142858,13.142857142857142,11.285714285714286,12.285714285714286,3.4285714285714284,12.714285714285714,27.714285714285715,62.0,7.428571428571429,19.714285714285715,10.142857142857142,17.142857142857142,9.571428571428571,5.571428571428571,16.857142857142858,-3.2857142857142856,0.0,0.5,6.0,11.0,-5.0,1946.539650646116
890,24.75,60.75,6.5,18.25,13.5,12.75,9.75,5.75,19.0,21.75,55.75,5.5,15.75,13.25,9.0,14.5,4.0,18.75,4.5,21.75,68.5,5.25,22.0,16.0,13.25,11.0,10.25,19.5,20.25,53.75,5.0,16.5,14.5,11.0,22.5,6.0,16.0,1.25,0.0,0.0,6.0,11.0,-5.0,1948.5139806332588
891,30.0,60.166666666666664,7.5,17.833333333333332,11.0,19.666666666666668,9.833333333333334,8.166666666666666,15.0,23.0,57.166666666666664,7.166666666666667,17.666666666666668,11.166666666666666,12.5,16.0,4.166666666666667,16.5,18.5,23.142857142857142,54.0,5.285714285714286,14.714285714285714,10.428571428571429,14.428571428571429,15.714285714285714,8.571428571428571,18.428571428571427,18.142857142857142,54.57142857142857,2.4285714285714284,15.0,11.857142857142858,8.571428571428571,17.142857142857142,7.571428571428571,18.714285714285715,14.0,1.0,1.0,1.0,16.0,-15.0,2466.5617026432906
892,30.0,66.5,9.25,23.25,13.75,15.25,14.75,9.5,18.0,24.75,66.5,6.75,17.25,15.0,14.0,19.0,7.0,20.5,14.75,25.625,57.375,7.75,19.25,13.5,13.75,8.625,8.875,15.0,22.5,50.5,5.125,15.875,11.875,12.125,16.25,4.25,19.0,13.0,0.5,1.0,5.0,12.0,-7.0,2126.164155583104
893,21.0,52.166666666666664,6.666666666666667,17.166666666666668,11.166666666666666,11.666666666666666,15.166666666666666,4.666666666666667,13.166666666666666,19.166666666666668,58.333333333333336,2.8333333333333335,13.833333333333334,11.5,8.5,10.166666666666666,7.166666666666667,14.0,8.833333333333334,23.428571428571427,58.285714285714285,8.0,22.142857142857142,11.857142857142858,11.857142857142858,13.142857142857142,9.714285714285714,20.857142857142858,20.142857142857142,51.857142857142854,6.285714285714286,20.285714285714285,13.857142857142858,11.285714285714286,21.0,6.428571428571429,18.428571428571427,5.142857142857143,0.6666666666666666,0.75,2.0,15.0,-13.0,2186.6106417759
894,24.0,58.285714285714285,5.714285714285714,15.857142857142858,12.428571428571429,15.285714285714286,14.571428571428571,6.857142857142857,14.714285714285714,23.0,61.42857142857143,5.0,19.714285714285715,13.428571428571429,13.571428571428571,14.857142857142858,7.0,16.428571428571427,8.0,25.0,54.333333333333336,7.333333333333333,19.666666666666668,12.666666666666666,14.333333333333334,14.5,11.0,15.5,17.5,45.166666666666664,6.833333333333333,20.0,6.5,9.666666666666666,21.5,5.333333333333333,19.166666666666668,21.0,0.75,1.0,9.0,8.0,1.0,1932.766604493768
895,27.333333333333332,54.0,3.6666666666666665,10.666666666666666,7.166666666666667,14.5,11.5,7.833333333333333,15.666666666666666,24.5,61.666666666666664,4.333333333333333,17.333333333333332,13.0,11.5,14.333333333333334,3.8333333333333335,19.0,11.333333333333334,24.0,55.55555555555556,5.444444444444445,14.444444444444445,14.0,11.11111111111111,11.777777777777779,5.111111111111111,13.222222222222221,21.666666666666668,53.44444444444444,5.333333333333333,14.333333333333334,8.333333333333334,11.444444444444445,11.88888888888889,4.666666666666667,18.77777777777778,9.222222222222221,1.0,1.0,1.0,16.0,-15.0,2322.586604532232
896,26.333333333333332,67.66666666666667,3.6666666666666665,11.5,16.0,11.833333333333334,13.0,7.666666666666667,21.166666666666668,22.833333333333332,57.166666666666664,4.666666666666667,13.666666666666666,10.333333333333334,10.333333333333334,14.333333333333334,6.333333333333333,18.0,1.3333333333333333,26.833333333333332,56.833333333333336,3.6666666666666665,10.0,13.166666666666666,13.333333333333334,11.333333333333334,6.166666666666667,17.833333333333332,15.5,48.333333333333336,3.8333333333333335,13.666666666666666,9.5,6.166666666666667,15.166666666666666,4.166666666666667,18.5,20.666666666666668,0.6666666666666666,1.0,3.0,14.0,-11.0,2168.1614572507715
897,25.0,59.42857142857143,6.714285714285714,20.0,11.285714285714286,14.571428571428571,15.428571428571429,6.714285714285714,17.714285714285715,22.571428571428573,59.714285714285715,4.857142857142857,16.857142857142858,11.285714285714286,9.571428571428571,14.428571428571429,8.571428571428571,16.142857142857142,6.0,27.428571428571427,57.857142857142854,4.428571428571429,12.285714285714286,14.428571428571429,14.142857142857142,14.428571428571429,7.714285714285714,17.428571428571427,18.428571428571427,60.0,4.142857142857143,16.0,13.428571428571429,9.428571428571429,14.142857142857142,8.142857142857142,21.714285714285715,20.285714285714285,1.0,1.0,6.0,11.0,-5.0,2025.0513728644528
898,32.42857142857143,65.71428571428571,4.714285714285714,10.571428571428571,15.714285714285714,18.571428571428573,14.428571428571429,5.0,17.142857142857142,22.714285714285715,65.42857142857143,8.0,23.571428571428573,11.285714285714286,11.285714285714286,11.0,5.428571428571429,18.857142857142858,20.0,23.11111111111111,52.77777777777778,3.888888888888889,12.444444444444445,11.444444444444445,11.88888888888889,18.11111111111111,7.666666666666667,16.333333333333332,19.555555555555557,60.44444444444444,2.888888888888889,13.11111111111111,12.777777777777779,10.444444444444445,14.222222222222221,8.0,18.0,9.222222222222221,0.75,1.0,1.0,16.0,-15.0,2371.7574086002896
899,21.8,54.0,3.6,14.4,9.4,11.6,14.6,5.8,14.0,23.8,56.8,5.4,16.8,10.2,14.2,12.4,7.6,15.2,-6.0,22.8,52.6,1.6,5.6,11.6,12.4,16.8,8.4,16.8,22.6,54.8,4.0,17.4,10.8,13.6,15.4,8.0,19.6,-1.0,0.5,0.5,9.0,8.0,1.0,1862.8487868784268
900,33.142857142857146,60.714285714285715,9.142857142857142,22.285714285714285,10.571428571428571,23.142857142857142,11.714285714285714,9.714285714285714,10.0,21.857142857142858,62.0,5.857142857142857,18.285714285714285,11.285714285714286,10.0,16.857142857142858,5.142857142857143,16.142857142857142,35.0,25.5,59.333333333333336,6.0,16.5,14.0,16.166666666666668,19.166666666666668,12.0,16.166666666666668,19.0,54.666666666666664,6.333333333333333,21.833333333333332,12.333333333333334,12.833333333333334,21.5,9.166666666666666,18.0,10.5,1.0,1.0,1.0,16.0,-15.0,2651.270419283576
901,26.2,54.0,6.0,12.6,9.8,16.4,16.6,6.6,15.4,23.4,63.2,7.4,25.2,11.8,13.2,11.8,6.4,15.6,8.2,21.75,58.25,4.375,15.125,12.625,12.625,17.125,12.5,21.0,20.25,54.375,4.25,15.875,14.0,10.875,22.875,9.0,20.125,2.0,0.6666666666666666,1.0,2.0,15.0,-13.0,2135.040505770107
902,23.166666666666668,60.166666666666664,5.833333333333333,19.166666666666668,13.666666666666666,14.166666666666666,14.833333333333334,10.166666666666666,15.166666666666666,26.333333333333332,62.5,5.0,17.5,12.666666666666666,18.0,16.333333333333332,8.666666666666666,20.833333333333332,0.0,30.857142857142858,63.57142857142857,8.714285714285714,22.428571428571427,11.857142857142858,21.714285714285715,14.142857142857142,10.857142857142858,18.714285714285715,23.0,63.57142857142857,7.285714285714286,25.0,15.857142857142858,12.428571428571429,16.857142857142858,6.142857142857143,19.285714285714285,18.142857142857142,0.3333333333333333,1.0,7.0,10.0,-3.0,1987.136877824099
903,27.0,57.833333333333336,6.333333333333333,17.333333333333332,12.333333333333334,14.666666666666666,16.0,5.333333333333333,16.833333333333332,19.333333333333332,57.666666666666664,5.833333333333333,18.666666666666668,12.0,8.833333333333334,14.666666666666666,7.666666666666667,18.0,13.666666666666666,25.833333333333332,55.0,6.333333333333333,17.333333333333332,12.0,15.0,9.5,7.0,7.166666666666667,20.333333333333332,54.0,5.666666666666667,15.333333333333334,9.0,11.166666666666666,11.833333333333334,5.0,16.666666666666668,20.5,0.6666666666666666,1.0,4.0,13.0,-9.0,2146.324852734959
904,26.833333333333332,61.333333333333336,3.6666666666666665,15.666666666666666,12.333333333333334,12.666666666666666,13.166666666666666,7.166666666666667,19.5,24.0,58.666666666666664,5.5,15.333333333333334,14.166666666666666,11.666666666666666,15.5,6.0,19.5,2.5,25.5,60.0,8.0,25.5,12.0,12.333333333333334,11.333333333333334,8.666666666666666,19.166666666666668,19.833333333333332,49.5,4.166666666666667,11.333333333333334,7.166666666666667,7.5,17.333333333333332,5.333333333333333,17.0,14.333333333333334,0.6666666666666666,1.0,4.0,13.0,-9.0,2027.27658887142
905,23.6,58.0,5.4,16.6,10.4,13.6,17.0,7.6,19.2,29.0,65.2,7.2,16.6,14.6,17.0,15.4,8.8,21.0,-12.2,27.833333333333332,61.166666666666664,4.833333333333333,16.5,14.333333333333334,17.5,17.666666666666668,8.666666666666666,19.0,21.166666666666668,60.166666666666664,5.5,19.833333333333332,11.0,12.0,15.666666666666666,7.666666666666667,16.166666666666668,14.5,0.0,1.0,6.0,11.0,-5.0,2031.4071172993813
906,22.666666666666668,57.5,5.333333333333333,14.333333333333334,12.166666666666666,11.0,12.5,6.666666666666667,16.833333333333332,24.333333333333332,57.166666666666664,6.166666666666667,18.166666666666668,13.0,12.833333333333334,13.0,5.333333333333333,15.166666666666666,-4.833333333333333,24.166666666666668,61.833333333333336,7.666666666666667,22.166666666666668,11.166666666666666,12.666666666666666,12.5,5.166666666666667,17.5,25.5,58.166666666666664,5.0,16.166666666666668,11.833333333333334,13.166666666666666,15.0,7.166666666666667,15.833333333333334,-0.8333333333333334,0.6666666666666666,0.6666666666666666,10.0,7.0,3.0,1860.0802277537748
907,23.833333333333332,58.0,7.0,21.0,13.333333333333334,13.0,13.333333333333334,8.166666666666666,17.333333333333332,18.666666666666668,54.833333333333336,4.333333333333333,15.666666666666666,9.833333333333334,10.833333333333334,15.166666666666666,8.166666666666666,18.833333333333332,14.166666666666666,29.0,60.166666666666664,6.5,16.833333333333332,8.5,14.666666666666666,11.5,4.0,12.5,27.5,71.16666666666667,7.666666666666667,26.5,12.833333333333334,15.5,10.333333333333334,5.5,17.0,10.5,1.0,1.0,12.0,5.0,7.0,1746.71115725565
908,23.0,56.333333333333336,4.833333333333333,15.333333333333334,12.833333333333334,12.0,12.5,6.333333333333333,12.833333333333334,18.666666666666668,58.166666666666664,3.8333333333333335,14.0,12.5,9.166666666666666,12.166666666666666,5.666666666666667,15.333333333333334,11.833333333333334,24.666666666666668,53.666666666666664,8.666666666666666,20.166666666666668,11.0,16.166666666666668,15.833333333333334,6.833333333333333,17.5,20.166666666666668,58.333333333333336,3.0,15.0,14.0,7.333333333333333,11.833333333333334,9.0,15.5,12.833333333333334,1.0,1.0,2.0,15.0,-13.0,2175.5467735910247
909,25.4,67.4,8.4,26.6,17.4,11.8,11.6,6.0,16.4,23.8,51.4,5.6,15.2,9.4,15.0,18.4,6.4,18.6,5.8,25.4,62.0,7.6,20.8,10.4,13.6,10.8,5.8,14.8,23.4,66.8,5.2,20.4,14.6,11.6,12.2,5.8,18.8,8.0,0.5,0.5,8.0,9.0,-1.0,2055.361242261341
910,24.75,60.25,4.5,12.25,10.0,15.5,10.75,6.5,13.25,24.25,62.75,5.25,14.5,10.25,12.0,13.25,5.25,18.0,6.75,24.0,57.6,6.0,14.6,12.0,15.2,13.2,4.8,16.6,21.6,62.4,5.8,21.0,13.0,13.0,11.4,5.8,19.6,6.4,0.0,1.0,5.0,12.0,-7.0,2017.1197458434376
911,21.333333333333332,53.833333333333336,3.8333333333333335,8.166666666666666,10.333333333333334,12.333333333333334,13.166666666666666,6.166666666666667,13.833333333333334,25.0,56.5,4.5,15.333333333333334,10.333333333333334,15.0,13.666666666666666,5.333333333333333,17.0,-2.8333333333333335,21.5,56.5,6.375,18.375,12.5,11.875,11.25,5.75,12.5,18.125,56.625,4.625,19.5,11.625,10.0,12.0,5.875,15.75,9.0,0.6666666666666666,1.0,5.0,12.0,-7.0,1976.5765879019732
912,24.6,62.2,5.6,20.2,12.4,12.0,12.0,8.8,17.0,21.0,55.4,4.6,16.8,11.0,11.4,15.4,7.0,15.8,8.8,26.25,63.625,6.375,17.75,12.125,14.0,12.0,7.125,13.875,20.625,56.0,5.5,18.375,10.875,12.375,15.875,6.0,13.75,10.25,0.5,1.0,4.0,13.0,-9.0,2056.859842078967
913,28.5,62.25,8.5,25.0,12.0,10.75,9.25,4.25,13.5,24.25,68.0,8.25,23.5,13.75,14.25,9.5,4.5,19.5,13.0,25.285714285714285,63.0,8.428571428571429,25.0,14.285714285714286,16.0,14.142857142857142,6.428571428571429,15.714285714285714,22.428571428571427,64.71428571428571,7.0,27.857142857142858,11.714285714285714,13.0,12.857142857142858,8.285714285714286,18.285714285714285,12.0,0.0,1.0,3.0,14.0,-11.0,2067.846437377922
914,25.25,54.75,5.5,15.25,11.5,15.25,15.0,7.5,12.75,22.25,53.5,4.5,13.5,8.75,13.0,16.5,5.75,17.0,11.0,24.25,51.25,9.0,22.0,7.75,13.75,17.5,4.0,21.0,20.5,53.25,4.0,16.5,8.25,11.0,11.5,7.75,20.5,8.0,0.0,0.0,3.0,6.0,-3.0,2122.603117460826
915,33.4,64.8,8.6,20.0,14.0,19.8,16.0,7.8,15.6,28.4,62.4,7.6,18.8,12.0,13.4,16.8,8.2,16.8,11.0,25.0,59.42857142857143,6.714285714285714,20.0,11.285714285714286,14.571428571428571,15.428571428571429,6.714285714285714,17.714285714285715,22.571428571428573,59.714285714285715,4.857142857142857,16.857142857142858,11.285714285714286,9.571428571428571,14.428571428571429,8.571428571428571,16.142857142857142,6.0,1.0,1.0,3.0,6.0,-3.0,2298.377459345664
916,25.0,56.833333333333336,3.8333333333333335,14.0,10.5,13.666666666666666,12.333333333333334,4.333333333333333,16.666666666666668,24.666666666666668,54.5,3.3333333333333335,6.833333333333333,8.833333333333334,11.166666666666666,11.833333333333334,5.166666666666667,17.0,1.1666666666666667,28.333333333333332,65.16666666666667,9.0,22.833333333333332,12.5,19.0,14.333333333333334,7.666666666666667,18.333333333333332,23.5,58.833333333333336,5.5,17.333333333333332,8.666666666666666,10.5,16.833333333333332,7.5,18.166666666666668,10.5,0.6666666666666666,0.6666666666666666,2.0,7.0,-5.0,2133.0022473463146
917,30.0,60.166666666666664,7.5,17.833333333333332,11.0,19.666666666666668,9.833333333333334,8.166666666666666,15.0,23.0,57.166666666666664,7.166666666666667,17.666666666666668,11.166666666666666,12.5,16.0,4.166666666666667,16.5,18.5,24.0,58.285714285714285,5.714285714285714,15.857142857142858,12.428571428571429,15.285714285714286,14.571428571428571,6.857142857142857,14.714285714285714,23.0,61.42857142857143,5.0,19.714285714285715,13.428571428571429,13.571428571428571,14.857142857142858,7.0,16.428571428571427,8.0,1.0,0.75,1.0,9.0,-8.0,2466.637974256119
918,30.0,66.5,9.25,23.25,13.75,15.25,14.75,9.5,18.0,24.75,66.5,6.75,17.25,15.0,14.0,19.0,7.0,20.5,14.75,26.8,64.2,4.4,17.2,13.8,12.6,10.4,5.8,18.2,26.6,52.6,4.6,12.2,6.8,16.0,15.6,3.6,18.8,2.4,0.5,0.5,5.0,4.0,1.0,2131.593773639633
919,21.0,52.166666666666664,6.666666666666667,17.166666666666668,11.166666666666666,11.666666666666666,15.166666666666666,4.666666666666667,13.166666666666666,19.166666666666668,58.333333333333336,2.8333333333333335,13.833333333333334,11.5,8.5,10.166666666666666,7.166666666666667,14.0,8.833333333333334,23.8,58.2,6.6,23.6,9.8,14.6,9.8,3.8,16.0,22.2,54.2,4.0,12.6,7.8,12.6,9.8,5.8,16.8,6.2,0.6666666666666666,0.5,2.0,7.0,-5.0,2188.048502502405
920,27.333333333333332,54.0,3.6666666666666665,10.666666666666666,7.166666666666667,14.5,11.5,7.833333333333333,15.666666666666666,24.5,61.666666666666664,4.333333333333333,17.333333333333332,13.0,11.5,14.333333333333334,3.8333333333333335,19.0,11.333333333333334,22.0,50.0,3.8,10.8,11.2,14.6,15.6,8.4,16.0,21.8,54.0,4.8,16.2,9.2,11.8,14.8,9.4,20.2,5.2,1.0,0.5,1.0,8.0,-7.0,2322.7251721692605
921,26.333333333333332,67.66666666666667,3.6666666666666665,11.5,16.0,11.833333333333334,13.0,7.666666666666667,21.166666666666668,22.833333333333332,57.166666666666664,4.666666666666667,13.666666666666666,10.333333333333334,10.333333333333334,14.333333333333334,6.333333333333333,18.0,1.3333333333333333,24.75,60.75,6.5,18.25,13.5,12.75,9.75,5.75,19.0,21.75,55.75,5.5,15.75,13.25,9.0,14.5,4.0,18.75,4.5,0.6666666666666666,0.0,3.0,6.0,-3.0,2169.3925961888613
922,32.42857142857143,65.71428571428571,4.714285714285714,10.571428571428571,15.714285714285714,18.571428571428573,14.428571428571429,5.0,17.142857142857142,22.714285714285715,65.42857142857143,8.0,23.571428571428573,11.285714285714286,11.285714285714286,11.0,5.428571428571429,18.857142857142858,20.0,21.8,54.0,3.6,14.4,9.4,11.6,14.6,5.8,14.0,23.8,56.8,5.4,16.8,10.2,14.2,12.4,7.6,15.2,-6.0,0.75,0.5,1.0,9.0,-8.0,2371.8771332918604
923,33.142857142857146,60.714285714285715,9.142857142857142,22.285714285714285,10.571428571428571,23.142857142857142,11.714285714285714,9.714285714285714,10.0,21.857142857142858,62.0,5.857142857142857,18.285714285714285,11.285714285714286,10.0,16.857142857142858,5.142857142857143,16.142857142857142,35.0,25.4,67.4,8.4,26.6,17.4,11.8,11.6,6.0,16.4,23.8,51.4,5.6,15.2,9.4,15.0,18.4,6.4,18.6,5.8,1.0,0.5,1.0,8.0,-7.0,2651.363994829053
924,27.0,57.833333333333336,6.333333333333333,17.333333333333332,12.333333333333334,14.666666666666666,16.0,5.333333333333333,16.833333333333332,19.333333333333332,57.666666666666664,5.833333333333333,18.666666666666668,12.0,8.833333333333334,14.666666666666666,7.666666666666667,18.0,13.666666666666666,24.75,60.25,4.5,12.25,10.0,15.5,10.75,6.5,13.25,24.25,62.75,5.25,14.5,10.25,12.0,13.25,5.25,18.0,6.75,0.6666666666666666,0.0,4.0,5.0,-1.0,2149.762208846804
925,22.666666666666668,57.5,5.333333333333333,14.333333333333334,12.166666666666666,11.0,12.5,6.666666666666667,16.833333333333332,24.333333333333332,57.166666666666664,6.166666666666667,18.166666666666668,13.0,12.833333333333334,13.0,5.333333333333333,15.166666666666666,-4.833333333333333,26.2,54.0,6.0,12.6,9.8,16.4,16.6,6.6,15.4,23.4,63.2,7.4,25.2,11.8,13.2,11.8,6.4,15.6,8.2,0.6666666666666666,0.6666666666666666,10.0,2.0,8.0,1877.2188063865624
926,23.833333333333332,58.0,7.0,21.0,13.333333333333334,13.0,13.333333333333334,8.166666666666666,17.333333333333332,18.666666666666668,54.833333333333336,4.333333333333333,15.666666666666666,9.833333333333334,10.833333333333334,15.166666666666666,8.166666666666666,18.833333333333332,14.166666666666666,26.833333333333332,61.333333333333336,3.6666666666666665,15.666666666666666,12.333333333333334,12.666666666666666,13.166666666666666,7.166666666666667,19.5,24.0,58.666666666666664,5.5,15.333333333333334,14.166666666666666,11.666666666666666,15.5,6.0,19.5,2.5,1.0,0.6666666666666666,12.0,4.0,8.0,1768.9431001225716
927,23.0,56.333333333333336,4.833333333333333,15.333333333333334,12.833333333333334,12.0,12.5,6.333333333333333,12.833333333333334,18.666666666666668,58.166666666666664,3.8333333333333335,14.0,12.5,9.166666666666666,12.166666666666666,5.666666666666667,15.333333333333334,11.833333333333334,23.166666666666668,60.166666666666664,5.833333333333333,19.166666666666668,13.666666666666666,14.166666666666666,14.833333333333334,10.166666666666666,15.166666666666666,26.333333333333332,62.5,5.0,17.5,12.666666666666666,18.0,16.333333333333332,8.666666666666666,20.833333333333332,0.0,1.0,0.3333333333333333,2.0,7.0,-5.0,2176.947115038534
928,24.6,62.2,5.6,20.2,12.4,12.0,12.0,8.8,17.0,21.0,55.4,4.6,16.8,11.0,11.4,15.4,7.0,15.8,8.8,21.333333333333332,53.833333333333336,3.8333333333333335,8.166666666666666,10.333333333333334,12.333333333333334,13.166666666666666,6.166666666666667,13.833333333333334,25.0,56.5,4.5,15.333333333333334,10.333333333333334,15.0,13.666666666666666,5.333333333333333,17.0,-2.8333333333333335,0.5,0.6666666666666666,4.0,5.0,-1.0,2060.362619341035
929,28.5,62.25,8.5,25.0,12.0,10.75,9.25,4.25,13.5,24.25,68.0,8.25,23.5,13.75,14.25,9.5,4.5,19.5,13.0,23.6,58.0,5.4,16.6,10.4,13.6,17.0,7.6,19.2,29.0,65.2,7.2,16.6,14.6,17.0,15.4,8.8,21.0,-12.2,0.0,0.0,3.0,6.0,-3.0,2070.52345888871
930,32.42857142857143,65.71428571428571,4.714285714285714,10.571428571428571,15.714285714285714,18.571428571428573,14.428571428571429,5.0,17.142857142857142,22.714285714285715,65.42857142857143,8.0,23.571428571428573,11.285714285714286,11.285714285714286,11.0,5.428571428571429,18.857142857142858,20.0,27.0,57.833333333333336,6.333333333333333,17.333333333333332,12.333333333333334,14.666666666666666,16.0,5.333333333333333,16.833333333333332,19.333333333333332,57.666666666666664,5.833333333333333,18.666666666666668,12.0,8.833333333333334,14.666666666666666,7.666666666666667,18.0,13.666666666666666,0.75,0.6666666666666666,1.0,4.0,-3.0,2373.6493631957346
931,25.0,56.833333333333336,3.8333333333333335,14.0,10.5,13.666666666666666,12.333333333333334,4.333333333333333,16.666666666666668,24.666666666666668,54.5,3.3333333333333335,6.833333333333333,8.833333333333334,11.166666666666666,11.833333333333334,5.166666666666667,17.0,1.1666666666666667,28.5,62.25,8.5,25.0,12.0,10.75,9.25,4.25,13.5,24.25,68.0,8.25,23.5,13.75,14.25,9.5,4.5,19.5,13.0,0.6666666666666666,0.0,2.0,3.0,-1.0,2144.858081524069
932,30.0,60.166666666666664,7.5,17.833333333333332,11.0,19.666666666666668,9.833333333333334,8.166666666666666,15.0,23.0,57.166666666666664,7.166666666666667,17.666666666666668,11.166666666666666,12.5,16.0,4.166666666666667,16.5,18.5,30.0,66.5,9.25,23.25,13.75,15.25,14.75,9.5,18.0,24.75,66.5,6.75,17.25,15.0,14.0,19.0,7.0,20.5,14.75,1.0,0.5,1.0,5.0,-4.0,2468.1631694773214
933,23.0,56.333333333333336,4.833333333333333,15.333333333333334,12.833333333333334,12.0,12.5,6.333333333333333,12.833333333333334,18.666666666666668,58.166666666666664,3.8333333333333335,14.0,12.5,9.166666666666666,12.166666666666666,5.666666666666667,15.333333333333334,11.833333333333334,26.333333333333332,67.66666666666667,3.6666666666666665,11.5,16.0,11.833333333333334,13.0,7.666666666666667,21.166666666666668,22.833333333333332,57.166666666666664,4.666666666666667,13.666666666666666,10.333333333333334,10.333333333333334,14.333333333333334,6.333333333333333,18.0,1.3333333333333333,1.0,0.6666666666666666,2.0,3.0,-1.0,2185.3038193956645
934,33.142857142857146,60.714285714285715,9.142857142857142,22.285714285714285,10.571428571428571,23.142857142857142,11.714285714285714,9.714285714285714,10.0,21.857142857142858,62.0,5.857142857142857,18.285714285714285,11.285714285714286,10.0,16.857142857142858,5.142857142857143,16.142857142857142,35.0,24.6,62.2,5.6,20.2,12.4,12.0,12.0,8.8,17.0,21.0,55.4,4.6,16.8,11.0,11.4,15.4,7.0,15.8,8.8,1.0,0.5,1.0,4.0,-3.0,2652.4165057609976
935,25.25,54.75,5.5,15.25,11.5,15.25,15.0,7.5,12.75,22.25,53.5,4.5,13.5,8.75,13.0,16.5,5.75,17.0,11.0,21.0,52.166666666666664,6.666666666666667,17.166666666666668,11.166666666666666,11.666666666666666,15.166666666666666,4.666666666666667,13.166666666666666,19.166666666666668,58.333333333333336,2.8333333333333335,13.833333333333334,11.5,8.5,10.166666666666666,7.166666666666667,14.0,8.833333333333334,0.0,0.6666666666666666,3.0,2.0,1.0,2131.720040392634
936,22.666666666666668,57.5,5.333333333333333,14.333333333333334,12.166666666666666,11.0,12.5,6.666666666666667,16.833333333333332,24.333333333333332,57.166666666666664,6.166666666666667,18.166666666666668,13.0,12.833333333333334,13.0,5.333333333333333,15.166666666666666,-4.833333333333333,33.4,64.8,8.6,20.0,14.0,19.8,16.0,7.8,15.6,28.4,62.4,7.6,18.8,12.0,13.4,16.8,8.2,16.8,11.0,0.6666666666666666,1.0,10.0,3.0,7.0,1903.3229724422995
937,27.333333333333332,54.0,3.6666666666666665,10.666666666666666,7.166666666666667,14.5,11.5,7.833333333333333,15.666666666666666,24.5,61.666666666666664,4.333333333333333,17.333333333333332,13.0,11.5,14.333333333333334,3.8333333333333335,19.0,11.333333333333334,23.833333333333332,58.0,7.0,21.0,13.333333333333334,13.0,13.333333333333334,8.166666666666666,17.333333333333332,18.666666666666668,54.833333333333336,4.333333333333333,15.666666666666666,9.833333333333334,10.833333333333334,15.166666666666666,8.166666666666666,18.833333333333332,14.166666666666666,1.0,1.0,1.0,12.0,-11.0,2326.797630457794
938,25.0,56.833333333333336,3.8333333333333335,14.0,10.5,13.666666666666666,12.333333333333334,4.333333333333333,16.666666666666668,24.666666666666668,54.5,3.3333333333333335,6.833333333333333,8.833333333333334,11.166666666666666,11.833333333333334,5.166666666666667,17.0,1.1666666666666667,32.42857142857143,65.71428571428571,4.714285714285714,10.571428571428571,15.714285714285714,18.571428571428573,14.428571428571429,5.0,17.142857142857142,22.714285714285715,65.42857142857143,8.0,23.571428571428573,11.285714285714286,11.285714285714286,11.0,5.428571428571429,18.857142857142858,20.0,0.6666666666666666,0.75,2.0,1.0,1.0,2158.1335725590097
939,23.0,56.333333333333336,4.833333333333333,15.333333333333334,12.833333333333334,12.0,12.5,6.333333333333333,12.833333333333334,18.666666666666668,58.166666666666664,3.8333333333333335,14.0,12.5,9.166666666666666,12.166666666666666,5.666666666666667,15.333333333333334,11.833333333333334,30.0,60.166666666666664,7.5,17.833333333333332,11.0,19.666666666666668,9.833333333333334,8.166666666666666,15.0,23.0,57.166666666666664,7.166666666666667,17.666666666666668,11.166666666666666,12.5,16.0,4.166666666666667,16.5,18.5,1.0,1.0,2.0,1.0,1.0,2200.909355629235
940,33.142857142857146,60.714285714285715,9.142857142857142,22.285714285714285,10.571428571428571,23.142857142857142,11.714285714285714,9.714285714285714,10.0,21.857142857142858,62.0,5.857142857142857,18.285714285714285,11.285714285714286,10.0,16.857142857142858,5.142857142857143,16.142857142857142,35.0,22.666666666666668,57.5,5.333333333333333,14.333333333333334,12.166666666666666,11.0,12.5,6.666666666666667,16.833333333333332,24.333333333333332,57.166666666666664,6.166666666666667,18.166666666666668,13.0,12.833333333333334,13.0,5.333333333333333,15.166666666666666,-4.833333333333333,1.0,0.6666666666666666,1.0,10.0,-9.0,2653.5158861232853
941,27.333333333333332,54.0,3.6666666666666665,10.666666666666666,7.166666666666667,14.5,11.5,7.833333333333333,15.666666666666666,24.5,61.666666666666664,4.333333333333333,17.333333333333332,13.0,11.5,14.333333333333334,3.8333333333333335,19.0,11.333333333333334,25.25,54.75,5.5,15.25,11.5,15.25,15.0,7.5,12.75,22.25,53.5,4.5,13.5,8.75,13.0,16.5,5.75,17.0,11.0,1.0,0.0,1.0,3.0,-2.0,2328.2307633865307
942,25.0,56.833333333333336,3.8333333333333335,14.0,10.5,13.666666666666666,12.333333333333334,4.333333333333333,16.666666666666668,24.666666666666668,54.5,3.3333333333333335,6.833333333333333,8.833333333333334,11.166666666666666,11.833333333333334,5.166666666666667,17.0,1.1666666666666667,33.142857142857146,60.714285714285715,9.142857142857142,22.285714285714285,10.571428571428571,23.142857142857142,11.714285714285714,9.714285714285714,10.0,21.857142857142858,62.0,5.857142857142857,18.285714285714285,11.285714285714286,10.0,16.857142857142858,5.142857142857143,16.142857142857142,35.0,0.6666666666666666,1.0,2.0,1.0,1.0,2183.1846420116617
943,27.333333333333332,54.0,3.6666666666666665,10.666666666666666,7.166666666666667,14.5,11.5,7.833333333333333,15.666666666666666,24.5,61.666666666666664,4.333333333333333,17.333333333333332,13.0,11.5,14.333333333333334,3.8333333333333335,19.0,11.333333333333334,23.0,56.333333333333336,4.833333333333333,15.333333333333334,12.833333333333334,12.0,12.5,6.333333333333333,12.833333333333334,18.666666666666668,58.166666666666664,3.8333333333333335,14.0,12.5,9.166666666666666,12.166666666666666,5.666666666666667,15.333333333333334,11.833333333333334,1.0,1.0,1.0,2.0,-1.0,2336.6928103905966
944,27.333333333333332,54.0,3.6666666666666665,10.666666666666666,7.166666666666667,14.5,11.5,7.833333333333333,15.666666666666666,24.5,61.666666666666664,4.333333333333333,17.333333333333332,13.0,11.5,14.333333333333334,3.8333333333333335,19.0,11.333333333333334,25.0,56.833333333333336,3.8333333333333335,14.0,10.5,13.666666666666666,12.333333333333334,4.333333333333333,16.666666666666668,24.666666666666668,54.5,3.3333333333333335,6.833333333333333,8.833333333333334,11.166666666666666,11.833333333333334,5.166666666666667,17.0,1.1666666666666667,1.0,0.6666666666666666,1.0,2.0,-1.0,2347.8180319626213
945,29.0,63.0,8.0,20.5,11.166666666666666,17.5,12.833333333333334,5.5,20.166666666666668,27.166666666666668,63.333333333333336,4.833333333333333,16.666666666666668,12.5,14.0,11.666666666666666,6.333333333333333,16.5,5.166666666666667,22.0,50.0,3.8,10.8,11.2,14.6,15.6,8.4,16.0,21.8,54.0,4.8,16.2,9.2,11.8,14.8,9.4,20.2,5.2,0.6666666666666666,0.5,9.0,8.0,1.0,1963.5788727942252
946,26.333333333333332,62.22222222222222,4.222222222222222,15.11111111111111,13.333333333333334,15.333333333333334,15.88888888888889,7.555555555555555,17.555555555555557,23.0,63.55555555555556,4.444444444444445,19.444444444444443,12.666666666666666,11.222222222222221,15.666666666666666,6.666666666666667,19.333333333333332,7.666666666666667,23.8,58.2,6.6,23.6,9.8,14.6,9.8,3.8,16.0,22.2,54.2,4.0,12.6,7.8,12.6,9.8,5.8,16.8,6.2,1.0,0.5,10.0,7.0,3.0,1715.366695135551
947,22.857142857142858,62.42857142857143,7.714285714285714,25.142857142857142,16.714285714285715,14.142857142857142,13.285714285714286,8.142857142857142,15.285714285714286,22.428571428571427,54.0,5.0,16.0,9.571428571428571,11.142857142857142,18.857142857142858,6.142857142857143,19.428571428571427,9.142857142857142,28.333333333333332,65.16666666666667,9.0,22.833333333333332,12.5,19.0,14.333333333333334,7.666666666666667,18.333333333333332,23.5,58.833333333333336,5.5,17.333333333333332,8.666666666666666,10.5,16.833333333333332,7.5,18.166666666666668,10.5,0.8,0.6666666666666666,10.0,7.0,3.0,1732.8660923000132
948,27.6,63.6,11.4,29.6,11.2,18.4,10.0,9.8,14.6,22.8,58.4,7.4,21.0,10.0,15.6,18.2,5.8,18.6,17.0,25.25,54.75,5.5,15.25,11.5,15.25,15.0,7.5,12.75,22.25,53.5,4.5,13.5,8.75,13.0,16.5,5.75,17.0,11.0,1.0,0.0,14.0,3.0,11.0,1608.576581458898
949,29.8,63.6,9.4,25.2,14.4,19.0,13.4,3.8,14.2,26.6,68.0,4.0,15.8,10.0,12.4,9.6,5.0,21.2,20.4,26.8,64.2,4.4,17.2,13.8,12.6,10.4,5.8,18.2,26.6,52.6,4.6,12.2,6.8,16.0,15.6,3.6,18.8,2.4,1.0,0.5,13.0,4.0,9.0,1639.7691856077436
950,25.142857142857142,53.714285714285715,7.857142857142857,19.857142857142858,7.428571428571429,14.857142857142858,12.714285714285714,5.428571428571429,14.142857142857142,23.428571428571427,62.142857142857146,6.285714285714286,18.857142857142858,10.428571428571429,14.142857142857142,11.285714285714286,7.285714285714286,19.142857142857142,11.428571428571429,33.4,64.8,8.6,20.0,14.0,19.8,16.0,7.8,15.6,28.4,62.4,7.6,18.8,12.0,13.4,16.8,8.2,16.8,11.0,1.0,1.0,14.0,3.0,11.0,1671.4586041619457
951,27.375,72.75,5.875,22.875,21.875,12.0,19.25,8.5,24.25,24.25,62.375,4.875,18.25,11.0,14.125,18.625,9.125,23.75,10.25,25.0,56.833333333333336,3.8333333333333335,14.0,10.5,13.666666666666666,12.333333333333334,4.333333333333333,16.666666666666668,24.666666666666668,54.5,3.3333333333333335,6.833333333333333,8.833333333333334,11.166666666666666,11.833333333333334,5.166666666666667,17.0,1.1666666666666667,0.8,0.6666666666666666,15.0,2.0,13.0,1536.2212990363362
952,25.571428571428573,59.714285714285715,5.714285714285714,16.857142857142858,13.142857142857142,11.285714285714286,12.285714285714286,3.4285714285714284,12.714285714285714,27.714285714285715,62.0,7.428571428571429,19.714285714285715,10.142857142857142,17.142857142857142,9.571428571428571,5.571428571428571,16.857142857142858,-3.2857142857142856,24.25,51.25,9.0,22.0,7.75,13.75,17.5,4.0,21.0,20.5,53.25,4.0,16.5,8.25,11.0,11.5,7.75,20.5,8.0,0.5,0.0,11.0,6.0,5.0,1950.817905184552
953,21.75,68.5,5.25,22.0,16.0,13.25,11.0,10.25,19.5,20.25,53.75,5.0,16.5,14.5,11.0,22.5,6.0,16.0,1.25,24.75,60.75,6.5,18.25,13.5,12.75,9.75,5.75,19.0,21.75,55.75,5.5,15.75,13.25,9.0,14.5,4.0,18.75,4.5,0.0,0.0,11.0,6.0,5.0,1823.4467171098304
954,23.142857142857142,54.0,5.285714285714286,14.714285714285714,10.428571428571429,14.428571428571429,15.714285714285714,8.571428571428571,18.428571428571427,18.142857142857142,54.57142857142857,2.4285714285714284,15.0,11.857142857142858,8.571428571428571,17.142857142857142,7.571428571428571,18.714285714285715,14.0,30.0,60.166666666666664,7.5,17.833333333333332,11.0,19.666666666666668,9.833333333333334,8.166666666666666,15.0,23.0,57.166666666666664,7.166666666666667,17.666666666666668,11.166666666666666,12.5,16.0,4.166666666666667,16.5,18.5,1.0,1.0,16.0,1.0,15.0,1417.861431810165
955,25.625,57.375,7.75,19.25,13.5,13.75,8.625,8.875,15.0,22.5,50.5,5.125,15.875,11.875,12.125,16.25,4.25,19.0,13.0,30.0,66.5,9.25,23.25,13.75,15.25,14.75,9.5,18.0,24.75,66.5,6.75,17.25,15.0,14.0,19.0,7.0,20.5,14.75,1.0,0.5,12.0,5.0,7.0,1850.312748829064
956,23.428571428571427,58.285714285714285,8.0,22.142857142857142,11.857142857142858,11.857142857142858,13.142857142857142,9.714285714285714,20.857142857142858,20.142857142857142,51.857142857142854,6.285714285714286,20.285714285714285,13.857142857142858,11.285714285714286,21.0,6.428571428571429,18.428571428571427,5.142857142857143,21.0,52.166666666666664,6.666666666666667,17.166666666666668,11.166666666666666,11.666666666666666,15.166666666666666,4.666666666666667,13.166666666666666,19.166666666666668,58.333333333333336,2.8333333333333335,13.833333333333334,11.5,8.5,10.166666666666666,7.166666666666667,14.0,8.833333333333334,0.75,0.6666666666666666,15.0,2.0,13.0,1655.6238702265243
957,25.0,54.333333333333336,7.333333333333333,19.666666666666668,12.666666666666666,14.333333333333334,14.5,11.0,15.5,17.5,45.166666666666664,6.833333333333333,20.0,6.5,9.666666666666666,21.5,5.333333333333333,19.166666666666668,21.0,24.0,58.285714285714285,5.714285714285714,15.857142857142858,12.428571428571429,15.285714285714286,14.571428571428571,6.857142857142857,14.714285714285714,23.0,61.42857142857143,5.0,19.714285714285715,13.428571428571429,13.571428571428571,14.857142857142858,7.0,16.428571428571427,8.0,1.0,0.75,8.0,9.0,-1.0,1880.814071506093
958,24.0,55.55555555555556,5.444444444444445,14.444444444444445,14.0,11.11111111111111,11.777777777777779,5.111111111111111,13.222222222222221,21.666666666666668,53.44444444444444,5.333333333333333,14.333333333333334,8.333333333333334,11.444444444444445,11.88888888888889,4.666666666666667,18.77777777777778,9.222222222222221,27.333333333333332,54.0,3.6666666666666665,10.666666666666666,7.166666666666667,14.5,11.5,7.833333333333333,15.666666666666666,24.5,61.666666666666664,4.333333333333333,17.333333333333332,13.0,11.5,14.333333333333334,3.8333333333333335,19.0,11.333333333333334,1.0,1.0,16.0,1.0,15.0,1377.94521054159
959,26.833333333333332,56.833333333333336,3.6666666666666665,10.0,13.166666666666666,13.333333333333334,11.333333333333334,6.166666666666667,17.833333333333332,15.5,48.333333333333336,3.8333333333333335,13.666666666666666,9.5,6.166666666666667,15.166666666666666,4.166666666666667,18.5,20.666666666666668,26.333333333333332,67.66666666666667,3.6666666666666665,11.5,16.0,11.833333333333334,13.0,7.666666666666667,21.166666666666668,22.833333333333332,57.166666666666664,4.666666666666667,13.666666666666666,10.333333333333334,10.333333333333334,14.333333333333334,6.333333333333333,18.0,1.3333333333333333,1.0,0.6666666666666666,14.0,3.0,11.0,1609.0397158635858
960,27.428571428571427,57.857142857142854,4.428571428571429,12.285714285714286,14.428571428571429,14.142857142857142,14.428571428571429,7.714285714285714,17.428571428571427,18.428571428571427,60.0,4.142857142857143,16.0,13.428571428571429,9.428571428571429,14.142857142857142,8.142857142857142,21.714285714285715,20.285714285714285,25.0,59.42857142857143,6.714285714285714,20.0,11.285714285714286,14.571428571428571,15.428571428571429,6.714285714285714,17.714285714285715,22.571428571428573,59.714285714285715,4.857142857142857,16.857142857142858,11.285714285714286,9.571428571428571,14.428571428571429,8.571428571428571,16.142857142857142,6.0,1.0,1.0,11.0,6.0,5.0,1785.508808441554
961,23.11111111111111,52.77777777777778,3.888888888888889,12.444444444444445,11.444444444444445,11.88888888888889,18.11111111111111,7.666666666666667,16.333333333333332,19.555555555555557,60.44444444444444,2.888888888888889,13.11111111111111,12.777777777777779,10.444444444444445,14.222222222222221,8.0,18.0,9.222222222222221,32.42857142857143,65.71428571428571,4.714285714285714,10.571428571428571,15.714285714285714,18.571428571428573,14.428571428571429,5.0,17.142857142857142,22.714285714285715,65.42857142857143,8.0,23.571428571428573,11.285714285714286,11.285714285714286,11.0,5.428571428571429,18.857142857142858,20.0,1.0,0.75,16.0,1.0,15.0,1401.6220740923306
962,22.8,52.6,1.6,5.6,11.6,12.4,16.8,8.4,16.8,22.6,54.8,4.0,17.4,10.8,13.6,15.4,8.0,19.6,-1.0,21.8,54.0,3.6,14.4,9.4,11.6,14.6,5.8,14.0,23.8,56.8,5.4,16.8,10.2,14.2,12.4,7.6,15.2,-6.0,0.5,0.5,8.0,9.0,-1.0,1868.7976042027435
963,25.5,59.333333333333336,6.0,16.5,14.0,16.166666666666668,19.166666666666668,12.0,16.166666666666668,19.0,54.666666666666664,6.333333333333333,21.833333333333332,12.333333333333334,12.833333333333334,21.5,9.166666666666666,18.0,10.5,33.142857142857146,60.714285714285715,9.142857142857142,22.285714285714285,10.571428571428571,23.142857142857142,11.714285714285714,9.714285714285714,10.0,21.857142857142858,62.0,5.857142857142857,18.285714285714285,11.285714285714286,10.0,16.857142857142858,5.142857142857143,16.142857142857142,35.0,1.0,1.0,16.0,1.0,15.0,1638.184110904067
964,21.75,58.25,4.375,15.125,12.625,12.625,17.125,12.5,21.0,20.25,54.375,4.25,15.875,14.0,10.875,22.875,9.0,20.125,2.0,26.2,54.0,6.0,12.6,9.8,16.4,16.6,6.6,15.4,23.4,63.2,7.4,25.2,11.8,13.2,11.8,6.4,15.6,8.2,1.0,0.6666666666666666,15.0,2.0,13.0,1460.1031279471267
965,30.857142857142858,63.57142857142857,8.714285714285714,22.428571428571427,11.857142857142858,21.714285714285715,14.142857142857142,10.857142857142858,18.714285714285715,23.0,63.57142857142857,7.285714285714286,25.0,15.857142857142858,12.428571428571429,16.857142857142858,6.142857142857143,19.285714285714285,18.142857142857142,23.166666666666668,60.166666666666664,5.833333333333333,19.166666666666668,13.666666666666666,14.166666666666666,14.833333333333334,10.166666666666666,15.166666666666666,26.333333333333332,62.5,5.0,17.5,12.666666666666666,18.0,16.333333333333332,8.666666666666666,20.833333333333332,0.0,1.0,0.3333333333333333,10.0,7.0,3.0,1827.9127284800377
966,25.833333333333332,55.0,6.333333333333333,17.333333333333332,12.0,15.0,9.5,7.0,7.166666666666667,20.333333333333332,54.0,5.666666666666667,15.333333333333334,9.0,11.166666666666666,11.833333333333334,5.0,16.666666666666668,20.5,27.0,57.833333333333336,6.333333333333333,17.333333333333332,12.333333333333334,14.666666666666666,16.0,5.333333333333333,16.833333333333332,19.333333333333332,57.666666666666664,5.833333333333333,18.666666666666668,12.0,8.833333333333334,14.666666666666666,7.666666666666667,18.0,13.666666666666666,1.0,0.6666666666666666,13.0,4.0,9.0,1778.4953016795264
967,25.5,60.0,8.0,25.5,12.0,12.333333333333334,11.333333333333334,8.666666666666666,19.166666666666668,19.833333333333332,49.5,4.166666666666667,11.333333333333334,7.166666666666667,7.5,17.333333333333332,5.333333333333333,17.0,14.333333333333334,26.833333333333332,61.333333333333336,3.6666666666666665,15.666666666666666,12.333333333333334,12.666666666666666,13.166666666666666,7.166666666666667,19.5,24.0,58.666666666666664,5.5,15.333333333333334,14.166666666666666,11.666666666666666,15.5,6.0,19.5,2.5,1.0,0.6666666666666666,13.0,4.0,9.0,1777.5798107685298
968,27.833333333333332,61.166666666666664,4.833333333333333,16.5,14.333333333333334,17.5,17.666666666666668,8.666666666666666,19.0,21.166666666666668,60.166666666666664,5.5,19.833333333333332,11.0,12.0,15.666666666666666,7.666666666666667,16.166666666666668,14.5,23.6,58.0,5.4,16.6,10.4,13.6,17.0,7.6,19.2,29.0,65.2,7.2,16.6,14.6,17.0,15.4,8.8,21.0,-12.2,1.0,0.0,11.0,6.0,5.0,1852.9046392887317
969,24.166666666666668,61.833333333333336,7.666666666666667,22.166666666666668,11.166666666666666,12.666666666666666,12.5,5.166666666666667,17.5,25.5,58.166666666666664,5.0,16.166666666666668,11.833333333333334,13.166666666666666,15.0,7.166666666666667,15.833333333333334,-0.8333333333333334,22.666666666666668,57.5,5.333333333333333,14.333333333333334,12.166666666666666,11.0,12.5,6.666666666666667,16.833333333333332,24.333333333333332,57.166666666666664,6.166666666666667,18.166666666666668,13.0,12.833333333333334,13.0,5.333333333333333,15.166666666666666,-4.833333333333333,0.6666666666666666,0.6666666666666666,7.0,10.0,-3.0,1884.8460091337
970,29.0,60.166666666666664,6.5,16.833333333333332,8.5,14.666666666666666,11.5,4.0,12.5,27.5,71.16666666666667,7.666666666666667,26.5,12.833333333333334,15.5,10.333333333333334,5.5,17.0,10.5,23.833333333333332,58.0,7.0,21.0,13.333333333333334,13.0,13.333333333333334,8.166666666666666,17.333333333333332,18.666666666666668,54.833333333333336,4.333333333333333,15.666666666666666,9.833333333333334,10.833333333333334,15.166666666666666,8.166666666666666,18.833333333333332,14.166666666666666,1.0,1.0,5.0,12.0,-7.0,1889.578847884826
971,24.666666666666668,53.666666666666664,8.666666666666666,20.166666666666668,11.0,16.166666666666668,15.833333333333334,6.833333333333333,17.5,20.166666666666668,58.333333333333336,3.0,15.0,14.0,7.333333333333333,11.833333333333334,9.0,15.5,12.833333333333334,23.0,56.333333333333336,4.833333333333333,15.333333333333334,12.833333333333334,12.0,12.5,6.333333333333333,12.833333333333334,18.666666666666668,58.166666666666664,3.8333333333333335,14.0,12.5,9.166666666666666,12.166666666666666,5.666666666666667,15.333333333333334,11.833333333333334,1.0,1.0,15.0,2.0,13.0,1639.7537187497612
972,25.4,62.0,7.6,20.8,10.4,13.6,10.8,5.8,14.8,23.4,66.8,5.2,20.4,14.6,11.6,12.2,5.8,18.8,8.0,25.4,67.4,8.4,26.6,17.4,11.8,11.6,6.0,16.4,23.8,51.4,5.6,15.2,9.4,15.0,18.4,6.4,18.6,5.8,0.5,0.5,9.0,8.0,1.0,1882.6665958635715
973,24.0,57.6,6.0,14.6,12.0,15.2,13.2,4.8,16.6,21.6,62.4,5.8,21.0,13.0,13.0,11.4,5.8,19.6,6.4,24.75,60.25,4.5,12.25,10.0,15.5,10.75,6.5,13.25,24.25,62.75,5.25,14.5,10.25,12.0,13.25,5.25,18.0,6.75,1.0,0.0,12.0,5.0,7.0,1841.2910937310876
974,21.5,56.5,6.375,18.375,12.5,11.875,11.25,5.75,12.5,18.125,56.625,4.625,19.5,11.625,10.0,12.0,5.875,15.75,9.0,21.333333333333332,53.833333333333336,3.8333333333333335,8.166666666666666,10.333333333333334,12.333333333333334,13.166666666666666,6.166666666666667,13.833333333333334,25.0,56.5,4.5,15.333333333333334,10.333333333333334,15.0,13.666666666666666,5.333333333333333,17.0,-2.8333333333333335,1.0,0.6666666666666666,12.0,5.0,7.0,1759.6521784799563
975,26.25,63.625,6.375,17.75,12.125,14.0,12.0,7.125,13.875,20.625,56.0,5.5,18.375,10.875,12.375,15.875,6.0,13.75,10.25,24.6,62.2,5.6,20.2,12.4,12.0,12.0,8.8,17.0,21.0,55.4,4.6,16.8,11.0,11.4,15.4,7.0,15.8,8.8,1.0,0.5,13.0,4.0,9.0,1692.7038360617978
976,25.285714285714285,63.0,8.428571428571429,25.0,14.285714285714286,16.0,14.142857142857142,6.428571428571429,15.714285714285714,22.428571428571427,64.71428571428571,7.0,27.857142857142858,11.714285714285714,13.0,12.857142857142858,8.285714285714286,18.285714285714285,12.0,28.5,62.25,8.5,25.0,12.0,10.75,9.25,4.25,13.5,24.25,68.0,8.25,23.5,13.75,14.25,9.5,4.5,19.5,13.0,1.0,0.0,14.0,3.0,11.0,1652.0239490263657
977,24.25,51.25,9.0,22.0,7.75,13.75,17.5,4.0,21.0,20.5,53.25,4.0,16.5,8.25,11.0,11.5,7.75,20.5,8.0,25.25,54.75,5.5,15.25,11.5,15.25,15.0,7.5,12.75,22.25,53.5,4.5,13.5,8.75,13.0,16.5,5.75,17.0,11.0,0.0,0.0,6.0,3.0,3.0,1962.7366615911224
978,25.0,59.42857142857143,6.714285714285714,20.0,11.285714285714286,14.571428571428571,15.428571428571429,6.714285714285714,17.714285714285715,22.571428571428573,59.714285714285715,4.857142857142857,16.857142857142858,11.285714285714286,9.571428571428571,14.428571428571429,8.571428571428571,16.142857142857142,6.0,33.4,64.8,8.6,20.0,14.0,19.8,16.0,7.8,15.6,28.4,62.4,7.6,18.8,12.0,13.4,16.8,8.2,16.8,11.0,1.0,1.0,6.0,3.0,3.0,2031.4892242189767
979,28.333333333333332,65.16666666666667,9.0,22.833333333333332,12.5,19.0,14.333333333333334,7.666666666666667,18.333333333333332,23.5,58.833333333333336,5.5,17.333333333333332,8.666666666666666,10.5,16.833333333333332,7.5,18.166666666666668,10.5,25.0,56.833333333333336,3.8333333333333335,14.0,10.5,13.666666666666666,12.333333333333334,4.333333333333333,16.666666666666668,24.666666666666668,54.5,3.3333333333333335,6.833333333333333,8.833333333333334,11.166666666666666,11.833333333333334,5.166666666666667,17.0,1.1666666666666667,0.6666666666666666,0.6666666666666666,7.0,2.0,5.0,2040.9153787871733
980,24.0,58.285714285714285,5.714285714285714,15.857142857142858,12.428571428571429,15.285714285714286,14.571428571428571,6.857142857142857,14.714285714285714,23.0,61.42857142857143,5.0,19.714285714285715,13.428571428571429,13.571428571428571,14.857142857142858,7.0,16.428571428571427,8.0,30.0,60.166666666666664,7.5,17.833333333333332,11.0,19.666666666666668,9.833333333333334,8.166666666666666,15.0,23.0,57.166666666666664,7.166666666666667,17.666666666666668,11.166666666666666,12.5,16.0,4.166666666666667,16.5,18.5,0.75,1.0,9.0,1.0,8.0,1946.3917757128493
981,26.8,64.2,4.4,17.2,13.8,12.6,10.4,5.8,18.2,26.6,52.6,4.6,12.2,6.8,16.0,15.6,3.6,18.8,2.4,30.0,66.5,9.25,23.25,13.75,15.25,14.75,9.5,18.0,24.75,66.5,6.75,17.25,15.0,14.0,19.0,7.0,20.5,14.75,0.5,0.5,4.0,5.0,-1.0,2074.211904909848
982,23.8,58.2,6.6,23.6,9.8,14.6,9.8,3.8,16.0,22.2,54.2,4.0,12.6,7.8,12.6,9.8,5.8,16.8,6.2,21.0,52.166666666666664,6.666666666666667,17.166666666666668,11.166666666666666,11.666666666666666,15.166666666666666,4.666666666666667,13.166666666666666,19.166666666666668,58.333333333333336,2.8333333333333335,13.833333333333334,11.5,8.5,10.166666666666666,7.166666666666667,14.0,8.833333333333334,0.5,0.6666666666666666,7.0,2.0,5.0,1893.343796983586
983,22.0,50.0,3.8,10.8,11.2,14.6,15.6,8.4,16.0,21.8,54.0,4.8,16.2,9.2,11.8,14.8,9.4,20.2,5.2,27.333333333333332,54.0,3.6666666666666665,10.666666666666666,7.166666666666667,14.5,11.5,7.833333333333333,15.666666666666666,24.5,61.666666666666664,4.333333333333333,17.333333333333332,13.0,11.5,14.333333333333334,3.8333333333333335,19.0,11.333333333333334,0.5,1.0,8.0,1.0,7.0,1988.254746443512
984,24.75,60.75,6.5,18.25,13.5,12.75,9.75,5.75,19.0,21.75,55.75,5.5,15.75,13.25,9.0,14.5,4.0,18.75,4.5,26.333333333333332,67.66666666666667,3.6666666666666665,11.5,16.0,11.833333333333334,13.0,7.666666666666667,21.166666666666668,22.833333333333332,57.166666666666664,4.666666666666667,13.666666666666666,10.333333333333334,10.333333333333334,14.333333333333334,6.333333333333333,18.0,1.3333333333333333,0.0,0.6666666666666666,6.0,3.0,3.0,1958.9909433621417
985,21.8,54.0,3.6,14.4,9.4,11.6,14.6,5.8,14.0,23.8,56.8,5.4,16.8,10.2,14.2,12.4,7.6,15.2,-6.0,32.42857142857143,65.71428571428571,4.714285714285714,10.571428571428571,15.714285714285714,18.571428571428573,14.428571428571429,5.0,17.142857142857142,22.714285714285715,65.42857142857143,8.0,23.571428571428573,11.285714285714286,11.285714285714286,11.0,5.428571428571429,18.857142857142858,20.0,0.5,0.75,9.0,1.0,8.0,1879.1227132722108
986,25.4,67.4,8.4,26.6,17.4,11.8,11.6,6.0,16.4,23.8,51.4,5.6,15.2,9.4,15.0,18.4,6.4,18.6,5.8,33.142857142857146,60.714285714285715,9.142857142857142,22.285714285714285,10.571428571428571,23.142857142857142,11.714285714285714,9.714285714285714,10.0,21.857142857142858,62.0,5.857142857142857,18.285714285714285,11.285714285714286,10.0,16.857142857142858,5.142857142857143,16.142857142857142,35.0,0.5,1.0,8.0,1.0,7.0,2064.0044736884706
987,24.75,60.25,4.5,12.25,10.0,15.5,10.75,6.5,13.25,24.25,62.75,5.25,14.5,10.25,12.0,13.25,5.25,18.0,6.75,27.0,57.833333333333336,6.333333333333333,17.333333333333332,12.333333333333334,14.666666666666666,16.0,5.333333333333333,16.833333333333332,19.333333333333332,57.666666666666664,5.833333333333333,18.666666666666668,12.0,8.833333333333334,14.666666666666666,7.666666666666667,18.0,13.666666666666666,0.0,0.6666666666666666,5.0,4.0,1.0,2025.6496367677264
988,26.2,54.0,6.0,12.6,9.8,16.4,16.6,6.6,15.4,23.4,63.2,7.4,25.2,11.8,13.2,11.8,6.4,15.6,8.2,22.666666666666668,57.5,5.333333333333333,14.333333333333334,12.166666666666666,11.0,12.5,6.666666666666667,16.833333333333332,24.333333333333332,57.166666666666664,6.166666666666667,18.166666666666668,13.0,12.833333333333334,13.0,5.333333333333333,15.166666666666666,-4.833333333333333,0.6666666666666666,0.6666666666666666,2.0,10.0,-8.0,2135.684638508152
989,26.833333333333332,61.333333333333336,3.6666666666666665,15.666666666666666,12.333333333333334,12.666666666666666,13.166666666666666,7.166666666666667,19.5,24.0,58.666666666666664,5.5,15.333333333333334,14.166666666666666,11.666666666666666,15.5,6.0,19.5,2.5,23.833333333333332,58.0,7.0,21.0,13.333333333333334,13.0,13.333333333333334,8.166666666666666,17.333333333333332,18.666666666666668,54.833333333333336,4.333333333333333,15.666666666666666,9.833333333333334,10.833333333333334,15.166666666666666,8.166666666666666,18.833333333333332,14.166666666666666,0.6666666666666666,1.0,4.0,12.0,-8.0,2033.419082276445
990,23.166666666666668,60.166666666666664,5.833333333333333,19.166666666666668,13.666666666666666,14.166666666666666,14.833333333333334,10.166666666666666,15.166666666666666,26.333333333333332,62.5,5.0,17.5,12.666666666666666,18.0,16.333333333333332,8.666666666666666,20.833333333333332,0.0,23.0,56.333333333333336,4.833333333333333,15.333333333333334,12.833333333333334,12.0,12.5,6.333333333333333,12.833333333333334,18.666666666666668,58.166666666666664,3.8333333333333335,14.0,12.5,9.166666666666666,12.166666666666666,5.666666666666667,15.333333333333334,11.833333333333334,0.3333333333333333,1.0,7.0,2.0,5.0,1996.277925115684
991,21.333333333333332,53.833333333333336,3.8333333333333335,8.166666666666666,10.333333333333334,12.333333333333334,13.166666666666666,6.166666666666667,13.833333333333334,25.0,56.5,4.5,15.333333333333334,10.333333333333334,15.0,13.666666666666666,5.333333333333333,17.0,-2.8333333333333335,24.6,62.2,5.6,20.2,12.4,12.0,12.0,8.8,17.0,21.0,55.4,4.6,16.8,11.0,11.4,15.4,7.0,15.8,8.8,0.6666666666666666,0.5,5.0,4.0,1.0,1983.710100318552
992,23.6,58.0,5.4,16.6,10.4,13.6,17.0,7.6,19.2,29.0,65.2,7.2,16.6,14.6,17.0,15.4,8.8,21.0,-12.2,28.5,62.25,8.5,25.0,12.0,10.75,9.25,4.25,13.5,24.25,68.0,8.25,23.5,13.75,14.25,9.5,4.5,19.5,13.0,0.0,0.0,6.0,3.0,3.0,2039.8410612606092
993,27.0,57.833333333333336,6.333333333333333,17.333333333333332,12.333333333333334,14.666666666666666,16.0,5.333333333333333,16.833333333333332,19.333333333333332,57.666666666666664,5.833333333333333,18.666666666666668,12.0,8.833333333333334,14.666666666666666,7.666666666666667,18.0,13.666666666666666,32.42857142857143,65.71428571428571,4.714285714285714,10.571428571428571,15.714285714285714,18.571428571428573,14.428571428571429,5.0,17.142857142857142,22.714285714285715,65.42857142857143,8.0,23.571428571428573,11.285714285714286,11.285714285714286,11.0,5.428571428571429,18.857142857142858,20.0,0.6666666666666666,0.75,4.0,1.0,3.0,2160.277934697406
994,28.5,62.25,8.5,25.0,12.0,10.75,9.25,4.25,13.5,24.25,68.0,8.25,23.5,13.75,14.25,9.5,4.5,19.5,13.0,25.0,56.833333333333336,3.8333333333333335,14.0,10.5,13.666666666666666,12.333333333333334,4.333333333333333,16.666666666666668,24.666666666666668,54.5,3.3333333333333335,6.833333333333333,8.833333333333334,11.166666666666666,11.833333333333334,5.166666666666667,17.0,1.1666666666666667,0.0,0.6666666666666666,3.0,2.0,1.0,2085.1141440309134
995,30.0,66.5,9.25,23.25,13.75,15.25,14.75,9.5,18.0,24.75,66.5,6.75,17.25,15.0,14.0,19.0,7.0,20.5,14.75,30.0,60.166666666666664,7.5,17.833333333333332,11.0,19.666666666666668,9.833333333333334,8.166666666666666,15.0,23.0,57.166666666666664,7.166666666666667,17.666666666666668,11.166666666666666,12.5,16.0,4.166666666666667,16.5,18.5,0.5,1.0,5.0,1.0,4.0,2144.9750086542044
996,26.333333333333332,67.66666666666667,3.6666666666666665,11.5,16.0,11.833333333333334,13.0,7.666666666666667,21.166666666666668,22.833333333333332,57.166666666666664,4.666666666666667,13.666666666666666,10.333333333333334,10.333333333333334,14.333333333333334,6.333333333333333,18.0,1.3333333333333333,23.0,56.333333333333336,4.833333333333333,15.333333333333334,12.833333333333334,12.0,12.5,6.333333333333333,12.833333333333334,18.666666666666668,58.166666666666664,3.8333333333333335,14.0,12.5,9.166666666666666,12.166666666666666,5.666666666666667,15.333333333333334,11.833333333333334,0.6666666666666666,1.0,3.0,2.0,1.0,2176.7364114495736
997,24.6,62.2,5.6,20.2,12.4,12.0,12.0,8.8,17.0,21.0,55.4,4.6,16.8,11.0,11.4,15.4,7.0,15.8,8.8,33.142857142857146,60.714285714285715,9.142857142857142,22.285714285714285,10.571428571428571,23.142857142857142,11.714285714285714,9.714285714285714,10.0,21.857142857142858,62.0,5.857142857142857,18.285714285714285,11.285714285714286,10.0,16.857142857142858,5.142857142857143,16.142857142857142,35.0,0.5,1.0,4.0,1.0,3.0,2072.888820503765
998,21.0,52.166666666666664,6.666666666666667,17.166666666666668,11.166666666666666,11.666666666666666,15.166666666666666,4.666666666666667,13.166666666666666,19.166666666666668,58.333333333333336,2.8333333333333335,13.833333333333334,11.5,8.5,10.166666666666666,7.166666666666667,14.0,8.833333333333334,25.25,54.75,5.5,15.25,11.5,15.25,15.0,7.5,12.75,22.25,53.5,4.5,13.5,8.75,13.0,16.5,5.75,17.0,11.0,0.6666666666666666,0.0,2.0,3.0,-1.0,2193.006218124692
999,33.4,64.8,8.6,20.0,14.0,19.8,16.0,7.8,15.6,28.4,62.4,7.6,18.8,12.0,13.4,16.8,8.2,16.8,11.0,22.666666666666668,57.5,5.333333333333333,14.333333333333334,12.166666666666666,11.0,12.5,6.666666666666667,16.833333333333332,24.333333333333332,57.166666666666664,6.166666666666667,18.166666666666668,13.0,12.833333333333334,13.0,5.333333333333333,15.166666666666666,-4.833333333333333,1.0,0.6666666666666666,3.0,10.0,-7.0,2304.0436705686016
1000,23.833333333333332,58.0,7.0,21.0,13.333333333333334,13.0,13.333333333333334,8.166666666666666,17.333333333333332,18.666666666666668,54.833333333333336,4.333333333333333,15.666666666666666,9.833333333333334,10.833333333333334,15.166666666666666,8.166666666666666,18.833333333333332,14.166666666666666,27.333333333333332,54.0,3.6666666666666665,10.666666666666666,7.166666666666667,14.5,11.5,7.833333333333333,15.666666666666666,24.5,61.666666666666664,4.333333333333333,17.333333333333332,13.0,11.5,14.333333333333334,3.8333333333333335,19.0,11.333333333333334,1.0,1.0,12.0,1.0,11.0,1795.211849050624
1001,32.42857142857143,65.71428571428571,4.714285714285714,10.571428571428571,15.714285714285714,18.571428571428573,14.428571428571429,5.0,17.142857142857142,22.714285714285715,65.42857142857143,8.0,23.571428571428573,11.285714285714286,11.285714285714286,11.0,5.428571428571429,18.857142857142858,20.0,25.0,56.833333333333336,3.8333333333333335,14.0,10.5,13.666666666666666,12.333333333333334,4.333333333333333,16.666666666666668,24.666666666666668,54.5,3.3333333333333335,6.833333333333333,8.833333333333334,11.166666666666666,11.833333333333334,5.166666666666667,17.0,1.1666666666666667,0.75,0.6666666666666666,1.0,2.0,-1.0,2380.896892548367
1002,30.0,60.166666666666664,7.5,17.833333333333332,11.0,19.666666666666668,9.833333333333334,8.166666666666666,15.0,23.0,57.166666666666664,7.166666666666667,17.666666666666668,11.166666666666666,12.5,16.0,4.166666666666667,16.5,18.5,23.0,56.333333333333336,4.833333333333333,15.333333333333334,12.833333333333334,12.0,12.5,6.333333333333333,12.833333333333334,18.666666666666668,58.166666666666664,3.8333333333333335,14.0,12.5,9.166666666666666,12.166666666666666,5.666666666666667,15.333333333333334,11.833333333333334,1.0,1.0,1.0,2.0,-1.0,2472.472098588968
1003,22.666666666666668,57.5,5.333333333333333,14.333333333333334,12.166666666666666,11.0,12.5,6.666666666666667,16.833333333333332,24.333333333333332,57.166666666666664,6.166666666666667,18.166666666666668,13.0,12.833333333333334,13.0,5.333333333333333,15.166666666666666,-4.833333333333333,33.142857142857146,60.714285714285715,9.142857142857142,22.285714285714285,10.571428571428571,23.142857142857142,11.714285714285714,9.714285714285714,10.0,21.857142857142858,62.0,5.857142857142857,18.285714285714285,11.285714285714286,10.0,16.857142857142858,5.142857142857143,16.142857142857142,35.0,0.6666666666666666,1.0,10.0,1.0,9.0,1932.4248346223865
1004,25.25,54.75,5.5,15.25,11.5,15.25,15.0,7.5,12.75,22.25,53.5,4.5,13.5,8.75,13.0,16.5,5.75,17.0,11.0,27.333333333333332,54.0,3.6666666666666665,10.666666666666666,7.166666666666667,14.5,11.5,7.833333333333333,15.666666666666666,24.5,61.666666666666664,4.333333333333333,17.333333333333332,13.0,11.5,14.333333333333334,3.8333333333333335,19.0,11.333333333333334,0.0,1.0,3.0,1.0,2.0,2150.513460235944
1005,33.142857142857146,60.714285714285715,9.142857142857142,22.285714285714285,10.571428571428571,23.142857142857142,11.714285714285714,9.714285714285714,10.0,21.857142857142858,62.0,5.857142857142857,18.285714285714285,11.285714285714286,10.0,16.857142857142858,5.142857142857143,16.142857142857142,35.0,25.0,56.833333333333336,3.8333333333333335,14.0,10.5,13.666666666666666,12.333333333333334,4.333333333333333,16.666666666666668,24.666666666666668,54.5,3.3333333333333335,6.833333333333333,8.833333333333334,11.166666666666666,11.833333333333334,5.166666666666667,17.0,1.1666666666666667,1.0,0.6666666666666666,1.0,2.0,-1.0,2654.01206199974
1006,23.0,56.333333333333336,4.833333333333333,15.333333333333334,12.833333333333334,12.0,12.5,6.333333333333333,12.833333333333334,18.666666666666668,58.166666666666664,3.8333333333333335,14.0,12.5,9.166666666666666,12.166666666666666,5.666666666666667,15.333333333333334,11.833333333333334,27.333333333333332,54.0,3.6666666666666665,10.666666666666666,7.166666666666667,14.5,11.5,7.833333333333333,15.666666666666666,24.5,61.666666666666664,4.333333333333333,17.333333333333332,13.0,11.5,14.333333333333334,3.8333333333333335,19.0,11.333333333333334,1.0,1.0,2.0,1.0,1.0,2227.367528310695
1007,25.0,56.833333333333336,3.8333333333333335,14.0,10.5,13.666666666666666,12.333333333333334,4.333333333333333,16.666666666666668,24.666666666666668,54.5,3.3333333333333335,6.833333333333333,8.833333333333334,11.166666666666666,11.833333333333334,5.166666666666667,17.0,1.1666666666666667,27.333333333333332,54.0,3.6666666666666665,10.666666666666666,7.166666666666667,14.5,11.5,7.833333333333333,15.666666666666666,24.5,61.666666666666664,4.333333333333333,17.333333333333332,13.0,11.5,14.333333333333334,3.8333333333333335,19.0,11.333333333333334,0.6666666666666666,1.0,2.0,1.0,1.0,2213.1888571640934
1008,32.142857142857146,64.28571428571429,4.142857142857143,10.285714285714286,15.0,17.0,11.857142857142858,6.285714285714286,15.142857142857142,21.285714285714285,59.0,6.714285714285714,20.428571428571427,9.142857142857142,9.428571428571429,14.285714285714286,5.428571428571429,20.142857142857142,26.285714285714285,27.125,64.125,4.75,16.5,12.625,13.25,15.0,9.75,16.25,25.5,61.875,4.375,15.875,13.75,12.0,18.75,7.125,18.875,7.125,1.0,0.8333333333333334,2.0,15.0,-13.0,2405.8268572679845
1009,28.333333333333332,63.833333333333336,11.666666666666666,32.666666666666664,12.333333333333334,18.0,12.666666666666666,5.666666666666667,13.5,23.5,64.16666666666667,5.0,18.666666666666668,9.333333333333334,11.0,10.666666666666666,6.5,15.666666666666666,19.166666666666668,26.8,61.6,5.8,17.8,12.0,10.8,14.6,9.4,16.4,27.2,60.8,9.0,19.6,11.0,16.2,17.4,7.8,20.0,1.8,1.0,0.0,5.0,12.0,-7.0,2041.007012339518
1010,26.333333333333332,58.833333333333336,6.166666666666667,17.833333333333332,9.833333333333334,15.333333333333334,12.0,8.0,17.0,21.5,54.166666666666664,4.166666666666667,14.5,10.666666666666666,10.333333333333334,15.333333333333334,5.666666666666667,14.333333333333334,10.666666666666666,23.857142857142858,55.857142857142854,6.571428571428571,19.285714285714285,11.571428571428571,12.714285714285714,14.428571428571429,4.857142857142857,15.142857142857142,19.571428571428573,59.57142857142857,4.428571428571429,17.285714285714285,13.0,7.428571428571429,12.857142857142858,5.714285714285714,12.857142857142858,10.428571428571429,1.0,1.0,1.0,16.0,-15.0,2291.7096347446177
1011,28.166666666666668,62.666666666666664,5.5,20.333333333333332,11.833333333333334,13.666666666666666,12.166666666666666,9.666666666666666,15.333333333333334,27.333333333333332,62.333333333333336,7.166666666666667,20.833333333333332,10.5,14.833333333333334,15.5,6.166666666666667,16.666666666666668,5.333333333333333,22.4,57.0,8.4,21.4,11.4,11.2,11.8,3.8,18.2,21.8,61.2,5.8,17.2,11.8,12.0,9.6,5.2,17.8,4.2,0.6666666666666666,0.5,8.0,9.0,-1.0,1924.1987312433728
1012,26.666666666666668,62.5,3.5,12.5,15.0,14.333333333333334,12.166666666666666,6.833333333333333,15.0,25.166666666666668,58.833333333333336,8.166666666666666,19.5,10.833333333333334,14.166666666666666,12.166666666666666,5.333333333333333,16.5,-1.1666666666666667,25.714285714285715,56.42857142857143,7.857142857142857,22.571428571428573,11.285714285714286,16.0,12.571428571428571,5.571428571428571,16.0,19.428571428571427,54.57142857142857,5.142857142857143,17.571428571428573,7.857142857142857,9.0,12.285714285714286,7.142857142857143,14.142857142857142,17.428571428571427,0.6666666666666666,1.0,5.0,12.0,-7.0,2184.9354299535016
1013,24.333333333333332,57.333333333333336,6.333333333333333,15.0,13.333333333333334,14.333333333333334,15.0,6.0,16.333333333333332,23.0,58.0,3.0,15.0,12.0,11.666666666666666,13.0,7.666666666666667,16.0,9.333333333333334,25.428571428571427,58.0,10.0,25.571428571428573,9.714285714285714,15.428571428571429,13.0,9.428571428571429,14.285714285714286,22.428571428571427,57.42857142857143,5.428571428571429,16.428571428571427,13.0,11.142857142857142,16.857142857142858,7.0,15.857142857142858,10.714285714285714,0.5,1.0,7.0,10.0,-3.0,1925.9377540440607
1014,29.4,72.0,7.8,25.8,14.6,15.0,10.6,9.6,17.2,30.4,66.8,8.0,19.6,10.8,18.8,15.8,5.0,17.8,3.0,26.142857142857142,59.857142857142854,5.0,17.285714285714285,14.285714285714286,14.857142857142858,10.142857142857142,8.857142857142858,14.571428571428571,15.285714285714286,50.142857142857146,6.0,21.428571428571427,7.428571428571429,8.0,17.142857142857142,5.428571428571429,18.857142857142858,25.571428571428573,0.5,1.0,10.0,7.0,3.0,1933.8484264732776
1015,23.166666666666668,57.666666666666664,5.333333333333333,18.666666666666668,11.833333333333334,12.833333333333334,12.666666666666666,6.833333333333333,13.0,24.5,57.666666666666664,6.166666666666667,16.166666666666668,9.0,13.333333333333334,14.666666666666666,7.0,17.833333333333332,3.1666666666666665,27.0,52.42857142857143,5.714285714285714,14.714285714285714,9.571428571428571,16.857142857142858,16.857142857142858,8.285714285714286,15.142857142857142,18.428571428571427,57.42857142857143,4.571428571428571,20.142857142857142,13.571428571428571,11.428571428571429,15.857142857142858,7.857142857142857,17.571428571428573,18.0,0.6666666666666666,1.0,4.0,13.0,-9.0,2019.8811522127528
1016,33.166666666666664,62.333333333333336,5.333333333333333,12.166666666666666,12.666666666666666,18.166666666666668,12.333333333333334,6.166666666666667,11.833333333333334,23.5,63.666666666666664,8.166666666666666,22.666666666666668,12.166666666666666,14.833333333333334,12.833333333333334,5.833333333333333,14.333333333333334,21.166666666666668,23.75,55.25,3.75,15.375,11.75,16.5,14.875,5.875,10.875,22.25,62.625,7.125,23.0,11.375,14.875,11.75,8.25,19.25,6.75,0.6666666666666666,0.8333333333333334,1.0,16.0,-15.0,2446.343119833336
1017,28.333333333333332,56.333333333333336,10.166666666666666,22.0,10.833333333333334,16.333333333333332,11.0,5.833333333333333,10.5,24.5,60.666666666666664,5.666666666666667,19.166666666666668,13.666666666666666,13.0,11.5,6.333333333333333,12.833333333333334,15.5,24.428571428571427,57.42857142857143,6.571428571428571,16.142857142857142,12.142857142857142,13.142857142857142,14.571428571428571,5.0,13.714285714285714,22.285714285714285,60.714285714285715,4.285714285714286,18.142857142857142,8.714285714285714,8.142857142857142,9.142857142857142,7.142857142857143,13.142857142857142,8.142857142857142,1.0,1.0,2.0,15.0,-13.0,2159.815738923992
1018,24.75,51.0,5.5,15.5,9.25,16.25,12.5,3.0,11.0,20.5,60.25,3.75,14.75,13.25,11.25,6.5,8.0,12.75,7.25,27.571428571428573,62.57142857142857,4.571428571428571,14.0,15.0,14.285714285714286,9.285714285714286,9.571428571428571,16.714285714285715,22.857142857142858,56.285714285714285,5.285714285714286,17.142857142857142,12.571428571428571,14.428571428571429,16.142857142857142,3.7142857142857144,19.0,13.857142857142858,0.0,0.6,6.0,11.0,-5.0,2137.9413200000185
1019,23.833333333333332,51.666666666666664,3.0,8.333333333333334,9.666666666666666,15.166666666666666,18.5,4.5,12.0,22.333333333333332,66.5,3.0,14.5,15.0,9.666666666666666,10.5,8.833333333333334,16.833333333333332,8.666666666666666,24.75,64.125,3.75,13.5,15.875,12.625,18.0,9.0,21.125,18.75,60.75,4.0,17.25,13.75,11.0,22.0,7.375,22.125,12.625,1.0,1.0,2.0,15.0,-13.0,2322.169458398271
1020,25.6,66.6,4.0,13.6,17.0,11.0,14.4,10.2,14.2,22.4,52.2,3.8,13.2,8.2,12.4,20.8,6.2,13.6,7.0,25.625,54.75,5.125,16.0,13.875,14.25,13.375,7.5,17.5,17.375,51.25,2.625,13.125,9.0,8.75,14.375,5.75,18.75,22.125,0.5,1.0,3.0,14.0,-11.0,2091.883094383385
1021,28.333333333333332,60.333333333333336,5.0,13.0,11.666666666666666,12.0,13.833333333333334,5.5,14.333333333333334,24.833333333333332,69.16666666666667,6.666666666666667,22.333333333333332,12.666666666666666,12.833333333333334,9.333333333333334,5.333333333333333,13.666666666666666,10.5,28.857142857142858,59.42857142857143,11.0,27.0,10.857142857142858,22.428571428571427,13.142857142857142,10.142857142857142,12.857142857142858,21.285714285714285,59.0,6.571428571428571,22.571428571428573,10.285714285714286,14.285714285714286,15.714285714285714,6.285714285714286,16.285714285714285,24.0,0.6666666666666666,1.0,4.0,13.0,-9.0,2029.3607515613949
1022,22.25,57.25,7.5,26.5,9.5,13.25,8.75,3.0,13.5,21.25,57.5,4.0,15.0,9.5,10.75,7.5,3.75,14.25,6.0,27.166666666666668,59.333333333333336,8.5,21.666666666666668,11.166666666666666,16.0,13.166666666666666,6.833333333333333,14.5,18.666666666666668,56.5,7.166666666666667,26.166666666666668,8.0,9.166666666666666,13.166666666666666,8.0,17.666666666666668,19.0,0.0,1.0,9.0,8.0,1.0,1842.832835357442
1023,17.6,54.4,5.2,19.8,11.6,11.4,16.2,5.0,16.2,22.8,57.8,5.4,14.6,12.8,12.2,12.0,8.8,15.2,-10.8,30.4,62.2,5.6,15.2,13.2,15.0,13.8,5.8,15.4,23.0,61.8,7.6,23.4,11.4,12.2,10.4,7.2,12.0,8.2,0.5,0.5,10.0,7.0,3.0,1921.871140047109
1024,22.5,56.166666666666664,4.166666666666667,13.0,13.5,14.333333333333334,9.5,5.5,12.0,22.0,49.333333333333336,5.166666666666667,15.166666666666666,6.166666666666667,10.5,12.333333333333334,4.833333333333333,14.666666666666666,5.0,22.8,61.8,7.4,23.6,14.6,13.8,13.0,5.4,19.2,22.6,59.4,5.6,17.8,11.0,11.0,10.8,7.4,16.4,-1.6,0.6666666666666666,0.5,7.0,10.0,-3.0,1973.578791177052
1025,30.75,68.5,7.75,22.375,15.25,19.25,12.625,11.25,18.875,20.875,57.625,5.75,21.75,11.25,10.75,18.625,5.375,15.5,20.875,25.0,58.57142857142857,8.428571428571429,24.428571428571427,10.428571428571429,15.857142857142858,16.142857142857142,6.142857142857143,13.142857142857142,25.857142857142858,61.857142857142854,4.571428571428571,13.142857142857142,8.571428571428571,13.428571428571429,11.428571428571429,8.428571428571429,17.714285714285715,7.142857142857143,0.8,0.5,11.0,6.0,5.0,1787.6748141980795
1026,29.5,60.875,7.875,20.625,11.625,13.5,14.625,3.5,13.375,27.375,67.875,7.875,22.375,10.5,14.375,8.625,7.625,18.125,8.375,26.75,71.5,1.0,8.75,16.75,11.5,10.5,10.5,18.5,23.0,60.25,4.0,15.75,15.25,11.75,16.0,6.0,15.5,-2.25,1.0,0.0,11.0,6.0,5.0,1860.7442763539304
1027,32.857142857142854,64.14285714285714,7.428571428571429,19.857142857142858,12.0,22.285714285714285,11.142857142857142,11.0,11.142857142857142,16.714285714285715,56.57142857142857,5.714285714285714,19.714285714285715,9.714285714285714,8.142857142857142,18.857142857142858,4.857142857142857,14.285714285714286,39.142857142857146,27.444444444444443,69.88888888888889,11.0,33.77777777777778,15.11111111111111,16.666666666666668,15.0,13.666666666666666,15.0,24.444444444444443,62.111111111111114,7.0,21.88888888888889,12.666666666666666,14.11111111111111,21.444444444444443,7.333333333333333,18.88888888888889,16.11111111111111,1.0,1.0,1.0,16.0,-15.0,2655.98434200633
1028,22.6,53.6,8.2,22.0,8.2,13.4,12.2,2.8,16.8,24.4,61.0,3.6,13.6,11.6,13.4,8.0,7.2,13.6,0.2,28.2,56.0,5.0,11.8,7.8,21.4,17.4,5.6,12.0,25.6,68.8,6.4,21.2,13.4,12.2,12.8,10.8,19.6,11.8,0.5,0.5,11.0,6.0,5.0,1852.626891318298
1029,23.666666666666668,61.333333333333336,7.666666666666667,22.333333333333332,13.0,13.0,15.333333333333334,10.333333333333334,15.0,20.0,60.0,6.666666666666667,23.0,14.666666666666666,13.666666666666666,16.666666666666668,4.666666666666667,14.666666666666666,7.666666666666667,27.333333333333332,63.833333333333336,11.0,30.5,15.0,19.166666666666668,12.666666666666666,5.0,13.666666666666666,19.333333333333332,61.5,4.0,18.0,9.5,8.666666666666666,10.0,4.666666666666667,15.833333333333334,23.0,0.0,1.0,5.0,12.0,-7.0,2078.3942330806017
1030,29.5,61.666666666666664,13.833333333333334,33.0,11.5,18.5,12.5,9.0,15.833333333333334,21.166666666666668,55.5,4.833333333333333,16.666666666666668,9.666666666666666,10.5,18.0,5.0,14.833333333333334,26.333333333333332,23.0,52.6,7.8,20.2,10.6,16.2,17.4,4.6,15.4,24.0,57.0,6.0,14.6,8.8,10.8,11.6,7.2,18.2,-1.0,1.0,0.5,12.0,5.0,7.0,1839.337410640972
1031,25.0,57.6,5.6,16.0,13.4,13.8,14.0,5.6,13.2,25.0,62.2,6.0,17.8,15.0,12.4,12.2,7.8,18.6,2.4,25.375,53.375,4.0,10.25,10.375,14.25,15.5,7.875,14.875,18.75,53.0,3.0,13.875,11.625,7.625,17.125,6.375,13.5,13.75,0.5,1.0,3.0,14.0,-11.0,2157.7377727738253
1032,22.2,61.0,3.4,14.4,13.4,15.2,13.6,8.2,17.8,17.6,54.2,3.8,14.8,10.8,9.2,17.4,6.4,13.4,6.4,26.833333333333332,60.5,4.0,11.833333333333334,10.5,15.0,7.833333333333333,8.5,12.666666666666666,19.5,50.833333333333336,3.3333333333333335,12.833333333333334,9.166666666666666,9.0,17.333333333333332,3.3333333333333335,15.5,18.333333333333332,0.5,1.0,4.0,13.0,-9.0,2012.4861259062584
1033,27.666666666666668,60.833333333333336,8.333333333333334,19.833333333333332,9.5,15.833333333333334,9.333333333333334,6.0,13.833333333333334,23.0,54.833333333333336,2.8333333333333335,10.0,9.333333333333334,8.166666666666666,14.833333333333334,4.333333333333333,15.833333333333334,15.166666666666666,22.75,55.0,5.875,17.375,12.625,11.75,18.0,11.125,17.5,21.75,60.625,5.375,21.125,14.875,11.375,18.125,9.5,19.875,9.625,0.6666666666666666,1.0,1.0,16.0,-15.0,2300.1726941622924
1034,32.0,67.5,7.333333333333333,18.333333333333332,14.5,14.333333333333334,11.666666666666666,7.666666666666667,14.333333333333334,25.166666666666668,68.0,5.0,16.666666666666668,16.833333333333332,13.833333333333334,13.833333333333334,5.0,16.666666666666668,18.166666666666668,20.714285714285715,51.42857142857143,4.285714285714286,15.428571428571429,8.0,11.571428571428571,8.428571428571429,6.571428571428571,11.714285714285714,21.0,51.714285714285715,3.857142857142857,13.571428571428571,9.857142857142858,11.142857142857142,14.142857142857142,3.142857142857143,16.285714285714285,7.0,1.0,1.0,3.0,14.0,-11.0,2162.3699673351584
1035,23.8,59.6,6.2,20.2,11.6,12.0,12.2,7.0,14.0,27.2,62.2,6.4,16.8,10.2,13.2,12.6,6.8,18.6,-1.6,23.75,62.0,11.5,32.0,13.0,13.75,13.5,8.75,13.5,25.5,60.0,7.5,25.0,12.5,15.5,15.5,6.75,16.5,1.5,0.5,0.0,9.0,8.0,1.0,1950.2473514818664
1036,29.833333333333332,67.66666666666667,7.833333333333333,21.0,14.0,16.333333333333332,9.333333333333334,9.0,17.166666666666668,21.333333333333332,56.333333333333336,5.833333333333333,16.166666666666668,8.833333333333334,12.5,16.333333333333332,4.666666666666667,16.333333333333332,19.166666666666668,24.8,55.8,5.6,15.8,11.2,13.2,15.8,9.6,15.6,22.6,60.4,5.8,20.0,14.6,12.4,16.8,8.6,16.6,6.0,1.0,0.5,9.0,8.0,1.0,1839.6448611699436
1037,25.4,57.8,7.0,21.0,11.4,11.4,13.4,8.0,16.6,22.6,54.6,7.2,20.4,11.6,10.0,13.2,8.0,13.4,-0.6,25.666666666666668,60.166666666666664,6.833333333333333,19.666666666666668,12.833333333333334,15.5,12.833333333333334,8.333333333333334,14.0,21.0,58.833333333333336,3.3333333333333335,14.333333333333334,11.833333333333334,9.166666666666666,13.666666666666666,5.833333333333333,15.333333333333334,13.166666666666666,0.6666666666666666,1.0,4.0,13.0,-9.0,2147.6333063283246
1038,30.285714285714285,66.85714285714286,6.428571428571429,15.857142857142858,12.857142857142858,16.571428571428573,12.857142857142858,6.285714285714286,19.0,25.714285714285715,62.42857142857143,3.7142857142857144,16.571428571428573,10.714285714285714,11.285714285714286,12.142857142857142,6.571428571428571,14.857142857142858,7.428571428571429,25.8,57.6,7.4,22.6,11.4,15.6,12.2,6.6,16.8,19.0,52.8,5.2,16.8,10.8,9.6,15.0,5.6,15.2,16.8,0.75,1.0,2.0,15.0,-13.0,2205.7560922845278
1039,29.2,67.2,7.0,20.0,15.6,17.4,10.4,9.0,16.2,27.2,60.2,8.2,20.8,12.2,15.2,13.8,6.8,14.6,1.2,20.571428571428573,57.285714285714285,4.857142857142857,17.285714285714285,9.428571428571429,14.0,11.285714285714286,9.0,15.571428571428571,19.571428571428573,55.714285714285715,5.857142857142857,17.428571428571427,11.857142857142858,11.142857142857142,18.428571428571427,6.714285714285714,17.857142857142858,4.428571428571429,0.5,0.75,3.0,14.0,-11.0,2122.038258744725
1040,32.142857142857146,64.28571428571429,4.142857142857143,10.285714285714286,15.0,17.0,11.857142857142858,6.285714285714286,15.142857142857142,21.285714285714285,59.0,6.714285714285714,20.428571428571427,9.142857142857142,9.428571428571429,14.285714285714286,5.428571428571429,20.142857142857142,26.285714285714285,24.333333333333332,57.333333333333336,6.333333333333333,15.0,13.333333333333334,14.333333333333334,15.0,6.0,16.333333333333332,23.0,58.0,3.0,15.0,12.0,11.666666666666666,13.0,7.666666666666667,16.0,9.333333333333334,1.0,0.5,2.0,7.0,-5.0,2405.895123187648
1041,26.333333333333332,58.833333333333336,6.166666666666667,17.833333333333332,9.833333333333334,15.333333333333334,12.0,8.0,17.0,21.5,54.166666666666664,4.166666666666667,14.5,10.666666666666666,10.333333333333334,15.333333333333334,5.666666666666667,14.333333333333334,10.666666666666666,28.166666666666668,62.666666666666664,5.5,20.333333333333332,11.833333333333334,13.666666666666666,12.166666666666666,9.666666666666666,15.333333333333334,27.333333333333332,62.333333333333336,7.166666666666667,20.833333333333332,10.5,14.833333333333334,15.5,6.166666666666667,16.666666666666668,5.333333333333333,1.0,0.6666666666666666,1.0,8.0,-7.0,2292.8262257817937
1042,23.166666666666668,57.666666666666664,5.333333333333333,18.666666666666668,11.833333333333334,12.833333333333334,12.666666666666666,6.833333333333333,13.0,24.5,57.666666666666664,6.166666666666667,16.166666666666668,9.0,13.333333333333334,14.666666666666666,7.0,17.833333333333332,3.1666666666666665,26.666666666666668,62.5,3.5,12.5,15.0,14.333333333333334,12.166666666666666,6.833333333333333,15.0,25.166666666666668,58.833333333333336,8.166666666666666,19.5,10.833333333333334,14.166666666666666,12.166666666666666,5.333333333333333,16.5,-1.1666666666666667,0.6666666666666666,0.6666666666666666,4.0,5.0,-1.0,2027.3949436026344
1043,33.166666666666664,62.333333333333336,5.333333333333333,12.166666666666666,12.666666666666666,18.166666666666668,12.333333333333334,6.166666666666667,11.833333333333334,23.5,63.666666666666664,8.166666666666666,22.666666666666668,12.166666666666666,14.833333333333334,12.833333333333334,5.833333333333333,14.333333333333334,21.166666666666668,22.25,57.25,7.5,26.5,9.5,13.25,8.75,3.0,13.5,21.25,57.5,4.0,15.0,9.5,10.75,7.5,3.75,14.25,6.0,0.6666666666666666,0.0,1.0,9.0,-8.0,2446.4965839585
1044,28.333333333333332,56.333333333333336,10.166666666666666,22.0,10.833333333333334,16.333333333333332,11.0,5.833333333333333,10.5,24.5,60.666666666666664,5.666666666666667,19.166666666666668,13.666666666666666,13.0,11.5,6.333333333333333,12.833333333333334,15.5,29.4,72.0,7.8,25.8,14.6,15.0,10.6,9.6,17.2,30.4,66.8,8.0,19.6,10.8,18.8,15.8,5.0,17.8,3.0,1.0,0.5,2.0,10.0,-8.0,2160.2541839259256
1045,24.75,51.0,5.5,15.5,9.25,16.25,12.5,3.0,11.0,20.5,60.25,3.75,14.75,13.25,11.25,6.5,8.0,12.75,7.25,25.6,66.6,4.0,13.6,17.0,11.0,14.4,10.2,14.2,22.4,52.2,3.8,13.2,8.2,12.4,20.8,6.2,13.6,7.0,0.0,0.5,6.0,3.0,3.0,2142.073372759074
1046,23.833333333333332,51.666666666666664,3.0,8.333333333333334,9.666666666666666,15.166666666666666,18.5,4.5,12.0,22.333333333333332,66.5,3.0,14.5,15.0,9.666666666666666,10.5,8.833333333333334,16.833333333333332,8.666666666666666,17.6,54.4,5.2,19.8,11.6,11.4,16.2,5.0,16.2,22.8,57.8,5.4,14.6,12.8,12.2,12.0,8.8,15.2,-10.8,1.0,0.5,2.0,10.0,-8.0,2322.3732108651284
1047,28.333333333333332,60.333333333333336,5.0,13.0,11.666666666666666,12.0,13.833333333333334,5.5,14.333333333333334,24.833333333333332,69.16666666666667,6.666666666666667,22.333333333333332,12.666666666666666,12.833333333333334,9.333333333333334,5.333333333333333,13.666666666666666,10.5,28.333333333333332,63.833333333333336,11.666666666666666,32.666666666666664,12.333333333333334,18.0,12.666666666666666,5.666666666666667,13.5,23.5,64.16666666666667,5.0,18.666666666666668,9.333333333333334,11.0,10.666666666666666,6.5,15.666666666666666,19.166666666666668,0.6666666666666666,1.0,4.0,5.0,-1.0,2036.789544628645
1048,30.75,68.5,7.75,22.375,15.25,19.25,12.625,11.25,18.875,20.875,57.625,5.75,21.75,11.25,10.75,18.625,5.375,15.5,20.875,25.0,57.6,5.6,16.0,13.4,13.8,14.0,5.6,13.2,25.0,62.2,6.0,17.8,15.0,12.4,12.2,7.8,18.6,2.4,0.8,0.5,11.0,3.0,8.0,1812.6283040383275
1049,29.5,60.875,7.875,20.625,11.625,13.5,14.625,3.5,13.375,27.375,67.875,7.875,22.375,10.5,14.375,8.625,7.625,18.125,8.375,32.0,67.5,7.333333333333333,18.333333333333332,14.5,14.333333333333334,11.666666666666666,7.666666666666667,14.333333333333334,25.166666666666668,68.0,5.0,16.666666666666668,16.833333333333332,13.833333333333334,13.833333333333334,5.0,16.666666666666668,18.166666666666668,1.0,1.0,11.0,3.0,8.0,1880.3314441472576
1050,32.857142857142854,64.14285714285714,7.428571428571429,19.857142857142858,12.0,22.285714285714285,11.142857142857142,11.0,11.142857142857142,16.714285714285715,56.57142857142857,5.714285714285714,19.714285714285715,9.714285714285714,8.142857142857142,18.857142857142858,4.857142857142857,14.285714285714286,39.142857142857146,29.833333333333332,67.66666666666667,7.833333333333333,21.0,14.0,16.333333333333332,9.333333333333334,9.0,17.166666666666668,21.333333333333332,56.333333333333336,5.833333333333333,16.166666666666668,8.833333333333334,12.5,16.333333333333332,4.666666666666667,16.333333333333332,19.166666666666668,1.0,1.0,1.0,9.0,-8.0,2656.01187362604
1051,23.666666666666668,61.333333333333336,7.666666666666667,22.333333333333332,13.0,13.0,15.333333333333334,10.333333333333334,15.0,20.0,60.0,6.666666666666667,23.0,14.666666666666666,13.666666666666666,16.666666666666668,4.666666666666667,14.666666666666666,7.666666666666667,22.2,61.0,3.4,14.4,13.4,15.2,13.6,8.2,17.8,17.6,54.2,3.8,14.8,10.8,9.2,17.4,6.4,13.4,6.4,0.0,0.5,5.0,4.0,1.0,2082.6450064380574
1052,27.666666666666668,60.833333333333336,8.333333333333334,19.833333333333332,9.5,15.833333333333334,9.333333333333334,6.0,13.833333333333334,23.0,54.833333333333336,2.8333333333333335,10.0,9.333333333333334,8.166666666666666,14.833333333333334,4.333333333333333,15.833333333333334,15.166666666666666,23.8,59.6,6.2,20.2,11.6,12.0,12.2,7.0,14.0,27.2,62.2,6.4,16.8,10.2,13.2,12.6,6.8,18.6,-1.6,0.6666666666666666,0.5,1.0,9.0,-8.0,2300.302677153035
1053,25.4,57.8,7.0,21.0,11.4,11.4,13.4,8.0,16.6,22.6,54.6,7.2,20.4,11.6,10.0,13.2,8.0,13.4,-0.6,29.5,61.666666666666664,13.833333333333334,33.0,11.5,18.5,12.5,9.0,15.833333333333334,21.166666666666668,55.5,4.833333333333333,16.666666666666668,9.666666666666666,10.5,18.0,5.0,14.833333333333334,26.333333333333332,0.6666666666666666,1.0,4.0,12.0,-8.0,2153.405914561826
1054,30.285714285714285,66.85714285714286,6.428571428571429,15.857142857142858,12.857142857142858,16.571428571428573,12.857142857142858,6.285714285714286,19.0,25.714285714285715,62.42857142857143,3.7142857142857144,16.571428571428573,10.714285714285714,11.285714285714286,12.142857142857142,6.571428571428571,14.857142857142858,7.428571428571429,22.5,56.166666666666664,4.166666666666667,13.0,13.5,14.333333333333334,9.5,5.5,12.0,22.0,49.333333333333336,5.166666666666667,15.166666666666666,6.166666666666667,10.5,12.333333333333334,4.833333333333333,14.666666666666666,5.0,0.75,0.6666666666666666,2.0,7.0,-5.0,2206.823984316618
1055,29.2,67.2,7.0,20.0,15.6,17.4,10.4,9.0,16.2,27.2,60.2,8.2,20.8,12.2,15.2,13.8,6.8,14.6,1.2,22.6,53.6,8.2,22.0,8.2,13.4,12.2,2.8,16.8,24.4,61.0,3.6,13.6,11.6,13.4,8.0,7.2,13.6,0.2,0.5,0.5,3.0,11.0,-8.0,2123.515356174012
1056,26.333333333333332,58.833333333333336,6.166666666666667,17.833333333333332,9.833333333333334,15.333333333333334,12.0,8.0,17.0,21.5,54.166666666666664,4.166666666666667,14.5,10.666666666666666,10.333333333333334,15.333333333333334,5.666666666666667,14.333333333333334,10.666666666666666,25.4,57.8,7.0,21.0,11.4,11.4,13.4,8.0,16.6,22.6,54.6,7.2,20.4,11.6,10.0,13.2,8.0,13.4,-0.6,1.0,0.6666666666666666,1.0,4.0,-3.0,2296.491246084722
1057,27.666666666666668,60.833333333333336,8.333333333333334,19.833333333333332,9.5,15.833333333333334,9.333333333333334,6.0,13.833333333333334,23.0,54.833333333333336,2.8333333333333335,10.0,9.333333333333334,8.166666666666666,14.833333333333334,4.333333333333333,15.833333333333334,15.166666666666666,23.166666666666668,57.666666666666664,5.333333333333333,18.666666666666668,11.833333333333334,12.833333333333334,12.666666666666666,6.833333333333333,13.0,24.5,57.666666666666664,6.166666666666667,16.166666666666668,9.0,13.333333333333334,14.666666666666666,7.0,17.833333333333332,3.1666666666666665,0.6666666666666666,0.6666666666666666,1.0,4.0,-3.0,2304.446651064728
1058,24.75,51.0,5.5,15.5,9.25,16.25,12.5,3.0,11.0,20.5,60.25,3.75,14.75,13.25,11.25,6.5,8.0,12.75,7.25,32.142857142857146,64.28571428571429,4.142857142857143,10.285714285714286,15.0,17.0,11.857142857142858,6.285714285714286,15.142857142857142,21.285714285714285,59.0,6.714285714285714,20.428571428571427,9.142857142857142,9.428571428571429,14.285714285714286,5.428571428571429,20.142857142857142,26.285714285714285,0.0,1.0,6.0,2.0,4.0,2155.8233655775184
1059,29.2,67.2,7.0,20.0,15.6,17.4,10.4,9.0,16.2,27.2,60.2,8.2,20.8,12.2,15.2,13.8,6.8,14.6,1.2,30.285714285714285,66.85714285714286,6.428571428571429,15.857142857142858,12.857142857142858,16.571428571428573,12.857142857142858,6.285714285714286,19.0,25.714285714285715,62.42857142857143,3.7142857142857144,16.571428571428573,10.714285714285714,11.285714285714286,12.142857142857142,6.571428571428571,14.857142857142858,7.428571428571429,0.5,0.75,3.0,2.0,1.0,2129.650184950664
1060,32.857142857142854,64.14285714285714,7.428571428571429,19.857142857142858,12.0,22.285714285714285,11.142857142857142,11.0,11.142857142857142,16.714285714285715,56.57142857142857,5.714285714285714,19.714285714285715,9.714285714285714,8.142857142857142,18.857142857142858,4.857142857142857,14.285714285714286,39.142857142857146,23.666666666666668,61.333333333333336,7.666666666666667,22.333333333333332,13.0,13.0,15.333333333333334,10.333333333333334,15.0,20.0,60.0,6.666666666666667,23.0,14.666666666666666,13.666666666666666,16.666666666666668,4.666666666666667,14.666666666666666,7.666666666666667,1.0,0.0,1.0,5.0,-4.0,2656.341180373302
1061,33.166666666666664,62.333333333333336,5.333333333333333,12.166666666666666,12.666666666666666,18.166666666666668,12.333333333333334,6.166666666666667,11.833333333333334,23.5,63.666666666666664,8.166666666666666,22.666666666666668,12.166666666666666,14.833333333333334,12.833333333333334,5.833333333333333,14.333333333333334,21.166666666666668,28.333333333333332,60.333333333333336,5.0,13.0,11.666666666666666,12.0,13.833333333333334,5.5,14.333333333333334,24.833333333333332,69.16666666666667,6.666666666666667,22.333333333333332,12.666666666666666,12.833333333333334,9.333333333333334,5.333333333333333,13.666666666666666,10.5,0.6666666666666666,0.6666666666666666,1.0,4.0,-3.0,2447.5498493747214
1062,28.333333333333332,56.333333333333336,10.166666666666666,22.0,10.833333333333334,16.333333333333332,11.0,5.833333333333333,10.5,24.5,60.666666666666664,5.666666666666667,19.166666666666668,13.666666666666666,13.0,11.5,6.333333333333333,12.833333333333334,15.5,29.5,60.875,7.875,20.625,11.625,13.5,14.625,3.5,13.375,27.375,67.875,7.875,22.375,10.5,14.375,8.625,7.625,18.125,8.375,1.0,1.0,2.0,11.0,-9.0,2167.6036302092584
1063,23.833333333333332,51.666666666666664,3.0,8.333333333333334,9.666666666666666,15.166666666666666,18.5,4.5,12.0,22.333333333333332,66.5,3.0,14.5,15.0,9.666666666666666,10.5,8.833333333333334,16.833333333333332,8.666666666666666,30.75,68.5,7.75,22.375,15.25,19.25,12.625,11.25,18.875,20.875,57.625,5.75,21.75,11.25,10.75,18.625,5.375,15.5,20.875,1.0,0.8,2.0,11.0,-9.0,2325.557304107436
1064,26.333333333333332,58.833333333333336,6.166666666666667,17.833333333333332,9.833333333333334,15.333333333333334,12.0,8.0,17.0,21.5,54.166666666666664,4.166666666666667,14.5,10.666666666666666,10.333333333333334,15.333333333333334,5.666666666666667,14.333333333333334,10.666666666666666,24.75,51.0,5.5,15.5,9.25,16.25,12.5,3.0,11.0,20.5,60.25,3.75,14.75,13.25,11.25,6.5,8.0,12.75,7.25,1.0,0.0,1.0,6.0,-5.0,2306.4495134159874
1065,27.666666666666668,60.833333333333336,8.333333333333334,19.833333333333332,9.5,15.833333333333334,9.333333333333334,6.0,13.833333333333334,23.0,54.833333333333336,2.8333333333333335,10.0,9.333333333333334,8.166666666666666,14.833333333333334,4.333333333333333,15.833333333333334,15.166666666666666,29.2,67.2,7.0,20.0,15.6,17.4,10.4,9.0,16.2,27.2,60.2,8.2,20.8,12.2,15.2,13.8,6.8,14.6,1.2,0.6666666666666666,0.5,1.0,3.0,-2.0,2310.463322484877
1066,32.857142857142854,64.14285714285714,7.428571428571429,19.857142857142858,12.0,22.285714285714285,11.142857142857142,11.0,11.142857142857142,16.714285714285715,56.57142857142857,5.714285714285714,19.714285714285715,9.714285714285714,8.142857142857142,18.857142857142858,4.857142857142857,14.285714285714286,39.142857142857146,23.833333333333332,51.666666666666664,3.0,8.333333333333334,9.666666666666666,15.166666666666666,18.5,4.5,12.0,22.333333333333332,66.5,3.0,14.5,15.0,9.666666666666666,10.5,8.833333333333334,16.833333333333332,8.666666666666666,1.0,1.0,1.0,2.0,-1.0,2657.5624124259407
1067,33.166666666666664,62.333333333333336,5.333333333333333,12.166666666666666,12.666666666666666,18.166666666666668,12.333333333333334,6.166666666666667,11.833333333333334,23.5,63.666666666666664,8.166666666666666,22.666666666666668,12.166666666666666,14.833333333333334,12.833333333333334,5.833333333333333,14.333333333333334,21.166666666666668,28.333333333333332,56.333333333333336,10.166666666666666,22.0,10.833333333333334,16.333333333333332,11.0,5.833333333333333,10.5,24.5,60.666666666666664,5.666666666666667,19.166666666666668,13.666666666666666,13.0,11.5,6.333333333333333,12.833333333333334,15.5,0.6666666666666666,1.0,1.0,2.0,-1.0,2450.5517661905296
1068,27.666666666666668,60.833333333333336,8.333333333333334,19.833333333333332,9.5,15.833333333333334,9.333333333333334,6.0,13.833333333333334,23.0,54.833333333333336,2.8333333333333335,10.0,9.333333333333334,8.166666666666666,14.833333333333334,4.333333333333333,15.833333333333334,15.166666666666666,26.333333333333332,58.833333333333336,6.166666666666667,17.833333333333332,9.833333333333334,15.333333333333334,12.0,8.0,17.0,21.5,54.166666666666664,4.166666666666667,14.5,10.666666666666666,10.333333333333334,15.333333333333334,5.666666666666667,14.333333333333334,10.666666666666666,0.6666666666666666,1.0,1.0,1.0,0.0,2319.537304824796
1069,33.166666666666664,62.333333333333336,5.333333333333333,12.166666666666666,12.666666666666666,18.166666666666668,12.333333333333334,6.166666666666667,11.833333333333334,23.5,63.666666666666664,8.166666666666666,22.666666666666668,12.166666666666666,14.833333333333334,12.833333333333334,5.833333333333333,14.333333333333334,21.166666666666668,32.857142857142854,64.14285714285714,7.428571428571429,19.857142857142858,12.0,22.285714285714285,11.142857142857142,11.0,11.142857142857142,16.714285714285715,56.57142857142857,5.714285714285714,19.714285714285715,9.714285714285714,8.142857142857142,18.857142857142858,4.857142857142857,14.285714285714286,39.142857142857146,0.6666666666666666,1.0,1.0,1.0,0.0,2455.948865953617
1070,33.166666666666664,62.333333333333336,5.333333333333333,12.166666666666666,12.666666666666666,18.166666666666668,12.333333333333334,6.166666666666667,11.833333333333334,23.5,63.666666666666664,8.166666666666666,22.666666666666668,12.166666666666666,14.833333333333334,12.833333333333334,5.833333333333333,14.333333333333334,21.166666666666668,27.666666666666668,60.833333333333336,8.333333333333334,19.833333333333332,9.5,15.833333333333334,9.333333333333334,6.0,13.833333333333334,23.0,54.833333333333336,2.8333333333333335,10.0,9.333333333333334,8.166666666666666,14.833333333333334,4.333333333333333,15.833333333333334,15.166666666666666,0.6666666666666666,0.6666666666666666,1.0,1.0,0.0,2480.453268183796
1071,27.125,64.125,4.75,16.5,12.625,13.25,15.0,9.75,16.25,25.5,61.875,4.375,15.875,13.75,12.0,18.75,7.125,18.875,7.125,32.142857142857146,64.28571428571429,4.142857142857143,10.285714285714286,15.0,17.0,11.857142857142858,6.285714285714286,15.142857142857142,21.285714285714285,59.0,6.714285714285714,20.428571428571427,9.142857142857142,9.428571428571429,14.285714285714286,5.428571428571429,20.142857142857142,26.285714285714285,0.8333333333333334,1.0,15.0,2.0,13.0,1337.8194338301628
1072,26.8,61.6,5.8,17.8,12.0,10.8,14.6,9.4,16.4,27.2,60.8,9.0,19.6,11.0,16.2,17.4,7.8,20.0,1.8,28.333333333333332,63.833333333333336,11.666666666666666,32.666666666666664,12.333333333333334,18.0,12.666666666666666,5.666666666666667,13.5,23.5,64.16666666666667,5.0,18.666666666666668,9.333333333333334,11.0,10.666666666666666,6.5,15.666666666666666,19.166666666666668,0.0,1.0,12.0,5.0,7.0,1965.1336365400464
1073,23.857142857142858,55.857142857142854,6.571428571428571,19.285714285714285,11.571428571428571,12.714285714285714,14.428571428571429,4.857142857142857,15.142857142857142,19.571428571428573,59.57142857142857,4.428571428571429,17.285714285714285,13.0,7.428571428571429,12.857142857142858,5.714285714285714,12.857142857142858,10.428571428571429,26.333333333333332,58.833333333333336,6.166666666666667,17.833333333333332,9.833333333333334,15.333333333333334,12.0,8.0,17.0,21.5,54.166666666666664,4.166666666666667,14.5,10.666666666666666,10.333333333333334,15.333333333333334,5.666666666666667,14.333333333333334,10.666666666666666,1.0,1.0,16.0,1.0,15.0,1714.977196744263
1074,22.4,57.0,8.4,21.4,11.4,11.2,11.8,3.8,18.2,21.8,61.2,5.8,17.2,11.8,12.0,9.6,5.2,17.8,4.2,28.166666666666668,62.666666666666664,5.5,20.333333333333332,11.833333333333334,13.666666666666666,12.166666666666666,9.666666666666666,15.333333333333334,27.333333333333332,62.333333333333336,7.166666666666667,20.833333333333332,10.5,14.833333333333334,15.5,6.166666666666667,16.666666666666668,5.333333333333333,0.5,0.6666666666666666,9.0,8.0,1.0,1865.648183775413
1075,25.714285714285715,56.42857142857143,7.857142857142857,22.571428571428573,11.285714285714286,16.0,12.571428571428571,5.571428571428571,16.0,19.428571428571427,54.57142857142857,5.142857142857143,17.571428571428573,7.857142857142857,9.0,12.285714285714286,7.142857142857143,14.142857142857142,17.428571428571427,26.666666666666668,62.5,3.5,12.5,15.0,14.333333333333334,12.166666666666666,6.833333333333333,15.0,25.166666666666668,58.833333333333336,8.166666666666666,19.5,10.833333333333334,14.166666666666666,12.166666666666666,5.333333333333333,16.5,-1.1666666666666667,1.0,0.6666666666666666,12.0,5.0,7.0,1803.991020930458
1076,25.428571428571427,58.0,10.0,25.571428571428573,9.714285714285714,15.428571428571429,13.0,9.428571428571429,14.285714285714286,22.428571428571427,57.42857142857143,5.428571428571429,16.428571428571427,13.0,11.142857142857142,16.857142857142858,7.0,15.857142857142858,10.714285714285714,24.333333333333332,57.333333333333336,6.333333333333333,15.0,13.333333333333334,14.333333333333334,15.0,6.0,16.333333333333332,23.0,58.0,3.0,15.0,12.0,11.666666666666666,13.0,7.666666666666667,16.0,9.333333333333334,1.0,0.5,10.0,7.0,3.0,1713.7705462796168
1077,26.142857142857142,59.857142857142854,5.0,17.285714285714285,14.285714285714286,14.857142857142858,10.142857142857142,8.857142857142858,14.571428571428571,15.285714285714286,50.142857142857146,6.0,21.428571428571427,7.428571428571429,8.0,17.142857142857142,5.428571428571429,18.857142857142858,25.571428571428573,29.4,72.0,7.8,25.8,14.6,15.0,10.6,9.6,17.2,30.4,66.8,8.0,19.6,10.8,18.8,15.8,5.0,17.8,3.0,1.0,0.5,7.0,10.0,-3.0,1937.6906519332397
1078,27.0,52.42857142857143,5.714285714285714,14.714285714285714,9.571428571428571,16.857142857142858,16.857142857142858,8.285714285714286,15.142857142857142,18.428571428571427,57.42857142857143,4.571428571428571,20.142857142857142,13.571428571428571,11.428571428571429,15.857142857142858,7.857142857142857,17.571428571428573,18.0,23.166666666666668,57.666666666666664,5.333333333333333,18.666666666666668,11.833333333333334,12.833333333333334,12.666666666666666,6.833333333333333,13.0,24.5,57.666666666666664,6.166666666666667,16.166666666666668,9.0,13.333333333333334,14.666666666666666,7.0,17.833333333333332,3.1666666666666665,1.0,0.6666666666666666,13.0,4.0,9.0,1814.6561874774077
1079,23.75,55.25,3.75,15.375,11.75,16.5,14.875,5.875,10.875,22.25,62.625,7.125,23.0,11.375,14.875,11.75,8.25,19.25,6.75,33.166666666666664,62.333333333333336,5.333333333333333,12.166666666666666,12.666666666666666,18.166666666666668,12.333333333333334,6.166666666666667,11.833333333333334,23.5,63.666666666666664,8.166666666666666,22.666666666666668,12.166666666666666,14.833333333333334,12.833333333333334,5.833333333333333,14.333333333333334,21.166666666666668,0.8333333333333334,0.6666666666666666,16.0,1.0,15.0,1519.5209875865387
1080,24.428571428571427,57.42857142857143,6.571428571428571,16.142857142857142,12.142857142857142,13.142857142857142,14.571428571428571,5.0,13.714285714285714,22.285714285714285,60.714285714285715,4.285714285714286,18.142857142857142,8.714285714285714,8.142857142857142,9.142857142857142,7.142857142857143,13.142857142857142,8.142857142857142,28.333333333333332,56.333333333333336,10.166666666666666,22.0,10.833333333333334,16.333333333333332,11.0,5.833333333333333,10.5,24.5,60.666666666666664,5.666666666666667,19.166666666666668,13.666666666666666,13.0,11.5,6.333333333333333,12.833333333333334,15.5,1.0,1.0,15.0,2.0,13.0,1416.9184315169862
1081,27.571428571428573,62.57142857142857,4.571428571428571,14.0,15.0,14.285714285714286,9.285714285714286,9.571428571428571,16.714285714285715,22.857142857142858,56.285714285714285,5.285714285714286,17.142857142857142,12.571428571428571,14.428571428571429,16.142857142857142,3.7142857142857144,19.0,13.857142857142858,24.75,51.0,5.5,15.5,9.25,16.25,12.5,3.0,11.0,20.5,60.25,3.75,14.75,13.25,11.25,6.5,8.0,12.75,7.25,0.6,0.0,11.0,6.0,5.0,1806.3656713581136
1082,24.75,64.125,3.75,13.5,15.875,12.625,18.0,9.0,21.125,18.75,60.75,4.0,17.25,13.75,11.0,22.0,7.375,22.125,12.625,23.833333333333332,51.666666666666664,3.0,8.333333333333334,9.666666666666666,15.166666666666666,18.5,4.5,12.0,22.333333333333332,66.5,3.0,14.5,15.0,9.666666666666666,10.5,8.833333333333334,16.833333333333332,8.666666666666666,1.0,1.0,15.0,2.0,13.0,1444.860260879779
1083,25.625,54.75,5.125,16.0,13.875,14.25,13.375,7.5,17.5,17.375,51.25,2.625,13.125,9.0,8.75,14.375,5.75,18.75,22.125,25.6,66.6,4.0,13.6,17.0,11.0,14.4,10.2,14.2,22.4,52.2,3.8,13.2,8.2,12.4,20.8,6.2,13.6,7.0,1.0,0.5,14.0,3.0,11.0,1496.4203335734558
1084,28.857142857142858,59.42857142857143,11.0,27.0,10.857142857142858,22.428571428571427,13.142857142857142,10.142857142857142,12.857142857142858,21.285714285714285,59.0,6.571428571428571,22.571428571428573,10.285714285714286,14.285714285714286,15.714285714285714,6.285714285714286,16.285714285714285,24.0,28.333333333333332,60.333333333333336,5.0,13.0,11.666666666666666,12.0,13.833333333333334,5.5,14.333333333333334,24.833333333333332,69.16666666666667,6.666666666666667,22.333333333333332,12.666666666666666,12.833333333333334,9.333333333333334,5.333333333333333,13.666666666666666,10.5,1.0,0.6666666666666666,13.0,4.0,9.0,1821.5574601874812
1085,27.166666666666668,59.333333333333336,8.5,21.666666666666668,11.166666666666666,16.0,13.166666666666666,6.833333333333333,14.5,18.666666666666668,56.5,7.166666666666667,26.166666666666668,8.0,9.166666666666666,13.166666666666666,8.0,17.666666666666668,19.0,22.25,57.25,7.5,26.5,9.5,13.25,8.75,3.0,13.5,21.25,57.5,4.0,15.0,9.5,10.75,7.5,3.75,14.25,6.0,1.0,0.0,8.0,9.0,-1.0,1852.2364403889508
1086,30.4,62.2,5.6,15.2,13.2,15.0,13.8,5.8,15.4,23.0,61.8,7.6,23.4,11.4,12.2,10.4,7.2,12.0,8.2,17.6,54.4,5.2,19.8,11.6,11.4,16.2,5.0,16.2,22.8,57.8,5.4,14.6,12.8,12.2,12.0,8.8,15.2,-10.8,0.5,0.5,7.0,10.0,-3.0,1962.080042834932
1087,22.8,61.8,7.4,23.6,14.6,13.8,13.0,5.4,19.2,22.6,59.4,5.6,17.8,11.0,11.0,10.8,7.4,16.4,-1.6,22.5,56.166666666666664,4.166666666666667,13.0,13.5,14.333333333333334,9.5,5.5,12.0,22.0,49.333333333333336,5.166666666666667,15.166666666666666,6.166666666666667,10.5,12.333333333333334,4.833333333333333,14.666666666666666,5.0,0.5,0.6666666666666666,10.0,7.0,3.0,1863.525438780933
1088,25.0,58.57142857142857,8.428571428571429,24.428571428571427,10.428571428571429,15.857142857142858,16.142857142857142,6.142857142857143,13.142857142857142,25.857142857142858,61.857142857142854,4.571428571428571,13.142857142857142,8.571428571428571,13.428571428571429,11.428571428571429,8.428571428571429,17.714285714285715,7.142857142857143,30.75,68.5,7.75,22.375,15.25,19.25,12.625,11.25,18.875,20.875,57.625,5.75,21.75,11.25,10.75,18.625,5.375,15.5,20.875,0.5,0.8,6.0,11.0,-5.0,2007.3376979987809
1089,26.75,71.5,1.0,8.75,16.75,11.5,10.5,10.5,18.5,23.0,60.25,4.0,15.75,15.25,11.75,16.0,6.0,15.5,-2.25,29.5,60.875,7.875,20.625,11.625,13.5,14.625,3.5,13.375,27.375,67.875,7.875,22.375,10.5,14.375,8.625,7.625,18.125,8.375,0.0,1.0,6.0,11.0,-5.0,1939.9845799406407
1090,27.444444444444443,69.88888888888889,11.0,33.77777777777778,15.11111111111111,16.666666666666668,15.0,13.666666666666666,15.0,24.444444444444443,62.111111111111114,7.0,21.88888888888889,12.666666666666666,14.11111111111111,21.444444444444443,7.333333333333333,18.88888888888889,16.11111111111111,32.857142857142854,64.14285714285714,7.428571428571429,19.857142857142858,12.0,22.285714285714285,11.142857142857142,11.0,11.142857142857142,16.714285714285715,56.57142857142857,5.714285714285714,19.714285714285715,9.714285714285714,8.142857142857142,18.857142857142858,4.857142857142857,14.285714285714286,39.142857142857146,1.0,1.0,16.0,1.0,15.0,1430.0065802238903
1091,28.2,56.0,5.0,11.8,7.8,21.4,17.4,5.6,12.0,25.6,68.8,6.4,21.2,13.4,12.2,12.8,10.8,19.6,11.8,22.6,53.6,8.2,22.0,8.2,13.4,12.2,2.8,16.8,24.4,61.0,3.6,13.6,11.6,13.4,8.0,7.2,13.6,0.2,0.5,0.5,6.0,11.0,-5.0,1963.1148113211389
1092,27.333333333333332,63.833333333333336,11.0,30.5,15.0,19.166666666666668,12.666666666666666,5.0,13.666666666666666,19.333333333333332,61.5,4.0,18.0,9.5,8.666666666666666,10.0,4.666666666666667,15.833333333333334,23.0,23.666666666666668,61.333333333333336,7.666666666666667,22.333333333333332,13.0,13.0,15.333333333333334,10.333333333333334,15.0,20.0,60.0,6.666666666666667,23.0,14.666666666666666,13.666666666666666,16.666666666666668,4.666666666666667,14.666666666666666,7.666666666666667,1.0,0.0,12.0,5.0,7.0,1752.4810594163305
1093,23.0,52.6,7.8,20.2,10.6,16.2,17.4,4.6,15.4,24.0,57.0,6.0,14.6,8.8,10.8,11.6,7.2,18.2,-1.0,29.5,61.666666666666664,13.833333333333334,33.0,11.5,18.5,12.5,9.0,15.833333333333334,21.166666666666668,55.5,4.833333333333333,16.666666666666668,9.666666666666666,10.5,18.0,5.0,14.833333333333334,26.333333333333332,0.5,1.0,5.0,12.0,-7.0,2018.5708415310085
1094,25.375,53.375,4.0,10.25,10.375,14.25,15.5,7.875,14.875,18.75,53.0,3.0,13.875,11.625,7.625,17.125,6.375,13.5,13.75,25.0,57.6,5.6,16.0,13.4,13.8,14.0,5.6,13.2,25.0,62.2,6.0,17.8,15.0,12.4,12.2,7.8,18.6,2.4,1.0,0.5,14.0,3.0,11.0,1710.0679219511833
1095,26.833333333333332,60.5,4.0,11.833333333333334,10.5,15.0,7.833333333333333,8.5,12.666666666666666,19.5,50.833333333333336,3.3333333333333335,12.833333333333334,9.166666666666666,9.0,17.333333333333332,3.3333333333333335,15.5,18.333333333333332,22.2,61.0,3.4,14.4,13.4,15.2,13.6,8.2,17.8,17.6,54.2,3.8,14.8,10.8,9.2,17.4,6.4,13.4,6.4,1.0,0.5,13.0,4.0,9.0,1785.5285595385858
1096,22.75,55.0,5.875,17.375,12.625,11.75,18.0,11.125,17.5,21.75,60.625,5.375,21.125,14.875,11.375,18.125,9.5,19.875,9.625,27.666666666666668,60.833333333333336,8.333333333333334,19.833333333333332,9.5,15.833333333333334,9.333333333333334,6.0,13.833333333333334,23.0,54.833333333333336,2.8333333333333335,10.0,9.333333333333334,8.166666666666666,14.833333333333334,4.333333333333333,15.833333333333334,15.166666666666666,1.0,0.6666666666666666,16.0,1.0,15.0,1344.3743861809503
1097,20.714285714285715,51.42857142857143,4.285714285714286,15.428571428571429,8.0,11.571428571428571,8.428571428571429,6.571428571428571,11.714285714285714,21.0,51.714285714285715,3.857142857142857,13.571428571428571,9.857142857142858,11.142857142857142,14.142857142857142,3.142857142857143,16.285714285714285,7.0,32.0,67.5,7.333333333333333,18.333333333333332,14.5,14.333333333333334,11.666666666666666,7.666666666666667,14.333333333333334,25.166666666666668,68.0,5.0,16.666666666666668,16.833333333333332,13.833333333333334,13.833333333333334,5.0,16.666666666666668,18.166666666666668,1.0,1.0,14.0,3.0,11.0,1777.661017800038
1098,23.75,62.0,11.5,32.0,13.0,13.75,13.5,8.75,13.5,25.5,60.0,7.5,25.0,12.5,15.5,15.5,6.75,16.5,1.5,23.8,59.6,6.2,20.2,11.6,12.0,12.2,7.0,14.0,27.2,62.2,6.4,16.8,10.2,13.2,12.6,6.8,18.6,-1.6,0.0,0.5,8.0,9.0,-1.0,2017.3980884222065
1099,24.8,55.8,5.6,15.8,11.2,13.2,15.8,9.6,15.6,22.6,60.4,5.8,20.0,14.6,12.4,16.8,8.6,16.6,6.0,29.833333333333332,67.66666666666667,7.833333333333333,21.0,14.0,16.333333333333332,9.333333333333334,9.0,17.166666666666668,21.333333333333332,56.333333333333336,5.833333333333333,16.166666666666668,8.833333333333334,12.5,16.333333333333332,4.666666666666667,16.333333333333332,19.166666666666668,0.5,1.0,8.0,9.0,-1.0,2006.5315914649848
1100,25.666666666666668,60.166666666666664,6.833333333333333,19.666666666666668,12.833333333333334,15.5,12.833333333333334,8.333333333333334,14.0,21.0,58.833333333333336,3.3333333333333335,14.333333333333334,11.833333333333334,9.166666666666666,13.666666666666666,5.833333333333333,15.333333333333334,13.166666666666666,25.4,57.8,7.0,21.0,11.4,11.4,13.4,8.0,16.6,22.6,54.6,7.2,20.4,11.6,10.0,13.2,8.0,13.4,-0.6,1.0,0.6666666666666666,13.0,4.0,9.0,1884.680098721308
1101,25.8,57.6,7.4,22.6,11.4,15.6,12.2,6.6,16.8,19.0,52.8,5.2,16.8,10.8,9.6,15.0,5.6,15.2,16.8,30.285714285714285,66.85714285714286,6.428571428571429,15.857142857142858,12.857142857142858,16.571428571428573,12.857142857142858,6.285714285714286,19.0,25.714285714285715,62.42857142857143,3.7142857142857144,16.571428571428573,10.714285714285714,11.285714285714286,12.142857142857142,6.571428571428571,14.857142857142858,7.428571428571429,1.0,0.75,15.0,2.0,13.0,1621.0032237637504
1102,20.571428571428573,57.285714285714285,4.857142857142857,17.285714285714285,9.428571428571429,14.0,11.285714285714286,9.0,15.571428571428571,19.571428571428573,55.714285714285715,5.857142857142857,17.428571428571427,11.857142857142858,11.142857142857142,18.428571428571427,6.714285714285714,17.857142857142858,4.428571428571429,29.2,67.2,7.0,20.0,15.6,17.4,10.4,9.0,16.2,27.2,60.2,8.2,20.8,12.2,15.2,13.8,6.8,14.6,1.2,0.75,0.5,14.0,3.0,11.0,1595.951583500603
1103,24.333333333333332,57.333333333333336,6.333333333333333,15.0,13.333333333333334,14.333333333333334,15.0,6.0,16.333333333333332,23.0,58.0,3.0,15.0,12.0,11.666666666666666,13.0,7.666666666666667,16.0,9.333333333333334,32.142857142857146,64.28571428571429,4.142857142857143,10.285714285714286,15.0,17.0,11.857142857142858,6.285714285714286,15.142857142857142,21.285714285714285,59.0,6.714285714285714,20.428571428571427,9.142857142857142,9.428571428571429,14.285714285714286,5.428571428571429,20.142857142857142,26.285714285714285,0.5,1.0,7.0,2.0,5.0,1933.224218634001
1104,28.166666666666668,62.666666666666664,5.5,20.333333333333332,11.833333333333334,13.666666666666666,12.166666666666666,9.666666666666666,15.333333333333334,27.333333333333332,62.333333333333336,7.166666666666667,20.833333333333332,10.5,14.833333333333334,15.5,6.166666666666667,16.666666666666668,5.333333333333333,26.333333333333332,58.833333333333336,6.166666666666667,17.833333333333332,9.833333333333334,15.333333333333334,12.0,8.0,17.0,21.5,54.166666666666664,4.166666666666667,14.5,10.666666666666666,10.333333333333334,15.333333333333334,5.666666666666667,14.333333333333334,10.666666666666666,0.6666666666666666,1.0,8.0,1.0,7.0,1937.5276173943912
1105,26.666666666666668,62.5,3.5,12.5,15.0,14.333333333333334,12.166666666666666,6.833333333333333,15.0,25.166666666666668,58.833333333333336,8.166666666666666,19.5,10.833333333333334,14.166666666666666,12.166666666666666,5.333333333333333,16.5,-1.1666666666666667,23.166666666666668,57.666666666666664,5.333333333333333,18.666666666666668,11.833333333333334,12.833333333333334,12.666666666666666,6.833333333333333,13.0,24.5,57.666666666666664,6.166666666666667,16.166666666666668,9.0,13.333333333333334,14.666666666666666,7.0,17.833333333333332,3.1666666666666665,0.6666666666666666,0.6666666666666666,5.0,4.0,1.0,2188.147928569876
1106,22.25,57.25,7.5,26.5,9.5,13.25,8.75,3.0,13.5,21.25,57.5,4.0,15.0,9.5,10.75,7.5,3.75,14.25,6.0,33.166666666666664,62.333333333333336,5.333333333333333,12.166666666666666,12.666666666666666,18.166666666666668,12.333333333333334,6.166666666666667,11.833333333333334,23.5,63.666666666666664,8.166666666666666,22.666666666666668,12.166666666666666,14.833333333333334,12.833333333333334,5.833333333333333,14.333333333333334,21.166666666666668,0.0,0.6666666666666666,9.0,1.0,8.0,1859.2657816589488
1107,29.4,72.0,7.8,25.8,14.6,15.0,10.6,9.6,17.2,30.4,66.8,8.0,19.6,10.8,18.8,15.8,5.0,17.8,3.0,28.333333333333332,56.333333333333336,10.166666666666666,22.0,10.833333333333334,16.333333333333332,11.0,5.833333333333333,10.5,24.5,60.666666666666664,5.666666666666667,19.166666666666668,13.666666666666666,13.0,11.5,6.333333333333333,12.833333333333334,15.5,0.5,1.0,10.0,2.0,8.0,1950.0253602818511
1108,25.6,66.6,4.0,13.6,17.0,11.0,14.4,10.2,14.2,22.4,52.2,3.8,13.2,8.2,12.4,20.8,6.2,13.6,7.0,24.75,51.0,5.5,15.5,9.25,16.25,12.5,3.0,11.0,20.5,60.25,3.75,14.75,13.25,11.25,6.5,8.0,12.75,7.25,0.5,0.0,3.0,6.0,-3.0,2092.889145416984
1109,17.6,54.4,5.2,19.8,11.6,11.4,16.2,5.0,16.2,22.8,57.8,5.4,14.6,12.8,12.2,12.0,8.8,15.2,-10.8,23.833333333333332,51.666666666666664,3.0,8.333333333333334,9.666666666666666,15.166666666666666,18.5,4.5,12.0,22.333333333333332,66.5,3.0,14.5,15.0,9.666666666666666,10.5,8.833333333333334,16.833333333333332,8.666666666666666,0.5,1.0,10.0,2.0,8.0,1939.71460560436
1110,28.333333333333332,63.833333333333336,11.666666666666666,32.666666666666664,12.333333333333334,18.0,12.666666666666666,5.666666666666667,13.5,23.5,64.16666666666667,5.0,18.666666666666668,9.333333333333334,11.0,10.666666666666666,6.5,15.666666666666666,19.166666666666668,28.333333333333332,60.333333333333336,5.0,13.0,11.666666666666666,12.0,13.833333333333334,5.5,14.333333333333334,24.833333333333332,69.16666666666667,6.666666666666667,22.333333333333332,12.666666666666666,12.833333333333334,9.333333333333334,5.333333333333333,13.666666666666666,10.5,1.0,0.6666666666666666,5.0,4.0,1.0,2053.567419625257
1111,25.0,57.6,5.6,16.0,13.4,13.8,14.0,5.6,13.2,25.0,62.2,6.0,17.8,15.0,12.4,12.2,7.8,18.6,2.4,30.75,68.5,7.75,22.375,15.25,19.25,12.625,11.25,18.875,20.875,57.625,5.75,21.75,11.25,10.75,18.625,5.375,15.5,20.875,0.5,0.8,3.0,11.0,-8.0,2159.9980528030774
1112,32.0,67.5,7.333333333333333,18.333333333333332,14.5,14.333333333333334,11.666666666666666,7.666666666666667,14.333333333333334,25.166666666666668,68.0,5.0,16.666666666666668,16.833333333333332,13.833333333333334,13.833333333333334,5.0,16.666666666666668,18.166666666666668,29.5,60.875,7.875,20.625,11.625,13.5,14.625,3.5,13.375,27.375,67.875,7.875,22.375,10.5,14.375,8.625,7.625,18.125,8.375,1.0,1.0,3.0,11.0,-8.0,2165.52037860607
1113,29.833333333333332,67.66666666666667,7.833333333333333,21.0,14.0,16.333333333333332,9.333333333333334,9.0,17.166666666666668,21.333333333333332,56.333333333333336,5.833333333333333,16.166666666666668,8.833333333333334,12.5,16.333333333333332,4.666666666666667,16.333333333333332,19.166666666666668,32.857142857142854,64.14285714285714,7.428571428571429,19.857142857142858,12.0,22.285714285714285,11.142857142857142,11.0,11.142857142857142,16.714285714285715,56.57142857142857,5.714285714285714,19.714285714285715,9.714285714285714,8.142857142857142,18.857142857142858,4.857142857142857,14.285714285714286,39.142857142857146,1.0,1.0,9.0,1.0,8.0,1862.7890973319384
1114,22.2,61.0,3.4,14.4,13.4,15.2,13.6,8.2,17.8,17.6,54.2,3.8,14.8,10.8,9.2,17.4,6.4,13.4,6.4,23.666666666666668,61.333333333333336,7.666666666666667,22.333333333333332,13.0,13.0,15.333333333333334,10.333333333333334,15.0,20.0,60.0,6.666666666666667,23.0,14.666666666666666,13.666666666666666,16.666666666666668,4.666666666666667,14.666666666666666,7.666666666666667,0.5,0.0,4.0,5.0,-1.0,2019.304611520827
1115,23.8,59.6,6.2,20.2,11.6,12.0,12.2,7.0,14.0,27.2,62.2,6.4,16.8,10.2,13.2,12.6,6.8,18.6,-1.6,27.666666666666668,60.833333333333336,8.333333333333334,19.833333333333332,9.5,15.833333333333334,9.333333333333334,6.0,13.833333333333334,23.0,54.833333333333336,2.8333333333333335,10.0,9.333333333333334,8.166666666666666,14.833333333333334,4.333333333333333,15.833333333333334,15.166666666666666,0.5,0.6666666666666666,9.0,1.0,8.0,1969.301818011164
1116,29.5,61.666666666666664,13.833333333333334,33.0,11.5,18.5,12.5,9.0,15.833333333333334,21.166666666666668,55.5,4.833333333333333,16.666666666666668,9.666666666666666,10.5,18.0,5.0,14.833333333333334,26.333333333333332,25.4,57.8,7.0,21.0,11.4,11.4,13.4,8.0,16.6,22.6,54.6,7.2,20.4,11.6,10.0,13.2,8.0,13.4,-0.6,1.0,0.6666666666666666,12.0,4.0,8.0,1862.929575077904
1117,22.5,56.166666666666664,4.166666666666667,13.0,13.5,14.333333333333334,9.5,5.5,12.0,22.0,49.333333333333336,5.166666666666667,15.166666666666666,6.166666666666667,10.5,12.333333333333334,4.833333333333333,14.666666666666666,5.0,30.285714285714285,66.85714285714286,6.428571428571429,15.857142857142858,12.857142857142858,16.571428571428573,12.857142857142858,6.285714285714286,19.0,25.714285714285715,62.42857142857143,3.7142857142857144,16.571428571428573,10.714285714285714,11.285714285714286,12.142857142857142,6.571428571428571,14.857142857142858,7.428571428571429,0.6666666666666666,0.75,7.0,2.0,5.0,1984.6736156764528
1118,22.6,53.6,8.2,22.0,8.2,13.4,12.2,2.8,16.8,24.4,61.0,3.6,13.6,11.6,13.4,8.0,7.2,13.6,0.2,29.2,67.2,7.0,20.0,15.6,17.4,10.4,9.0,16.2,27.2,60.2,8.2,20.8,12.2,15.2,13.8,6.8,14.6,1.2,0.5,0.5,11.0,3.0,8.0,1873.550191509259
1119,25.4,57.8,7.0,21.0,11.4,11.4,13.4,8.0,16.6,22.6,54.6,7.2,20.4,11.6,10.0,13.2,8.0,13.4,-0.6,26.333333333333332,58.833333333333336,6.166666666666667,17.833333333333332,9.833333333333334,15.333333333333334,12.0,8.0,17.0,21.5,54.166666666666664,4.166666666666667,14.5,10.666666666666666,10.333333333333334,15.333333333333334,5.666666666666667,14.333333333333334,10.666666666666666,0.6666666666666666,1.0,4.0,1.0,3.0,2158.4664660916137
1120,23.166666666666668,57.666666666666664,5.333333333333333,18.666666666666668,11.833333333333334,12.833333333333334,12.666666666666666,6.833333333333333,13.0,24.5,57.666666666666664,6.166666666666667,16.166666666666668,9.0,13.333333333333334,14.666666666666666,7.0,17.833333333333332,3.1666666666666665,27.666666666666668,60.833333333333336,8.333333333333334,19.833333333333332,9.5,15.833333333333334,9.333333333333334,6.0,13.833333333333334,23.0,54.833333333333336,2.8333333333333335,10.0,9.333333333333334,8.166666666666666,14.833333333333334,4.333333333333333,15.833333333333334,15.166666666666666,0.6666666666666666,0.6666666666666666,4.0,1.0,3.0,2050.3112547781398
1121,32.142857142857146,64.28571428571429,4.142857142857143,10.285714285714286,15.0,17.0,11.857142857142858,6.285714285714286,15.142857142857142,21.285714285714285,59.0,6.714285714285714,20.428571428571427,9.142857142857142,9.428571428571429,14.285714285714286,5.428571428571429,20.142857142857142,26.285714285714285,24.75,51.0,5.5,15.5,9.25,16.25,12.5,3.0,11.0,20.5,60.25,3.75,14.75,13.25,11.25,6.5,8.0,12.75,7.25,1.0,0.0,2.0,6.0,-4.0,2407.871141756683
1122,30.285714285714285,66.85714285714286,6.428571428571429,15.857142857142858,12.857142857142858,16.571428571428573,12.857142857142858,6.285714285714286,19.0,25.714285714285715,62.42857142857143,3.7142857142857144,16.571428571428573,10.714285714285714,11.285714285714286,12.142857142857142,6.571428571428571,14.857142857142858,7.428571428571429,29.2,67.2,7.0,20.0,15.6,17.4,10.4,9.0,16.2,27.2,60.2,8.2,20.8,12.2,15.2,13.8,6.8,14.6,1.2,0.75,0.5,2.0,3.0,-1.0,2213.7921284822705
1123,23.666666666666668,61.333333333333336,7.666666666666667,22.333333333333332,13.0,13.0,15.333333333333334,10.333333333333334,15.0,20.0,60.0,6.666666666666667,23.0,14.666666666666666,13.666666666666666,16.666666666666668,4.666666666666667,14.666666666666666,7.666666666666667,32.857142857142854,64.14285714285714,7.428571428571429,19.857142857142858,12.0,22.285714285714285,11.142857142857142,11.0,11.142857142857142,16.714285714285715,56.57142857142857,5.714285714285714,19.714285714285715,9.714285714285714,8.142857142857142,18.857142857142858,4.857142857142857,14.285714285714286,39.142857142857146,0.0,1.0,5.0,1.0,4.0,2095.7599655717468
1124,28.333333333333332,60.333333333333336,5.0,13.0,11.666666666666666,12.0,13.833333333333334,5.5,14.333333333333334,24.833333333333332,69.16666666666667,6.666666666666667,22.333333333333332,12.666666666666666,12.833333333333334,9.333333333333334,5.333333333333333,13.666666666666666,10.5,33.166666666666664,62.333333333333336,5.333333333333333,12.166666666666666,12.666666666666666,18.166666666666668,12.333333333333334,6.166666666666667,11.833333333333334,23.5,63.666666666666664,8.166666666666666,22.666666666666668,12.166666666666666,14.833333333333334,12.833333333333334,5.833333333333333,14.333333333333334,21.166666666666668,0.6666666666666666,0.6666666666666666,4.0,1.0,3.0,2053.561594283648
1125,29.5,60.875,7.875,20.625,11.625,13.5,14.625,3.5,13.375,27.375,67.875,7.875,22.375,10.5,14.375,8.625,7.625,18.125,8.375,28.333333333333332,56.333333333333336,10.166666666666666,22.0,10.833333333333334,16.333333333333332,11.0,5.833333333333333,10.5,24.5,60.666666666666664,5.666666666666667,19.166666666666668,13.666666666666666,13.0,11.5,6.333333333333333,12.833333333333334,15.5,1.0,1.0,11.0,2.0,9.0,1907.1398708369304
1126,30.75,68.5,7.75,22.375,15.25,19.25,12.625,11.25,18.875,20.875,57.625,5.75,21.75,11.25,10.75,18.625,5.375,15.5,20.875,23.833333333333332,51.666666666666664,3.0,8.333333333333334,9.666666666666666,15.166666666666666,18.5,4.5,12.0,22.333333333333332,66.5,3.0,14.5,15.0,9.666666666666666,10.5,8.833333333333334,16.833333333333332,8.666666666666666,0.8,1.0,11.0,2.0,9.0,1840.812537031848
1127,24.75,51.0,5.5,15.5,9.25,16.25,12.5,3.0,11.0,20.5,60.25,3.75,14.75,13.25,11.25,6.5,8.0,12.75,7.25,26.333333333333332,58.833333333333336,6.166666666666667,17.833333333333332,9.833333333333334,15.333333333333334,12.0,8.0,17.0,21.5,54.166666666666664,4.166666666666667,14.5,10.666666666666666,10.333333333333334,15.333333333333334,5.666666666666667,14.333333333333334,10.666666666666666,0.0,1.0,6.0,1.0,5.0,2181.747764445436
1128,29.2,67.2,7.0,20.0,15.6,17.4,10.4,9.0,16.2,27.2,60.2,8.2,20.8,12.2,15.2,13.8,6.8,14.6,1.2,27.666666666666668,60.833333333333336,8.333333333333334,19.833333333333332,9.5,15.833333333333334,9.333333333333334,6.0,13.833333333333334,23.0,54.833333333333336,2.8333333333333335,10.0,9.333333333333334,8.166666666666666,14.833333333333334,4.333333333333333,15.833333333333334,15.166666666666666,0.5,0.6666666666666666,3.0,1.0,2.0,2149.4510453169883
1129,23.833333333333332,51.666666666666664,3.0,8.333333333333334,9.666666666666666,15.166666666666666,18.5,4.5,12.0,22.333333333333332,66.5,3.0,14.5,15.0,9.666666666666666,10.5,8.833333333333334,16.833333333333332,8.666666666666666,32.857142857142854,64.14285714285714,7.428571428571429,19.857142857142858,12.0,22.285714285714285,11.142857142857142,11.0,11.142857142857142,16.714285714285715,56.57142857142857,5.714285714285714,19.714285714285715,9.714285714285714,8.142857142857142,18.857142857142858,4.857142857142857,14.285714285714286,39.142857142857146,1.0,1.0,2.0,1.0,1.0,2327.4083224800074
1130,28.333333333333332,56.333333333333336,10.166666666666666,22.0,10.833333333333334,16.333333333333332,11.0,5.833333333333333,10.5,24.5,60.666666666666664,5.666666666666667,19.166666666666668,13.666666666666666,13.0,11.5,6.333333333333333,12.833333333333334,15.5,33.166666666666664,62.333333333333336,5.333333333333333,12.166666666666666,12.666666666666666,18.166666666666668,12.333333333333334,6.166666666666667,11.833333333333334,23.5,63.666666666666664,8.166666666666666,22.666666666666668,12.166666666666666,14.833333333333334,12.833333333333334,5.833333333333333,14.333333333333334,21.166666666666668,1.0,0.6666666666666666,2.0,1.0,1.0,2173.444350220587
1131,26.333333333333332,58.833333333333336,6.166666666666667,17.833333333333332,9.833333333333334,15.333333333333334,12.0,8.0,17.0,21.5,54.166666666666664,4.166666666666667,14.5,10.666666666666666,10.333333333333334,15.333333333333334,5.666666666666667,14.333333333333334,10.666666666666666,27.666666666666668,60.833333333333336,8.333333333333334,19.833333333333332,9.5,15.833333333333334,9.333333333333334,6.0,13.833333333333334,23.0,54.833333333333336,2.8333333333333335,10.0,9.333333333333334,8.166666666666666,14.833333333333334,4.333333333333333,15.833333333333334,15.166666666666666,1.0,0.6666666666666666,1.0,1.0,0.0,2316.941308391284
1132,32.857142857142854,64.14285714285714,7.428571428571429,19.857142857142858,12.0,22.285714285714285,11.142857142857142,11.0,11.142857142857142,16.714285714285715,56.57142857142857,5.714285714285714,19.714285714285715,9.714285714285714,8.142857142857142,18.857142857142858,4.857142857142857,14.285714285714286,39.142857142857146,33.166666666666664,62.333333333333336,5.333333333333333,12.166666666666666,12.666666666666666,18.166666666666668,12.333333333333334,6.166666666666667,11.833333333333334,23.5,63.666666666666664,8.166666666666666,22.666666666666668,12.166666666666666,14.833333333333334,12.833333333333334,5.833333333333333,14.333333333333334,21.166666666666668,1.0,0.6666666666666666,1.0,1.0,0.0,2661.724001680967
1133,27.666666666666668,60.833333333333336,8.333333333333334,19.833333333333332,9.5,15.833333333333334,9.333333333333334,6.0,13.833333333333334,23.0,54.833333333333336,2.8333333333333335,10.0,9.333333333333334,8.166666666666666,14.833333333333334,4.333333333333333,15.833333333333334,15.166666666666666,33.166666666666664,62.333333333333336,5.333333333333333,12.166666666666666,12.666666666666666,18.166666666666668,12.333333333333334,6.166666666666667,11.833333333333334,23.5,63.666666666666664,8.166666666666666,22.666666666666668,12.166666666666666,14.833333333333334,12.833333333333334,5.833333333333333,14.333333333333334,21.166666666666668,0.6666666666666666,0.6666666666666666,1.0,1.0,0.0,2335.4177569957465
1134,23.4,55.0,5.4,17.4,11.0,16.4,13.4,5.8,16.2,23.0,50.4,4.4,15.4,8.0,9.2,12.4,6.2,14.6,-0.6,23.833333333333332,53.666666666666664,2.8333333333333335,9.166666666666666,9.333333333333334,10.5,13.833333333333334,8.333333333333334,16.833333333333332,20.0,54.0,5.333333333333333,19.0,11.666666666666666,12.5,17.333333333333332,7.0,14.666666666666666,4.333333333333333,0.5,0.75,5.0,12.0,-7.0,2007.591101405776
1135,25.0,60.75,5.75,19.125,14.625,13.25,14.375,7.75,17.375,21.125,59.375,7.25,24.75,10.375,13.875,14.375,6.5,17.75,12.875,24.8,60.4,4.8,19.4,12.8,12.6,16.2,12.2,20.0,18.6,47.0,5.2,15.8,8.4,12.6,21.2,8.6,15.4,9.2,0.8,0.5,10.0,7.0,3.0,1829.2976701152147
1136,26.75,66.5,5.0,14.0,12.75,11.75,16.5,9.5,16.25,27.25,63.75,7.5,24.0,11.5,13.0,18.0,7.25,18.25,-1.0,27.666666666666668,61.166666666666664,5.166666666666667,19.166666666666668,11.666666666666666,12.833333333333334,12.5,8.166666666666666,20.333333333333332,20.833333333333332,50.666666666666664,6.833333333333333,17.166666666666668,8.333333333333334,11.166666666666666,19.5,4.5,24.666666666666668,13.666666666666666,0.5,0.6666666666666666,9.0,8.0,1.0,1779.647674836559
1137,28.285714285714285,58.714285714285715,5.857142857142857,19.571428571428573,10.714285714285714,17.857142857142858,12.142857142857142,9.142857142857142,12.142857142857142,19.0,58.142857142857146,5.285714285714286,18.857142857142858,11.571428571428571,10.857142857142858,16.428571428571427,5.285714285714286,16.428571428571427,24.571428571428573,20.428571428571427,56.42857142857143,3.857142857142857,14.0,14.857142857142858,9.0,16.571428571428573,8.714285714285714,16.0,20.285714285714285,56.57142857142857,5.0,17.142857142857142,12.571428571428571,11.285714285714286,15.142857142857142,6.0,17.428571428571427,-1.2857142857142858,1.0,0.6,2.0,15.0,-13.0,2605.7709248382985
1138,23.8,58.8,5.2,19.0,12.8,11.6,12.8,6.6,18.0,24.0,56.2,5.0,14.2,10.8,11.6,11.8,6.4,16.0,-0.8,26.428571428571427,54.42857142857143,8.714285714285714,22.428571428571427,9.0,15.857142857142858,14.285714285714286,10.142857142857142,16.857142857142858,19.714285714285715,54.285714285714285,6.0,18.857142857142858,10.142857142857142,12.428571428571429,17.285714285714285,6.714285714285714,17.714285714285715,18.857142857142858,0.5,1.0,5.0,12.0,-7.0,2081.564047988541
1139,23.0,57.75,5.5,15.5,10.25,12.25,14.25,6.0,15.75,22.5,59.75,3.5,15.0,10.0,15.0,11.5,6.5,15.25,0.25,25.166666666666668,61.833333333333336,3.0,10.833333333333334,14.833333333333334,12.5,15.666666666666666,4.666666666666667,18.5,23.5,62.833333333333336,7.0,23.5,12.166666666666666,13.666666666666666,13.0,7.0,13.833333333333334,-0.6666666666666666,0.5,0.6666666666666666,10.0,7.0,3.0,1887.3163542505135
1140,28.6,55.0,5.2,13.8,8.2,22.4,15.4,5.4,11.0,25.0,64.0,5.0,18.0,10.2,14.0,10.6,9.8,18.2,13.6,25.666666666666668,57.833333333333336,4.0,11.333333333333334,8.666666666666666,13.666666666666666,10.333333333333334,6.166666666666667,13.666666666666666,19.5,62.166666666666664,3.8333333333333335,16.833333333333332,14.0,8.166666666666666,12.0,4.666666666666667,14.166666666666666,10.0,1.0,1.0,2.0,15.0,-13.0,2090.237076514916
1141,31.333333333333332,66.83333333333333,7.0,24.0,13.0,17.5,11.166666666666666,7.5,16.166666666666668,25.5,59.0,4.166666666666667,12.166666666666666,10.5,9.333333333333334,17.666666666666668,3.5,14.666666666666666,15.166666666666666,24.125,58.0,7.25,20.875,12.25,14.25,14.375,9.375,17.625,18.75,50.75,5.375,17.75,10.5,11.25,20.375,7.5,16.625,12.375,0.6666666666666666,0.8,1.0,16.0,-15.0,2342.302649336679
1142,28.5,63.0,8.833333333333334,22.833333333333332,11.833333333333334,16.333333333333332,12.5,9.166666666666666,14.333333333333334,23.333333333333332,59.666666666666664,7.0,23.166666666666668,9.666666666666666,14.0,15.5,4.666666666666667,15.5,14.333333333333334,23.833333333333332,49.666666666666664,7.166666666666667,17.666666666666668,8.833333333333334,16.333333333333332,13.833333333333334,4.833333333333333,10.333333333333334,19.666666666666668,58.833333333333336,4.333333333333333,16.833333333333332,10.833333333333334,10.833333333333334,11.166666666666666,5.5,17.166666666666668,19.0,0.6666666666666666,1.0,5.0,12.0,-7.0,1989.1664328873487
1143,27.25,61.5,6.5,19.0,13.0,12.75,14.0,5.0,16.75,24.5,63.75,7.25,22.25,13.5,11.75,11.5,5.5,16.5,3.5,24.833333333333332,60.333333333333336,11.5,32.0,13.0,15.666666666666666,11.5,10.333333333333334,12.833333333333334,19.5,48.166666666666664,2.5,9.833333333333334,8.5,7.666666666666667,20.333333333333332,5.833333333333333,16.166666666666668,20.166666666666668,0.0,1.0,4.0,13.0,-9.0,2035.793941270168
1144,24.5,57.75,5.25,13.5,12.5,19.0,19.25,10.75,17.75,23.25,58.0,4.75,16.75,13.5,13.75,19.25,9.75,16.0,1.75,25.0,58.833333333333336,6.0,19.5,10.166666666666666,14.666666666666666,15.166666666666666,10.666666666666666,15.666666666666666,24.666666666666668,63.0,6.5,20.333333333333332,14.833333333333334,16.666666666666668,17.666666666666668,8.833333333333334,17.0,2.8333333333333335,0.5,0.6666666666666666,8.0,9.0,-1.0,1948.9914687764017
1145,31.166666666666668,63.333333333333336,4.5,10.5,14.0,15.666666666666666,10.666666666666666,7.5,18.333333333333332,23.0,53.833333333333336,6.666666666666667,17.0,10.166666666666666,10.833333333333334,19.0,6.0,18.0,16.833333333333332,21.0,58.75,4.125,16.0,16.375,10.25,16.25,6.875,19.625,18.125,50.0,2.375,13.125,10.375,9.125,17.625,8.0,19.625,5.375,1.0,0.8,1.0,16.0,-15.0,2356.0602264847234
1146,23.0,47.5,9.333333333333334,23.166666666666668,7.833333333333333,13.666666666666666,17.833333333333332,4.666666666666667,14.666666666666666,23.166666666666668,63.333333333333336,5.166666666666667,19.333333333333332,11.333333333333334,10.833333333333334,9.0,8.166666666666666,17.833333333333332,9.166666666666666,27.625,56.125,8.75,22.25,10.375,19.25,20.0,9.375,17.75,22.625,63.375,6.75,23.5,12.125,13.0,15.75,9.625,21.0,14.75,0.6666666666666666,0.8,7.0,10.0,-3.0,2017.694298915614
1147,29.5,62.166666666666664,8.333333333333334,21.0,10.833333333333334,17.333333333333332,9.833333333333334,5.833333333333333,13.166666666666666,24.666666666666668,59.166666666666664,6.833333333333333,21.0,9.166666666666666,14.166666666666666,10.333333333333334,4.666666666666667,14.833333333333334,11.0,26.25,60.125,4.875,16.25,11.25,16.5,15.125,9.625,14.875,23.0,63.0,8.125,24.125,12.625,15.75,15.0,7.25,14.0,8.0,0.6666666666666666,0.8,2.0,15.0,-13.0,2220.964892307529
1148,27.5,64.75,5.0,17.25,13.75,11.25,11.0,6.25,16.5,26.25,65.25,4.75,12.5,16.0,10.5,12.25,5.75,20.0,3.0,25.0,54.833333333333336,9.166666666666666,25.0,10.166666666666666,15.833333333333334,9.5,3.5,11.0,24.166666666666668,61.833333333333336,7.5,18.833333333333332,10.666666666666666,13.333333333333334,8.0,5.166666666666667,18.833333333333332,10.833333333333334,0.0,1.0,4.0,13.0,-9.0,2207.5522399277897
1149,24.8,53.0,3.2,11.4,12.0,13.2,18.8,5.4,12.2,21.4,59.4,8.2,24.8,7.8,11.6,12.6,9.0,16.8,6.6,25.333333333333332,67.83333333333333,4.5,17.0,17.0,10.833333333333334,10.666666666666666,6.333333333333333,15.5,21.0,60.666666666666664,6.166666666666667,22.166666666666668,9.666666666666666,14.666666666666666,12.5,5.333333333333333,17.166666666666668,8.666666666666666,0.5,1.0,4.0,13.0,-9.0,2070.19012349462
1150,30.0,65.0,2.5714285714285716,6.857142857142857,15.285714285714286,19.571428571428573,11.571428571428571,6.428571428571429,15.142857142857142,17.714285714285715,57.714285714285715,5.285714285714286,20.142857142857142,10.285714285714286,7.285714285714286,13.857142857142858,4.571428571428571,18.142857142857142,23.571428571428573,26.5,51.25,10.375,23.5,9.375,18.375,19.5,8.125,17.125,22.375,58.125,5.375,17.875,12.125,11.125,14.625,10.875,17.5,13.625,1.0,0.8,1.0,16.0,-15.0,2435.765523047924
1151,27.4,58.2,7.6,19.2,8.8,14.6,9.8,6.4,13.6,21.0,59.4,8.0,22.2,12.8,12.2,11.4,4.6,17.2,11.8,21.2,57.2,4.4,14.8,11.0,10.4,11.0,11.2,19.8,20.6,45.8,4.4,13.8,11.0,11.4,22.8,5.0,16.6,1.2,1.0,0.5,7.0,10.0,-3.0,1802.314577105353
1152,28.0,63.2,8.8,24.2,13.6,17.4,12.6,3.6,13.0,25.4,58.4,6.0,17.4,6.6,12.0,9.2,5.8,13.8,7.0,25.25,64.25,7.5,24.0,10.0,14.25,10.25,5.0,16.75,29.75,65.0,5.25,19.0,13.75,15.0,12.75,6.25,14.75,-8.5,0.5,0.5,8.0,9.0,-1.0,1939.621656826303
1153,25.4,57.4,4.6,11.0,9.2,14.4,11.6,7.4,14.8,23.2,62.4,6.6,18.0,14.6,12.6,14.2,6.4,18.6,8.0,27.0,57.714285714285715,3.4285714285714284,10.0,12.428571428571429,16.571428571428573,10.857142857142858,6.285714285714286,13.142857142857142,20.142857142857142,49.0,3.0,12.142857142857142,8.571428571428571,8.142857142857142,15.857142857142858,4.285714285714286,14.0,15.142857142857142,0.5,1.0,5.0,12.0,-7.0,1935.3627033482924
1154,23.285714285714285,60.142857142857146,7.857142857142857,25.714285714285715,9.428571428571429,10.571428571428571,12.714285714285714,5.142857142857143,15.142857142857142,25.142857142857142,62.57142857142857,3.7142857142857144,13.428571428571429,11.142857142857142,13.428571428571429,14.714285714285714,5.142857142857143,20.142857142857142,3.2857142857142856,30.285714285714285,69.57142857142857,6.285714285714286,18.142857142857142,14.142857142857142,14.714285714285714,13.857142857142858,13.428571428571429,17.142857142857142,23.0,61.57142857142857,5.571428571428571,22.285714285714285,14.285714285714286,11.142857142857142,22.285714285714285,8.0,16.142857142857142,15.857142857142858,0.75,1.0,3.0,14.0,-11.0,2017.6585517331796
1155,21.5,61.0,3.5,15.25,8.75,10.75,11.25,10.75,18.5,20.75,51.75,4.5,13.25,11.5,12.25,20.0,4.25,17.25,0.25,25.875,59.875,4.875,16.625,12.5,14.125,12.625,8.625,15.125,22.375,63.0,5.125,17.125,14.0,10.125,14.625,6.375,16.0,13.125,0.0,1.0,6.0,11.0,-5.0,2028.962792408501
1156,26.0,58.6,4.8,14.2,13.2,17.0,16.2,7.6,18.0,23.4,60.8,6.8,17.8,12.2,16.0,13.4,9.6,16.8,3.0,19.75,53.875,2.875,12.0,12.75,10.5,13.25,5.75,11.875,18.375,59.0,5.0,19.75,10.625,9.125,12.0,6.75,17.875,9.625,0.6666666666666666,1.0,3.0,14.0,-11.0,2181.237233168589
1157,21.6,57.2,4.8,16.0,12.4,13.4,14.8,9.0,17.2,22.6,56.0,4.2,13.2,12.6,15.2,15.8,9.0,18.6,0.2,30.142857142857142,64.42857142857143,10.571428571428571,25.428571428571427,11.428571428571429,18.142857142857142,13.0,5.857142857142857,14.714285714285714,24.142857142857142,62.285714285714285,4.571428571428571,15.142857142857142,9.571428571428571,8.857142857142858,13.142857142857142,6.285714285714286,16.857142857142858,19.285714285714285,0.5,0.75,9.0,8.0,1.0,1912.9538886635
1158,29.0,66.0,5.375,15.125,15.375,15.25,13.0,10.25,14.125,22.25,59.0,8.0,24.125,8.625,12.125,17.125,6.5,16.75,16.125,28.0,64.33333333333333,9.833333333333334,29.5,14.166666666666666,19.5,11.833333333333334,7.666666666666667,17.333333333333332,24.666666666666668,52.166666666666664,5.5,15.166666666666666,7.333333333333333,13.833333333333334,17.5,5.833333333333333,17.0,12.166666666666666,1.0,1.0,11.0,6.0,5.0,1735.4526898570664
1159,24.4,56.8,5.4,16.4,8.6,11.4,12.0,2.6,12.0,28.0,65.2,9.2,25.4,9.4,15.0,9.2,5.8,18.4,-5.2,23.333333333333332,60.5,7.5,25.666666666666668,14.333333333333334,14.0,9.666666666666666,9.666666666666666,12.833333333333334,19.5,52.833333333333336,3.6666666666666665,14.0,10.166666666666666,9.333333333333334,15.666666666666666,4.333333333333333,15.833333333333334,17.333333333333332,0.5,1.0,3.0,14.0,-11.0,2122.660325013728
1160,38.4,72.2,7.2,17.4,16.8,22.8,12.8,7.8,12.8,28.0,68.8,6.0,21.0,14.6,13.4,13.2,5.8,16.0,26.0,20.333333333333332,56.333333333333336,4.666666666666667,15.0,12.0,8.833333333333334,12.5,6.5,15.166666666666666,18.166666666666668,57.166666666666664,4.666666666666667,17.833333333333332,12.333333333333334,8.333333333333334,14.333333333333334,6.5,17.333333333333332,5.833333333333333,1.0,1.0,1.0,16.0,-15.0,2474.681259868509
1161,25.0,57.5,6.25,22.5,10.75,13.0,13.25,2.25,13.25,25.5,67.25,7.75,21.25,12.25,13.75,7.25,6.25,14.25,-1.25,25.375,62.625,7.125,22.25,12.375,14.875,13.0,9.5,14.75,22.75,53.75,4.625,14.375,9.25,12.0,19.5,5.875,16.75,8.625,0.0,1.0,4.0,13.0,-9.0,2149.1249729088536
1162,30.4,60.0,9.4,23.8,11.2,19.2,12.6,9.0,16.6,22.2,64.4,7.4,27.8,11.6,10.0,12.2,5.6,17.8,24.6,26.5,61.0,7.333333333333333,22.0,13.5,15.666666666666666,10.5,9.833333333333334,14.0,17.166666666666668,52.5,4.666666666666667,15.666666666666666,10.5,8.666666666666666,17.5,4.666666666666667,16.5,23.5,1.0,1.0,6.0,11.0,-5.0,1910.0187874182104
1163,26.333333333333332,56.0,7.833333333333333,22.833333333333332,8.666666666666666,14.833333333333334,12.333333333333334,7.5,13.666666666666666,18.833333333333332,57.5,6.166666666666667,22.166666666666668,9.0,10.333333333333334,11.333333333333334,6.5,13.166666666666666,16.833333333333332,25.0,54.57142857142857,8.142857142857142,20.0,8.571428571428571,13.571428571428571,11.142857142857142,6.428571428571429,14.714285714285714,16.142857142857142,58.42857142857143,5.428571428571429,22.142857142857142,12.142857142857142,7.428571428571429,12.857142857142858,5.714285714285714,16.857142857142858,24.428571428571427,1.0,1.0,2.0,15.0,-13.0,2222.596893308225
1164,28.333333333333332,62.333333333333336,8.166666666666666,20.0,13.166666666666666,13.333333333333334,13.0,6.0,17.333333333333332,30.0,64.0,5.666666666666667,18.166666666666668,14.0,15.0,13.5,5.333333333333333,17.5,-2.5,22.5,49.333333333333336,9.833333333333334,22.0,6.5,13.166666666666666,11.5,4.666666666666667,13.166666666666666,18.0,49.666666666666664,4.166666666666667,15.5,8.166666666666666,9.333333333333334,12.666666666666666,4.333333333333333,17.833333333333332,16.5,0.6666666666666666,1.0,3.0,14.0,-11.0,2067.025393812843
1165,29.4,66.6,5.0,14.6,14.8,15.0,10.0,7.8,15.4,25.2,59.8,6.2,20.4,13.0,15.2,16.0,5.4,15.0,9.2,27.6,58.4,5.0,10.6,10.8,14.0,17.2,5.8,19.0,28.0,59.8,3.4,11.8,11.2,13.0,13.0,6.8,15.2,-1.8,0.5,0.5,6.0,11.0,-5.0,2082.5068924192983
1166,23.4,55.0,5.4,17.4,11.0,16.4,13.4,5.8,16.2,23.0,50.4,4.4,15.4,8.0,9.2,12.4,6.2,14.6,-0.6,27.25,61.5,6.5,19.0,13.0,12.75,14.0,5.0,16.75,24.5,63.75,7.25,22.25,13.5,11.75,11.5,5.5,16.5,3.5,0.5,0.0,5.0,4.0,1.0,2018.957601005932
1167,28.285714285714285,58.714285714285715,5.857142857142857,19.571428571428573,10.714285714285714,17.857142857142858,12.142857142857142,9.142857142857142,12.142857142857142,19.0,58.142857142857146,5.285714285714286,18.857142857142858,11.571428571428571,10.857142857142858,16.428571428571427,5.285714285714286,16.428571428571427,24.571428571428573,25.0,60.75,5.75,19.125,14.625,13.25,14.375,7.75,17.375,21.125,59.375,7.25,24.75,10.375,13.875,14.375,6.5,17.75,12.875,1.0,0.8,2.0,10.0,-8.0,2605.8378213734486
1168,28.6,55.0,5.2,13.8,8.2,22.4,15.4,5.4,11.0,25.0,64.0,5.0,18.0,10.2,14.0,10.6,9.8,18.2,13.6,23.0,47.5,9.333333333333334,23.166666666666668,7.833333333333333,13.666666666666666,17.833333333333332,4.666666666666667,14.666666666666666,23.166666666666668,63.333333333333336,5.166666666666667,19.333333333333332,11.333333333333334,10.833333333333334,9.0,8.166666666666666,17.833333333333332,9.166666666666666,1.0,0.6666666666666666,2.0,7.0,-5.0,2094.4004115690364
1169,31.333333333333332,66.83333333333333,7.0,24.0,13.0,17.5,11.166666666666666,7.5,16.166666666666668,25.5,59.0,4.166666666666667,12.166666666666666,10.5,9.333333333333334,17.666666666666668,3.5,14.666666666666666,15.166666666666666,24.5,57.75,5.25,13.5,12.5,19.0,19.25,10.75,17.75,23.25,58.0,4.75,16.75,13.5,13.75,19.25,9.75,16.0,1.75,0.6666666666666666,0.5,1.0,8.0,-7.0,2342.488858558156
1170,31.166666666666668,63.333333333333336,4.5,10.5,14.0,15.666666666666666,10.666666666666666,7.5,18.333333333333332,23.0,53.833333333333336,6.666666666666667,17.0,10.166666666666666,10.833333333333334,19.0,6.0,18.0,16.833333333333332,26.75,66.5,5.0,14.0,12.75,11.75,16.5,9.5,16.25,27.25,63.75,7.5,24.0,11.5,13.0,18.0,7.25,18.25,-1.0,1.0,0.5,1.0,9.0,-8.0,2356.1572071709
1171,29.5,62.166666666666664,8.333333333333334,21.0,10.833333333333334,17.333333333333332,9.833333333333334,5.833333333333333,13.166666666666666,24.666666666666668,59.166666666666664,6.833333333333333,21.0,9.166666666666666,14.166666666666666,10.333333333333334,4.666666666666667,14.833333333333334,11.0,23.0,57.75,5.5,15.5,10.25,12.25,14.25,6.0,15.75,22.5,59.75,3.5,15.0,10.0,15.0,11.5,6.5,15.25,0.25,0.6666666666666666,0.5,2.0,10.0,-8.0,2221.875522374089
1172,27.5,64.75,5.0,17.25,13.75,11.25,11.0,6.25,16.5,26.25,65.25,4.75,12.5,16.0,10.5,12.25,5.75,20.0,3.0,23.8,58.8,5.2,19.0,12.8,11.6,12.8,6.6,18.0,24.0,56.2,5.0,14.2,10.8,11.6,11.8,6.4,16.0,-0.8,0.0,0.5,4.0,5.0,-1.0,2209.526521247507
1173,24.8,53.0,3.2,11.4,12.0,13.2,18.8,5.4,12.2,21.4,59.4,8.2,24.8,7.8,11.6,12.6,9.0,16.8,6.6,28.5,63.0,8.833333333333334,22.833333333333332,11.833333333333334,16.333333333333332,12.5,9.166666666666666,14.333333333333334,23.333333333333332,59.666666666666664,7.0,23.166666666666668,9.666666666666666,14.0,15.5,4.666666666666667,15.5,14.333333333333334,0.5,0.6666666666666666,4.0,5.0,-1.0,2075.0507785598143
1174,30.0,65.0,2.5714285714285716,6.857142857142857,15.285714285714286,19.571428571428573,11.571428571428571,6.428571428571429,15.142857142857142,17.714285714285715,57.714285714285715,5.285714285714286,20.142857142857142,10.285714285714286,7.285714285714286,13.857142857142858,4.571428571428571,18.142857142857142,23.571428571428573,28.0,63.2,8.8,24.2,13.6,17.4,12.6,3.6,13.0,25.4,58.4,6.0,17.4,6.6,12.0,9.2,5.8,13.8,7.0,1.0,0.5,1.0,8.0,-7.0,2435.892612684477
1175,29.0,66.0,5.375,15.125,15.375,15.25,13.0,10.25,14.125,22.25,59.0,8.0,24.125,8.625,12.125,17.125,6.5,16.75,16.125,23.285714285714285,60.142857142857146,7.857142857142857,25.714285714285715,9.428571428571429,10.571428571428571,12.714285714285714,5.142857142857143,15.142857142857142,25.142857142857142,62.57142857142857,3.7142857142857144,13.428571428571429,11.142857142857142,13.428571428571429,14.714285714285714,5.142857142857143,20.142857142857142,3.2857142857142856,1.0,0.75,11.0,3.0,8.0,1763.1966015844189
1176,24.4,56.8,5.4,16.4,8.6,11.4,12.0,2.6,12.0,28.0,65.2,9.2,25.4,9.4,15.0,9.2,5.8,18.4,-5.2,21.5,61.0,3.5,15.25,8.75,10.75,11.25,10.75,18.5,20.75,51.75,4.5,13.25,11.5,12.25,20.0,4.25,17.25,0.25,0.5,0.0,3.0,6.0,-3.0,2125.320526212936
1177,38.4,72.2,7.2,17.4,16.8,22.8,12.8,7.8,12.8,28.0,68.8,6.0,21.0,14.6,13.4,13.2,5.8,16.0,26.0,21.6,57.2,4.8,16.0,12.4,13.4,14.8,9.0,17.2,22.6,56.0,4.2,13.2,12.6,15.2,15.8,9.0,18.6,0.2,1.0,0.5,1.0,9.0,-8.0,2474.7504601931723
1178,25.0,57.5,6.25,22.5,10.75,13.0,13.25,2.25,13.25,25.5,67.25,7.75,21.25,12.25,13.75,7.25,6.25,14.25,-1.25,25.4,57.4,4.6,11.0,9.2,14.4,11.6,7.4,14.8,23.2,62.4,6.6,18.0,14.6,12.6,14.2,6.4,18.6,8.0,0.0,0.5,4.0,5.0,-1.0,2153.110786907784
1179,30.4,60.0,9.4,23.8,11.2,19.2,12.6,9.0,16.6,22.2,64.4,7.4,27.8,11.6,10.0,12.2,5.6,17.8,24.6,28.333333333333332,62.333333333333336,8.166666666666666,20.0,13.166666666666666,13.333333333333334,13.0,6.0,17.333333333333332,30.0,64.0,5.666666666666667,18.166666666666668,14.0,15.0,13.5,5.333333333333333,17.5,-2.5,1.0,0.6666666666666666,6.0,3.0,3.0,1923.324620404199
1180,26.333333333333332,56.0,7.833333333333333,22.833333333333332,8.666666666666666,14.833333333333334,12.333333333333334,7.5,13.666666666666666,18.833333333333332,57.5,6.166666666666667,22.166666666666668,9.0,10.333333333333334,11.333333333333334,6.5,13.166666666666666,16.833333333333332,27.4,58.2,7.6,19.2,8.8,14.6,9.8,6.4,13.6,21.0,59.4,8.0,22.2,12.8,12.2,11.4,4.6,17.2,11.8,1.0,1.0,2.0,7.0,-5.0,2224.394133842215
1181,29.4,66.6,5.0,14.6,14.8,15.0,10.0,7.8,15.4,25.2,59.8,6.2,20.4,13.0,15.2,16.0,5.4,15.0,9.2,26.0,58.6,4.8,14.2,13.2,17.0,16.2,7.6,18.0,23.4,60.8,6.8,17.8,12.2,16.0,13.4,9.6,16.8,3.0,0.5,0.6666666666666666,6.0,3.0,3.0,2094.519658980848
1182,28.285714285714285,58.714285714285715,5.857142857142857,19.571428571428573,10.714285714285714,17.857142857142858,12.142857142857142,9.142857142857142,12.142857142857142,19.0,58.142857142857146,5.285714285714286,18.857142857142858,11.571428571428571,10.857142857142858,16.428571428571427,5.285714285714286,16.428571428571427,24.571428571428573,29.4,66.6,5.0,14.6,14.8,15.0,10.0,7.8,15.4,25.2,59.8,6.2,20.4,13.0,15.2,16.0,5.4,15.0,9.2,1.0,0.5,2.0,6.0,-4.0,2606.24579991576
1183,31.333333333333332,66.83333333333333,7.0,24.0,13.0,17.5,11.166666666666666,7.5,16.166666666666668,25.5,59.0,4.166666666666667,12.166666666666666,10.5,9.333333333333334,17.666666666666668,3.5,14.666666666666666,15.166666666666666,25.0,57.5,6.25,22.5,10.75,13.0,13.25,2.25,13.25,25.5,67.25,7.75,21.25,12.25,13.75,7.25,6.25,14.25,-1.25,0.6666666666666666,0.0,1.0,4.0,-3.0,2345.7845710144497
1184,31.166666666666668,63.333333333333336,4.5,10.5,14.0,15.666666666666666,10.666666666666666,7.5,18.333333333333332,23.0,53.833333333333336,6.666666666666667,17.0,10.166666666666666,10.833333333333334,19.0,6.0,18.0,16.833333333333332,23.4,55.0,5.4,17.4,11.0,16.4,13.4,5.8,16.2,23.0,50.4,4.4,15.4,8.0,9.2,12.4,6.2,14.6,-0.6,1.0,0.5,1.0,5.0,-4.0,2357.3961672640226
1185,29.5,62.166666666666664,8.333333333333334,21.0,10.833333333333334,17.333333333333332,9.833333333333334,5.833333333333333,13.166666666666666,24.666666666666668,59.166666666666664,6.833333333333333,21.0,9.166666666666666,14.166666666666666,10.333333333333334,4.666666666666667,14.833333333333334,11.0,30.4,60.0,9.4,23.8,11.2,19.2,12.6,9.0,16.6,22.2,64.4,7.4,27.8,11.6,10.0,12.2,5.6,17.8,24.6,0.6666666666666666,1.0,2.0,6.0,-4.0,2226.481015004053
1186,30.0,65.0,2.5714285714285716,6.857142857142857,15.285714285714286,19.571428571428573,11.571428571428571,6.428571428571429,15.142857142857142,17.714285714285715,57.714285714285715,5.285714285714286,20.142857142857142,10.285714285714286,7.285714285714286,13.857142857142858,4.571428571428571,18.142857142857142,23.571428571428573,27.5,64.75,5.0,17.25,13.75,11.25,11.0,6.25,16.5,26.25,65.25,4.75,12.5,16.0,10.5,12.25,5.75,20.0,3.0,1.0,0.0,1.0,4.0,-3.0,2437.7473259453022
1187,28.6,55.0,5.2,13.8,8.2,22.4,15.4,5.4,11.0,25.0,64.0,5.0,18.0,10.2,14.0,10.6,9.8,18.2,13.6,24.4,56.8,5.4,16.4,8.6,11.4,12.0,2.6,12.0,28.0,65.2,9.2,25.4,9.4,15.0,9.2,5.8,18.4,-5.2,1.0,0.5,2.0,3.0,-1.0,2107.340903038487
1188,38.4,72.2,7.2,17.4,16.8,22.8,12.8,7.8,12.8,28.0,68.8,6.0,21.0,14.6,13.4,13.2,5.8,16.0,26.0,24.8,53.0,3.2,11.4,12.0,13.2,18.8,5.4,12.2,21.4,59.4,8.2,24.8,7.8,11.6,12.6,9.0,16.8,6.6,1.0,0.5,1.0,4.0,-3.0,2476.072927281225
1189,26.333333333333332,56.0,7.833333333333333,22.833333333333332,8.666666666666666,14.833333333333334,12.333333333333334,7.5,13.666666666666666,18.833333333333332,57.5,6.166666666666667,22.166666666666668,9.0,10.333333333333334,11.333333333333334,6.5,13.166666666666666,16.833333333333332,29.0,66.0,5.375,15.125,15.375,15.25,13.0,10.25,14.125,22.25,59.0,8.0,24.125,8.625,12.125,17.125,6.5,16.75,16.125,1.0,1.0,2.0,11.0,-9.0,2227.281651900187
1190,28.285714285714285,58.714285714285715,5.857142857142857,19.571428571428573,10.714285714285714,17.857142857142858,12.142857142857142,9.142857142857142,12.142857142857142,19.0,58.142857142857146,5.285714285714286,18.857142857142858,11.571428571428571,10.857142857142858,16.428571428571427,5.285714285714286,16.428571428571427,24.571428571428573,31.333333333333332,66.83333333333333,7.0,24.0,13.0,17.5,11.166666666666666,7.5,16.166666666666668,25.5,59.0,4.166666666666667,12.166666666666666,10.5,9.333333333333334,17.666666666666668,3.5,14.666666666666666,15.166666666666666,1.0,0.6666666666666666,2.0,1.0,1.0,2608.0275486011005
1191,29.5,62.166666666666664,8.333333333333334,21.0,10.833333333333334,17.333333333333332,9.833333333333334,5.833333333333333,13.166666666666666,24.666666666666668,59.166666666666664,6.833333333333333,21.0,9.166666666666666,14.166666666666666,10.333333333333334,4.666666666666667,14.833333333333334,11.0,31.166666666666668,63.333333333333336,4.5,10.5,14.0,15.666666666666666,10.666666666666666,7.5,18.333333333333332,23.0,53.833333333333336,6.666666666666667,17.0,10.166666666666666,10.833333333333334,19.0,6.0,18.0,16.833333333333332,0.6666666666666666,1.0,2.0,1.0,1.0,2231.786435072044
1192,30.0,65.0,2.5714285714285716,6.857142857142857,15.285714285714286,19.571428571428573,11.571428571428571,6.428571428571429,15.142857142857142,17.714285714285715,57.714285714285715,5.285714285714286,20.142857142857142,10.285714285714286,7.285714285714286,13.857142857142858,4.571428571428571,18.142857142857142,23.571428571428573,28.6,55.0,5.2,13.8,8.2,22.4,15.4,5.4,11.0,25.0,64.0,5.0,18.0,10.2,14.0,10.6,9.8,18.2,13.6,1.0,1.0,1.0,2.0,-1.0,2444.855384657129
1193,38.4,72.2,7.2,17.4,16.8,22.8,12.8,7.8,12.8,28.0,68.8,6.0,21.0,14.6,13.4,13.2,5.8,16.0,26.0,26.333333333333332,56.0,7.833333333333333,22.833333333333332,8.666666666666666,14.833333333333334,12.333333333333334,7.5,13.666666666666666,18.833333333333332,57.5,6.166666666666667,22.166666666666668,9.0,10.333333333333334,11.333333333333334,6.5,13.166666666666666,16.833333333333332,1.0,1.0,1.0,2.0,-1.0,2479.160908655562
1194,30.0,65.0,2.5714285714285716,6.857142857142857,15.285714285714286,19.571428571428573,11.571428571428571,6.428571428571429,15.142857142857142,17.714285714285715,57.714285714285715,5.285714285714286,20.142857142857142,10.285714285714286,7.285714285714286,13.857142857142858,4.571428571428571,18.142857142857142,23.571428571428573,29.5,62.166666666666664,8.333333333333334,21.0,10.833333333333334,17.333333333333332,9.833333333333334,5.833333333333333,13.166666666666666,24.666666666666668,59.166666666666664,6.833333333333333,21.0,9.166666666666666,14.166666666666666,10.333333333333334,4.666666666666667,14.833333333333334,11.0,1.0,0.6666666666666666,1.0,2.0,-1.0,2449.2301982681515
1195,38.4,72.2,7.2,17.4,16.8,22.8,12.8,7.8,12.8,28.0,68.8,6.0,21.0,14.6,13.4,13.2,5.8,16.0,26.0,28.285714285714285,58.714285714285715,5.857142857142857,19.571428571428573,10.714285714285714,17.857142857142858,12.142857142857142,9.142857142857142,12.142857142857142,19.0,58.142857142857146,5.285714285714286,18.857142857142858,11.571428571428571,10.857142857142858,16.428571428571427,5.285714285714286,16.428571428571427,24.571428571428573,1.0,1.0,1.0,2.0,-1.0,2485.30903883719
1196,30.0,65.0,2.5714285714285716,6.857142857142857,15.285714285714286,19.571428571428573,11.571428571428571,6.428571428571429,15.142857142857142,17.714285714285715,57.714285714285715,5.285714285714286,20.142857142857142,10.285714285714286,7.285714285714286,13.857142857142858,4.571428571428571,18.142857142857142,23.571428571428573,38.4,72.2,7.2,17.4,16.8,22.8,12.8,7.8,12.8,28.0,68.8,6.0,21.0,14.6,13.4,13.2,5.8,16.0,26.0,1.0,1.0,1.0,1.0,0.0,2457.0630150333564
1197,23.833333333333332,53.666666666666664,2.8333333333333335,9.166666666666666,9.333333333333334,10.5,13.833333333333334,8.333333333333334,16.833333333333332,20.0,54.0,5.333333333333333,19.0,11.666666666666666,12.5,17.333333333333332,7.0,14.666666666666666,4.333333333333333,23.4,55.0,5.4,17.4,11.0,16.4,13.4,5.8,16.2,23.0,50.4,4.4,15.4,8.0,9.2,12.4,6.2,14.6,-0.6,0.75,0.5,12.0,5.0,7.0,1904.0126335095088
1198,24.8,60.4,4.8,19.4,12.8,12.6,16.2,12.2,20.0,18.6,47.0,5.2,15.8,8.4,12.6,21.2,8.6,15.4,9.2,25.0,60.75,5.75,19.125,14.625,13.25,14.375,7.75,17.375,21.125,59.375,7.25,24.75,10.375,13.875,14.375,6.5,17.75,12.875,0.5,0.8,7.0,10.0,-3.0,1940.765386700812
1199,27.666666666666668,61.166666666666664,5.166666666666667,19.166666666666668,11.666666666666666,12.833333333333334,12.5,8.166666666666666,20.333333333333332,20.833333333333332,50.666666666666664,6.833333333333333,17.166666666666668,8.333333333333334,11.166666666666666,19.5,4.5,24.666666666666668,13.666666666666666,26.75,66.5,5.0,14.0,12.75,11.75,16.5,9.5,16.25,27.25,63.75,7.5,24.0,11.5,13.0,18.0,7.25,18.25,-1.0,0.6666666666666666,0.5,8.0,9.0,-1.0,1835.096557282667
1200,20.428571428571427,56.42857142857143,3.857142857142857,14.0,14.857142857142858,9.0,16.571428571428573,8.714285714285714,16.0,20.285714285714285,56.57142857142857,5.0,17.142857142857142,12.571428571428571,11.285714285714286,15.142857142857142,6.0,17.428571428571427,-1.2857142857142858,28.285714285714285,58.714285714285715,5.857142857142857,19.571428571428573,10.714285714285714,17.857142857142858,12.142857142857142,9.142857142857142,12.142857142857142,19.0,58.142857142857146,5.285714285714286,18.857142857142858,11.571428571428571,10.857142857142858,16.428571428571427,5.285714285714286,16.428571428571427,24.571428571428573,0.6,1.0,15.0,2.0,13.0,1534.2359233601412
1201,26.428571428571427,54.42857142857143,8.714285714285714,22.428571428571427,9.0,15.857142857142858,14.285714285714286,10.142857142857142,16.857142857142858,19.714285714285715,54.285714285714285,6.0,18.857142857142858,10.142857142857142,12.428571428571429,17.285714285714285,6.714285714285714,17.714285714285715,18.857142857142858,23.8,58.8,5.2,19.0,12.8,11.6,12.8,6.6,18.0,24.0,56.2,5.0,14.2,10.8,11.6,11.8,6.4,16.0,-0.8,1.0,0.5,12.0,5.0,7.0,1711.961707249135
1202,25.166666666666668,61.833333333333336,3.0,10.833333333333334,14.833333333333334,12.5,15.666666666666666,4.666666666666667,18.5,23.5,62.833333333333336,7.0,23.5,12.166666666666666,13.666666666666666,13.0,7.0,13.833333333333334,-0.6666666666666666,23.0,57.75,5.5,15.5,10.25,12.25,14.25,6.0,15.75,22.5,59.75,3.5,15.0,10.0,15.0,11.5,6.5,15.25,0.25,0.6666666666666666,0.5,7.0,10.0,-3.0,2102.295021585259
1203,25.666666666666668,57.833333333333336,4.0,11.333333333333334,8.666666666666666,13.666666666666666,10.333333333333334,6.166666666666667,13.666666666666666,19.5,62.166666666666664,3.8333333333333335,16.833333333333332,14.0,8.166666666666666,12.0,4.666666666666667,14.166666666666666,10.0,28.6,55.0,5.2,13.8,8.2,22.4,15.4,5.4,11.0,25.0,64.0,5.0,18.0,10.2,14.0,10.6,9.8,18.2,13.6,1.0,1.0,15.0,2.0,13.0,1760.1667409304494
1204,24.125,58.0,7.25,20.875,12.25,14.25,14.375,9.375,17.625,18.75,50.75,5.375,17.75,10.5,11.25,20.375,7.5,16.625,12.375,31.333333333333332,66.83333333333333,7.0,24.0,13.0,17.5,11.166666666666666,7.5,16.166666666666668,25.5,59.0,4.166666666666667,12.166666666666666,10.5,9.333333333333334,17.666666666666668,3.5,14.666666666666666,15.166666666666666,0.8,0.6666666666666666,16.0,1.0,15.0,1449.2569548282315
1205,23.833333333333332,49.666666666666664,7.166666666666667,17.666666666666668,8.833333333333334,16.333333333333332,13.833333333333334,4.833333333333333,10.333333333333334,19.666666666666668,58.833333333333336,4.333333333333333,16.833333333333332,10.833333333333334,10.833333333333334,11.166666666666666,5.5,17.166666666666668,19.0,28.5,63.0,8.833333333333334,22.833333333333332,11.833333333333334,16.333333333333332,12.5,9.166666666666666,14.333333333333334,23.333333333333332,59.666666666666664,7.0,23.166666666666668,9.666666666666666,14.0,15.5,4.666666666666667,15.5,14.333333333333334,1.0,0.6666666666666666,12.0,5.0,7.0,1790.606298947937
1206,24.833333333333332,60.333333333333336,11.5,32.0,13.0,15.666666666666666,11.5,10.333333333333334,12.833333333333334,19.5,48.166666666666664,2.5,9.833333333333334,8.5,7.666666666666667,20.333333333333332,5.833333333333333,16.166666666666668,20.166666666666668,27.25,61.5,6.5,19.0,13.0,12.75,14.0,5.0,16.75,24.5,63.75,7.25,22.25,13.5,11.75,11.5,5.5,16.5,3.5,1.0,0.0,13.0,4.0,9.0,1862.2995188468203
1207,25.0,58.833333333333336,6.0,19.5,10.166666666666666,14.666666666666666,15.166666666666666,10.666666666666666,15.666666666666666,24.666666666666668,63.0,6.5,20.333333333333332,14.833333333333334,16.666666666666668,17.666666666666668,8.833333333333334,17.0,2.8333333333333335,24.5,57.75,5.25,13.5,12.5,19.0,19.25,10.75,17.75,23.25,58.0,4.75,16.75,13.5,13.75,19.25,9.75,16.0,1.75,0.6666666666666666,0.5,9.0,8.0,1.0,1981.6245760891104
1208,21.0,58.75,4.125,16.0,16.375,10.25,16.25,6.875,19.625,18.125,50.0,2.375,13.125,10.375,9.125,17.625,8.0,19.625,5.375,31.166666666666668,63.333333333333336,4.5,10.5,14.0,15.666666666666666,10.666666666666666,7.5,18.333333333333332,23.0,53.833333333333336,6.666666666666667,17.0,10.166666666666666,10.833333333333334,19.0,6.0,18.0,16.833333333333332,0.8,1.0,16.0,1.0,15.0,1349.2016128040982
1209,27.625,56.125,8.75,22.25,10.375,19.25,20.0,9.375,17.75,22.625,63.375,6.75,23.5,12.125,13.0,15.75,9.625,21.0,14.75,23.0,47.5,9.333333333333334,23.166666666666668,7.833333333333333,13.666666666666666,17.833333333333332,4.666666666666667,14.666666666666666,23.166666666666668,63.333333333333336,5.166666666666667,19.333333333333332,11.333333333333334,10.833333333333334,9.0,8.166666666666666,17.833333333333332,9.166666666666666,0.8,0.6666666666666666,10.0,7.0,3.0,1866.392923890577
1210,26.25,60.125,4.875,16.25,11.25,16.5,15.125,9.625,14.875,23.0,63.0,8.125,24.125,12.625,15.75,15.0,7.25,14.0,8.0,29.5,62.166666666666664,8.333333333333334,21.0,10.833333333333334,17.333333333333332,9.833333333333334,5.833333333333333,13.166666666666666,24.666666666666668,59.166666666666664,6.833333333333333,21.0,9.166666666666666,14.166666666666666,10.333333333333334,4.666666666666667,14.833333333333334,11.0,0.8,0.6666666666666666,15.0,2.0,13.0,1607.6569182504884
1211,25.0,54.833333333333336,9.166666666666666,25.0,10.166666666666666,15.833333333333334,9.5,3.5,11.0,24.166666666666668,61.833333333333336,7.5,18.833333333333332,10.666666666666666,13.333333333333334,8.0,5.166666666666667,18.833333333333332,10.833333333333334,27.5,64.75,5.0,17.25,13.75,11.25,11.0,6.25,16.5,26.25,65.25,4.75,12.5,16.0,10.5,12.25,5.75,20.0,3.0,1.0,0.0,13.0,4.0,9.0,1734.718489957792
1212,25.333333333333332,67.83333333333333,4.5,17.0,17.0,10.833333333333334,10.666666666666666,6.333333333333333,15.5,21.0,60.666666666666664,6.166666666666667,22.166666666666668,9.666666666666666,14.666666666666666,12.5,5.333333333333333,17.166666666666668,8.666666666666666,24.8,53.0,3.2,11.4,12.0,13.2,18.8,5.4,12.2,21.4,59.4,8.2,24.8,7.8,11.6,12.6,9.0,16.8,6.6,1.0,0.5,13.0,4.0,9.0,1771.4283001995348
1213,26.5,51.25,10.375,23.5,9.375,18.375,19.5,8.125,17.125,22.375,58.125,5.375,17.875,12.125,11.125,14.625,10.875,17.5,13.625,30.0,65.0,2.5714285714285716,6.857142857142857,15.285714285714286,19.571428571428573,11.571428571428571,6.428571428571429,15.142857142857142,17.714285714285715,57.714285714285715,5.285714285714286,20.142857142857142,10.285714285714286,7.285714285714286,13.857142857142858,4.571428571428571,18.142857142857142,23.571428571428573,0.8,1.0,16.0,1.0,15.0,1476.0408895888377
1214,21.2,57.2,4.4,14.8,11.0,10.4,11.0,11.2,19.8,20.6,45.8,4.4,13.8,11.0,11.4,22.8,5.0,16.6,1.2,27.4,58.2,7.6,19.2,8.8,14.6,9.8,6.4,13.6,21.0,59.4,8.0,22.2,12.8,12.2,11.4,4.6,17.2,11.8,0.5,1.0,10.0,7.0,3.0,1906.4680369319565
1215,25.25,64.25,7.5,24.0,10.0,14.25,10.25,5.0,16.75,29.75,65.0,5.25,19.0,13.75,15.0,12.75,6.25,14.75,-8.5,28.0,63.2,8.8,24.2,13.6,17.4,12.6,3.6,13.0,25.4,58.4,6.0,17.4,6.6,12.0,9.2,5.8,13.8,7.0,0.5,0.5,9.0,8.0,1.0,1848.4202118690607
1216,27.0,57.714285714285715,3.4285714285714284,10.0,12.428571428571429,16.571428571428573,10.857142857142858,6.285714285714286,13.142857142857142,20.142857142857142,49.0,3.0,12.142857142857142,8.571428571428571,8.142857142857142,15.857142857142858,4.285714285714286,14.0,15.142857142857142,25.4,57.4,4.6,11.0,9.2,14.4,11.6,7.4,14.8,23.2,62.4,6.6,18.0,14.6,12.6,14.2,6.4,18.6,8.0,1.0,0.5,12.0,5.0,7.0,1690.240993030888
1217,30.285714285714285,69.57142857142857,6.285714285714286,18.142857142857142,14.142857142857142,14.714285714285714,13.857142857142858,13.428571428571429,17.142857142857142,23.0,61.57142857142857,5.571428571428571,22.285714285714285,14.285714285714286,11.142857142857142,22.285714285714285,8.0,16.142857142857142,15.857142857142858,23.285714285714285,60.142857142857146,7.857142857142857,25.714285714285715,9.428571428571429,10.571428571428571,12.714285714285714,5.142857142857143,15.142857142857142,25.142857142857142,62.57142857142857,3.7142857142857144,13.428571428571429,11.142857142857142,13.428571428571429,14.714285714285714,5.142857142857143,20.142857142857142,3.2857142857142856,1.0,0.75,14.0,3.0,11.0,1575.792575338886
1218,25.875,59.875,4.875,16.625,12.5,14.125,12.625,8.625,15.125,22.375,63.0,5.125,17.125,14.0,10.125,14.625,6.375,16.0,13.125,21.5,61.0,3.5,15.25,8.75,10.75,11.25,10.75,18.5,20.75,51.75,4.5,13.25,11.5,12.25,20.0,4.25,17.25,0.25,1.0,0.0,11.0,6.0,5.0,1811.6671126084527
1219,19.75,53.875,2.875,12.0,12.75,10.5,13.25,5.75,11.875,18.375,59.0,5.0,19.75,10.625,9.125,12.0,6.75,17.875,9.625,26.0,58.6,4.8,14.2,13.2,17.0,16.2,7.6,18.0,23.4,60.8,6.8,17.8,12.2,16.0,13.4,9.6,16.8,3.0,1.0,0.6666666666666666,14.0,3.0,11.0,1589.3641195584516
1220,30.142857142857142,64.42857142857143,10.571428571428571,25.428571428571427,11.428571428571429,18.142857142857142,13.0,5.857142857142857,14.714285714285714,24.142857142857142,62.285714285714285,4.571428571428571,15.142857142857142,9.571428571428571,8.857142857142858,13.142857142857142,6.285714285714286,16.857142857142858,19.285714285714285,21.6,57.2,4.8,16.0,12.4,13.4,14.8,9.0,17.2,22.6,56.0,4.2,13.2,12.6,15.2,15.8,9.0,18.6,0.2,0.75,0.5,8.0,9.0,-1.0,1904.751762953976
1221,28.0,64.33333333333333,9.833333333333334,29.5,14.166666666666666,19.5,11.833333333333334,7.666666666666667,17.333333333333332,24.666666666666668,52.166666666666664,5.5,15.166666666666666,7.333333333333333,13.833333333333334,17.5,5.833333333333333,17.0,12.166666666666666,29.0,66.0,5.375,15.125,15.375,15.25,13.0,10.25,14.125,22.25,59.0,8.0,24.125,8.625,12.125,17.125,6.5,16.75,16.125,1.0,1.0,6.0,11.0,-5.0,2061.115516744087
1222,23.333333333333332,60.5,7.5,25.666666666666668,14.333333333333334,14.0,9.666666666666666,9.666666666666666,12.833333333333334,19.5,52.833333333333336,3.6666666666666665,14.0,10.166666666666666,9.333333333333334,15.666666666666666,4.333333333333333,15.833333333333334,17.333333333333332,24.4,56.8,5.4,16.4,8.6,11.4,12.0,2.6,12.0,28.0,65.2,9.2,25.4,9.4,15.0,9.2,5.8,18.4,-5.2,1.0,0.5,14.0,3.0,11.0,1705.64326644652
1223,20.333333333333332,56.333333333333336,4.666666666666667,15.0,12.0,8.833333333333334,12.5,6.5,15.166666666666666,18.166666666666668,57.166666666666664,4.666666666666667,17.833333333333332,12.333333333333334,8.333333333333334,14.333333333333334,6.5,17.333333333333332,5.833333333333333,38.4,72.2,7.2,17.4,16.8,22.8,12.8,7.8,12.8,28.0,68.8,6.0,21.0,14.6,13.4,13.2,5.8,16.0,26.0,1.0,1.0,16.0,1.0,15.0,1409.0405946141018
1224,25.375,62.625,7.125,22.25,12.375,14.875,13.0,9.5,14.75,22.75,53.75,4.625,14.375,9.25,12.0,19.5,5.875,16.75,8.625,25.0,57.5,6.25,22.5,10.75,13.0,13.25,2.25,13.25,25.5,67.25,7.75,21.25,12.25,13.75,7.25,6.25,14.25,-1.25,1.0,0.0,13.0,4.0,9.0,1810.380581035305
1225,26.5,61.0,7.333333333333333,22.0,13.5,15.666666666666666,10.5,9.833333333333334,14.0,17.166666666666668,52.5,4.666666666666667,15.666666666666666,10.5,8.666666666666666,17.5,4.666666666666667,16.5,23.5,30.4,60.0,9.4,23.8,11.2,19.2,12.6,9.0,16.6,22.2,64.4,7.4,27.8,11.6,10.0,12.2,5.6,17.8,24.6,1.0,1.0,11.0,6.0,5.0,1850.953167234499
1226,25.0,54.57142857142857,8.142857142857142,20.0,8.571428571428571,13.571428571428571,11.142857142857142,6.428571428571429,14.714285714285714,16.142857142857142,58.42857142857143,5.428571428571429,22.142857142857142,12.142857142857142,7.428571428571429,12.857142857142858,5.714285714285714,16.857142857142858,24.428571428571427,26.333333333333332,56.0,7.833333333333333,22.833333333333332,8.666666666666666,14.833333333333334,12.333333333333334,7.5,13.666666666666666,18.833333333333332,57.5,6.166666666666667,22.166666666666668,9.0,10.333333333333334,11.333333333333334,6.5,13.166666666666666,16.833333333333332,1.0,1.0,15.0,2.0,13.0,1732.420725676147
1227,22.5,49.333333333333336,9.833333333333334,22.0,6.5,13.166666666666666,11.5,4.666666666666667,13.166666666666666,18.0,49.666666666666664,4.166666666666667,15.5,8.166666666666666,9.333333333333334,12.666666666666666,4.333333333333333,17.833333333333332,16.5,28.333333333333332,62.333333333333336,8.166666666666666,20.0,13.166666666666666,13.333333333333334,13.0,6.0,17.333333333333332,30.0,64.0,5.666666666666667,18.166666666666668,14.0,15.0,13.5,5.333333333333333,17.5,-2.5,1.0,0.6666666666666666,14.0,3.0,11.0,1791.3770738636815
1228,27.6,58.4,5.0,10.6,10.8,14.0,17.2,5.8,19.0,28.0,59.8,3.4,11.8,11.2,13.0,13.0,6.8,15.2,-1.8,29.4,66.6,5.0,14.6,14.8,15.0,10.0,7.8,15.4,25.2,59.8,6.2,20.4,13.0,15.2,16.0,5.4,15.0,9.2,0.5,0.5,11.0,6.0,5.0,1994.063033591273
1229,27.25,61.5,6.5,19.0,13.0,12.75,14.0,5.0,16.75,24.5,63.75,7.25,22.25,13.5,11.75,11.5,5.5,16.5,3.5,23.4,55.0,5.4,17.4,11.0,16.4,13.4,5.8,16.2,23.0,50.4,4.4,15.4,8.0,9.2,12.4,6.2,14.6,-0.6,0.0,0.5,4.0,5.0,-1.0,2044.408159017938
1230,25.0,60.75,5.75,19.125,14.625,13.25,14.375,7.75,17.375,21.125,59.375,7.25,24.75,10.375,13.875,14.375,6.5,17.75,12.875,28.285714285714285,58.714285714285715,5.857142857142857,19.571428571428573,10.714285714285714,17.857142857142858,12.142857142857142,9.142857142857142,12.142857142857142,19.0,58.142857142857146,5.285714285714286,18.857142857142858,11.571428571428571,10.857142857142858,16.428571428571427,5.285714285714286,16.428571428571427,24.571428571428573,0.8,1.0,10.0,2.0,8.0,1850.261783855325
1231,23.0,47.5,9.333333333333334,23.166666666666668,7.833333333333333,13.666666666666666,17.833333333333332,4.666666666666667,14.666666666666666,23.166666666666668,63.333333333333336,5.166666666666667,19.333333333333332,11.333333333333334,10.833333333333334,9.0,8.166666666666666,17.833333333333332,9.166666666666666,28.6,55.0,5.2,13.8,8.2,22.4,15.4,5.4,11.0,25.0,64.0,5.0,18.0,10.2,14.0,10.6,9.8,18.2,13.6,0.6666666666666666,1.0,7.0,2.0,5.0,2027.136040806455
1232,24.5,57.75,5.25,13.5,12.5,19.0,19.25,10.75,17.75,23.25,58.0,4.75,16.75,13.5,13.75,19.25,9.75,16.0,1.75,31.333333333333332,66.83333333333333,7.0,24.0,13.0,17.5,11.166666666666666,7.5,16.166666666666668,25.5,59.0,4.166666666666667,12.166666666666666,10.5,9.333333333333334,17.666666666666668,3.5,14.666666666666666,15.166666666666666,0.5,0.6666666666666666,8.0,1.0,7.0,1966.4898751684784
1233,26.75,66.5,5.0,14.0,12.75,11.75,16.5,9.5,16.25,27.25,63.75,7.5,24.0,11.5,13.0,18.0,7.25,18.25,-1.0,31.166666666666668,63.333333333333336,4.5,10.5,14.0,15.666666666666666,10.666666666666666,7.5,18.333333333333332,23.0,53.833333333333336,6.666666666666667,17.0,10.166666666666666,10.833333333333334,19.0,6.0,18.0,16.833333333333332,0.5,1.0,9.0,1.0,8.0,1798.179729115138
1234,23.0,57.75,5.5,15.5,10.25,12.25,14.25,6.0,15.75,22.5,59.75,3.5,15.0,10.0,15.0,11.5,6.5,15.25,0.25,29.5,62.166666666666664,8.333333333333334,21.0,10.833333333333334,17.333333333333332,9.833333333333334,5.833333333333333,13.166666666666666,24.666666666666668,59.166666666666664,6.833333333333333,21.0,9.166666666666666,14.166666666666666,10.333333333333334,4.666666666666667,14.833333333333334,11.0,0.5,0.6666666666666666,10.0,2.0,8.0,1912.1205610307768
1235,23.8,58.8,5.2,19.0,12.8,11.6,12.8,6.6,18.0,24.0,56.2,5.0,14.2,10.8,11.6,11.8,6.4,16.0,-0.8,27.5,64.75,5.0,17.25,13.75,11.25,11.0,6.25,16.5,26.25,65.25,4.75,12.5,16.0,10.5,12.25,5.75,20.0,3.0,0.5,0.0,5.0,4.0,1.0,2084.970219105744
1236,28.5,63.0,8.833333333333334,22.833333333333332,11.833333333333334,16.333333333333332,12.5,9.166666666666666,14.333333333333334,23.333333333333332,59.666666666666664,7.0,23.166666666666668,9.666666666666666,14.0,15.5,4.666666666666667,15.5,14.333333333333334,24.8,53.0,3.2,11.4,12.0,13.2,18.8,5.4,12.2,21.4,59.4,8.2,24.8,7.8,11.6,12.6,9.0,16.8,6.6,0.6666666666666666,0.5,5.0,4.0,1.0,1996.9030488215533
1237,28.0,63.2,8.8,24.2,13.6,17.4,12.6,3.6,13.0,25.4,58.4,6.0,17.4,6.6,12.0,9.2,5.8,13.8,7.0,30.0,65.0,2.5714285714285716,6.857142857142857,15.285714285714286,19.571428571428573,11.571428571428571,6.428571428571429,15.142857142857142,17.714285714285715,57.714285714285715,5.285714285714286,20.142857142857142,10.285714285714286,7.285714285714286,13.857142857142858,4.571428571428571,18.142857142857142,23.571428571428573,0.5,1.0,8.0,1.0,7.0,1951.5155558467025
1238,23.285714285714285,60.142857142857146,7.857142857142857,25.714285714285715,9.428571428571429,10.571428571428571,12.714285714285714,5.142857142857143,15.142857142857142,25.142857142857142,62.57142857142857,3.7142857142857144,13.428571428571429,11.142857142857142,13.428571428571429,14.714285714285714,5.142857142857143,20.142857142857142,3.2857142857142856,29.0,66.0,5.375,15.125,15.375,15.25,13.0,10.25,14.125,22.25,59.0,8.0,24.125,8.625,12.125,17.125,6.5,16.75,16.125,0.75,1.0,3.0,11.0,-8.0,2019.9900279851536
1239,21.5,61.0,3.5,15.25,8.75,10.75,11.25,10.75,18.5,20.75,51.75,4.5,13.25,11.5,12.25,20.0,4.25,17.25,0.25,24.4,56.8,5.4,16.4,8.6,11.4,12.0,2.6,12.0,28.0,65.2,9.2,25.4,9.4,15.0,9.2,5.8,18.4,-5.2,0.0,0.5,6.0,3.0,3.0,2036.0844646910152
1240,21.6,57.2,4.8,16.0,12.4,13.4,14.8,9.0,17.2,22.6,56.0,4.2,13.2,12.6,15.2,15.8,9.0,18.6,0.2,38.4,72.2,7.2,17.4,16.8,22.8,12.8,7.8,12.8,28.0,68.8,6.0,21.0,14.6,13.4,13.2,5.8,16.0,26.0,0.5,1.0,9.0,1.0,8.0,1928.576236970653
1241,25.4,57.4,4.6,11.0,9.2,14.4,11.6,7.4,14.8,23.2,62.4,6.6,18.0,14.6,12.6,14.2,6.4,18.6,8.0,25.0,57.5,6.25,22.5,10.75,13.0,13.25,2.25,13.25,25.5,67.25,7.75,21.25,12.25,13.75,7.25,6.25,14.25,-1.25,0.5,0.0,5.0,4.0,1.0,1941.636975993545
1242,28.333333333333332,62.333333333333336,8.166666666666666,20.0,13.166666666666666,13.333333333333334,13.0,6.0,17.333333333333332,30.0,64.0,5.666666666666667,18.166666666666668,14.0,15.0,13.5,5.333333333333333,17.5,-2.5,30.4,60.0,9.4,23.8,11.2,19.2,12.6,9.0,16.6,22.2,64.4,7.4,27.8,11.6,10.0,12.2,5.6,17.8,24.6,0.6666666666666666,1.0,3.0,6.0,-3.0,2072.4602844374767
1243,27.4,58.2,7.6,19.2,8.8,14.6,9.8,6.4,13.6,21.0,59.4,8.0,22.2,12.8,12.2,11.4,4.6,17.2,11.8,26.333333333333332,56.0,7.833333333333333,22.833333333333332,8.666666666666666,14.833333333333334,12.333333333333334,7.5,13.666666666666666,18.833333333333332,57.5,6.166666666666667,22.166666666666668,9.0,10.333333333333334,11.333333333333334,6.5,13.166666666666666,16.833333333333332,1.0,1.0,7.0,2.0,5.0,1822.972324539753
1244,26.0,58.6,4.8,14.2,13.2,17.0,16.2,7.6,18.0,23.4,60.8,6.8,17.8,12.2,16.0,13.4,9.6,16.8,3.0,29.4,66.6,5.0,14.6,14.8,15.0,10.0,7.8,15.4,25.2,59.8,6.2,20.4,13.0,15.2,16.0,5.4,15.0,9.2,0.6666666666666666,0.5,3.0,6.0,-3.0,2182.263615458575
1245,29.4,66.6,5.0,14.6,14.8,15.0,10.0,7.8,15.4,25.2,59.8,6.2,20.4,13.0,15.2,16.0,5.4,15.0,9.2,28.285714285714285,58.714285714285715,5.857142857142857,19.571428571428573,10.714285714285714,17.857142857142858,12.142857142857142,9.142857142857142,12.142857142857142,19.0,58.142857142857146,5.285714285714286,18.857142857142858,11.571428571428571,10.857142857142858,16.428571428571427,5.285714285714286,16.428571428571427,24.571428571428573,0.5,1.0,6.0,2.0,4.0,2114.4766472247898
1246,25.0,57.5,6.25,22.5,10.75,13.0,13.25,2.25,13.25,25.5,67.25,7.75,21.25,12.25,13.75,7.25,6.25,14.25,-1.25,31.333333333333332,66.83333333333333,7.0,24.0,13.0,17.5,11.166666666666666,7.5,16.166666666666668,25.5,59.0,4.166666666666667,12.166666666666666,10.5,9.333333333333334,17.666666666666668,3.5,14.666666666666666,15.166666666666666,0.0,0.6666666666666666,4.0,1.0,3.0,2160.4197374366254
1247,23.4,55.0,5.4,17.4,11.0,16.4,13.4,5.8,16.2,23.0,50.4,4.4,15.4,8.0,9.2,12.4,6.2,14.6,-0.6,31.166666666666668,63.333333333333336,4.5,10.5,14.0,15.666666666666666,10.666666666666666,7.5,18.333333333333332,23.0,53.833333333333336,6.666666666666667,17.0,10.166666666666666,10.833333333333334,19.0,6.0,18.0,16.833333333333332,0.5,1.0,5.0,1.0,4.0,2036.1275506363677
1248,30.4,60.0,9.4,23.8,11.2,19.2,12.6,9.0,16.6,22.2,64.4,7.4,27.8,11.6,10.0,12.2,5.6,17.8,24.6,29.5,62.166666666666664,8.333333333333334,21.0,10.833333333333334,17.333333333333332,9.833333333333334,5.833333333333333,13.166666666666666,24.666666666666668,59.166666666666664,6.833333333333333,21.0,9.166666666666666,14.166666666666666,10.333333333333334,4.666666666666667,14.833333333333334,11.0,1.0,0.6666666666666666,6.0,2.0,4.0,1945.7996888593368
1249,27.5,64.75,5.0,17.25,13.75,11.25,11.0,6.25,16.5,26.25,65.25,4.75,12.5,16.0,10.5,12.25,5.75,20.0,3.0,30.0,65.0,2.5714285714285716,6.857142857142857,15.285714285714286,19.571428571428573,11.571428571428571,6.428571428571429,15.142857142857142,17.714285714285715,57.714285714285715,5.285714285714286,20.142857142857142,10.285714285714286,7.285714285714286,13.857142857142858,4.571428571428571,18.142857142857142,23.571428571428573,0.0,1.0,4.0,1.0,3.0,2220.024221312621
1250,24.4,56.8,5.4,16.4,8.6,11.4,12.0,2.6,12.0,28.0,65.2,9.2,25.4,9.4,15.0,9.2,5.8,18.4,-5.2,28.6,55.0,5.2,13.8,8.2,22.4,15.4,5.4,11.0,25.0,64.0,5.0,18.0,10.2,14.0,10.6,9.8,18.2,13.6,0.5,1.0,3.0,2.0,1.0,2137.299095593952
1251,24.8,53.0,3.2,11.4,12.0,13.2,18.8,5.4,12.2,21.4,59.4,8.2,24.8,7.8,11.6,12.6,9.0,16.8,6.6,38.4,72.2,7.2,17.4,16.8,22.8,12.8,7.8,12.8,28.0,68.8,6.0,21.0,14.6,13.4,13.2,5.8,16.0,26.0,0.5,1.0,4.0,1.0,3.0,2087.511430143641
1252,29.0,66.0,5.375,15.125,15.375,15.25,13.0,10.25,14.125,22.25,59.0,8.0,24.125,8.625,12.125,17.125,6.5,16.75,16.125,26.333333333333332,56.0,7.833333333333333,22.833333333333332,8.666666666666666,14.833333333333334,12.333333333333334,7.5,13.666666666666666,18.833333333333332,57.5,6.166666666666667,22.166666666666668,9.0,10.333333333333334,11.333333333333334,6.5,13.166666666666666,16.833333333333332,1.0,1.0,11.0,2.0,9.0,1789.254324534511
1253,31.333333333333332,66.83333333333333,7.0,24.0,13.0,17.5,11.166666666666666,7.5,16.166666666666668,25.5,59.0,4.166666666666667,12.166666666666666,10.5,9.333333333333334,17.666666666666668,3.5,14.666666666666666,15.166666666666666,28.285714285714285,58.714285714285715,5.857142857142857,19.571428571428573,10.714285714285714,17.857142857142858,12.142857142857142,9.142857142857142,12.142857142857142,19.0,58.142857142857146,5.285714285714286,18.857142857142858,11.571428571428571,10.857142857142858,16.428571428571427,5.285714285714286,16.428571428571427,24.571428571428573,0.6666666666666666,1.0,1.0,2.0,-1.0,2353.975460789412
1254,31.166666666666668,63.333333333333336,4.5,10.5,14.0,15.666666666666666,10.666666666666666,7.5,18.333333333333332,23.0,53.833333333333336,6.666666666666667,17.0,10.166666666666666,10.833333333333334,19.0,6.0,18.0,16.833333333333332,29.5,62.166666666666664,8.333333333333334,21.0,10.833333333333334,17.333333333333332,9.833333333333334,5.833333333333333,13.166666666666666,24.666666666666668,59.166666666666664,6.833333333333333,21.0,9.166666666666666,14.166666666666666,10.333333333333334,4.666666666666667,14.833333333333334,11.0,1.0,0.6666666666666666,1.0,2.0,-1.0,2361.746464448712
1255,28.6,55.0,5.2,13.8,8.2,22.4,15.4,5.4,11.0,25.0,64.0,5.0,18.0,10.2,14.0,10.6,9.8,18.2,13.6,30.0,65.0,2.5714285714285716,6.857142857142857,15.285714285714286,19.571428571428573,11.571428571428571,6.428571428571429,15.142857142857142,17.714285714285715,57.714285714285715,5.285714285714286,20.142857142857142,10.285714285714286,7.285714285714286,13.857142857142858,4.571428571428571,18.142857142857142,23.571428571428573,1.0,1.0,2.0,1.0,1.0,2124.717119743049
1256,26.333333333333332,56.0,7.833333333333333,22.833333333333332,8.666666666666666,14.833333333333334,12.333333333333334,7.5,13.666666666666666,18.833333333333332,57.5,6.166666666666667,22.166666666666668,9.0,10.333333333333334,11.333333333333334,6.5,13.166666666666666,16.833333333333332,38.4,72.2,7.2,17.4,16.8,22.8,12.8,7.8,12.8,28.0,68.8,6.0,21.0,14.6,13.4,13.2,5.8,16.0,26.0,1.0,1.0,2.0,1.0,1.0,2229.66134644176
1257,29.5,62.166666666666664,8.333333333333334,21.0,10.833333333333334,17.333333333333332,9.833333333333334,5.833333333333333,13.166666666666666,24.666666666666668,59.166666666666664,6.833333333333333,21.0,9.166666666666666,14.166666666666666,10.333333333333334,4.666666666666667,14.833333333333334,11.0,30.0,65.0,2.5714285714285716,6.857142857142857,15.285714285714286,19.571428571428573,11.571428571428571,6.428571428571429,15.142857142857142,17.714285714285715,57.714285714285715,5.285714285714286,20.142857142857142,10.285714285714286,7.285714285714286,13.857142857142858,4.571428571428571,18.142857142857142,23.571428571428573,0.6666666666666666,1.0,2.0,1.0,1.0,2253.506971155296
1258,28.285714285714285,58.714285714285715,5.857142857142857,19.571428571428573,10.714285714285714,17.857142857142858,12.142857142857142,9.142857142857142,12.142857142857142,19.0,58.142857142857146,5.285714285714286,18.857142857142858,11.571428571428571,10.857142857142858,16.428571428571427,5.285714285714286,16.428571428571427,24.571428571428573,38.4,72.2,7.2,17.4,16.8,22.8,12.8,7.8,12.8,28.0,68.8,6.0,21.0,14.6,13.4,13.2,5.8,16.0,26.0,1.0,1.0,2.0,1.0,1.0,2614.046563229868
1259,38.4,72.2,7.2,17.4,16.8,22.8,12.8,7.8,12.8,28.0,68.8,6.0,21.0,14.6,13.4,13.2,5.8,16.0,26.0,30.0,65.0,2.5714285714285716,6.857142857142857,15.285714285714286,19.571428571428573,11.571428571428571,6.428571428571429,15.142857142857142,17.714285714285715,57.714285714285715,5.285714285714286,20.142857142857142,10.285714285714286,7.285714285714286,13.857142857142858,4.571428571428571,18.142857142857142,23.571428571428573,1.0,1.0,1.0,1.0,0.0,2506.9804114795365
1260,31.11111111111111,63.666666666666664,3.3333333333333335,10.222222222222221,13.88888888888889,17.555555555555557,17.0,7.0,15.88888888888889,20.333333333333332,61.333333333333336,5.444444444444445,18.333333333333332,7.555555555555555,9.666666666666666,14.88888888888889,7.111111111111111,19.333333333333332,21.77777777777778,25.375,57.875,5.875,14.75,12.125,13.25,13.375,8.0,14.75,20.625,58.875,5.0,14.75,9.875,11.625,13.875,6.25,19.375,15.125,1.0,1.0,2.0,15.0,-13.0,2436.234800749784
1261,31.285714285714285,63.57142857142857,5.714285714285714,18.142857142857142,11.857142857142858,18.857142857142858,13.142857142857142,10.571428571428571,9.0,18.285714285714285,58.57142857142857,5.142857142857143,21.285714285714285,7.142857142857143,11.714285714285714,16.0,6.142857142857143,14.714285714285714,33.857142857142854,26.8,57.0,10.2,25.2,6.8,17.2,14.4,5.8,15.8,24.4,63.6,5.0,16.4,11.2,12.0,13.2,4.8,17.4,9.2,1.0,1.0,1.0,16.0,-15.0,2527.9464680065435
1262,22.8,57.2,5.0,18.6,7.6,12.0,11.4,4.2,14.8,24.2,57.2,4.6,13.2,9.0,10.8,11.2,6.6,13.4,-5.6,29.571428571428573,60.42857142857143,8.857142857142858,21.857142857142858,11.428571428571429,19.857142857142858,15.571428571428571,13.714285714285714,20.285714285714285,18.714285714285715,50.0,3.7142857142857144,13.285714285714286,10.714285714285714,11.285714285714286,22.285714285714285,6.571428571428571,16.285714285714285,23.571428571428573,0.5,1.0,5.0,12.0,-7.0,1960.111109273923
1263,30.77777777777778,58.666666666666664,10.444444444444445,24.11111111111111,6.444444444444445,20.77777777777778,12.666666666666666,6.0,14.333333333333334,30.444444444444443,66.55555555555556,8.11111111111111,21.444444444444443,12.11111111111111,16.555555555555557,11.555555555555555,6.666666666666667,15.666666666666666,3.7777777777777777,29.333333333333332,63.333333333333336,10.333333333333334,31.166666666666668,7.5,15.333333333333334,14.0,7.5,18.166666666666668,26.333333333333332,62.166666666666664,8.333333333333334,24.5,8.333333333333334,10.333333333333334,13.833333333333334,6.166666666666667,17.0,5.666666666666667,0.6666666666666666,1.0,5.0,12.0,-7.0,2056.502567722153
1264,24.0,61.0,5.8,16.8,10.0,10.2,12.2,6.4,18.8,24.8,59.6,4.0,13.0,12.2,10.2,13.2,5.2,15.8,-4.8,31.142857142857142,60.857142857142854,7.142857142857143,18.714285714285715,8.428571428571429,18.0,12.714285714285714,9.285714285714286,15.857142857142858,19.0,55.57142857142857,4.857142857142857,20.571428571428573,7.428571428571429,8.714285714285714,14.571428571428571,6.857142857142857,10.571428571428571,19.142857142857142,0.5,1.0,4.0,13.0,-9.0,2019.6399343530345
1265,21.6,57.8,3.8,17.0,10.2,13.6,14.6,5.6,16.8,26.2,58.4,8.2,18.8,7.8,15.2,12.0,8.0,17.8,-9.8,27.88888888888889,63.44444444444444,11.555555555555555,36.111111111111114,5.666666666666667,15.777777777777779,9.88888888888889,11.11111111111111,15.0,21.11111111111111,56.666666666666664,4.333333333333333,16.88888888888889,7.222222222222222,7.777777777777778,17.88888888888889,5.555555555555555,16.666666666666668,23.555555555555557,0.3333333333333333,1.0,6.0,11.0,-5.0,2019.5561240158413
1266,25.833333333333332,59.0,6.333333333333333,18.5,8.166666666666666,14.0,10.333333333333334,6.5,9.666666666666666,23.166666666666668,59.166666666666664,4.666666666666667,19.666666666666668,7.333333333333333,9.333333333333334,11.833333333333334,4.666666666666667,16.166666666666668,12.666666666666666,25.666666666666668,68.0,6.166666666666667,22.166666666666668,14.0,17.0,15.166666666666666,12.0,14.5,21.5,61.666666666666664,4.333333333333333,15.833333333333334,12.5,12.333333333333334,21.166666666666668,8.333333333333334,16.5,10.5,1.0,1.0,1.0,16.0,-15.0,2237.5322758113925
1267,25.5,66.0,5.5,20.25,9.5,14.25,13.75,11.25,13.75,26.5,64.5,7.0,19.5,9.75,15.75,17.5,8.5,15.5,-3.0,21.25,56.5,7.0,20.5,7.75,12.25,11.0,6.0,14.0,26.0,60.0,5.5,17.5,9.75,15.25,12.25,6.0,15.5,-2.75,0.5,0.5,8.0,9.0,-1.0,1938.2112565083544
1268,25.2,56.6,6.8,17.8,6.6,14.6,10.6,2.4,12.2,26.4,69.6,5.8,17.4,12.0,13.8,5.4,6.8,16.0,-0.2,23.75,61.25,4.75,16.25,12.0,13.0,12.25,7.0,18.25,22.0,58.0,4.75,20.5,11.5,11.5,14.0,5.75,17.0,2.0,0.6666666666666666,0.0,8.0,9.0,-1.0,2079.9848658069227
1269,25.0,61.666666666666664,4.5,12.5,11.833333333333334,10.666666666666666,14.0,7.166666666666667,15.833333333333334,21.666666666666668,58.666666666666664,3.6666666666666665,12.666666666666666,7.333333333333333,9.5,14.333333333333334,5.666666666666667,17.166666666666668,11.666666666666666,27.5,68.66666666666667,6.0,14.666666666666666,14.0,14.833333333333334,8.0,9.666666666666666,15.5,24.5,57.333333333333336,4.166666666666667,16.166666666666668,9.833333333333334,9.0,15.833333333333334,3.8333333333333335,17.333333333333332,7.333333333333333,1.0,1.0,1.0,16.0,-15.0,2328.151193587607
1270,18.25,56.125,6.75,23.375,14.25,12.75,14.375,5.625,17.0,20.0,54.125,4.0,13.0,9.5,10.0,13.5,7.0,19.375,1.0,20.0,54.25,7.0,22.0,11.0,13.5,15.0,7.5,13.0,20.0,55.75,5.25,17.75,10.25,10.25,14.0,10.75,13.25,3.75,0.8,0.5,8.0,9.0,-1.0,1920.5068750813423
1271,28.6,65.2,10.4,24.8,10.8,13.6,11.4,7.8,12.2,17.6,58.8,3.8,20.6,6.8,7.4,13.8,7.0,11.8,29.2,21.857142857142858,52.0,4.571428571428571,16.428571428571427,8.714285714285714,16.0,14.571428571428571,6.714285714285714,12.571428571428571,20.285714285714285,57.857142857142854,4.857142857142857,18.285714285714285,9.0,10.571428571428571,12.428571428571429,6.571428571428571,15.0,7.142857142857143,1.0,0.75,1.0,16.0,-15.0,2306.6424401703603
1272,24.0,58.333333333333336,6.0,22.666666666666668,11.5,11.0,15.0,4.833333333333333,16.0,24.833333333333332,61.666666666666664,6.833333333333333,20.666666666666668,9.666666666666666,14.5,11.833333333333334,7.666666666666667,17.333333333333332,-0.6666666666666666,20.5,52.0,6.25,19.0,10.0,12.0,12.25,7.75,16.25,20.5,49.0,6.25,17.75,7.0,11.25,15.0,6.0,20.0,5.75,0.6666666666666666,0.0,8.0,9.0,-1.0,1968.6741244352488
1273,25.8,61.2,4.6,13.2,14.2,12.0,18.4,5.0,16.0,24.4,64.4,7.0,20.6,9.0,12.8,12.4,9.4,18.4,5.4,22.571428571428573,58.57142857142857,8.285714285714286,29.285714285714285,9.142857142857142,11.857142857142858,10.285714285714286,6.0,14.714285714285714,25.857142857142858,60.714285714285715,6.428571428571429,21.428571428571427,12.0,13.714285714285714,13.285714285714286,3.5714285714285716,16.428571428571427,-0.5714285714285714,0.5,0.8,3.0,14.0,-11.0,2019.7182806594328
1274,23.6,55.4,8.2,25.4,5.0,13.4,12.2,4.2,17.0,24.6,59.8,6.6,23.6,8.8,11.8,11.6,7.0,16.8,0.8,25.666666666666668,59.5,2.8333333333333335,10.0,9.833333333333334,16.333333333333332,14.333333333333334,7.833333333333333,13.333333333333334,23.0,59.0,5.166666666666667,17.166666666666668,7.333333333333333,12.333333333333334,14.333333333333334,7.833333333333333,12.0,4.0,0.5,0.5,7.0,10.0,-3.0,1946.824521784952
1275,25.0,61.875,5.875,17.75,8.375,13.375,13.875,8.375,17.25,26.625,62.375,5.875,17.5,10.75,16.25,14.25,6.25,13.875,-5.0,24.0,61.0,10.25,29.75,6.75,14.75,11.75,7.0,11.5,24.5,62.5,4.0,20.25,9.75,12.0,13.75,6.25,14.25,7.75,0.6,1.0,4.0,13.0,-9.0,2039.472217977415
1276,26.0,57.6,7.8,20.8,7.0,15.8,12.8,3.8,12.6,28.0,63.2,10.2,22.0,9.2,14.2,11.6,6.4,15.6,-4.0,26.75,63.25,6.25,19.25,8.75,13.5,12.25,7.0,15.75,26.75,60.75,8.0,21.25,5.5,14.5,11.75,6.25,16.25,0.0,0.5,0.0,7.0,10.0,-3.0,1899.4462240399416
1277,21.0,58.0,4.5,17.5,7.0,7.75,13.75,11.75,16.5,19.75,53.25,6.5,18.0,8.0,9.25,17.75,6.25,12.75,-2.25,24.75,53.25,5.0,14.5,11.75,14.5,15.0,10.5,12.5,20.25,51.5,4.75,15.75,7.5,12.5,16.5,8.5,15.0,14.0,0.5,1.0,3.0,14.0,-11.0,2044.2889124238009
1278,28.285714285714285,58.285714285714285,8.571428571428571,24.714285714285715,9.714285714285714,16.571428571428573,12.428571428571429,8.714285714285714,15.571428571428571,20.571428571428573,53.42857142857143,6.571428571428571,22.0,10.571428571428571,12.857142857142858,16.285714285714285,6.285714285714286,13.142857142857142,16.714285714285715,27.4,59.8,5.8,17.6,12.0,17.8,14.6,10.2,12.2,17.6,51.2,5.8,16.0,6.0,8.6,16.2,7.8,13.4,23.4,1.0,1.0,12.0,5.0,7.0,1692.6017355301003
1279,26.4,58.6,5.8,19.6,8.2,16.2,12.4,9.4,16.6,21.0,56.2,8.4,24.2,9.6,13.2,15.0,7.0,15.6,5.0,26.666666666666668,61.333333333333336,6.0,19.333333333333332,11.166666666666666,15.333333333333334,12.5,11.0,15.333333333333334,19.666666666666668,53.5,6.666666666666667,18.166666666666668,8.833333333333334,14.0,16.333333333333332,7.166666666666667,13.333333333333334,9.833333333333334,0.5,0.6666666666666666,11.0,6.0,5.0,1793.6234823217994
1280,26.5,61.666666666666664,5.0,14.166666666666666,11.0,11.833333333333334,13.333333333333334,6.5,17.0,24.0,60.333333333333336,4.333333333333333,12.833333333333334,10.5,6.833333333333333,15.333333333333334,6.833333333333333,17.333333333333332,4.333333333333333,23.857142857142858,57.57142857142857,6.285714285714286,19.571428571428573,8.285714285714286,11.0,11.142857142857142,9.857142857142858,17.0,21.285714285714285,57.714285714285715,6.0,20.285714285714285,16.857142857142858,10.142857142857142,19.714285714285715,4.714285714285714,15.428571428571429,2.0,0.6666666666666666,1.0,3.0,14.0,-11.0,2023.2389874449707
1281,28.8,60.2,3.4,13.0,9.8,13.4,13.0,6.0,15.2,25.2,60.0,4.8,13.0,6.0,8.6,13.6,7.2,19.2,11.2,21.333333333333332,55.333333333333336,5.833333333333333,18.5,9.833333333333334,12.5,10.666666666666666,7.666666666666667,12.333333333333334,23.166666666666668,56.5,6.833333333333333,21.833333333333332,8.166666666666666,13.166666666666666,13.333333333333334,5.5,18.333333333333332,4.833333333333333,0.6666666666666666,1.0,4.0,13.0,-9.0,2077.337648758599
1282,27.5,60.5,11.0,25.75,9.75,15.25,16.25,5.0,14.25,25.25,62.0,8.75,24.5,10.0,15.75,13.5,9.25,18.25,9.5,25.5,61.0,7.0,19.0,12.0,15.166666666666666,15.5,8.0,16.5,24.833333333333332,57.666666666666664,6.166666666666667,18.666666666666668,8.0,14.0,15.166666666666666,7.666666666666667,15.666666666666666,1.3333333333333333,0.5,0.75,7.0,10.0,-3.0,1978.6778675719324
1283,26.2,61.6,5.6,19.6,9.0,13.2,10.0,7.0,17.6,20.4,54.6,3.6,16.2,11.0,10.6,15.0,4.4,13.6,6.2,23.8,54.0,5.6,15.4,8.8,16.2,11.6,7.8,13.0,18.6,58.6,4.4,19.2,13.6,10.8,14.4,4.4,17.0,14.4,0.6666666666666666,0.8,2.0,15.0,-13.0,2292.6232422902035
1284,33.55555555555556,64.66666666666667,7.111111111111111,17.0,10.777777777777779,21.88888888888889,10.555555555555555,9.666666666666666,13.11111111111111,24.88888888888889,60.44444444444444,7.555555555555555,22.444444444444443,9.0,14.777777777777779,15.777777777777779,5.333333333333333,15.0,22.88888888888889,26.0,63.22222222222222,9.555555555555555,26.444444444444443,10.88888888888889,14.444444444444445,13.333333333333334,8.11111111111111,16.77777777777778,21.666666666666668,56.77777777777778,4.666666666666667,15.333333333333334,7.222222222222222,13.222222222222221,14.88888888888889,5.888888888888889,14.777777777777779,13.222222222222221,1.0,0.5,2.0,15.0,-13.0,2265.760304891667
1285,26.428571428571427,59.0,5.714285714285714,18.285714285714285,12.571428571428571,16.714285714285715,11.285714285714286,9.571428571428571,14.571428571428571,20.142857142857142,50.714285714285715,5.142857142857143,15.0,4.285714285714286,10.428571428571429,15.142857142857142,5.571428571428571,15.857142857142858,19.714285714285715,20.857142857142858,51.42857142857143,6.428571428571429,20.428571428571427,5.0,13.0,12.285714285714286,5.571428571428571,12.571428571428571,18.857142857142858,63.57142857142857,4.857142857142857,21.571428571428573,11.857142857142858,7.714285714285714,10.857142857142858,5.857142857142857,16.285714285714285,8.714285714285714,1.0,0.8,5.0,12.0,-7.0,1957.1541614323532
1286,22.285714285714285,62.57142857142857,3.7142857142857144,16.0,10.0,15.428571428571429,10.285714285714286,9.428571428571429,16.0,21.0,53.714285714285715,4.857142857142857,18.285714285714285,8.571428571428571,15.428571428571429,19.0,6.428571428571429,17.714285714285715,1.4285714285714286,21.571428571428573,52.57142857142857,3.857142857142857,10.714285714285714,11.428571428571429,12.0,14.857142857142858,9.142857142857142,16.0,16.714285714285715,50.285714285714285,5.857142857142857,17.142857142857142,9.714285714285714,11.0,17.142857142857142,7.142857142857143,17.285714285714285,8.285714285714286,0.5,0.6,7.0,10.0,-3.0,2000.4626618928733
1287,27.666666666666668,62.666666666666664,7.333333333333333,18.666666666666668,8.333333333333334,15.0,4.666666666666667,6.666666666666667,16.0,24.0,55.0,7.0,15.333333333333334,6.0,14.0,9.0,2.3333333333333335,10.0,2.0,28.0,60.714285714285715,7.714285714285714,20.285714285714285,9.0,16.857142857142858,10.571428571428571,8.285714285714286,17.428571428571427,19.857142857142858,55.42857142857143,7.571428571428571,19.285714285714285,8.0,8.714285714285714,15.571428571428571,4.857142857142857,19.285714285714285,19.714285714285715,0.0,1.0,6.0,11.0,-5.0,2194.710159881405
1288,23.428571428571427,60.714285714285715,5.857142857142857,16.571428571428573,12.714285714285714,13.857142857142858,14.571428571428571,7.0,18.428571428571427,22.0,51.0,3.7142857142857144,11.142857142857142,8.571428571428571,9.714285714285714,18.285714285714285,7.285714285714286,18.714285714285715,1.1428571428571428,24.857142857142858,58.857142857142854,8.428571428571429,20.857142857142858,8.857142857142858,13.428571428571429,11.571428571428571,6.0,14.857142857142858,23.714285714285715,58.857142857142854,5.428571428571429,17.857142857142858,9.142857142857142,11.142857142857142,12.714285714285714,5.571428571428571,15.428571428571429,6.857142857142857,0.5,1.0,6.0,11.0,-5.0,2018.2220127431376
1289,26.0,59.2,4.2,11.6,7.4,10.8,12.6,9.0,15.2,22.4,62.4,7.0,19.8,11.2,13.0,16.0,6.2,18.4,7.6,32.0,78.83333333333333,7.166666666666667,17.666666666666668,21.333333333333332,17.666666666666668,15.5,8.0,19.666666666666668,28.666666666666668,70.5,6.5,17.5,11.666666666666666,11.833333333333334,15.5,8.666666666666666,17.166666666666668,9.833333333333334,0.5,1.0,2.0,15.0,-13.0,2164.0590718609565
1290,22.6,60.4,6.2,18.6,8.8,12.8,11.6,10.0,14.2,21.6,54.8,5.6,16.6,5.8,9.2,16.6,5.8,16.4,7.2,24.0,53.75,8.75,23.25,6.75,17.0,14.0,8.0,11.75,17.75,57.0,2.75,15.25,9.0,7.0,13.75,7.25,9.75,15.5,0.6666666666666666,1.0,3.0,14.0,-11.0,2166.210269870043
1291,25.0,58.0,4.25,13.0,13.25,11.0,12.0,6.75,19.5,16.5,52.75,3.25,17.75,7.75,9.25,11.75,4.25,15.5,9.0,25.5,60.0,11.0,28.25,5.25,9.25,12.25,7.25,15.75,25.25,62.0,4.25,14.5,12.0,10.0,14.75,3.75,16.0,6.0,1.0,0.0,13.0,4.0,9.0,1659.889850169117
1292,31.11111111111111,63.666666666666664,3.3333333333333335,10.222222222222221,13.88888888888889,17.555555555555557,17.0,7.0,15.88888888888889,20.333333333333332,61.333333333333336,5.444444444444445,18.333333333333332,7.555555555555555,9.666666666666666,14.88888888888889,7.111111111111111,19.333333333333332,21.77777777777778,23.6,55.4,8.2,25.4,5.0,13.4,12.2,4.2,17.0,24.6,59.8,6.6,23.6,8.8,11.8,11.6,7.0,16.8,0.8,1.0,0.5,2.0,7.0,-5.0,2436.331516287029
1293,31.285714285714285,63.57142857142857,5.714285714285714,18.142857142857142,11.857142857142858,18.857142857142858,13.142857142857142,10.571428571428571,9.0,18.285714285714285,58.57142857142857,5.142857142857143,21.285714285714285,7.142857142857143,11.714285714285714,16.0,6.142857142857143,14.714285714285714,33.857142857142854,24.0,58.333333333333336,6.0,22.666666666666668,11.5,11.0,15.0,4.833333333333333,16.0,24.833333333333332,61.666666666666664,6.833333333333333,20.666666666666668,9.666666666666666,14.5,11.833333333333334,7.666666666666667,17.333333333333332,-0.6666666666666666,1.0,0.6666666666666666,1.0,8.0,-7.0,2528.0099376943203
1294,22.8,57.2,5.0,18.6,7.6,12.0,11.4,4.2,14.8,24.2,57.2,4.6,13.2,9.0,10.8,11.2,6.6,13.4,-5.6,25.0,61.875,5.875,17.75,8.375,13.375,13.875,8.375,17.25,26.625,62.375,5.875,17.5,10.75,16.25,14.25,6.25,13.875,-5.0,0.5,0.6,5.0,4.0,1.0,1966.1122825520536
1295,30.77777777777778,58.666666666666664,10.444444444444445,24.11111111111111,6.444444444444445,20.77777777777778,12.666666666666666,6.0,14.333333333333334,30.444444444444443,66.55555555555556,8.11111111111111,21.444444444444443,12.11111111111111,16.555555555555557,11.555555555555555,6.666666666666667,15.666666666666666,3.7777777777777777,24.0,61.0,5.8,16.8,10.0,10.2,12.2,6.4,18.8,24.8,59.6,4.0,13.0,12.2,10.2,13.2,5.2,15.8,-4.8,0.6666666666666666,0.5,5.0,4.0,1.0,2063.1156597521394
1296,21.6,57.8,3.8,17.0,10.2,13.6,14.6,5.6,16.8,26.2,58.4,8.2,18.8,7.8,15.2,12.0,8.0,17.8,-9.8,25.8,61.2,4.6,13.2,14.2,12.0,18.4,5.0,16.0,24.4,64.4,7.0,20.6,9.0,12.8,12.4,9.4,18.4,5.4,0.3333333333333333,0.5,6.0,3.0,3.0,2032.032949145471
1297,25.833333333333332,59.0,6.333333333333333,18.5,8.166666666666666,14.0,10.333333333333334,6.5,9.666666666666666,23.166666666666668,59.166666666666664,4.666666666666667,19.666666666666668,7.333333333333333,9.333333333333334,11.833333333333334,4.666666666666667,16.166666666666668,12.666666666666666,18.25,56.125,6.75,23.375,14.25,12.75,14.375,5.625,17.0,20.0,54.125,4.0,13.0,9.5,10.0,13.5,7.0,19.375,1.0,1.0,0.8,1.0,8.0,-7.0,2237.8966806378203
1298,25.0,61.666666666666664,4.5,12.5,11.833333333333334,10.666666666666666,14.0,7.166666666666667,15.833333333333334,21.666666666666668,58.666666666666664,3.6666666666666665,12.666666666666666,7.333333333333333,9.5,14.333333333333334,5.666666666666667,17.166666666666668,11.666666666666666,25.2,56.6,6.8,17.8,6.6,14.6,10.6,2.4,12.2,26.4,69.6,5.8,17.4,12.0,13.8,5.4,6.8,16.0,-0.2,1.0,0.6666666666666666,1.0,8.0,-7.0,2328.4190375478665
1299,28.6,65.2,10.4,24.8,10.8,13.6,11.4,7.8,12.2,17.6,58.8,3.8,20.6,6.8,7.4,13.8,7.0,11.8,29.2,25.5,66.0,5.5,20.25,9.5,14.25,13.75,11.25,13.75,26.5,64.5,7.0,19.5,9.75,15.75,17.5,8.5,15.5,-3.0,1.0,0.5,1.0,8.0,-7.0,2306.7632464555536
1300,21.0,58.0,4.5,17.5,7.0,7.75,13.75,11.75,16.5,19.75,53.25,6.5,18.0,8.0,9.25,17.75,6.25,12.75,-2.25,26.4,58.6,5.8,19.6,8.2,16.2,12.4,9.4,16.6,21.0,56.2,8.4,24.2,9.6,13.2,15.0,7.0,15.6,5.0,0.5,0.5,3.0,11.0,-8.0,2046.6392696480848
1301,28.8,60.2,3.4,13.0,9.8,13.4,13.0,6.0,15.2,25.2,60.0,4.8,13.0,6.0,8.6,13.6,7.2,19.2,11.2,28.285714285714285,58.285714285714285,8.571428571428571,24.714285714285715,9.714285714285714,16.571428571428573,12.428571428571429,8.714285714285714,15.571428571428571,20.571428571428573,53.42857142857143,6.571428571428571,22.0,10.571428571428571,12.857142857142858,16.285714285714285,6.285714285714286,13.142857142857142,16.714285714285715,0.6666666666666666,1.0,4.0,12.0,-8.0,2079.956816133913
1302,26.2,61.6,5.6,19.6,9.0,13.2,10.0,7.0,17.6,20.4,54.6,3.6,16.2,11.0,10.6,15.0,4.4,13.6,6.2,22.285714285714285,62.57142857142857,3.7142857142857144,16.0,10.0,15.428571428571429,10.285714285714286,9.428571428571429,16.0,21.0,53.714285714285715,4.857142857142857,18.285714285714285,8.571428571428571,15.428571428571429,19.0,6.428571428571429,17.714285714285715,1.4285714285714286,0.6666666666666666,0.5,2.0,7.0,-5.0,2293.443375494011
1303,33.55555555555556,64.66666666666667,7.111111111111111,17.0,10.777777777777779,21.88888888888889,10.555555555555555,9.666666666666666,13.11111111111111,24.88888888888889,60.44444444444444,7.555555555555555,22.444444444444443,9.0,14.777777777777779,15.777777777777779,5.333333333333333,15.0,22.88888888888889,26.0,57.6,7.8,20.8,7.0,15.8,12.8,3.8,12.6,28.0,63.2,10.2,22.0,9.2,14.2,11.6,6.4,15.6,-4.0,1.0,0.5,2.0,7.0,-5.0,2265.927901721159
1304,26.428571428571427,59.0,5.714285714285714,18.285714285714285,12.571428571428571,16.714285714285715,11.285714285714286,9.571428571428571,14.571428571428571,20.142857142857142,50.714285714285715,5.142857142857143,15.0,4.285714285714286,10.428571428571429,15.142857142857142,5.571428571428571,15.857142857142858,19.714285714285715,25.0,58.0,4.25,13.0,13.25,11.0,12.0,6.75,19.5,16.5,52.75,3.25,17.75,7.75,9.25,11.75,4.25,15.5,9.0,1.0,1.0,5.0,13.0,-8.0,1962.469239827198
1305,27.666666666666668,62.666666666666664,7.333333333333333,18.666666666666668,8.333333333333334,15.0,4.666666666666667,6.666666666666667,16.0,24.0,55.0,7.0,15.333333333333334,6.0,14.0,9.0,2.3333333333333335,10.0,2.0,26.5,61.666666666666664,5.0,14.166666666666666,11.0,11.833333333333334,13.333333333333334,6.5,17.0,24.0,60.333333333333336,4.333333333333333,12.833333333333334,10.5,6.833333333333333,15.333333333333334,6.833333333333333,17.333333333333332,4.333333333333333,0.0,0.6666666666666666,6.0,3.0,3.0,2200.1177479221906
1306,23.428571428571427,60.714285714285715,5.857142857142857,16.571428571428573,12.714285714285714,13.857142857142858,14.571428571428571,7.0,18.428571428571427,22.0,51.0,3.7142857142857144,11.142857142857142,8.571428571428571,9.714285714285714,18.285714285714285,7.285714285714286,18.714285714285715,1.1428571428571428,22.6,60.4,6.2,18.6,8.8,12.8,11.6,10.0,14.2,21.6,54.8,5.6,16.6,5.8,9.2,16.6,5.8,16.4,7.2,0.5,0.6666666666666666,6.0,3.0,3.0,2021.3615033986875
1307,26.0,59.2,4.2,11.6,7.4,10.8,12.6,9.0,15.2,22.4,62.4,7.0,19.8,11.2,13.0,16.0,6.2,18.4,7.6,27.5,60.5,11.0,25.75,9.75,15.25,16.25,5.0,14.25,25.25,62.0,8.75,24.5,10.0,15.75,13.5,9.25,18.25,9.5,0.5,0.5,2.0,7.0,-5.0,2166.0236535572653
1308,21.0,58.0,4.5,17.5,7.0,7.75,13.75,11.75,16.5,19.75,53.25,6.5,18.0,8.0,9.25,17.75,6.25,12.75,-2.25,26.0,59.2,4.2,11.6,7.4,10.8,12.6,9.0,15.2,22.4,62.4,7.0,19.8,11.2,13.0,16.0,6.2,18.4,7.6,0.5,0.5,3.0,2.0,1.0,2053.406319429398
1309,31.11111111111111,63.666666666666664,3.3333333333333335,10.222222222222221,13.88888888888889,17.555555555555557,17.0,7.0,15.88888888888889,20.333333333333332,61.333333333333336,5.444444444444445,18.333333333333332,7.555555555555555,9.666666666666666,14.88888888888889,7.111111111111111,19.333333333333332,21.77777777777778,21.6,57.8,3.8,17.0,10.2,13.6,14.6,5.6,16.8,26.2,58.4,8.2,18.8,7.8,15.2,12.0,8.0,17.8,-9.8,1.0,0.3333333333333333,2.0,6.0,-4.0,2438.33772327224
1310,31.285714285714285,63.57142857142857,5.714285714285714,18.142857142857142,11.857142857142858,18.857142857142858,13.142857142857142,10.571428571428571,9.0,18.285714285714285,58.57142857142857,5.142857142857143,21.285714285714285,7.142857142857143,11.714285714285714,16.0,6.142857142857143,14.714285714285714,33.857142857142854,30.77777777777778,58.666666666666664,10.444444444444445,24.11111111111111,6.444444444444445,20.77777777777778,12.666666666666666,6.0,14.333333333333334,30.444444444444443,66.55555555555556,8.11111111111111,21.444444444444443,12.11111111111111,16.555555555555557,11.555555555555555,6.666666666666667,15.666666666666666,3.7777777777777777,1.0,0.6666666666666666,1.0,5.0,-4.0,2529.3391915067564
1311,28.8,60.2,3.4,13.0,9.8,13.4,13.0,6.0,15.2,25.2,60.0,4.8,13.0,6.0,8.6,13.6,7.2,19.2,11.2,25.833333333333332,59.0,6.333333333333333,18.5,8.166666666666666,14.0,10.333333333333334,6.5,9.666666666666666,23.166666666666668,59.166666666666664,4.666666666666667,19.666666666666668,7.333333333333333,9.333333333333334,11.833333333333334,4.666666666666667,16.166666666666668,12.666666666666666,0.6666666666666666,1.0,4.0,1.0,3.0,2083.5340128847797
1312,26.2,61.6,5.6,19.6,9.0,13.2,10.0,7.0,17.6,20.4,54.6,3.6,16.2,11.0,10.6,15.0,4.4,13.6,6.2,27.666666666666668,62.666666666666664,7.333333333333333,18.666666666666668,8.333333333333334,15.0,4.666666666666667,6.666666666666667,16.0,24.0,55.0,7.0,15.333333333333334,6.0,14.0,9.0,2.3333333333333335,10.0,2.0,0.6666666666666666,0.0,2.0,6.0,-4.0,2298.7461586508484
1313,25.0,61.666666666666664,4.5,12.5,11.833333333333334,10.666666666666666,14.0,7.166666666666667,15.833333333333334,21.666666666666668,58.666666666666664,3.6666666666666665,12.666666666666666,7.333333333333333,9.5,14.333333333333334,5.666666666666667,17.166666666666668,11.666666666666666,22.8,57.2,5.0,18.6,7.6,12.0,11.4,4.2,14.8,24.2,57.2,4.6,13.2,9.0,10.8,11.2,6.6,13.4,-5.6,1.0,0.5,1.0,5.0,-4.0,2334.966278952246
1314,28.6,65.2,10.4,24.8,10.8,13.6,11.4,7.8,12.2,17.6,58.8,3.8,20.6,6.8,7.4,13.8,7.0,11.8,29.2,26.428571428571427,59.0,5.714285714285714,18.285714285714285,12.571428571428571,16.714285714285715,11.285714285714286,9.571428571428571,14.571428571428571,20.142857142857142,50.714285714285715,5.142857142857143,15.0,4.285714285714286,10.428571428571429,15.142857142857142,5.571428571428571,15.857142857142858,19.714285714285715,1.0,1.0,1.0,5.0,-4.0,2310.39672218334
1315,23.428571428571427,60.714285714285715,5.857142857142857,16.571428571428573,12.714285714285714,13.857142857142858,14.571428571428571,7.0,18.428571428571427,22.0,51.0,3.7142857142857144,11.142857142857142,8.571428571428571,9.714285714285714,18.285714285714285,7.285714285714286,18.714285714285715,1.1428571428571428,33.55555555555556,64.66666666666667,7.111111111111111,17.0,10.777777777777779,21.88888888888889,10.555555555555555,9.666666666666666,13.11111111111111,24.88888888888889,60.44444444444444,7.555555555555555,22.444444444444443,9.0,14.777777777777779,15.777777777777779,5.333333333333333,15.0,22.88888888888889,0.5,1.0,6.0,2.0,4.0,2043.7209429736304
1316,21.0,58.0,4.5,17.5,7.0,7.75,13.75,11.75,16.5,19.75,53.25,6.5,18.0,8.0,9.25,17.75,6.25,12.75,-2.25,28.8,60.2,3.4,13.0,9.8,13.4,13.0,6.0,15.2,25.2,60.0,4.8,13.0,6.0,8.6,13.6,7.2,19.2,11.2,0.5,0.6666666666666666,3.0,4.0,-1.0,2074.772830440794
1317,31.285714285714285,63.57142857142857,5.714285714285714,18.142857142857142,11.857142857142858,18.857142857142858,13.142857142857142,10.571428571428571,9.0,18.285714285714285,58.57142857142857,5.142857142857143,21.285714285714285,7.142857142857143,11.714285714285714,16.0,6.142857142857143,14.714285714285714,33.857142857142854,31.11111111111111,63.666666666666664,3.3333333333333335,10.222222222222221,13.88888888888889,17.555555555555557,17.0,7.0,15.88888888888889,20.333333333333332,61.333333333333336,5.444444444444445,18.333333333333332,7.555555555555555,9.666666666666666,14.88888888888889,7.111111111111111,19.333333333333332,21.77777777777778,1.0,1.0,1.0,2.0,-1.0,2531.5473971194792
1318,25.0,61.666666666666664,4.5,12.5,11.833333333333334,10.666666666666666,14.0,7.166666666666667,15.833333333333334,21.666666666666668,58.666666666666664,3.6666666666666665,12.666666666666666,7.333333333333333,9.5,14.333333333333334,5.666666666666667,17.166666666666668,11.666666666666666,23.428571428571427,60.714285714285715,5.857142857142857,16.571428571428573,12.714285714285714,13.857142857142858,14.571428571428571,7.0,18.428571428571427,22.0,51.0,3.7142857142857144,11.142857142857142,8.571428571428571,9.714285714285714,18.285714285714285,7.285714285714286,18.714285714285715,1.1428571428571428,1.0,0.5,1.0,6.0,-5.0,2338.7419764960646
1319,28.6,65.2,10.4,24.8,10.8,13.6,11.4,7.8,12.2,17.6,58.8,3.8,20.6,6.8,7.4,13.8,7.0,11.8,29.2,26.2,61.6,5.6,19.6,9.0,13.2,10.0,7.0,17.6,20.4,54.6,3.6,16.2,11.0,10.6,15.0,4.4,13.6,6.2,1.0,0.6666666666666666,1.0,2.0,-1.0,2314.3085421826145
1320,21.0,58.0,4.5,17.5,7.0,7.75,13.75,11.75,16.5,19.75,53.25,6.5,18.0,8.0,9.25,17.75,6.25,12.75,-2.25,31.285714285714285,63.57142857142857,5.714285714285714,18.142857142857142,11.857142857142858,18.857142857142858,13.142857142857142,10.571428571428571,9.0,18.285714285714285,58.57142857142857,5.142857142857143,21.285714285714285,7.142857142857143,11.714285714285714,16.0,6.142857142857143,14.714285714285714,33.857142857142854,0.5,1.0,3.0,1.0,2.0,2092.2247110224407
1321,28.6,65.2,10.4,24.8,10.8,13.6,11.4,7.8,12.2,17.6,58.8,3.8,20.6,6.8,7.4,13.8,7.0,11.8,29.2,25.0,61.666666666666664,4.5,12.5,11.833333333333334,10.666666666666666,14.0,7.166666666666667,15.833333333333334,21.666666666666668,58.666666666666664,3.6666666666666665,12.666666666666666,7.333333333333333,9.5,14.333333333333334,5.666666666666667,17.166666666666668,11.666666666666666,1.0,1.0,1.0,1.0,0.0,2330.142080731269
1322,28.6,65.2,10.4,24.8,10.8,13.6,11.4,7.8,12.2,17.6,58.8,3.8,20.6,6.8,7.4,13.8,7.0,11.8,29.2,21.0,58.0,4.5,17.5,7.0,7.75,13.75,11.75,16.5,19.75,53.25,6.5,18.0,8.0,9.25,17.75,6.25,12.75,-2.25,1.0,0.5,1.0,3.0,-2.0,2346.7950291951493
1323,25.375,57.875,5.875,14.75,12.125,13.25,13.375,8.0,14.75,20.625,58.875,5.0,14.75,9.875,11.625,13.875,6.25,19.375,15.125,31.11111111111111,63.666666666666664,3.3333333333333335,10.222222222222221,13.88888888888889,17.555555555555557,17.0,7.0,15.88888888888889,20.333333333333332,61.333333333333336,5.444444444444445,18.333333333333332,7.555555555555555,9.666666666666666,14.88888888888889,7.111111111111111,19.333333333333332,21.77777777777778,1.0,1.0,15.0,2.0,13.0,1428.8991417008403
1324,26.8,57.0,10.2,25.2,6.8,17.2,14.4,5.8,15.8,24.4,63.6,5.0,16.4,11.2,12.0,13.2,4.8,17.4,9.2,31.285714285714285,63.57142857142857,5.714285714285714,18.142857142857142,11.857142857142858,18.857142857142858,13.142857142857142,10.571428571428571,9.0,18.285714285714285,58.57142857142857,5.142857142857143,21.285714285714285,7.142857142857143,11.714285714285714,16.0,6.142857142857143,14.714285714285714,33.857142857142854,1.0,1.0,16.0,1.0,15.0,1447.2579202890631
1325,29.571428571428573,60.42857142857143,8.857142857142858,21.857142857142858,11.428571428571429,19.857142857142858,15.571428571428571,13.714285714285714,20.285714285714285,18.714285714285715,50.0,3.7142857142857144,13.285714285714286,10.714285714285714,11.285714285714286,22.285714285714285,6.571428571428571,16.285714285714285,23.571428571428573,22.8,57.2,5.0,18.6,7.6,12.0,11.4,4.2,14.8,24.2,57.2,4.6,13.2,9.0,10.8,11.2,6.6,13.4,-5.6,1.0,0.5,12.0,5.0,7.0,1705.424076179565
1326,29.333333333333332,63.333333333333336,10.333333333333334,31.166666666666668,7.5,15.333333333333334,14.0,7.5,18.166666666666668,26.333333333333332,62.166666666666664,8.333333333333334,24.5,8.333333333333334,10.333333333333334,13.833333333333334,6.166666666666667,17.0,5.666666666666667,30.77777777777778,58.666666666666664,10.444444444444445,24.11111111111111,6.444444444444445,20.77777777777778,12.666666666666666,6.0,14.333333333333334,30.444444444444443,66.55555555555556,8.11111111111111,21.444444444444443,12.11111111111111,16.555555555555557,11.555555555555555,6.666666666666667,15.666666666666666,3.7777777777777777,1.0,0.6666666666666666,12.0,5.0,7.0,1822.8204708715475
1327,31.142857142857142,60.857142857142854,7.142857142857143,18.714285714285715,8.428571428571429,18.0,12.714285714285714,9.285714285714286,15.857142857142858,19.0,55.57142857142857,4.857142857142857,20.571428571428573,7.428571428571429,8.714285714285714,14.571428571428571,6.857142857142857,10.571428571428571,19.142857142857142,24.0,61.0,5.8,16.8,10.0,10.2,12.2,6.4,18.8,24.8,59.6,4.0,13.0,12.2,10.2,13.2,5.2,15.8,-4.8,1.0,0.5,13.0,4.0,9.0,1693.1152142592898
1328,27.88888888888889,63.44444444444444,11.555555555555555,36.111111111111114,5.666666666666667,15.777777777777779,9.88888888888889,11.11111111111111,15.0,21.11111111111111,56.666666666666664,4.333333333333333,16.88888888888889,7.222222222222222,7.777777777777778,17.88888888888889,5.555555555555555,16.666666666666668,23.555555555555557,21.6,57.8,3.8,17.0,10.2,13.6,14.6,5.6,16.8,26.2,58.4,8.2,18.8,7.8,15.2,12.0,8.0,17.8,-9.8,1.0,0.3333333333333333,11.0,6.0,5.0,1941.777581584273
1329,25.666666666666668,68.0,6.166666666666667,22.166666666666668,14.0,17.0,15.166666666666666,12.0,14.5,21.5,61.666666666666664,4.333333333333333,15.833333333333334,12.5,12.333333333333334,21.166666666666668,8.333333333333334,16.5,10.5,25.833333333333332,59.0,6.333333333333333,18.5,8.166666666666666,14.0,10.333333333333334,6.5,9.666666666666666,23.166666666666668,59.166666666666664,4.666666666666667,19.666666666666668,7.333333333333333,9.333333333333334,11.833333333333334,4.666666666666667,16.166666666666668,12.666666666666666,1.0,1.0,16.0,1.0,15.0,1462.0955202111656
1330,21.25,56.5,7.0,20.5,7.75,12.25,11.0,6.0,14.0,26.0,60.0,5.5,17.5,9.75,15.25,12.25,6.0,15.5,-2.75,25.5,66.0,5.5,20.25,9.5,14.25,13.75,11.25,13.75,26.5,64.5,7.0,19.5,9.75,15.75,17.5,8.5,15.5,-3.0,0.5,0.5,9.0,8.0,1.0,1839.1654531862057
1331,23.75,61.25,4.75,16.25,12.0,13.0,12.25,7.0,18.25,22.0,58.0,4.75,20.5,11.5,11.5,14.0,5.75,17.0,2.0,25.2,56.6,6.8,17.8,6.6,14.6,10.6,2.4,12.2,26.4,69.6,5.8,17.4,12.0,13.8,5.4,6.8,16.0,-0.2,0.0,0.6666666666666666,9.0,8.0,1.0,2004.183492037861
1332,27.5,68.66666666666667,6.0,14.666666666666666,14.0,14.833333333333334,8.0,9.666666666666666,15.5,24.5,57.333333333333336,4.166666666666667,16.166666666666668,9.833333333333334,9.0,15.833333333333334,3.8333333333333335,17.333333333333332,7.333333333333333,25.0,61.666666666666664,4.5,12.5,11.833333333333334,10.666666666666666,14.0,7.166666666666667,15.833333333333334,21.666666666666668,58.666666666666664,3.6666666666666665,12.666666666666666,7.333333333333333,9.5,14.333333333333334,5.666666666666667,17.166666666666668,11.666666666666666,1.0,1.0,16.0,1.0,15.0,1498.7041041827658
1333,20.0,54.25,7.0,22.0,11.0,13.5,15.0,7.5,13.0,20.0,55.75,5.25,17.75,10.25,10.25,14.0,10.75,13.25,3.75,18.25,56.125,6.75,23.375,14.25,12.75,14.375,5.625,17.0,20.0,54.125,4.0,13.0,9.5,10.0,13.5,7.0,19.375,1.0,0.5,0.8,9.0,8.0,1.0,1828.587159771984
1334,21.857142857142858,52.0,4.571428571428571,16.428571428571427,8.714285714285714,16.0,14.571428571428571,6.714285714285714,12.571428571428571,20.285714285714285,57.857142857142854,4.857142857142857,18.285714285714285,9.0,10.571428571428571,12.428571428571429,6.571428571428571,15.0,7.142857142857143,28.6,65.2,10.4,24.8,10.8,13.6,11.4,7.8,12.2,17.6,58.8,3.8,20.6,6.8,7.4,13.8,7.0,11.8,29.2,0.75,1.0,16.0,1.0,15.0,1338.0753206486895
1335,20.5,52.0,6.25,19.0,10.0,12.0,12.25,7.75,16.25,20.5,49.0,6.25,17.75,7.0,11.25,15.0,6.0,20.0,5.75,24.0,58.333333333333336,6.0,22.666666666666668,11.5,11.0,15.0,4.833333333333333,16.0,24.833333333333332,61.666666666666664,6.833333333333333,20.666666666666668,9.666666666666666,14.5,11.833333333333334,7.666666666666667,17.333333333333332,-0.6666666666666666,0.0,0.6666666666666666,9.0,8.0,1.0,1926.9835956104648
1336,22.571428571428573,58.57142857142857,8.285714285714286,29.285714285714285,9.142857142857142,11.857142857142858,10.285714285714286,6.0,14.714285714285714,25.857142857142858,60.714285714285715,6.428571428571429,21.428571428571427,12.0,13.714285714285714,13.285714285714286,3.5714285714285716,16.428571428571427,-0.5714285714285714,25.8,61.2,4.6,13.2,14.2,12.0,18.4,5.0,16.0,24.4,64.4,7.0,20.6,9.0,12.8,12.4,9.4,18.4,5.4,0.8,0.5,14.0,3.0,11.0,1739.2811865041888
1337,25.666666666666668,59.5,2.8333333333333335,10.0,9.833333333333334,16.333333333333332,14.333333333333334,7.833333333333333,13.333333333333334,23.0,59.0,5.166666666666667,17.166666666666668,7.333333333333333,12.333333333333334,14.333333333333334,7.833333333333333,12.0,4.0,23.6,55.4,8.2,25.4,5.0,13.4,12.2,4.2,17.0,24.6,59.8,6.6,23.6,8.8,11.8,11.6,7.0,16.8,0.8,0.5,0.5,10.0,7.0,3.0,2027.3821369300435
1338,24.0,61.0,10.25,29.75,6.75,14.75,11.75,7.0,11.5,24.5,62.5,4.0,20.25,9.75,12.0,13.75,6.25,14.25,7.75,25.0,61.875,5.875,17.75,8.375,13.375,13.875,8.375,17.25,26.625,62.375,5.875,17.5,10.75,16.25,14.25,6.25,13.875,-5.0,1.0,0.6,13.0,4.0,9.0,1538.4421980228449
1339,26.75,63.25,6.25,19.25,8.75,13.5,12.25,7.0,15.75,26.75,60.75,8.0,21.25,5.5,14.5,11.75,6.25,16.25,0.0,26.0,57.6,7.8,20.8,7.0,15.8,12.8,3.8,12.6,28.0,63.2,10.2,22.0,9.2,14.2,11.6,6.4,15.6,-4.0,0.0,0.5,10.0,7.0,3.0,1855.004438298532
1340,24.75,53.25,5.0,14.5,11.75,14.5,15.0,10.5,12.5,20.25,51.5,4.75,15.75,7.5,12.5,16.5,8.5,15.0,14.0,21.0,58.0,4.5,17.5,7.0,7.75,13.75,11.75,16.5,19.75,53.25,6.5,18.0,8.0,9.25,17.75,6.25,12.75,-2.25,1.0,0.5,14.0,3.0,11.0,1603.9346761161178
1341,27.4,59.8,5.8,17.6,12.0,17.8,14.6,10.2,12.2,17.6,51.2,5.8,16.0,6.0,8.6,16.2,7.8,13.4,23.4,28.285714285714285,58.285714285714285,8.571428571428571,24.714285714285715,9.714285714285714,16.571428571428573,12.428571428571429,8.714285714285714,15.571428571428571,20.571428571428573,53.42857142857143,6.571428571428571,22.0,10.571428571428571,12.857142857142858,16.285714285714285,6.285714285714286,13.142857142857142,16.714285714285715,1.0,1.0,5.0,12.0,-7.0,1998.4638027617727
1342,26.666666666666668,61.333333333333336,6.0,19.333333333333332,11.166666666666666,15.333333333333334,12.5,11.0,15.333333333333334,19.666666666666668,53.5,6.666666666666667,18.166666666666668,8.833333333333334,14.0,16.333333333333332,7.166666666666667,13.333333333333334,9.833333333333334,26.4,58.6,5.8,19.6,8.2,16.2,12.4,9.4,16.6,21.0,56.2,8.4,24.2,9.6,13.2,15.0,7.0,15.6,5.0,0.6666666666666666,0.5,6.0,11.0,-5.0,1995.9041325783437
1343,23.857142857142858,57.57142857142857,6.285714285714286,19.571428571428573,8.285714285714286,11.0,11.142857142857142,9.857142857142858,17.0,21.285714285714285,57.714285714285715,6.0,20.285714285714285,16.857142857142858,10.142857142857142,19.714285714285715,4.714285714285714,15.428571428571429,2.0,26.5,61.666666666666664,5.0,14.166666666666666,11.0,11.833333333333334,13.333333333333334,6.5,17.0,24.0,60.333333333333336,4.333333333333333,12.833333333333334,10.5,6.833333333333333,15.333333333333334,6.833333333333333,17.333333333333332,4.333333333333333,1.0,0.6666666666666666,14.0,3.0,11.0,1731.3875333352464
1344,21.333333333333332,55.333333333333336,5.833333333333333,18.5,9.833333333333334,12.5,10.666666666666666,7.666666666666667,12.333333333333334,23.166666666666668,56.5,6.833333333333333,21.833333333333332,8.166666666666666,13.166666666666666,13.333333333333334,5.5,18.333333333333332,4.833333333333333,28.8,60.2,3.4,13.0,9.8,13.4,13.0,6.0,15.2,25.2,60.0,4.8,13.0,6.0,8.6,13.6,7.2,19.2,11.2,1.0,0.6666666666666666,13.0,4.0,9.0,1657.377310100596
1345,25.5,61.0,7.0,19.0,12.0,15.166666666666666,15.5,8.0,16.5,24.833333333333332,57.666666666666664,6.166666666666667,18.666666666666668,8.0,14.0,15.166666666666666,7.666666666666667,15.666666666666666,1.3333333333333333,27.5,60.5,11.0,25.75,9.75,15.25,16.25,5.0,14.25,25.25,62.0,8.75,24.5,10.0,15.75,13.5,9.25,18.25,9.5,0.75,0.5,10.0,7.0,3.0,1926.5859781973463
1346,23.8,54.0,5.6,15.4,8.8,16.2,11.6,7.8,13.0,18.6,58.6,4.4,19.2,13.6,10.8,14.4,4.4,17.0,14.4,26.2,61.6,5.6,19.6,9.0,13.2,10.0,7.0,17.6,20.4,54.6,3.6,16.2,11.0,10.6,15.0,4.4,13.6,6.2,0.8,0.6666666666666666,15.0,2.0,13.0,1660.627298106025
1347,26.0,63.22222222222222,9.555555555555555,26.444444444444443,10.88888888888889,14.444444444444445,13.333333333333334,8.11111111111111,16.77777777777778,21.666666666666668,56.77777777777778,4.666666666666667,15.333333333333334,7.222222222222222,13.222222222222221,14.88888888888889,5.888888888888889,14.777777777777779,13.222222222222221,33.55555555555556,64.66666666666667,7.111111111111111,17.0,10.777777777777779,21.88888888888889,10.555555555555555,9.666666666666666,13.11111111111111,24.88888888888889,60.44444444444444,7.555555555555555,22.444444444444443,9.0,14.777777777777779,15.777777777777779,5.333333333333333,15.0,22.88888888888889,0.5,1.0,15.0,2.0,13.0,1354.318853662468
1348,20.857142857142858,51.42857142857143,6.428571428571429,20.428571428571427,5.0,13.0,12.285714285714286,5.571428571428571,12.571428571428571,18.857142857142858,63.57142857142857,4.857142857142857,21.571428571428573,11.857142857142858,7.714285714285714,10.857142857142858,5.857142857142857,16.285714285714285,8.714285714285714,26.428571428571427,59.0,5.714285714285714,18.285714285714285,12.571428571428571,16.714285714285715,11.285714285714286,9.571428571428571,14.571428571428571,20.142857142857142,50.714285714285715,5.142857142857143,15.0,4.285714285714286,10.428571428571429,15.142857142857142,5.571428571428571,15.857142857142858,19.714285714285715,0.8,1.0,12.0,5.0,7.0,1676.8516587394536
1349,21.571428571428573,52.57142857142857,3.857142857142857,10.714285714285714,11.428571428571429,12.0,14.857142857142858,9.142857142857142,16.0,16.714285714285715,50.285714285714285,5.857142857142857,17.142857142857142,9.714285714285714,11.0,17.142857142857142,7.142857142857143,17.285714285714285,8.285714285714286,22.285714285714285,62.57142857142857,3.7142857142857144,16.0,10.0,15.428571428571429,10.285714285714286,9.428571428571429,16.0,21.0,53.714285714285715,4.857142857142857,18.285714285714285,8.571428571428571,15.428571428571429,19.0,6.428571428571429,17.714285714285715,1.4285714285714286,0.6,0.5,10.0,7.0,3.0,1916.2453603394388
1350,28.0,60.714285714285715,7.714285714285714,20.285714285714285,9.0,16.857142857142858,10.571428571428571,8.285714285714286,17.428571428571427,19.857142857142858,55.42857142857143,7.571428571428571,19.285714285714285,8.0,8.714285714285714,15.571428571428571,4.857142857142857,19.285714285714285,19.714285714285715,27.666666666666668,62.666666666666664,7.333333333333333,18.666666666666668,8.333333333333334,15.0,4.666666666666667,6.666666666666667,16.0,24.0,55.0,7.0,15.333333333333334,6.0,14.0,9.0,2.3333333333333335,10.0,2.0,1.0,0.0,11.0,6.0,5.0,1918.0085074129163
1351,24.857142857142858,58.857142857142854,8.428571428571429,20.857142857142858,8.857142857142858,13.428571428571429,11.571428571428571,6.0,14.857142857142858,23.714285714285715,58.857142857142854,5.428571428571429,17.857142857142858,9.142857142857142,11.142857142857142,12.714285714285714,5.571428571428571,15.428571428571429,6.857142857142857,23.428571428571427,60.714285714285715,5.857142857142857,16.571428571428573,12.714285714285714,13.857142857142858,14.571428571428571,7.0,18.428571428571427,22.0,51.0,3.7142857142857144,11.142857142857142,8.571428571428571,9.714285714285714,18.285714285714285,7.285714285714286,18.714285714285715,1.1428571428571428,1.0,0.5,11.0,6.0,5.0,1632.844094057134
1352,32.0,78.83333333333333,7.166666666666667,17.666666666666668,21.333333333333332,17.666666666666668,15.5,8.0,19.666666666666668,28.666666666666668,70.5,6.5,17.5,11.666666666666666,11.833333333333334,15.5,8.666666666666666,17.166666666666668,9.833333333333334,26.0,59.2,4.2,11.6,7.4,10.8,12.6,9.0,15.2,22.4,62.4,7.0,19.8,11.2,13.0,16.0,6.2,18.4,7.6,1.0,0.5,15.0,2.0,13.0,1690.3136353517966
1353,24.0,53.75,8.75,23.25,6.75,17.0,14.0,8.0,11.75,17.75,57.0,2.75,15.25,9.0,7.0,13.75,7.25,9.75,15.5,22.6,60.4,6.2,18.6,8.8,12.8,11.6,10.0,14.2,21.6,54.8,5.6,16.6,5.8,9.2,16.6,5.8,16.4,7.2,1.0,0.6666666666666666,14.0,3.0,11.0,1616.1907349648725
1354,25.5,60.0,11.0,28.25,5.25,9.25,12.25,7.25,15.75,25.25,62.0,4.25,14.5,12.0,10.0,14.75,3.75,16.0,6.0,25.0,58.0,4.25,13.0,13.25,11.0,12.0,6.75,19.5,16.5,52.75,3.25,17.75,7.75,9.25,11.75,4.25,15.5,9.0,0.0,1.0,4.0,13.0,-9.0,2011.4006539500297
1355,23.6,55.4,8.2,25.4,5.0,13.4,12.2,4.2,17.0,24.6,59.8,6.6,23.6,8.8,11.8,11.6,7.0,16.8,0.8,31.11111111111111,63.666666666666664,3.3333333333333335,10.222222222222221,13.88888888888889,17.555555555555557,17.0,7.0,15.88888888888889,20.333333333333332,61.333333333333336,5.444444444444445,18.333333333333332,7.555555555555555,9.666666666666666,14.88888888888889,7.111111111111111,19.333333333333332,21.77777777777778,0.5,1.0,7.0,2.0,5.0,1966.469255525373
1356,24.0,58.333333333333336,6.0,22.666666666666668,11.5,11.0,15.0,4.833333333333333,16.0,24.833333333333332,61.666666666666664,6.833333333333333,20.666666666666668,9.666666666666666,14.5,11.833333333333334,7.666666666666667,17.333333333333332,-0.6666666666666666,31.285714285714285,63.57142857142857,5.714285714285714,18.142857142857142,11.857142857142858,18.857142857142858,13.142857142857142,10.571428571428571,9.0,18.285714285714285,58.57142857142857,5.142857142857143,21.285714285714285,7.142857142857143,11.714285714285714,16.0,6.142857142857143,14.714285714285714,33.857142857142854,0.6666666666666666,1.0,8.0,1.0,7.0,1982.7633667110977
1357,25.0,61.875,5.875,17.75,8.375,13.375,13.875,8.375,17.25,26.625,62.375,5.875,17.5,10.75,16.25,14.25,6.25,13.875,-5.0,22.8,57.2,5.0,18.6,7.6,12.0,11.4,4.2,14.8,24.2,57.2,4.6,13.2,9.0,10.8,11.2,6.6,13.4,-5.6,0.6,0.5,4.0,5.0,-1.0,2041.1663663494307
1358,24.0,61.0,5.8,16.8,10.0,10.2,12.2,6.4,18.8,24.8,59.6,4.0,13.0,12.2,10.2,13.2,5.2,15.8,-4.8,30.77777777777778,58.666666666666664,10.444444444444445,24.11111111111111,6.444444444444445,20.77777777777778,12.666666666666666,6.0,14.333333333333334,30.444444444444443,66.55555555555556,8.11111111111111,21.444444444444443,12.11111111111111,16.555555555555557,11.555555555555555,6.666666666666667,15.666666666666666,3.7777777777777777,0.5,0.6666666666666666,4.0,5.0,-1.0,2023.8777480817932
1359,25.8,61.2,4.6,13.2,14.2,12.0,18.4,5.0,16.0,24.4,64.4,7.0,20.6,9.0,12.8,12.4,9.4,18.4,5.4,21.6,57.8,3.8,17.0,10.2,13.6,14.6,5.6,16.8,26.2,58.4,8.2,18.8,7.8,15.2,12.0,8.0,17.8,-9.8,0.5,0.3333333333333333,3.0,6.0,-3.0,2025.029925954086
1360,18.25,56.125,6.75,23.375,14.25,12.75,14.375,5.625,17.0,20.0,54.125,4.0,13.0,9.5,10.0,13.5,7.0,19.375,1.0,25.833333333333332,59.0,6.333333333333333,18.5,8.166666666666666,14.0,10.333333333333334,6.5,9.666666666666666,23.166666666666668,59.166666666666664,4.666666666666667,19.666666666666668,7.333333333333333,9.333333333333334,11.833333333333334,4.666666666666667,16.166666666666668,12.666666666666666,0.8,1.0,8.0,1.0,7.0,1932.3698914349693
1361,25.2,56.6,6.8,17.8,6.6,14.6,10.6,2.4,12.2,26.4,69.6,5.8,17.4,12.0,13.8,5.4,6.8,16.0,-0.2,25.0,61.666666666666664,4.5,12.5,11.833333333333334,10.666666666666666,14.0,7.166666666666667,15.833333333333334,21.666666666666668,58.666666666666664,3.6666666666666665,12.666666666666666,7.333333333333333,9.5,14.333333333333334,5.666666666666667,17.166666666666668,11.666666666666666,0.6666666666666666,1.0,8.0,1.0,7.0,2092.548435812252
1362,25.5,66.0,5.5,20.25,9.5,14.25,13.75,11.25,13.75,26.5,64.5,7.0,19.5,9.75,15.75,17.5,8.5,15.5,-3.0,28.6,65.2,10.4,24.8,10.8,13.6,11.4,7.8,12.2,17.6,58.8,3.8,20.6,6.8,7.4,13.8,7.0,11.8,29.2,0.5,1.0,8.0,1.0,7.0,1949.769701689284
1363,26.4,58.6,5.8,19.6,8.2,16.2,12.4,9.4,16.6,21.0,56.2,8.4,24.2,9.6,13.2,15.0,7.0,15.6,5.0,21.0,58.0,4.5,17.5,7.0,7.75,13.75,11.75,16.5,19.75,53.25,6.5,18.0,8.0,9.25,17.75,6.25,12.75,-2.25,0.5,0.5,11.0,3.0,8.0,1818.0118058326543
1364,28.285714285714285,58.285714285714285,8.571428571428571,24.714285714285715,9.714285714285714,16.571428571428573,12.428571428571429,8.714285714285714,15.571428571428571,20.571428571428573,53.42857142857143,6.571428571428571,22.0,10.571428571428571,12.857142857142858,16.285714285714285,6.285714285714286,13.142857142857142,16.714285714285715,28.8,60.2,3.4,13.0,9.8,13.4,13.0,6.0,15.2,25.2,60.0,4.8,13.0,6.0,8.6,13.6,7.2,19.2,11.2,1.0,0.6666666666666666,12.0,4.0,8.0,1719.9071836744154
1365,22.285714285714285,62.57142857142857,3.7142857142857144,16.0,10.0,15.428571428571429,10.285714285714286,9.428571428571429,16.0,21.0,53.714285714285715,4.857142857142857,18.285714285714285,8.571428571428571,15.428571428571429,19.0,6.428571428571429,17.714285714285715,1.4285714285714286,26.2,61.6,5.6,19.6,9.0,13.2,10.0,7.0,17.6,20.4,54.6,3.6,16.2,11.0,10.6,15.0,4.4,13.6,6.2,0.5,0.6666666666666666,7.0,2.0,5.0,2012.6585271690924
1366,26.0,57.6,7.8,20.8,7.0,15.8,12.8,3.8,12.6,28.0,63.2,10.2,22.0,9.2,14.2,11.6,6.4,15.6,-4.0,33.55555555555556,64.66666666666667,7.111111111111111,17.0,10.777777777777779,21.88888888888889,10.555555555555555,9.666666666666666,13.11111111111111,24.88888888888889,60.44444444444444,7.555555555555555,22.444444444444443,9.0,14.777777777777779,15.777777777777779,5.333333333333333,15.0,22.88888888888889,0.5,1.0,7.0,2.0,5.0,1913.4106938131652
1367,25.0,58.0,4.25,13.0,13.25,11.0,12.0,6.75,19.5,16.5,52.75,3.25,17.75,7.75,9.25,11.75,4.25,15.5,9.0,26.428571428571427,59.0,5.714285714285714,18.285714285714285,12.571428571428571,16.714285714285715,11.285714285714286,9.571428571428571,14.571428571428571,20.142857142857142,50.714285714285715,5.142857142857143,15.0,4.285714285714286,10.428571428571429,15.142857142857142,5.571428571428571,15.857142857142858,19.714285714285715,1.0,1.0,13.0,5.0,8.0,1688.1534721656358
1368,26.5,61.666666666666664,5.0,14.166666666666666,11.0,11.833333333333334,13.333333333333334,6.5,17.0,24.0,60.333333333333336,4.333333333333333,12.833333333333334,10.5,6.833333333333333,15.333333333333334,6.833333333333333,17.333333333333332,4.333333333333333,27.666666666666668,62.666666666666664,7.333333333333333,18.666666666666668,8.333333333333334,15.0,4.666666666666667,6.666666666666667,16.0,24.0,55.0,7.0,15.333333333333334,6.0,14.0,9.0,2.3333333333333335,10.0,2.0,0.6666666666666666,0.0,3.0,6.0,-3.0,2028.2659067757893
1369,22.6,60.4,6.2,18.6,8.8,12.8,11.6,10.0,14.2,21.6,54.8,5.6,16.6,5.8,9.2,16.6,5.8,16.4,7.2,23.428571428571427,60.714285714285715,5.857142857142857,16.571428571428573,12.714285714285714,13.857142857142858,14.571428571428571,7.0,18.428571428571427,22.0,51.0,3.7142857142857144,11.142857142857142,8.571428571428571,9.714285714285714,18.285714285714285,7.285714285714286,18.714285714285715,1.1428571428571428,0.6666666666666666,0.5,3.0,6.0,-3.0,2167.504956596229
1370,27.5,60.5,11.0,25.75,9.75,15.25,16.25,5.0,14.25,25.25,62.0,8.75,24.5,10.0,15.75,13.5,9.25,18.25,9.5,26.0,59.2,4.2,11.6,7.4,10.8,12.6,9.0,15.2,22.4,62.4,7.0,19.8,11.2,13.0,16.0,6.2,18.4,7.6,0.5,0.5,7.0,2.0,5.0,1992.296762949198
1371,26.0,59.2,4.2,11.6,7.4,10.8,12.6,9.0,15.2,22.4,62.4,7.0,19.8,11.2,13.0,16.0,6.2,18.4,7.6,21.0,58.0,4.5,17.5,7.0,7.75,13.75,11.75,16.5,19.75,53.25,6.5,18.0,8.0,9.25,17.75,6.25,12.75,-2.25,0.5,0.5,2.0,3.0,-1.0,2174.6294495460425
1372,21.6,57.8,3.8,17.0,10.2,13.6,14.6,5.6,16.8,26.2,58.4,8.2,18.8,7.8,15.2,12.0,8.0,17.8,-9.8,31.11111111111111,63.666666666666664,3.3333333333333335,10.222222222222221,13.88888888888889,17.555555555555557,17.0,7.0,15.88888888888889,20.333333333333332,61.333333333333336,5.444444444444445,18.333333333333332,7.555555555555555,9.666666666666666,14.88888888888889,7.111111111111111,19.333333333333332,21.77777777777778,0.3333333333333333,1.0,6.0,2.0,4.0,2047.710491677208
1373,30.77777777777778,58.666666666666664,10.444444444444445,24.11111111111111,6.444444444444445,20.77777777777778,12.666666666666666,6.0,14.333333333333334,30.444444444444443,66.55555555555556,8.11111111111111,21.444444444444443,12.11111111111111,16.555555555555557,11.555555555555555,6.666666666666667,15.666666666666666,3.7777777777777777,31.285714285714285,63.57142857142857,5.714285714285714,18.142857142857142,11.857142857142858,18.857142857142858,13.142857142857142,10.571428571428571,9.0,18.285714285714285,58.57142857142857,5.142857142857143,21.285714285714285,7.142857142857143,11.714285714285714,16.0,6.142857142857143,14.714285714285714,33.857142857142854,0.6666666666666666,1.0,5.0,1.0,4.0,2077.316330489231
1374,25.833333333333332,59.0,6.333333333333333,18.5,8.166666666666666,14.0,10.333333333333334,6.5,9.666666666666666,23.166666666666668,59.166666666666664,4.666666666666667,19.666666666666668,7.333333333333333,9.333333333333334,11.833333333333334,4.666666666666667,16.166666666666668,12.666666666666666,28.8,60.2,3.4,13.0,9.8,13.4,13.0,6.0,15.2,25.2,60.0,4.8,13.0,6.0,8.6,13.6,7.2,19.2,11.2,1.0,0.6666666666666666,1.0,4.0,-3.0,2242.598969097351
1375,27.666666666666668,62.666666666666664,7.333333333333333,18.666666666666668,8.333333333333334,15.0,4.666666666666667,6.666666666666667,16.0,24.0,55.0,7.0,15.333333333333334,6.0,14.0,9.0,2.3333333333333335,10.0,2.0,26.2,61.6,5.6,19.6,9.0,13.2,10.0,7.0,17.6,20.4,54.6,3.6,16.2,11.0,10.6,15.0,4.4,13.6,6.2,0.0,0.6666666666666666,6.0,2.0,4.0,2208.7916205422275
1376,22.8,57.2,5.0,18.6,7.6,12.0,11.4,4.2,14.8,24.2,57.2,4.6,13.2,9.0,10.8,11.2,6.6,13.4,-5.6,25.0,61.666666666666664,4.5,12.5,11.833333333333334,10.666666666666666,14.0,7.166666666666667,15.833333333333334,21.666666666666668,58.666666666666664,3.6666666666666665,12.666666666666666,7.333333333333333,9.5,14.333333333333334,5.666666666666667,17.166666666666668,11.666666666666666,0.5,1.0,5.0,1.0,4.0,1985.5158709368447
1377,26.428571428571427,59.0,5.714285714285714,18.285714285714285,12.571428571428571,16.714285714285715,11.285714285714286,9.571428571428571,14.571428571428571,20.142857142857142,50.714285714285715,5.142857142857143,15.0,4.285714285714286,10.428571428571429,15.142857142857142,5.571428571428571,15.857142857142858,19.714285714285715,28.6,65.2,10.4,24.8,10.8,13.6,11.4,7.8,12.2,17.6,58.8,3.8,20.6,6.8,7.4,13.8,7.0,11.8,29.2,1.0,1.0,5.0,1.0,4.0,1967.938827421211
1378,33.55555555555556,64.66666666666667,7.111111111111111,17.0,10.777777777777779,21.88888888888889,10.555555555555555,9.666666666666666,13.11111111111111,24.88888888888889,60.44444444444444,7.555555555555555,22.444444444444443,9.0,14.777777777777779,15.777777777777779,5.333333333333333,15.0,22.88888888888889,23.428571428571427,60.714285714285715,5.857142857142857,16.571428571428573,12.714285714285714,13.857142857142858,14.571428571428571,7.0,18.428571428571427,22.0,51.0,3.7142857142857144,11.142857142857142,8.571428571428571,9.714285714285714,18.285714285714285,7.285714285714286,18.714285714285715,1.1428571428571428,1.0,0.5,2.0,6.0,-4.0,2269.645203502261
1379,28.8,60.2,3.4,13.0,9.8,13.4,13.0,6.0,15.2,25.2,60.0,4.8,13.0,6.0,8.6,13.6,7.2,19.2,11.2,21.0,58.0,4.5,17.5,7.0,7.75,13.75,11.75,16.5,19.75,53.25,6.5,18.0,8.0,9.25,17.75,6.25,12.75,-2.25,0.6666666666666666,0.5,4.0,3.0,1.0,2106.3869805455447
1380,31.11111111111111,63.666666666666664,3.3333333333333335,10.222222222222221,13.88888888888889,17.555555555555557,17.0,7.0,15.88888888888889,20.333333333333332,61.333333333333336,5.444444444444445,18.333333333333332,7.555555555555555,9.666666666666666,14.88888888888889,7.111111111111111,19.333333333333332,21.77777777777778,31.285714285714285,63.57142857142857,5.714285714285714,18.142857142857142,11.857142857142858,18.857142857142858,13.142857142857142,10.571428571428571,9.0,18.285714285714285,58.57142857142857,5.142857142857143,21.285714285714285,7.142857142857143,11.714285714285714,16.0,6.142857142857143,14.714285714285714,33.857142857142854,1.0,1.0,2.0,1.0,1.0,2441.3926867519194
1381,23.428571428571427,60.714285714285715,5.857142857142857,16.571428571428573,12.714285714285714,13.857142857142858,14.571428571428571,7.0,18.428571428571427,22.0,51.0,3.7142857142857144,11.142857142857142,8.571428571428571,9.714285714285714,18.285714285714285,7.285714285714286,18.714285714285715,1.1428571428571428,25.0,61.666666666666664,4.5,12.5,11.833333333333334,10.666666666666666,14.0,7.166666666666667,15.833333333333334,21.666666666666668,58.666666666666664,3.6666666666666665,12.666666666666666,7.333333333333333,9.5,14.333333333333334,5.666666666666667,17.166666666666668,11.666666666666666,0.5,1.0,6.0,1.0,5.0,2068.8704871907657
1382,26.2,61.6,5.6,19.6,9.0,13.2,10.0,7.0,17.6,20.4,54.6,3.6,16.2,11.0,10.6,15.0,4.4,13.6,6.2,28.6,65.2,10.4,24.8,10.8,13.6,11.4,7.8,12.2,17.6,58.8,3.8,20.6,6.8,7.4,13.8,7.0,11.8,29.2,0.6666666666666666,1.0,2.0,1.0,1.0,2310.6937472687214
1383,31.285714285714285,63.57142857142857,5.714285714285714,18.142857142857142,11.857142857142858,18.857142857142858,13.142857142857142,10.571428571428571,9.0,18.285714285714285,58.57142857142857,5.142857142857143,21.285714285714285,7.142857142857143,11.714285714285714,16.0,6.142857142857143,14.714285714285714,33.857142857142854,21.0,58.0,4.5,17.5,7.0,7.75,13.75,11.75,16.5,19.75,53.25,6.5,18.0,8.0,9.25,17.75,6.25,12.75,-2.25,1.0,0.5,1.0,3.0,-2.0,2543.48636006299
1384,25.0,61.666666666666664,4.5,12.5,11.833333333333334,10.666666666666666,14.0,7.166666666666667,15.833333333333334,21.666666666666668,58.666666666666664,3.6666666666666665,12.666666666666666,7.333333333333333,9.5,14.333333333333334,5.666666666666667,17.166666666666668,11.666666666666666,28.6,65.2,10.4,24.8,10.8,13.6,11.4,7.8,12.2,17.6,58.8,3.8,20.6,6.8,7.4,13.8,7.0,11.8,29.2,1.0,1.0,1.0,1.0,0.0,2344.3285553452884
1385,21.0,58.0,4.5,17.5,7.0,7.75,13.75,11.75,16.5,19.75,53.25,6.5,18.0,8.0,9.25,17.75,6.25,12.75,-2.25,28.6,65.2,10.4,24.8,10.8,13.6,11.4,7.8,12.2,17.6,58.8,3.8,20.6,6.8,7.4,13.8,7.0,11.8,29.2,0.5,1.0,3.0,1.0,2.0,2122.007479982336
1386,20.333333333333332,54.5,5.0,16.666666666666668,9.166666666666666,11.833333333333334,11.5,4.833333333333333,15.833333333333334,18.833333333333332,58.0,5.333333333333333,21.166666666666668,9.666666666666666,11.166666666666666,10.5,4.833333333333333,16.5,6.833333333333333,31.75,73.25,8.5,26.0,11.5,13.5,10.75,10.0,14.75,35.75,65.0,6.75,18.0,8.0,20.5,15.75,5.5,12.0,-6.75,0.6666666666666666,0.0,11.0,11.0,0.0,1867.0529749492136
1387,24.75,60.125,4.25,17.125,13.75,12.0,17.625,6.75,18.25,19.75,63.375,4.625,21.875,11.125,9.375,13.875,7.75,19.625,12.75,22.0,56.125,3.625,13.625,12.25,9.5,14.125,8.625,17.125,19.375,53.75,4.0,17.75,11.375,11.375,15.0,7.625,18.25,4.625,0.8,0.8,16.0,16.0,0.0,1377.35553820679
1388,27.571428571428573,60.42857142857143,8.571428571428571,22.428571428571427,9.142857142857142,15.285714285714286,17.428571428571427,10.714285714285714,16.428571428571427,21.285714285714285,61.57142857142857,4.0,18.428571428571427,10.142857142857142,10.571428571428571,18.714285714285715,8.285714285714286,17.714285714285715,18.714285714285715,20.714285714285715,53.142857142857146,6.857142857142857,21.142857142857142,8.571428571428571,10.571428571428571,12.857142857142858,8.0,16.0,18.285714285714285,51.714285714285715,4.0,13.571428571428571,8.571428571428571,8.571428571428571,15.142857142857142,5.428571428571429,17.0,12.142857142857142,1.0,1.0,16.0,16.0,0.0,1431.002298925077
1389,24.571428571428573,66.0,4.571428571428571,15.142857142857142,14.285714285714286,14.285714285714286,11.0,8.0,18.0,19.285714285714285,51.57142857142857,6.0,18.142857142857142,5.714285714285714,10.428571428571429,15.857142857142858,6.0,17.428571428571427,10.714285714285714,21.6,55.8,5.4,14.8,5.6,14.4,14.4,5.4,14.8,26.0,60.8,4.0,14.4,10.2,13.0,14.8,6.8,15.6,-6.6,0.5,0.5,11.0,11.0,0.0,1887.81235009155
1390,29.5,62.375,6.0,17.25,9.75,17.375,11.375,6.625,14.5,22.0,60.875,5.0,17.625,8.25,11.5,12.875,5.875,17.375,16.25,22.0,53.5,7.5,22.625,8.375,11.875,12.875,7.75,16.375,18.125,54.5,5.25,21.875,9.375,8.25,14.0,6.75,16.75,11.625,0.8,1.0,2.0,15.0,-13.0,2319.286561073857
1391,30.666666666666668,70.33333333333333,10.0,31.0,11.333333333333334,21.333333333333332,12.0,6.666666666666667,15.333333333333334,32.666666666666664,70.0,8.666666666666666,21.0,10.333333333333334,17.0,12.333333333333334,3.3333333333333335,14.666666666666666,-0.3333333333333333,21.833333333333332,56.833333333333336,6.333333333333333,20.833333333333332,11.0,12.833333333333334,14.666666666666666,8.0,16.666666666666668,20.833333333333332,57.166666666666664,5.333333333333333,20.166666666666668,8.333333333333334,11.0,13.833333333333334,8.333333333333334,15.0,3.1666666666666665,0.0,0.6666666666666666,10.0,7.0,3.0,1893.680538995938
1392,25.833333333333332,59.666666666666664,11.5,33.5,6.5,17.833333333333332,9.0,9.166666666666666,14.833333333333334,21.5,49.666666666666664,3.8333333333333335,14.166666666666666,5.333333333333333,9.666666666666666,16.166666666666668,4.5,15.166666666666666,13.833333333333334,22.5,51.0,7.333333333333333,21.833333333333332,4.333333333333333,13.666666666666666,14.333333333333334,3.0,14.0,26.5,63.333333333333336,3.6666666666666665,14.666666666666666,9.166666666666666,10.5,9.833333333333334,8.166666666666666,19.0,0.8333333333333334,1.0,0.6666666666666666,12.0,5.0,7.0,1951.341379546356
1393,22.0,56.5,3.5,11.75,10.75,13.0,17.5,5.75,16.25,23.25,58.0,6.25,17.25,7.5,11.75,14.0,10.5,18.5,-1.75,20.333333333333332,54.5,5.0,16.666666666666668,9.166666666666666,11.833333333333334,11.5,4.833333333333333,15.833333333333334,18.833333333333332,58.0,5.333333333333333,21.166666666666668,9.666666666666666,11.166666666666666,10.5,4.833333333333333,16.5,6.833333333333333,0.0,0.6666666666666666,6.0,11.0,-5.0,1994.292021062241
1394,26.5,58.833333333333336,6.333333333333333,17.333333333333332,11.333333333333334,17.666666666666668,11.333333333333334,6.833333333333333,14.833333333333334,21.0,58.666666666666664,5.166666666666667,20.833333333333332,8.166666666666666,12.166666666666666,10.666666666666666,5.5,13.833333333333334,13.833333333333334,28.666666666666668,61.0,8.666666666666666,21.833333333333332,8.333333333333334,18.333333333333332,12.0,6.833333333333333,17.166666666666668,25.333333333333332,59.0,5.166666666666667,15.666666666666666,6.666666666666667,14.333333333333334,11.333333333333334,6.666666666666667,17.833333333333332,8.5,1.0,0.6666666666666666,9.0,8.0,1.0,1973.9392870866643
1395,31.571428571428573,58.142857142857146,7.714285714285714,19.857142857142858,4.857142857142857,21.428571428571427,14.428571428571429,6.0,16.285714285714285,27.285714285714285,69.71428571428571,5.428571428571429,21.0,11.285714285714286,11.857142857142858,10.714285714285714,7.714285714285714,18.857142857142858,11.571428571428571,20.714285714285715,51.42857142857143,3.142857142857143,13.428571428571429,7.0,8.285714285714286,11.714285714285714,3.7142857142857144,17.571428571428573,21.714285714285715,56.42857142857143,6.142857142857143,21.428571428571427,8.857142857142858,12.142857142857142,10.0,5.714285714285714,16.428571428571427,-4.285714285714286,1.0,1.0,2.0,15.0,-13.0,2131.2354718846614
1396,25.571428571428573,59.57142857142857,10.571428571428571,26.714285714285715,6.857142857142857,14.285714285714286,13.857142857142858,6.142857142857143,14.142857142857142,25.714285714285715,64.85714285714286,5.285714285714286,18.285714285714285,11.142857142857142,13.0,12.428571428571429,8.285714285714286,17.142857142857142,7.571428571428571,25.666666666666668,61.333333333333336,4.666666666666667,14.833333333333334,11.0,15.333333333333334,14.166666666666666,8.333333333333334,15.5,25.333333333333332,66.0,4.166666666666667,16.333333333333332,12.333333333333334,11.833333333333334,14.166666666666666,8.333333333333334,20.5,7.5,0.5,1.0,3.0,14.0,-11.0,2081.003057110887
1397,23.166666666666668,61.5,4.333333333333333,16.666666666666668,8.5,10.5,16.0,8.0,16.333333333333332,26.833333333333332,66.83333333333333,9.666666666666666,26.333333333333332,11.333333333333334,18.166666666666668,16.166666666666668,8.166666666666666,17.333333333333332,-7.833333333333333,20.4,54.0,4.4,16.4,8.6,12.8,16.4,3.8,13.8,21.6,57.4,5.8,17.4,8.6,12.0,11.6,7.8,15.2,-3.8,0.3333333333333333,0.5,8.0,9.0,-1.0,1868.7945560067424
1398,28.0,62.0,4.75,15.0,11.25,12.75,13.75,8.25,15.25,20.5,53.5,5.5,16.25,8.0,12.25,14.75,5.5,14.0,11.25,20.0,48.666666666666664,6.833333333333333,17.0,9.166666666666666,12.833333333333334,16.0,7.0,14.833333333333334,18.0,50.833333333333336,3.5,15.833333333333334,8.833333333333334,10.166666666666666,13.0,8.5,14.666666666666666,5.5,0.0,1.0,1.0,16.0,-15.0,2278.6836049312383
1399,23.666666666666668,65.66666666666667,4.0,16.0,10.0,12.333333333333334,13.0,7.333333333333333,20.0,23.666666666666668,55.0,4.666666666666667,13.0,8.333333333333334,15.0,17.666666666666668,6.0,14.333333333333334,-6.666666666666667,25.0,66.375,4.25,15.5,17.0,11.375,14.125,8.25,14.375,21.5,59.25,4.625,18.875,9.375,11.0,14.0,6.375,14.875,6.75,0.0,0.8,4.0,13.0,-9.0,2186.2261769567253
1400,22.428571428571427,53.857142857142854,5.285714285714286,17.0,7.285714285714286,12.142857142857142,14.714285714285714,8.0,14.857142857142858,19.0,54.0,5.428571428571429,18.857142857142858,9.285714285714286,10.571428571428571,16.0,6.428571428571429,14.571428571428571,5.571428571428571,20.428571428571427,55.57142857142857,5.714285714285714,18.857142857142858,12.285714285714286,13.857142857142858,13.714285714285714,7.857142857142857,14.714285714285714,18.285714285714285,54.714285714285715,3.4285714285714284,11.714285714285714,10.857142857142858,9.857142857142858,13.428571428571429,8.714285714285714,16.0,8.0,0.75,0.75,8.0,9.0,-1.0,1972.0260776076425
1401,26.0,65.0,3.6666666666666665,12.333333333333334,15.666666666666666,16.5,12.333333333333334,5.833333333333333,14.166666666666666,21.0,61.0,3.5,14.333333333333334,8.333333333333334,11.5,12.0,4.666666666666667,19.166666666666668,16.5,24.75,60.125,4.25,17.125,13.75,12.0,17.625,6.75,18.25,19.75,63.375,4.625,21.875,11.125,9.375,13.875,7.75,19.625,12.75,0.6666666666666666,0.8,1.0,16.0,-15.0,2381.868494624361
1402,27.0,58.666666666666664,6.833333333333333,20.166666666666668,8.666666666666666,13.0,10.5,9.5,16.5,17.333333333333332,52.666666666666664,5.5,21.333333333333332,8.0,10.833333333333334,17.0,4.833333333333333,18.166666666666668,21.5,24.0,57.166666666666664,3.0,11.333333333333334,10.666666666666666,12.333333333333334,13.5,5.333333333333333,14.833333333333334,22.5,57.166666666666664,4.333333333333333,14.166666666666666,7.333333333333333,12.0,13.166666666666666,8.333333333333334,14.666666666666666,4.0,1.0,0.5,10.0,7.0,3.0,1947.4567479753623
1403,25.166666666666668,62.166666666666664,6.0,18.166666666666668,11.166666666666666,12.833333333333334,9.0,7.833333333333333,13.0,19.333333333333332,55.666666666666664,6.833333333333333,21.0,7.5,9.833333333333334,13.833333333333334,4.5,14.5,13.666666666666666,24.875,63.25,7.0,21.25,9.875,11.5,8.625,10.75,14.125,21.875,56.25,7.25,24.375,9.875,12.625,16.875,4.5,15.625,9.0,1.0,0.8,1.0,16.0,-15.0,2380.391449504418
1404,25.5,58.125,3.875,10.125,10.125,13.0,11.5,9.75,17.875,19.375,47.625,4.125,11.625,6.5,9.375,17.5,6.125,18.625,13.125,26.0,57.714285714285715,7.857142857142857,19.142857142857142,8.571428571428571,15.428571428571429,9.571428571428571,8.428571428571429,12.428571428571429,19.857142857142858,53.57142857142857,6.571428571428571,21.428571428571427,8.428571428571429,11.0,13.285714285714286,4.428571428571429,14.428571428571429,15.285714285714286,1.0,1.0,2.0,15.0,-13.0,2170.414908513722
1405,23.0,57.714285714285715,8.285714285714286,26.0,8.285714285714286,13.285714285714286,11.0,5.142857142857143,14.428571428571429,25.142857142857142,62.0,5.571428571428571,18.142857142857142,10.142857142857142,15.0,11.428571428571429,6.428571428571429,18.285714285714285,1.1428571428571428,22.833333333333332,61.833333333333336,5.5,20.833333333333332,6.333333333333333,12.666666666666666,11.166666666666666,6.666666666666667,15.666666666666666,25.5,63.5,6.166666666666667,16.333333333333332,12.0,13.666666666666666,13.0,5.833333333333333,18.833333333333332,-6.166666666666667,0.75,0.5,7.0,10.0,-3.0,1910.7138619466489
1406,19.25,56.5,5.0,18.75,9.5,10.5,9.25,9.75,16.0,20.75,47.75,6.25,14.75,9.5,12.75,16.25,4.25,15.5,-4.0,29.571428571428573,61.857142857142854,7.285714285714286,17.857142857142858,8.714285714285714,17.571428571428573,11.285714285714286,4.714285714285714,14.285714285714286,24.428571428571427,64.28571428571429,7.142857142857143,23.142857142857142,9.857142857142858,13.571428571428571,10.857142857142858,5.571428571428571,14.714285714285714,10.714285714285714,0.0,0.75,4.0,13.0,-9.0,2090.8280127932494
1407,29.2,58.8,7.4,21.2,8.6,15.6,10.2,9.2,13.8,19.4,54.0,4.4,15.0,10.6,9.6,15.4,4.8,14.8,23.2,26.4,64.8,7.2,21.8,11.2,15.6,11.8,7.2,17.4,25.0,63.6,7.2,23.4,10.8,14.8,10.0,6.4,15.6,-0.6,1.0,0.5,12.0,5.0,7.0,1709.2803629488917
1408,31.714285714285715,60.285714285714285,7.714285714285714,21.428571428571427,9.857142857142858,20.285714285714285,13.857142857142858,11.571428571428571,11.285714285714286,15.428571428571429,53.57142857142857,5.285714285714286,20.285714285714285,7.142857142857143,7.571428571428571,19.285714285714285,5.285714285714286,14.142857142857142,40.0,28.2,59.2,3.8,9.6,7.8,11.8,11.0,6.0,16.4,17.2,52.6,3.2,11.6,10.2,7.0,16.6,5.8,16.6,20.8,1.0,1.0,2.0,15.0,-13.0,2412.4177439011096
1409,25.857142857142858,60.857142857142854,4.857142857142857,15.142857142857142,7.714285714285714,14.714285714285714,12.571428571428571,7.285714285714286,16.285714285714285,27.571428571428573,62.0,4.142857142857143,15.714285714285714,8.142857142857142,15.428571428571429,14.0,5.285714285714286,17.857142857142858,1.4285714285714286,22.333333333333332,53.44444444444444,4.0,14.555555555555555,8.444444444444445,8.666666666666666,12.222222222222221,6.444444444444445,16.0,19.333333333333332,57.666666666666664,4.333333333333333,17.11111111111111,10.11111111111111,8.222222222222221,11.88888888888889,6.222222222222222,19.666666666666668,10.777777777777779,0.75,0.8,3.0,14.0,-11.0,2100.3918314219745
1410,21.166666666666668,55.5,5.166666666666667,18.166666666666668,6.5,13.833333333333334,15.333333333333334,6.5,18.666666666666668,20.666666666666668,58.333333333333336,5.5,17.333333333333332,8.5,12.666666666666666,15.5,9.0,18.333333333333332,-0.6666666666666666,24.5,56.75,7.5,19.25,7.0,16.0,12.0,7.0,13.75,25.0,57.25,6.75,18.5,8.75,11.75,13.5,6.5,14.5,-1.75,0.3333333333333333,0.0,9.0,8.0,1.0,1875.1609768521264
1411,23.75,61.75,1.75,8.75,10.5,13.0,12.75,6.0,15.25,22.75,61.75,6.5,19.75,8.75,12.0,14.0,4.5,19.0,0.25,30.0,66.5,4.625,13.75,16.5,14.875,14.25,8.125,14.25,23.875,64.875,6.875,22.125,8.75,11.0,14.0,7.375,22.75,18.75,0.0,1.0,3.0,14.0,-11.0,2050.680787558744
1412,24.5,56.5,4.25,14.25,9.75,15.25,15.0,7.0,18.0,25.5,57.0,8.0,21.0,6.0,14.25,13.5,7.5,20.5,-1.0,23.625,56.375,5.0,16.125,9.0,15.125,12.125,6.125,13.5,20.75,56.25,3.125,15.875,10.625,8.375,14.0,6.375,13.625,9.625,0.0,1.0,3.0,14.0,-11.0,2102.96128494265
1413,30.4,64.8,5.2,19.6,10.8,14.8,10.0,6.6,11.4,19.6,57.6,5.4,21.4,5.2,9.4,11.0,5.2,13.6,20.4,27.571428571428573,60.42857142857143,8.571428571428571,22.428571428571427,9.142857142857142,15.285714285714286,17.428571428571427,10.714285714285714,16.428571428571427,21.285714285714285,61.57142857142857,4.0,18.428571428571427,10.142857142857142,10.571428571428571,18.714285714285715,8.285714285714286,17.714285714285715,18.714285714285715,1.0,1.0,1.0,16.0,-15.0,2290.44360077093
1414,27.75,66.0,5.0,19.5,11.5,14.25,11.25,8.5,17.0,21.5,55.25,6.0,21.5,5.75,14.25,16.75,3.5,16.25,11.75,24.428571428571427,56.42857142857143,7.0,20.428571428571427,9.428571428571429,14.714285714285714,16.0,10.428571428571429,15.714285714285714,20.142857142857142,54.0,6.0,19.0,11.571428571428571,10.0,21.428571428571427,7.571428571428571,18.428571428571427,14.142857142857142,0.0,0.75,5.0,12.0,-7.0,2000.5547433791792
1415,26.0,55.5,6.75,19.5,5.5,15.25,12.5,8.25,13.75,24.75,60.0,7.25,19.5,9.0,14.0,14.5,5.5,15.25,3.5,26.166666666666668,56.666666666666664,5.0,17.166666666666668,10.0,12.833333333333334,11.333333333333334,6.166666666666667,13.0,23.166666666666668,55.666666666666664,6.666666666666667,20.666666666666668,9.666666666666666,12.666666666666666,12.833333333333334,5.833333333333333,14.166666666666666,6.5,0.5,1.0,5.0,12.0,-7.0,2054.5299840266
1416,26.2,64.6,4.8,19.8,8.8,17.2,10.8,7.8,17.2,19.4,57.4,4.8,16.0,9.4,13.0,14.0,4.4,14.8,10.8,24.571428571428573,66.0,4.571428571428571,15.142857142857142,14.285714285714286,14.285714285714286,11.0,8.0,18.0,19.285714285714285,51.57142857142857,6.0,18.142857142857142,5.714285714285714,10.428571428571429,15.857142857142858,6.0,17.428571428571427,10.714285714285714,0.5,0.5,6.0,11.0,-5.0,2051.4284631593155
1417,27.142857142857142,64.57142857142857,9.857142857142858,29.285714285714285,9.428571428571429,17.571428571428573,18.714285714285715,8.0,16.285714285714285,27.857142857142858,69.85714285714286,7.285714285714286,23.714285714285715,9.714285714285714,15.428571428571429,13.571428571428571,9.571428571428571,15.428571428571429,1.4285714285714286,26.0,55.166666666666664,6.833333333333333,19.166666666666668,8.833333333333334,14.0,12.666666666666666,4.666666666666667,11.5,20.833333333333332,58.666666666666664,5.666666666666667,23.0,9.166666666666666,10.833333333333334,10.666666666666666,6.5,15.166666666666666,17.0,0.5,1.0,4.0,13.0,-9.0,1990.672910338332
1418,28.2,62.4,6.0,18.6,10.8,13.8,10.4,9.8,14.8,17.8,56.8,6.2,21.6,10.6,9.4,15.8,5.4,15.8,21.8,29.857142857142858,64.57142857142857,7.857142857142857,19.0,10.428571428571429,17.571428571428573,9.714285714285714,6.142857142857143,16.857142857142858,24.428571428571427,63.714285714285715,4.142857142857143,12.714285714285714,12.285714285714286,13.857142857142858,12.428571428571429,4.142857142857143,13.285714285714286,15.428571428571429,1.0,1.0,11.0,6.0,5.0,1957.0840787023724
1419,26.8,63.8,4.0,12.6,12.6,16.2,16.0,5.0,17.2,24.4,67.6,6.2,21.4,12.8,13.6,11.2,7.2,16.6,2.2,30.5,64.375,4.875,14.5,13.0,14.125,13.375,10.125,12.875,22.0,63.75,6.375,24.125,11.875,12.25,16.5,8.375,17.0,18.25,0.5,1.0,4.0,13.0,-9.0,2048.3836155161416
1420,24.666666666666668,59.833333333333336,3.5,10.333333333333334,15.166666666666666,17.0,12.333333333333334,10.666666666666666,11.5,15.666666666666666,50.666666666666664,5.333333333333333,19.0,8.666666666666666,12.0,18.0,7.833333333333333,17.666666666666668,23.5,22.6,61.8,6.2,20.2,9.6,10.6,17.6,7.6,19.8,22.6,59.2,3.2,14.2,10.2,11.8,13.6,9.2,16.0,-4.6,1.0,0.5,7.0,10.0,-3.0,2021.0997139868457
1421,23.428571428571427,56.57142857142857,8.142857142857142,23.0,8.428571428571429,15.285714285714286,12.142857142857142,8.142857142857142,13.571428571428571,21.428571428571427,53.0,3.0,14.428571428571429,7.142857142857143,8.142857142857142,15.285714285714286,6.571428571428571,15.142857142857142,9.857142857142858,26.6,62.6,7.0,22.2,10.0,19.4,9.6,9.2,14.6,19.6,54.8,4.8,18.4,7.4,11.8,14.6,5.4,17.6,17.2,0.6666666666666666,0.5,11.0,6.0,5.0,1980.748691372081
1422,30.666666666666668,70.33333333333333,10.0,31.0,11.333333333333334,21.333333333333332,12.0,6.666666666666667,15.333333333333334,32.666666666666664,70.0,8.666666666666666,21.0,10.333333333333334,17.0,12.333333333333334,3.3333333333333335,14.666666666666666,-0.3333333333333333,31.571428571428573,58.142857142857146,7.714285714285714,19.857142857142858,4.857142857142857,21.428571428571427,14.428571428571429,6.0,16.285714285714285,27.285714285714285,69.71428571428571,5.428571428571429,21.0,11.285714285714286,11.857142857142858,10.714285714285714,7.714285714285714,18.857142857142858,11.571428571428571,0.0,1.0,10.0,2.0,8.0,1913.2316011965377
1423,25.571428571428573,59.57142857142857,10.571428571428571,26.714285714285715,6.857142857142857,14.285714285714286,13.857142857142858,6.142857142857143,14.142857142857142,25.714285714285715,64.85714285714286,5.285714285714286,18.285714285714285,11.142857142857142,13.0,12.428571428571429,8.285714285714286,17.142857142857142,7.571428571428571,22.0,56.5,3.5,11.75,10.75,13.0,17.5,5.75,16.25,23.25,58.0,6.25,17.25,7.5,11.75,14.0,10.5,18.5,-1.75,0.5,0.0,3.0,6.0,-3.0,2083.3432416135165
1424,28.0,62.0,4.75,15.0,11.25,12.75,13.75,8.25,15.25,20.5,53.5,5.5,16.25,8.0,12.25,14.75,5.5,14.0,11.25,26.5,58.833333333333336,6.333333333333333,17.333333333333332,11.333333333333334,17.666666666666668,11.333333333333334,6.833333333333333,14.833333333333334,21.0,58.666666666666664,5.166666666666667,20.833333333333332,8.166666666666666,12.166666666666666,10.666666666666666,5.5,13.833333333333334,13.833333333333334,0.0,1.0,1.0,9.0,-8.0,2278.9020179345844
1425,23.666666666666668,65.66666666666667,4.0,16.0,10.0,12.333333333333334,13.0,7.333333333333333,20.0,23.666666666666668,55.0,4.666666666666667,13.0,8.333333333333334,15.0,17.666666666666668,6.0,14.333333333333334,-6.666666666666667,25.833333333333332,59.666666666666664,11.5,33.5,6.5,17.833333333333332,9.0,9.166666666666666,14.833333333333334,21.5,49.666666666666664,3.8333333333333335,14.166666666666666,5.333333333333333,9.666666666666666,16.166666666666668,4.5,15.166666666666666,13.833333333333334,0.0,1.0,4.0,12.0,-8.0,2188.6014850108018
1426,26.0,65.0,3.6666666666666665,12.333333333333334,15.666666666666666,16.5,12.333333333333334,5.833333333333333,14.166666666666666,21.0,61.0,3.5,14.333333333333334,8.333333333333334,11.5,12.0,4.666666666666667,19.166666666666668,16.5,22.428571428571427,53.857142857142854,5.285714285714286,17.0,7.285714285714286,12.142857142857142,14.714285714285714,8.0,14.857142857142858,19.0,54.0,5.428571428571429,18.857142857142858,9.285714285714286,10.571428571428571,16.0,6.428571428571429,14.571428571428571,5.571428571428571,0.6666666666666666,0.75,1.0,8.0,-7.0,2381.9712896484416
1427,27.0,58.666666666666664,6.833333333333333,20.166666666666668,8.666666666666666,13.0,10.5,9.5,16.5,17.333333333333332,52.666666666666664,5.5,21.333333333333332,8.0,10.833333333333334,17.0,4.833333333333333,18.166666666666668,21.5,29.5,62.375,6.0,17.25,9.75,17.375,11.375,6.625,14.5,22.0,60.875,5.0,17.625,8.25,11.5,12.875,5.875,17.375,16.25,1.0,0.8,10.0,2.0,8.0,1960.942873909712
1428,25.166666666666668,62.166666666666664,6.0,18.166666666666668,11.166666666666666,12.833333333333334,9.0,7.833333333333333,13.0,19.333333333333332,55.666666666666664,6.833333333333333,21.0,7.5,9.833333333333334,13.833333333333334,4.5,14.5,13.666666666666666,23.166666666666668,61.5,4.333333333333333,16.666666666666668,8.5,10.5,16.0,8.0,16.333333333333332,26.833333333333332,66.83333333333333,9.666666666666666,26.333333333333332,11.333333333333334,18.166666666666668,16.166666666666668,8.166666666666666,17.333333333333332,-7.833333333333333,1.0,0.3333333333333333,1.0,8.0,-7.0,2380.7473701532795
1429,25.5,58.125,3.875,10.125,10.125,13.0,11.5,9.75,17.875,19.375,47.625,4.125,11.625,6.5,9.375,17.5,6.125,18.625,13.125,23.0,57.714285714285715,8.285714285714286,26.0,8.285714285714286,13.285714285714286,11.0,5.142857142857143,14.428571428571429,25.142857142857142,62.0,5.571428571428571,18.142857142857142,10.142857142857142,15.0,11.428571428571429,6.428571428571429,18.285714285714285,1.1428571428571428,1.0,0.75,2.0,7.0,-5.0,2171.5048736051413
1430,31.714285714285715,60.285714285714285,7.714285714285714,21.428571428571427,9.857142857142858,20.285714285714285,13.857142857142858,11.571428571428571,11.285714285714286,15.428571428571429,53.57142857142857,5.285714285714286,20.285714285714285,7.142857142857143,7.571428571428571,19.285714285714285,5.285714285714286,14.142857142857142,40.0,24.666666666666668,59.833333333333336,3.5,10.333333333333334,15.166666666666666,17.0,12.333333333333334,10.666666666666666,11.5,15.666666666666666,50.666666666666664,5.333333333333333,19.0,8.666666666666666,12.0,18.0,7.833333333333333,17.666666666666668,23.5,1.0,1.0,2.0,7.0,-5.0,2412.721509842097
1431,25.857142857142858,60.857142857142854,4.857142857142857,15.142857142857142,7.714285714285714,14.714285714285714,12.571428571428571,7.285714285714286,16.285714285714285,27.571428571428573,62.0,4.142857142857143,15.714285714285714,8.142857142857142,15.428571428571429,14.0,5.285714285714286,17.857142857142858,1.4285714285714286,28.2,62.4,6.0,18.6,10.8,13.8,10.4,9.8,14.8,17.8,56.8,6.2,21.6,10.6,9.4,15.8,5.4,15.8,21.8,0.75,1.0,3.0,11.0,-8.0,2103.750223371698
1432,24.5,56.5,4.25,14.25,9.75,15.25,15.0,7.0,18.0,25.5,57.0,8.0,21.0,6.0,14.25,13.5,7.5,20.5,-1.0,23.428571428571427,56.57142857142857,8.142857142857142,23.0,8.428571428571429,15.285714285714286,12.142857142857142,8.142857142857142,13.571428571428571,21.428571428571427,53.0,3.0,14.428571428571429,7.142857142857143,8.142857142857142,15.285714285714286,6.571428571428571,15.142857142857142,9.857142857142858,0.0,0.6666666666666666,3.0,11.0,-8.0,2104.5138634512778
1433,30.4,64.8,5.2,19.6,10.8,14.8,10.0,6.6,11.4,19.6,57.6,5.4,21.4,5.2,9.4,11.0,5.2,13.6,20.4,21.166666666666668,55.5,5.166666666666667,18.166666666666668,6.5,13.833333333333334,15.333333333333334,6.5,18.666666666666668,20.666666666666668,58.333333333333336,5.5,17.333333333333332,8.5,12.666666666666666,15.5,9.0,18.333333333333332,-0.6666666666666666,1.0,0.3333333333333333,1.0,9.0,-8.0,2290.6840419188247
1434,27.75,66.0,5.0,19.5,11.5,14.25,11.25,8.5,17.0,21.5,55.25,6.0,21.5,5.75,14.25,16.75,3.5,16.25,11.75,19.25,56.5,5.0,18.75,9.5,10.5,9.25,9.75,16.0,20.75,47.75,6.25,14.75,9.5,12.75,16.25,4.25,15.5,-4.0,0.0,0.0,5.0,4.0,1.0,2006.6423860564075
1435,26.0,55.5,6.75,19.5,5.5,15.25,12.5,8.25,13.75,24.75,60.0,7.25,19.5,9.0,14.0,14.5,5.5,15.25,3.5,27.142857142857142,64.57142857142857,9.857142857142858,29.285714285714285,9.428571428571429,17.571428571428573,18.714285714285715,8.0,16.285714285714285,27.857142857142858,69.85714285714286,7.285714285714286,23.714285714285715,9.714285714285714,15.428571428571429,13.571428571428571,9.571428571428571,15.428571428571429,1.4285714285714286,0.5,0.5,5.0,4.0,1.0,2059.6829232598943
1436,26.2,64.6,4.8,19.8,8.8,17.2,10.8,7.8,17.2,19.4,57.4,4.8,16.0,9.4,13.0,14.0,4.4,14.8,10.8,23.75,61.75,1.75,8.75,10.5,13.0,12.75,6.0,15.25,22.75,61.75,6.5,19.75,8.75,12.0,14.0,4.5,19.0,0.25,0.5,0.0,6.0,3.0,3.0,2061.1136134515177
1437,26.8,63.8,4.0,12.6,12.6,16.2,16.0,5.0,17.2,24.4,67.6,6.2,21.4,12.8,13.6,11.2,7.2,16.6,2.2,29.2,58.8,7.4,21.2,8.6,15.6,10.2,9.2,13.8,19.4,54.0,4.4,15.0,10.6,9.6,15.4,4.8,14.8,23.2,0.5,1.0,4.0,12.0,-8.0,2054.9859371384678
1438,30.666666666666668,70.33333333333333,10.0,31.0,11.333333333333334,21.333333333333332,12.0,6.666666666666667,15.333333333333334,32.666666666666664,70.0,8.666666666666666,21.0,10.333333333333334,17.0,12.333333333333334,3.3333333333333335,14.666666666666666,-0.3333333333333333,25.571428571428573,59.57142857142857,10.571428571428571,26.714285714285715,6.857142857142857,14.285714285714286,13.857142857142858,6.142857142857143,14.142857142857142,25.714285714285715,64.85714285714286,5.285714285714286,18.285714285714285,11.142857142857142,13.0,12.428571428571429,8.285714285714286,17.142857142857142,7.571428571428571,0.0,0.5,10.0,3.0,7.0,1938.1888891630583
1439,26.0,65.0,3.6666666666666665,12.333333333333334,15.666666666666666,16.5,12.333333333333334,5.833333333333333,14.166666666666666,21.0,61.0,3.5,14.333333333333334,8.333333333333334,11.5,12.0,4.666666666666667,19.166666666666668,16.5,27.75,66.0,5.0,19.5,11.5,14.25,11.25,8.5,17.0,21.5,55.25,6.0,21.5,5.75,14.25,16.75,3.5,16.25,11.75,0.6666666666666666,0.0,1.0,5.0,-4.0,2384.955774495648
1440,25.166666666666668,62.166666666666664,6.0,18.166666666666668,11.166666666666666,12.833333333333334,9.0,7.833333333333333,13.0,19.333333333333332,55.666666666666664,6.833333333333333,21.0,7.5,9.833333333333334,13.833333333333334,4.5,14.5,13.666666666666666,23.666666666666668,65.66666666666667,4.0,16.0,10.0,12.333333333333334,13.0,7.333333333333333,20.0,23.666666666666668,55.0,4.666666666666667,13.0,8.333333333333334,15.0,17.666666666666668,6.0,14.333333333333334,-6.666666666666667,1.0,0.0,1.0,4.0,-3.0,2382.533148748631
1441,25.5,58.125,3.875,10.125,10.125,13.0,11.5,9.75,17.875,19.375,47.625,4.125,11.625,6.5,9.375,17.5,6.125,18.625,13.125,26.2,64.6,4.8,19.8,8.8,17.2,10.8,7.8,17.2,19.4,57.4,4.8,16.0,9.4,13.0,14.0,4.4,14.8,10.8,1.0,0.5,2.0,6.0,-4.0,2177.813681702
1442,31.714285714285715,60.285714285714285,7.714285714285714,21.428571428571427,9.857142857142858,20.285714285714285,13.857142857142858,11.571428571428571,11.285714285714286,15.428571428571429,53.57142857142857,5.285714285714286,20.285714285714285,7.142857142857143,7.571428571428571,19.285714285714285,5.285714285714286,14.142857142857142,40.0,25.857142857142858,60.857142857142854,4.857142857142857,15.142857142857142,7.714285714285714,14.714285714285714,12.571428571428571,7.285714285714286,16.285714285714285,27.571428571428573,62.0,4.142857142857143,15.714285714285714,8.142857142857142,15.428571428571429,14.0,5.285714285714286,17.857142857142858,1.4285714285714286,1.0,0.75,2.0,3.0,-1.0,2415.914068596755
1443,28.0,62.0,4.75,15.0,11.25,12.75,13.75,8.25,15.25,20.5,53.5,5.5,16.25,8.0,12.25,14.75,5.5,14.0,11.25,26.8,63.8,4.0,12.6,12.6,16.2,16.0,5.0,17.2,24.4,67.6,6.2,21.4,12.8,13.6,11.2,7.2,16.6,2.2,0.0,0.5,1.0,4.0,-3.0,2283.9807283017467
1444,24.5,56.5,4.25,14.25,9.75,15.25,15.0,7.0,18.0,25.5,57.0,8.0,21.0,6.0,14.25,13.5,7.5,20.5,-1.0,27.0,58.666666666666664,6.833333333333333,20.166666666666668,8.666666666666666,13.0,10.5,9.5,16.5,17.333333333333332,52.666666666666664,5.5,21.333333333333332,8.0,10.833333333333334,17.0,4.833333333333333,18.166666666666668,21.5,0.0,1.0,3.0,10.0,-7.0,2115.63498029429
1445,30.4,64.8,5.2,19.6,10.8,14.8,10.0,6.6,11.4,19.6,57.6,5.4,21.4,5.2,9.4,11.0,5.2,13.6,20.4,26.0,55.5,6.75,19.5,5.5,15.25,12.5,8.25,13.75,24.75,60.0,7.25,19.5,9.0,14.0,14.5,5.5,15.25,3.5,1.0,0.5,1.0,5.0,-4.0,2293.6483803474757
1446,26.0,65.0,3.6666666666666665,12.333333333333334,15.666666666666666,16.5,12.333333333333334,5.833333333333333,14.166666666666666,21.0,61.0,3.5,14.333333333333334,8.333333333333334,11.5,12.0,4.666666666666667,19.166666666666668,16.5,30.666666666666668,70.33333333333333,10.0,31.0,11.333333333333334,21.333333333333332,12.0,6.666666666666667,15.333333333333334,32.666666666666664,70.0,8.666666666666666,21.0,10.333333333333334,17.0,12.333333333333334,3.3333333333333335,14.666666666666666,-0.3333333333333333,0.6666666666666666,0.0,1.0,10.0,-9.0,2388.56344803654
1447,25.166666666666668,62.166666666666664,6.0,18.166666666666668,11.166666666666666,12.833333333333334,9.0,7.833333333333333,13.0,19.333333333333332,55.666666666666664,6.833333333333333,21.0,7.5,9.833333333333334,13.833333333333334,4.5,14.5,13.666666666666666,25.5,58.125,3.875,10.125,10.125,13.0,11.5,9.75,17.875,19.375,47.625,4.125,11.625,6.5,9.375,17.5,6.125,18.625,13.125,1.0,1.0,1.0,2.0,-1.0,2390.6732791038307
1448,31.714285714285715,60.285714285714285,7.714285714285714,21.428571428571427,9.857142857142858,20.285714285714285,13.857142857142858,11.571428571428571,11.285714285714286,15.428571428571429,53.57142857142857,5.285714285714286,20.285714285714285,7.142857142857143,7.571428571428571,19.285714285714285,5.285714285714286,14.142857142857142,40.0,30.4,64.8,5.2,19.6,10.8,14.8,10.0,6.6,11.4,19.6,57.6,5.4,21.4,5.2,9.4,11.0,5.2,13.6,20.4,1.0,1.0,2.0,1.0,1.0,2420.7044026439034
1449,28.0,62.0,4.75,15.0,11.25,12.75,13.75,8.25,15.25,20.5,53.5,5.5,16.25,8.0,12.25,14.75,5.5,14.0,11.25,24.5,56.5,4.25,14.25,9.75,15.25,15.0,7.0,18.0,25.5,57.0,8.0,21.0,6.0,14.25,13.5,7.5,20.5,-1.0,0.0,0.0,1.0,3.0,-2.0,2290.8739327976537
1450,31.714285714285715,60.285714285714285,7.714285714285714,21.428571428571427,9.857142857142858,20.285714285714285,13.857142857142858,11.571428571428571,11.285714285714286,15.428571428571429,53.57142857142857,5.285714285714286,20.285714285714285,7.142857142857143,7.571428571428571,19.285714285714285,5.285714285714286,14.142857142857142,40.0,25.166666666666668,62.166666666666664,6.0,18.166666666666668,11.166666666666666,12.833333333333334,9.0,7.833333333333333,13.0,19.333333333333332,55.666666666666664,6.833333333333333,21.0,7.5,9.833333333333334,13.833333333333334,4.5,14.5,13.666666666666666,1.0,1.0,2.0,1.0,1.0,2431.38611997585
1451,26.0,65.0,3.6666666666666665,12.333333333333334,15.666666666666666,16.5,12.333333333333334,5.833333333333333,14.166666666666666,21.0,61.0,3.5,14.333333333333334,8.333333333333334,11.5,12.0,4.666666666666667,19.166666666666668,16.5,28.0,62.0,4.75,15.0,11.25,12.75,13.75,8.25,15.25,20.5,53.5,5.5,16.25,8.0,12.25,14.75,5.5,14.0,11.25,0.6666666666666666,0.0,1.0,1.0,0.0,2391.0791100285587
1452,26.0,65.0,3.6666666666666665,12.333333333333334,15.666666666666666,16.5,12.333333333333334,5.833333333333333,14.166666666666666,21.0,61.0,3.5,14.333333333333334,8.333333333333334,11.5,12.0,4.666666666666667,19.166666666666668,16.5,31.714285714285715,60.285714285714285,7.714285714285714,21.428571428571427,9.857142857142858,20.285714285714285,13.857142857142858,11.571428571428571,11.285714285714286,15.428571428571429,53.57142857142857,5.285714285714286,20.285714285714285,7.142857142857143,7.571428571428571,19.285714285714285,5.285714285714286,14.142857142857142,40.0,0.6666666666666666,1.0,1.0,2.0,-1.0,2402.9699439433703
1453,31.75,73.25,8.5,26.0,11.5,13.5,10.75,10.0,14.75,35.75,65.0,6.75,18.0,8.0,20.5,15.75,5.5,12.0,-6.75,20.333333333333332,54.5,5.0,16.666666666666668,9.166666666666666,11.833333333333334,11.5,4.833333333333333,15.833333333333334,18.833333333333332,58.0,5.333333333333333,21.166666666666668,9.666666666666666,11.166666666666666,10.5,4.833333333333333,16.5,6.833333333333333,0.0,0.6666666666666666,11.0,11.0,0.0,1977.424915162532
1454,22.0,56.125,3.625,13.625,12.25,9.5,14.125,8.625,17.125,19.375,53.75,4.0,17.75,11.375,11.375,15.0,7.625,18.25,4.625,24.75,60.125,4.25,17.125,13.75,12.0,17.625,6.75,18.25,19.75,63.375,4.625,21.875,11.125,9.375,13.875,7.75,19.625,12.75,0.8,0.8,16.0,16.0,0.0,1180.689077114461
1455,20.714285714285715,53.142857142857146,6.857142857142857,21.142857142857142,8.571428571428571,10.571428571428571,12.857142857142858,8.0,16.0,18.285714285714285,51.714285714285715,4.0,13.571428571428571,8.571428571428571,8.571428571428571,15.142857142857142,5.428571428571429,17.0,12.142857142857142,27.571428571428573,60.42857142857143,8.571428571428571,22.428571428571427,9.142857142857142,15.285714285714286,17.428571428571427,10.714285714285714,16.428571428571427,21.285714285714285,61.57142857142857,4.0,18.428571428571427,10.142857142857142,10.571428571428571,18.714285714285715,8.285714285714286,17.714285714285715,18.714285714285715,1.0,1.0,16.0,16.0,0.0,1320.9539767613917
1456,21.6,55.8,5.4,14.8,5.6,14.4,14.4,5.4,14.8,26.0,60.8,4.0,14.4,10.2,13.0,14.8,6.8,15.6,-6.6,24.571428571428573,66.0,4.571428571428571,15.142857142857142,14.285714285714286,14.285714285714286,11.0,8.0,18.0,19.285714285714285,51.57142857142857,6.0,18.142857142857142,5.714285714285714,10.428571428571429,15.857142857142858,6.0,17.428571428571427,10.714285714285714,0.5,0.5,11.0,11.0,0.0,1945.245703160068
1457,22.0,53.5,7.5,22.625,8.375,11.875,12.875,7.75,16.375,18.125,54.5,5.25,21.875,9.375,8.25,14.0,6.75,16.75,11.625,29.5,62.375,6.0,17.25,9.75,17.375,11.375,6.625,14.5,22.0,60.875,5.0,17.625,8.25,11.5,12.875,5.875,17.375,16.25,1.0,0.8,15.0,2.0,13.0,1596.2030679740244
1458,21.833333333333332,56.833333333333336,6.333333333333333,20.833333333333332,11.0,12.833333333333334,14.666666666666666,8.0,16.666666666666668,20.833333333333332,57.166666666666664,5.333333333333333,20.166666666666668,8.333333333333334,11.0,13.833333333333334,8.333333333333334,15.0,3.1666666666666665,30.666666666666668,70.33333333333333,10.0,31.0,11.333333333333334,21.333333333333332,12.0,6.666666666666667,15.333333333333334,32.666666666666664,70.0,8.666666666666666,21.0,10.333333333333334,17.0,12.333333333333334,3.3333333333333335,14.666666666666666,-0.3333333333333333,0.6666666666666666,0.0,7.0,10.0,-3.0,1972.0957631518845
1459,22.5,51.0,7.333333333333333,21.833333333333332,4.333333333333333,13.666666666666666,14.333333333333334,3.0,14.0,26.5,63.333333333333336,3.6666666666666665,14.666666666666666,9.166666666666666,10.5,9.833333333333334,8.166666666666666,19.0,0.8333333333333334,25.833333333333332,59.666666666666664,11.5,33.5,6.5,17.833333333333332,9.0,9.166666666666666,14.833333333333334,21.5,49.666666666666664,3.8333333333333335,14.166666666666666,5.333333333333333,9.666666666666666,16.166666666666668,4.5,15.166666666666666,13.833333333333334,0.6666666666666666,1.0,5.0,12.0,-7.0,2035.8594129531216
1460,20.333333333333332,54.5,5.0,16.666666666666668,9.166666666666666,11.833333333333334,11.5,4.833333333333333,15.833333333333334,18.833333333333332,58.0,5.333333333333333,21.166666666666668,9.666666666666666,11.166666666666666,10.5,4.833333333333333,16.5,6.833333333333333,22.0,56.5,3.5,11.75,10.75,13.0,17.5,5.75,16.25,23.25,58.0,6.25,17.25,7.5,11.75,14.0,10.5,18.5,-1.75,0.6666666666666666,0.0,11.0,6.0,5.0,1887.9714392859232
1461,28.666666666666668,61.0,8.666666666666666,21.833333333333332,8.333333333333334,18.333333333333332,12.0,6.833333333333333,17.166666666666668,25.333333333333332,59.0,5.166666666666667,15.666666666666666,6.666666666666667,14.333333333333334,11.333333333333334,6.666666666666667,17.833333333333332,8.5,26.5,58.833333333333336,6.333333333333333,17.333333333333332,11.333333333333334,17.666666666666668,11.333333333333334,6.833333333333333,14.833333333333334,21.0,58.666666666666664,5.166666666666667,20.833333333333332,8.166666666666666,12.166666666666666,10.666666666666666,5.5,13.833333333333334,13.833333333333334,0.6666666666666666,1.0,8.0,9.0,-1.0,1957.1138506599243
1462,20.714285714285715,51.42857142857143,3.142857142857143,13.428571428571429,7.0,8.285714285714286,11.714285714285714,3.7142857142857144,17.571428571428573,21.714285714285715,56.42857142857143,6.142857142857143,21.428571428571427,8.857142857142858,12.142857142857142,10.0,5.714285714285714,16.428571428571427,-4.285714285714286,31.571428571428573,58.142857142857146,7.714285714285714,19.857142857142858,4.857142857142857,21.428571428571427,14.428571428571429,6.0,16.285714285714285,27.285714285714285,69.71428571428571,5.428571428571429,21.0,11.285714285714286,11.857142857142858,10.714285714285714,7.714285714285714,18.857142857142858,11.571428571428571,1.0,1.0,15.0,2.0,13.0,1639.193994422876
1463,25.666666666666668,61.333333333333336,4.666666666666667,14.833333333333334,11.0,15.333333333333334,14.166666666666666,8.333333333333334,15.5,25.333333333333332,66.0,4.166666666666667,16.333333333333332,12.333333333333334,11.833333333333334,14.166666666666666,8.333333333333334,20.5,7.5,25.571428571428573,59.57142857142857,10.571428571428571,26.714285714285715,6.857142857142857,14.285714285714286,13.857142857142858,6.142857142857143,14.142857142857142,25.714285714285715,64.85714285714286,5.285714285714286,18.285714285714285,11.142857142857142,13.0,12.428571428571429,8.285714285714286,17.142857142857142,7.571428571428571,1.0,0.5,14.0,3.0,11.0,1639.8357186631813
1464,20.4,54.0,4.4,16.4,8.6,12.8,16.4,3.8,13.8,21.6,57.4,5.8,17.4,8.6,12.0,11.6,7.8,15.2,-3.8,23.166666666666668,61.5,4.333333333333333,16.666666666666668,8.5,10.5,16.0,8.0,16.333333333333332,26.833333333333332,66.83333333333333,9.666666666666666,26.333333333333332,11.333333333333334,18.166666666666668,16.166666666666668,8.166666666666666,17.333333333333332,-7.833333333333333,0.5,0.3333333333333333,9.0,8.0,1.0,1971.5628503941516
1465,20.0,48.666666666666664,6.833333333333333,17.0,9.166666666666666,12.833333333333334,16.0,7.0,14.833333333333334,18.0,50.833333333333336,3.5,15.833333333333334,8.833333333333334,10.166666666666666,13.0,8.5,14.666666666666666,5.5,28.0,62.0,4.75,15.0,11.25,12.75,13.75,8.25,15.25,20.5,53.5,5.5,16.25,8.0,12.25,14.75,5.5,14.0,11.25,1.0,0.0,16.0,1.0,15.0,1413.5247693720107
1466,25.0,66.375,4.25,15.5,17.0,11.375,14.125,8.25,14.375,21.5,59.25,4.625,18.875,9.375,11.0,14.0,6.375,14.875,6.75,23.666666666666668,65.66666666666667,4.0,16.0,10.0,12.333333333333334,13.0,7.333333333333333,20.0,23.666666666666668,55.0,4.666666666666667,13.0,8.333333333333334,15.0,17.666666666666668,6.0,14.333333333333334,-6.666666666666667,0.8,0.0,13.0,4.0,9.0,1747.852616287991
1467,20.428571428571427,55.57142857142857,5.714285714285714,18.857142857142858,12.285714285714286,13.857142857142858,13.714285714285714,7.857142857142857,14.714285714285714,18.285714285714285,54.714285714285715,3.4285714285714284,11.714285714285714,10.857142857142858,9.857142857142858,13.428571428571429,8.714285714285714,16.0,8.0,22.428571428571427,53.857142857142854,5.285714285714286,17.0,7.285714285714286,12.142857142857142,14.714285714285714,8.0,14.857142857142858,19.0,54.0,5.428571428571429,18.857142857142858,9.285714285714286,10.571428571428571,16.0,6.428571428571429,14.571428571428571,5.571428571428571,0.75,0.75,9.0,8.0,1.0,1946.8112597950692
1468,24.75,60.125,4.25,17.125,13.75,12.0,17.625,6.75,18.25,19.75,63.375,4.625,21.875,11.125,9.375,13.875,7.75,19.625,12.75,26.0,65.0,3.6666666666666665,12.333333333333334,15.666666666666666,16.5,12.333333333333334,5.833333333333333,14.166666666666666,21.0,61.0,3.5,14.333333333333334,8.333333333333334,11.5,12.0,4.666666666666667,19.166666666666668,16.5,0.8,0.6666666666666666,16.0,1.0,15.0,1385.156279971719
1469,24.0,57.166666666666664,3.0,11.333333333333334,10.666666666666666,12.333333333333334,13.5,5.333333333333333,14.833333333333334,22.5,57.166666666666664,4.333333333333333,14.166666666666666,7.333333333333333,12.0,13.166666666666666,8.333333333333334,14.666666666666666,4.0,27.0,58.666666666666664,6.833333333333333,20.166666666666668,8.666666666666666,13.0,10.5,9.5,16.5,17.333333333333332,52.666666666666664,5.5,21.333333333333332,8.0,10.833333333333334,17.0,4.833333333333333,18.166666666666668,21.5,0.5,1.0,7.0,10.0,-3.0,1892.412710202634
1470,24.875,63.25,7.0,21.25,9.875,11.5,8.625,10.75,14.125,21.875,56.25,7.25,24.375,9.875,12.625,16.875,4.5,15.625,9.0,25.166666666666668,62.166666666666664,6.0,18.166666666666668,11.166666666666666,12.833333333333334,9.0,7.833333333333333,13.0,19.333333333333332,55.666666666666664,6.833333333333333,21.0,7.5,9.833333333333334,13.833333333333334,4.5,14.5,13.666666666666666,0.8,1.0,16.0,1.0,15.0,1600.8157373430197
1471,26.0,57.714285714285715,7.857142857142857,19.142857142857142,8.571428571428571,15.428571428571429,9.571428571428571,8.428571428571429,12.428571428571429,19.857142857142858,53.57142857142857,6.571428571428571,21.428571428571427,8.428571428571429,11.0,13.285714285714286,4.428571428571429,14.428571428571429,15.285714285714286,25.5,58.125,3.875,10.125,10.125,13.0,11.5,9.75,17.875,19.375,47.625,4.125,11.625,6.5,9.375,17.5,6.125,18.625,13.125,1.0,1.0,15.0,2.0,13.0,1589.3401458610106
1472,22.833333333333332,61.833333333333336,5.5,20.833333333333332,6.333333333333333,12.666666666666666,11.166666666666666,6.666666666666667,15.666666666666666,25.5,63.5,6.166666666666667,16.333333333333332,12.0,13.666666666666666,13.0,5.833333333333333,18.833333333333332,-6.166666666666667,23.0,57.714285714285715,8.285714285714286,26.0,8.285714285714286,13.285714285714286,11.0,5.142857142857143,14.428571428571429,25.142857142857142,62.0,5.571428571428571,18.142857142857142,10.142857142857142,15.0,11.428571428571429,6.428571428571429,18.285714285714285,1.1428571428571428,0.5,0.75,10.0,7.0,3.0,1929.3245970278829
1473,29.571428571428573,61.857142857142854,7.285714285714286,17.857142857142858,8.714285714285714,17.571428571428573,11.285714285714286,4.714285714285714,14.285714285714286,24.428571428571427,64.28571428571429,7.142857142857143,23.142857142857142,9.857142857142858,13.571428571428571,10.857142857142858,5.571428571428571,14.714285714285714,10.714285714285714,19.25,56.5,5.0,18.75,9.5,10.5,9.25,9.75,16.0,20.75,47.75,6.25,14.75,9.5,12.75,16.25,4.25,15.5,-4.0,0.75,0.0,13.0,4.0,9.0,1683.0738214871806
1474,26.4,64.8,7.2,21.8,11.2,15.6,11.8,7.2,17.4,25.0,63.6,7.2,23.4,10.8,14.8,10.0,6.4,15.6,-0.6,29.2,58.8,7.4,21.2,8.6,15.6,10.2,9.2,13.8,19.4,54.0,4.4,15.0,10.6,9.6,15.4,4.8,14.8,23.2,0.5,1.0,5.0,12.0,-7.0,2094.20836294766
1475,28.2,59.2,3.8,9.6,7.8,11.8,11.0,6.0,16.4,17.2,52.6,3.2,11.6,10.2,7.0,16.6,5.8,16.6,20.8,31.714285714285715,60.285714285714285,7.714285714285714,21.428571428571427,9.857142857142858,20.285714285714285,13.857142857142858,11.571428571428571,11.285714285714286,15.428571428571429,53.57142857142857,5.285714285714286,20.285714285714285,7.142857142857143,7.571428571428571,19.285714285714285,5.285714285714286,14.142857142857142,40.0,1.0,1.0,15.0,2.0,13.0,1605.0303090299765
1476,22.333333333333332,53.44444444444444,4.0,14.555555555555555,8.444444444444445,8.666666666666666,12.222222222222221,6.444444444444445,16.0,19.333333333333332,57.666666666666664,4.333333333333333,17.11111111111111,10.11111111111111,8.222222222222221,11.88888888888889,6.222222222222222,19.666666666666668,10.777777777777779,25.857142857142858,60.857142857142854,4.857142857142857,15.142857142857142,7.714285714285714,14.714285714285714,12.571428571428571,7.285714285714286,16.285714285714285,27.571428571428573,62.0,4.142857142857143,15.714285714285714,8.142857142857142,15.428571428571429,14.0,5.285714285714286,17.857142857142858,1.4285714285714286,0.8,0.75,14.0,3.0,11.0,1728.04542459073
1477,24.5,56.75,7.5,19.25,7.0,16.0,12.0,7.0,13.75,25.0,57.25,6.75,18.5,8.75,11.75,13.5,6.5,14.5,-1.75,21.166666666666668,55.5,5.166666666666667,18.166666666666668,6.5,13.833333333333334,15.333333333333334,6.5,18.666666666666668,20.666666666666668,58.333333333333336,5.5,17.333333333333332,8.5,12.666666666666666,15.5,9.0,18.333333333333332,-0.6666666666666666,0.0,0.3333333333333333,8.0,9.0,-1.0,1943.823384937912
1478,30.0,66.5,4.625,13.75,16.5,14.875,14.25,8.125,14.25,23.875,64.875,6.875,22.125,8.75,11.0,14.0,7.375,22.75,18.75,23.75,61.75,1.75,8.75,10.5,13.0,12.75,6.0,15.25,22.75,61.75,6.5,19.75,8.75,12.0,14.0,4.5,19.0,0.25,1.0,0.0,14.0,3.0,11.0,1516.329638689646
1479,23.625,56.375,5.0,16.125,9.0,15.125,12.125,6.125,13.5,20.75,56.25,3.125,15.875,10.625,8.375,14.0,6.375,13.625,9.625,24.5,56.5,4.25,14.25,9.75,15.25,15.0,7.0,18.0,25.5,57.0,8.0,21.0,6.0,14.25,13.5,7.5,20.5,-1.0,1.0,0.0,14.0,3.0,11.0,1585.962505296652
1480,27.571428571428573,60.42857142857143,8.571428571428571,22.428571428571427,9.142857142857142,15.285714285714286,17.428571428571427,10.714285714285714,16.428571428571427,21.285714285714285,61.57142857142857,4.0,18.428571428571427,10.142857142857142,10.571428571428571,18.714285714285715,8.285714285714286,17.714285714285715,18.714285714285715,30.4,64.8,5.2,19.6,10.8,14.8,10.0,6.6,11.4,19.6,57.6,5.4,21.4,5.2,9.4,11.0,5.2,13.6,20.4,1.0,1.0,16.0,1.0,15.0,1442.0973333039456
1481,24.428571428571427,56.42857142857143,7.0,20.428571428571427,9.428571428571429,14.714285714285714,16.0,10.428571428571429,15.714285714285714,20.142857142857142,54.0,6.0,19.0,11.571428571428571,10.0,21.428571428571427,7.571428571428571,18.428571428571427,14.142857142857142,27.75,66.0,5.0,19.5,11.5,14.25,11.25,8.5,17.0,21.5,55.25,6.0,21.5,5.75,14.25,16.75,3.5,16.25,11.75,0.75,0.0,12.0,5.0,7.0,1748.931635044764
1482,26.166666666666668,56.666666666666664,5.0,17.166666666666668,10.0,12.833333333333334,11.333333333333334,6.166666666666667,13.0,23.166666666666668,55.666666666666664,6.666666666666667,20.666666666666668,9.666666666666666,12.666666666666666,12.833333333333334,5.833333333333333,14.166666666666666,6.5,26.0,55.5,6.75,19.5,5.5,15.25,12.5,8.25,13.75,24.75,60.0,7.25,19.5,9.0,14.0,14.5,5.5,15.25,3.5,1.0,0.5,12.0,5.0,7.0,1767.793294112721
1483,24.571428571428573,66.0,4.571428571428571,15.142857142857142,14.285714285714286,14.285714285714286,11.0,8.0,18.0,19.285714285714285,51.57142857142857,6.0,18.142857142857142,5.714285714285714,10.428571428571429,15.857142857142858,6.0,17.428571428571427,10.714285714285714,26.2,64.6,4.8,19.8,8.8,17.2,10.8,7.8,17.2,19.4,57.4,4.8,16.0,9.4,13.0,14.0,4.4,14.8,10.8,0.5,0.5,11.0,6.0,5.0,1906.433422447768
1484,26.0,55.166666666666664,6.833333333333333,19.166666666666668,8.833333333333334,14.0,12.666666666666666,4.666666666666667,11.5,20.833333333333332,58.666666666666664,5.666666666666667,23.0,9.166666666666666,10.833333333333334,10.666666666666666,6.5,15.166666666666666,17.0,27.142857142857142,64.57142857142857,9.857142857142858,29.285714285714285,9.428571428571429,17.571428571428573,18.714285714285715,8.0,16.285714285714285,27.857142857142858,69.85714285714286,7.285714285714286,23.714285714285715,9.714285714285714,15.428571428571429,13.571428571428571,9.571428571428571,15.428571428571429,1.4285714285714286,1.0,0.5,13.0,4.0,9.0,1784.5790300277758
1485,29.857142857142858,64.57142857142857,7.857142857142857,19.0,10.428571428571429,17.571428571428573,9.714285714285714,6.142857142857143,16.857142857142858,24.428571428571427,63.714285714285715,4.142857142857143,12.714285714285714,12.285714285714286,13.857142857142858,12.428571428571429,4.142857142857143,13.285714285714286,15.428571428571429,28.2,62.4,6.0,18.6,10.8,13.8,10.4,9.8,14.8,17.8,56.8,6.2,21.6,10.6,9.4,15.8,5.4,15.8,21.8,1.0,1.0,6.0,11.0,-5.0,2050.808535310786
1486,30.5,64.375,4.875,14.5,13.0,14.125,13.375,10.125,12.875,22.0,63.75,6.375,24.125,11.875,12.25,16.5,8.375,17.0,18.25,26.8,63.8,4.0,12.6,12.6,16.2,16.0,5.0,17.2,24.4,67.6,6.2,21.4,12.8,13.6,11.2,7.2,16.6,2.2,1.0,0.5,13.0,4.0,9.0,1814.3446784353807
1487,22.6,61.8,6.2,20.2,9.6,10.6,17.6,7.6,19.8,22.6,59.2,3.2,14.2,10.2,11.8,13.6,9.2,16.0,-4.6,24.666666666666668,59.833333333333336,3.5,10.333333333333334,15.166666666666666,17.0,12.333333333333334,10.666666666666666,11.5,15.666666666666666,50.666666666666664,5.333333333333333,19.0,8.666666666666666,12.0,18.0,7.833333333333333,17.666666666666668,23.5,0.5,1.0,10.0,7.0,3.0,1870.6780197359933
1488,26.6,62.6,7.0,22.2,10.0,19.4,9.6,9.2,14.6,19.6,54.8,4.8,18.4,7.4,11.8,14.6,5.4,17.6,17.2,23.428571428571427,56.57142857142857,8.142857142857142,23.0,8.428571428571429,15.285714285714286,12.142857142857142,8.142857142857142,13.571428571428571,21.428571428571427,53.0,3.0,14.428571428571429,7.142857142857143,8.142857142857142,15.285714285714286,6.571428571428571,15.142857142857142,9.857142857142858,0.5,0.6666666666666666,6.0,11.0,-5.0,1944.607807745618
1489,31.571428571428573,58.142857142857146,7.714285714285714,19.857142857142858,4.857142857142857,21.428571428571427,14.428571428571429,6.0,16.285714285714285,27.285714285714285,69.71428571428571,5.428571428571429,21.0,11.285714285714286,11.857142857142858,10.714285714285714,7.714285714285714,18.857142857142858,11.571428571428571,30.666666666666668,70.33333333333333,10.0,31.0,11.333333333333334,21.333333333333332,12.0,6.666666666666667,15.333333333333334,32.666666666666664,70.0,8.666666666666666,21.0,10.333333333333334,17.0,12.333333333333334,3.3333333333333335,14.666666666666666,-0.3333333333333333,1.0,0.0,2.0,10.0,-8.0,2133.014584808202
1490,22.0,56.5,3.5,11.75,10.75,13.0,17.5,5.75,16.25,23.25,58.0,6.25,17.25,7.5,11.75,14.0,10.5,18.5,-1.75,25.571428571428573,59.57142857142857,10.571428571428571,26.714285714285715,6.857142857142857,14.285714285714286,13.857142857142858,6.142857142857143,14.142857142857142,25.714285714285715,64.85714285714286,5.285714285714286,18.285714285714285,11.142857142857142,13.0,12.428571428571429,8.285714285714286,17.142857142857142,7.571428571428571,0.0,0.5,6.0,3.0,3.0,2005.5430981907984
1491,26.5,58.833333333333336,6.333333333333333,17.333333333333332,11.333333333333334,17.666666666666668,11.333333333333334,6.833333333333333,14.833333333333334,21.0,58.666666666666664,5.166666666666667,20.833333333333332,8.166666666666666,12.166666666666666,10.666666666666666,5.5,13.833333333333334,13.833333333333334,28.0,62.0,4.75,15.0,11.25,12.75,13.75,8.25,15.25,20.5,53.5,5.5,16.25,8.0,12.25,14.75,5.5,14.0,11.25,1.0,0.0,9.0,1.0,8.0,1989.1650522610848
1492,25.833333333333332,59.666666666666664,11.5,33.5,6.5,17.833333333333332,9.0,9.166666666666666,14.833333333333334,21.5,49.666666666666664,3.8333333333333335,14.166666666666666,5.333333333333333,9.666666666666666,16.166666666666668,4.5,15.166666666666666,13.833333333333334,23.666666666666668,65.66666666666667,4.0,16.0,10.0,12.333333333333334,13.0,7.333333333333333,20.0,23.666666666666668,55.0,4.666666666666667,13.0,8.333333333333334,15.0,17.666666666666668,6.0,14.333333333333334,-6.666666666666667,1.0,0.0,12.0,4.0,8.0,1971.158577908936
1493,22.428571428571427,53.857142857142854,5.285714285714286,17.0,7.285714285714286,12.142857142857142,14.714285714285714,8.0,14.857142857142858,19.0,54.0,5.428571428571429,18.857142857142858,9.285714285714286,10.571428571428571,16.0,6.428571428571429,14.571428571428571,5.571428571428571,26.0,65.0,3.6666666666666665,12.333333333333334,15.666666666666666,16.5,12.333333333333334,5.833333333333333,14.166666666666666,21.0,61.0,3.5,14.333333333333334,8.333333333333334,11.5,12.0,4.666666666666667,19.166666666666668,16.5,0.75,0.6666666666666666,8.0,1.0,7.0,1986.866926702514
1494,29.5,62.375,6.0,17.25,9.75,17.375,11.375,6.625,14.5,22.0,60.875,5.0,17.625,8.25,11.5,12.875,5.875,17.375,16.25,27.0,58.666666666666664,6.833333333333333,20.166666666666668,8.666666666666666,13.0,10.5,9.5,16.5,17.333333333333332,52.666666666666664,5.5,21.333333333333332,8.0,10.833333333333334,17.0,4.833333333333333,18.166666666666668,21.5,0.8,1.0,2.0,10.0,-8.0,2319.777165363935
1495,23.166666666666668,61.5,4.333333333333333,16.666666666666668,8.5,10.5,16.0,8.0,16.333333333333332,26.833333333333332,66.83333333333333,9.666666666666666,26.333333333333332,11.333333333333334,18.166666666666668,16.166666666666668,8.166666666666666,17.333333333333332,-7.833333333333333,25.166666666666668,62.166666666666664,6.0,18.166666666666668,11.166666666666666,12.833333333333334,9.0,7.833333333333333,13.0,19.333333333333332,55.666666666666664,6.833333333333333,21.0,7.5,9.833333333333334,13.833333333333334,4.5,14.5,13.666666666666666,0.3333333333333333,1.0,8.0,1.0,7.0,1889.3938524775187
1496,23.0,57.714285714285715,8.285714285714286,26.0,8.285714285714286,13.285714285714286,11.0,5.142857142857143,14.428571428571429,25.142857142857142,62.0,5.571428571428571,18.142857142857142,10.142857142857142,15.0,11.428571428571429,6.428571428571429,18.285714285714285,1.1428571428571428,25.5,58.125,3.875,10.125,10.125,13.0,11.5,9.75,17.875,19.375,47.625,4.125,11.625,6.5,9.375,17.5,6.125,18.625,13.125,0.75,1.0,7.0,2.0,5.0,1927.5700991880612
1497,24.666666666666668,59.833333333333336,3.5,10.333333333333334,15.166666666666666,17.0,12.333333333333334,10.666666666666666,11.5,15.666666666666666,50.666666666666664,5.333333333333333,19.0,8.666666666666666,12.0,18.0,7.833333333333333,17.666666666666668,23.5,31.714285714285715,60.285714285714285,7.714285714285714,21.428571428571427,9.857142857142858,20.285714285714285,13.857142857142858,11.571428571428571,11.285714285714286,15.428571428571429,53.57142857142857,5.285714285714286,20.285714285714285,7.142857142857143,7.571428571428571,19.285714285714285,5.285714285714286,14.142857142857142,40.0,1.0,1.0,7.0,2.0,5.0,2030.5751953686968
1498,28.2,62.4,6.0,18.6,10.8,13.8,10.4,9.8,14.8,17.8,56.8,6.2,21.6,10.6,9.4,15.8,5.4,15.8,21.8,25.857142857142858,60.857142857142854,4.857142857142857,15.142857142857142,7.714285714285714,14.714285714285714,12.571428571428571,7.285714285714286,16.285714285714285,27.571428571428573,62.0,4.142857142857143,15.714285714285714,8.142857142857142,15.428571428571429,14.0,5.285714285714286,17.857142857142858,1.4285714285714286,1.0,0.75,11.0,3.0,8.0,1977.2985127045065
1499,23.428571428571427,56.57142857142857,8.142857142857142,23.0,8.428571428571429,15.285714285714286,12.142857142857142,8.142857142857142,13.571428571428571,21.428571428571427,53.0,3.0,14.428571428571429,7.142857142857143,8.142857142857142,15.285714285714286,6.571428571428571,15.142857142857142,9.857142857142858,24.5,56.5,4.25,14.25,9.75,15.25,15.0,7.0,18.0,25.5,57.0,8.0,21.0,6.0,14.25,13.5,7.5,20.5,-1.0,0.6666666666666666,0.0,11.0,3.0,8.0,1995.090319357537
1500,21.166666666666668,55.5,5.166666666666667,18.166666666666668,6.5,13.833333333333334,15.333333333333334,6.5,18.666666666666668,20.666666666666668,58.333333333333336,5.5,17.333333333333332,8.5,12.666666666666666,15.5,9.0,18.333333333333332,-0.6666666666666666,30.4,64.8,5.2,19.6,10.8,14.8,10.0,6.6,11.4,19.6,57.6,5.4,21.4,5.2,9.4,11.0,5.2,13.6,20.4,0.3333333333333333,1.0,9.0,1.0,8.0,1894.282465240424
1501,19.25,56.5,5.0,18.75,9.5,10.5,9.25,9.75,16.0,20.75,47.75,6.25,14.75,9.5,12.75,16.25,4.25,15.5,-4.0,27.75,66.0,5.0,19.5,11.5,14.25,11.25,8.5,17.0,21.5,55.25,6.0,21.5,5.75,14.25,16.75,3.5,16.25,11.75,0.0,0.0,4.0,5.0,-1.0,2093.62119204287
1502,27.142857142857142,64.57142857142857,9.857142857142858,29.285714285714285,9.428571428571429,17.571428571428573,18.714285714285715,8.0,16.285714285714285,27.857142857142858,69.85714285714286,7.285714285714286,23.714285714285715,9.714285714285714,15.428571428571429,13.571428571428571,9.571428571428571,15.428571428571429,1.4285714285714286,26.0,55.5,6.75,19.5,5.5,15.25,12.5,8.25,13.75,24.75,60.0,7.25,19.5,9.0,14.0,14.5,5.5,15.25,3.5,0.5,0.5,4.0,5.0,-1.0,1998.1579815335683
1503,23.75,61.75,1.75,8.75,10.5,13.0,12.75,6.0,15.25,22.75,61.75,6.5,19.75,8.75,12.0,14.0,4.5,19.0,0.25,26.2,64.6,4.8,19.8,8.8,17.2,10.8,7.8,17.2,19.4,57.4,4.8,16.0,9.4,13.0,14.0,4.4,14.8,10.8,0.0,0.5,3.0,6.0,-3.0,2052.0922857751734
1504,29.2,58.8,7.4,21.2,8.6,15.6,10.2,9.2,13.8,19.4,54.0,4.4,15.0,10.6,9.6,15.4,4.8,14.8,23.2,26.8,63.8,4.0,12.6,12.6,16.2,16.0,5.0,17.2,24.4,67.6,6.2,21.4,12.8,13.6,11.2,7.2,16.6,2.2,1.0,0.5,12.0,4.0,8.0,1738.13353129755
1505,25.571428571428573,59.57142857142857,10.571428571428571,26.714285714285715,6.857142857142857,14.285714285714286,13.857142857142858,6.142857142857143,14.142857142857142,25.714285714285715,64.85714285714286,5.285714285714286,18.285714285714285,11.142857142857142,13.0,12.428571428571429,8.285714285714286,17.142857142857142,7.571428571428571,30.666666666666668,70.33333333333333,10.0,31.0,11.333333333333334,21.333333333333332,12.0,6.666666666666667,15.333333333333334,32.666666666666664,70.0,8.666666666666666,21.0,10.333333333333334,17.0,12.333333333333334,3.3333333333333335,14.666666666666666,-0.3333333333333333,0.5,0.0,3.0,10.0,-7.0,2095.8191202270923
1506,27.75,66.0,5.0,19.5,11.5,14.25,11.25,8.5,17.0,21.5,55.25,6.0,21.5,5.75,14.25,16.75,3.5,16.25,11.75,26.0,65.0,3.6666666666666665,12.333333333333334,15.666666666666666,16.5,12.333333333333334,5.833333333333333,14.166666666666666,21.0,61.0,3.5,14.333333333333334,8.333333333333334,11.5,12.0,4.666666666666667,19.166666666666668,16.5,0.0,0.6666666666666666,5.0,1.0,4.0,2026.5662750168565
1507,23.666666666666668,65.66666666666667,4.0,16.0,10.0,12.333333333333334,13.0,7.333333333333333,20.0,23.666666666666668,55.0,4.666666666666667,13.0,8.333333333333334,15.0,17.666666666666668,6.0,14.333333333333334,-6.666666666666667,25.166666666666668,62.166666666666664,6.0,18.166666666666668,11.166666666666666,12.833333333333334,9.0,7.833333333333333,13.0,19.333333333333332,55.666666666666664,6.833333333333333,21.0,7.5,9.833333333333334,13.833333333333334,4.5,14.5,13.666666666666666,0.0,1.0,4.0,1.0,3.0,2195.718465972776
1508,26.2,64.6,4.8,19.8,8.8,17.2,10.8,7.8,17.2,19.4,57.4,4.8,16.0,9.4,13.0,14.0,4.4,14.8,10.8,25.5,58.125,3.875,10.125,10.125,13.0,11.5,9.75,17.875,19.375,47.625,4.125,11.625,6.5,9.375,17.5,6.125,18.625,13.125,0.5,1.0,6.0,2.0,4.0,2076.698259299482
1509,25.857142857142858,60.857142857142854,4.857142857142857,15.142857142857142,7.714285714285714,14.714285714285714,12.571428571428571,7.285714285714286,16.285714285714285,27.571428571428573,62.0,4.142857142857143,15.714285714285714,8.142857142857142,15.428571428571429,14.0,5.285714285714286,17.857142857142858,1.4285714285714286,31.714285714285715,60.285714285714285,7.714285714285714,21.428571428571427,9.857142857142858,20.285714285714285,13.857142857142858,11.571428571428571,11.285714285714286,15.428571428571429,53.57142857142857,5.285714285714286,20.285714285714285,7.142857142857143,7.571428571428571,19.285714285714285,5.285714285714286,14.142857142857142,40.0,0.75,1.0,3.0,2.0,1.0,2114.1711043193354
1510,26.8,63.8,4.0,12.6,12.6,16.2,16.0,5.0,17.2,24.4,67.6,6.2,21.4,12.8,13.6,11.2,7.2,16.6,2.2,28.0,62.0,4.75,15.0,11.25,12.75,13.75,8.25,15.25,20.5,53.5,5.5,16.25,8.0,12.25,14.75,5.5,14.0,11.25,0.5,0.0,4.0,1.0,3.0,2059.4326792425877
1511,27.0,58.666666666666664,6.833333333333333,20.166666666666668,8.666666666666666,13.0,10.5,9.5,16.5,17.333333333333332,52.666666666666664,5.5,21.333333333333332,8.0,10.833333333333334,17.0,4.833333333333333,18.166666666666668,21.5,24.5,56.5,4.25,14.25,9.75,15.25,15.0,7.0,18.0,25.5,57.0,8.0,21.0,6.0,14.25,13.5,7.5,20.5,-1.0,1.0,0.0,10.0,3.0,7.0,1989.3433880368236
1512,26.0,55.5,6.75,19.5,5.5,15.25,12.5,8.25,13.75,24.75,60.0,7.25,19.5,9.0,14.0,14.5,5.5,15.25,3.5,30.4,64.8,5.2,19.6,10.8,14.8,10.0,6.6,11.4,19.6,57.6,5.4,21.4,5.2,9.4,11.0,5.2,13.6,20.4,0.5,1.0,5.0,1.0,4.0,2072.8788443648496
1513,30.666666666666668,70.33333333333333,10.0,31.0,11.333333333333334,21.333333333333332,12.0,6.666666666666667,15.333333333333334,32.666666666666664,70.0,8.666666666666666,21.0,10.333333333333334,17.0,12.333333333333334,3.3333333333333335,14.666666666666666,-0.3333333333333333,26.0,65.0,3.6666666666666665,12.333333333333334,15.666666666666666,16.5,12.333333333333334,5.833333333333333,14.166666666666666,21.0,61.0,3.5,14.333333333333334,8.333333333333334,11.5,12.0,4.666666666666667,19.166666666666668,16.5,0.0,0.6666666666666666,10.0,1.0,9.0,1960.9878108195264
1514,25.5,58.125,3.875,10.125,10.125,13.0,11.5,9.75,17.875,19.375,47.625,4.125,11.625,6.5,9.375,17.5,6.125,18.625,13.125,25.166666666666668,62.166666666666664,6.0,18.166666666666668,11.166666666666666,12.833333333333334,9.0,7.833333333333333,13.0,19.333333333333332,55.666666666666664,6.833333333333333,21.0,7.5,9.833333333333334,13.833333333333334,4.5,14.5,13.666666666666666,1.0,1.0,2.0,1.0,1.0,2189.284308224876
1515,30.4,64.8,5.2,19.6,10.8,14.8,10.0,6.6,11.4,19.6,57.6,5.4,21.4,5.2,9.4,11.0,5.2,13.6,20.4,31.714285714285715,60.285714285714285,7.714285714285714,21.428571428571427,9.857142857142858,20.285714285714285,13.857142857142858,11.571428571428571,11.285714285714286,15.428571428571429,53.57142857142857,5.285714285714286,20.285714285714285,7.142857142857143,7.571428571428571,19.285714285714285,5.285714285714286,14.142857142857142,40.0,1.0,1.0,1.0,2.0,-1.0,2300.6599485387696
1516,24.5,56.5,4.25,14.25,9.75,15.25,15.0,7.0,18.0,25.5,57.0,8.0,21.0,6.0,14.25,13.5,7.5,20.5,-1.0,28.0,62.0,4.75,15.0,11.25,12.75,13.75,8.25,15.25,20.5,53.5,5.5,16.25,8.0,12.25,14.75,5.5,14.0,11.25,0.0,0.0,3.0,1.0,2.0,2126.062339450076
1517,25.166666666666668,62.166666666666664,6.0,18.166666666666668,11.166666666666666,12.833333333333334,9.0,7.833333333333333,13.0,19.333333333333332,55.666666666666664,6.833333333333333,21.0,7.5,9.833333333333334,13.833333333333334,4.5,14.5,13.666666666666666,31.714285714285715,60.285714285714285,7.714285714285714,21.428571428571427,9.857142857142858,20.285714285714285,13.857142857142858,11.571428571428571,11.285714285714286,15.428571428571429,53.57142857142857,5.285714285714286,20.285714285714285,7.142857142857143,7.571428571428571,19.285714285714285,5.285714285714286,14.142857142857142,40.0,1.0,1.0,1.0,2.0,-1.0,2398.314772356463
1518,28.0,62.0,4.75,15.0,11.25,12.75,13.75,8.25,15.25,20.5,53.5,5.5,16.25,8.0,12.25,14.75,5.5,14.0,11.25,26.0,65.0,3.6666666666666665,12.333333333333334,15.666666666666666,16.5,12.333333333333334,5.833333333333333,14.166666666666666,21.0,61.0,3.5,14.333333333333334,8.333333333333334,11.5,12.0,4.666666666666667,19.166666666666668,16.5,0.0,0.6666666666666666,1.0,1.0,0.0,2299.8064108698354
1519,31.714285714285715,60.285714285714285,7.714285714285714,21.428571428571427,9.857142857142858,20.285714285714285,13.857142857142858,11.571428571428571,11.285714285714286,15.428571428571429,53.57142857142857,5.285714285714286,20.285714285714285,7.142857142857143,7.571428571428571,19.285714285714285,5.285714285714286,14.142857142857142,40.0,26.0,65.0,3.6666666666666665,12.333333333333334,15.666666666666666,16.5,12.333333333333334,5.833333333333333,14.166666666666666,21.0,61.0,3.5,14.333333333333334,8.333333333333334,11.5,12.0,4.666666666666667,19.166666666666668,16.5,1.0,0.6666666666666666,2.0,1.0,1.0,2445.8677112468754
1520,24.75,53.25,6.5,16.25,8.0,14.75,14.5,5.25,19.25,24.25,61.75,6.75,22.75,12.0,11.5,10.5,7.5,17.75,1.75,29.2,62.6,7.0,19.2,10.0,15.4,9.8,4.8,16.2,24.4,57.8,4.4,16.4,9.4,12.2,11.4,4.4,12.8,4.6,0.0,0.5,11.0,11.0,0.0,1904.755174652226
1521,23.142857142857142,63.0,5.142857142857143,18.857142857142858,13.857142857142858,10.142857142857142,13.0,7.857142857142857,19.142857142857142,19.285714285714285,56.57142857142857,5.285714285714286,21.285714285714285,8.428571428571429,11.428571428571429,15.857142857142858,5.285714285714286,18.714285714285715,6.714285714285714,23.5,55.625,5.375,14.0,9.25,11.75,11.5,6.125,19.0,17.875,52.375,4.0,15.125,10.375,10.25,13.25,5.125,14.625,9.625,1.0,0.8333333333333334,16.0,16.0,0.0,1267.9638676244952
1522,20.0,53.8,6.0,15.4,6.8,9.8,10.4,5.2,13.2,21.8,56.4,3.8,13.4,8.8,12.0,9.6,4.4,12.4,-3.4,24.6,59.2,6.2,22.2,8.4,13.4,14.2,8.2,16.4,25.0,56.6,9.0,24.4,7.0,16.6,16.0,5.6,16.4,-3.2,0.5,0.5,11.0,11.0,0.0,1803.6239476420265
1523,24.5,53.666666666666664,6.333333333333333,17.833333333333332,9.0,13.833333333333334,13.166666666666666,8.0,16.5,22.0,54.666666666666664,4.5,17.5,9.5,12.0,14.833333333333334,6.166666666666667,18.5,10.666666666666666,23.75,52.625,9.25,22.875,10.25,14.75,17.125,6.375,14.0,24.25,58.875,5.0,16.5,8.375,12.0,11.875,8.75,16.125,6.125,1.0,0.8333333333333334,16.0,16.0,0.0,1532.9287263700846
1524,22.5,62.0,5.5,19.75,8.25,10.5,10.25,8.75,20.5,22.5,55.0,5.5,18.25,9.5,14.5,15.75,6.5,17.25,-4.25,22.0,60.5,6.666666666666667,23.0,8.5,9.833333333333334,13.833333333333334,9.166666666666666,17.5,23.666666666666668,57.333333333333336,5.666666666666667,20.5,8.5,11.833333333333334,18.0,7.0,17.166666666666668,-0.6666666666666666,0.0,0.6666666666666666,7.0,10.0,-3.0,2041.7843408903088
1525,24.6,56.4,2.8,8.8,6.6,16.0,15.2,7.8,17.6,22.2,57.0,5.4,21.0,8.2,15.8,15.8,7.2,16.2,4.6,22.0,60.75,5.0,18.25,7.5,9.5,10.75,6.5,16.0,24.75,59.25,6.25,19.25,6.75,13.5,13.5,5.5,19.0,-2.25,0.5,0.0,10.0,7.0,3.0,1989.4652086349088
1526,29.5,60.5,10.5,27.666666666666668,7.0,20.166666666666668,14.333333333333334,6.333333333333333,14.666666666666666,26.833333333333332,65.33333333333333,9.0,27.666666666666668,10.166666666666666,16.5,12.0,9.166666666666666,16.333333333333332,7.0,22.666666666666668,59.5,4.166666666666667,14.166666666666666,9.333333333333334,10.5,10.166666666666666,10.166666666666666,18.0,19.5,50.0,4.166666666666667,14.166666666666666,9.0,11.333333333333334,18.666666666666668,4.833333333333333,16.833333333333332,8.0,1.0,1.0,2.0,15.0,-13.0,2205.4183463445765
1527,30.6,64.2,6.6,18.2,12.8,16.0,14.4,7.0,16.8,24.0,58.0,6.2,18.2,7.6,13.8,14.4,7.8,16.2,12.0,21.11111111111111,53.0,7.666666666666667,22.77777777777778,7.666666666666667,12.333333333333334,13.0,6.666666666666667,17.88888888888889,20.666666666666668,57.666666666666664,5.333333333333333,19.88888888888889,9.333333333333334,9.11111111111111,12.555555555555555,6.333333333333333,18.77777777777778,5.888888888888889,0.5,1.0,3.0,14.0,-11.0,2149.295456659081
1528,28.0,62.0,7.4,19.8,7.8,17.0,12.2,8.0,16.6,25.2,63.0,9.4,29.2,12.2,17.6,16.2,6.0,18.0,9.0,23.285714285714285,51.42857142857143,4.285714285714286,13.285714285714286,5.857142857142857,14.571428571428571,13.571428571428571,4.714285714285714,16.285714285714285,19.714285714285715,55.0,5.0,14.857142857142858,9.142857142857142,9.0,12.714285714285714,7.714285714285714,17.571428571428573,9.285714285714286,0.5,1.0,2.0,15.0,-13.0,2218.0408590039283
1529,25.4,58.8,6.4,20.6,8.4,15.0,15.4,5.4,12.6,26.2,55.8,7.0,16.4,5.2,15.8,14.8,9.6,18.8,-0.6,27.833333333333332,57.833333333333336,6.666666666666667,18.166666666666668,9.833333333333334,16.166666666666668,12.666666666666666,5.333333333333333,11.5,21.5,60.333333333333336,6.166666666666667,20.0,6.833333333333333,12.333333333333334,11.833333333333334,5.666666666666667,17.166666666666668,19.333333333333332,0.5,1.0,6.0,11.0,-5.0,2060.5125757043284
1530,23.8,58.8,4.6,14.2,7.8,12.0,11.4,7.4,16.4,22.6,55.6,4.4,13.6,6.8,14.2,14.8,5.2,13.8,-1.8,24.4,56.2,7.0,18.0,11.4,13.8,16.2,8.8,18.4,20.6,55.0,5.6,20.6,8.8,13.8,14.4,9.6,14.8,8.8,0.5,0.5,8.0,9.0,-1.0,1973.477092783414
1531,24.75,53.25,6.5,16.25,8.0,14.75,14.5,5.25,19.25,24.25,61.75,6.75,22.75,12.0,11.5,10.5,7.5,17.75,1.75,26.0,57.8,9.0,25.8,7.8,15.4,10.0,7.2,16.4,19.4,53.6,3.2,15.6,7.0,10.2,11.4,5.4,13.8,15.8,0.0,0.6666666666666666,11.0,6.0,5.0,1915.4738716921324
1532,24.4,57.0,4.2,12.2,10.4,13.6,14.6,8.0,16.8,21.0,58.6,3.4,16.4,9.4,12.2,13.8,7.6,17.6,9.2,26.125,56.375,5.125,15.75,7.875,15.0,16.125,3.75,16.125,24.5,65.25,6.375,22.875,9.125,12.25,10.625,9.0,21.625,5.375,0.5,1.0,3.0,14.0,-11.0,2158.3936655095104
1533,22.4,55.0,3.0,12.2,11.0,10.6,10.0,8.0,12.4,18.2,49.0,4.0,15.8,7.6,8.6,18.2,5.6,17.4,13.6,25.4,59.2,4.2,15.8,7.8,14.6,11.8,6.2,14.0,25.0,58.6,6.0,18.2,8.0,13.2,12.8,5.8,16.0,-0.8,1.0,0.5,10.0,7.0,3.0,1976.1101493317549
1534,31.333333333333332,58.833333333333336,9.0,20.0,9.166666666666666,19.833333333333332,11.0,8.333333333333334,12.666666666666666,20.333333333333332,54.666666666666664,6.666666666666667,18.166666666666668,5.666666666666667,10.333333333333334,15.333333333333334,5.833333333333333,22.5,31.5,19.25,60.5,5.25,19.75,10.75,10.5,14.0,6.75,17.75,21.25,58.75,6.25,16.25,9.5,13.5,14.75,7.5,17.25,-1.0,1.0,0.0,9.0,8.0,1.0,1934.3098340764664
1535,28.833333333333332,63.166666666666664,3.5,11.333333333333334,13.333333333333334,18.833333333333332,11.5,4.166666666666667,13.666666666666666,21.833333333333332,62.666666666666664,4.333333333333333,15.0,6.5,10.166666666666666,9.5,5.0,18.333333333333332,17.0,23.5,58.75,3.875,15.875,12.5,12.625,15.0,12.75,19.0,15.5,49.625,5.875,22.375,10.875,8.25,22.125,6.75,18.0,16.625,1.0,0.8,1.0,16.0,-15.0,2489.9496451098034
1536,24.75,57.75,8.75,22.25,9.0,17.5,12.25,4.75,13.75,23.75,56.5,8.0,21.0,5.25,14.0,12.0,6.25,18.0,9.0,24.0,57.0,4.333333333333333,14.666666666666666,9.166666666666666,18.0,14.333333333333334,5.5,12.5,22.666666666666668,57.333333333333336,4.333333333333333,13.833333333333334,7.0,12.666666666666666,13.0,8.666666666666666,13.666666666666666,3.8333333333333335,0.5,0.6666666666666666,8.0,9.0,-1.0,1980.4419479201129
1537,25.6,60.0,5.8,16.0,12.6,15.8,14.2,4.8,20.4,21.2,62.4,7.8,24.4,11.0,13.0,8.4,8.8,22.0,3.4,23.142857142857142,63.0,5.142857142857143,18.857142857142858,13.857142857142858,10.142857142857142,13.0,7.857142857142857,19.142857142857142,19.285714285714285,56.57142857142857,5.285714285714286,21.285714285714285,8.428571428571429,11.428571428571429,15.857142857142858,5.285714285714286,18.714285714285715,6.714285714285714,0.5,1.0,1.0,16.0,-15.0,2317.303625402101
1538,26.25,57.5,7.75,22.0,8.25,17.25,12.5,6.5,17.5,26.5,62.5,8.25,20.75,10.25,17.75,13.5,6.25,23.0,7.0,29.166666666666668,61.666666666666664,7.333333333333333,18.333333333333332,10.833333333333334,9.5,14.0,8.166666666666666,20.166666666666668,23.166666666666668,56.666666666666664,5.5,19.166666666666668,8.0,11.333333333333334,18.833333333333332,4.166666666666667,21.166666666666668,18.333333333333332,0.0,1.0,2.0,15.0,-13.0,2080.063076875709
1539,25.5,55.333333333333336,6.666666666666667,21.0,7.166666666666667,14.5,12.666666666666666,4.5,13.833333333333334,20.5,60.333333333333336,4.166666666666667,14.666666666666666,8.333333333333334,8.666666666666666,9.166666666666666,5.666666666666667,16.166666666666668,13.833333333333334,21.166666666666668,49.666666666666664,6.833333333333333,19.333333333333332,6.333333333333333,10.833333333333334,12.333333333333334,5.0,13.0,19.333333333333332,49.833333333333336,4.333333333333333,12.166666666666666,6.333333333333333,7.0,13.166666666666666,5.5,14.333333333333334,7.833333333333333,1.0,1.0,1.0,16.0,-15.0,2181.191696313892
1540,25.0,64.0,5.166666666666667,18.333333333333332,8.833333333333334,15.166666666666666,13.333333333333334,8.333333333333334,17.666666666666668,22.833333333333332,57.833333333333336,7.0,22.0,9.0,13.666666666666666,15.833333333333334,4.5,17.666666666666668,0.5,21.25,56.25,8.75,22.75,8.75,11.0,16.75,8.75,15.0,24.5,53.0,5.25,12.75,8.0,14.0,14.25,8.5,13.5,-8.5,0.3333333333333333,0.0,7.0,10.0,-3.0,2082.0146805248746
1541,22.4,59.0,3.8,16.2,8.0,12.4,11.0,10.4,18.2,23.6,56.4,5.8,16.4,7.4,13.4,16.4,6.8,17.6,-1.6,25.857142857142858,56.0,8.0,24.285714285714285,10.285714285714286,12.714285714285714,13.285714285714286,5.857142857142857,18.571428571428573,19.714285714285715,55.0,3.5714285714285716,18.0,8.428571428571429,9.571428571428571,13.857142857142858,7.142857142857143,19.714285714285715,17.285714285714285,0.5,1.0,6.0,11.0,-5.0,2022.202799812799
1542,25.428571428571427,59.857142857142854,5.428571428571429,19.0,10.285714285714286,16.142857142857142,15.142857142857142,6.142857142857143,14.714285714285714,20.571428571428573,62.857142857142854,6.0,23.428571428571427,8.142857142857142,11.571428571428571,12.285714285714286,7.285714285714286,17.571428571428573,12.285714285714286,24.5,55.666666666666664,5.5,16.0,10.5,15.333333333333334,11.666666666666666,5.166666666666667,13.5,20.5,53.333333333333336,3.3333333333333335,13.5,6.5,6.666666666666667,11.833333333333334,7.0,14.666666666666666,11.5,1.0,1.0,2.0,15.0,-13.0,2362.826976793578
1543,19.8,55.4,5.0,17.6,9.6,10.8,16.2,7.4,15.0,18.8,51.6,4.8,15.0,6.6,9.8,15.2,9.6,14.0,-0.4,23.375,54.875,7.875,22.25,7.625,15.75,16.0,7.375,12.125,19.625,56.375,4.75,16.625,10.875,10.375,16.625,10.125,13.125,7.125,0.5,0.8,3.0,14.0,-11.0,2073.153830711062
1544,26.714285714285715,56.714285714285715,10.714285714285714,29.428571428571427,5.857142857142857,17.285714285714285,10.142857142857142,9.714285714285714,14.428571428571429,20.0,54.714285714285715,2.4285714285714284,9.714285714285714,8.142857142857142,7.428571428571429,16.571428571428573,5.285714285714286,15.285714285714286,24.285714285714285,23.428571428571427,54.285714285714285,6.0,18.0,7.857142857142857,14.142857142857142,13.285714285714286,6.285714285714286,14.571428571428571,20.714285714285715,58.714285714285715,4.285714285714286,17.571428571428573,9.714285714285714,9.428571428571429,11.571428571428571,6.857142857142857,14.857142857142858,7.142857142857143,1.0,1.0,12.0,5.0,7.0,1979.195289468259
1545,28.25,59.0,9.25,22.75,6.0,18.25,13.25,4.0,20.0,26.0,62.75,8.0,25.25,7.5,13.0,10.25,7.5,20.5,6.75,24.5,53.666666666666664,6.333333333333333,17.833333333333332,9.0,13.833333333333334,13.166666666666666,8.0,16.5,22.0,54.666666666666664,4.5,17.5,9.5,12.0,14.833333333333334,6.166666666666667,18.5,10.666666666666666,0.5,1.0,1.0,16.0,-15.0,2198.3486505571263
1546,25.0,63.666666666666664,5.0,17.0,14.166666666666666,14.0,11.333333333333334,7.0,16.0,20.333333333333332,53.0,5.0,17.333333333333332,8.833333333333334,11.166666666666666,16.166666666666668,5.333333333333333,16.833333333333332,10.833333333333334,29.625,57.25,8.75,21.125,7.625,21.5,14.875,5.75,12.625,26.0,64.5,6.625,19.125,8.625,12.25,10.75,6.375,17.5,15.0,0.6666666666666666,1.0,5.0,12.0,-7.0,2144.961882111643
1547,26.2,60.4,4.8,14.8,10.0,15.6,14.6,6.0,14.4,28.2,63.6,6.6,19.8,9.8,15.2,12.0,5.8,12.4,-4.6,24.714285714285715,59.42857142857143,7.571428571428571,21.714285714285715,6.714285714285714,11.857142857142858,15.0,6.857142857142857,15.428571428571429,25.857142857142858,62.857142857142854,6.0,17.571428571428573,9.142857142857142,11.0,14.285714285714286,7.0,17.142857142857142,-1.5714285714285714,0.5,0.25,9.0,8.0,1.0,1957.7579863715032
1548,22.2,57.2,5.2,16.6,9.0,11.2,14.0,9.4,16.6,19.2,51.0,5.4,19.8,7.8,11.6,19.4,6.4,17.6,4.2,20.0,53.8,6.0,15.4,6.8,9.8,10.4,5.2,13.2,21.8,56.4,3.8,13.4,8.8,12.0,9.6,4.4,12.4,-3.4,0.5,0.5,6.0,11.0,-5.0,2036.5432355913445
1549,27.6,64.8,8.0,22.0,8.8,16.6,13.0,10.6,21.4,27.4,59.4,7.0,18.8,7.4,15.6,15.0,4.6,16.4,-3.2,24.0,60.0,7.333333333333333,18.333333333333332,10.5,10.666666666666666,11.5,5.5,15.833333333333334,21.666666666666668,57.333333333333336,6.166666666666667,19.166666666666668,6.5,9.666666666666666,11.666666666666666,5.666666666666667,17.333333333333332,10.5,0.6666666666666666,1.0,3.0,14.0,-11.0,2128.097913607576
1550,26.5,62.5,8.666666666666666,23.166666666666668,9.5,18.5,18.166666666666668,8.166666666666666,20.833333333333332,28.0,63.166666666666664,7.666666666666667,23.5,7.833333333333333,14.333333333333334,13.666666666666666,10.166666666666666,18.333333333333332,-2.0,23.4,57.4,5.0,19.6,8.0,16.8,14.4,10.4,17.4,21.6,55.0,5.0,14.4,11.0,13.0,18.8,9.2,18.2,2.8,0.75,1.0,5.0,12.0,-7.0,2077.2675323941853
1551,26.166666666666668,58.0,3.8333333333333335,11.333333333333334,9.166666666666666,16.333333333333332,16.666666666666668,4.833333333333333,17.5,26.833333333333332,65.16666666666667,5.0,14.833333333333334,10.5,13.833333333333334,13.0,8.333333333333334,19.833333333333332,1.5,26.666666666666668,61.833333333333336,5.0,15.333333333333334,10.833333333333334,15.0,14.333333333333334,9.0,14.5,23.333333333333332,62.5,6.0,22.333333333333332,10.666666666666666,13.0,14.166666666666666,8.666666666666666,17.0,9.166666666666666,0.6666666666666666,1.0,4.0,13.0,-9.0,2094.690869051014
1552,23.857142857142858,60.285714285714285,4.0,10.571428571428571,14.142857142857142,14.857142857142858,13.285714285714286,7.571428571428571,16.285714285714285,18.285714285714285,52.857142857142854,5.428571428571429,16.714285714285715,8.285714285714286,8.857142857142858,16.0,7.428571428571429,18.428571428571427,11.714285714285714,24.0,63.833333333333336,2.3333333333333335,11.666666666666666,13.333333333333334,13.833333333333334,18.333333333333332,13.0,17.833333333333332,22.333333333333332,61.0,4.0,17.333333333333332,12.166666666666666,14.666666666666666,20.5,12.5,21.5,4.166666666666667,0.6,1.0,4.0,13.0,-9.0,2143.350502147732
1553,25.375,55.375,6.5,18.875,7.875,13.625,12.125,6.375,13.25,23.125,59.125,8.875,22.5,6.25,11.25,11.5,5.75,16.625,7.75,26.75,62.875,9.625,25.875,9.0,12.375,12.5,5.875,17.625,24.75,64.625,5.875,18.75,9.0,14.625,11.5,6.0,18.25,9.625,1.0,0.8,12.0,5.0,7.0,1912.583161243128
1554,23.285714285714285,61.57142857142857,6.0,20.428571428571427,12.428571428571429,12.714285714285714,9.857142857142858,8.142857142857142,18.142857142857142,21.714285714285715,52.857142857142854,5.142857142857143,14.285714285714286,8.428571428571429,11.0,13.142857142857142,5.0,16.0,3.0,26.142857142857142,53.0,11.285714285714286,25.571428571428573,6.428571428571429,13.285714285714286,11.285714285714286,4.857142857142857,15.0,21.142857142857142,57.857142857142854,6.428571428571429,20.0,7.428571428571429,9.428571428571429,9.571428571428571,6.428571428571429,14.714285714285714,14.428571428571429,0.75,1.0,4.0,13.0,-9.0,2066.365058587872
1555,24.428571428571427,62.142857142857146,6.0,22.714285714285715,8.428571428571429,15.142857142857142,8.857142857142858,7.0,15.571428571428571,23.571428571428573,59.142857142857146,4.428571428571429,14.714285714285714,11.428571428571429,12.285714285714286,14.0,4.0,14.285714285714286,4.285714285714286,22.5,56.333333333333336,7.333333333333333,17.5,8.166666666666666,11.666666666666666,14.333333333333334,8.666666666666666,15.166666666666666,21.833333333333332,59.833333333333336,6.666666666666667,26.166666666666668,7.5,14.666666666666666,14.166666666666666,6.833333333333333,16.5,9.666666666666666,0.75,1.0,4.0,13.0,-9.0,2094.9748270373934
1556,29.5,60.5,10.5,27.666666666666668,7.0,20.166666666666668,14.333333333333334,6.333333333333333,14.666666666666666,26.833333333333332,65.33333333333333,9.0,27.666666666666668,10.166666666666666,16.5,12.0,9.166666666666666,16.333333333333332,7.0,24.6,56.4,2.8,8.8,6.6,16.0,15.2,7.8,17.6,22.2,57.0,5.4,21.0,8.2,15.8,15.8,7.2,16.2,4.6,1.0,0.5,2.0,10.0,-8.0,2205.7050123854065
1557,30.6,64.2,6.6,18.2,12.8,16.0,14.4,7.0,16.8,24.0,58.0,6.2,18.2,7.6,13.8,14.4,7.8,16.2,12.0,25.4,58.8,6.4,20.6,8.4,15.0,15.4,5.4,12.6,26.2,55.8,7.0,16.4,5.2,15.8,14.8,9.6,18.8,-0.6,0.5,0.5,3.0,6.0,-3.0,2150.4348176988046
1558,28.0,62.0,7.4,19.8,7.8,17.0,12.2,8.0,16.6,25.2,63.0,9.4,29.2,12.2,17.6,16.2,6.0,18.0,9.0,22.5,62.0,5.5,19.75,8.25,10.5,10.25,8.75,20.5,22.5,55.0,5.5,18.25,9.5,14.5,15.75,6.5,17.25,-4.25,0.5,0.0,2.0,7.0,-5.0,2218.764428570846
1559,23.8,58.8,4.6,14.2,7.8,12.0,11.4,7.4,16.4,22.6,55.6,4.4,13.6,6.8,14.2,14.8,5.2,13.8,-1.8,25.6,60.0,5.8,16.0,12.6,15.8,14.2,4.8,20.4,21.2,62.4,7.8,24.4,11.0,13.0,8.4,8.8,22.0,3.4,0.5,0.5,8.0,1.0,7.0,1991.3985031058496
1560,24.4,57.0,4.2,12.2,10.4,13.6,14.6,8.0,16.8,21.0,58.6,3.4,16.4,9.4,12.2,13.8,7.6,17.6,9.2,24.75,53.25,6.5,16.25,8.0,14.75,14.5,5.25,19.25,24.25,61.75,6.75,22.75,12.0,11.5,10.5,7.5,17.75,1.75,0.5,0.0,3.0,11.0,-8.0,2159.7507594461017
1561,28.833333333333332,63.166666666666664,3.5,11.333333333333334,13.333333333333334,18.833333333333332,11.5,4.166666666666667,13.666666666666666,21.833333333333332,62.666666666666664,4.333333333333333,15.0,6.5,10.166666666666666,9.5,5.0,18.333333333333332,17.0,24.75,57.75,8.75,22.25,9.0,17.5,12.25,4.75,13.75,23.75,56.5,8.0,21.0,5.25,14.0,12.0,6.25,18.0,9.0,1.0,0.5,1.0,8.0,-7.0,2490.030856614186
1562,26.25,57.5,7.75,22.0,8.25,17.25,12.5,6.5,17.5,26.5,62.5,8.25,20.75,10.25,17.75,13.5,6.25,23.0,7.0,22.4,55.0,3.0,12.2,11.0,10.6,10.0,8.0,12.4,18.2,49.0,4.0,15.8,7.6,8.6,18.2,5.6,17.4,13.6,0.0,1.0,2.0,10.0,-8.0,2081.5087497680693
1563,25.5,55.333333333333336,6.666666666666667,21.0,7.166666666666667,14.5,12.666666666666666,4.5,13.833333333333334,20.5,60.333333333333336,4.166666666666667,14.666666666666666,8.333333333333334,8.666666666666666,9.166666666666666,5.666666666666667,16.166666666666668,13.833333333333334,31.333333333333332,58.833333333333336,9.0,20.0,9.166666666666666,19.833333333333332,11.0,8.333333333333334,12.666666666666666,20.333333333333332,54.666666666666664,6.666666666666667,18.166666666666668,5.666666666666667,10.333333333333334,15.333333333333334,5.833333333333333,22.5,31.5,1.0,1.0,1.0,9.0,-8.0,2181.53280297978
1564,22.4,59.0,3.8,16.2,8.0,12.4,11.0,10.4,18.2,23.6,56.4,5.8,16.4,7.4,13.4,16.4,6.8,17.6,-1.6,19.8,55.4,5.0,17.6,9.6,10.8,16.2,7.4,15.0,18.8,51.6,4.8,15.0,6.6,9.8,15.2,9.6,14.0,-0.4,0.5,0.5,6.0,3.0,3.0,2030.7877256192764
1565,25.428571428571427,59.857142857142854,5.428571428571429,19.0,10.285714285714286,16.142857142857142,15.142857142857142,6.142857142857143,14.714285714285714,20.571428571428573,62.857142857142854,6.0,23.428571428571427,8.142857142857142,11.571428571428571,12.285714285714286,7.285714285714286,17.571428571428573,12.285714285714286,25.0,64.0,5.166666666666667,18.333333333333332,8.833333333333334,15.166666666666666,13.333333333333334,8.333333333333334,17.666666666666668,22.833333333333332,57.833333333333336,7.0,22.0,9.0,13.666666666666666,15.833333333333334,4.5,17.666666666666668,0.5,1.0,0.3333333333333333,2.0,7.0,-5.0,2363.0677710447217
1566,25.0,63.666666666666664,5.0,17.0,14.166666666666666,14.0,11.333333333333334,7.0,16.0,20.333333333333332,53.0,5.0,17.333333333333332,8.833333333333334,11.166666666666666,16.166666666666668,5.333333333333333,16.833333333333332,10.833333333333334,23.857142857142858,60.285714285714285,4.0,10.571428571428571,14.142857142857142,14.857142857142858,13.285714285714286,7.571428571428571,16.285714285714285,18.285714285714285,52.857142857142854,5.428571428571429,16.714285714285715,8.285714285714286,8.857142857142858,16.0,7.428571428571429,18.428571428571427,11.714285714285714,0.6666666666666666,0.6,5.0,4.0,1.0,2148.349594905184
1567,26.2,60.4,4.8,14.8,10.0,15.6,14.6,6.0,14.4,28.2,63.6,6.6,19.8,9.8,15.2,12.0,5.8,12.4,-4.6,28.25,59.0,9.25,22.75,6.0,18.25,13.25,4.0,20.0,26.0,62.75,8.0,25.25,7.5,13.0,10.25,7.5,20.5,6.75,0.5,0.5,9.0,1.0,8.0,1972.124060419004
1568,27.6,64.8,8.0,22.0,8.8,16.6,13.0,10.6,21.4,27.4,59.4,7.0,18.8,7.4,15.6,15.0,4.6,16.4,-3.2,22.2,57.2,5.2,16.6,9.0,11.2,14.0,9.4,16.6,19.2,51.0,5.4,19.8,7.8,11.6,19.4,6.4,17.6,4.2,0.6666666666666666,0.5,3.0,6.0,-3.0,2130.2934866215865
1569,26.166666666666668,58.0,3.8333333333333335,11.333333333333334,9.166666666666666,16.333333333333332,16.666666666666668,4.833333333333333,17.5,26.833333333333332,65.16666666666667,5.0,14.833333333333334,10.5,13.833333333333334,13.0,8.333333333333334,19.833333333333332,1.5,25.375,55.375,6.5,18.875,7.875,13.625,12.125,6.375,13.25,23.125,59.125,8.875,22.5,6.25,11.25,11.5,5.75,16.625,7.75,0.6666666666666666,1.0,4.0,12.0,-8.0,2096.9697612798323
1570,23.285714285714285,61.57142857142857,6.0,20.428571428571427,12.428571428571429,12.714285714285714,9.857142857142858,8.142857142857142,18.142857142857142,21.714285714285715,52.857142857142854,5.142857142857143,14.285714285714286,8.428571428571429,11.0,13.142857142857142,5.0,16.0,3.0,26.5,62.5,8.666666666666666,23.166666666666668,9.5,18.5,18.166666666666668,8.166666666666666,20.833333333333332,28.0,63.166666666666664,7.666666666666667,23.5,7.833333333333333,14.333333333333334,13.666666666666666,10.166666666666666,18.333333333333332,-2.0,0.75,0.75,4.0,5.0,-1.0,2068.087148810472
1571,24.428571428571427,62.142857142857146,6.0,22.714285714285715,8.428571428571429,15.142857142857142,8.857142857142858,7.0,15.571428571428571,23.571428571428573,59.142857142857146,4.428571428571429,14.714285714285714,11.428571428571429,12.285714285714286,14.0,4.0,14.285714285714286,4.285714285714286,26.714285714285715,56.714285714285715,10.714285714285714,29.428571428571427,5.857142857142857,17.285714285714285,10.142857142857142,9.714285714285714,14.428571428571429,20.0,54.714285714285715,2.4285714285714284,9.714285714285714,8.142857142857142,7.428571428571429,16.571428571428573,5.285714285714286,15.285714285714286,24.285714285714285,0.75,1.0,4.0,12.0,-8.0,2098.398843677461
1572,29.5,60.5,10.5,27.666666666666668,7.0,20.166666666666668,14.333333333333334,6.333333333333333,14.666666666666666,26.833333333333332,65.33333333333333,9.0,27.666666666666668,10.166666666666666,16.5,12.0,9.166666666666666,16.333333333333332,7.0,22.4,59.0,3.8,16.2,8.0,12.4,11.0,10.4,18.2,23.6,56.4,5.8,16.4,7.4,13.4,16.4,6.8,17.6,-1.6,1.0,0.5,2.0,6.0,-4.0,2213.347978856501
1573,25.0,63.666666666666664,5.0,17.0,14.166666666666666,14.0,11.333333333333334,7.0,16.0,20.333333333333332,53.0,5.0,17.333333333333332,8.833333333333334,11.166666666666666,16.166666666666668,5.333333333333333,16.833333333333332,10.833333333333334,23.8,58.8,4.6,14.2,7.8,12.0,11.4,7.4,16.4,22.6,55.6,4.4,13.6,6.8,14.2,14.8,5.2,13.8,-1.8,0.6666666666666666,0.5,5.0,8.0,-3.0,2164.2245887813865
1574,30.6,64.2,6.6,18.2,12.8,16.0,14.4,7.0,16.8,24.0,58.0,6.2,18.2,7.6,13.8,14.4,7.8,16.2,12.0,26.25,57.5,7.75,22.0,8.25,17.25,12.5,6.5,17.5,26.5,62.5,8.25,20.75,10.25,17.75,13.5,6.25,23.0,7.0,0.5,0.0,3.0,2.0,1.0,2162.6727739250623
1575,26.2,60.4,4.8,14.8,10.0,15.6,14.6,6.0,14.4,28.2,63.6,6.6,19.8,9.8,15.2,12.0,5.8,12.4,-4.6,24.428571428571427,62.142857142857146,6.0,22.714285714285715,8.428571428571429,15.142857142857142,8.857142857142858,7.0,15.571428571428571,23.571428571428573,59.142857142857146,4.428571428571429,14.714285714285714,11.428571428571429,12.285714285714286,14.0,4.0,14.285714285714286,4.285714285714286,0.5,0.75,9.0,4.0,5.0,1997.305180730416
1576,28.0,62.0,7.4,19.8,7.8,17.0,12.2,8.0,16.6,25.2,63.0,9.4,29.2,12.2,17.6,16.2,6.0,18.0,9.0,24.4,57.0,4.2,12.2,10.4,13.6,14.6,8.0,16.8,21.0,58.6,3.4,16.4,9.4,12.2,13.8,7.6,17.6,9.2,0.5,0.5,2.0,3.0,-1.0,2227.6831291908456
1577,27.6,64.8,8.0,22.0,8.8,16.6,13.0,10.6,21.4,27.4,59.4,7.0,18.8,7.4,15.6,15.0,4.6,16.4,-3.2,25.428571428571427,59.857142857142854,5.428571428571429,19.0,10.285714285714286,16.142857142857142,15.142857142857142,6.142857142857143,14.714285714285714,20.571428571428573,62.857142857142854,6.0,23.428571428571427,8.142857142857142,11.571428571428571,12.285714285714286,7.285714285714286,17.571428571428573,12.285714285714286,0.6666666666666666,1.0,3.0,2.0,1.0,2142.389281538257
1578,28.833333333333332,63.166666666666664,3.5,11.333333333333334,13.333333333333334,18.833333333333332,11.5,4.166666666666667,13.666666666666666,21.833333333333332,62.666666666666664,4.333333333333333,15.0,6.5,10.166666666666666,9.5,5.0,18.333333333333332,17.0,23.285714285714285,61.57142857142857,6.0,20.428571428571427,12.428571428571429,12.714285714285714,9.857142857142858,8.142857142857142,18.142857142857142,21.714285714285715,52.857142857142854,5.142857142857143,14.285714285714286,8.428571428571429,11.0,13.142857142857142,5.0,16.0,3.0,1.0,0.75,1.0,4.0,-3.0,2491.794239347639
1579,25.5,55.333333333333336,6.666666666666667,21.0,7.166666666666667,14.5,12.666666666666666,4.5,13.833333333333334,20.5,60.333333333333336,4.166666666666667,14.666666666666666,8.333333333333334,8.666666666666666,9.166666666666666,5.666666666666667,16.166666666666668,13.833333333333334,26.166666666666668,58.0,3.8333333333333335,11.333333333333334,9.166666666666666,16.333333333333332,16.666666666666668,4.833333333333333,17.5,26.833333333333332,65.16666666666667,5.0,14.833333333333334,10.5,13.833333333333334,13.0,8.333333333333334,19.833333333333332,1.5,1.0,0.6666666666666666,1.0,4.0,-3.0,2188.2170229544363
1580,29.5,60.5,10.5,27.666666666666668,7.0,20.166666666666668,14.333333333333334,6.333333333333333,14.666666666666666,26.833333333333332,65.33333333333333,9.0,27.666666666666668,10.166666666666666,16.5,12.0,9.166666666666666,16.333333333333332,7.0,25.0,63.666666666666664,5.0,17.0,14.166666666666666,14.0,11.333333333333334,7.0,16.0,20.333333333333332,53.0,5.0,17.333333333333332,8.833333333333334,11.166666666666666,16.166666666666668,5.333333333333333,16.833333333333332,10.833333333333334,1.0,0.6666666666666666,2.0,5.0,-3.0,2222.289416854051
1581,30.6,64.2,6.6,18.2,12.8,16.0,14.4,7.0,16.8,24.0,58.0,6.2,18.2,7.6,13.8,14.4,7.8,16.2,12.0,26.2,60.4,4.8,14.8,10.0,15.6,14.6,6.0,14.4,28.2,63.6,6.6,19.8,9.8,15.2,12.0,5.8,12.4,-4.6,0.5,0.5,3.0,9.0,-6.0,2175.539981259847
1582,28.833333333333332,63.166666666666664,3.5,11.333333333333334,13.333333333333334,18.833333333333332,11.5,4.166666666666667,13.666666666666666,21.833333333333332,62.666666666666664,4.333333333333333,15.0,6.5,10.166666666666666,9.5,5.0,18.333333333333332,17.0,28.0,62.0,7.4,19.8,7.8,17.0,12.2,8.0,16.6,25.2,63.0,9.4,29.2,12.2,17.6,16.2,6.0,18.0,9.0,1.0,0.5,1.0,2.0,-1.0,2494.5975055743115
1583,25.5,55.333333333333336,6.666666666666667,21.0,7.166666666666667,14.5,12.666666666666666,4.5,13.833333333333334,20.5,60.333333333333336,4.166666666666667,14.666666666666666,8.333333333333334,8.666666666666666,9.166666666666666,5.666666666666667,16.166666666666668,13.833333333333334,27.6,64.8,8.0,22.0,8.8,16.6,13.0,10.6,21.4,27.4,59.4,7.0,18.8,7.4,15.6,15.0,4.6,16.4,-3.2,1.0,0.6666666666666666,1.0,3.0,-2.0,2200.5024419151505
1584,29.5,60.5,10.5,27.666666666666668,7.0,20.166666666666668,14.333333333333334,6.333333333333333,14.666666666666666,26.833333333333332,65.33333333333333,9.0,27.666666666666668,10.166666666666666,16.5,12.0,9.166666666666666,16.333333333333332,7.0,28.833333333333332,63.166666666666664,3.5,11.333333333333334,13.333333333333334,18.833333333333332,11.5,4.166666666666667,13.666666666666666,21.833333333333332,62.666666666666664,4.333333333333333,15.0,6.5,10.166666666666666,9.5,5.0,18.333333333333332,17.0,1.0,1.0,2.0,1.0,1.0,2236.0755987938105
1585,30.6,64.2,6.6,18.2,12.8,16.0,14.4,7.0,16.8,24.0,58.0,6.2,18.2,7.6,13.8,14.4,7.8,16.2,12.0,25.5,55.333333333333336,6.666666666666667,21.0,7.166666666666667,14.5,12.666666666666666,4.5,13.833333333333334,20.5,60.333333333333336,4.166666666666667,14.666666666666666,8.333333333333334,8.666666666666666,9.166666666666666,5.666666666666667,16.166666666666668,13.833333333333334,0.5,1.0,3.0,1.0,2.0,2184.7563590741497
1586,30.6,64.2,6.6,18.2,12.8,16.0,14.4,7.0,16.8,24.0,58.0,6.2,18.2,7.6,13.8,14.4,7.8,16.2,12.0,29.5,60.5,10.5,27.666666666666668,7.0,20.166666666666668,14.333333333333334,6.333333333333333,14.666666666666666,26.833333333333332,65.33333333333333,9.0,27.666666666666668,10.166666666666666,16.5,12.0,9.166666666666666,16.333333333333332,7.0,0.5,1.0,3.0,2.0,1.0,2202.14513463129
1587,29.2,62.6,7.0,19.2,10.0,15.4,9.8,4.8,16.2,24.4,57.8,4.4,16.4,9.4,12.2,11.4,4.4,12.8,4.6,24.75,53.25,6.5,16.25,8.0,14.75,14.5,5.25,19.25,24.25,61.75,6.75,22.75,12.0,11.5,10.5,7.5,17.75,1.75,0.5,0.0,11.0,11.0,0.0,1785.6126872726577
1588,23.5,55.625,5.375,14.0,9.25,11.75,11.5,6.125,19.0,17.875,52.375,4.0,15.125,10.375,10.25,13.25,5.125,14.625,9.625,23.142857142857142,63.0,5.142857142857143,18.857142857142858,13.857142857142858,10.142857142857142,13.0,7.857142857142857,19.142857142857142,19.285714285714285,56.57142857142857,5.285714285714286,21.285714285714285,8.428571428571429,11.428571428571429,15.857142857142858,5.285714285714286,18.714285714285715,6.714285714285714,0.8333333333333334,1.0,16.0,16.0,0.0,1324.8237818435466
1589,24.6,59.2,6.2,22.2,8.4,13.4,14.2,8.2,16.4,25.0,56.6,9.0,24.4,7.0,16.6,16.0,5.6,16.4,-3.2,20.0,53.8,6.0,15.4,6.8,9.8,10.4,5.2,13.2,21.8,56.4,3.8,13.4,8.8,12.0,9.6,4.4,12.4,-3.4,0.5,0.5,11.0,11.0,0.0,1866.908628772936
1590,23.75,52.625,9.25,22.875,10.25,14.75,17.125,6.375,14.0,24.25,58.875,5.0,16.5,8.375,12.0,11.875,8.75,16.125,6.125,24.5,53.666666666666664,6.333333333333333,17.833333333333332,9.0,13.833333333333334,13.166666666666666,8.0,16.5,22.0,54.666666666666664,4.5,17.5,9.5,12.0,14.833333333333334,6.166666666666667,18.5,10.666666666666666,0.8333333333333334,1.0,16.0,16.0,0.0,1403.479864680406
1591,22.0,60.5,6.666666666666667,23.0,8.5,9.833333333333334,13.833333333333334,9.166666666666666,17.5,23.666666666666668,57.333333333333336,5.666666666666667,20.5,8.5,11.833333333333334,18.0,7.0,17.166666666666668,-0.6666666666666666,22.5,62.0,5.5,19.75,8.25,10.5,10.25,8.75,20.5,22.5,55.0,5.5,18.25,9.5,14.5,15.75,6.5,17.25,-4.25,0.6666666666666666,0.0,10.0,7.0,3.0,1948.317773133951
1592,22.0,60.75,5.0,18.25,7.5,9.5,10.75,6.5,16.0,24.75,59.25,6.25,19.25,6.75,13.5,13.5,5.5,19.0,-2.25,24.6,56.4,2.8,8.8,6.6,16.0,15.2,7.8,17.6,22.2,57.0,5.4,21.0,8.2,15.8,15.8,7.2,16.2,4.6,0.0,0.5,7.0,10.0,-3.0,1965.4284256893932
1593,22.666666666666668,59.5,4.166666666666667,14.166666666666666,9.333333333333334,10.5,10.166666666666666,10.166666666666666,18.0,19.5,50.0,4.166666666666667,14.166666666666666,9.0,11.333333333333334,18.666666666666668,4.833333333333333,16.833333333333332,8.0,29.5,60.5,10.5,27.666666666666668,7.0,20.166666666666668,14.333333333333334,6.333333333333333,14.666666666666666,26.833333333333332,65.33333333333333,9.0,27.666666666666668,10.166666666666666,16.5,12.0,9.166666666666666,16.333333333333332,7.0,1.0,1.0,15.0,2.0,13.0,1387.8720853277275
1594,21.11111111111111,53.0,7.666666666666667,22.77777777777778,7.666666666666667,12.333333333333334,13.0,6.666666666666667,17.88888888888889,20.666666666666668,57.666666666666664,5.333333333333333,19.88888888888889,9.333333333333334,9.11111111111111,12.555555555555555,6.333333333333333,18.77777777777778,5.888888888888889,30.6,64.2,6.6,18.2,12.8,16.0,14.4,7.0,16.8,24.0,58.0,6.2,18.2,7.6,13.8,14.4,7.8,16.2,12.0,1.0,0.5,14.0,3.0,11.0,1576.198037052635
1595,23.285714285714285,51.42857142857143,4.285714285714286,13.285714285714286,5.857142857142857,14.571428571428571,13.571428571428571,4.714285714285714,16.285714285714285,19.714285714285715,55.0,5.0,14.857142857142858,9.142857142857142,9.0,12.714285714285714,7.714285714285714,17.571428571428573,9.285714285714286,28.0,62.0,7.4,19.8,7.8,17.0,12.2,8.0,16.6,25.2,63.0,9.4,29.2,12.2,17.6,16.2,6.0,18.0,9.0,1.0,0.5,15.0,2.0,13.0,1563.7461033813895
1596,27.833333333333332,57.833333333333336,6.666666666666667,18.166666666666668,9.833333333333334,16.166666666666668,12.666666666666666,5.333333333333333,11.5,21.5,60.333333333333336,6.166666666666667,20.0,6.833333333333333,12.333333333333334,11.833333333333334,5.666666666666667,17.166666666666668,19.333333333333332,25.4,58.8,6.4,20.6,8.4,15.0,15.4,5.4,12.6,26.2,55.8,7.0,16.4,5.2,15.8,14.8,9.6,18.8,-0.6,1.0,0.5,11.0,6.0,5.0,1828.8094133447128
1597,24.4,56.2,7.0,18.0,11.4,13.8,16.2,8.8,18.4,20.6,55.0,5.6,20.6,8.8,13.8,14.4,9.6,14.8,8.8,23.8,58.8,4.6,14.2,7.8,12.0,11.4,7.4,16.4,22.6,55.6,4.4,13.6,6.8,14.2,14.8,5.2,13.8,-1.8,0.5,0.5,9.0,8.0,1.0,2015.4023055272623
1598,26.0,57.8,9.0,25.8,7.8,15.4,10.0,7.2,16.4,19.4,53.6,3.2,15.6,7.0,10.2,11.4,5.4,13.8,15.8,24.75,53.25,6.5,16.25,8.0,14.75,14.5,5.25,19.25,24.25,61.75,6.75,22.75,12.0,11.5,10.5,7.5,17.75,1.75,0.6666666666666666,0.0,6.0,11.0,-5.0,2021.9625627391931
1599,26.125,56.375,5.125,15.75,7.875,15.0,16.125,3.75,16.125,24.5,65.25,6.375,22.875,9.125,12.25,10.625,9.0,21.625,5.375,24.4,57.0,4.2,12.2,10.4,13.6,14.6,8.0,16.8,21.0,58.6,3.4,16.4,9.4,12.2,13.8,7.6,17.6,9.2,1.0,0.5,14.0,3.0,11.0,1616.9056496110315
1600,25.4,59.2,4.2,15.8,7.8,14.6,11.8,6.2,14.0,25.0,58.6,6.0,18.2,8.0,13.2,12.8,5.8,16.0,-0.8,22.4,55.0,3.0,12.2,11.0,10.6,10.0,8.0,12.4,18.2,49.0,4.0,15.8,7.6,8.6,18.2,5.6,17.4,13.6,0.5,1.0,7.0,10.0,-3.0,2121.840687240764
1601,19.25,60.5,5.25,19.75,10.75,10.5,14.0,6.75,17.75,21.25,58.75,6.25,16.25,9.5,13.5,14.75,7.5,17.25,-1.0,31.333333333333332,58.833333333333336,9.0,20.0,9.166666666666666,19.833333333333332,11.0,8.333333333333334,12.666666666666666,20.333333333333332,54.666666666666664,6.666666666666667,18.166666666666668,5.666666666666667,10.333333333333334,15.333333333333334,5.833333333333333,22.5,31.5,0.0,1.0,8.0,9.0,-1.0,1931.850320941515
1602,23.5,58.75,3.875,15.875,12.5,12.625,15.0,12.75,19.0,15.5,49.625,5.875,22.375,10.875,8.25,22.125,6.75,18.0,16.625,28.833333333333332,63.166666666666664,3.5,11.333333333333334,13.333333333333334,18.833333333333332,11.5,4.166666666666667,13.666666666666666,21.833333333333332,62.666666666666664,4.333333333333333,15.0,6.5,10.166666666666666,9.5,5.0,18.333333333333332,17.0,0.8,1.0,16.0,1.0,15.0,1452.1781077362405
1603,24.0,57.0,4.333333333333333,14.666666666666666,9.166666666666666,18.0,14.333333333333334,5.5,12.5,22.666666666666668,57.333333333333336,4.333333333333333,13.833333333333334,7.0,12.666666666666666,13.0,8.666666666666666,13.666666666666666,3.8333333333333335,24.75,57.75,8.75,22.25,9.0,17.5,12.25,4.75,13.75,23.75,56.5,8.0,21.0,5.25,14.0,12.0,6.25,18.0,9.0,0.6666666666666666,0.5,9.0,8.0,1.0,1978.5801360799348
1604,23.142857142857142,63.0,5.142857142857143,18.857142857142858,13.857142857142858,10.142857142857142,13.0,7.857142857142857,19.142857142857142,19.285714285714285,56.57142857142857,5.285714285714286,21.285714285714285,8.428571428571429,11.428571428571429,15.857142857142858,5.285714285714286,18.714285714285715,6.714285714285714,25.6,60.0,5.8,16.0,12.6,15.8,14.2,4.8,20.4,21.2,62.4,7.8,24.4,11.0,13.0,8.4,8.8,22.0,3.4,1.0,0.5,16.0,1.0,15.0,1286.5592338998592
1605,29.166666666666668,61.666666666666664,7.333333333333333,18.333333333333332,10.833333333333334,9.5,14.0,8.166666666666666,20.166666666666668,23.166666666666668,56.666666666666664,5.5,19.166666666666668,8.0,11.333333333333334,18.833333333333332,4.166666666666667,21.166666666666668,18.333333333333332,26.25,57.5,7.75,22.0,8.25,17.25,12.5,6.5,17.5,26.5,62.5,8.25,20.75,10.25,17.75,13.5,6.25,23.0,7.0,1.0,0.0,15.0,2.0,13.0,1550.0620024436987
1606,21.166666666666668,49.666666666666664,6.833333333333333,19.333333333333332,6.333333333333333,10.833333333333334,12.333333333333334,5.0,13.0,19.333333333333332,49.833333333333336,4.333333333333333,12.166666666666666,6.333333333333333,7.0,13.166666666666666,5.5,14.333333333333334,7.833333333333333,25.5,55.333333333333336,6.666666666666667,21.0,7.166666666666667,14.5,12.666666666666666,4.5,13.833333333333334,20.5,60.333333333333336,4.166666666666667,14.666666666666666,8.333333333333334,8.666666666666666,9.166666666666666,5.666666666666667,16.166666666666668,13.833333333333334,1.0,1.0,16.0,1.0,15.0,1394.1494870432125
1607,21.25,56.25,8.75,22.75,8.75,11.0,16.75,8.75,15.0,24.5,53.0,5.25,12.75,8.0,14.0,14.25,8.5,13.5,-8.5,25.0,64.0,5.166666666666667,18.333333333333332,8.833333333333334,15.166666666666666,13.333333333333334,8.333333333333334,17.666666666666668,22.833333333333332,57.833333333333336,7.0,22.0,9.0,13.666666666666666,15.833333333333334,4.5,17.666666666666668,0.5,0.0,0.3333333333333333,10.0,7.0,3.0,1892.7354409044303
1608,25.857142857142858,56.0,8.0,24.285714285714285,10.285714285714286,12.714285714285714,13.285714285714286,5.857142857142857,18.571428571428573,19.714285714285715,55.0,3.5714285714285716,18.0,8.428571428571429,9.571428571428571,13.857142857142858,7.142857142857143,19.714285714285715,17.285714285714285,22.4,59.0,3.8,16.2,8.0,12.4,11.0,10.4,18.2,23.6,56.4,5.8,16.4,7.4,13.4,16.4,6.8,17.6,-1.6,1.0,0.5,11.0,6.0,5.0,1847.8992030022555
1609,24.5,55.666666666666664,5.5,16.0,10.5,15.333333333333334,11.666666666666666,5.166666666666667,13.5,20.5,53.333333333333336,3.3333333333333335,13.5,6.5,6.666666666666667,11.833333333333334,7.0,14.666666666666666,11.5,25.428571428571427,59.857142857142854,5.428571428571429,19.0,10.285714285714286,16.142857142857142,15.142857142857142,6.142857142857143,14.714285714285714,20.571428571428573,62.857142857142854,6.0,23.428571428571427,8.142857142857142,11.571428571428571,12.285714285714286,7.285714285714286,17.571428571428573,12.285714285714286,1.0,1.0,15.0,2.0,13.0,1514.7375693125553
1610,23.375,54.875,7.875,22.25,7.625,15.75,16.0,7.375,12.125,19.625,56.375,4.75,16.625,10.875,10.375,16.625,10.125,13.125,7.125,19.8,55.4,5.0,17.6,9.6,10.8,16.2,7.4,15.0,18.8,51.6,4.8,15.0,6.6,9.8,15.2,9.6,14.0,-0.4,0.8,0.5,14.0,3.0,11.0,1490.0959213551728
1611,23.428571428571427,54.285714285714285,6.0,18.0,7.857142857142857,14.142857142857142,13.285714285714286,6.285714285714286,14.571428571428571,20.714285714285715,58.714285714285715,4.285714285714286,17.571428571428573,9.714285714285714,9.428571428571429,11.571428571428571,6.857142857142857,14.857142857142858,7.142857142857143,26.714285714285715,56.714285714285715,10.714285714285714,29.428571428571427,5.857142857142857,17.285714285714285,10.142857142857142,9.714285714285714,14.428571428571429,20.0,54.714285714285715,2.4285714285714284,9.714285714285714,8.142857142857142,7.428571428571429,16.571428571428573,5.285714285714286,15.285714285714286,24.285714285714285,1.0,1.0,5.0,12.0,-7.0,2025.971518218627
1612,24.5,53.666666666666664,6.333333333333333,17.833333333333332,9.0,13.833333333333334,13.166666666666666,8.0,16.5,22.0,54.666666666666664,4.5,17.5,9.5,12.0,14.833333333333334,6.166666666666667,18.5,10.666666666666666,28.25,59.0,9.25,22.75,6.0,18.25,13.25,4.0,20.0,26.0,62.75,8.0,25.25,7.5,13.0,10.25,7.5,20.5,6.75,1.0,0.5,16.0,1.0,15.0,1543.2287320781925
1613,29.625,57.25,8.75,21.125,7.625,21.5,14.875,5.75,12.625,26.0,64.5,6.625,19.125,8.625,12.25,10.75,6.375,17.5,15.0,25.0,63.666666666666664,5.0,17.0,14.166666666666666,14.0,11.333333333333334,7.0,16.0,20.333333333333332,53.0,5.0,17.333333333333332,8.833333333333334,11.166666666666666,16.166666666666668,5.333333333333333,16.833333333333332,10.833333333333334,1.0,0.6666666666666666,12.0,5.0,7.0,1774.303485486816
1614,24.714285714285715,59.42857142857143,7.571428571428571,21.714285714285715,6.714285714285714,11.857142857142858,15.0,6.857142857142857,15.428571428571429,25.857142857142858,62.857142857142854,6.0,17.571428571428573,9.142857142857142,11.0,14.285714285714286,7.0,17.142857142857142,-1.5714285714285714,26.2,60.4,4.8,14.8,10.0,15.6,14.6,6.0,14.4,28.2,63.6,6.6,19.8,9.8,15.2,12.0,5.8,12.4,-4.6,0.25,0.5,8.0,9.0,-1.0,1922.1536214947664
1615,20.0,53.8,6.0,15.4,6.8,9.8,10.4,5.2,13.2,21.8,56.4,3.8,13.4,8.8,12.0,9.6,4.4,12.4,-3.4,22.2,57.2,5.2,16.6,9.0,11.2,14.0,9.4,16.6,19.2,51.0,5.4,19.8,7.8,11.6,19.4,6.4,17.6,4.2,0.5,0.5,11.0,6.0,5.0,1822.5065061423163
1616,24.0,60.0,7.333333333333333,18.333333333333332,10.5,10.666666666666666,11.5,5.5,15.833333333333334,21.666666666666668,57.333333333333336,6.166666666666667,19.166666666666668,6.5,9.666666666666666,11.666666666666666,5.666666666666667,17.333333333333332,10.5,27.6,64.8,8.0,22.0,8.8,16.6,13.0,10.6,21.4,27.4,59.4,7.0,18.8,7.4,15.6,15.0,4.6,16.4,-3.2,1.0,0.6666666666666666,14.0,3.0,11.0,1675.0047566487524
1617,23.4,57.4,5.0,19.6,8.0,16.8,14.4,10.4,17.4,21.6,55.0,5.0,14.4,11.0,13.0,18.8,9.2,18.2,2.8,26.5,62.5,8.666666666666666,23.166666666666668,9.5,18.5,18.166666666666668,8.166666666666666,20.833333333333332,28.0,63.166666666666664,7.666666666666667,23.5,7.833333333333333,14.333333333333334,13.666666666666666,10.166666666666666,18.333333333333332,-2.0,1.0,0.75,12.0,5.0,7.0,1771.8724442642242
1618,26.666666666666668,61.833333333333336,5.0,15.333333333333334,10.833333333333334,15.0,14.333333333333334,9.0,14.5,23.333333333333332,62.5,6.0,22.333333333333332,10.666666666666666,13.0,14.166666666666666,8.666666666666666,17.0,9.166666666666666,26.166666666666668,58.0,3.8333333333333335,11.333333333333334,9.166666666666666,16.333333333333332,16.666666666666668,4.833333333333333,17.5,26.833333333333332,65.16666666666667,5.0,14.833333333333334,10.5,13.833333333333334,13.0,8.333333333333334,19.833333333333332,1.5,1.0,0.6666666666666666,13.0,4.0,9.0,1648.554387021438
1619,24.0,63.833333333333336,2.3333333333333335,11.666666666666666,13.333333333333334,13.833333333333334,18.333333333333332,13.0,17.833333333333332,22.333333333333332,61.0,4.0,17.333333333333332,12.166666666666666,14.666666666666666,20.5,12.5,21.5,4.166666666666667,23.857142857142858,60.285714285714285,4.0,10.571428571428571,14.142857142857142,14.857142857142858,13.285714285714286,7.571428571428571,16.285714285714285,18.285714285714285,52.857142857142854,5.428571428571429,16.714285714285715,8.285714285714286,8.857142857142858,16.0,7.428571428571429,18.428571428571427,11.714285714285714,1.0,0.6,13.0,4.0,9.0,1697.678993890124
1620,26.75,62.875,9.625,25.875,9.0,12.375,12.5,5.875,17.625,24.75,64.625,5.875,18.75,9.0,14.625,11.5,6.0,18.25,9.625,25.375,55.375,6.5,18.875,7.875,13.625,12.125,6.375,13.25,23.125,59.125,8.875,22.5,6.25,11.25,11.5,5.75,16.625,7.75,0.8,1.0,5.0,12.0,-7.0,2096.4046944811207
1621,26.142857142857142,53.0,11.285714285714286,25.571428571428573,6.428571428571429,13.285714285714286,11.285714285714286,4.857142857142857,15.0,21.142857142857142,57.857142857142854,6.428571428571429,20.0,7.428571428571429,9.428571428571429,9.571428571428571,6.428571428571429,14.714285714285714,14.428571428571429,23.285714285714285,61.57142857142857,6.0,20.428571428571427,12.428571428571429,12.714285714285714,9.857142857142858,8.142857142857142,18.142857142857142,21.714285714285715,52.857142857142854,5.142857142857143,14.285714285714286,8.428571428571429,11.0,13.142857142857142,5.0,16.0,3.0,1.0,0.75,13.0,4.0,9.0,1568.3370627685088
1622,22.5,56.333333333333336,7.333333333333333,17.5,8.166666666666666,11.666666666666666,14.333333333333334,8.666666666666666,15.166666666666666,21.833333333333332,59.833333333333336,6.666666666666667,26.166666666666668,7.5,14.666666666666666,14.166666666666666,6.833333333333333,16.5,9.666666666666666,24.428571428571427,62.142857142857146,6.0,22.714285714285715,8.428571428571429,15.142857142857142,8.857142857142858,7.0,15.571428571428571,23.571428571428573,59.142857142857146,4.428571428571429,14.714285714285714,11.428571428571429,12.285714285714286,14.0,4.0,14.285714285714286,4.285714285714286,1.0,0.75,13.0,4.0,9.0,1726.388699950957
1623,24.6,56.4,2.8,8.8,6.6,16.0,15.2,7.8,17.6,22.2,57.0,5.4,21.0,8.2,15.8,15.8,7.2,16.2,4.6,29.5,60.5,10.5,27.666666666666668,7.0,20.166666666666668,14.333333333333334,6.333333333333333,14.666666666666666,26.833333333333332,65.33333333333333,9.0,27.666666666666668,10.166666666666666,16.5,12.0,9.166666666666666,16.333333333333332,7.0,0.5,1.0,10.0,2.0,8.0,2004.3600365559612
1624,25.4,58.8,6.4,20.6,8.4,15.0,15.4,5.4,12.6,26.2,55.8,7.0,16.4,5.2,15.8,14.8,9.6,18.8,-0.6,30.6,64.2,6.6,18.2,12.8,16.0,14.4,7.0,16.8,24.0,58.0,6.2,18.2,7.6,13.8,14.4,7.8,16.2,12.0,0.5,0.5,6.0,3.0,3.0,2067.1856330999426
1625,22.5,62.0,5.5,19.75,8.25,10.5,10.25,8.75,20.5,22.5,55.0,5.5,18.25,9.5,14.5,15.75,6.5,17.25,-4.25,28.0,62.0,7.4,19.8,7.8,17.0,12.2,8.0,16.6,25.2,63.0,9.4,29.2,12.2,17.6,16.2,6.0,18.0,9.0,0.0,0.5,7.0,2.0,5.0,2053.5809612877106
1626,25.6,60.0,5.8,16.0,12.6,15.8,14.2,4.8,20.4,21.2,62.4,7.8,24.4,11.0,13.0,8.4,8.8,22.0,3.4,23.8,58.8,4.6,14.2,7.8,12.0,11.4,7.4,16.4,22.6,55.6,4.4,13.6,6.8,14.2,14.8,5.2,13.8,-1.8,0.5,0.5,1.0,8.0,-7.0,2317.3881805247424
1627,24.75,53.25,6.5,16.25,8.0,14.75,14.5,5.25,19.25,24.25,61.75,6.75,22.75,12.0,11.5,10.5,7.5,17.75,1.75,24.4,57.0,4.2,12.2,10.4,13.6,14.6,8.0,16.8,21.0,58.6,3.4,16.4,9.4,12.2,13.8,7.6,17.6,9.2,0.0,0.5,11.0,3.0,8.0,1936.229853262233
1628,24.75,57.75,8.75,22.25,9.0,17.5,12.25,4.75,13.75,23.75,56.5,8.0,21.0,5.25,14.0,12.0,6.25,18.0,9.0,28.833333333333332,63.166666666666664,3.5,11.333333333333334,13.333333333333334,18.833333333333332,11.5,4.166666666666667,13.666666666666666,21.833333333333332,62.666666666666664,4.333333333333333,15.0,6.5,10.166666666666666,9.5,5.0,18.333333333333332,17.0,0.5,1.0,8.0,1.0,7.0,1996.3562091370177
1629,22.4,55.0,3.0,12.2,11.0,10.6,10.0,8.0,12.4,18.2,49.0,4.0,15.8,7.6,8.6,18.2,5.6,17.4,13.6,26.25,57.5,7.75,22.0,8.25,17.25,12.5,6.5,17.5,26.5,62.5,8.25,20.75,10.25,17.75,13.5,6.25,23.0,7.0,1.0,0.0,10.0,2.0,8.0,1998.4535699262783
1630,31.333333333333332,58.833333333333336,9.0,20.0,9.166666666666666,19.833333333333332,11.0,8.333333333333334,12.666666666666666,20.333333333333332,54.666666666666664,6.666666666666667,18.166666666666668,5.666666666666667,10.333333333333334,15.333333333333334,5.833333333333333,22.5,31.5,25.5,55.333333333333336,6.666666666666667,21.0,7.166666666666667,14.5,12.666666666666666,4.5,13.833333333333334,20.5,60.333333333333336,4.166666666666667,14.666666666666666,8.333333333333334,8.666666666666666,9.166666666666666,5.666666666666667,16.166666666666668,13.833333333333334,1.0,1.0,9.0,1.0,8.0,1950.1965712028264
1631,19.8,55.4,5.0,17.6,9.6,10.8,16.2,7.4,15.0,18.8,51.6,4.8,15.0,6.6,9.8,15.2,9.6,14.0,-0.4,22.4,59.0,3.8,16.2,8.0,12.4,11.0,10.4,18.2,23.6,56.4,5.8,16.4,7.4,13.4,16.4,6.8,17.6,-1.6,0.5,0.5,3.0,6.0,-3.0,2074.2318404051334
1632,25.0,64.0,5.166666666666667,18.333333333333332,8.833333333333334,15.166666666666666,13.333333333333334,8.333333333333334,17.666666666666668,22.833333333333332,57.833333333333336,7.0,22.0,9.0,13.666666666666666,15.833333333333334,4.5,17.666666666666668,0.5,25.428571428571427,59.857142857142854,5.428571428571429,19.0,10.285714285714286,16.142857142857142,15.142857142857142,6.142857142857143,14.714285714285714,20.571428571428573,62.857142857142854,6.0,23.428571428571427,8.142857142857142,11.571428571428571,12.285714285714286,7.285714285714286,17.571428571428573,12.285714285714286,0.3333333333333333,1.0,7.0,2.0,5.0,2090.069003233716
1633,23.857142857142858,60.285714285714285,4.0,10.571428571428571,14.142857142857142,14.857142857142858,13.285714285714286,7.571428571428571,16.285714285714285,18.285714285714285,52.857142857142854,5.428571428571429,16.714285714285715,8.285714285714286,8.857142857142858,16.0,7.428571428571429,18.428571428571427,11.714285714285714,25.0,63.666666666666664,5.0,17.0,14.166666666666666,14.0,11.333333333333334,7.0,16.0,20.333333333333332,53.0,5.0,17.333333333333332,8.833333333333334,11.166666666666666,16.166666666666668,5.333333333333333,16.833333333333332,10.833333333333334,0.6,0.6666666666666666,4.0,5.0,-1.0,2145.635066183177
1634,28.25,59.0,9.25,22.75,6.0,18.25,13.25,4.0,20.0,26.0,62.75,8.0,25.25,7.5,13.0,10.25,7.5,20.5,6.75,26.2,60.4,4.8,14.8,10.0,15.6,14.6,6.0,14.4,28.2,63.6,6.6,19.8,9.8,15.2,12.0,5.8,12.4,-4.6,0.5,0.5,1.0,9.0,-8.0,2199.0688684764
1635,22.2,57.2,5.2,16.6,9.0,11.2,14.0,9.4,16.6,19.2,51.0,5.4,19.8,7.8,11.6,19.4,6.4,17.6,4.2,27.6,64.8,8.0,22.0,8.8,16.6,13.0,10.6,21.4,27.4,59.4,7.0,18.8,7.4,15.6,15.0,4.6,16.4,-3.2,0.5,0.6666666666666666,6.0,3.0,3.0,2043.7693174189112
1636,25.375,55.375,6.5,18.875,7.875,13.625,12.125,6.375,13.25,23.125,59.125,8.875,22.5,6.25,11.25,11.5,5.75,16.625,7.75,26.166666666666668,58.0,3.8333333333333335,11.333333333333334,9.166666666666666,16.333333333333332,16.666666666666668,4.833333333333333,17.5,26.833333333333332,65.16666666666667,5.0,14.833333333333334,10.5,13.833333333333334,13.0,8.333333333333334,19.833333333333332,1.5,1.0,0.6666666666666666,12.0,4.0,8.0,1936.3380126756413
1637,26.5,62.5,8.666666666666666,23.166666666666668,9.5,18.5,18.166666666666668,8.166666666666666,20.833333333333332,28.0,63.166666666666664,7.666666666666667,23.5,7.833333333333333,14.333333333333334,13.666666666666666,10.166666666666666,18.333333333333332,-2.0,23.285714285714285,61.57142857142857,6.0,20.428571428571427,12.428571428571429,12.714285714285714,9.857142857142858,8.142857142857142,18.142857142857142,21.714285714285715,52.857142857142854,5.142857142857143,14.285714285714286,8.428571428571429,11.0,13.142857142857142,5.0,16.0,3.0,0.75,0.75,5.0,4.0,1.0,2081.972862766639
1638,26.714285714285715,56.714285714285715,10.714285714285714,29.428571428571427,5.857142857142857,17.285714285714285,10.142857142857142,9.714285714285714,14.428571428571429,20.0,54.714285714285715,2.4285714285714284,9.714285714285714,8.142857142857142,7.428571428571429,16.571428571428573,5.285714285714286,15.285714285714286,24.285714285714285,24.428571428571427,62.142857142857146,6.0,22.714285714285715,8.428571428571429,15.142857142857142,8.857142857142858,7.0,15.571428571428571,23.571428571428573,59.142857142857146,4.428571428571429,14.714285714285714,11.428571428571429,12.285714285714286,14.0,4.0,14.285714285714286,4.285714285714286,1.0,0.75,12.0,4.0,8.0,1997.336492869009
1639,22.4,59.0,3.8,16.2,8.0,12.4,11.0,10.4,18.2,23.6,56.4,5.8,16.4,7.4,13.4,16.4,6.8,17.6,-1.6,29.5,60.5,10.5,27.666666666666668,7.0,20.166666666666668,14.333333333333334,6.333333333333333,14.666666666666666,26.833333333333332,65.33333333333333,9.0,27.666666666666668,10.166666666666666,16.5,12.0,9.166666666666666,16.333333333333332,7.0,0.5,1.0,6.0,2.0,4.0,2048.778038621318
1640,23.8,58.8,4.6,14.2,7.8,12.0,11.4,7.4,16.4,22.6,55.6,4.4,13.6,6.8,14.2,14.8,5.2,13.8,-1.8,25.0,63.666666666666664,5.0,17.0,14.166666666666666,14.0,11.333333333333334,7.0,16.0,20.333333333333332,53.0,5.0,17.333333333333332,8.833333333333334,11.166666666666666,16.166666666666668,5.333333333333333,16.833333333333332,10.833333333333334,0.5,0.6666666666666666,8.0,5.0,3.0,2019.149352817749
1641,26.25,57.5,7.75,22.0,8.25,17.25,12.5,6.5,17.5,26.5,62.5,8.25,20.75,10.25,17.75,13.5,6.25,23.0,7.0,30.6,64.2,6.6,18.2,12.8,16.0,14.4,7.0,16.8,24.0,58.0,6.2,18.2,7.6,13.8,14.4,7.8,16.2,12.0,0.0,0.5,2.0,3.0,-1.0,2093.755147420548
1642,24.428571428571427,62.142857142857146,6.0,22.714285714285715,8.428571428571429,15.142857142857142,8.857142857142858,7.0,15.571428571428571,23.571428571428573,59.142857142857146,4.428571428571429,14.714285714285714,11.428571428571429,12.285714285714286,14.0,4.0,14.285714285714286,4.285714285714286,26.2,60.4,4.8,14.8,10.0,15.6,14.6,6.0,14.4,28.2,63.6,6.6,19.8,9.8,15.2,12.0,5.8,12.4,-4.6,0.75,0.5,4.0,9.0,-5.0,2109.871718475504
1643,24.4,57.0,4.2,12.2,10.4,13.6,14.6,8.0,16.8,21.0,58.6,3.4,16.4,9.4,12.2,13.8,7.6,17.6,9.2,28.0,62.0,7.4,19.8,7.8,17.0,12.2,8.0,16.6,25.2,63.0,9.4,29.2,12.2,17.6,16.2,6.0,18.0,9.0,0.5,0.5,3.0,2.0,1.0,2166.675995580382
1644,25.428571428571427,59.857142857142854,5.428571428571429,19.0,10.285714285714286,16.142857142857142,15.142857142857142,6.142857142857143,14.714285714285714,20.571428571428573,62.857142857142854,6.0,23.428571428571427,8.142857142857142,11.571428571428571,12.285714285714286,7.285714285714286,17.571428571428573,12.285714285714286,27.6,64.8,8.0,22.0,8.8,16.6,13.0,10.6,21.4,27.4,59.4,7.0,18.8,7.4,15.6,15.0,4.6,16.4,-3.2,1.0,0.6666666666666666,2.0,3.0,-1.0,2368.571823201774
1645,23.285714285714285,61.57142857142857,6.0,20.428571428571427,12.428571428571429,12.714285714285714,9.857142857142858,8.142857142857142,18.142857142857142,21.714285714285715,52.857142857142854,5.142857142857143,14.285714285714286,8.428571428571429,11.0,13.142857142857142,5.0,16.0,3.0,28.833333333333332,63.166666666666664,3.5,11.333333333333334,13.333333333333334,18.833333333333332,11.5,4.166666666666667,13.666666666666666,21.833333333333332,62.666666666666664,4.333333333333333,15.0,6.5,10.166666666666666,9.5,5.0,18.333333333333332,17.0,0.75,1.0,4.0,1.0,3.0,2084.726269315812
1646,26.166666666666668,58.0,3.8333333333333335,11.333333333333334,9.166666666666666,16.333333333333332,16.666666666666668,4.833333333333333,17.5,26.833333333333332,65.16666666666667,5.0,14.833333333333334,10.5,13.833333333333334,13.0,8.333333333333334,19.833333333333332,1.5,25.5,55.333333333333336,6.666666666666667,21.0,7.166666666666667,14.5,12.666666666666666,4.5,13.833333333333334,20.5,60.333333333333336,4.166666666666667,14.666666666666666,8.333333333333334,8.666666666666666,9.166666666666666,5.666666666666667,16.166666666666668,13.833333333333334,0.6666666666666666,1.0,4.0,1.0,3.0,2106.057990681627
1647,25.0,63.666666666666664,5.0,17.0,14.166666666666666,14.0,11.333333333333334,7.0,16.0,20.333333333333332,53.0,5.0,17.333333333333332,8.833333333333334,11.166666666666666,16.166666666666668,5.333333333333333,16.833333333333332,10.833333333333334,29.5,60.5,10.5,27.666666666666668,7.0,20.166666666666668,14.333333333333334,6.333333333333333,14.666666666666666,26.833333333333332,65.33333333333333,9.0,27.666666666666668,10.166666666666666,16.5,12.0,9.166666666666666,16.333333333333332,7.0,0.6666666666666666,1.0,5.0,2.0,3.0,2173.906621511321
1648,26.2,60.4,4.8,14.8,10.0,15.6,14.6,6.0,14.4,28.2,63.6,6.6,19.8,9.8,15.2,12.0,5.8,12.4,-4.6,30.6,64.2,6.6,18.2,12.8,16.0,14.4,7.0,16.8,24.0,58.0,6.2,18.2,7.6,13.8,14.4,7.8,16.2,12.0,0.5,0.5,9.0,3.0,6.0,2018.3149810950356
1649,28.0,62.0,7.4,19.8,7.8,17.0,12.2,8.0,16.6,25.2,63.0,9.4,29.2,12.2,17.6,16.2,6.0,18.0,9.0,28.833333333333332,63.166666666666664,3.5,11.333333333333334,13.333333333333334,18.833333333333332,11.5,4.166666666666667,13.666666666666666,21.833333333333332,62.666666666666664,4.333333333333333,15.0,6.5,10.166666666666666,9.5,5.0,18.333333333333332,17.0,0.5,1.0,2.0,1.0,1.0,2240.9021698510783
1650,27.6,64.8,8.0,22.0,8.8,16.6,13.0,10.6,21.4,27.4,59.4,7.0,18.8,7.4,15.6,15.0,4.6,16.4,-3.2,25.5,55.333333333333336,6.666666666666667,21.0,7.166666666666667,14.5,12.666666666666666,4.5,13.833333333333334,20.5,60.333333333333336,4.166666666666667,14.666666666666666,8.333333333333334,8.666666666666666,9.166666666666666,5.666666666666667,16.166666666666668,13.833333333333334,0.6666666666666666,1.0,3.0,1.0,2.0,2167.5468271065183
1651,28.833333333333332,63.166666666666664,3.5,11.333333333333334,13.333333333333334,18.833333333333332,11.5,4.166666666666667,13.666666666666666,21.833333333333332,62.666666666666664,4.333333333333333,15.0,6.5,10.166666666666666,9.5,5.0,18.333333333333332,17.0,29.5,60.5,10.5,27.666666666666668,7.0,20.166666666666668,14.333333333333334,6.333333333333333,14.666666666666666,26.833333333333332,65.33333333333333,9.0,27.666666666666668,10.166666666666666,16.5,12.0,9.166666666666666,16.333333333333332,7.0,1.0,1.0,1.0,2.0,-1.0,2500.626562461186
1652,25.5,55.333333333333336,6.666666666666667,21.0,7.166666666666667,14.5,12.666666666666666,4.5,13.833333333333334,20.5,60.333333333333336,4.166666666666667,14.666666666666666,8.333333333333334,8.666666666666666,9.166666666666666,5.666666666666667,16.166666666666668,13.833333333333334,30.6,64.2,6.6,18.2,12.8,16.0,14.4,7.0,16.8,24.0,58.0,6.2,18.2,7.6,13.8,14.4,7.8,16.2,12.0,1.0,0.5,1.0,3.0,-2.0,2214.9893150460275
1653,29.5,60.5,10.5,27.666666666666668,7.0,20.166666666666668,14.333333333333334,6.333333333333333,14.666666666666666,26.833333333333332,65.33333333333333,9.0,27.666666666666668,10.166666666666666,16.5,12.0,9.166666666666666,16.333333333333332,7.0,30.6,64.2,6.6,18.2,12.8,16.0,14.4,7.0,16.8,24.0,58.0,6.2,18.2,7.6,13.8,14.4,7.8,16.2,12.0,1.0,0.5,2.0,3.0,-1.0,2262.3463781545165
1654,20.8,52.4,4.4,15.8,7.2,12.0,15.4,9.0,10.4,20.4,54.4,4.4,19.0,7.0,10.2,17.4,7.6,12.8,4.0,26.857142857142858,57.57142857142857,5.285714285714286,18.0,9.142857142857142,13.142857142857142,10.285714285714286,8.714285714285714,14.714285714285714,18.142857142857142,52.714285714285715,5.0,16.714285714285715,9.428571428571429,11.0,17.285714285714285,4.285714285714286,17.428571428571427,24.571428571428573,1.0,1.0,16.0,16.0,0.0,1260.4946934586003
1655,22.75,60.75,6.0,19.0,12.25,13.0,15.5,8.75,16.75,22.0,55.5,5.5,19.25,6.0,11.0,16.75,6.75,17.5,7.5,26.0,59.166666666666664,7.0,21.833333333333332,11.833333333333334,14.833333333333334,12.5,6.333333333333333,16.666666666666668,22.333333333333332,59.5,3.5,14.166666666666666,9.0,9.833333333333334,11.166666666666666,6.0,15.5,10.666666666666666,0.0,0.6666666666666666,12.0,12.0,0.0,1843.7369139239715
1656,26.4,62.4,3.6,11.8,6.4,15.6,12.4,13.4,17.6,24.4,52.8,6.4,19.0,7.6,14.8,20.6,6.6,14.8,0.4,25.4,62.0,5.0,14.2,10.6,13.0,15.8,9.2,19.6,19.4,53.0,3.2,14.4,8.8,8.0,19.4,8.8,16.0,5.0,0.5,0.5,11.0,11.0,0.0,1960.4692044128888
1657,24.571428571428573,54.714285714285715,7.0,18.0,9.0,14.714285714285714,10.714285714285714,4.142857142857143,15.428571428571429,23.0,51.57142857142857,4.857142857142857,14.428571428571429,6.142857142857143,12.714285714285714,12.142857142857142,4.857142857142857,16.428571428571427,5.0,20.5,46.666666666666664,8.0,17.166666666666668,5.5,9.333333333333334,15.0,6.166666666666667,9.333333333333334,22.666666666666668,59.666666666666664,7.666666666666667,23.5,10.0,15.333333333333334,11.0,8.0,15.0,2.8333333333333335,1.0,0.6666666666666666,16.0,16.0,0.0,1496.0362854855748
1658,28.5,64.0,6.75,19.5,9.5,11.25,12.25,7.5,15.75,29.0,61.75,7.25,17.25,8.5,18.0,14.5,6.0,15.5,0.0,23.8,66.8,4.4,22.2,7.6,9.8,8.6,6.2,14.4,26.8,67.2,4.6,17.4,11.6,11.2,13.6,3.6,15.6,-1.6,0.0,0.6666666666666666,8.0,9.0,-1.0,1976.7623981846589
1659,27.0,65.6,7.0,21.2,13.2,14.0,15.4,9.8,16.8,22.2,56.2,4.0,16.4,7.6,11.0,19.0,7.6,14.0,9.6,22.75,60.75,6.0,19.0,12.25,13.0,15.5,8.75,16.75,22.0,55.5,5.5,19.25,6.0,11.0,16.75,6.75,17.5,7.5,0.5,0.0,5.0,12.0,-7.0,2074.601733219541
1660,24.2,60.8,7.4,17.6,7.8,15.6,13.2,8.0,15.6,22.4,57.6,5.0,16.6,7.0,11.2,14.2,6.2,12.6,6.4,31.25,62.125,9.375,27.875,11.375,21.375,16.5,9.25,14.375,26.5,65.875,6.125,18.125,8.75,14.0,14.625,7.875,16.625,17.5,0.5,1.0,5.0,12.0,-7.0,2033.2208476921685
1661,25.4,59.8,5.0,18.4,9.4,14.8,14.6,7.4,16.8,21.6,55.4,3.0,12.0,8.2,7.4,14.8,8.0,13.4,7.0,25.666666666666668,53.666666666666664,9.0,25.333333333333332,6.166666666666667,16.166666666666668,13.5,5.666666666666667,14.5,21.833333333333332,62.0,6.833333333333333,24.5,10.666666666666666,9.333333333333334,10.666666666666666,6.5,15.5,11.5,0.5,1.0,7.0,10.0,-3.0,2060.527946768328
1662,28.333333333333332,56.0,8.666666666666666,20.333333333333332,5.166666666666667,19.5,15.666666666666666,5.666666666666667,13.5,23.5,64.33333333333333,8.0,23.833333333333332,8.666666666666666,15.0,10.166666666666666,9.0,14.666666666666666,8.666666666666666,25.333333333333332,62.5,5.333333333333333,14.666666666666666,10.0,14.666666666666666,14.166666666666666,5.333333333333333,16.333333333333332,25.5,59.5,7.333333333333333,22.5,7.0,15.5,13.833333333333334,6.833333333333333,18.5,1.1666666666666667,0.6666666666666666,0.6666666666666666,7.0,10.0,-3.0,2031.0051003591896
1663,26.0,56.0,5.8,16.2,5.6,18.4,13.2,7.0,15.4,23.2,55.4,5.8,16.0,5.8,10.0,13.4,7.2,14.2,2.2,23.666666666666668,54.5,6.333333333333333,21.166666666666668,6.333333333333333,16.5,15.166666666666666,8.5,17.333333333333332,24.0,58.166666666666664,5.833333333333333,17.833333333333332,10.666666666666666,14.0,14.166666666666666,8.5,13.833333333333334,-3.3333333333333335,0.5,1.0,4.0,13.0,-9.0,1988.3094207696824
1664,27.833333333333332,68.0,4.5,13.166666666666666,13.5,13.666666666666666,13.0,8.166666666666666,13.666666666666666,23.166666666666668,63.833333333333336,4.833333333333333,16.0,9.0,12.5,15.5,6.833333333333333,17.833333333333332,15.5,23.285714285714285,62.57142857142857,4.714285714285714,18.714285714285715,11.142857142857142,14.142857142857142,12.714285714285714,9.285714285714286,16.428571428571427,22.428571428571427,55.714285714285715,3.7142857142857144,10.857142857142858,8.285714285714286,11.142857142857142,15.0,6.0,15.0,2.0,0.6666666666666666,0.8,3.0,14.0,-11.0,2223.195809835709
1665,25.0,57.42857142857143,8.285714285714286,25.428571428571427,8.428571428571429,12.714285714285714,8.714285714285714,7.571428571428571,12.0,19.428571428571427,55.57142857142857,5.285714285714286,18.857142857142858,7.142857142857143,11.142857142857142,12.285714285714286,3.142857142857143,17.714285714285715,19.285714285714285,23.4,58.8,4.6,16.0,11.4,10.0,17.2,5.4,17.6,24.2,60.8,4.2,16.0,8.8,10.4,12.8,8.4,17.4,-2.4,1.0,0.5,11.0,6.0,5.0,1917.930096964342
1666,27.5,65.16666666666667,10.666666666666666,27.666666666666668,11.5,19.666666666666668,12.833333333333334,6.5,16.0,26.166666666666668,61.0,6.666666666666667,19.166666666666668,6.5,15.833333333333334,13.5,5.666666666666667,15.5,7.166666666666667,24.6,60.0,5.0,15.4,8.2,13.8,14.6,9.6,17.0,24.6,58.8,5.2,14.4,11.2,13.8,16.6,5.8,16.0,-5.4,0.75,0.5,6.0,11.0,-5.0,1955.9858420183136
1667,23.75,60.25,5.0,19.0,9.25,9.75,12.5,7.5,18.5,23.5,57.5,7.75,22.0,9.25,14.0,14.5,5.5,18.5,-3.25,31.25,60.0,8.75,20.75,4.0,19.25,13.25,10.0,11.75,24.0,58.0,7.0,21.5,8.25,13.75,19.0,6.5,15.75,16.75,0.0,0.0,8.0,9.0,-1.0,2004.802701437076
1668,27.25,60.0,8.75,24.25,4.5,18.25,12.75,11.25,17.75,26.5,60.25,6.75,18.75,9.75,15.5,18.0,6.25,15.25,-0.5,22.666666666666668,56.666666666666664,6.0,18.833333333333332,10.666666666666666,14.166666666666666,10.166666666666666,8.833333333333334,13.0,19.0,49.833333333333336,3.3333333333333335,13.833333333333334,7.0,10.833333333333334,14.0,5.5,14.5,12.833333333333334,0.0,1.0,2.0,15.0,-13.0,2190.4727933498298
1669,25.8,62.6,6.6,21.8,7.8,14.8,9.4,4.6,11.8,26.2,63.8,5.8,16.6,7.6,14.6,9.0,5.0,14.2,0.8,23.714285714285715,61.57142857142857,5.857142857142857,19.428571428571427,9.571428571428571,11.142857142857142,11.142857142857142,9.285714285714286,12.142857142857142,20.857142857142858,53.285714285714285,4.0,16.285714285714285,7.285714285714286,9.428571428571429,16.857142857142858,6.428571428571429,14.857142857142858,8.571428571428571,0.5,1.0,3.0,14.0,-11.0,2029.1666361741825
1670,32.0,66.16666666666667,5.833333333333333,15.0,13.0,19.833333333333332,13.666666666666666,7.0,16.5,23.0,63.333333333333336,6.0,21.833333333333332,9.5,11.5,13.5,5.666666666666667,16.333333333333332,18.666666666666668,20.8,52.4,4.4,15.8,7.2,12.0,15.4,9.0,10.4,20.4,54.4,4.4,19.0,7.0,10.2,17.4,7.6,12.8,4.0,1.0,1.0,1.0,16.0,-15.0,2528.70425443976
1671,28.5,65.66666666666667,7.0,21.666666666666668,11.333333333333334,20.0,10.333333333333334,3.6666666666666665,14.333333333333334,23.5,65.5,6.666666666666667,22.333333333333332,8.333333333333334,12.0,7.166666666666667,5.0,14.166666666666666,8.0,23.375,57.5,5.625,16.5,8.625,12.25,10.75,12.25,15.125,15.5,51.25,4.625,17.875,9.875,8.5,17.625,5.625,14.25,17.625,0.6666666666666666,1.0,2.0,15.0,-13.0,2248.785100329558
1672,28.166666666666668,57.333333333333336,3.5,8.0,8.666666666666666,13.666666666666666,10.166666666666666,6.5,17.666666666666668,20.666666666666668,52.333333333333336,6.0,16.333333333333332,7.333333333333333,12.166666666666666,17.833333333333332,4.833333333333333,19.5,15.833333333333334,23.22222222222222,53.333333333333336,6.333333333333333,17.0,7.666666666666667,16.666666666666668,14.11111111111111,8.777777777777779,14.222222222222221,19.88888888888889,53.666666666666664,4.444444444444445,16.22222222222222,10.222222222222221,10.88888888888889,17.0,6.666666666666667,14.777777777777779,7.333333333333333,1.0,1.0,1.0,16.0,-15.0,2188.598659953645
1673,23.4,59.6,7.6,25.4,7.6,13.0,13.0,4.0,15.6,26.2,61.0,5.0,14.8,8.0,12.8,8.8,6.8,14.6,-5.4,34.666666666666664,78.66666666666667,11.166666666666666,33.833333333333336,17.666666666666668,19.5,15.333333333333334,14.0,23.333333333333332,26.166666666666668,60.333333333333336,4.833333333333333,17.166666666666668,11.0,12.833333333333334,25.5,8.5,21.166666666666668,22.5,0.5,1.0,4.0,13.0,-9.0,2175.8317263884032
1674,27.833333333333332,57.666666666666664,7.333333333333333,21.5,6.166666666666667,17.333333333333332,11.5,10.166666666666666,11.833333333333334,17.833333333333332,56.166666666666664,4.666666666666667,20.666666666666668,6.833333333333333,10.666666666666666,15.833333333333334,5.166666666666667,16.5,29.833333333333332,23.875,59.125,5.875,17.875,13.5,11.625,13.0,5.875,16.25,18.75,61.25,5.125,18.5,9.25,9.75,11.5,6.5,22.0,19.5,1.0,1.0,3.0,14.0,-11.0,2317.4447228142635
1675,26.0,57.4,8.6,24.0,7.4,15.4,9.4,5.8,12.8,23.8,58.6,6.0,17.6,8.8,12.4,10.6,4.4,16.8,11.4,31.285714285714285,61.142857142857146,9.142857142857142,22.571428571428573,7.285714285714286,18.142857142857142,8.857142857142858,8.571428571428571,12.142857142857142,19.142857142857142,56.285714285714285,4.714285714285714,19.0,4.857142857142857,9.571428571428571,12.571428571428571,3.857142857142857,13.285714285714286,33.0,0.5,1.0,7.0,10.0,-3.0,2065.1695785191973
1676,27.75,62.75,8.75,23.5,12.5,18.75,15.0,9.25,11.75,20.5,54.0,4.5,18.75,5.5,11.5,18.0,9.25,16.75,23.5,24.285714285714285,58.714285714285715,4.428571428571429,15.142857142857142,10.857142857142858,12.857142857142858,13.142857142857142,9.571428571428571,15.571428571428571,19.714285714285715,54.714285714285715,5.142857142857143,17.714285714285715,7.285714285714286,11.142857142857142,16.0,5.857142857142857,18.857142857142858,13.142857142857142,0.5,1.0,4.0,13.0,-9.0,2066.1780107796817
1677,25.666666666666668,57.666666666666664,8.0,23.666666666666668,6.333333333333333,14.666666666666666,13.666666666666666,6.0,15.666666666666666,23.666666666666668,63.0,3.6666666666666665,14.0,8.0,13.333333333333334,10.666666666666666,7.0,15.0,8.0,26.5,57.625,8.0,26.25,11.875,17.0,17.125,9.875,18.75,18.875,51.375,4.5,15.875,7.625,10.125,18.125,8.5,19.625,18.125,0.0,1.0,4.0,13.0,-9.0,2181.3894480858626
1678,34.666666666666664,67.83333333333333,14.833333333333334,34.5,9.666666666666666,25.666666666666668,13.833333333333334,7.333333333333333,13.333333333333334,27.666666666666668,70.0,9.833333333333334,27.5,9.833333333333334,17.0,13.333333333333334,7.5,18.666666666666668,23.166666666666668,24.571428571428573,54.714285714285715,7.0,18.0,9.0,14.714285714285714,10.714285714285714,4.142857142857143,15.428571428571429,23.0,51.57142857142857,4.857142857142857,14.428571428571429,6.142857142857143,12.714285714285714,12.142857142857142,4.857142857142857,16.428571428571427,5.0,1.0,1.0,1.0,16.0,-15.0,2260.763276673716
1679,24.6,54.2,5.2,12.8,5.8,8.8,11.0,6.6,16.6,23.6,56.4,4.0,14.4,10.0,13.2,13.4,4.2,16.4,6.4,24.833333333333332,57.666666666666664,6.833333333333333,18.333333333333332,6.333333333333333,15.833333333333334,14.833333333333334,5.666666666666667,12.833333333333334,24.833333333333332,58.666666666666664,7.166666666666667,22.0,5.5,16.5,13.166666666666666,8.333333333333334,15.666666666666666,1.1666666666666667,0.5,0.6666666666666666,8.0,9.0,-1.0,1960.6271852344903
1680,28.4,64.4,3.8,11.8,13.2,13.6,13.4,6.8,20.6,19.8,56.6,3.0,11.8,5.8,9.6,14.4,4.2,17.6,19.4,21.0,58.0,6.2,19.2,8.4,14.2,11.8,6.4,15.2,20.4,50.8,4.6,15.4,4.6,10.8,14.4,6.0,14.8,3.0,0.5,0.5,7.0,10.0,-3.0,2054.74972254202
1681,24.0,61.5,3.6666666666666665,15.5,9.333333333333334,11.5,12.166666666666666,5.0,11.5,22.5,65.66666666666667,5.833333333333333,22.0,8.666666666666666,9.0,10.166666666666666,6.666666666666667,15.333333333333334,6.0,24.0,52.5,7.333333333333333,18.5,6.333333333333333,10.333333333333334,7.666666666666667,4.833333333333333,16.666666666666668,20.0,54.833333333333336,3.3333333333333335,13.0,9.166666666666666,8.0,9.0,3.6666666666666665,14.5,10.166666666666666,0.6666666666666666,1.0,3.0,14.0,-11.0,2162.976765339728
1682,26.833333333333332,59.5,5.5,14.333333333333334,6.833333333333333,14.666666666666666,11.333333333333334,8.333333333333334,16.166666666666668,21.166666666666668,61.333333333333336,5.0,18.5,10.166666666666666,9.166666666666666,15.0,5.666666666666667,17.666666666666668,15.833333333333334,25.5,58.5,6.125,15.75,8.5,13.125,13.0,5.875,12.5,23.375,60.5,7.375,22.875,7.25,11.375,12.0,7.125,16.375,6.5,1.0,0.6,2.0,15.0,-13.0,2226.2942466385343
1683,27.6,67.6,8.6,26.0,12.6,18.2,14.8,8.0,17.2,25.0,58.0,7.0,18.4,6.0,13.8,13.2,6.2,16.6,5.2,26.0,57.166666666666664,9.5,30.166666666666668,10.333333333333334,16.0,10.666666666666666,9.5,14.0,19.666666666666668,51.666666666666664,4.5,15.333333333333334,6.833333333333333,6.833333333333333,16.666666666666668,4.0,17.5,23.5,0.5,1.0,5.0,12.0,-7.0,2052.541411738056
1684,24.0,66.33333333333333,6.0,22.666666666666668,16.0,6.333333333333333,12.0,6.333333333333333,17.0,25.333333333333332,65.0,4.0,19.0,15.333333333333334,13.0,10.333333333333334,5.333333333333333,18.333333333333332,-2.3333333333333335,26.4,62.4,3.6,11.8,6.4,15.6,12.4,13.4,17.6,24.4,52.8,6.4,19.0,7.6,14.8,20.6,6.6,14.8,0.4,0.0,0.5,6.0,11.0,-5.0,1997.8798906646932
1685,26.166666666666668,63.333333333333336,6.166666666666667,19.333333333333332,11.0,14.833333333333334,13.5,3.0,15.666666666666666,26.666666666666668,71.5,4.666666666666667,15.666666666666666,13.333333333333334,12.0,9.5,7.333333333333333,17.666666666666668,3.5,27.666666666666668,55.833333333333336,7.333333333333333,21.166666666666668,7.833333333333333,22.333333333333332,10.833333333333334,8.333333333333334,10.833333333333334,19.333333333333332,52.833333333333336,8.5,25.5,6.5,10.0,15.166666666666666,6.666666666666667,16.0,19.666666666666668,0.6666666666666666,1.0,6.0,11.0,-5.0,2054.082186018788
1686,24.0,55.2,5.2,18.0,11.8,13.6,18.6,5.6,16.0,18.4,60.4,4.6,17.8,8.0,9.4,10.2,12.2,16.8,11.4,29.571428571428573,68.71428571428571,12.0,34.0,8.142857142857142,20.571428571428573,13.285714285714286,7.857142857142857,17.857142857142858,26.0,68.42857142857143,9.142857142857142,29.428571428571427,10.571428571428571,17.285714285714285,15.0,6.428571428571429,15.714285714285714,12.571428571428571,0.5,1.0,2.0,15.0,-13.0,2149.6746103932437
1687,26.833333333333332,67.33333333333333,5.666666666666667,19.5,13.166666666666666,13.5,13.166666666666666,7.166666666666667,17.833333333333332,24.666666666666668,62.666666666666664,6.333333333333333,18.833333333333332,6.833333333333333,15.666666666666666,12.333333333333334,8.166666666666666,19.666666666666668,6.166666666666667,25.0,56.5,5.333333333333333,18.666666666666668,9.166666666666666,15.666666666666666,16.666666666666668,10.166666666666666,17.833333333333332,21.5,62.166666666666664,4.666666666666667,20.333333333333332,12.666666666666666,13.5,17.0,7.666666666666667,19.5,9.666666666666666,1.0,1.0,1.0,16.0,-15.0,2132.545165605601
1688,24.0,55.8,8.4,26.2,5.6,17.4,12.4,5.8,14.6,25.8,58.2,5.6,16.6,7.2,16.0,12.2,6.6,15.2,1.4,30.0,53.666666666666664,9.166666666666666,20.666666666666668,7.0,18.5,12.333333333333334,5.0,11.166666666666666,22.166666666666668,59.333333333333336,5.166666666666667,19.0,6.333333333333333,11.166666666666666,11.0,6.833333333333333,18.166666666666668,24.0,0.5,1.0,5.0,12.0,-7.0,2061.294663500049
1689,22.2,54.6,5.8,20.6,6.6,8.6,13.8,11.6,19.0,22.2,47.8,3.6,11.4,7.2,13.2,21.4,7.6,17.8,2.4,27.166666666666668,60.0,4.333333333333333,14.333333333333334,12.333333333333334,15.0,12.833333333333334,7.166666666666667,11.333333333333334,20.0,50.833333333333336,6.333333333333333,15.333333333333334,6.0,12.0,15.333333333333334,7.5,13.5,12.333333333333334,0.5,1.0,8.0,9.0,-1.0,1959.3555877470449
1690,27.0,65.6,7.0,21.2,13.2,14.0,15.4,9.8,16.8,22.2,56.2,4.0,16.4,7.6,11.0,19.0,7.6,14.0,9.6,23.4,59.6,7.6,25.4,7.6,13.0,13.0,4.0,15.6,26.2,61.0,5.0,14.8,8.0,12.8,8.8,6.8,14.6,-5.4,0.5,0.5,5.0,4.0,1.0,2081.870436418023
1691,24.2,60.8,7.4,17.6,7.8,15.6,13.2,8.0,15.6,22.4,57.6,5.0,16.6,7.0,11.2,14.2,6.2,12.6,6.4,26.0,56.0,5.8,16.2,5.6,18.4,13.2,7.0,15.4,23.2,55.4,5.8,16.0,5.8,10.0,13.4,7.2,14.2,2.2,0.5,0.5,5.0,4.0,1.0,2042.9797184146169
1692,25.4,59.8,5.0,18.4,9.4,14.8,14.6,7.4,16.8,21.6,55.4,3.0,12.0,8.2,7.4,14.8,8.0,13.4,7.0,27.25,60.0,8.75,24.25,4.5,18.25,12.75,11.25,17.75,26.5,60.25,6.75,18.75,9.75,15.5,18.0,6.25,15.25,-0.5,0.5,0.0,7.0,2.0,5.0,2066.9126505179747
1693,27.833333333333332,68.0,4.5,13.166666666666666,13.5,13.666666666666666,13.0,8.166666666666666,13.666666666666666,23.166666666666668,63.833333333333336,4.833333333333333,16.0,9.0,12.5,15.5,6.833333333333333,17.833333333333332,15.5,25.0,57.42857142857143,8.285714285714286,25.428571428571427,8.428571428571429,12.714285714285714,8.714285714285714,7.571428571428571,12.0,19.428571428571427,55.57142857142857,5.285714285714286,18.857142857142858,7.142857142857143,11.142857142857142,12.285714285714286,3.142857142857143,17.714285714285715,19.285714285714285,0.6666666666666666,1.0,3.0,11.0,-8.0,2224.39599379574
1694,25.8,62.6,6.6,21.8,7.8,14.8,9.4,4.6,11.8,26.2,63.8,5.8,16.6,7.6,14.6,9.0,5.0,14.2,0.8,27.5,65.16666666666667,10.666666666666666,27.666666666666668,11.5,19.666666666666668,12.833333333333334,6.5,16.0,26.166666666666668,61.0,6.666666666666667,19.166666666666668,6.5,15.833333333333334,13.5,5.666666666666667,15.5,7.166666666666667,0.5,0.75,3.0,6.0,-3.0,2032.769412358063
1695,32.0,66.16666666666667,5.833333333333333,15.0,13.0,19.833333333333332,13.666666666666666,7.0,16.5,23.0,63.333333333333336,6.0,21.833333333333332,9.5,11.5,13.5,5.666666666666667,16.333333333333332,18.666666666666668,23.75,60.25,5.0,19.0,9.25,9.75,12.5,7.5,18.5,23.5,57.5,7.75,22.0,9.25,14.0,14.5,5.5,18.5,-3.25,1.0,0.0,1.0,8.0,-7.0,2528.728908159372
1696,28.5,65.66666666666667,7.0,21.666666666666668,11.333333333333334,20.0,10.333333333333334,3.6666666666666665,14.333333333333334,23.5,65.5,6.666666666666667,22.333333333333332,8.333333333333334,12.0,7.166666666666667,5.0,14.166666666666666,8.0,28.333333333333332,56.0,8.666666666666666,20.333333333333332,5.166666666666667,19.5,15.666666666666666,5.666666666666667,13.5,23.5,64.33333333333333,8.0,23.833333333333332,8.666666666666666,15.0,10.166666666666666,9.0,14.666666666666666,8.666666666666666,0.6666666666666666,0.6666666666666666,2.0,7.0,-5.0,2249.3170214893566
1697,28.166666666666668,57.333333333333336,3.5,8.0,8.666666666666666,13.666666666666666,10.166666666666666,6.5,17.666666666666668,20.666666666666668,52.333333333333336,6.0,16.333333333333332,7.333333333333333,12.166666666666666,17.833333333333332,4.833333333333333,19.5,15.833333333333334,28.5,64.0,6.75,19.5,9.5,11.25,12.25,7.5,15.75,29.0,61.75,7.25,17.25,8.5,18.0,14.5,6.0,15.5,0.0,1.0,0.0,1.0,8.0,-7.0,2189.689727605086
1698,27.833333333333332,57.666666666666664,7.333333333333333,21.5,6.166666666666667,17.333333333333332,11.5,10.166666666666666,11.833333333333334,17.833333333333332,56.166666666666664,4.666666666666667,20.666666666666668,6.833333333333333,10.666666666666666,15.833333333333334,5.166666666666667,16.5,29.833333333333332,24.0,66.33333333333333,6.0,22.666666666666668,16.0,6.333333333333333,12.0,6.333333333333333,17.0,25.333333333333332,65.0,4.0,19.0,15.333333333333334,13.0,10.333333333333334,5.333333333333333,18.333333333333332,-2.3333333333333335,1.0,0.0,3.0,6.0,-3.0,2317.958102146514
1699,27.75,62.75,8.75,23.5,12.5,18.75,15.0,9.25,11.75,20.5,54.0,4.5,18.75,5.5,11.5,18.0,9.25,16.75,23.5,24.0,55.8,8.4,26.2,5.6,17.4,12.4,5.8,14.6,25.8,58.2,5.6,16.6,7.2,16.0,12.2,6.6,15.2,1.4,0.5,0.5,4.0,5.0,-1.0,2068.645255283749
1700,25.666666666666668,57.666666666666664,8.0,23.666666666666668,6.333333333333333,14.666666666666666,13.666666666666666,6.0,15.666666666666666,23.666666666666668,63.0,3.6666666666666665,14.0,8.0,13.333333333333334,10.666666666666666,7.0,15.0,8.0,27.6,67.6,8.6,26.0,12.6,18.2,14.8,8.0,17.2,25.0,58.0,7.0,18.4,6.0,13.8,13.2,6.2,16.6,5.2,0.0,0.5,4.0,5.0,-1.0,2182.7976925135536
1701,34.666666666666664,67.83333333333333,14.833333333333334,34.5,9.666666666666666,25.666666666666668,13.833333333333334,7.333333333333333,13.333333333333334,27.666666666666668,70.0,9.833333333333334,27.5,9.833333333333334,17.0,13.333333333333334,7.5,18.666666666666668,23.166666666666668,22.2,54.6,5.8,20.6,6.6,8.6,13.8,11.6,19.0,22.2,47.8,3.6,11.4,7.2,13.2,21.4,7.6,17.8,2.4,1.0,0.5,1.0,8.0,-7.0,2261.1753420995387
1702,24.0,61.5,3.6666666666666665,15.5,9.333333333333334,11.5,12.166666666666666,5.0,11.5,22.5,65.66666666666667,5.833333333333333,22.0,8.666666666666666,9.0,10.166666666666666,6.666666666666667,15.333333333333334,6.0,26.166666666666668,63.333333333333336,6.166666666666667,19.333333333333332,11.0,14.833333333333334,13.5,3.0,15.666666666666666,26.666666666666668,71.5,4.666666666666667,15.666666666666666,13.333333333333334,12.0,9.5,7.333333333333333,17.666666666666668,3.5,0.6666666666666666,0.6666666666666666,3.0,6.0,-3.0,2164.164631278033
1703,26.833333333333332,59.5,5.5,14.333333333333334,6.833333333333333,14.666666666666666,11.333333333333334,8.333333333333334,16.166666666666668,21.166666666666668,61.333333333333336,5.0,18.5,10.166666666666666,9.166666666666666,15.0,5.666666666666667,17.666666666666668,15.833333333333334,28.4,64.4,3.8,11.8,13.2,13.6,13.4,6.8,20.6,19.8,56.6,3.0,11.8,5.8,9.6,14.4,4.2,17.6,19.4,1.0,0.5,2.0,7.0,-5.0,2228.082397595725
1704,24.0,55.2,5.2,18.0,11.8,13.6,18.6,5.6,16.0,18.4,60.4,4.6,17.8,8.0,9.4,10.2,12.2,16.8,11.4,26.0,57.4,8.6,24.0,7.4,15.4,9.4,5.8,12.8,23.8,58.6,6.0,17.6,8.8,12.4,10.6,4.4,16.8,11.4,0.5,0.5,2.0,7.0,-5.0,2152.366066242564
1705,26.833333333333332,67.33333333333333,5.666666666666667,19.5,13.166666666666666,13.5,13.166666666666666,7.166666666666667,17.833333333333332,24.666666666666668,62.666666666666664,6.333333333333333,18.833333333333332,6.833333333333333,15.666666666666666,12.333333333333334,8.166666666666666,19.666666666666668,6.166666666666667,24.6,54.2,5.2,12.8,5.8,8.8,11.0,6.6,16.6,23.6,56.4,4.0,14.4,10.0,13.2,13.4,4.2,16.4,6.4,1.0,0.5,1.0,8.0,-7.0,2133.143393303852
1706,24.0,61.5,3.6666666666666665,15.5,9.333333333333334,11.5,12.166666666666666,5.0,11.5,22.5,65.66666666666667,5.833333333333333,22.0,8.666666666666666,9.0,10.166666666666666,6.666666666666667,15.333333333333334,6.0,28.5,65.66666666666667,7.0,21.666666666666668,11.333333333333334,20.0,10.333333333333334,3.6666666666666665,14.333333333333334,23.5,65.5,6.666666666666667,22.333333333333332,8.333333333333334,12.0,7.166666666666667,5.0,14.166666666666666,8.0,0.6666666666666666,0.6666666666666666,3.0,2.0,1.0,2175.5246743522475
1707,25.8,62.6,6.6,21.8,7.8,14.8,9.4,4.6,11.8,26.2,63.8,5.8,16.6,7.6,14.6,9.0,5.0,14.2,0.8,26.833333333333332,59.5,5.5,14.333333333333334,6.833333333333333,14.666666666666666,11.333333333333334,8.333333333333334,16.166666666666668,21.166666666666668,61.333333333333336,5.0,18.5,10.166666666666666,9.166666666666666,15.0,5.666666666666667,17.666666666666668,15.833333333333334,0.5,1.0,3.0,2.0,1.0,2045.7717781827653
1708,32.0,66.16666666666667,5.833333333333333,15.0,13.0,19.833333333333332,13.666666666666666,7.0,16.5,23.0,63.333333333333336,6.0,21.833333333333332,9.5,11.5,13.5,5.666666666666667,16.333333333333332,18.666666666666668,25.666666666666668,57.666666666666664,8.0,23.666666666666668,6.333333333333333,14.666666666666666,13.666666666666666,6.0,15.666666666666666,23.666666666666668,63.0,3.6666666666666665,14.0,8.0,13.333333333333334,10.666666666666666,7.0,15.0,8.0,1.0,0.0,1.0,4.0,-3.0,2530.3349313790336
1709,28.166666666666668,57.333333333333336,3.5,8.0,8.666666666666666,13.666666666666666,10.166666666666666,6.5,17.666666666666668,20.666666666666668,52.333333333333336,6.0,16.333333333333332,7.333333333333333,12.166666666666666,17.833333333333332,4.833333333333333,19.5,15.833333333333334,27.75,62.75,8.75,23.5,12.5,18.75,15.0,9.25,11.75,20.5,54.0,4.5,18.75,5.5,11.5,18.0,9.25,16.75,23.5,1.0,0.5,1.0,4.0,-3.0,2197.5402657241875
1710,27.833333333333332,57.666666666666664,7.333333333333333,21.5,6.166666666666667,17.333333333333332,11.5,10.166666666666666,11.833333333333334,17.833333333333332,56.166666666666664,4.666666666666667,20.666666666666668,6.833333333333333,10.666666666666666,15.833333333333334,5.166666666666667,16.5,29.833333333333332,25.4,59.8,5.0,18.4,9.4,14.8,14.6,7.4,16.8,21.6,55.4,3.0,12.0,8.2,7.4,14.8,8.0,13.4,7.0,1.0,0.5,3.0,7.0,-4.0,2322.6673421720625
1711,34.666666666666664,67.83333333333333,14.833333333333334,34.5,9.666666666666666,25.666666666666668,13.833333333333334,7.333333333333333,13.333333333333334,27.666666666666668,70.0,9.833333333333334,27.5,9.833333333333334,17.0,13.333333333333334,7.5,18.666666666666668,23.166666666666668,24.2,60.8,7.4,17.6,7.8,15.6,13.2,8.0,15.6,22.4,57.6,5.0,16.6,7.0,11.2,14.2,6.2,12.6,6.4,1.0,0.5,1.0,5.0,-4.0,2266.428263805371
1712,27.833333333333332,68.0,4.5,13.166666666666666,13.5,13.666666666666666,13.0,8.166666666666666,13.666666666666666,23.166666666666668,63.833333333333336,4.833333333333333,16.0,9.0,12.5,15.5,6.833333333333333,17.833333333333332,15.5,24.0,55.2,5.2,18.0,11.8,13.6,18.6,5.6,16.0,18.4,60.4,4.6,17.8,8.0,9.4,10.2,12.2,16.8,11.4,0.6666666666666666,0.5,3.0,2.0,1.0,2229.6520026894746
1713,26.833333333333332,67.33333333333333,5.666666666666667,19.5,13.166666666666666,13.5,13.166666666666666,7.166666666666667,17.833333333333332,24.666666666666668,62.666666666666664,6.333333333333333,18.833333333333332,6.833333333333333,15.666666666666666,12.333333333333334,8.166666666666666,19.666666666666668,6.166666666666667,27.0,65.6,7.0,21.2,13.2,14.0,15.4,9.8,16.8,22.2,56.2,4.0,16.4,7.6,11.0,19.0,7.6,14.0,9.6,1.0,0.5,1.0,5.0,-4.0,2142.3981453904644
1714,24.0,61.5,3.6666666666666665,15.5,9.333333333333334,11.5,12.166666666666666,5.0,11.5,22.5,65.66666666666667,5.833333333333333,22.0,8.666666666666666,9.0,10.166666666666666,6.666666666666667,15.333333333333334,6.0,28.166666666666668,57.333333333333336,3.5,8.0,8.666666666666666,13.666666666666666,10.166666666666666,6.5,17.666666666666668,20.666666666666668,52.333333333333336,6.0,16.333333333333332,7.333333333333333,12.166666666666666,17.833333333333332,4.833333333333333,19.5,15.833333333333334,0.6666666666666666,1.0,3.0,1.0,2.0,2195.209263056756
1715,32.0,66.16666666666667,5.833333333333333,15.0,13.0,19.833333333333332,13.666666666666666,7.0,16.5,23.0,63.333333333333336,6.0,21.833333333333332,9.5,11.5,13.5,5.666666666666667,16.333333333333332,18.666666666666668,25.8,62.6,6.6,21.8,7.8,14.8,9.4,4.6,11.8,26.2,63.8,5.8,16.6,7.6,14.6,9.0,5.0,14.2,0.8,1.0,0.5,1.0,3.0,-2.0,2534.360692755578
1716,27.833333333333332,57.666666666666664,7.333333333333333,21.5,6.166666666666667,17.333333333333332,11.5,10.166666666666666,11.833333333333334,17.833333333333332,56.166666666666664,4.666666666666667,20.666666666666668,6.833333333333333,10.666666666666666,15.833333333333334,5.166666666666667,16.5,29.833333333333332,26.833333333333332,67.33333333333333,5.666666666666667,19.5,13.166666666666666,13.5,13.166666666666666,7.166666666666667,17.833333333333332,24.666666666666668,62.666666666666664,6.333333333333333,18.833333333333332,6.833333333333333,15.666666666666666,12.333333333333334,8.166666666666666,19.666666666666668,6.166666666666667,1.0,1.0,3.0,1.0,2.0,2329.263182284188
1717,34.666666666666664,67.83333333333333,14.833333333333334,34.5,9.666666666666666,25.666666666666668,13.833333333333334,7.333333333333333,13.333333333333334,27.666666666666668,70.0,9.833333333333334,27.5,9.833333333333334,17.0,13.333333333333334,7.5,18.666666666666668,23.166666666666668,27.833333333333332,68.0,4.5,13.166666666666666,13.5,13.666666666666666,13.0,8.166666666666666,13.666666666666666,23.166666666666668,63.833333333333336,4.833333333333333,16.0,9.0,12.5,15.5,6.833333333333333,17.833333333333332,15.5,1.0,0.6666666666666666,1.0,3.0,-2.0,2273.7961588552434
1718,34.666666666666664,67.83333333333333,14.833333333333334,34.5,9.666666666666666,25.666666666666668,13.833333333333334,7.333333333333333,13.333333333333334,27.666666666666668,70.0,9.833333333333334,27.5,9.833333333333334,17.0,13.333333333333334,7.5,18.666666666666668,23.166666666666668,27.833333333333332,57.666666666666664,7.333333333333333,21.5,6.166666666666667,17.333333333333332,11.5,10.166666666666666,11.833333333333334,17.833333333333332,56.166666666666664,4.666666666666667,20.666666666666668,6.833333333333333,10.666666666666666,15.833333333333334,5.166666666666667,16.5,29.833333333333332,1.0,1.0,1.0,3.0,-2.0,2288.3680286796853
1719,32.0,66.16666666666667,5.833333333333333,15.0,13.0,19.833333333333332,13.666666666666666,7.0,16.5,23.0,63.333333333333336,6.0,21.833333333333332,9.5,11.5,13.5,5.666666666666667,16.333333333333332,18.666666666666668,24.0,61.5,3.6666666666666665,15.5,9.333333333333334,11.5,12.166666666666666,5.0,11.5,22.5,65.66666666666667,5.833333333333333,22.0,8.666666666666666,9.0,10.166666666666666,6.666666666666667,15.333333333333334,6.0,1.0,0.6666666666666666,1.0,3.0,-2.0,2536.4249516224377
1720,32.0,66.16666666666667,5.833333333333333,15.0,13.0,19.833333333333332,13.666666666666666,7.0,16.5,23.0,63.333333333333336,6.0,21.833333333333332,9.5,11.5,13.5,5.666666666666667,16.333333333333332,18.666666666666668,34.666666666666664,67.83333333333333,14.833333333333334,34.5,9.666666666666666,25.666666666666668,13.833333333333334,7.333333333333333,13.333333333333334,27.666666666666668,70.0,9.833333333333334,27.5,9.833333333333334,17.0,13.333333333333334,7.5,18.666666666666668,23.166666666666668,1.0,1.0,1.0,1.0,0.0,2540.703606095881
1721,26.857142857142858,57.57142857142857,5.285714285714286,18.0,9.142857142857142,13.142857142857142,10.285714285714286,8.714285714285714,14.714285714285714,18.142857142857142,52.714285714285715,5.0,16.714285714285715,9.428571428571429,11.0,17.285714285714285,4.285714285714286,17.428571428571427,24.571428571428573,20.8,52.4,4.4,15.8,7.2,12.0,15.4,9.0,10.4,20.4,54.4,4.4,19.0,7.0,10.2,17.4,7.6,12.8,4.0,1.0,1.0,16.0,16.0,0.0,1424.4686109386082
1722,26.0,59.166666666666664,7.0,21.833333333333332,11.833333333333334,14.833333333333334,12.5,6.333333333333333,16.666666666666668,22.333333333333332,59.5,3.5,14.166666666666666,9.0,9.833333333333334,11.166666666666666,6.0,15.5,10.666666666666666,22.75,60.75,6.0,19.0,12.25,13.0,15.5,8.75,16.75,22.0,55.5,5.5,19.25,6.0,11.0,16.75,6.75,17.5,7.5,0.6666666666666666,0.0,12.0,12.0,0.0,1890.681955887223
1723,25.4,62.0,5.0,14.2,10.6,13.0,15.8,9.2,19.6,19.4,53.0,3.2,14.4,8.8,8.0,19.4,8.8,16.0,5.0,26.4,62.4,3.6,11.8,6.4,15.6,12.4,13.4,17.6,24.4,52.8,6.4,19.0,7.6,14.8,20.6,6.6,14.8,0.4,0.5,0.5,11.0,11.0,0.0,1881.9779000732256
1724,20.5,46.666666666666664,8.0,17.166666666666668,5.5,9.333333333333334,15.0,6.166666666666667,9.333333333333334,22.666666666666668,59.666666666666664,7.666666666666667,23.5,10.0,15.333333333333334,11.0,8.0,15.0,2.8333333333333335,24.571428571428573,54.714285714285715,7.0,18.0,9.0,14.714285714285714,10.714285714285714,4.142857142857143,15.428571428571429,23.0,51.57142857142857,4.857142857142857,14.428571428571429,6.142857142857143,12.714285714285714,12.142857142857142,4.857142857142857,16.428571428571427,5.0,0.6666666666666666,1.0,16.0,16.0,0.0,1381.4140157220902
1725,23.8,66.8,4.4,22.2,7.6,9.8,8.6,6.2,14.4,26.8,67.2,4.6,17.4,11.6,11.2,13.6,3.6,15.6,-1.6,28.5,64.0,6.75,19.5,9.5,11.25,12.25,7.5,15.75,29.0,61.75,7.25,17.25,8.5,18.0,14.5,6.0,15.5,0.0,0.6666666666666666,0.0,9.0,8.0,1.0,2014.3470484242416
1726,22.75,60.75,6.0,19.0,12.25,13.0,15.5,8.75,16.75,22.0,55.5,5.5,19.25,6.0,11.0,16.75,6.75,17.5,7.5,27.0,65.6,7.0,21.2,13.2,14.0,15.4,9.8,16.8,22.2,56.2,4.0,16.4,7.6,11.0,19.0,7.6,14.0,9.6,0.0,0.5,12.0,5.0,7.0,1861.8857517349995
1727,31.25,62.125,9.375,27.875,11.375,21.375,16.5,9.25,14.375,26.5,65.875,6.125,18.125,8.75,14.0,14.625,7.875,16.625,17.5,24.2,60.8,7.4,17.6,7.8,15.6,13.2,8.0,15.6,22.4,57.6,5.0,16.6,7.0,11.2,14.2,6.2,12.6,6.4,1.0,0.5,12.0,5.0,7.0,1890.117939850976
1728,25.666666666666668,53.666666666666664,9.0,25.333333333333332,6.166666666666667,16.166666666666668,13.5,5.666666666666667,14.5,21.833333333333332,62.0,6.833333333333333,24.5,10.666666666666666,9.333333333333334,10.666666666666666,6.5,15.5,11.5,25.4,59.8,5.0,18.4,9.4,14.8,14.6,7.4,16.8,21.6,55.4,3.0,12.0,8.2,7.4,14.8,8.0,13.4,7.0,1.0,0.5,10.0,7.0,3.0,1819.184493879883
1729,25.333333333333332,62.5,5.333333333333333,14.666666666666666,10.0,14.666666666666666,14.166666666666666,5.333333333333333,16.333333333333332,25.5,59.5,7.333333333333333,22.5,7.0,15.5,13.833333333333334,6.833333333333333,18.5,1.1666666666666667,28.333333333333332,56.0,8.666666666666666,20.333333333333332,5.166666666666667,19.5,15.666666666666666,5.666666666666667,13.5,23.5,64.33333333333333,8.0,23.833333333333332,8.666666666666666,15.0,10.166666666666666,9.0,14.666666666666666,8.666666666666666,0.6666666666666666,0.6666666666666666,10.0,7.0,3.0,2075.3245000926017
1730,23.666666666666668,54.5,6.333333333333333,21.166666666666668,6.333333333333333,16.5,15.166666666666666,8.5,17.333333333333332,24.0,58.166666666666664,5.833333333333333,17.833333333333332,10.666666666666666,14.0,14.166666666666666,8.5,13.833333333333334,-3.3333333333333335,26.0,56.0,5.8,16.2,5.6,18.4,13.2,7.0,15.4,23.2,55.4,5.8,16.0,5.8,10.0,13.4,7.2,14.2,2.2,1.0,0.5,13.0,4.0,9.0,1742.9763740858718
1731,23.285714285714285,62.57142857142857,4.714285714285714,18.714285714285715,11.142857142857142,14.142857142857142,12.714285714285714,9.285714285714286,16.428571428571427,22.428571428571427,55.714285714285715,3.7142857142857144,10.857142857142858,8.285714285714286,11.142857142857142,15.0,6.0,15.0,2.0,27.833333333333332,68.0,4.5,13.166666666666666,13.5,13.666666666666666,13.0,8.166666666666666,13.666666666666666,23.166666666666668,63.833333333333336,4.833333333333333,16.0,9.0,12.5,15.5,6.833333333333333,17.833333333333332,15.5,0.8,0.6666666666666666,14.0,3.0,11.0,1659.4756881278229
1732,23.4,58.8,4.6,16.0,11.4,10.0,17.2,5.4,17.6,24.2,60.8,4.2,16.0,8.8,10.4,12.8,8.4,17.4,-2.4,25.0,57.42857142857143,8.285714285714286,25.428571428571427,8.428571428571429,12.714285714285714,8.714285714285714,7.571428571428571,12.0,19.428571428571427,55.57142857142857,5.285714285714286,18.857142857142858,7.142857142857143,11.142857142857142,12.285714285714286,3.142857142857143,17.714285714285715,19.285714285714285,0.5,1.0,6.0,11.0,-5.0,2104.114979541956
1733,24.6,60.0,5.0,15.4,8.2,13.8,14.6,9.6,17.0,24.6,58.8,5.2,14.4,11.2,13.8,16.6,5.8,16.0,-5.4,27.5,65.16666666666667,10.666666666666666,27.666666666666668,11.5,19.666666666666668,12.833333333333334,6.5,16.0,26.166666666666668,61.0,6.666666666666667,19.166666666666668,6.5,15.833333333333334,13.5,5.666666666666667,15.5,7.166666666666667,0.5,0.75,11.0,6.0,5.0,1841.550687695323
1734,31.25,60.0,8.75,20.75,4.0,19.25,13.25,10.0,11.75,24.0,58.0,7.0,21.5,8.25,13.75,19.0,6.5,15.75,16.75,23.75,60.25,5.0,19.0,9.25,9.75,12.5,7.5,18.5,23.5,57.5,7.75,22.0,9.25,14.0,14.5,5.5,18.5,-3.25,0.0,0.0,9.0,8.0,1.0,1941.3941768598756
1735,22.666666666666668,56.666666666666664,6.0,18.833333333333332,10.666666666666666,14.166666666666666,10.166666666666666,8.833333333333334,13.0,19.0,49.833333333333336,3.3333333333333335,13.833333333333334,7.0,10.833333333333334,14.0,5.5,14.5,12.833333333333334,27.25,60.0,8.75,24.25,4.5,18.25,12.75,11.25,17.75,26.5,60.25,6.75,18.75,9.75,15.5,18.0,6.25,15.25,-0.5,1.0,0.0,15.0,2.0,13.0,1586.48790486373
1736,23.714285714285715,61.57142857142857,5.857142857142857,19.428571428571427,9.571428571428571,11.142857142857142,11.142857142857142,9.285714285714286,12.142857142857142,20.857142857142858,53.285714285714285,4.0,16.285714285714285,7.285714285714286,9.428571428571429,16.857142857142858,6.428571428571429,14.857142857142858,8.571428571428571,25.8,62.6,6.6,21.8,7.8,14.8,9.4,4.6,11.8,26.2,63.8,5.8,16.6,7.6,14.6,9.0,5.0,14.2,0.8,1.0,0.5,14.0,3.0,11.0,1670.5111956853136
1737,20.8,52.4,4.4,15.8,7.2,12.0,15.4,9.0,10.4,20.4,54.4,4.4,19.0,7.0,10.2,17.4,7.6,12.8,4.0,32.0,66.16666666666667,5.833333333333333,15.0,13.0,19.833333333333332,13.666666666666666,7.0,16.5,23.0,63.333333333333336,6.0,21.833333333333332,9.5,11.5,13.5,5.666666666666667,16.333333333333332,18.666666666666668,1.0,1.0,16.0,1.0,15.0,1283.5311328428588
1738,23.375,57.5,5.625,16.5,8.625,12.25,10.75,12.25,15.125,15.5,51.25,4.625,17.875,9.875,8.5,17.625,5.625,14.25,17.625,28.5,65.66666666666667,7.0,21.666666666666668,11.333333333333334,20.0,10.333333333333334,3.6666666666666665,14.333333333333334,23.5,65.5,6.666666666666667,22.333333333333332,8.333333333333334,12.0,7.166666666666667,5.0,14.166666666666666,8.0,1.0,0.6666666666666666,15.0,2.0,13.0,1539.9759152484023
1739,23.22222222222222,53.333333333333336,6.333333333333333,17.0,7.666666666666667,16.666666666666668,14.11111111111111,8.777777777777779,14.222222222222221,19.88888888888889,53.666666666666664,4.444444444444445,16.22222222222222,10.222222222222221,10.88888888888889,17.0,6.666666666666667,14.777777777777779,7.333333333333333,28.166666666666668,57.333333333333336,3.5,8.0,8.666666666666666,13.666666666666666,10.166666666666666,6.5,17.666666666666668,20.666666666666668,52.333333333333336,6.0,16.333333333333332,7.333333333333333,12.166666666666666,17.833333333333332,4.833333333333333,19.5,15.833333333333334,1.0,1.0,16.0,1.0,15.0,1607.7057302648786
1740,34.666666666666664,78.66666666666667,11.166666666666666,33.833333333333336,17.666666666666668,19.5,15.333333333333334,14.0,23.333333333333332,26.166666666666668,60.333333333333336,4.833333333333333,17.166666666666668,11.0,12.833333333333334,25.5,8.5,21.166666666666668,22.5,23.4,59.6,7.6,25.4,7.6,13.0,13.0,4.0,15.6,26.2,61.0,5.0,14.8,8.0,12.8,8.8,6.8,14.6,-5.4,1.0,0.5,13.0,4.0,9.0,1666.0508342217795
1741,23.875,59.125,5.875,17.875,13.5,11.625,13.0,5.875,16.25,18.75,61.25,5.125,18.5,9.25,9.75,11.5,6.5,22.0,19.5,27.833333333333332,57.666666666666664,7.333333333333333,21.5,6.166666666666667,17.333333333333332,11.5,10.166666666666666,11.833333333333334,17.833333333333332,56.166666666666664,4.666666666666667,20.666666666666668,6.833333333333333,10.666666666666666,15.833333333333334,5.166666666666667,16.5,29.833333333333332,1.0,1.0,14.0,3.0,11.0,1602.3696542928185
1742,31.285714285714285,61.142857142857146,9.142857142857142,22.571428571428573,7.285714285714286,18.142857142857142,8.857142857142858,8.571428571428571,12.142857142857142,19.142857142857142,56.285714285714285,4.714285714285714,19.0,4.857142857142857,9.571428571428571,12.571428571428571,3.857142857142857,13.285714285714286,33.0,26.0,57.4,8.6,24.0,7.4,15.4,9.4,5.8,12.8,23.8,58.6,6.0,17.6,8.8,12.4,10.6,4.4,16.8,11.4,1.0,0.5,10.0,7.0,3.0,1918.3068909386548
1743,24.285714285714285,58.714285714285715,4.428571428571429,15.142857142857142,10.857142857142858,12.857142857142858,13.142857142857142,9.571428571428571,15.571428571428571,19.714285714285715,54.714285714285715,5.142857142857143,17.714285714285715,7.285714285714286,11.142857142857142,16.0,5.857142857142857,18.857142857142858,13.142857142857142,27.75,62.75,8.75,23.5,12.5,18.75,15.0,9.25,11.75,20.5,54.0,4.5,18.75,5.5,11.5,18.0,9.25,16.75,23.5,1.0,0.5,13.0,4.0,9.0,1634.9412989308248
1744,26.5,57.625,8.0,26.25,11.875,17.0,17.125,9.875,18.75,18.875,51.375,4.5,15.875,7.625,10.125,18.125,8.5,19.625,18.125,25.666666666666668,57.666666666666664,8.0,23.666666666666668,6.333333333333333,14.666666666666666,13.666666666666666,6.0,15.666666666666666,23.666666666666668,63.0,3.6666666666666665,14.0,8.0,13.333333333333334,10.666666666666666,7.0,15.0,8.0,1.0,0.0,13.0,4.0,9.0,1646.6189044216917
1745,24.571428571428573,54.714285714285715,7.0,18.0,9.0,14.714285714285714,10.714285714285714,4.142857142857143,15.428571428571429,23.0,51.57142857142857,4.857142857142857,14.428571428571429,6.142857142857143,12.714285714285714,12.142857142857142,4.857142857142857,16.428571428571427,5.0,34.666666666666664,67.83333333333333,14.833333333333334,34.5,9.666666666666666,25.666666666666668,13.833333333333334,7.333333333333333,13.333333333333334,27.666666666666668,70.0,9.833333333333334,27.5,9.833333333333334,17.0,13.333333333333334,7.5,18.666666666666668,23.166666666666668,1.0,1.0,16.0,1.0,15.0,1506.941255448831
1746,24.833333333333332,57.666666666666664,6.833333333333333,18.333333333333332,6.333333333333333,15.833333333333334,14.833333333333334,5.666666666666667,12.833333333333334,24.833333333333332,58.666666666666664,7.166666666666667,22.0,5.5,16.5,13.166666666666666,8.333333333333334,15.666666666666666,1.1666666666666667,24.6,54.2,5.2,12.8,5.8,8.8,11.0,6.6,16.6,23.6,56.4,4.0,14.4,10.0,13.2,13.4,4.2,16.4,6.4,0.6666666666666666,0.5,9.0,8.0,1.0,1967.2695283944631
1747,21.0,58.0,6.2,19.2,8.4,14.2,11.8,6.4,15.2,20.4,50.8,4.6,15.4,4.6,10.8,14.4,6.0,14.8,3.0,28.4,64.4,3.8,11.8,13.2,13.6,13.4,6.8,20.6,19.8,56.6,3.0,11.8,5.8,9.6,14.4,4.2,17.6,19.4,0.5,0.5,10.0,7.0,3.0,1974.6403831145983
1748,24.0,52.5,7.333333333333333,18.5,6.333333333333333,10.333333333333334,7.666666666666667,4.833333333333333,16.666666666666668,20.0,54.833333333333336,3.3333333333333335,13.0,9.166666666666666,8.0,9.0,3.6666666666666665,14.5,10.166666666666666,24.0,61.5,3.6666666666666665,15.5,9.333333333333334,11.5,12.166666666666666,5.0,11.5,22.5,65.66666666666667,5.833333333333333,22.0,8.666666666666666,9.0,10.166666666666666,6.666666666666667,15.333333333333334,6.0,1.0,0.6666666666666666,14.0,3.0,11.0,1597.395025526368
1749,25.5,58.5,6.125,15.75,8.5,13.125,13.0,5.875,12.5,23.375,60.5,7.375,22.875,7.25,11.375,12.0,7.125,16.375,6.5,26.833333333333332,59.5,5.5,14.333333333333334,6.833333333333333,14.666666666666666,11.333333333333334,8.333333333333334,16.166666666666668,21.166666666666668,61.333333333333336,5.0,18.5,10.166666666666666,9.166666666666666,15.0,5.666666666666667,17.666666666666668,15.833333333333334,0.6,1.0,15.0,2.0,13.0,1735.1849960320285
1750,26.0,57.166666666666664,9.5,30.166666666666668,10.333333333333334,16.0,10.666666666666666,9.5,14.0,19.666666666666668,51.666666666666664,4.5,15.333333333333334,6.833333333333333,6.833333333333333,16.666666666666668,4.0,17.5,23.5,27.6,67.6,8.6,26.0,12.6,18.2,14.8,8.0,17.2,25.0,58.0,7.0,18.4,6.0,13.8,13.2,6.2,16.6,5.2,1.0,0.5,12.0,5.0,7.0,1973.897096540596
1751,26.4,62.4,3.6,11.8,6.4,15.6,12.4,13.4,17.6,24.4,52.8,6.4,19.0,7.6,14.8,20.6,6.6,14.8,0.4,24.0,66.33333333333333,6.0,22.666666666666668,16.0,6.333333333333333,12.0,6.333333333333333,17.0,25.333333333333332,65.0,4.0,19.0,15.333333333333334,13.0,10.333333333333334,5.333333333333333,18.333333333333332,-2.3333333333333335,0.5,0.0,11.0,6.0,5.0,1972.9148113336228
1752,27.666666666666668,55.833333333333336,7.333333333333333,21.166666666666668,7.833333333333333,22.333333333333332,10.833333333333334,8.333333333333334,10.833333333333334,19.333333333333332,52.833333333333336,8.5,25.5,6.5,10.0,15.166666666666666,6.666666666666667,16.0,19.666666666666668,26.166666666666668,63.333333333333336,6.166666666666667,19.333333333333332,11.0,14.833333333333334,13.5,3.0,15.666666666666666,26.666666666666668,71.5,4.666666666666667,15.666666666666666,13.333333333333334,12.0,9.5,7.333333333333333,17.666666666666668,3.5,1.0,0.6666666666666666,11.0,6.0,5.0,1811.5881893734495
1753,29.571428571428573,68.71428571428571,12.0,34.0,8.142857142857142,20.571428571428573,13.285714285714286,7.857142857142857,17.857142857142858,26.0,68.42857142857143,9.142857142857142,29.428571428571427,10.571428571428571,17.285714285714285,15.0,6.428571428571429,15.714285714285714,12.571428571428571,24.0,55.2,5.2,18.0,11.8,13.6,18.6,5.6,16.0,18.4,60.4,4.6,17.8,8.0,9.4,10.2,12.2,16.8,11.4,1.0,0.5,15.0,2.0,13.0,1734.8718159380635
1754,25.0,56.5,5.333333333333333,18.666666666666668,9.166666666666666,15.666666666666666,16.666666666666668,10.166666666666666,17.833333333333332,21.5,62.166666666666664,4.666666666666667,20.333333333333332,12.666666666666666,13.5,17.0,7.666666666666667,19.5,9.666666666666666,26.833333333333332,67.33333333333333,5.666666666666667,19.5,13.166666666666666,13.5,13.166666666666666,7.166666666666667,17.833333333333332,24.666666666666668,62.666666666666664,6.333333333333333,18.833333333333332,6.833333333333333,15.666666666666666,12.333333333333334,8.166666666666666,19.666666666666668,6.166666666666667,1.0,1.0,16.0,1.0,15.0,1444.5101084341372
1755,30.0,53.666666666666664,9.166666666666666,20.666666666666668,7.0,18.5,12.333333333333334,5.0,11.166666666666666,22.166666666666668,59.333333333333336,5.166666666666667,19.0,6.333333333333333,11.166666666666666,11.0,6.833333333333333,18.166666666666668,24.0,24.0,55.8,8.4,26.2,5.6,17.4,12.4,5.8,14.6,25.8,58.2,5.6,16.6,7.2,16.0,12.2,6.6,15.2,1.4,1.0,0.5,12.0,5.0,7.0,1947.6838927664387
1756,27.166666666666668,60.0,4.333333333333333,14.333333333333334,12.333333333333334,15.0,12.833333333333334,7.166666666666667,11.333333333333334,20.0,50.833333333333336,6.333333333333333,15.333333333333334,6.0,12.0,15.333333333333334,7.5,13.5,12.333333333333334,22.2,54.6,5.8,20.6,6.6,8.6,13.8,11.6,19.0,22.2,47.8,3.6,11.4,7.2,13.2,21.4,7.6,17.8,2.4,1.0,0.5,9.0,8.0,1.0,2026.847118405952
1757,23.4,59.6,7.6,25.4,7.6,13.0,13.0,4.0,15.6,26.2,61.0,5.0,14.8,8.0,12.8,8.8,6.8,14.6,-5.4,27.0,65.6,7.0,21.2,13.2,14.0,15.4,9.8,16.8,22.2,56.2,4.0,16.4,7.6,11.0,19.0,7.6,14.0,9.6,0.5,0.5,4.0,5.0,-1.0,2177.4468481542726
1758,26.0,56.0,5.8,16.2,5.6,18.4,13.2,7.0,15.4,23.2,55.4,5.8,16.0,5.8,10.0,13.4,7.2,14.2,2.2,24.2,60.8,7.4,17.6,7.8,15.6,13.2,8.0,15.6,22.4,57.6,5.0,16.6,7.0,11.2,14.2,6.2,12.6,6.4,0.5,0.5,4.0,5.0,-1.0,1994.5775593212777
1759,27.25,60.0,8.75,24.25,4.5,18.25,12.75,11.25,17.75,26.5,60.25,6.75,18.75,9.75,15.5,18.0,6.25,15.25,-0.5,25.4,59.8,5.0,18.4,9.4,14.8,14.6,7.4,16.8,21.6,55.4,3.0,12.0,8.2,7.4,14.8,8.0,13.4,7.0,0.0,0.5,2.0,7.0,-5.0,2191.4321251490173
1760,25.0,57.42857142857143,8.285714285714286,25.428571428571427,8.428571428571429,12.714285714285714,8.714285714285714,7.571428571428571,12.0,19.428571428571427,55.57142857142857,5.285714285714286,18.857142857142858,7.142857142857143,11.142857142857142,12.285714285714286,3.142857142857143,17.714285714285715,19.285714285714285,27.833333333333332,68.0,4.5,13.166666666666666,13.5,13.666666666666666,13.0,8.166666666666666,13.666666666666666,23.166666666666668,63.833333333333336,4.833333333333333,16.0,9.0,12.5,15.5,6.833333333333333,17.833333333333332,15.5,1.0,0.6666666666666666,11.0,3.0,8.0,1941.767942702126
1761,27.5,65.16666666666667,10.666666666666666,27.666666666666668,11.5,19.666666666666668,12.833333333333334,6.5,16.0,26.166666666666668,61.0,6.666666666666667,19.166666666666668,6.5,15.833333333333334,13.5,5.666666666666667,15.5,7.166666666666667,25.8,62.6,6.6,21.8,7.8,14.8,9.4,4.6,11.8,26.2,63.8,5.8,16.6,7.6,14.6,9.0,5.0,14.2,0.8,0.75,0.5,6.0,3.0,3.0,1966.8985564999125
1762,23.75,60.25,5.0,19.0,9.25,9.75,12.5,7.5,18.5,23.5,57.5,7.75,22.0,9.25,14.0,14.5,5.5,18.5,-3.25,32.0,66.16666666666667,5.833333333333333,15.0,13.0,19.833333333333332,13.666666666666666,7.0,16.5,23.0,63.333333333333336,6.0,21.833333333333332,9.5,11.5,13.5,5.666666666666667,16.333333333333332,18.666666666666668,0.0,1.0,8.0,1.0,7.0,2017.914625202077
1763,28.333333333333332,56.0,8.666666666666666,20.333333333333332,5.166666666666667,19.5,15.666666666666666,5.666666666666667,13.5,23.5,64.33333333333333,8.0,23.833333333333332,8.666666666666666,15.0,10.166666666666666,9.0,14.666666666666666,8.666666666666666,28.5,65.66666666666667,7.0,21.666666666666668,11.333333333333334,20.0,10.333333333333334,3.6666666666666665,14.333333333333334,23.5,65.5,6.666666666666667,22.333333333333332,8.333333333333334,12.0,7.166666666666667,5.0,14.166666666666666,8.0,0.6666666666666666,0.6666666666666666,7.0,2.0,5.0,2049.0350854742755
1764,28.5,64.0,6.75,19.5,9.5,11.25,12.25,7.5,15.75,29.0,61.75,7.25,17.25,8.5,18.0,14.5,6.0,15.5,0.0,28.166666666666668,57.333333333333336,3.5,8.0,8.666666666666666,13.666666666666666,10.166666666666666,6.5,17.666666666666668,20.666666666666668,52.333333333333336,6.0,16.333333333333332,7.333333333333333,12.166666666666666,17.833333333333332,4.833333333333333,19.5,15.833333333333334,0.0,1.0,8.0,1.0,7.0,1994.486515136464
1765,24.0,66.33333333333333,6.0,22.666666666666668,16.0,6.333333333333333,12.0,6.333333333333333,17.0,25.333333333333332,65.0,4.0,19.0,15.333333333333334,13.0,10.333333333333334,5.333333333333333,18.333333333333332,-2.3333333333333335,27.833333333333332,57.666666666666664,7.333333333333333,21.5,6.166666666666667,17.333333333333332,11.5,10.166666666666666,11.833333333333334,17.833333333333332,56.166666666666664,4.666666666666667,20.666666666666668,6.833333333333333,10.666666666666666,15.833333333333334,5.166666666666667,16.5,29.833333333333332,0.0,1.0,6.0,3.0,3.0,2012.7321808724407
1766,24.0,55.8,8.4,26.2,5.6,17.4,12.4,5.8,14.6,25.8,58.2,5.6,16.6,7.2,16.0,12.2,6.6,15.2,1.4,27.75,62.75,8.75,23.5,12.5,18.75,15.0,9.25,11.75,20.5,54.0,4.5,18.75,5.5,11.5,18.0,9.25,16.75,23.5,0.5,0.5,5.0,4.0,1.0,2072.241529929788
1767,27.6,67.6,8.6,26.0,12.6,18.2,14.8,8.0,17.2,25.0,58.0,7.0,18.4,6.0,13.8,13.2,6.2,16.6,5.2,25.666666666666668,57.666666666666664,8.0,23.666666666666668,6.333333333333333,14.666666666666666,13.666666666666666,6.0,15.666666666666666,23.666666666666668,63.0,3.6666666666666665,14.0,8.0,13.333333333333334,10.666666666666666,7.0,15.0,8.0,0.5,0.0,5.0,4.0,1.0,2064.980320647502
1768,22.2,54.6,5.8,20.6,6.6,8.6,13.8,11.6,19.0,22.2,47.8,3.6,11.4,7.2,13.2,21.4,7.6,17.8,2.4,34.666666666666664,67.83333333333333,14.833333333333334,34.5,9.666666666666666,25.666666666666668,13.833333333333334,7.333333333333333,13.333333333333334,27.666666666666668,70.0,9.833333333333334,27.5,9.833333333333334,17.0,13.333333333333334,7.5,18.666666666666668,23.166666666666668,0.5,1.0,8.0,1.0,7.0,1978.4251736079116
1769,26.166666666666668,63.333333333333336,6.166666666666667,19.333333333333332,11.0,14.833333333333334,13.5,3.0,15.666666666666666,26.666666666666668,71.5,4.666666666666667,15.666666666666666,13.333333333333334,12.0,9.5,7.333333333333333,17.666666666666668,3.5,24.0,61.5,3.6666666666666665,15.5,9.333333333333334,11.5,12.166666666666666,5.0,11.5,22.5,65.66666666666667,5.833333333333333,22.0,8.666666666666666,9.0,10.166666666666666,6.666666666666667,15.333333333333334,6.0,0.6666666666666666,0.6666666666666666,6.0,3.0,3.0,2060.4331078752184
1770,28.4,64.4,3.8,11.8,13.2,13.6,13.4,6.8,20.6,19.8,56.6,3.0,11.8,5.8,9.6,14.4,4.2,17.6,19.4,26.833333333333332,59.5,5.5,14.333333333333334,6.833333333333333,14.666666666666666,11.333333333333334,8.333333333333334,16.166666666666668,21.166666666666668,61.333333333333336,5.0,18.5,10.166666666666666,9.166666666666666,15.0,5.666666666666667,17.666666666666668,15.833333333333334,0.5,1.0,7.0,2.0,5.0,2067.124567175188
1771,26.0,57.4,8.6,24.0,7.4,15.4,9.4,5.8,12.8,23.8,58.6,6.0,17.6,8.8,12.4,10.6,4.4,16.8,11.4,24.0,55.2,5.2,18.0,11.8,13.6,18.6,5.6,16.0,18.4,60.4,4.6,17.8,8.0,9.4,10.2,12.2,16.8,11.4,0.5,0.5,7.0,2.0,5.0,2074.782272500815
1772,24.6,54.2,5.2,12.8,5.8,8.8,11.0,6.6,16.6,23.6,56.4,4.0,14.4,10.0,13.2,13.4,4.2,16.4,6.4,26.833333333333332,67.33333333333333,5.666666666666667,19.5,13.166666666666666,13.5,13.166666666666666,7.166666666666667,17.833333333333332,24.666666666666668,62.666666666666664,6.333333333333333,18.833333333333332,6.833333333333333,15.666666666666666,12.333333333333334,8.166666666666666,19.666666666666668,6.166666666666667,0.5,1.0,8.0,1.0,7.0,1976.9330391784767
1773,28.5,65.66666666666667,7.0,21.666666666666668,11.333333333333334,20.0,10.333333333333334,3.6666666666666665,14.333333333333334,23.5,65.5,6.666666666666667,22.333333333333332,8.333333333333334,12.0,7.166666666666667,5.0,14.166666666666666,8.0,24.0,61.5,3.6666666666666665,15.5,9.333333333333334,11.5,12.166666666666666,5.0,11.5,22.5,65.66666666666667,5.833333333333333,22.0,8.666666666666666,9.0,10.166666666666666,6.666666666666667,15.333333333333334,6.0,0.6666666666666666,0.6666666666666666,2.0,3.0,-1.0,2256.995644143225
1774,26.833333333333332,59.5,5.5,14.333333333333334,6.833333333333333,14.666666666666666,11.333333333333334,8.333333333333334,16.166666666666668,21.166666666666668,61.333333333333336,5.0,18.5,10.166666666666666,9.166666666666666,15.0,5.666666666666667,17.666666666666668,15.833333333333334,25.8,62.6,6.6,21.8,7.8,14.8,9.4,4.6,11.8,26.2,63.8,5.8,16.6,7.6,14.6,9.0,5.0,14.2,0.8,1.0,0.5,2.0,3.0,-1.0,2237.158417604792
1775,25.666666666666668,57.666666666666664,8.0,23.666666666666668,6.333333333333333,14.666666666666666,13.666666666666666,6.0,15.666666666666666,23.666666666666668,63.0,3.6666666666666665,14.0,8.0,13.333333333333334,10.666666666666666,7.0,15.0,8.0,32.0,66.16666666666667,5.833333333333333,15.0,13.0,19.833333333333332,13.666666666666666,7.0,16.5,23.0,63.333333333333336,6.0,21.833333333333332,9.5,11.5,13.5,5.666666666666667,16.333333333333332,18.666666666666668,0.0,1.0,4.0,1.0,3.0,2193.5708328794503
1776,27.75,62.75,8.75,23.5,12.5,18.75,15.0,9.25,11.75,20.5,54.0,4.5,18.75,5.5,11.5,18.0,9.25,16.75,23.5,28.166666666666668,57.333333333333336,3.5,8.0,8.666666666666666,13.666666666666666,10.166666666666666,6.5,17.666666666666668,20.666666666666668,52.333333333333336,6.0,16.333333333333332,7.333333333333333,12.166666666666666,17.833333333333332,4.833333333333333,19.5,15.833333333333334,0.5,1.0,4.0,1.0,3.0,2084.8108639370857
1777,25.4,59.8,5.0,18.4,9.4,14.8,14.6,7.4,16.8,21.6,55.4,3.0,12.0,8.2,7.4,14.8,8.0,13.4,7.0,27.833333333333332,57.666666666666664,7.333333333333333,21.5,6.166666666666667,17.333333333333332,11.5,10.166666666666666,11.833333333333334,17.833333333333332,56.166666666666664,4.666666666666667,20.666666666666668,6.833333333333333,10.666666666666666,15.833333333333334,5.166666666666667,16.5,29.833333333333332,0.5,1.0,7.0,3.0,4.0,2088.4134549991004
1778,24.2,60.8,7.4,17.6,7.8,15.6,13.2,8.0,15.6,22.4,57.6,5.0,16.6,7.0,11.2,14.2,6.2,12.6,6.4,34.666666666666664,67.83333333333333,14.833333333333334,34.5,9.666666666666666,25.666666666666668,13.833333333333334,7.333333333333333,13.333333333333334,27.666666666666668,70.0,9.833333333333334,27.5,9.833333333333334,17.0,13.333333333333334,7.5,18.666666666666668,23.166666666666668,0.5,1.0,5.0,1.0,4.0,2056.765025699242
1779,24.0,55.2,5.2,18.0,11.8,13.6,18.6,5.6,16.0,18.4,60.4,4.6,17.8,8.0,9.4,10.2,12.2,16.8,11.4,27.833333333333332,68.0,4.5,13.166666666666666,13.5,13.666666666666666,13.0,8.166666666666666,13.666666666666666,23.166666666666668,63.833333333333336,4.833333333333333,16.0,9.0,12.5,15.5,6.833333333333333,17.833333333333332,15.5,0.5,0.6666666666666666,2.0,3.0,-1.0,2164.851426074124
1780,27.0,65.6,7.0,21.2,13.2,14.0,15.4,9.8,16.8,22.2,56.2,4.0,16.4,7.6,11.0,19.0,7.6,14.0,9.6,26.833333333333332,67.33333333333333,5.666666666666667,19.5,13.166666666666666,13.5,13.166666666666666,7.166666666666667,17.833333333333332,24.666666666666668,62.666666666666664,6.333333333333333,18.833333333333332,6.833333333333333,15.666666666666666,12.333333333333334,8.166666666666666,19.666666666666668,6.166666666666667,0.5,1.0,5.0,1.0,4.0,2102.164126897898
1781,28.166666666666668,57.333333333333336,3.5,8.0,8.666666666666666,13.666666666666666,10.166666666666666,6.5,17.666666666666668,20.666666666666668,52.333333333333336,6.0,16.333333333333332,7.333333333333333,12.166666666666666,17.833333333333332,4.833333333333333,19.5,15.833333333333334,24.0,61.5,3.6666666666666665,15.5,9.333333333333334,11.5,12.166666666666666,5.0,11.5,22.5,65.66666666666667,5.833333333333333,22.0,8.666666666666666,9.0,10.166666666666666,6.666666666666667,15.333333333333334,6.0,1.0,0.6666666666666666,1.0,3.0,-2.0,2208.523701498715
1782,25.8,62.6,6.6,21.8,7.8,14.8,9.4,4.6,11.8,26.2,63.8,5.8,16.6,7.6,14.6,9.0,5.0,14.2,0.8,32.0,66.16666666666667,5.833333333333333,15.0,13.0,19.833333333333332,13.666666666666666,7.0,16.5,23.0,63.333333333333336,6.0,21.833333333333332,9.5,11.5,13.5,5.666666666666667,16.333333333333332,18.666666666666668,0.5,1.0,3.0,1.0,2.0,2069.79035039677
1783,26.833333333333332,67.33333333333333,5.666666666666667,19.5,13.166666666666666,13.5,13.166666666666666,7.166666666666667,17.833333333333332,24.666666666666668,62.666666666666664,6.333333333333333,18.833333333333332,6.833333333333333,15.666666666666666,12.333333333333334,8.166666666666666,19.666666666666668,6.166666666666667,27.833333333333332,57.666666666666664,7.333333333333333,21.5,6.166666666666667,17.333333333333332,11.5,10.166666666666666,11.833333333333334,17.833333333333332,56.166666666666664,4.666666666666667,20.666666666666668,6.833333333333333,10.666666666666666,15.833333333333334,5.166666666666667,16.5,29.833333333333332,1.0,1.0,1.0,3.0,-2.0,2156.5535385757603
1784,27.833333333333332,68.0,4.5,13.166666666666666,13.5,13.666666666666666,13.0,8.166666666666666,13.666666666666666,23.166666666666668,63.833333333333336,4.833333333333333,16.0,9.0,12.5,15.5,6.833333333333333,17.833333333333332,15.5,34.666666666666664,67.83333333333333,14.833333333333334,34.5,9.666666666666666,25.666666666666668,13.833333333333334,7.333333333333333,13.333333333333334,27.666666666666668,70.0,9.833333333333334,27.5,9.833333333333334,17.0,13.333333333333334,7.5,18.666666666666668,23.166666666666668,0.6666666666666666,1.0,3.0,1.0,2.0,2242.701953952034
1785,27.833333333333332,57.666666666666664,7.333333333333333,21.5,6.166666666666667,17.333333333333332,11.5,10.166666666666666,11.833333333333334,17.833333333333332,56.166666666666664,4.666666666666667,20.666666666666668,6.833333333333333,10.666666666666666,15.833333333333334,5.166666666666667,16.5,29.833333333333332,34.666666666666664,67.83333333333333,14.833333333333334,34.5,9.666666666666666,25.666666666666668,13.833333333333334,7.333333333333333,13.333333333333334,27.666666666666668,70.0,9.833333333333334,27.5,9.833333333333334,17.0,13.333333333333334,7.5,18.666666666666668,23.166666666666668,1.0,1.0,3.0,1.0,2.0,2337.9058690840434
1786,24.0,61.5,3.6666666666666665,15.5,9.333333333333334,11.5,12.166666666666666,5.0,11.5,22.5,65.66666666666667,5.833333333333333,22.0,8.666666666666666,9.0,10.166666666666666,6.666666666666667,15.333333333333334,6.0,32.0,66.16666666666667,5.833333333333333,15.0,13.0,19.833333333333332,13.666666666666666,7.0,16.5,23.0,63.333333333333336,6.0,21.833333333333332,9.5,11.5,13.5,5.666666666666667,16.333333333333332,18.666666666666668,0.6666666666666666,1.0,3.0,1.0,2.0,2211.822115628352
1787,34.666666666666664,67.83333333333333,14.833333333333334,34.5,9.666666666666666,25.666666666666668,13.833333333333334,7.333333333333333,13.333333333333334,27.666666666666668,70.0,9.833333333333334,27.5,9.833333333333334,17.0,13.333333333333334,7.5,18.666666666666668,23.166666666666668,32.0,66.16666666666667,5.833333333333333,15.0,13.0,19.833333333333332,13.666666666666666,7.0,16.5,23.0,63.333333333333336,6.0,21.833333333333332,9.5,11.5,13.5,5.666666666666667,16.333333333333332,18.666666666666668,1.0,1.0,1.0,1.0,0.0,2306.6339960206624
