,Season,T1_TeamID,T1_Score,T2_TeamID,T2_Score,location,T1_FGM,T1_FGA,T1_FGM3,T1_FGA3,T1_OR,T1_Ast,T1_TO,T1_Stl,T1_PF,T1_opponent_FGM,T1_opponent_FGA,T1_opponent_FGM3,T1_opponent_FGA3,T1_opponent_OR,T1_opponent_Ast,T1_opponent_TO,T1_opponent_Stl,T1_opponent_PF,T1_PointDiff,T2_FGM,T2_FGA,T2_FGM3,T2_FGA3,T2_OR,T2_Ast,T2_TO,T2_Stl,T2_PF,T2_opponent_FGM,T2_opponent_FGA,T2_opponent_FGM3,T2_opponent_FGA3,T2_opponent_OR,T2_opponent_Ast,T2_opponent_TO,T2_opponent_Stl,T2_opponent_PF,T2_PointDiff,T1_win_ratio_14d,T2_win_ratio_14d,T1_seed,T2_seed,Seed_diff,T1_TeamELO,T2_TeamELO,T1_CoachELO,T2_CoachELO
0,2010,3124,69,3201,55,0,22.857142857142858,54.57142857142857,2.2857142857142856,9.285714285714286,11.142857142857142,13.571428571428571,13.857142857142858,5.428571428571429,14.571428571428571,23.285714285714285,59.857142857142854,4.428571428571429,14.428571428571429,11.142857142857142,10.714285714285714,13.285714285714286,6.857142857142857,19.142857142857142,4.428571428571429,27.571428571428573,66.14285714285714,10.285714285714286,26.428571428571427,14.571428571428571,14.428571428571429,15.428571428571429,10.857142857142858,17.571428571428573,25.285714285714285,60.285714285714285,4.0,13.285714285714286,13.285714285714286,13.428571428571429,20.857142857142858,7.0,16.0,16.142857142857142,0.5,0.75,4,13,-9,2110.009680744132,1784.4615850571915,1612.0005275528713,1612.0005275528713
1,2010,3173,67,3395,66,0,24.6,57.2,4.8,16.4,13.8,14.4,15.0,6.2,18.0,21.0,60.4,5.0,14.6,15.4,9.6,15.4,6.6,18.8,11.4,23.6,58.2,7.0,20.2,9.6,15.4,14.6,8.0,17.2,22.6,57.6,6.0,19.6,13.0,14.8,19.0,8.2,16.2,4.4,0.5,0.3333333333333333,8,9,-1,1820.3151656215855,1829.517391136989,1612.0005275528713,1612.0005275528713
2,2010,3181,72,3214,37,1,24.166666666666668,61.666666666666664,5.833333333333333,15.333333333333334,17.5,12.833333333333334,17.166666666666668,13.5,19.166666666666668,20.0,52.833333333333336,5.333333333333333,16.333333333333332,15.0,10.0,23.666666666666668,8.5,21.166666666666668,7.333333333333333,20.285714285714285,52.0,3.857142857142857,14.714285714285714,10.0,11.0,14.857142857142858,8.0,16.857142857142858,16.428571428571427,45.0,1.4285714285714286,6.428571428571429,10.714285714285714,6.0,21.285714285714285,6.285714285714286,16.142857142857142,11.571428571428571,1.0,1.0,2,15,-13,2233.724911107336,1455.6558626009655,1612.0005275528713,1612.0005275528713
3,2010,3199,75,3256,61,1,25.5,59.25,7.75,18.75,14.5,12.0,16.75,8.25,17.0,22.0,56.0,6.5,19.5,10.75,10.5,18.75,7.5,19.5,13.0,27.75,63.625,4.125,12.875,14.5,14.625,14.375,7.125,15.5,25.5,64.625,5.5,19.125,14.375,12.75,15.875,6.75,17.75,4.75,0.0,0.8,3,14,-11,2086.754069084989,1689.3599163135616,1612.0005275528713,1612.0005275528713
4,2010,3207,62,3265,42,0,24.0,62.333333333333336,7.333333333333333,21.666666666666668,16.833333333333332,16.333333333333332,14.166666666666666,12.0,15.166666666666666,20.166666666666668,49.666666666666664,5.833333333333333,21.666666666666668,10.5,14.166666666666666,20.166666666666668,5.833333333333333,14.0,8.333333333333334,24.333333333333332,55.333333333333336,6.0,16.0,9.666666666666666,13.333333333333334,11.666666666666666,8.5,11.5,20.166666666666668,58.666666666666664,5.833333333333333,20.833333333333332,14.166666666666666,9.833333333333334,14.5,6.5,16.166666666666668,12.666666666666666,0.5,1.0,5,12,-7,1913.531437291614,1815.353017980584,1612.0005275528713,1612.0005275528713
5,2010,3208,64,3408,59,0,22.4,55.8,4.0,15.2,14.6,10.0,15.6,7.0,16.2,20.4,56.8,6.8,21.4,13.2,11.4,14.0,7.2,16.8,4.4,23.428571428571427,58.0,5.285714285714286,18.285714285714285,10.285714285714286,13.142857142857142,15.0,9.0,16.285714285714285,24.714285714285715,63.42857142857143,4.0,16.428571428571427,15.714285714285714,12.571428571428571,18.285714285714285,8.0,21.285714285714285,4.0,0.5,1.0,5,12,-7,1945.9267925725328,1740.145901782938,1612.0005275528713,1612.0005275528713
6,2010,3211,82,3314,76,1,32.6,64.0,5.6,14.6,11.2,21.2,12.6,10.8,11.8,17.2,57.8,3.0,13.0,14.2,7.4,22.2,5.2,14.4,37.8,26.2,66.8,3.8,15.2,18.0,13.4,19.6,12.4,21.4,22.8,62.6,5.0,19.2,18.2,12.4,21.2,10.0,20.0,1.6,1.0,0.5,7,10,-3,1969.8480149137783,2031.9806045918208,1612.0005275528713,1612.0005275528713
7,2010,3234,70,3353,63,0,23.833333333333332,59.0,8.5,23.333333333333332,11.833333333333334,13.833333333333334,15.166666666666666,6.166666666666667,13.833333333333334,23.833333333333332,58.833333333333336,5.166666666666667,16.833333333333332,11.833333333333334,14.166666666666666,15.5,6.333333333333333,17.166666666666668,4.0,21.285714285714285,53.857142857142854,3.0,12.0,12.571428571428571,12.714285714285714,17.714285714285715,7.285714285714286,18.0,18.857142857142858,54.142857142857146,6.0,17.285714285714285,13.142857142857142,9.857142857142858,16.571428571428573,8.142857142857142,16.857142857142858,2.5714285714285716,0.6666666666666666,0.75,8,9,-1,1925.5777088016137,1931.354786076076,1612.0005275528713,1612.0005275528713
8,2010,3246,83,3251,77,1,23.5,61.833333333333336,4.5,14.166666666666666,12.0,12.333333333333334,14.666666666666666,10.333333333333334,17.666666666666668,24.0,57.166666666666664,2.5,10.166666666666666,12.333333333333334,13.5,20.833333333333332,6.333333333333333,18.166666666666668,1.1666666666666667,25.555555555555557,51.333333333333336,2.0,6.777777777777778,15.666666666666666,10.777777777777779,17.666666666666668,12.222222222222221,17.333333333333332,18.11111111111111,46.333333333333336,5.222222222222222,15.666666666666666,10.11111111111111,10.444444444444445,20.555555555555557,7.555555555555555,19.555555555555557,16.77777777777778,0.6666666666666666,1.0,4,13,-9,1992.9923739607077,1722.3000103212005,1612.0005275528713,1612.0005275528713
9,2010,3261,60,3216,39,0,24.5,57.0,4.0,11.75,13.0,15.25,10.25,6.5,13.0,23.0,55.5,4.0,11.75,12.0,11.75,14.5,4.75,16.75,8.75,20.333333333333332,50.833333333333336,3.1666666666666665,13.833333333333334,12.833333333333334,9.333333333333334,15.5,6.166666666666667,14.5,17.833333333333332,54.0,2.5,11.5,10.5,6.0,13.166666666666666,6.666666666666667,17.5,14.833333333333334,0.0,0.6666666666666666,7,10,-3,2004.9071920055476,1836.649544171163,1612.0005275528713,1612.0005275528713
10,2010,3277,72,3132,62,0,24.2,57.4,5.0,15.4,13.6,13.0,16.8,10.0,17.0,19.6,55.6,4.2,16.6,13.2,10.4,20.0,8.0,16.8,8.8,24.857142857142858,58.714285714285715,8.714285714285714,19.714285714285715,13.428571428571429,14.142857142857142,16.0,8.428571428571429,15.857142857142858,20.857142857142858,57.142857142857146,4.0,15.285714285714286,10.857142857142858,11.142857142857142,17.428571428571427,6.714285714285714,20.571428571428573,17.142857142857142,0.5,1.0,5,12,-7,1982.9142866926684,1811.8596332539623,1612.0005275528713,1612.0005275528713
11,2010,3329,70,3151,63,0,25.0,65.125,5.5,18.875,14.25,8.5,9.125,6.75,19.0,23.75,57.875,9.25,23.0,10.875,15.125,13.25,3.625,16.875,-2.5,23.8,53.6,10.0,23.6,9.4,12.8,14.2,3.4,14.0,22.2,56.6,4.8,19.4,6.2,12.6,9.4,6.0,17.6,12.4,0.6,1.0,4,13,-9,1955.9360939724968,1724.0028438646098,1612.0005275528713,1612.0005275528713
12,2010,3385,65,3343,47,0,25.0,56.25,4.0,9.0,13.75,14.0,13.75,9.5,14.75,22.0,57.5,3.75,13.75,12.75,13.5,16.25,6.25,18.5,9.75,27.5,63.166666666666664,4.666666666666667,14.5,15.833333333333334,13.833333333333334,13.666666666666666,10.166666666666666,14.833333333333334,19.833333333333332,56.166666666666664,3.6666666666666665,16.5,11.5,11.333333333333334,17.666666666666668,7.166666666666667,15.5,20.833333333333332,0.5,1.0,6,11,-5,1902.502895737165,1604.7419280541865,1612.0005275528713,1612.0005275528713
13,2010,3390,79,3415,47,1,26.714285714285715,56.285714285714285,5.285714285714286,15.714285714285714,11.285714285714286,18.0,12.857142857142858,6.714285714285714,11.714285714285714,18.285714285714285,58.714285714285715,2.7142857142857144,12.142857142857142,12.857142857142858,7.285714285714286,14.142857142857142,5.428571428571429,14.428571428571429,22.714285714285715,21.333333333333332,50.333333333333336,6.666666666666667,20.166666666666668,9.333333333333334,13.666666666666666,18.5,8.5,16.666666666666668,18.833333333333332,49.0,6.0,15.333333333333334,8.333333333333334,9.5,17.333333333333332,7.833333333333333,16.333333333333332,5.0,1.0,0.75,1,16,-15,2336.3276133764416,1547.6440207922246,1612.0005275528713,1612.0005275528713
14,2010,3397,75,3122,42,1,27.166666666666668,60.333333333333336,3.8333333333333335,11.0,16.5,16.5,16.333333333333332,5.166666666666667,16.833333333333332,21.5,62.5,3.8333333333333335,15.333333333333334,13.333333333333334,9.333333333333334,12.333333333333334,6.833333333333333,18.166666666666668,14.833333333333334,23.5,58.833333333333336,4.166666666666667,10.166666666666666,16.5,10.333333333333334,17.5,5.666666666666667,17.833333333333332,24.333333333333332,66.5,6.0,22.333333333333332,16.5,13.5,13.333333333333334,8.0,21.333333333333332,4.666666666666667,1.0,1.0,1,16,-15,2272.278938488664,1403.1603946150142,1612.0005275528713,1612.0005275528713
15,2010,3401,84,3340,53,0,29.125,64.5,4.0,12.0,13.25,16.25,14.125,11.25,19.125,20.875,54.25,3.5,13.0,11.5,13.0,21.375,6.0,17.5,15.375,22.714285714285715,60.0,8.571428571428571,25.857142857142858,13.571428571428571,13.428571428571429,15.714285714285714,9.857142857142858,15.857142857142858,22.0,54.142857142857146,4.428571428571429,14.0,12.0,11.428571428571429,17.285714285714285,7.714285714285714,12.714285714285714,1.7142857142857142,1.0,0.75,2,15,-13,2122.792306366998,1520.6957777045316,1612.0005275528713,1612.0005275528713
16,2010,3114,63,3210,53,0,26.333333333333332,59.5,4.666666666666667,13.333333333333334,13.5,17.0,11.333333333333334,8.833333333333334,15.833333333333334,19.5,49.0,3.5,11.833333333333334,8.666666666666666,8.833333333333334,17.666666666666668,4.0,15.5,16.666666666666668,19.6,51.8,0.8,5.0,14.8,11.4,21.2,8.4,18.8,20.8,54.4,5.0,15.0,12.0,11.6,17.4,10.2,19.4,-0.4,0.6666666666666666,0.5,11,6,5,1832.3518234851624,1920.209853996119,1612.0005275528713,1612.0005275528713
17,2010,3163,95,3380,39,0,28.714285714285715,57.285714285714285,4.714285714285714,14.857142857142858,13.571428571428571,19.571428571428573,15.142857142857142,7.571428571428571,10.571428571428571,19.571428571428573,65.28571428571429,4.0,18.285714285714285,15.142857142857142,10.142857142857142,13.285714285714286,8.0,18.285714285714285,25.571428571428573,22.25,61.0,4.625,14.125,16.25,12.0,19.5,10.625,20.25,16.5,47.875,2.625,9.75,10.125,9.625,22.75,8.25,15.75,8.875,1.0,1.0,1,16,-15,2484.788817881408,1379.409823165788,1612.0005275528713,1612.0005275528713
18,2010,3235,79,3250,42,1,20.0,53.333333333333336,6.166666666666667,22.333333333333332,12.5,12.666666666666666,12.333333333333334,5.666666666666667,12.833333333333334,19.166666666666668,53.5,4.333333333333333,18.166666666666668,10.833333333333334,8.0,12.0,5.5,16.166666666666668,5.333333333333333,24.5,54.5,5.75,18.25,11.25,15.5,16.5,7.5,15.75,20.0,51.5,2.25,13.25,11.5,13.25,18.5,7.75,17.75,14.0,0.3333333333333333,1.0,4,13,-9,1999.4617699152973,1661.001530076256,1612.0005275528713,1612.0005275528713
19,2010,3280,68,3292,64,0,22.0,58.2,5.2,17.4,13.4,11.8,18.0,7.6,16.4,21.8,58.6,4.4,14.2,14.4,12.4,15.4,8.8,14.4,-3.0,33.666666666666664,65.0,11.333333333333334,27.0,9.833333333333334,23.666666666666668,13.833333333333334,11.833333333333334,18.0,24.166666666666668,60.5,6.666666666666667,15.5,14.0,11.5,20.333333333333332,5.666666666666667,16.0,22.833333333333332,0.5,1.0,7,10,-3,1924.3366039487528,1942.9856531678329,1612.0005275528713,1612.0005275528713
20,2010,3304,83,3320,44,0,26.285714285714285,60.857142857142854,4.714285714285714,17.571428571428573,13.428571428571429,12.714285714285714,13.0,9.285714285714286,14.0,24.285714285714285,57.42857142857143,6.0,17.0,10.285714285714286,12.0,18.142857142857142,5.857142857142857,19.0,12.857142857142858,24.0,58.125,8.0,23.25,11.25,15.0,12.5,4.875,19.0,21.875,52.5,4.25,12.125,8.5,9.375,12.875,6.5,18.625,3.875,0.75,0.8,1,16,-15,2074.662622738648,1638.5671211955091,1612.0005275528713,1612.0005275528713
21,2010,3323,86,3156,58,1,26.428571428571427,57.0,4.285714285714286,12.714285714285714,11.0,17.285714285714285,16.571428571428573,10.285714285714286,15.857142857142858,24.142857142857142,55.57142857142857,4.428571428571429,13.857142857142858,12.0,14.428571428571429,18.142857142857142,9.0,14.857142857142858,5.0,25.25,55.125,5.75,15.5,10.5,16.125,16.75,11.0,13.75,22.5,55.25,5.625,20.0,10.25,14.125,19.125,8.125,16.625,10.375,0.5,0.8,2,15,-13,2077.2468866334434,1558.8578188704316,1612.0005275528713,1612.0005275528713
22,2010,3326,93,3384,59,0,25.4,59.6,6.0,18.0,11.0,15.4,13.6,6.2,12.4,24.0,62.2,6.4,16.8,12.2,12.8,14.6,7.4,17.8,10.0,25.833333333333332,59.166666666666664,7.0,18.666666666666668,13.166666666666666,13.666666666666666,16.0,8.166666666666666,16.333333333333332,25.166666666666668,59.5,4.5,14.833333333333334,13.0,13.0,19.833333333333332,6.0,17.0,8.833333333333334,1.0,1.0,2,15,-13,2114.758436148242,1394.4954482928729,1612.0005275528713,1612.0005275528713
23,2010,3328,68,3355,57,1,24.625,59.125,5.25,14.5,13.0,12.5,16.375,5.5,15.375,24.625,63.125,5.0,16.375,12.625,11.5,12.375,7.625,16.625,2.25,27.714285714285715,57.0,9.857142857142858,25.142857142857142,9.714285714285714,19.428571428571427,18.285714285714285,10.714285714285714,15.714285714285714,21.285714285714285,55.857142857142854,6.0,16.714285714285715,8.571428571428571,10.285714285714286,20.857142857142858,10.428571428571429,18.428571428571427,19.857142857142858,0.6,1.0,3,14,-11,2144.994778347126,1768.7753687229372,1612.0005275528713,1612.0005275528713
24,2010,3361,74,3400,63,-1,27.714285714285715,57.714285714285715,5.142857142857143,14.571428571428571,13.0,17.857142857142858,15.285714285714286,10.428571428571429,13.571428571428571,22.285714285714285,56.142857142857146,4.0,14.714285714285714,14.428571428571429,12.571428571428571,18.714285714285715,5.428571428571429,12.571428571428571,12.428571428571429,21.428571428571427,56.714285714285715,5.142857142857143,17.142857142857142,12.714285714285714,11.857142857142858,19.857142857142858,6.428571428571429,16.428571428571427,22.428571428571427,63.42857142857143,4.142857142857143,16.285714285714285,13.857142857142858,10.571428571428571,14.714285714285714,10.428571428571429,18.428571428571427,-0.42857142857142855,1.0,0.75,11,6,5,1866.8551205008132,1974.8596440884944,1612.0005275528713,1612.0005275528713
25,2010,3396,65,3241,53,0,22.666666666666668,64.33333333333333,6.666666666666667,20.5,17.666666666666668,12.666666666666666,14.666666666666666,6.833333333333333,17.0,20.166666666666668,55.333333333333336,5.0,16.166666666666668,11.333333333333334,12.0,16.166666666666668,6.666666666666667,17.166666666666668,3.6666666666666665,25.142857142857142,56.57142857142857,4.571428571428571,16.714285714285715,14.285714285714286,12.714285714285714,16.857142857142858,6.857142857142857,16.428571428571427,20.285714285714285,61.0,4.285714285714286,16.0,14.857142857142858,9.571428571428571,16.0,5.857142857142857,19.857142857142858,16.142857142857142,0.6666666666666666,1.0,8,9,-1,1875.3602780102235,1828.5096150188845,1612.0005275528713,1612.0005275528713
26,2010,3417,74,3301,54,0,26.5,56.875,3.125,8.875,15.125,13.375,19.625,13.5,17.25,20.625,52.75,6.0,17.25,10.625,13.0,22.75,10.0,18.0,10.375,20.0,55.857142857142854,6.0,17.142857142857142,13.142857142857142,10.714285714285714,19.857142857142858,8.714285714285714,17.142857142857142,21.714285714285715,60.285714285714285,3.2857142857142856,13.0,14.857142857142858,9.857142857142858,18.571428571428573,11.428571428571429,19.0,1.5714285714285714,0.8,0.75,8,9,-1,1945.538176194307,1865.249958311748,1612.0005275528713,1612.0005275528713
27,2010,3435,83,3177,76,0,24.0,54.666666666666664,4.666666666666667,13.166666666666666,12.333333333333334,13.0,15.5,4.833333333333333,17.0,23.333333333333332,57.5,5.666666666666667,17.333333333333332,13.333333333333334,15.0,12.833333333333334,5.666666666666667,17.5,0.16666666666666666,23.833333333333332,58.166666666666664,6.333333333333333,18.666666666666668,12.5,16.166666666666668,17.333333333333332,9.5,16.0,21.5,57.333333333333336,5.0,17.166666666666668,14.0,12.5,18.5,10.166666666666666,13.166666666666666,6.833333333333333,0.6666666666666666,0.6666666666666666,6,11,-5,2019.6118936220275,1898.8566253392391,1612.0005275528713,1612.0005275528713
28,2010,3436,64,3458,55,0,20.833333333333332,53.333333333333336,4.166666666666667,13.166666666666666,12.833333333333334,10.666666666666666,12.333333333333334,7.333333333333333,15.833333333333334,16.0,49.166666666666664,3.6666666666666665,14.5,10.333333333333334,8.833333333333334,17.5,3.3333333333333335,18.333333333333332,11.5,26.4,56.6,6.4,17.4,8.8,12.8,12.8,7.4,18.6,18.0,51.2,5.6,15.2,10.2,9.0,15.6,6.0,16.4,9.8,1.0,0.5,10,7,3,1767.4816707339182,1872.985398282972,1612.0005275528713,1612.0005275528713
29,2010,3452,58,3249,43,0,19.428571428571427,52.57142857142857,3.857142857142857,12.857142857142858,11.714285714285714,9.285714285714286,15.285714285714286,9.285714285714286,15.857142857142858,18.714285714285715,55.42857142857143,2.857142857142857,12.428571428571429,14.428571428571429,9.142857142857142,16.428571428571427,7.285714285714286,15.857142857142858,1.2857142857142858,29.25,65.0,6.5,19.125,12.875,20.875,15.375,9.0,15.25,23.625,62.125,5.375,19.125,13.875,13.25,19.0,8.75,17.25,12.5,0.5,0.8,3,14,-11,1997.810152318762,1542.9824383895427,1612.0005275528713,1612.0005275528713
30,2010,3453,69,3438,67,0,26.714285714285715,57.285714285714285,6.714285714285714,17.571428571428573,13.857142857142858,19.0,18.571428571428573,13.285714285714286,17.142857142857142,18.857142857142858,43.57142857142857,3.857142857142857,12.285714285714286,7.571428571428571,12.285714285714286,24.571428571428573,8.714285714285714,15.857142857142858,17.0,19.25,54.25,2.5,11.25,12.0,7.75,17.0,10.0,18.75,22.0,57.5,6.5,16.5,14.0,11.5,19.0,6.5,18.75,-4.25,0.75,0.0,12,5,7,1862.905904167461,1978.2059305571188,1612.0005275528713,1612.0005275528713
31,2010,3462,94,3190,82,1,24.666666666666668,58.833333333333336,5.0,18.0,15.666666666666666,14.5,14.833333333333334,5.833333333333333,12.333333333333334,19.333333333333332,60.0,7.0,23.166666666666668,11.166666666666666,11.333333333333334,13.166666666666666,8.833333333333334,16.166666666666668,13.666666666666666,27.0,64.66666666666667,6.666666666666667,20.5,14.0,14.5,16.5,11.5,15.666666666666666,22.833333333333332,64.16666666666667,4.5,18.333333333333332,15.0,12.0,20.0,6.0,17.0,15.0,1.0,1.0,3,14,-11,2052.075401891109,1612.2621460274345,1612.0005275528713,1612.0005275528713
32,2010,3124,49,3207,33,0,22.857142857142858,54.57142857142857,2.2857142857142856,9.285714285714286,11.142857142857142,13.571428571428571,13.857142857142858,5.428571428571429,14.571428571428571,23.285714285714285,59.857142857142854,4.428571428571429,14.428571428571429,11.142857142857142,10.714285714285714,13.285714285714286,6.857142857142857,19.142857142857142,4.428571428571429,24.0,62.333333333333336,7.333333333333333,21.666666666666668,16.833333333333332,16.333333333333332,14.166666666666666,12.0,15.166666666666666,20.166666666666668,49.666666666666664,5.833333333333333,21.666666666666668,10.5,14.166666666666666,20.166666666666668,5.833333333333333,14.0,8.333333333333334,0.5,0.5,4,5,-1,2110.009680744132,1913.531437291614,1612.0005275528713,1612.0005275528713
33,2010,3181,60,3261,52,1,24.166666666666668,61.666666666666664,5.833333333333333,15.333333333333334,17.5,12.833333333333334,17.166666666666668,13.5,19.166666666666668,20.0,52.833333333333336,5.333333333333333,16.333333333333332,15.0,10.0,23.666666666666668,8.5,21.166666666666668,7.333333333333333,24.5,57.0,4.0,11.75,13.0,15.25,10.25,6.5,13.0,23.0,55.5,4.0,11.75,12.0,11.75,14.5,4.75,16.75,8.75,1.0,0.0,2,7,-5,2233.724911107336,2004.9071920055476,1612.0005275528713,1612.0005275528713
34,2010,3199,66,3385,65,1,25.5,59.25,7.75,18.75,14.5,12.0,16.75,8.25,17.0,22.0,56.0,6.5,19.5,10.75,10.5,18.75,7.5,19.5,13.0,25.0,56.25,4.0,9.0,13.75,14.0,13.75,9.5,14.75,22.0,57.5,3.75,13.75,12.75,13.5,16.25,6.25,18.5,9.75,0.0,0.5,3,6,-3,2086.754069084989,1902.502895737165,1612.0005275528713,1612.0005275528713
35,2010,3208,74,3329,71,0,22.4,55.8,4.0,15.2,14.6,10.0,15.6,7.0,16.2,20.4,56.8,6.8,21.4,13.2,11.4,14.0,7.2,16.8,4.4,25.0,65.125,5.5,18.875,14.25,8.5,9.125,6.75,19.0,23.75,57.875,9.25,23.0,10.875,15.125,13.25,3.625,16.875,-2.5,0.5,0.6,5,4,1,1945.9267925725328,1955.9360939724968,1612.0005275528713,1612.0005275528713
36,2010,3211,72,3401,71,0,32.6,64.0,5.6,14.6,11.2,21.2,12.6,10.8,11.8,17.2,57.8,3.0,13.0,14.2,7.4,22.2,5.2,14.4,37.8,29.125,64.5,4.0,12.0,13.25,16.25,14.125,11.25,19.125,20.875,54.25,3.5,13.0,11.5,13.0,21.375,6.0,17.5,15.375,1.0,1.0,7,2,5,1969.8480149137783,2122.792306366998,1612.0005275528713,1612.0005275528713
37,2010,3246,70,3277,52,1,23.5,61.833333333333336,4.5,14.166666666666666,12.0,12.333333333333334,14.666666666666666,10.333333333333334,17.666666666666668,24.0,57.166666666666664,2.5,10.166666666666666,12.333333333333334,13.5,20.833333333333332,6.333333333333333,18.166666666666668,1.1666666666666667,24.2,57.4,5.0,15.4,13.6,13.0,16.8,10.0,17.0,19.6,55.6,4.2,16.6,13.2,10.4,20.0,8.0,16.8,8.8,0.6666666666666666,0.5,4,5,-1,1992.9923739607077,1982.9142866926684,1612.0005275528713,1612.0005275528713
38,2010,3390,96,3234,67,1,26.714285714285715,56.285714285714285,5.285714285714286,15.714285714285714,11.285714285714286,18.0,12.857142857142858,6.714285714285714,11.714285714285714,18.285714285714285,58.714285714285715,2.7142857142857144,12.142857142857142,12.857142857142858,7.285714285714286,14.142857142857142,5.428571428571429,14.428571428571429,22.714285714285715,23.833333333333332,59.0,8.5,23.333333333333332,11.833333333333334,13.833333333333334,15.166666666666666,6.166666666666667,13.833333333333334,23.833333333333332,58.833333333333336,5.166666666666667,16.833333333333332,11.833333333333334,14.166666666666666,15.5,6.333333333333333,17.166666666666668,4.0,1.0,0.6666666666666666,1,8,-7,2336.3276133764416,1925.5777088016137,1612.0005275528713,1612.0005275528713
39,2010,3397,92,3173,64,1,27.166666666666668,60.333333333333336,3.8333333333333335,11.0,16.5,16.5,16.333333333333332,5.166666666666667,16.833333333333332,21.5,62.5,3.8333333333333335,15.333333333333334,13.333333333333334,9.333333333333334,12.333333333333334,6.833333333333333,18.166666666666668,14.833333333333334,24.6,57.2,4.8,16.4,13.8,14.4,15.0,6.2,18.0,21.0,60.4,5.0,14.6,15.4,9.6,15.4,6.6,18.8,11.4,1.0,0.5,1,8,-7,2272.278938488664,1820.3151656215855,1612.0005275528713,1612.0005275528713
40,2010,3163,90,3396,36,0,28.714285714285715,57.285714285714285,4.714285714285714,14.857142857142858,13.571428571428571,19.571428571428573,15.142857142857142,7.571428571428571,10.571428571428571,19.571428571428573,65.28571428571429,4.0,18.285714285714285,15.142857142857142,10.142857142857142,13.285714285714286,8.0,18.285714285714285,25.571428571428573,22.666666666666668,64.33333333333333,6.666666666666667,20.5,17.666666666666668,12.666666666666666,14.666666666666666,6.833333333333333,17.0,20.166666666666668,55.333333333333336,5.0,16.166666666666668,11.333333333333334,12.0,16.166666666666668,6.666666666666667,17.166666666666668,3.6666666666666665,1.0,0.6666666666666666,1,8,-7,2484.788817881408,1875.3602780102235,1612.0005275528713,1612.0005275528713
41,2010,3235,60,3453,56,1,20.0,53.333333333333336,6.166666666666667,22.333333333333332,12.5,12.666666666666666,12.333333333333334,5.666666666666667,12.833333333333334,19.166666666666668,53.5,4.333333333333333,18.166666666666668,10.833333333333334,8.0,12.0,5.5,16.166666666666668,5.333333333333333,26.714285714285715,57.285714285714285,6.714285714285714,17.571428571428573,13.857142857142858,19.0,18.571428571428573,13.285714285714286,17.142857142857142,18.857142857142858,43.57142857142857,3.857142857142857,12.285714285714286,7.571428571428571,12.285714285714286,24.571428571428573,8.714285714285714,15.857142857142858,17.0,0.3333333333333333,0.75,4,12,-8,1999.4617699152973,1862.905904167461,1612.0005275528713,1612.0005275528713
42,2010,3280,87,3326,67,0,22.0,58.2,5.2,17.4,13.4,11.8,18.0,7.6,16.4,21.8,58.6,4.4,14.2,14.4,12.4,15.4,8.8,14.4,-3.0,25.4,59.6,6.0,18.0,11.0,15.4,13.6,6.2,12.4,24.0,62.2,6.4,16.8,12.2,12.8,14.6,7.4,17.8,10.0,0.5,1.0,7,2,5,1924.3366039487528,2114.758436148242,1612.0005275528713,1612.0005275528713
43,2010,3304,83,3417,70,0,26.285714285714285,60.857142857142854,4.714285714285714,17.571428571428573,13.428571428571429,12.714285714285714,13.0,9.285714285714286,14.0,24.285714285714285,57.42857142857143,6.0,17.0,10.285714285714286,12.0,18.142857142857142,5.857142857142857,19.0,12.857142857142858,26.5,56.875,3.125,8.875,15.125,13.375,19.625,13.5,17.25,20.625,52.75,6.0,17.25,10.625,13.0,22.75,10.0,18.0,10.375,0.75,0.8,1,8,-7,2074.662622738648,1945.538176194307,1612.0005275528713,1612.0005275528713
44,2010,3323,84,3436,66,1,26.428571428571427,57.0,4.285714285714286,12.714285714285714,11.0,17.285714285714285,16.571428571428573,10.285714285714286,15.857142857142858,24.142857142857142,55.57142857142857,4.428571428571429,13.857142857142858,12.0,14.428571428571429,18.142857142857142,9.0,14.857142857142858,5.0,20.833333333333332,53.333333333333336,4.166666666666667,13.166666666666666,12.833333333333334,10.666666666666666,12.333333333333334,7.333333333333333,15.833333333333334,16.0,49.166666666666664,3.6666666666666665,14.5,10.333333333333334,8.833333333333334,17.5,3.3333333333333335,18.333333333333332,11.5,0.5,1.0,2,10,-8,2077.2468866334434,1767.4816707339182,1612.0005275528713,1612.0005275528713
45,2010,3328,60,3114,44,1,24.625,59.125,5.25,14.5,13.0,12.5,16.375,5.5,15.375,24.625,63.125,5.0,16.375,12.625,11.5,12.375,7.625,16.625,2.25,26.333333333333332,59.5,4.666666666666667,13.333333333333334,13.5,17.0,11.333333333333334,8.833333333333334,15.833333333333334,19.5,49.0,3.5,11.833333333333334,8.666666666666666,8.833333333333334,17.666666666666668,4.0,15.5,16.666666666666668,0.6,0.6666666666666666,3,11,-8,2144.994778347126,1832.3518234851624,1612.0005275528713,1612.0005275528713
46,2010,3361,64,3452,55,0,27.714285714285715,57.714285714285715,5.142857142857143,14.571428571428571,13.0,17.857142857142858,15.285714285714286,10.428571428571429,13.571428571428571,22.285714285714285,56.142857142857146,4.0,14.714285714285714,14.428571428571429,12.571428571428571,18.714285714285715,5.428571428571429,12.571428571428571,12.428571428571429,19.428571428571427,52.57142857142857,3.857142857142857,12.857142857142858,11.714285714285714,9.285714285714286,15.285714285714286,9.285714285714286,15.857142857142858,18.714285714285715,55.42857142857143,2.857142857142857,12.428571428571429,14.428571428571429,9.142857142857142,16.428571428571427,7.285714285714286,15.857142857142858,1.2857142857142858,1.0,0.5,11,3,8,1866.8551205008132,1997.810152318762,1612.0005275528713,1612.0005275528713
47,2010,3462,63,3435,62,1,24.666666666666668,58.833333333333336,5.0,18.0,15.666666666666666,14.5,14.833333333333334,5.833333333333333,12.333333333333334,19.333333333333332,60.0,7.0,23.166666666666668,11.166666666666666,11.333333333333334,13.166666666666666,8.833333333333334,16.166666666666668,13.666666666666666,24.0,54.666666666666664,4.666666666666667,13.166666666666666,12.333333333333334,13.0,15.5,4.833333333333333,17.0,23.333333333333332,57.5,5.666666666666667,17.333333333333332,13.333333333333334,15.0,12.833333333333334,5.666666666666667,17.5,0.16666666666666666,1.0,0.6666666666666666,3,6,-3,2052.075401891109,2019.6118936220275,1612.0005275528713,1612.0005275528713
48,2010,3124,77,3397,62,-1,22.857142857142858,54.57142857142857,2.2857142857142856,9.285714285714286,11.142857142857142,13.571428571428571,13.857142857142858,5.428571428571429,14.571428571428571,23.285714285714285,59.857142857142854,4.428571428571429,14.428571428571429,11.142857142857142,10.714285714285714,13.285714285714286,6.857142857142857,19.142857142857142,4.428571428571429,27.166666666666668,60.333333333333336,3.8333333333333335,11.0,16.5,16.5,16.333333333333332,5.166666666666667,16.833333333333332,21.5,62.5,3.8333333333333335,15.333333333333334,13.333333333333334,9.333333333333334,12.333333333333334,6.833333333333333,18.166666666666668,14.833333333333334,0.5,1.0,4,1,3,2110.009680744132,2272.278938488664,1612.0005275528713,1612.0005275528713
49,2010,3181,66,3361,58,0,24.166666666666668,61.666666666666664,5.833333333333333,15.333333333333334,17.5,12.833333333333334,17.166666666666668,13.5,19.166666666666668,20.0,52.833333333333336,5.333333333333333,16.333333333333332,15.0,10.0,23.666666666666668,8.5,21.166666666666668,7.333333333333333,27.714285714285715,57.714285714285715,5.142857142857143,14.571428571428571,13.0,17.857142857142858,15.285714285714286,10.428571428571429,13.571428571428571,22.285714285714285,56.142857142857146,4.0,14.714285714285714,14.428571428571429,12.571428571428571,18.714285714285715,5.428571428571429,12.571428571428571,12.428571428571429,1.0,1.0,2,11,-9,2233.724911107336,1866.8551205008132,1612.0005275528713,1612.0005275528713
50,2010,3390,73,3208,36,1,26.714285714285715,56.285714285714285,5.285714285714286,15.714285714285714,11.285714285714286,18.0,12.857142857142858,6.714285714285714,11.714285714285714,18.285714285714285,58.714285714285715,2.7142857142857144,12.142857142857142,12.857142857142858,7.285714285714286,14.142857142857142,5.428571428571429,14.428571428571429,22.714285714285715,22.4,55.8,4.0,15.2,14.6,10.0,15.6,7.0,16.2,20.4,56.8,6.8,21.4,13.2,11.4,14.0,7.2,16.8,4.4,1.0,0.5,1,5,-4,2336.3276133764416,1945.9267925725328,1612.0005275528713,1612.0005275528713
51,2010,3462,74,3211,56,0,24.666666666666668,58.833333333333336,5.0,18.0,15.666666666666666,14.5,14.833333333333334,5.833333333333333,12.333333333333334,19.333333333333332,60.0,7.0,23.166666666666668,11.166666666666666,11.333333333333334,13.166666666666666,8.833333333333334,16.166666666666668,13.666666666666666,32.6,64.0,5.6,14.6,11.2,21.2,12.6,10.8,11.8,17.2,57.8,3.0,13.0,14.2,7.4,22.2,5.2,14.4,37.8,1.0,1.0,3,7,-4,2052.075401891109,1969.8480149137783,1612.0005275528713,1612.0005275528713
52,2010,3163,74,3235,36,0,28.714285714285715,57.285714285714285,4.714285714285714,14.857142857142858,13.571428571428571,19.571428571428573,15.142857142857142,7.571428571428571,10.571428571428571,19.571428571428573,65.28571428571429,4.0,18.285714285714285,15.142857142857142,10.142857142857142,13.285714285714286,8.0,18.285714285714285,25.571428571428573,20.0,53.333333333333336,6.166666666666667,22.333333333333332,12.5,12.666666666666666,12.333333333333334,5.666666666666667,12.833333333333334,19.166666666666668,53.5,4.333333333333333,18.166666666666668,10.833333333333334,8.0,12.0,5.5,16.166666666666668,5.333333333333333,1.0,0.3333333333333333,1,4,-3,2484.788817881408,1999.4617699152973,1612.0005275528713,1612.0005275528713
53,2010,3199,74,3280,71,0,25.5,59.25,7.75,18.75,14.5,12.0,16.75,8.25,17.0,22.0,56.0,6.5,19.5,10.75,10.5,18.75,7.5,19.5,13.0,22.0,58.2,5.2,17.4,13.4,11.8,18.0,7.6,16.4,21.8,58.6,4.4,14.2,14.4,12.4,15.4,8.8,14.4,-3.0,0.0,0.5,3,7,-4,2086.754069084989,1924.3366039487528,1612.0005275528713,1612.0005275528713
54,2010,3246,76,3304,67,0,23.5,61.833333333333336,4.5,14.166666666666666,12.0,12.333333333333334,14.666666666666666,10.333333333333334,17.666666666666668,24.0,57.166666666666664,2.5,10.166666666666666,12.333333333333334,13.5,20.833333333333332,6.333333333333333,18.166666666666668,1.1666666666666667,26.285714285714285,60.857142857142854,4.714285714285714,17.571428571428573,13.428571428571429,12.714285714285714,13.0,9.285714285714286,14.0,24.285714285714285,57.42857142857143,6.0,17.0,10.285714285714286,12.0,18.142857142857142,5.857142857142857,19.0,12.857142857142858,0.6666666666666666,0.75,4,1,3,1992.9923739607077,2074.662622738648,1612.0005275528713,1612.0005275528713
55,2010,3328,77,3323,72,0,24.625,59.125,5.25,14.5,13.0,12.5,16.375,5.5,15.375,24.625,63.125,5.0,16.375,12.625,11.5,12.375,7.625,16.625,2.25,26.428571428571427,57.0,4.285714285714286,12.714285714285714,11.0,17.285714285714285,16.571428571428573,10.285714285714286,15.857142857142858,24.142857142857142,55.57142857142857,4.428571428571429,13.857142857142858,12.0,14.428571428571429,18.142857142857142,9.0,14.857142857142858,5.0,0.6,0.5,3,2,1,2144.994778347126,2077.2468866334434,1612.0005275528713,1612.0005275528713
56,2010,3124,51,3181,48,0,22.857142857142858,54.57142857142857,2.2857142857142856,9.285714285714286,11.142857142857142,13.571428571428571,13.857142857142858,5.428571428571429,14.571428571428571,23.285714285714285,59.857142857142854,4.428571428571429,14.428571428571429,11.142857142857142,10.714285714285714,13.285714285714286,6.857142857142857,19.142857142857142,4.428571428571429,24.166666666666668,61.666666666666664,5.833333333333333,15.333333333333334,17.5,12.833333333333334,17.166666666666668,13.5,19.166666666666668,20.0,52.833333333333336,5.333333333333333,16.333333333333332,15.0,10.0,23.666666666666668,8.5,21.166666666666668,7.333333333333333,0.5,1.0,4,2,2,2110.009680744132,2233.724911107336,1612.0005275528713,1612.0005275528713
57,2010,3390,55,3462,53,1,26.714285714285715,56.285714285714285,5.285714285714286,15.714285714285714,11.285714285714286,18.0,12.857142857142858,6.714285714285714,11.714285714285714,18.285714285714285,58.714285714285715,2.7142857142857144,12.142857142857142,12.857142857142858,7.285714285714286,14.142857142857142,5.428571428571429,14.428571428571429,22.714285714285715,24.666666666666668,58.833333333333336,5.0,18.0,15.666666666666666,14.5,14.833333333333334,5.833333333333333,12.333333333333334,19.333333333333332,60.0,7.0,23.166666666666668,11.166666666666666,11.333333333333334,13.166666666666666,8.833333333333334,16.166666666666668,13.666666666666666,1.0,1.0,1,3,-2,2336.3276133764416,2052.075401891109,1612.0005275528713,1612.0005275528713
58,2010,3163,90,3199,50,0,28.714285714285715,57.285714285714285,4.714285714285714,14.857142857142858,13.571428571428571,19.571428571428573,15.142857142857142,7.571428571428571,10.571428571428571,19.571428571428573,65.28571428571429,4.0,18.285714285714285,15.142857142857142,10.142857142857142,13.285714285714286,8.0,18.285714285714285,25.571428571428573,25.5,59.25,7.75,18.75,14.5,12.0,16.75,8.25,17.0,22.0,56.0,6.5,19.5,10.75,10.5,18.75,7.5,19.5,13.0,1.0,0.0,1,3,-2,2484.788817881408,2086.754069084989,1612.0005275528713,1612.0005275528713
59,2010,3328,88,3246,68,0,24.625,59.125,5.25,14.5,13.0,12.5,16.375,5.5,15.375,24.625,63.125,5.0,16.375,12.625,11.5,12.375,7.625,16.625,2.25,23.5,61.833333333333336,4.5,14.166666666666666,12.0,12.333333333333334,14.666666666666666,10.333333333333334,17.666666666666668,24.0,57.166666666666664,2.5,10.166666666666666,12.333333333333334,13.5,20.833333333333332,6.333333333333333,18.166666666666668,1.1666666666666667,0.6,0.6666666666666666,3,4,-1,2144.994778347126,1992.9923739607077,1612.0005275528713,1612.0005275528713
60,2010,3163,70,3124,50,0,28.714285714285715,57.285714285714285,4.714285714285714,14.857142857142858,13.571428571428571,19.571428571428573,15.142857142857142,7.571428571428571,10.571428571428571,19.571428571428573,65.28571428571429,4.0,18.285714285714285,15.142857142857142,10.142857142857142,13.285714285714286,8.0,18.285714285714285,25.571428571428573,22.857142857142858,54.57142857142857,2.2857142857142856,9.285714285714286,11.142857142857142,13.571428571428571,13.857142857142858,5.428571428571429,14.571428571428571,23.285714285714285,59.857142857142854,4.428571428571429,14.428571428571429,11.142857142857142,10.714285714285714,13.285714285714286,6.857142857142857,19.142857142857142,4.428571428571429,1.0,0.5,1,4,-3,2484.788817881408,2110.009680744132,1612.0005275528713,1612.0005275528713
61,2010,3390,73,3328,66,0,26.714285714285715,56.285714285714285,5.285714285714286,15.714285714285714,11.285714285714286,18.0,12.857142857142858,6.714285714285714,11.714285714285714,18.285714285714285,58.714285714285715,2.7142857142857144,12.142857142857142,12.857142857142858,7.285714285714286,14.142857142857142,5.428571428571429,14.428571428571429,22.714285714285715,24.625,59.125,5.25,14.5,13.0,12.5,16.375,5.5,15.375,24.625,63.125,5.0,16.375,12.625,11.5,12.375,7.625,16.625,2.25,1.0,0.6,1,3,-2,2336.3276133764416,2144.994778347126,1612.0005275528713,1612.0005275528713
62,2010,3163,53,3390,47,0,28.714285714285715,57.285714285714285,4.714285714285714,14.857142857142858,13.571428571428571,19.571428571428573,15.142857142857142,7.571428571428571,10.571428571428571,19.571428571428573,65.28571428571429,4.0,18.285714285714285,15.142857142857142,10.142857142857142,13.285714285714286,8.0,18.285714285714285,25.571428571428573,26.714285714285715,56.285714285714285,5.285714285714286,15.714285714285714,11.285714285714286,18.0,12.857142857142858,6.714285714285714,11.714285714285714,18.285714285714285,58.714285714285715,2.7142857142857144,12.142857142857142,12.857142857142858,7.285714285714286,14.142857142857142,5.428571428571429,14.428571428571429,22.714285714285715,1.0,1.0,1,1,0,2484.788817881408,2336.3276133764416,1612.0005275528713,1612.0005275528713
63,2010,3201,55,3124,69,0,27.571428571428573,66.14285714285714,10.285714285714286,26.428571428571427,14.571428571428571,14.428571428571429,15.428571428571429,10.857142857142858,17.571428571428573,25.285714285714285,60.285714285714285,4.0,13.285714285714286,13.285714285714286,13.428571428571429,20.857142857142858,7.0,16.0,16.142857142857142,22.857142857142858,54.57142857142857,2.2857142857142856,9.285714285714286,11.142857142857142,13.571428571428571,13.857142857142858,5.428571428571429,14.571428571428571,23.285714285714285,59.857142857142854,4.428571428571429,14.428571428571429,11.142857142857142,10.714285714285714,13.285714285714286,6.857142857142857,19.142857142857142,4.428571428571429,0.75,0.5,13,4,9,1784.4615850571915,2110.009680744132,1612.0005275528713,1612.0005275528713
64,2010,3395,66,3173,67,0,23.6,58.2,7.0,20.2,9.6,15.4,14.6,8.0,17.2,22.6,57.6,6.0,19.6,13.0,14.8,19.0,8.2,16.2,4.4,24.6,57.2,4.8,16.4,13.8,14.4,15.0,6.2,18.0,21.0,60.4,5.0,14.6,15.4,9.6,15.4,6.6,18.8,11.4,0.3333333333333333,0.5,9,8,1,1829.517391136989,1820.3151656215855,1612.0005275528713,1612.0005275528713
65,2010,3214,37,3181,72,-1,20.285714285714285,52.0,3.857142857142857,14.714285714285714,10.0,11.0,14.857142857142858,8.0,16.857142857142858,16.428571428571427,45.0,1.4285714285714286,6.428571428571429,10.714285714285714,6.0,21.285714285714285,6.285714285714286,16.142857142857142,11.571428571428571,24.166666666666668,61.666666666666664,5.833333333333333,15.333333333333334,17.5,12.833333333333334,17.166666666666668,13.5,19.166666666666668,20.0,52.833333333333336,5.333333333333333,16.333333333333332,15.0,10.0,23.666666666666668,8.5,21.166666666666668,7.333333333333333,1.0,1.0,15,2,13,1455.6558626009655,2233.724911107336,1612.0005275528713,1612.0005275528713
66,2010,3256,61,3199,75,-1,27.75,63.625,4.125,12.875,14.5,14.625,14.375,7.125,15.5,25.5,64.625,5.5,19.125,14.375,12.75,15.875,6.75,17.75,4.75,25.5,59.25,7.75,18.75,14.5,12.0,16.75,8.25,17.0,22.0,56.0,6.5,19.5,10.75,10.5,18.75,7.5,19.5,13.0,0.8,0.0,14,3,11,1689.3599163135616,2086.754069084989,1612.0005275528713,1612.0005275528713
67,2010,3265,42,3207,62,0,24.333333333333332,55.333333333333336,6.0,16.0,9.666666666666666,13.333333333333334,11.666666666666666,8.5,11.5,20.166666666666668,58.666666666666664,5.833333333333333,20.833333333333332,14.166666666666666,9.833333333333334,14.5,6.5,16.166666666666668,12.666666666666666,24.0,62.333333333333336,7.333333333333333,21.666666666666668,16.833333333333332,16.333333333333332,14.166666666666666,12.0,15.166666666666666,20.166666666666668,49.666666666666664,5.833333333333333,21.666666666666668,10.5,14.166666666666666,20.166666666666668,5.833333333333333,14.0,8.333333333333334,1.0,0.5,12,5,7,1815.353017980584,1913.531437291614,1612.0005275528713,1612.0005275528713
68,2010,3408,59,3208,64,0,23.428571428571427,58.0,5.285714285714286,18.285714285714285,10.285714285714286,13.142857142857142,15.0,9.0,16.285714285714285,24.714285714285715,63.42857142857143,4.0,16.428571428571427,15.714285714285714,12.571428571428571,18.285714285714285,8.0,21.285714285714285,4.0,22.4,55.8,4.0,15.2,14.6,10.0,15.6,7.0,16.2,20.4,56.8,6.8,21.4,13.2,11.4,14.0,7.2,16.8,4.4,1.0,0.5,12,5,7,1740.145901782938,1945.9267925725328,1612.0005275528713,1612.0005275528713
69,2010,3314,76,3211,82,-1,26.2,66.8,3.8,15.2,18.0,13.4,19.6,12.4,21.4,22.8,62.6,5.0,19.2,18.2,12.4,21.2,10.0,20.0,1.6,32.6,64.0,5.6,14.6,11.2,21.2,12.6,10.8,11.8,17.2,57.8,3.0,13.0,14.2,7.4,22.2,5.2,14.4,37.8,0.5,1.0,10,7,3,2031.9806045918208,1969.8480149137783,1612.0005275528713,1612.0005275528713
70,2010,3353,63,3234,70,0,21.285714285714285,53.857142857142854,3.0,12.0,12.571428571428571,12.714285714285714,17.714285714285715,7.285714285714286,18.0,18.857142857142858,54.142857142857146,6.0,17.285714285714285,13.142857142857142,9.857142857142858,16.571428571428573,8.142857142857142,16.857142857142858,2.5714285714285716,23.833333333333332,59.0,8.5,23.333333333333332,11.833333333333334,13.833333333333334,15.166666666666666,6.166666666666667,13.833333333333334,23.833333333333332,58.833333333333336,5.166666666666667,16.833333333333332,11.833333333333334,14.166666666666666,15.5,6.333333333333333,17.166666666666668,4.0,0.75,0.6666666666666666,9,8,1,1931.354786076076,1925.5777088016137,1612.0005275528713,1612.0005275528713
71,2010,3251,77,3246,83,-1,25.555555555555557,51.333333333333336,2.0,6.777777777777778,15.666666666666666,10.777777777777779,17.666666666666668,12.222222222222221,17.333333333333332,18.11111111111111,46.333333333333336,5.222222222222222,15.666666666666666,10.11111111111111,10.444444444444445,20.555555555555557,7.555555555555555,19.555555555555557,16.77777777777778,23.5,61.833333333333336,4.5,14.166666666666666,12.0,12.333333333333334,14.666666666666666,10.333333333333334,17.666666666666668,24.0,57.166666666666664,2.5,10.166666666666666,12.333333333333334,13.5,20.833333333333332,6.333333333333333,18.166666666666668,1.1666666666666667,1.0,0.6666666666666666,13,4,9,1722.3000103212005,1992.9923739607077,1612.0005275528713,1612.0005275528713
72,2010,3216,39,3261,60,0,20.333333333333332,50.833333333333336,3.1666666666666665,13.833333333333334,12.833333333333334,9.333333333333334,15.5,6.166666666666667,14.5,17.833333333333332,54.0,2.5,11.5,10.5,6.0,13.166666666666666,6.666666666666667,17.5,14.833333333333334,24.5,57.0,4.0,11.75,13.0,15.25,10.25,6.5,13.0,23.0,55.5,4.0,11.75,12.0,11.75,14.5,4.75,16.75,8.75,0.6666666666666666,0.0,10,7,3,1836.649544171163,2004.9071920055476,1612.0005275528713,1612.0005275528713
73,2010,3132,62,3277,72,0,24.857142857142858,58.714285714285715,8.714285714285714,19.714285714285715,13.428571428571429,14.142857142857142,16.0,8.428571428571429,15.857142857142858,20.857142857142858,57.142857142857146,4.0,15.285714285714286,10.857142857142858,11.142857142857142,17.428571428571427,6.714285714285714,20.571428571428573,17.142857142857142,24.2,57.4,5.0,15.4,13.6,13.0,16.8,10.0,17.0,19.6,55.6,4.2,16.6,13.2,10.4,20.0,8.0,16.8,8.8,1.0,0.5,12,5,7,1811.8596332539623,1982.9142866926684,1612.0005275528713,1612.0005275528713
74,2010,3151,63,3329,70,0,23.8,53.6,10.0,23.6,9.4,12.8,14.2,3.4,14.0,22.2,56.6,4.8,19.4,6.2,12.6,9.4,6.0,17.6,12.4,25.0,65.125,5.5,18.875,14.25,8.5,9.125,6.75,19.0,23.75,57.875,9.25,23.0,10.875,15.125,13.25,3.625,16.875,-2.5,1.0,0.6,13,4,9,1724.0028438646098,1955.9360939724968,1612.0005275528713,1612.0005275528713
75,2010,3343,47,3385,65,0,27.5,63.166666666666664,4.666666666666667,14.5,15.833333333333334,13.833333333333334,13.666666666666666,10.166666666666666,14.833333333333334,19.833333333333332,56.166666666666664,3.6666666666666665,16.5,11.5,11.333333333333334,17.666666666666668,7.166666666666667,15.5,20.833333333333332,25.0,56.25,4.0,9.0,13.75,14.0,13.75,9.5,14.75,22.0,57.5,3.75,13.75,12.75,13.5,16.25,6.25,18.5,9.75,1.0,0.5,11,6,5,1604.7419280541865,1902.502895737165,1612.0005275528713,1612.0005275528713
76,2010,3415,47,3390,79,-1,21.333333333333332,50.333333333333336,6.666666666666667,20.166666666666668,9.333333333333334,13.666666666666666,18.5,8.5,16.666666666666668,18.833333333333332,49.0,6.0,15.333333333333334,8.333333333333334,9.5,17.333333333333332,7.833333333333333,16.333333333333332,5.0,26.714285714285715,56.285714285714285,5.285714285714286,15.714285714285714,11.285714285714286,18.0,12.857142857142858,6.714285714285714,11.714285714285714,18.285714285714285,58.714285714285715,2.7142857142857144,12.142857142857142,12.857142857142858,7.285714285714286,14.142857142857142,5.428571428571429,14.428571428571429,22.714285714285715,0.75,1.0,16,1,15,1547.6440207922246,2336.3276133764416,1612.0005275528713,1612.0005275528713
77,2010,3122,42,3397,75,-1,23.5,58.833333333333336,4.166666666666667,10.166666666666666,16.5,10.333333333333334,17.5,5.666666666666667,17.833333333333332,24.333333333333332,66.5,6.0,22.333333333333332,16.5,13.5,13.333333333333334,8.0,21.333333333333332,4.666666666666667,27.166666666666668,60.333333333333336,3.8333333333333335,11.0,16.5,16.5,16.333333333333332,5.166666666666667,16.833333333333332,21.5,62.5,3.8333333333333335,15.333333333333334,13.333333333333334,9.333333333333334,12.333333333333334,6.833333333333333,18.166666666666668,14.833333333333334,1.0,1.0,16,1,15,1403.1603946150142,2272.278938488664,1612.0005275528713,1612.0005275528713
78,2010,3340,53,3401,84,0,22.714285714285715,60.0,8.571428571428571,25.857142857142858,13.571428571428571,13.428571428571429,15.714285714285714,9.857142857142858,15.857142857142858,22.0,54.142857142857146,4.428571428571429,14.0,12.0,11.428571428571429,17.285714285714285,7.714285714285714,12.714285714285714,1.7142857142857142,29.125,64.5,4.0,12.0,13.25,16.25,14.125,11.25,19.125,20.875,54.25,3.5,13.0,11.5,13.0,21.375,6.0,17.5,15.375,0.75,1.0,15,2,13,1520.6957777045316,2122.792306366998,1612.0005275528713,1612.0005275528713
79,2010,3210,53,3114,63,0,19.6,51.8,0.8,5.0,14.8,11.4,21.2,8.4,18.8,20.8,54.4,5.0,15.0,12.0,11.6,17.4,10.2,19.4,-0.4,26.333333333333332,59.5,4.666666666666667,13.333333333333334,13.5,17.0,11.333333333333334,8.833333333333334,15.833333333333334,19.5,49.0,3.5,11.833333333333334,8.666666666666666,8.833333333333334,17.666666666666668,4.0,15.5,16.666666666666668,0.5,0.6666666666666666,6,11,-5,1920.209853996119,1832.3518234851624,1612.0005275528713,1612.0005275528713
80,2010,3380,39,3163,95,0,22.25,61.0,4.625,14.125,16.25,12.0,19.5,10.625,20.25,16.5,47.875,2.625,9.75,10.125,9.625,22.75,8.25,15.75,8.875,28.714285714285715,57.285714285714285,4.714285714285714,14.857142857142858,13.571428571428571,19.571428571428573,15.142857142857142,7.571428571428571,10.571428571428571,19.571428571428573,65.28571428571429,4.0,18.285714285714285,15.142857142857142,10.142857142857142,13.285714285714286,8.0,18.285714285714285,25.571428571428573,1.0,1.0,16,1,15,1379.409823165788,2484.788817881408,1612.0005275528713,1612.0005275528713
81,2010,3250,42,3235,79,-1,24.5,54.5,5.75,18.25,11.25,15.5,16.5,7.5,15.75,20.0,51.5,2.25,13.25,11.5,13.25,18.5,7.75,17.75,14.0,20.0,53.333333333333336,6.166666666666667,22.333333333333332,12.5,12.666666666666666,12.333333333333334,5.666666666666667,12.833333333333334,19.166666666666668,53.5,4.333333333333333,18.166666666666668,10.833333333333334,8.0,12.0,5.5,16.166666666666668,5.333333333333333,1.0,0.3333333333333333,13,4,9,1661.001530076256,1999.4617699152973,1612.0005275528713,1612.0005275528713
82,2010,3292,64,3280,68,0,33.666666666666664,65.0,11.333333333333334,27.0,9.833333333333334,23.666666666666668,13.833333333333334,11.833333333333334,18.0,24.166666666666668,60.5,6.666666666666667,15.5,14.0,11.5,20.333333333333332,5.666666666666667,16.0,22.833333333333332,22.0,58.2,5.2,17.4,13.4,11.8,18.0,7.6,16.4,21.8,58.6,4.4,14.2,14.4,12.4,15.4,8.8,14.4,-3.0,1.0,0.5,10,7,3,1942.9856531678329,1924.3366039487528,1612.0005275528713,1612.0005275528713
83,2010,3320,44,3304,83,0,24.0,58.125,8.0,23.25,11.25,15.0,12.5,4.875,19.0,21.875,52.5,4.25,12.125,8.5,9.375,12.875,6.5,18.625,3.875,26.285714285714285,60.857142857142854,4.714285714285714,17.571428571428573,13.428571428571429,12.714285714285714,13.0,9.285714285714286,14.0,24.285714285714285,57.42857142857143,6.0,17.0,10.285714285714286,12.0,18.142857142857142,5.857142857142857,19.0,12.857142857142858,0.8,0.75,16,1,15,1638.5671211955091,2074.662622738648,1612.0005275528713,1612.0005275528713
84,2010,3156,58,3323,86,-1,25.25,55.125,5.75,15.5,10.5,16.125,16.75,11.0,13.75,22.5,55.25,5.625,20.0,10.25,14.125,19.125,8.125,16.625,10.375,26.428571428571427,57.0,4.285714285714286,12.714285714285714,11.0,17.285714285714285,16.571428571428573,10.285714285714286,15.857142857142858,24.142857142857142,55.57142857142857,4.428571428571429,13.857142857142858,12.0,14.428571428571429,18.142857142857142,9.0,14.857142857142858,5.0,0.8,0.5,15,2,13,1558.8578188704316,2077.2468866334434,1612.0005275528713,1612.0005275528713
85,2010,3384,59,3326,93,0,25.833333333333332,59.166666666666664,7.0,18.666666666666668,13.166666666666666,13.666666666666666,16.0,8.166666666666666,16.333333333333332,25.166666666666668,59.5,4.5,14.833333333333334,13.0,13.0,19.833333333333332,6.0,17.0,8.833333333333334,25.4,59.6,6.0,18.0,11.0,15.4,13.6,6.2,12.4,24.0,62.2,6.4,16.8,12.2,12.8,14.6,7.4,17.8,10.0,1.0,1.0,15,2,13,1394.4954482928729,2114.758436148242,1612.0005275528713,1612.0005275528713
86,2010,3355,57,3328,68,-1,27.714285714285715,57.0,9.857142857142858,25.142857142857142,9.714285714285714,19.428571428571427,18.285714285714285,10.714285714285714,15.714285714285714,21.285714285714285,55.857142857142854,6.0,16.714285714285715,8.571428571428571,10.285714285714286,20.857142857142858,10.428571428571429,18.428571428571427,19.857142857142858,24.625,59.125,5.25,14.5,13.0,12.5,16.375,5.5,15.375,24.625,63.125,5.0,16.375,12.625,11.5,12.375,7.625,16.625,2.25,1.0,0.6,14,3,11,1768.7753687229372,2144.994778347126,1612.0005275528713,1612.0005275528713
87,2010,3400,63,3361,74,1,21.428571428571427,56.714285714285715,5.142857142857143,17.142857142857142,12.714285714285714,11.857142857142858,19.857142857142858,6.428571428571429,16.428571428571427,22.428571428571427,63.42857142857143,4.142857142857143,16.285714285714285,13.857142857142858,10.571428571428571,14.714285714285714,10.428571428571429,18.428571428571427,-0.42857142857142855,27.714285714285715,57.714285714285715,5.142857142857143,14.571428571428571,13.0,17.857142857142858,15.285714285714286,10.428571428571429,13.571428571428571,22.285714285714285,56.142857142857146,4.0,14.714285714285714,14.428571428571429,12.571428571428571,18.714285714285715,5.428571428571429,12.571428571428571,12.428571428571429,0.75,1.0,6,11,-5,1974.8596440884944,1866.8551205008132,1612.0005275528713,1612.0005275528713
88,2010,3241,53,3396,65,0,25.142857142857142,56.57142857142857,4.571428571428571,16.714285714285715,14.285714285714286,12.714285714285714,16.857142857142858,6.857142857142857,16.428571428571427,20.285714285714285,61.0,4.285714285714286,16.0,14.857142857142858,9.571428571428571,16.0,5.857142857142857,19.857142857142858,16.142857142857142,22.666666666666668,64.33333333333333,6.666666666666667,20.5,17.666666666666668,12.666666666666666,14.666666666666666,6.833333333333333,17.0,20.166666666666668,55.333333333333336,5.0,16.166666666666668,11.333333333333334,12.0,16.166666666666668,6.666666666666667,17.166666666666668,3.6666666666666665,1.0,0.6666666666666666,9,8,1,1828.5096150188845,1875.3602780102235,1612.0005275528713,1612.0005275528713
89,2010,3301,54,3417,74,0,20.0,55.857142857142854,6.0,17.142857142857142,13.142857142857142,10.714285714285714,19.857142857142858,8.714285714285714,17.142857142857142,21.714285714285715,60.285714285714285,3.2857142857142856,13.0,14.857142857142858,9.857142857142858,18.571428571428573,11.428571428571429,19.0,1.5714285714285714,26.5,56.875,3.125,8.875,15.125,13.375,19.625,13.5,17.25,20.625,52.75,6.0,17.25,10.625,13.0,22.75,10.0,18.0,10.375,0.75,0.8,9,8,1,1865.249958311748,1945.538176194307,1612.0005275528713,1612.0005275528713
90,2010,3177,76,3435,83,0,23.833333333333332,58.166666666666664,6.333333333333333,18.666666666666668,12.5,16.166666666666668,17.333333333333332,9.5,16.0,21.5,57.333333333333336,5.0,17.166666666666668,14.0,12.5,18.5,10.166666666666666,13.166666666666666,6.833333333333333,24.0,54.666666666666664,4.666666666666667,13.166666666666666,12.333333333333334,13.0,15.5,4.833333333333333,17.0,23.333333333333332,57.5,5.666666666666667,17.333333333333332,13.333333333333334,15.0,12.833333333333334,5.666666666666667,17.5,0.16666666666666666,0.6666666666666666,0.6666666666666666,11,6,5,1898.8566253392391,2019.6118936220275,1612.0005275528713,1612.0005275528713
91,2010,3458,55,3436,64,0,26.4,56.6,6.4,17.4,8.8,12.8,12.8,7.4,18.6,18.0,51.2,5.6,15.2,10.2,9.0,15.6,6.0,16.4,9.8,20.833333333333332,53.333333333333336,4.166666666666667,13.166666666666666,12.833333333333334,10.666666666666666,12.333333333333334,7.333333333333333,15.833333333333334,16.0,49.166666666666664,3.6666666666666665,14.5,10.333333333333334,8.833333333333334,17.5,3.3333333333333335,18.333333333333332,11.5,0.5,1.0,7,10,-3,1872.985398282972,1767.4816707339182,1612.0005275528713,1612.0005275528713
92,2010,3249,43,3452,58,0,29.25,65.0,6.5,19.125,12.875,20.875,15.375,9.0,15.25,23.625,62.125,5.375,19.125,13.875,13.25,19.0,8.75,17.25,12.5,19.428571428571427,52.57142857142857,3.857142857142857,12.857142857142858,11.714285714285714,9.285714285714286,15.285714285714286,9.285714285714286,15.857142857142858,18.714285714285715,55.42857142857143,2.857142857142857,12.428571428571429,14.428571428571429,9.142857142857142,16.428571428571427,7.285714285714286,15.857142857142858,1.2857142857142858,0.8,0.5,14,3,11,1542.9824383895427,1997.810152318762,1612.0005275528713,1612.0005275528713
93,2010,3438,67,3453,69,0,19.25,54.25,2.5,11.25,12.0,7.75,17.0,10.0,18.75,22.0,57.5,6.5,16.5,14.0,11.5,19.0,6.5,18.75,-4.25,26.714285714285715,57.285714285714285,6.714285714285714,17.571428571428573,13.857142857142858,19.0,18.571428571428573,13.285714285714286,17.142857142857142,18.857142857142858,43.57142857142857,3.857142857142857,12.285714285714286,7.571428571428571,12.285714285714286,24.571428571428573,8.714285714285714,15.857142857142858,17.0,0.0,0.75,5,12,-7,1978.2059305571188,1862.905904167461,1612.0005275528713,1612.0005275528713
94,2010,3190,82,3462,94,-1,27.0,64.66666666666667,6.666666666666667,20.5,14.0,14.5,16.5,11.5,15.666666666666666,22.833333333333332,64.16666666666667,4.5,18.333333333333332,15.0,12.0,20.0,6.0,17.0,15.0,24.666666666666668,58.833333333333336,5.0,18.0,15.666666666666666,14.5,14.833333333333334,5.833333333333333,12.333333333333334,19.333333333333332,60.0,7.0,23.166666666666668,11.166666666666666,11.333333333333334,13.166666666666666,8.833333333333334,16.166666666666668,13.666666666666666,1.0,1.0,14,3,11,1612.2621460274345,2052.075401891109,1612.0005275528713,1612.0005275528713
95,2010,3207,33,3124,49,0,24.0,62.333333333333336,7.333333333333333,21.666666666666668,16.833333333333332,16.333333333333332,14.166666666666666,12.0,15.166666666666666,20.166666666666668,49.666666666666664,5.833333333333333,21.666666666666668,10.5,14.166666666666666,20.166666666666668,5.833333333333333,14.0,8.333333333333334,22.857142857142858,54.57142857142857,2.2857142857142856,9.285714285714286,11.142857142857142,13.571428571428571,13.857142857142858,5.428571428571429,14.571428571428571,23.285714285714285,59.857142857142854,4.428571428571429,14.428571428571429,11.142857142857142,10.714285714285714,13.285714285714286,6.857142857142857,19.142857142857142,4.428571428571429,0.5,0.5,5,4,1,1913.531437291614,2110.009680744132,1612.0005275528713,1612.0005275528713
96,2010,3261,52,3181,60,-1,24.5,57.0,4.0,11.75,13.0,15.25,10.25,6.5,13.0,23.0,55.5,4.0,11.75,12.0,11.75,14.5,4.75,16.75,8.75,24.166666666666668,61.666666666666664,5.833333333333333,15.333333333333334,17.5,12.833333333333334,17.166666666666668,13.5,19.166666666666668,20.0,52.833333333333336,5.333333333333333,16.333333333333332,15.0,10.0,23.666666666666668,8.5,21.166666666666668,7.333333333333333,0.0,1.0,7,2,5,2004.9071920055476,2233.724911107336,1612.0005275528713,1612.0005275528713
97,2010,3385,65,3199,66,-1,25.0,56.25,4.0,9.0,13.75,14.0,13.75,9.5,14.75,22.0,57.5,3.75,13.75,12.75,13.5,16.25,6.25,18.5,9.75,25.5,59.25,7.75,18.75,14.5,12.0,16.75,8.25,17.0,22.0,56.0,6.5,19.5,10.75,10.5,18.75,7.5,19.5,13.0,0.5,0.0,6,3,3,1902.502895737165,2086.754069084989,1612.0005275528713,1612.0005275528713
98,2010,3329,71,3208,74,0,25.0,65.125,5.5,18.875,14.25,8.5,9.125,6.75,19.0,23.75,57.875,9.25,23.0,10.875,15.125,13.25,3.625,16.875,-2.5,22.4,55.8,4.0,15.2,14.6,10.0,15.6,7.0,16.2,20.4,56.8,6.8,21.4,13.2,11.4,14.0,7.2,16.8,4.4,0.6,0.5,4,5,-1,1955.9360939724968,1945.9267925725328,1612.0005275528713,1612.0005275528713
99,2010,3401,71,3211,72,0,29.125,64.5,4.0,12.0,13.25,16.25,14.125,11.25,19.125,20.875,54.25,3.5,13.0,11.5,13.0,21.375,6.0,17.5,15.375,32.6,64.0,5.6,14.6,11.2,21.2,12.6,10.8,11.8,17.2,57.8,3.0,13.0,14.2,7.4,22.2,5.2,14.4,37.8,1.0,1.0,2,7,-5,2122.792306366998,1969.8480149137783,1612.0005275528713,1612.0005275528713
100,2010,3277,52,3246,70,-1,24.2,57.4,5.0,15.4,13.6,13.0,16.8,10.0,17.0,19.6,55.6,4.2,16.6,13.2,10.4,20.0,8.0,16.8,8.8,23.5,61.833333333333336,4.5,14.166666666666666,12.0,12.333333333333334,14.666666666666666,10.333333333333334,17.666666666666668,24.0,57.166666666666664,2.5,10.166666666666666,12.333333333333334,13.5,20.833333333333332,6.333333333333333,18.166666666666668,1.1666666666666667,0.5,0.6666666666666666,5,4,1,1982.9142866926684,1992.9923739607077,1612.0005275528713,1612.0005275528713
101,2010,3234,67,3390,96,-1,23.833333333333332,59.0,8.5,23.333333333333332,11.833333333333334,13.833333333333334,15.166666666666666,6.166666666666667,13.833333333333334,23.833333333333332,58.833333333333336,5.166666666666667,16.833333333333332,11.833333333333334,14.166666666666666,15.5,6.333333333333333,17.166666666666668,4.0,26.714285714285715,56.285714285714285,5.285714285714286,15.714285714285714,11.285714285714286,18.0,12.857142857142858,6.714285714285714,11.714285714285714,18.285714285714285,58.714285714285715,2.7142857142857144,12.142857142857142,12.857142857142858,7.285714285714286,14.142857142857142,5.428571428571429,14.428571428571429,22.714285714285715,0.6666666666666666,1.0,8,1,7,1925.5777088016137,2336.3276133764416,1612.0005275528713,1612.0005275528713
102,2010,3173,64,3397,92,-1,24.6,57.2,4.8,16.4,13.8,14.4,15.0,6.2,18.0,21.0,60.4,5.0,14.6,15.4,9.6,15.4,6.6,18.8,11.4,27.166666666666668,60.333333333333336,3.8333333333333335,11.0,16.5,16.5,16.333333333333332,5.166666666666667,16.833333333333332,21.5,62.5,3.8333333333333335,15.333333333333334,13.333333333333334,9.333333333333334,12.333333333333334,6.833333333333333,18.166666666666668,14.833333333333334,0.5,1.0,8,1,7,1820.3151656215855,2272.278938488664,1612.0005275528713,1612.0005275528713
103,2010,3396,36,3163,90,0,22.666666666666668,64.33333333333333,6.666666666666667,20.5,17.666666666666668,12.666666666666666,14.666666666666666,6.833333333333333,17.0,20.166666666666668,55.333333333333336,5.0,16.166666666666668,11.333333333333334,12.0,16.166666666666668,6.666666666666667,17.166666666666668,3.6666666666666665,28.714285714285715,57.285714285714285,4.714285714285714,14.857142857142858,13.571428571428571,19.571428571428573,15.142857142857142,7.571428571428571,10.571428571428571,19.571428571428573,65.28571428571429,4.0,18.285714285714285,15.142857142857142,10.142857142857142,13.285714285714286,8.0,18.285714285714285,25.571428571428573,0.6666666666666666,1.0,8,1,7,1875.3602780102235,2484.788817881408,1612.0005275528713,1612.0005275528713
104,2010,3453,56,3235,60,-1,26.714285714285715,57.285714285714285,6.714285714285714,17.571428571428573,13.857142857142858,19.0,18.571428571428573,13.285714285714286,17.142857142857142,18.857142857142858,43.57142857142857,3.857142857142857,12.285714285714286,7.571428571428571,12.285714285714286,24.571428571428573,8.714285714285714,15.857142857142858,17.0,20.0,53.333333333333336,6.166666666666667,22.333333333333332,12.5,12.666666666666666,12.333333333333334,5.666666666666667,12.833333333333334,19.166666666666668,53.5,4.333333333333333,18.166666666666668,10.833333333333334,8.0,12.0,5.5,16.166666666666668,5.333333333333333,0.75,0.3333333333333333,12,4,8,1862.905904167461,1999.4617699152973,1612.0005275528713,1612.0005275528713
105,2010,3326,67,3280,87,0,25.4,59.6,6.0,18.0,11.0,15.4,13.6,6.2,12.4,24.0,62.2,6.4,16.8,12.2,12.8,14.6,7.4,17.8,10.0,22.0,58.2,5.2,17.4,13.4,11.8,18.0,7.6,16.4,21.8,58.6,4.4,14.2,14.4,12.4,15.4,8.8,14.4,-3.0,1.0,0.5,2,7,-5,2114.758436148242,1924.3366039487528,1612.0005275528713,1612.0005275528713
106,2010,3417,70,3304,83,0,26.5,56.875,3.125,8.875,15.125,13.375,19.625,13.5,17.25,20.625,52.75,6.0,17.25,10.625,13.0,22.75,10.0,18.0,10.375,26.285714285714285,60.857142857142854,4.714285714285714,17.571428571428573,13.428571428571429,12.714285714285714,13.0,9.285714285714286,14.0,24.285714285714285,57.42857142857143,6.0,17.0,10.285714285714286,12.0,18.142857142857142,5.857142857142857,19.0,12.857142857142858,0.8,0.75,8,1,7,1945.538176194307,2074.662622738648,1612.0005275528713,1612.0005275528713
107,2010,3436,66,3323,84,-1,20.833333333333332,53.333333333333336,4.166666666666667,13.166666666666666,12.833333333333334,10.666666666666666,12.333333333333334,7.333333333333333,15.833333333333334,16.0,49.166666666666664,3.6666666666666665,14.5,10.333333333333334,8.833333333333334,17.5,3.3333333333333335,18.333333333333332,11.5,26.428571428571427,57.0,4.285714285714286,12.714285714285714,11.0,17.285714285714285,16.571428571428573,10.285714285714286,15.857142857142858,24.142857142857142,55.57142857142857,4.428571428571429,13.857142857142858,12.0,14.428571428571429,18.142857142857142,9.0,14.857142857142858,5.0,1.0,0.5,10,2,8,1767.4816707339182,2077.2468866334434,1612.0005275528713,1612.0005275528713
108,2010,3114,44,3328,60,-1,26.333333333333332,59.5,4.666666666666667,13.333333333333334,13.5,17.0,11.333333333333334,8.833333333333334,15.833333333333334,19.5,49.0,3.5,11.833333333333334,8.666666666666666,8.833333333333334,17.666666666666668,4.0,15.5,16.666666666666668,24.625,59.125,5.25,14.5,13.0,12.5,16.375,5.5,15.375,24.625,63.125,5.0,16.375,12.625,11.5,12.375,7.625,16.625,2.25,0.6666666666666666,0.6,11,3,8,1832.3518234851624,2144.994778347126,1612.0005275528713,1612.0005275528713
109,2010,3452,55,3361,64,0,19.428571428571427,52.57142857142857,3.857142857142857,12.857142857142858,11.714285714285714,9.285714285714286,15.285714285714286,9.285714285714286,15.857142857142858,18.714285714285715,55.42857142857143,2.857142857142857,12.428571428571429,14.428571428571429,9.142857142857142,16.428571428571427,7.285714285714286,15.857142857142858,1.2857142857142858,27.714285714285715,57.714285714285715,5.142857142857143,14.571428571428571,13.0,17.857142857142858,15.285714285714286,10.428571428571429,13.571428571428571,22.285714285714285,56.142857142857146,4.0,14.714285714285714,14.428571428571429,12.571428571428571,18.714285714285715,5.428571428571429,12.571428571428571,12.428571428571429,0.5,1.0,3,11,-8,1997.810152318762,1866.8551205008132,1612.0005275528713,1612.0005275528713
110,2010,3435,62,3462,63,-1,24.0,54.666666666666664,4.666666666666667,13.166666666666666,12.333333333333334,13.0,15.5,4.833333333333333,17.0,23.333333333333332,57.5,5.666666666666667,17.333333333333332,13.333333333333334,15.0,12.833333333333334,5.666666666666667,17.5,0.16666666666666666,24.666666666666668,58.833333333333336,5.0,18.0,15.666666666666666,14.5,14.833333333333334,5.833333333333333,12.333333333333334,19.333333333333332,60.0,7.0,23.166666666666668,11.166666666666666,11.333333333333334,13.166666666666666,8.833333333333334,16.166666666666668,13.666666666666666,0.6666666666666666,1.0,6,3,3,2019.6118936220275,2052.075401891109,1612.0005275528713,1612.0005275528713
111,2010,3397,62,3124,77,1,27.166666666666668,60.333333333333336,3.8333333333333335,11.0,16.5,16.5,16.333333333333332,5.166666666666667,16.833333333333332,21.5,62.5,3.8333333333333335,15.333333333333334,13.333333333333334,9.333333333333334,12.333333333333334,6.833333333333333,18.166666666666668,14.833333333333334,22.857142857142858,54.57142857142857,2.2857142857142856,9.285714285714286,11.142857142857142,13.571428571428571,13.857142857142858,5.428571428571429,14.571428571428571,23.285714285714285,59.857142857142854,4.428571428571429,14.428571428571429,11.142857142857142,10.714285714285714,13.285714285714286,6.857142857142857,19.142857142857142,4.428571428571429,1.0,0.5,1,4,-3,2272.278938488664,2110.009680744132,1612.0005275528713,1612.0005275528713
112,2010,3361,58,3181,66,0,27.714285714285715,57.714285714285715,5.142857142857143,14.571428571428571,13.0,17.857142857142858,15.285714285714286,10.428571428571429,13.571428571428571,22.285714285714285,56.142857142857146,4.0,14.714285714285714,14.428571428571429,12.571428571428571,18.714285714285715,5.428571428571429,12.571428571428571,12.428571428571429,24.166666666666668,61.666666666666664,5.833333333333333,15.333333333333334,17.5,12.833333333333334,17.166666666666668,13.5,19.166666666666668,20.0,52.833333333333336,5.333333333333333,16.333333333333332,15.0,10.0,23.666666666666668,8.5,21.166666666666668,7.333333333333333,1.0,1.0,11,2,9,1866.8551205008132,2233.724911107336,1612.0005275528713,1612.0005275528713
113,2010,3208,36,3390,73,-1,22.4,55.8,4.0,15.2,14.6,10.0,15.6,7.0,16.2,20.4,56.8,6.8,21.4,13.2,11.4,14.0,7.2,16.8,4.4,26.714285714285715,56.285714285714285,5.285714285714286,15.714285714285714,11.285714285714286,18.0,12.857142857142858,6.714285714285714,11.714285714285714,18.285714285714285,58.714285714285715,2.7142857142857144,12.142857142857142,12.857142857142858,7.285714285714286,14.142857142857142,5.428571428571429,14.428571428571429,22.714285714285715,0.5,1.0,5,1,4,1945.9267925725328,2336.3276133764416,1612.0005275528713,1612.0005275528713
114,2010,3211,56,3462,74,0,32.6,64.0,5.6,14.6,11.2,21.2,12.6,10.8,11.8,17.2,57.8,3.0,13.0,14.2,7.4,22.2,5.2,14.4,37.8,24.666666666666668,58.833333333333336,5.0,18.0,15.666666666666666,14.5,14.833333333333334,5.833333333333333,12.333333333333334,19.333333333333332,60.0,7.0,23.166666666666668,11.166666666666666,11.333333333333334,13.166666666666666,8.833333333333334,16.166666666666668,13.666666666666666,1.0,1.0,7,3,4,1969.8480149137783,2052.075401891109,1612.0005275528713,1612.0005275528713
115,2010,3235,36,3163,74,0,20.0,53.333333333333336,6.166666666666667,22.333333333333332,12.5,12.666666666666666,12.333333333333334,5.666666666666667,12.833333333333334,19.166666666666668,53.5,4.333333333333333,18.166666666666668,10.833333333333334,8.0,12.0,5.5,16.166666666666668,5.333333333333333,28.714285714285715,57.285714285714285,4.714285714285714,14.857142857142858,13.571428571428571,19.571428571428573,15.142857142857142,7.571428571428571,10.571428571428571,19.571428571428573,65.28571428571429,4.0,18.285714285714285,15.142857142857142,10.142857142857142,13.285714285714286,8.0,18.285714285714285,25.571428571428573,0.3333333333333333,1.0,4,1,3,1999.4617699152973,2484.788817881408,1612.0005275528713,1612.0005275528713
116,2010,3280,71,3199,74,0,22.0,58.2,5.2,17.4,13.4,11.8,18.0,7.6,16.4,21.8,58.6,4.4,14.2,14.4,12.4,15.4,8.8,14.4,-3.0,25.5,59.25,7.75,18.75,14.5,12.0,16.75,8.25,17.0,22.0,56.0,6.5,19.5,10.75,10.5,18.75,7.5,19.5,13.0,0.5,0.0,7,3,4,1924.3366039487528,2086.754069084989,1612.0005275528713,1612.0005275528713
117,2010,3304,67,3246,76,0,26.285714285714285,60.857142857142854,4.714285714285714,17.571428571428573,13.428571428571429,12.714285714285714,13.0,9.285714285714286,14.0,24.285714285714285,57.42857142857143,6.0,17.0,10.285714285714286,12.0,18.142857142857142,5.857142857142857,19.0,12.857142857142858,23.5,61.833333333333336,4.5,14.166666666666666,12.0,12.333333333333334,14.666666666666666,10.333333333333334,17.666666666666668,24.0,57.166666666666664,2.5,10.166666666666666,12.333333333333334,13.5,20.833333333333332,6.333333333333333,18.166666666666668,1.1666666666666667,0.75,0.6666666666666666,1,4,-3,2074.662622738648,1992.9923739607077,1612.0005275528713,1612.0005275528713
118,2010,3323,72,3328,77,0,26.428571428571427,57.0,4.285714285714286,12.714285714285714,11.0,17.285714285714285,16.571428571428573,10.285714285714286,15.857142857142858,24.142857142857142,55.57142857142857,4.428571428571429,13.857142857142858,12.0,14.428571428571429,18.142857142857142,9.0,14.857142857142858,5.0,24.625,59.125,5.25,14.5,13.0,12.5,16.375,5.5,15.375,24.625,63.125,5.0,16.375,12.625,11.5,12.375,7.625,16.625,2.25,0.5,0.6,2,3,-1,2077.2468866334434,2144.994778347126,1612.0005275528713,1612.0005275528713
119,2010,3181,48,3124,51,0,24.166666666666668,61.666666666666664,5.833333333333333,15.333333333333334,17.5,12.833333333333334,17.166666666666668,13.5,19.166666666666668,20.0,52.833333333333336,5.333333333333333,16.333333333333332,15.0,10.0,23.666666666666668,8.5,21.166666666666668,7.333333333333333,22.857142857142858,54.57142857142857,2.2857142857142856,9.285714285714286,11.142857142857142,13.571428571428571,13.857142857142858,5.428571428571429,14.571428571428571,23.285714285714285,59.857142857142854,4.428571428571429,14.428571428571429,11.142857142857142,10.714285714285714,13.285714285714286,6.857142857142857,19.142857142857142,4.428571428571429,1.0,0.5,2,4,-2,2233.724911107336,2110.009680744132,1612.0005275528713,1612.0005275528713
120,2010,3462,53,3390,55,-1,24.666666666666668,58.833333333333336,5.0,18.0,15.666666666666666,14.5,14.833333333333334,5.833333333333333,12.333333333333334,19.333333333333332,60.0,7.0,23.166666666666668,11.166666666666666,11.333333333333334,13.166666666666666,8.833333333333334,16.166666666666668,13.666666666666666,26.714285714285715,56.285714285714285,5.285714285714286,15.714285714285714,11.285714285714286,18.0,12.857142857142858,6.714285714285714,11.714285714285714,18.285714285714285,58.714285714285715,2.7142857142857144,12.142857142857142,12.857142857142858,7.285714285714286,14.142857142857142,5.428571428571429,14.428571428571429,22.714285714285715,1.0,1.0,3,1,2,2052.075401891109,2336.3276133764416,1612.0005275528713,1612.0005275528713
121,2010,3199,50,3163,90,0,25.5,59.25,7.75,18.75,14.5,12.0,16.75,8.25,17.0,22.0,56.0,6.5,19.5,10.75,10.5,18.75,7.5,19.5,13.0,28.714285714285715,57.285714285714285,4.714285714285714,14.857142857142858,13.571428571428571,19.571428571428573,15.142857142857142,7.571428571428571,10.571428571428571,19.571428571428573,65.28571428571429,4.0,18.285714285714285,15.142857142857142,10.142857142857142,13.285714285714286,8.0,18.285714285714285,25.571428571428573,0.0,1.0,3,1,2,2086.754069084989,2484.788817881408,1612.0005275528713,1612.0005275528713
122,2010,3246,68,3328,88,0,23.5,61.833333333333336,4.5,14.166666666666666,12.0,12.333333333333334,14.666666666666666,10.333333333333334,17.666666666666668,24.0,57.166666666666664,2.5,10.166666666666666,12.333333333333334,13.5,20.833333333333332,6.333333333333333,18.166666666666668,1.1666666666666667,24.625,59.125,5.25,14.5,13.0,12.5,16.375,5.5,15.375,24.625,63.125,5.0,16.375,12.625,11.5,12.375,7.625,16.625,2.25,0.6666666666666666,0.6,4,3,1,1992.9923739607077,2144.994778347126,1612.0005275528713,1612.0005275528713
123,2010,3124,50,3163,70,0,22.857142857142858,54.57142857142857,2.2857142857142856,9.285714285714286,11.142857142857142,13.571428571428571,13.857142857142858,5.428571428571429,14.571428571428571,23.285714285714285,59.857142857142854,4.428571428571429,14.428571428571429,11.142857142857142,10.714285714285714,13.285714285714286,6.857142857142857,19.142857142857142,4.428571428571429,28.714285714285715,57.285714285714285,4.714285714285714,14.857142857142858,13.571428571428571,19.571428571428573,15.142857142857142,7.571428571428571,10.571428571428571,19.571428571428573,65.28571428571429,4.0,18.285714285714285,15.142857142857142,10.142857142857142,13.285714285714286,8.0,18.285714285714285,25.571428571428573,0.5,1.0,4,1,3,2110.009680744132,2484.788817881408,1612.0005275528713,1612.0005275528713
124,2010,3328,66,3390,73,0,24.625,59.125,5.25,14.5,13.0,12.5,16.375,5.5,15.375,24.625,63.125,5.0,16.375,12.625,11.5,12.375,7.625,16.625,2.25,26.714285714285715,56.285714285714285,5.285714285714286,15.714285714285714,11.285714285714286,18.0,12.857142857142858,6.714285714285714,11.714285714285714,18.285714285714285,58.714285714285715,2.7142857142857144,12.142857142857142,12.857142857142858,7.285714285714286,14.142857142857142,5.428571428571429,14.428571428571429,22.714285714285715,0.6,1.0,3,1,2,2144.994778347126,2336.3276133764416,1612.0005275528713,1612.0005275528713
125,2010,3390,47,3163,53,0,26.714285714285715,56.285714285714285,5.285714285714286,15.714285714285714,11.285714285714286,18.0,12.857142857142858,6.714285714285714,11.714285714285714,18.285714285714285,58.714285714285715,2.7142857142857144,12.142857142857142,12.857142857142858,7.285714285714286,14.142857142857142,5.428571428571429,14.428571428571429,22.714285714285715,28.714285714285715,57.285714285714285,4.714285714285714,14.857142857142858,13.571428571428571,19.571428571428573,15.142857142857142,7.571428571428571,10.571428571428571,19.571428571428573,65.28571428571429,4.0,18.285714285714285,15.142857142857142,10.142857142857142,13.285714285714286,8.0,18.285714285714285,25.571428571428573,1.0,1.0,1,1,0,2336.3276133764416,2484.788817881408,1612.0005275528713,1612.0005275528713
126,2011,3177,56,3298,43,0,23.833333333333332,58.833333333333336,6.833333333333333,19.5,13.833333333333334,14.666666666666666,17.166666666666668,8.0,18.5,21.5,54.833333333333336,3.6666666666666665,12.666666666666666,12.666666666666666,11.333333333333334,17.166666666666668,10.333333333333334,16.333333333333332,2.3333333333333335,19.333333333333332,50.666666666666664,7.5,21.0,11.333333333333334,13.0,10.666666666666666,5.0,11.666666666666666,19.5,56.0,4.833333333333333,14.333333333333334,11.5,11.666666666666666,10.166666666666666,5.833333333333333,15.166666666666666,8.666666666666666,0.6666666666666666,1.0,3,14,-11,2024.4023497288129,1441.4252955257064,1612.0005275528713,1612.0005275528713
127,2011,3181,90,3404,45,1,28.0,60.833333333333336,7.5,17.166666666666668,16.166666666666668,17.5,18.833333333333332,10.5,15.666666666666666,20.0,59.666666666666664,3.8333333333333335,16.166666666666668,12.833333333333334,11.5,20.333333333333332,9.666666666666666,17.666666666666668,22.166666666666668,26.8,60.4,9.4,24.8,12.2,16.0,13.4,6.8,12.0,25.4,66.8,7.6,26.8,13.0,14.8,14.2,5.2,18.4,16.6,1.0,1.0,2,15,-13,2271.462750304109,1446.7850290503911,1612.0005275528713,1612.0005275528713
128,2011,3210,69,3132,58,0,24.4,61.8,6.4,17.0,17.6,14.4,18.8,11.2,19.0,24.0,51.8,4.6,10.8,11.6,12.8,22.6,7.8,18.2,3.4,22.285714285714285,56.142857142857146,8.857142857142858,26.0,11.285714285714286,13.0,13.428571428571429,6.0,15.285714285714286,20.857142857142858,58.714285714285715,4.142857142857143,14.857142857142858,13.0,10.571428571428571,14.142857142857142,7.714285714285714,18.571428571428573,11.571428571428571,0.6666666666666666,1.0,5,12,-7,1979.1166833355376,1842.9903235172624,1612.0005275528713,1612.0005275528713
129,2011,3211,92,3234,86,1,37.2,69.6,4.4,12.2,12.8,21.6,10.8,13.0,16.4,21.2,56.6,5.0,16.6,10.4,11.2,21.2,6.2,13.8,31.4,24.5,60.5,7.5,23.0,13.0,16.0,15.0,10.0,12.5,26.5,57.0,8.5,18.5,10.5,20.0,20.5,6.0,18.5,4.5,1.0,0.0,11,6,5,2015.5541352453365,1953.125411559843,1612.0005275528713,1612.0005275528713
130,2011,3246,66,3214,62,0,22.666666666666668,63.333333333333336,4.0,15.666666666666666,18.833333333333332,8.0,15.5,10.666666666666666,20.0,23.666666666666668,52.333333333333336,6.666666666666667,15.5,12.5,11.333333333333334,23.333333333333332,4.833333333333333,21.0,2.3333333333333335,24.5,56.0,5.333333333333333,15.666666666666666,15.333333333333334,14.666666666666666,13.333333333333334,7.666666666666667,16.333333333333332,17.666666666666668,50.0,3.3333333333333335,11.666666666666666,10.0,8.5,18.833333333333332,5.333333333333333,20.0,20.666666666666668,0.6666666666666666,1.0,4,13,-9,2032.793330024484,1587.2959134827172,1612.0005275528713,1612.0005275528713
131,2011,3265,74,3235,64,0,23.333333333333332,58.166666666666664,7.333333333333333,19.5,11.0,13.333333333333334,11.5,9.166666666666666,10.833333333333334,15.0,55.0,4.666666666666667,15.5,10.333333333333334,8.0,15.833333333333334,6.0,14.833333333333334,22.166666666666668,21.714285714285715,51.57142857142857,6.857142857142857,19.0,10.714285714285714,13.714285714285714,15.285714285714286,5.285714285714286,12.428571428571429,19.857142857142858,53.57142857142857,5.428571428571429,20.428571428571427,8.714285714285714,12.0,15.0,6.714285714285714,18.571428571428573,11.714285714285714,1.0,0.5,10,7,3,1912.298905284052,1956.48950308898,1612.0005275528713,1612.0005275528713
132,2011,3266,68,3400,65,0,21.833333333333332,51.833333333333336,5.5,17.166666666666668,11.166666666666666,13.833333333333334,16.0,6.833333333333333,12.333333333333334,23.833333333333332,58.0,7.333333333333333,17.666666666666668,12.333333333333334,14.833333333333334,14.333333333333334,8.833333333333334,14.333333333333334,-1.1666666666666667,22.857142857142858,58.142857142857146,7.0,19.714285714285715,15.857142857142858,11.571428571428571,19.428571428571427,6.142857142857143,16.714285714285715,28.0,61.42857142857143,5.0,15.142857142857142,12.428571428571429,14.142857142857142,13.571428571428571,9.428571428571429,17.714285714285715,-4.571428571428571,0.3333333333333333,0.5,8,9,-1,1899.4680452396085,1932.972630637664,1612.0005275528713,1612.0005275528713
133,2011,3314,82,3201,68,0,27.375,65.125,3.75,14.625,15.625,14.625,18.5,9.375,18.25,23.75,68.75,5.875,21.125,18.625,13.625,18.875,8.625,18.125,6.625,27.428571428571427,62.857142857142854,8.571428571428571,27.571428571428573,12.428571428571429,15.857142857142858,13.142857142857142,11.857142857142858,16.428571428571427,22.857142857142858,52.57142857142857,4.0,13.428571428571429,10.428571428571429,11.571428571428571,21.142857142857142,6.857142857142857,15.285714285714286,15.714285714285714,0.8,1.0,5,12,-7,2056.0715111704944,1814.875092383459,1612.0005275528713,1612.0005275528713
134,2011,3323,67,3428,54,-1,23.285714285714285,54.285714285714285,2.857142857142857,7.857142857142857,14.0,11.714285714285714,20.142857142857142,10.285714285714286,17.0,24.857142857142858,58.714285714285715,5.285714285714286,15.571428571428571,13.857142857142858,13.285714285714286,20.142857142857142,11.0,17.428571428571427,1.8571428571428572,20.125,53.625,6.125,18.625,12.125,11.625,15.25,5.0,15.5,19.0,52.875,4.25,13.875,9.625,11.0,11.875,7.25,13.375,2.75,0.5,0.8333333333333334,2,15,-13,2187.043901022992,1719.573061296813,1612.0005275528713,1612.0005275528713
135,2011,3326,80,3416,69,1,27.0,56.166666666666664,5.666666666666667,15.333333333333334,8.666666666666666,16.0,14.166666666666666,5.5,14.5,21.0,64.16666666666667,4.666666666666667,17.5,16.5,10.333333333333334,13.5,7.0,16.5,12.5,23.285714285714285,58.857142857142854,7.285714285714286,19.571428571428573,16.428571428571427,12.571428571428571,13.857142857142858,7.428571428571429,14.142857142857142,22.142857142857142,57.142857142857146,3.5714285714285716,14.142857142857142,12.428571428571429,10.142857142857142,15.714285714285714,5.857142857142857,18.714285714285715,11.285714285714286,1.0,1.0,4,13,-9,2089.149393867512,1685.035061784528,1612.0005275528713,1612.0005275528713
136,2011,3336,75,3173,66,1,23.0,62.2,5.4,16.2,13.0,11.2,11.8,9.8,18.2,22.8,55.0,6.2,18.4,9.4,13.2,17.4,4.6,17.8,4.2,22.571428571428573,60.142857142857146,5.142857142857143,15.428571428571429,14.285714285714286,12.285714285714286,16.571428571428573,7.142857142857143,16.571428571428573,22.857142857142858,58.142857142857146,3.5714285714285716,15.142857142857142,11.571428571428571,11.0,16.285714285714285,7.714285714285714,17.857142857142858,3.7142857142857144,0.6666666666666666,0.75,6,11,-5,1910.026431815956,1834.1490914820065,1612.0005275528713,1612.0005275528713
137,2011,3385,55,3403,50,0,22.166666666666668,57.0,2.8333333333333335,8.166666666666666,12.0,10.333333333333334,13.833333333333334,9.333333333333334,14.166666666666666,23.0,55.666666666666664,5.333333333333333,16.833333333333332,12.833333333333334,11.5,17.833333333333332,5.333333333333333,17.166666666666668,-2.5,22.857142857142858,57.857142857142854,5.0,14.285714285714286,11.857142857142858,12.571428571428571,15.571428571428571,9.714285714285714,18.714285714285715,22.428571428571427,56.142857142857146,5.285714285714286,14.714285714285714,12.428571428571429,12.571428571428571,16.428571428571427,6.285714285714286,16.142857142857142,-0.2857142857142857,0.3333333333333333,0.5,9,8,1,1915.4916616860764,1910.8983404706544,1612.0005275528713,1612.0005275528713
138,2011,3390,86,3413,59,1,29.5,58.666666666666664,5.0,17.333333333333332,11.166666666666666,18.166666666666668,14.666666666666666,8.666666666666666,14.166666666666666,19.5,60.833333333333336,5.166666666666667,18.833333333333332,13.5,9.833333333333334,16.833333333333332,6.666666666666667,17.5,25.166666666666668,22.571428571428573,54.714285714285715,6.142857142857143,19.428571428571427,12.0,14.0,17.714285714285715,9.428571428571429,15.857142857142858,19.0,51.57142857142857,5.0,17.428571428571427,11.571428571428571,12.0,20.857142857142858,10.428571428571429,17.857142857142858,11.428571428571429,1.0,1.0,1,16,-15,2367.4616275868766,1599.78083180028,1612.0005275528713,1612.0005275528713
139,2011,3396,63,3113,45,0,25.6,61.6,5.0,15.8,12.6,11.0,13.4,8.8,17.2,20.8,53.0,3.8,10.2,9.0,11.6,16.4,5.8,16.2,6.2,19.857142857142858,54.285714285714285,4.285714285714286,15.428571428571429,14.714285714285714,13.0,16.428571428571427,8.857142857142858,16.0,20.285714285714285,48.57142857142857,2.7142857142857144,10.285714285714286,12.0,9.0,19.0,8.714285714285714,15.285714285714286,3.0,0.5,0.75,10,7,3,1911.711128540312,1889.202707390506,1612.0005275528713,1612.0005275528713
140,2011,3397,99,3391,34,1,29.833333333333332,58.833333333333336,7.833333333333333,17.0,14.166666666666666,14.0,14.666666666666666,6.333333333333333,15.166666666666666,20.166666666666668,62.833333333333336,5.833333333333333,21.5,16.333333333333332,8.833333333333334,15.166666666666666,6.833333333333333,19.166666666666668,24.333333333333332,21.333333333333332,52.333333333333336,5.5,13.666666666666666,8.5,10.0,15.0,6.5,13.333333333333334,18.5,63.333333333333336,3.6666666666666665,15.166666666666666,17.0,7.666666666666667,14.5,7.166666666666667,15.666666666666666,9.666666666666666,1.0,1.0,1,16,-15,2314.6879588922616,1353.8802417718537,1612.0005275528713,1612.0005275528713
141,2011,3417,55,3285,47,0,23.714285714285715,54.0,2.4285714285714284,9.0,13.428571428571429,13.571428571428571,16.0,11.571428571428571,13.0,19.285714285714285,49.57142857142857,5.571428571428571,19.857142857142858,10.571428571428571,12.0,18.857142857142858,7.142857142857143,14.571428571428571,6.571428571428571,20.75,52.5,5.25,13.75,13.125,12.0,15.25,7.0,13.875,21.25,54.25,6.125,20.125,12.375,13.875,14.5,8.5,16.5,2.0,0.75,0.8,3,14,-11,2059.492263968608,1540.95794846977,1612.0005275528713,1612.0005275528713
142,2011,3124,66,3341,30,1,27.5,59.375,5.5,12.375,16.375,17.0,14.75,6.75,12.0,21.375,60.25,6.5,20.375,12.5,10.875,14.75,6.75,18.625,17.75,19.333333333333332,49.22222222222222,2.888888888888889,10.555555555555555,9.11111111111111,10.666666666666666,18.88888888888889,9.333333333333334,15.222222222222221,16.88888888888889,54.333333333333336,3.4444444444444446,12.444444444444445,13.555555555555555,10.0,19.11111111111111,6.777777777777778,18.88888888888889,11.555555555555555,1.0,0.8333333333333334,1,16,-15,2263.275640901467,1417.9173297411412,1612.0005275528713,1612.0005275528713
143,2011,3163,75,3216,39,1,25.142857142857142,53.285714285714285,6.0,16.857142857142858,10.857142857142858,18.714285714285715,15.0,7.571428571428571,12.285714285714286,19.571428571428573,60.142857142857146,5.857142857142857,18.571428571428573,12.857142857142858,9.857142857142858,15.428571428571429,7.571428571428571,18.857142857142858,19.428571428571427,18.666666666666668,48.5,5.0,14.833333333333334,10.0,11.5,12.666666666666666,7.666666666666667,14.333333333333334,19.666666666666668,54.166666666666664,4.833333333333333,14.333333333333334,12.333333333333334,9.666666666666666,15.5,6.166666666666667,20.333333333333332,7.333333333333333,1.0,1.0,1,16,-15,2523.064906858228,1640.2826038430003,1612.0005275528713,1612.0005275528713
144,2011,3199,76,3359,46,0,20.75,61.5,4.75,17.75,17.25,12.25,19.25,5.75,21.25,23.0,64.25,6.5,18.5,17.0,12.5,18.25,8.0,22.0,-1.5,21.2,48.2,7.6,19.2,4.2,11.8,13.0,6.8,15.0,21.4,58.8,4.6,14.0,14.8,9.8,14.2,5.6,17.0,4.8,0.0,1.0,3,14,-11,2066.924602246748,1670.6610280124291,1612.0005275528713,1612.0005275528713
145,2011,3207,65,3343,49,0,18.5,60.166666666666664,6.333333333333333,24.833333333333332,15.5,11.5,12.666666666666666,11.5,19.166666666666668,19.333333333333332,43.833333333333336,6.666666666666667,18.5,9.333333333333334,14.833333333333334,20.0,5.666666666666667,15.0,-7.5,27.0,57.833333333333336,8.5,18.5,13.333333333333334,17.833333333333332,12.5,8.166666666666666,15.666666666666666,14.833333333333334,51.0,2.8333333333333335,15.0,12.5,6.333333333333333,16.666666666666668,5.0,14.0,29.333333333333332,0.3333333333333333,1.0,5,12,-7,1954.9322316601856,1703.7899475195102,1612.0005275528713,1612.0005275528713
146,2011,3208,56,3292,41,0,21.8,60.8,4.4,18.8,14.8,8.0,13.6,6.6,18.4,24.2,56.2,5.4,17.8,13.2,12.2,15.0,5.4,15.0,-6.6,22.0,53.333333333333336,4.666666666666667,16.666666666666668,12.0,11.666666666666666,16.0,5.666666666666667,17.333333333333332,24.666666666666668,52.333333333333336,4.0,11.666666666666666,8.333333333333334,14.666666666666666,14.666666666666666,8.666666666666666,18.0,-5.0,0.5,0.0,6,11,-5,1954.996583507395,1868.5804453565995,1612.0005275528713,1612.0005275528713
147,2011,3257,81,3435,62,0,22.666666666666668,53.0,5.0,16.666666666666668,12.0,11.5,18.333333333333332,9.0,15.333333333333334,20.5,51.833333333333336,4.166666666666667,15.166666666666666,11.166666666666666,12.666666666666666,19.833333333333332,7.5,18.333333333333332,7.333333333333333,23.0,52.8,4.6,13.8,12.2,13.0,19.0,3.2,20.4,24.0,68.4,5.4,17.8,18.2,9.2,11.0,7.8,22.0,0.2,0.3333333333333333,0.5,7,10,-3,1931.867299516941,1947.6647078909125,1612.0005275528713,1612.0005275528713
148,2011,3268,70,3384,48,1,24.25,57.75,4.5,13.25,13.5,13.0,17.25,7.5,20.0,22.0,59.0,4.75,13.5,14.75,12.75,18.5,7.5,19.0,2.5,23.285714285714285,60.142857142857146,4.571428571428571,14.0,14.428571428571429,12.571428571428571,16.714285714285715,11.285714285714286,15.142857142857142,23.142857142857142,58.285714285714285,5.857142857142857,18.714285714285715,12.714285714285714,11.857142857142858,21.428571428571427,6.428571428571429,19.714285714285715,4.571428571428571,0.0,1.0,4,13,-9,2025.1507171094315,1523.6258341811233,1612.0005275528713,1612.0005275528713
149,2011,3274,80,3205,62,0,25.4,64.2,7.6,23.0,14.8,15.4,17.8,9.6,17.0,25.2,66.2,3.8,14.2,16.4,12.0,20.4,6.8,23.4,7.4,25.444444444444443,59.333333333333336,4.555555555555555,13.666666666666666,13.222222222222221,15.0,15.11111111111111,7.777777777777778,16.555555555555557,19.11111111111111,56.111111111111114,4.555555555555555,17.0,12.88888888888889,11.11111111111111,17.88888888888889,6.222222222222222,16.333333333333332,10.555555555555555,0.5,1.0,3,14,-11,1954.7489904681156,1543.056924158957,1612.0005275528713,1612.0005275528713
150,2011,3277,69,3320,66,0,21.6,57.0,5.8,18.6,15.4,11.0,18.2,10.0,18.2,19.0,48.8,1.0,10.4,9.6,11.0,20.6,8.8,15.8,8.4,25.285714285714285,57.57142857142857,7.571428571428571,21.714285714285715,10.428571428571429,16.285714285714285,14.428571428571429,10.714285714285714,15.857142857142858,17.285714285714285,55.857142857142854,2.142857142857143,12.428571428571429,13.285714285714286,9.142857142857142,18.857142857142858,7.285714285714286,17.285714285714285,23.714285714285715,0.5,1.0,4,13,-9,2045.2735108006652,1815.5888614060136,1612.0005275528713,1612.0005275528713
151,2011,3328,86,3241,72,0,26.571428571428573,60.57142857142857,6.0,17.285714285714285,12.142857142857142,13.285714285714286,16.285714285714285,7.142857142857143,20.285714285714285,24.428571428571427,58.57142857142857,6.857142857142857,17.428571428571427,11.857142857142858,13.714285714285714,17.0,7.714285714285714,19.857142857142858,3.142857142857143,24.0,61.0,7.166666666666667,17.833333333333332,17.833333333333332,12.833333333333334,17.5,7.5,19.333333333333332,19.666666666666668,58.666666666666664,2.6666666666666665,10.833333333333334,12.166666666666666,10.0,16.166666666666668,9.166666666666666,19.166666666666668,14.333333333333334,0.5,1.0,6,11,-5,2066.4098061814225,1853.6879750586925,1612.0005275528713,1612.0005275528713
152,2011,3345,53,3243,45,0,21.5,51.5,5.25,13.0,8.75,12.5,16.5,5.75,17.25,22.75,59.25,6.0,17.75,12.75,10.5,12.5,9.0,17.25,-2.0,21.857142857142858,52.285714285714285,6.285714285714286,17.285714285714285,8.571428571428571,11.285714285714286,12.857142857142858,6.857142857142857,16.285714285714285,23.714285714285715,54.857142857142854,5.714285714285714,14.285714285714286,14.285714285714286,13.285714285714286,13.714285714285714,5.285714285714286,12.142857142857142,-7.142857142857143,0.5,0.75,9,8,1,1890.8048357997989,1910.724996031998,1612.0005275528713,1612.0005275528713
153,2011,3353,76,3256,51,0,23.333333333333332,53.666666666666664,5.5,13.333333333333334,10.0,12.0,14.833333333333334,6.0,15.333333333333334,19.333333333333332,55.166666666666664,6.333333333333333,20.166666666666668,11.666666666666666,12.0,14.333333333333334,8.0,14.166666666666666,7.0,24.714285714285715,56.0,5.571428571428571,15.571428571428571,11.0,13.0,15.142857142857142,8.571428571428571,15.571428571428571,24.142857142857142,56.857142857142854,5.571428571428571,16.571428571428573,9.857142857142858,11.428571428571429,17.714285714285715,8.428571428571429,18.857142857142858,5.857142857142857,0.6666666666666666,0.6,7,10,-3,1950.6292512933087,1785.5544376542405,1612.0005275528713,1612.0005275528713
154,2011,3401,87,3270,47,0,28.0,64.57142857142857,4.428571428571429,13.714285714285714,16.571428571428573,14.714285714285714,14.0,10.571428571428571,17.857142857142858,22.142857142857142,53.285714285714285,4.571428571428571,15.857142857142858,11.142857142857142,12.0,21.142857142857142,5.714285714285714,18.714285714285715,13.571428571428571,23.25,55.5,5.875,16.125,12.375,11.0,13.125,6.0,16.0,21.0,52.125,4.375,14.75,9.5,11.0,16.125,5.0,20.5,11.375,0.6,1.0,2,15,-13,2223.355204625409,1433.5821411175002,1612.0005275528713,1612.0005275528713
155,2011,3452,79,3222,73,-1,23.666666666666668,56.666666666666664,3.6666666666666665,11.666666666666666,13.666666666666666,12.5,17.166666666666668,8.5,18.5,21.5,53.5,3.8333333333333335,12.5,11.5,9.166666666666666,18.166666666666668,6.333333333333333,17.666666666666668,4.5,24.333333333333332,63.333333333333336,5.166666666666667,15.0,14.166666666666666,11.0,14.666666666666666,9.333333333333334,17.5,25.833333333333332,66.66666666666667,3.8333333333333335,14.666666666666666,15.333333333333334,10.833333333333334,16.833333333333332,7.5,20.0,6.333333333333333,0.6666666666666666,0.6666666666666666,9,8,1,1937.0687263741356,1792.4449853231351,1612.0005275528713,1612.0005275528713
156,2011,3453,59,3114,55,0,28.75,61.375,8.5,22.375,10.875,21.25,13.125,12.0,17.625,18.0,46.75,4.5,14.875,7.875,8.0,23.625,7.375,17.625,26.375,24.285714285714285,52.714285714285715,3.5714285714285716,12.0,8.142857142857142,17.0,10.714285714285714,5.857142857142857,16.142857142857142,21.0,53.142857142857146,2.857142857142857,12.0,11.571428571428571,8.285714285714286,14.428571428571429,2.857142857142857,12.857142857142858,9.0,1.0,1.0,5,12,-7,1978.1234785538568,1807.7488872241363,1612.0005275528713,1612.0005275528713
157,2011,3462,72,3355,56,1,26.333333333333332,61.666666666666664,4.666666666666667,14.666666666666666,13.833333333333334,14.5,13.333333333333334,8.666666666666666,10.5,20.666666666666668,62.5,4.666666666666667,19.666666666666668,14.0,12.166666666666666,15.833333333333334,6.833333333333333,15.833333333333334,16.333333333333332,24.5,52.166666666666664,7.333333333333333,17.333333333333332,9.333333333333334,15.333333333333334,14.333333333333334,6.5,13.833333333333334,20.333333333333332,52.833333333333336,5.166666666666667,16.166666666666668,7.833333333333333,11.0,12.666666666666666,6.166666666666667,13.166666666666666,10.166666666666666,1.0,1.0,2,15,-13,2130.7175261293587,1647.1785201994385,1612.0005275528713,1612.0005275528713
158,2011,3177,75,3336,73,-1,23.833333333333332,58.833333333333336,6.833333333333333,19.5,13.833333333333334,14.666666666666666,17.166666666666668,8.0,18.5,21.5,54.833333333333336,3.6666666666666665,12.666666666666666,12.666666666666666,11.333333333333334,17.166666666666668,10.333333333333334,16.333333333333332,2.3333333333333335,23.0,62.2,5.4,16.2,13.0,11.2,11.8,9.8,18.2,22.8,55.0,6.2,18.4,9.4,13.2,17.4,4.6,17.8,4.2,0.6666666666666666,0.6666666666666666,3,6,-3,2024.4023497288129,1910.026431815956,1612.0005275528713,1612.0005275528713
159,2011,3181,71,3265,66,1,28.0,60.833333333333336,7.5,17.166666666666668,16.166666666666668,17.5,18.833333333333332,10.5,15.666666666666666,20.0,59.666666666666664,3.8333333333333335,16.166666666666668,12.833333333333334,11.5,20.333333333333332,9.666666666666666,17.666666666666668,22.166666666666668,23.333333333333332,58.166666666666664,7.333333333333333,19.5,11.0,13.333333333333334,11.5,9.166666666666666,10.833333333333334,15.0,55.0,4.666666666666667,15.5,10.333333333333334,8.0,15.833333333333334,6.0,14.833333333333334,22.166666666666668,1.0,1.0,2,10,-8,2271.462750304109,1912.298905284052,1612.0005275528713,1612.0005275528713
160,2011,3211,89,3417,75,1,37.2,69.6,4.4,12.2,12.8,21.6,10.8,13.0,16.4,21.2,56.6,5.0,16.6,10.4,11.2,21.2,6.2,13.8,31.4,23.714285714285715,54.0,2.4285714285714284,9.0,13.428571428571429,13.571428571428571,16.0,11.571428571428571,13.0,19.285714285714285,49.57142857142857,5.571428571428571,19.857142857142858,10.571428571428571,12.0,18.857142857142858,7.142857142857143,14.571428571428571,6.571428571428571,1.0,0.75,11,3,8,2015.5541352453365,2059.492263968608,1612.0005275528713,1612.0005275528713
161,2011,3314,86,3246,74,0,27.375,65.125,3.75,14.625,15.625,14.625,18.5,9.375,18.25,23.75,68.75,5.875,21.125,18.625,13.625,18.875,8.625,18.125,6.625,22.666666666666668,63.333333333333336,4.0,15.666666666666666,18.833333333333332,8.0,15.5,10.666666666666666,20.0,23.666666666666668,52.333333333333336,6.666666666666667,15.5,12.5,11.333333333333334,23.333333333333332,4.833333333333333,21.0,2.3333333333333335,0.8,0.6666666666666666,5,4,1,2056.0715111704944,2032.793330024484,1612.0005275528713,1612.0005275528713
162,2011,3323,77,3396,64,0,23.285714285714285,54.285714285714285,2.857142857142857,7.857142857142857,14.0,11.714285714285714,20.142857142857142,10.285714285714286,17.0,24.857142857142858,58.714285714285715,5.285714285714286,15.571428571428571,13.857142857142858,13.285714285714286,20.142857142857142,11.0,17.428571428571427,1.8571428571428572,25.6,61.6,5.0,15.8,12.6,11.0,13.4,8.8,17.2,20.8,53.0,3.8,10.2,9.0,11.6,16.4,5.8,16.2,6.2,0.5,0.5,2,10,-8,2187.043901022992,1911.711128540312,1612.0005275528713,1612.0005275528713
163,2011,3326,67,3210,60,1,27.0,56.166666666666664,5.666666666666667,15.333333333333334,8.666666666666666,16.0,14.166666666666666,5.5,14.5,21.0,64.16666666666667,4.666666666666667,17.5,16.5,10.333333333333334,13.5,7.0,16.5,12.5,24.4,61.8,6.4,17.0,17.6,14.4,18.8,11.2,19.0,24.0,51.8,4.6,10.8,11.6,12.8,22.6,7.8,18.2,3.4,1.0,0.6666666666666666,4,5,-1,2089.149393867512,1979.1166833355376,1612.0005275528713,1612.0005275528713
164,2011,3390,75,3385,49,1,29.5,58.666666666666664,5.0,17.333333333333332,11.166666666666666,18.166666666666668,14.666666666666666,8.666666666666666,14.166666666666666,19.5,60.833333333333336,5.166666666666667,18.833333333333332,13.5,9.833333333333334,16.833333333333332,6.666666666666667,17.5,25.166666666666668,22.166666666666668,57.0,2.8333333333333335,8.166666666666666,12.0,10.333333333333334,13.833333333333334,9.333333333333334,14.166666666666666,23.0,55.666666666666664,5.333333333333333,16.833333333333332,12.833333333333334,11.5,17.833333333333332,5.333333333333333,17.166666666666668,-2.5,1.0,0.3333333333333333,1,9,-8,2367.4616275868766,1915.4916616860764,1612.0005275528713,1612.0005275528713
165,2011,3397,79,3266,70,1,29.833333333333332,58.833333333333336,7.833333333333333,17.0,14.166666666666666,14.0,14.666666666666666,6.333333333333333,15.166666666666666,20.166666666666668,62.833333333333336,5.833333333333333,21.5,16.333333333333332,8.833333333333334,15.166666666666666,6.833333333333333,19.166666666666668,24.333333333333332,21.833333333333332,51.833333333333336,5.5,17.166666666666668,11.166666666666666,13.833333333333334,16.0,6.833333333333333,12.333333333333334,23.833333333333332,58.0,7.333333333333333,17.666666666666668,12.333333333333334,14.833333333333334,14.333333333333334,8.833333333333334,14.333333333333334,-1.1666666666666667,1.0,0.3333333333333333,1,8,-7,2314.6879588922616,1899.4680452396085,1612.0005275528713,1612.0005275528713
166,2011,3124,82,3452,68,1,27.5,59.375,5.5,12.375,16.375,17.0,14.75,6.75,12.0,21.375,60.25,6.5,20.375,12.5,10.875,14.75,6.75,18.625,17.75,23.666666666666668,56.666666666666664,3.6666666666666665,11.666666666666666,13.666666666666666,12.5,17.166666666666668,8.5,18.5,21.5,53.5,3.8333333333333335,12.5,11.5,9.166666666666666,18.166666666666668,6.333333333333333,17.666666666666668,4.5,1.0,0.6666666666666666,1,9,-8,2263.275640901467,1937.0687263741356,1612.0005275528713,1612.0005275528713
167,2011,3163,64,3345,40,1,25.142857142857142,53.285714285714285,6.0,16.857142857142858,10.857142857142858,18.714285714285715,15.0,7.571428571428571,12.285714285714286,19.571428571428573,60.142857142857146,5.857142857142857,18.571428571428573,12.857142857142858,9.857142857142858,15.428571428571429,7.571428571428571,18.857142857142858,19.428571428571427,21.5,51.5,5.25,13.0,8.75,12.5,16.5,5.75,17.25,22.75,59.25,6.0,17.75,12.75,10.5,12.5,9.0,17.25,-2.0,1.0,0.5,1,9,-8,2523.064906858228,1890.8048357997989,1612.0005275528713,1612.0005275528713
168,2011,3207,79,3268,57,-1,18.5,60.166666666666664,6.333333333333333,24.833333333333332,15.5,11.5,12.666666666666666,11.5,19.166666666666668,19.333333333333332,43.833333333333336,6.666666666666667,18.5,9.333333333333334,14.833333333333334,20.0,5.666666666666667,15.0,-7.5,24.25,57.75,4.5,13.25,13.5,13.0,17.25,7.5,20.0,22.0,59.0,4.75,13.5,14.75,12.75,18.5,7.5,19.0,2.5,0.3333333333333333,0.0,5,4,1,1954.9322316601856,2025.1507171094315,1612.0005275528713,1612.0005275528713
169,2011,3208,61,3199,59,0,21.8,60.8,4.4,18.8,14.8,8.0,13.6,6.6,18.4,24.2,56.2,5.4,17.8,13.2,12.2,15.0,5.4,15.0,-6.6,20.75,61.5,4.75,17.75,17.25,12.25,19.25,5.75,21.25,23.0,64.25,6.5,18.5,17.0,12.5,18.25,8.0,22.0,-1.5,0.5,0.0,6,3,3,1954.996583507395,2066.924602246748,1612.0005275528713,1612.0005275528713
170,2011,3257,85,3462,75,-1,22.666666666666668,53.0,5.0,16.666666666666668,12.0,11.5,18.333333333333332,9.0,15.333333333333334,20.5,51.833333333333336,4.166666666666667,15.166666666666666,11.166666666666666,12.666666666666666,19.833333333333332,7.5,18.333333333333332,7.333333333333333,26.333333333333332,61.666666666666664,4.666666666666667,14.666666666666666,13.833333333333334,14.5,13.333333333333334,8.666666666666666,10.5,20.666666666666668,62.5,4.666666666666667,19.666666666666668,14.0,12.166666666666666,15.833333333333334,6.833333333333333,15.833333333333334,16.333333333333332,0.3333333333333333,1.0,7,2,5,1931.867299516941,2130.7175261293587,1612.0005275528713,1612.0005275528713
171,2011,3328,88,3274,83,0,26.571428571428573,60.57142857142857,6.0,17.285714285714285,12.142857142857142,13.285714285714286,16.285714285714285,7.142857142857143,20.285714285714285,24.428571428571427,58.57142857142857,6.857142857142857,17.428571428571427,11.857142857142858,13.714285714285714,17.0,7.714285714285714,19.857142857142858,3.142857142857143,25.4,64.2,7.6,23.0,14.8,15.4,17.8,9.6,17.0,25.2,66.2,3.8,14.2,16.4,12.0,20.4,6.8,23.4,7.4,0.5,0.5,6,3,3,2066.4098061814225,1954.7489904681156,1612.0005275528713,1612.0005275528713
172,2011,3401,70,3353,48,0,28.0,64.57142857142857,4.428571428571429,13.714285714285714,16.571428571428573,14.714285714285714,14.0,10.571428571428571,17.857142857142858,22.142857142857142,53.285714285714285,4.571428571428571,15.857142857142858,11.142857142857142,12.0,21.142857142857142,5.714285714285714,18.714285714285715,13.571428571428571,23.333333333333332,53.666666666666664,5.5,13.333333333333334,10.0,12.0,14.833333333333334,6.0,15.333333333333334,19.333333333333332,55.166666666666664,6.333333333333333,20.166666666666668,11.666666666666666,12.0,14.333333333333334,8.0,14.166666666666666,7.0,0.6,0.6666666666666666,2,7,-5,2223.355204625409,1950.6292512933087,1612.0005275528713,1612.0005275528713
173,2011,3453,65,3277,56,0,28.75,61.375,8.5,22.375,10.875,21.25,13.125,12.0,17.625,18.0,46.75,4.5,14.875,7.875,8.0,23.625,7.375,17.625,26.375,21.6,57.0,5.8,18.6,15.4,11.0,18.2,10.0,18.2,19.0,48.8,1.0,10.4,9.6,11.0,20.6,8.8,15.8,8.4,1.0,0.5,5,4,1,1978.1234785538568,2045.2735108006652,1612.0005275528713,1612.0005275528713
174,2011,3211,76,3257,69,0,37.2,69.6,4.4,12.2,12.8,21.6,10.8,13.0,16.4,21.2,56.6,5.0,16.6,10.4,11.2,21.2,6.2,13.8,31.4,22.666666666666668,53.0,5.0,16.666666666666668,12.0,11.5,18.333333333333332,9.0,15.333333333333334,20.5,51.833333333333336,4.166666666666667,15.166666666666666,11.166666666666666,12.666666666666666,19.833333333333332,7.5,18.333333333333332,7.333333333333333,1.0,0.3333333333333333,11,7,4,2015.5541352453365,1931.867299516941,1612.0005275528713,1612.0005275528713
175,2011,3323,78,3328,53,0,23.285714285714285,54.285714285714285,2.857142857142857,7.857142857142857,14.0,11.714285714285714,20.142857142857142,10.285714285714286,17.0,24.857142857142858,58.714285714285715,5.285714285714286,15.571428571428571,13.857142857142858,13.285714285714286,20.142857142857142,11.0,17.428571428571427,1.8571428571428572,26.571428571428573,60.57142857142857,6.0,17.285714285714285,12.142857142857142,13.285714285714286,16.285714285714285,7.142857142857143,20.285714285714285,24.428571428571427,58.57142857142857,6.857142857142857,17.428571428571427,11.857142857142858,13.714285714285714,17.0,7.714285714285714,19.857142857142858,3.142857142857143,0.5,0.5,2,6,-4,2187.043901022992,2066.4098061814225,1612.0005275528713,1612.0005275528713
176,2011,3390,72,3314,65,0,29.5,58.666666666666664,5.0,17.333333333333332,11.166666666666666,18.166666666666668,14.666666666666666,8.666666666666666,14.166666666666666,19.5,60.833333333333336,5.166666666666667,18.833333333333332,13.5,9.833333333333334,16.833333333333332,6.666666666666667,17.5,25.166666666666668,27.375,65.125,3.75,14.625,15.625,14.625,18.5,9.375,18.25,23.75,68.75,5.875,21.125,18.625,13.625,18.875,8.625,18.125,6.625,1.0,0.8,1,5,-4,2367.4616275868766,2056.0715111704944,1612.0005275528713,1612.0005275528713
177,2011,3397,85,3326,75,0,29.833333333333332,58.833333333333336,7.833333333333333,17.0,14.166666666666666,14.0,14.666666666666666,6.333333333333333,15.166666666666666,20.166666666666668,62.833333333333336,5.833333333333333,21.5,16.333333333333332,8.833333333333334,15.166666666666666,6.833333333333333,19.166666666666668,24.333333333333332,27.0,56.166666666666664,5.666666666666667,15.333333333333334,8.666666666666666,16.0,14.166666666666666,5.5,14.5,21.0,64.16666666666667,4.666666666666667,17.5,16.5,10.333333333333334,13.5,7.0,16.5,12.5,1.0,1.0,1,4,-3,2314.6879588922616,2089.149393867512,1612.0005275528713,1612.0005275528713
178,2011,3124,86,3453,76,1,27.5,59.375,5.5,12.375,16.375,17.0,14.75,6.75,12.0,21.375,60.25,6.5,20.375,12.5,10.875,14.75,6.75,18.625,17.75,28.75,61.375,8.5,22.375,10.875,21.25,13.125,12.0,17.625,18.0,46.75,4.5,14.875,7.875,8.0,23.625,7.375,17.625,26.375,1.0,1.0,1,5,-4,2263.275640901467,1978.1234785538568,1612.0005275528713,1612.0005275528713
179,2011,3163,68,3207,63,0,25.142857142857142,53.285714285714285,6.0,16.857142857142858,10.857142857142858,18.714285714285715,15.0,7.571428571428571,12.285714285714286,19.571428571428573,60.142857142857146,5.857142857142857,18.571428571428573,12.857142857142858,9.857142857142858,15.428571428571429,7.571428571428571,18.857142857142858,19.428571428571427,18.5,60.166666666666664,6.333333333333333,24.833333333333332,15.5,11.5,12.666666666666666,11.5,19.166666666666668,19.333333333333332,43.833333333333336,6.666666666666667,18.5,9.333333333333334,14.833333333333334,20.0,5.666666666666667,15.0,-7.5,1.0,0.3333333333333333,1,5,-4,2523.064906858228,1954.9322316601856,1612.0005275528713,1612.0005275528713
180,2011,3181,70,3177,63,0,28.0,60.833333333333336,7.5,17.166666666666668,16.166666666666668,17.5,18.833333333333332,10.5,15.666666666666666,20.0,59.666666666666664,3.8333333333333335,16.166666666666668,12.833333333333334,11.5,20.333333333333332,9.666666666666666,17.666666666666668,22.166666666666668,23.833333333333332,58.833333333333336,6.833333333333333,19.5,13.833333333333334,14.666666666666666,17.166666666666668,8.0,18.5,21.5,54.833333333333336,3.6666666666666665,12.666666666666666,12.666666666666666,11.333333333333334,17.166666666666668,10.333333333333334,16.333333333333332,2.3333333333333335,1.0,0.6666666666666666,2,3,-1,2271.462750304109,2024.4023497288129,1612.0005275528713,1612.0005275528713
181,2011,3401,79,3208,38,1,28.0,64.57142857142857,4.428571428571429,13.714285714285714,16.571428571428573,14.714285714285714,14.0,10.571428571428571,17.857142857142858,22.142857142857142,53.285714285714285,4.571428571428571,15.857142857142858,11.142857142857142,12.0,21.142857142857142,5.714285714285714,18.714285714285715,13.571428571428571,21.8,60.8,4.4,18.8,14.8,8.0,13.6,6.6,18.4,24.2,56.2,5.4,17.8,13.2,12.2,15.0,5.4,15.0,-6.6,0.6,0.5,2,6,-4,2223.355204625409,1954.996583507395,1612.0005275528713,1612.0005275528713
182,2011,3323,73,3397,59,0,23.285714285714285,54.285714285714285,2.857142857142857,7.857142857142857,14.0,11.714285714285714,20.142857142857142,10.285714285714286,17.0,24.857142857142858,58.714285714285715,5.285714285714286,15.571428571428571,13.857142857142858,13.285714285714286,20.142857142857142,11.0,17.428571428571427,1.8571428571428572,29.833333333333332,58.833333333333336,7.833333333333333,17.0,14.166666666666666,14.0,14.666666666666666,6.333333333333333,15.166666666666666,20.166666666666668,62.833333333333336,5.833333333333333,21.5,16.333333333333332,8.833333333333334,15.166666666666666,6.833333333333333,19.166666666666668,24.333333333333332,0.5,1.0,2,1,1,2187.043901022992,2314.6879588922616,1612.0005275528713,1612.0005275528713
183,2011,3390,83,3211,60,0,29.5,58.666666666666664,5.0,17.333333333333332,11.166666666666666,18.166666666666668,14.666666666666666,8.666666666666666,14.166666666666666,19.5,60.833333333333336,5.166666666666667,18.833333333333332,13.5,9.833333333333334,16.833333333333332,6.666666666666667,17.5,25.166666666666668,37.2,69.6,4.4,12.2,12.8,21.6,10.8,13.0,16.4,21.2,56.6,5.0,16.6,10.4,11.2,21.2,6.2,13.8,31.4,1.0,1.0,1,11,-10,2367.4616275868766,2015.5541352453365,1612.0005275528713,1612.0005275528713
184,2011,3163,75,3181,40,0,25.142857142857142,53.285714285714285,6.0,16.857142857142858,10.857142857142858,18.714285714285715,15.0,7.571428571428571,12.285714285714286,19.571428571428573,60.142857142857146,5.857142857142857,18.571428571428573,12.857142857142858,9.857142857142858,15.428571428571429,7.571428571428571,18.857142857142858,19.428571428571427,28.0,60.833333333333336,7.5,17.166666666666668,16.166666666666668,17.5,18.833333333333332,10.5,15.666666666666666,20.0,59.666666666666664,3.8333333333333335,16.166666666666668,12.833333333333334,11.5,20.333333333333332,9.666666666666666,17.666666666666668,22.166666666666668,1.0,1.0,1,2,-1,2523.064906858228,2271.462750304109,1612.0005275528713,1612.0005275528713
185,2011,3401,58,3124,46,-1,28.0,64.57142857142857,4.428571428571429,13.714285714285714,16.571428571428573,14.714285714285714,14.0,10.571428571428571,17.857142857142858,22.142857142857142,53.285714285714285,4.571428571428571,15.857142857142858,11.142857142857142,12.0,21.142857142857142,5.714285714285714,18.714285714285715,13.571428571428571,27.5,59.375,5.5,12.375,16.375,17.0,14.75,6.75,12.0,21.375,60.25,6.5,20.375,12.5,10.875,14.75,6.75,18.625,17.75,0.6,1.0,2,1,1,2223.355204625409,2263.275640901467,1612.0005275528713,1612.0005275528713
186,2011,3323,72,3163,63,0,23.285714285714285,54.285714285714285,2.857142857142857,7.857142857142857,14.0,11.714285714285714,20.142857142857142,10.285714285714286,17.0,24.857142857142858,58.714285714285715,5.285714285714286,15.571428571428571,13.857142857142858,13.285714285714286,20.142857142857142,11.0,17.428571428571427,1.8571428571428572,25.142857142857142,53.285714285714285,6.0,16.857142857142858,10.857142857142858,18.714285714285715,15.0,7.571428571428571,12.285714285714286,19.571428571428573,60.142857142857146,5.857142857142857,18.571428571428573,12.857142857142858,9.857142857142858,15.428571428571429,7.571428571428571,18.857142857142858,19.428571428571427,0.5,1.0,2,1,1,2187.043901022992,2523.064906858228,1612.0005275528713,1612.0005275528713
187,2011,3401,63,3390,62,0,28.0,64.57142857142857,4.428571428571429,13.714285714285714,16.571428571428573,14.714285714285714,14.0,10.571428571428571,17.857142857142858,22.142857142857142,53.285714285714285,4.571428571428571,15.857142857142858,11.142857142857142,12.0,21.142857142857142,5.714285714285714,18.714285714285715,13.571428571428571,29.5,58.666666666666664,5.0,17.333333333333332,11.166666666666666,18.166666666666668,14.666666666666666,8.666666666666666,14.166666666666666,19.5,60.833333333333336,5.166666666666667,18.833333333333332,13.5,9.833333333333334,16.833333333333332,6.666666666666667,17.5,25.166666666666668,0.6,1.0,2,1,1,2223.355204625409,2367.4616275868766,1612.0005275528713,1612.0005275528713
188,2011,3401,76,3323,70,0,28.0,64.57142857142857,4.428571428571429,13.714285714285714,16.571428571428573,14.714285714285714,14.0,10.571428571428571,17.857142857142858,22.142857142857142,53.285714285714285,4.571428571428571,15.857142857142858,11.142857142857142,12.0,21.142857142857142,5.714285714285714,18.714285714285715,13.571428571428571,23.285714285714285,54.285714285714285,2.857142857142857,7.857142857142857,14.0,11.714285714285714,20.142857142857142,10.285714285714286,17.0,24.857142857142858,58.714285714285715,5.285714285714286,15.571428571428571,13.857142857142858,13.285714285714286,20.142857142857142,11.0,17.428571428571427,1.8571428571428572,0.6,0.5,2,2,0,2223.355204625409,2187.043901022992,1612.0005275528713,1612.0005275528713
189,2011,3298,43,3177,56,0,19.333333333333332,50.666666666666664,7.5,21.0,11.333333333333334,13.0,10.666666666666666,5.0,11.666666666666666,19.5,56.0,4.833333333333333,14.333333333333334,11.5,11.666666666666666,10.166666666666666,5.833333333333333,15.166666666666666,8.666666666666666,23.833333333333332,58.833333333333336,6.833333333333333,19.5,13.833333333333334,14.666666666666666,17.166666666666668,8.0,18.5,21.5,54.833333333333336,3.6666666666666665,12.666666666666666,12.666666666666666,11.333333333333334,17.166666666666668,10.333333333333334,16.333333333333332,2.3333333333333335,1.0,0.6666666666666666,14,3,11,1441.4252955257064,2024.4023497288129,1612.0005275528713,1612.0005275528713
190,2011,3404,45,3181,90,-1,26.8,60.4,9.4,24.8,12.2,16.0,13.4,6.8,12.0,25.4,66.8,7.6,26.8,13.0,14.8,14.2,5.2,18.4,16.6,28.0,60.833333333333336,7.5,17.166666666666668,16.166666666666668,17.5,18.833333333333332,10.5,15.666666666666666,20.0,59.666666666666664,3.8333333333333335,16.166666666666668,12.833333333333334,11.5,20.333333333333332,9.666666666666666,17.666666666666668,22.166666666666668,1.0,1.0,15,2,13,1446.7850290503911,2271.462750304109,1612.0005275528713,1612.0005275528713
191,2011,3132,58,3210,69,0,22.285714285714285,56.142857142857146,8.857142857142858,26.0,11.285714285714286,13.0,13.428571428571429,6.0,15.285714285714286,20.857142857142858,58.714285714285715,4.142857142857143,14.857142857142858,13.0,10.571428571428571,14.142857142857142,7.714285714285714,18.571428571428573,11.571428571428571,24.4,61.8,6.4,17.0,17.6,14.4,18.8,11.2,19.0,24.0,51.8,4.6,10.8,11.6,12.8,22.6,7.8,18.2,3.4,1.0,0.6666666666666666,12,5,7,1842.9903235172624,1979.1166833355376,1612.0005275528713,1612.0005275528713
192,2011,3234,86,3211,92,-1,24.5,60.5,7.5,23.0,13.0,16.0,15.0,10.0,12.5,26.5,57.0,8.5,18.5,10.5,20.0,20.5,6.0,18.5,4.5,37.2,69.6,4.4,12.2,12.8,21.6,10.8,13.0,16.4,21.2,56.6,5.0,16.6,10.4,11.2,21.2,6.2,13.8,31.4,0.0,1.0,6,11,-5,1953.125411559843,2015.5541352453365,1612.0005275528713,1612.0005275528713
193,2011,3214,62,3246,66,0,24.5,56.0,5.333333333333333,15.666666666666666,15.333333333333334,14.666666666666666,13.333333333333334,7.666666666666667,16.333333333333332,17.666666666666668,50.0,3.3333333333333335,11.666666666666666,10.0,8.5,18.833333333333332,5.333333333333333,20.0,20.666666666666668,22.666666666666668,63.333333333333336,4.0,15.666666666666666,18.833333333333332,8.0,15.5,10.666666666666666,20.0,23.666666666666668,52.333333333333336,6.666666666666667,15.5,12.5,11.333333333333334,23.333333333333332,4.833333333333333,21.0,2.3333333333333335,1.0,0.6666666666666666,13,4,9,1587.2959134827172,2032.793330024484,1612.0005275528713,1612.0005275528713
194,2011,3235,64,3265,74,0,21.714285714285715,51.57142857142857,6.857142857142857,19.0,10.714285714285714,13.714285714285714,15.285714285714286,5.285714285714286,12.428571428571429,19.857142857142858,53.57142857142857,5.428571428571429,20.428571428571427,8.714285714285714,12.0,15.0,6.714285714285714,18.571428571428573,11.714285714285714,23.333333333333332,58.166666666666664,7.333333333333333,19.5,11.0,13.333333333333334,11.5,9.166666666666666,10.833333333333334,15.0,55.0,4.666666666666667,15.5,10.333333333333334,8.0,15.833333333333334,6.0,14.833333333333334,22.166666666666668,0.5,1.0,7,10,-3,1956.48950308898,1912.298905284052,1612.0005275528713,1612.0005275528713
195,2011,3400,65,3266,68,0,22.857142857142858,58.142857142857146,7.0,19.714285714285715,15.857142857142858,11.571428571428571,19.428571428571427,6.142857142857143,16.714285714285715,28.0,61.42857142857143,5.0,15.142857142857142,12.428571428571429,14.142857142857142,13.571428571428571,9.428571428571429,17.714285714285715,-4.571428571428571,21.833333333333332,51.833333333333336,5.5,17.166666666666668,11.166666666666666,13.833333333333334,16.0,6.833333333333333,12.333333333333334,23.833333333333332,58.0,7.333333333333333,17.666666666666668,12.333333333333334,14.833333333333334,14.333333333333334,8.833333333333334,14.333333333333334,-1.1666666666666667,0.5,0.3333333333333333,9,8,1,1932.972630637664,1899.4680452396085,1612.0005275528713,1612.0005275528713
196,2011,3201,68,3314,82,0,27.428571428571427,62.857142857142854,8.571428571428571,27.571428571428573,12.428571428571429,15.857142857142858,13.142857142857142,11.857142857142858,16.428571428571427,22.857142857142858,52.57142857142857,4.0,13.428571428571429,10.428571428571429,11.571428571428571,21.142857142857142,6.857142857142857,15.285714285714286,15.714285714285714,27.375,65.125,3.75,14.625,15.625,14.625,18.5,9.375,18.25,23.75,68.75,5.875,21.125,18.625,13.625,18.875,8.625,18.125,6.625,1.0,0.8,12,5,7,1814.875092383459,2056.0715111704944,1612.0005275528713,1612.0005275528713
197,2011,3428,54,3323,67,1,20.125,53.625,6.125,18.625,12.125,11.625,15.25,5.0,15.5,19.0,52.875,4.25,13.875,9.625,11.0,11.875,7.25,13.375,2.75,23.285714285714285,54.285714285714285,2.857142857142857,7.857142857142857,14.0,11.714285714285714,20.142857142857142,10.285714285714286,17.0,24.857142857142858,58.714285714285715,5.285714285714286,15.571428571428571,13.857142857142858,13.285714285714286,20.142857142857142,11.0,17.428571428571427,1.8571428571428572,0.8333333333333334,0.5,15,2,13,1719.573061296813,2187.043901022992,1612.0005275528713,1612.0005275528713
198,2011,3416,69,3326,80,-1,23.285714285714285,58.857142857142854,7.285714285714286,19.571428571428573,16.428571428571427,12.571428571428571,13.857142857142858,7.428571428571429,14.142857142857142,22.142857142857142,57.142857142857146,3.5714285714285716,14.142857142857142,12.428571428571429,10.142857142857142,15.714285714285714,5.857142857142857,18.714285714285715,11.285714285714286,27.0,56.166666666666664,5.666666666666667,15.333333333333334,8.666666666666666,16.0,14.166666666666666,5.5,14.5,21.0,64.16666666666667,4.666666666666667,17.5,16.5,10.333333333333334,13.5,7.0,16.5,12.5,1.0,1.0,13,4,9,1685.035061784528,2089.149393867512,1612.0005275528713,1612.0005275528713
199,2011,3173,66,3336,75,-1,22.571428571428573,60.142857142857146,5.142857142857143,15.428571428571429,14.285714285714286,12.285714285714286,16.571428571428573,7.142857142857143,16.571428571428573,22.857142857142858,58.142857142857146,3.5714285714285716,15.142857142857142,11.571428571428571,11.0,16.285714285714285,7.714285714285714,17.857142857142858,3.7142857142857144,23.0,62.2,5.4,16.2,13.0,11.2,11.8,9.8,18.2,22.8,55.0,6.2,18.4,9.4,13.2,17.4,4.6,17.8,4.2,0.75,0.6666666666666666,11,6,5,1834.1490914820065,1910.026431815956,1612.0005275528713,1612.0005275528713
200,2011,3403,50,3385,55,0,22.857142857142858,57.857142857142854,5.0,14.285714285714286,11.857142857142858,12.571428571428571,15.571428571428571,9.714285714285714,18.714285714285715,22.428571428571427,56.142857142857146,5.285714285714286,14.714285714285714,12.428571428571429,12.571428571428571,16.428571428571427,6.285714285714286,16.142857142857142,-0.2857142857142857,22.166666666666668,57.0,2.8333333333333335,8.166666666666666,12.0,10.333333333333334,13.833333333333334,9.333333333333334,14.166666666666666,23.0,55.666666666666664,5.333333333333333,16.833333333333332,12.833333333333334,11.5,17.833333333333332,5.333333333333333,17.166666666666668,-2.5,0.5,0.3333333333333333,8,9,-1,1910.8983404706544,1915.4916616860764,1612.0005275528713,1612.0005275528713
201,2011,3413,59,3390,86,-1,22.571428571428573,54.714285714285715,6.142857142857143,19.428571428571427,12.0,14.0,17.714285714285715,9.428571428571429,15.857142857142858,19.0,51.57142857142857,5.0,17.428571428571427,11.571428571428571,12.0,20.857142857142858,10.428571428571429,17.857142857142858,11.428571428571429,29.5,58.666666666666664,5.0,17.333333333333332,11.166666666666666,18.166666666666668,14.666666666666666,8.666666666666666,14.166666666666666,19.5,60.833333333333336,5.166666666666667,18.833333333333332,13.5,9.833333333333334,16.833333333333332,6.666666666666667,17.5,25.166666666666668,1.0,1.0,16,1,15,1599.78083180028,2367.4616275868766,1612.0005275528713,1612.0005275528713
202,2011,3113,45,3396,63,0,19.857142857142858,54.285714285714285,4.285714285714286,15.428571428571429,14.714285714285714,13.0,16.428571428571427,8.857142857142858,16.0,20.285714285714285,48.57142857142857,2.7142857142857144,10.285714285714286,12.0,9.0,19.0,8.714285714285714,15.285714285714286,3.0,25.6,61.6,5.0,15.8,12.6,11.0,13.4,8.8,17.2,20.8,53.0,3.8,10.2,9.0,11.6,16.4,5.8,16.2,6.2,0.75,0.5,7,10,-3,1889.202707390506,1911.711128540312,1612.0005275528713,1612.0005275528713
203,2011,3391,34,3397,99,-1,21.333333333333332,52.333333333333336,5.5,13.666666666666666,8.5,10.0,15.0,6.5,13.333333333333334,18.5,63.333333333333336,3.6666666666666665,15.166666666666666,17.0,7.666666666666667,14.5,7.166666666666667,15.666666666666666,9.666666666666666,29.833333333333332,58.833333333333336,7.833333333333333,17.0,14.166666666666666,14.0,14.666666666666666,6.333333333333333,15.166666666666666,20.166666666666668,62.833333333333336,5.833333333333333,21.5,16.333333333333332,8.833333333333334,15.166666666666666,6.833333333333333,19.166666666666668,24.333333333333332,1.0,1.0,16,1,15,1353.8802417718537,2314.6879588922616,1612.0005275528713,1612.0005275528713
204,2011,3285,47,3417,55,0,20.75,52.5,5.25,13.75,13.125,12.0,15.25,7.0,13.875,21.25,54.25,6.125,20.125,12.375,13.875,14.5,8.5,16.5,2.0,23.714285714285715,54.0,2.4285714285714284,9.0,13.428571428571429,13.571428571428571,16.0,11.571428571428571,13.0,19.285714285714285,49.57142857142857,5.571428571428571,19.857142857142858,10.571428571428571,12.0,18.857142857142858,7.142857142857143,14.571428571428571,6.571428571428571,0.8,0.75,14,3,11,1540.95794846977,2059.492263968608,1612.0005275528713,1612.0005275528713
205,2011,3341,30,3124,66,-1,19.333333333333332,49.22222222222222,2.888888888888889,10.555555555555555,9.11111111111111,10.666666666666666,18.88888888888889,9.333333333333334,15.222222222222221,16.88888888888889,54.333333333333336,3.4444444444444446,12.444444444444445,13.555555555555555,10.0,19.11111111111111,6.777777777777778,18.88888888888889,11.555555555555555,27.5,59.375,5.5,12.375,16.375,17.0,14.75,6.75,12.0,21.375,60.25,6.5,20.375,12.5,10.875,14.75,6.75,18.625,17.75,0.8333333333333334,1.0,16,1,15,1417.9173297411412,2263.275640901467,1612.0005275528713,1612.0005275528713
206,2011,3216,39,3163,75,-1,18.666666666666668,48.5,5.0,14.833333333333334,10.0,11.5,12.666666666666666,7.666666666666667,14.333333333333334,19.666666666666668,54.166666666666664,4.833333333333333,14.333333333333334,12.333333333333334,9.666666666666666,15.5,6.166666666666667,20.333333333333332,7.333333333333333,25.142857142857142,53.285714285714285,6.0,16.857142857142858,10.857142857142858,18.714285714285715,15.0,7.571428571428571,12.285714285714286,19.571428571428573,60.142857142857146,5.857142857142857,18.571428571428573,12.857142857142858,9.857142857142858,15.428571428571429,7.571428571428571,18.857142857142858,19.428571428571427,1.0,1.0,16,1,15,1640.2826038430003,2523.064906858228,1612.0005275528713,1612.0005275528713
207,2011,3359,46,3199,76,0,21.2,48.2,7.6,19.2,4.2,11.8,13.0,6.8,15.0,21.4,58.8,4.6,14.0,14.8,9.8,14.2,5.6,17.0,4.8,20.75,61.5,4.75,17.75,17.25,12.25,19.25,5.75,21.25,23.0,64.25,6.5,18.5,17.0,12.5,18.25,8.0,22.0,-1.5,1.0,0.0,14,3,11,1670.6610280124291,2066.924602246748,1612.0005275528713,1612.0005275528713
208,2011,3343,49,3207,65,0,27.0,57.833333333333336,8.5,18.5,13.333333333333334,17.833333333333332,12.5,8.166666666666666,15.666666666666666,14.833333333333334,51.0,2.8333333333333335,15.0,12.5,6.333333333333333,16.666666666666668,5.0,14.0,29.333333333333332,18.5,60.166666666666664,6.333333333333333,24.833333333333332,15.5,11.5,12.666666666666666,11.5,19.166666666666668,19.333333333333332,43.833333333333336,6.666666666666667,18.5,9.333333333333334,14.833333333333334,20.0,5.666666666666667,15.0,-7.5,1.0,0.3333333333333333,12,5,7,1703.7899475195102,1954.9322316601856,1612.0005275528713,1612.0005275528713
209,2011,3292,41,3208,56,0,22.0,53.333333333333336,4.666666666666667,16.666666666666668,12.0,11.666666666666666,16.0,5.666666666666667,17.333333333333332,24.666666666666668,52.333333333333336,4.0,11.666666666666666,8.333333333333334,14.666666666666666,14.666666666666666,8.666666666666666,18.0,-5.0,21.8,60.8,4.4,18.8,14.8,8.0,13.6,6.6,18.4,24.2,56.2,5.4,17.8,13.2,12.2,15.0,5.4,15.0,-6.6,0.0,0.5,11,6,5,1868.5804453565995,1954.996583507395,1612.0005275528713,1612.0005275528713
210,2011,3435,62,3257,81,0,23.0,52.8,4.6,13.8,12.2,13.0,19.0,3.2,20.4,24.0,68.4,5.4,17.8,18.2,9.2,11.0,7.8,22.0,0.2,22.666666666666668,53.0,5.0,16.666666666666668,12.0,11.5,18.333333333333332,9.0,15.333333333333334,20.5,51.833333333333336,4.166666666666667,15.166666666666666,11.166666666666666,12.666666666666666,19.833333333333332,7.5,18.333333333333332,7.333333333333333,0.5,0.3333333333333333,10,7,3,1947.6647078909125,1931.867299516941,1612.0005275528713,1612.0005275528713
211,2011,3384,48,3268,70,-1,23.285714285714285,60.142857142857146,4.571428571428571,14.0,14.428571428571429,12.571428571428571,16.714285714285715,11.285714285714286,15.142857142857142,23.142857142857142,58.285714285714285,5.857142857142857,18.714285714285715,12.714285714285714,11.857142857142858,21.428571428571427,6.428571428571429,19.714285714285715,4.571428571428571,24.25,57.75,4.5,13.25,13.5,13.0,17.25,7.5,20.0,22.0,59.0,4.75,13.5,14.75,12.75,18.5,7.5,19.0,2.5,1.0,0.0,13,4,9,1523.6258341811233,2025.1507171094315,1612.0005275528713,1612.0005275528713
212,2011,3205,62,3274,80,0,25.444444444444443,59.333333333333336,4.555555555555555,13.666666666666666,13.222222222222221,15.0,15.11111111111111,7.777777777777778,16.555555555555557,19.11111111111111,56.111111111111114,4.555555555555555,17.0,12.88888888888889,11.11111111111111,17.88888888888889,6.222222222222222,16.333333333333332,10.555555555555555,25.4,64.2,7.6,23.0,14.8,15.4,17.8,9.6,17.0,25.2,66.2,3.8,14.2,16.4,12.0,20.4,6.8,23.4,7.4,1.0,0.5,14,3,11,1543.056924158957,1954.7489904681156,1612.0005275528713,1612.0005275528713
213,2011,3320,66,3277,69,0,25.285714285714285,57.57142857142857,7.571428571428571,21.714285714285715,10.428571428571429,16.285714285714285,14.428571428571429,10.714285714285714,15.857142857142858,17.285714285714285,55.857142857142854,2.142857142857143,12.428571428571429,13.285714285714286,9.142857142857142,18.857142857142858,7.285714285714286,17.285714285714285,23.714285714285715,21.6,57.0,5.8,18.6,15.4,11.0,18.2,10.0,18.2,19.0,48.8,1.0,10.4,9.6,11.0,20.6,8.8,15.8,8.4,1.0,0.5,13,4,9,1815.5888614060136,2045.2735108006652,1612.0005275528713,1612.0005275528713
214,2011,3241,72,3328,86,0,24.0,61.0,7.166666666666667,17.833333333333332,17.833333333333332,12.833333333333334,17.5,7.5,19.333333333333332,19.666666666666668,58.666666666666664,2.6666666666666665,10.833333333333334,12.166666666666666,10.0,16.166666666666668,9.166666666666666,19.166666666666668,14.333333333333334,26.571428571428573,60.57142857142857,6.0,17.285714285714285,12.142857142857142,13.285714285714286,16.285714285714285,7.142857142857143,20.285714285714285,24.428571428571427,58.57142857142857,6.857142857142857,17.428571428571427,11.857142857142858,13.714285714285714,17.0,7.714285714285714,19.857142857142858,3.142857142857143,1.0,0.5,11,6,5,1853.6879750586925,2066.4098061814225,1612.0005275528713,1612.0005275528713
215,2011,3243,45,3345,53,0,21.857142857142858,52.285714285714285,6.285714285714286,17.285714285714285,8.571428571428571,11.285714285714286,12.857142857142858,6.857142857142857,16.285714285714285,23.714285714285715,54.857142857142854,5.714285714285714,14.285714285714286,14.285714285714286,13.285714285714286,13.714285714285714,5.285714285714286,12.142857142857142,-7.142857142857143,21.5,51.5,5.25,13.0,8.75,12.5,16.5,5.75,17.25,22.75,59.25,6.0,17.75,12.75,10.5,12.5,9.0,17.25,-2.0,0.75,0.5,8,9,-1,1910.724996031998,1890.8048357997989,1612.0005275528713,1612.0005275528713
216,2011,3256,51,3353,76,0,24.714285714285715,56.0,5.571428571428571,15.571428571428571,11.0,13.0,15.142857142857142,8.571428571428571,15.571428571428571,24.142857142857142,56.857142857142854,5.571428571428571,16.571428571428573,9.857142857142858,11.428571428571429,17.714285714285715,8.428571428571429,18.857142857142858,5.857142857142857,23.333333333333332,53.666666666666664,5.5,13.333333333333334,10.0,12.0,14.833333333333334,6.0,15.333333333333334,19.333333333333332,55.166666666666664,6.333333333333333,20.166666666666668,11.666666666666666,12.0,14.333333333333334,8.0,14.166666666666666,7.0,0.6,0.6666666666666666,10,7,3,1785.5544376542405,1950.6292512933087,1612.0005275528713,1612.0005275528713
217,2011,3270,47,3401,87,0,23.25,55.5,5.875,16.125,12.375,11.0,13.125,6.0,16.0,21.0,52.125,4.375,14.75,9.5,11.0,16.125,5.0,20.5,11.375,28.0,64.57142857142857,4.428571428571429,13.714285714285714,16.571428571428573,14.714285714285714,14.0,10.571428571428571,17.857142857142858,22.142857142857142,53.285714285714285,4.571428571428571,15.857142857142858,11.142857142857142,12.0,21.142857142857142,5.714285714285714,18.714285714285715,13.571428571428571,1.0,0.6,15,2,13,1433.5821411175002,2223.355204625409,1612.0005275528713,1612.0005275528713
218,2011,3222,73,3452,79,1,24.333333333333332,63.333333333333336,5.166666666666667,15.0,14.166666666666666,11.0,14.666666666666666,9.333333333333334,17.5,25.833333333333332,66.66666666666667,3.8333333333333335,14.666666666666666,15.333333333333334,10.833333333333334,16.833333333333332,7.5,20.0,6.333333333333333,23.666666666666668,56.666666666666664,3.6666666666666665,11.666666666666666,13.666666666666666,12.5,17.166666666666668,8.5,18.5,21.5,53.5,3.8333333333333335,12.5,11.5,9.166666666666666,18.166666666666668,6.333333333333333,17.666666666666668,4.5,0.6666666666666666,0.6666666666666666,8,9,-1,1792.4449853231351,1937.0687263741356,1612.0005275528713,1612.0005275528713
219,2011,3114,55,3453,59,0,24.285714285714285,52.714285714285715,3.5714285714285716,12.0,8.142857142857142,17.0,10.714285714285714,5.857142857142857,16.142857142857142,21.0,53.142857142857146,2.857142857142857,12.0,11.571428571428571,8.285714285714286,14.428571428571429,2.857142857142857,12.857142857142858,9.0,28.75,61.375,8.5,22.375,10.875,21.25,13.125,12.0,17.625,18.0,46.75,4.5,14.875,7.875,8.0,23.625,7.375,17.625,26.375,1.0,1.0,12,5,7,1807.7488872241363,1978.1234785538568,1612.0005275528713,1612.0005275528713
220,2011,3355,56,3462,72,-1,24.5,52.166666666666664,7.333333333333333,17.333333333333332,9.333333333333334,15.333333333333334,14.333333333333334,6.5,13.833333333333334,20.333333333333332,52.833333333333336,5.166666666666667,16.166666666666668,7.833333333333333,11.0,12.666666666666666,6.166666666666667,13.166666666666666,10.166666666666666,26.333333333333332,61.666666666666664,4.666666666666667,14.666666666666666,13.833333333333334,14.5,13.333333333333334,8.666666666666666,10.5,20.666666666666668,62.5,4.666666666666667,19.666666666666668,14.0,12.166666666666666,15.833333333333334,6.833333333333333,15.833333333333334,16.333333333333332,1.0,1.0,15,2,13,1647.1785201994385,2130.7175261293587,1612.0005275528713,1612.0005275528713
221,2011,3336,73,3177,75,1,23.0,62.2,5.4,16.2,13.0,11.2,11.8,9.8,18.2,22.8,55.0,6.2,18.4,9.4,13.2,17.4,4.6,17.8,4.2,23.833333333333332,58.833333333333336,6.833333333333333,19.5,13.833333333333334,14.666666666666666,17.166666666666668,8.0,18.5,21.5,54.833333333333336,3.6666666666666665,12.666666666666666,12.666666666666666,11.333333333333334,17.166666666666668,10.333333333333334,16.333333333333332,2.3333333333333335,0.6666666666666666,0.6666666666666666,6,3,3,1910.026431815956,2024.4023497288129,1612.0005275528713,1612.0005275528713
222,2011,3265,66,3181,71,-1,23.333333333333332,58.166666666666664,7.333333333333333,19.5,11.0,13.333333333333334,11.5,9.166666666666666,10.833333333333334,15.0,55.0,4.666666666666667,15.5,10.333333333333334,8.0,15.833333333333334,6.0,14.833333333333334,22.166666666666668,28.0,60.833333333333336,7.5,17.166666666666668,16.166666666666668,17.5,18.833333333333332,10.5,15.666666666666666,20.0,59.666666666666664,3.8333333333333335,16.166666666666668,12.833333333333334,11.5,20.333333333333332,9.666666666666666,17.666666666666668,22.166666666666668,1.0,1.0,10,2,8,1912.298905284052,2271.462750304109,1612.0005275528713,1612.0005275528713
223,2011,3417,75,3211,89,-1,23.714285714285715,54.0,2.4285714285714284,9.0,13.428571428571429,13.571428571428571,16.0,11.571428571428571,13.0,19.285714285714285,49.57142857142857,5.571428571428571,19.857142857142858,10.571428571428571,12.0,18.857142857142858,7.142857142857143,14.571428571428571,6.571428571428571,37.2,69.6,4.4,12.2,12.8,21.6,10.8,13.0,16.4,21.2,56.6,5.0,16.6,10.4,11.2,21.2,6.2,13.8,31.4,0.75,1.0,3,11,-8,2059.492263968608,2015.5541352453365,1612.0005275528713,1612.0005275528713
224,2011,3246,74,3314,86,0,22.666666666666668,63.333333333333336,4.0,15.666666666666666,18.833333333333332,8.0,15.5,10.666666666666666,20.0,23.666666666666668,52.333333333333336,6.666666666666667,15.5,12.5,11.333333333333334,23.333333333333332,4.833333333333333,21.0,2.3333333333333335,27.375,65.125,3.75,14.625,15.625,14.625,18.5,9.375,18.25,23.75,68.75,5.875,21.125,18.625,13.625,18.875,8.625,18.125,6.625,0.6666666666666666,0.8,4,5,-1,2032.793330024484,2056.0715111704944,1612.0005275528713,1612.0005275528713
225,2011,3396,64,3323,77,0,25.6,61.6,5.0,15.8,12.6,11.0,13.4,8.8,17.2,20.8,53.0,3.8,10.2,9.0,11.6,16.4,5.8,16.2,6.2,23.285714285714285,54.285714285714285,2.857142857142857,7.857142857142857,14.0,11.714285714285714,20.142857142857142,10.285714285714286,17.0,24.857142857142858,58.714285714285715,5.285714285714286,15.571428571428571,13.857142857142858,13.285714285714286,20.142857142857142,11.0,17.428571428571427,1.8571428571428572,0.5,0.5,10,2,8,1911.711128540312,2187.043901022992,1612.0005275528713,1612.0005275528713
226,2011,3210,60,3326,67,-1,24.4,61.8,6.4,17.0,17.6,14.4,18.8,11.2,19.0,24.0,51.8,4.6,10.8,11.6,12.8,22.6,7.8,18.2,3.4,27.0,56.166666666666664,5.666666666666667,15.333333333333334,8.666666666666666,16.0,14.166666666666666,5.5,14.5,21.0,64.16666666666667,4.666666666666667,17.5,16.5,10.333333333333334,13.5,7.0,16.5,12.5,0.6666666666666666,1.0,5,4,1,1979.1166833355376,2089.149393867512,1612.0005275528713,1612.0005275528713
227,2011,3385,49,3390,75,-1,22.166666666666668,57.0,2.8333333333333335,8.166666666666666,12.0,10.333333333333334,13.833333333333334,9.333333333333334,14.166666666666666,23.0,55.666666666666664,5.333333333333333,16.833333333333332,12.833333333333334,11.5,17.833333333333332,5.333333333333333,17.166666666666668,-2.5,29.5,58.666666666666664,5.0,17.333333333333332,11.166666666666666,18.166666666666668,14.666666666666666,8.666666666666666,14.166666666666666,19.5,60.833333333333336,5.166666666666667,18.833333333333332,13.5,9.833333333333334,16.833333333333332,6.666666666666667,17.5,25.166666666666668,0.3333333333333333,1.0,9,1,8,1915.4916616860764,2367.4616275868766,1612.0005275528713,1612.0005275528713
228,2011,3266,70,3397,79,-1,21.833333333333332,51.833333333333336,5.5,17.166666666666668,11.166666666666666,13.833333333333334,16.0,6.833333333333333,12.333333333333334,23.833333333333332,58.0,7.333333333333333,17.666666666666668,12.333333333333334,14.833333333333334,14.333333333333334,8.833333333333334,14.333333333333334,-1.1666666666666667,29.833333333333332,58.833333333333336,7.833333333333333,17.0,14.166666666666666,14.0,14.666666666666666,6.333333333333333,15.166666666666666,20.166666666666668,62.833333333333336,5.833333333333333,21.5,16.333333333333332,8.833333333333334,15.166666666666666,6.833333333333333,19.166666666666668,24.333333333333332,0.3333333333333333,1.0,8,1,7,1899.4680452396085,2314.6879588922616,1612.0005275528713,1612.0005275528713
229,2011,3452,68,3124,82,-1,23.666666666666668,56.666666666666664,3.6666666666666665,11.666666666666666,13.666666666666666,12.5,17.166666666666668,8.5,18.5,21.5,53.5,3.8333333333333335,12.5,11.5,9.166666666666666,18.166666666666668,6.333333333333333,17.666666666666668,4.5,27.5,59.375,5.5,12.375,16.375,17.0,14.75,6.75,12.0,21.375,60.25,6.5,20.375,12.5,10.875,14.75,6.75,18.625,17.75,0.6666666666666666,1.0,9,1,8,1937.0687263741356,2263.275640901467,1612.0005275528713,1612.0005275528713
230,2011,3345,40,3163,64,-1,21.5,51.5,5.25,13.0,8.75,12.5,16.5,5.75,17.25,22.75,59.25,6.0,17.75,12.75,10.5,12.5,9.0,17.25,-2.0,25.142857142857142,53.285714285714285,6.0,16.857142857142858,10.857142857142858,18.714285714285715,15.0,7.571428571428571,12.285714285714286,19.571428571428573,60.142857142857146,5.857142857142857,18.571428571428573,12.857142857142858,9.857142857142858,15.428571428571429,7.571428571428571,18.857142857142858,19.428571428571427,0.5,1.0,9,1,8,1890.8048357997989,2523.064906858228,1612.0005275528713,1612.0005275528713
231,2011,3268,57,3207,79,1,24.25,57.75,4.5,13.25,13.5,13.0,17.25,7.5,20.0,22.0,59.0,4.75,13.5,14.75,12.75,18.5,7.5,19.0,2.5,18.5,60.166666666666664,6.333333333333333,24.833333333333332,15.5,11.5,12.666666666666666,11.5,19.166666666666668,19.333333333333332,43.833333333333336,6.666666666666667,18.5,9.333333333333334,14.833333333333334,20.0,5.666666666666667,15.0,-7.5,0.0,0.3333333333333333,4,5,-1,2025.1507171094315,1954.9322316601856,1612.0005275528713,1612.0005275528713
232,2011,3199,59,3208,61,0,20.75,61.5,4.75,17.75,17.25,12.25,19.25,5.75,21.25,23.0,64.25,6.5,18.5,17.0,12.5,18.25,8.0,22.0,-1.5,21.8,60.8,4.4,18.8,14.8,8.0,13.6,6.6,18.4,24.2,56.2,5.4,17.8,13.2,12.2,15.0,5.4,15.0,-6.6,0.0,0.5,3,6,-3,2066.924602246748,1954.996583507395,1612.0005275528713,1612.0005275528713
233,2011,3462,75,3257,85,1,26.333333333333332,61.666666666666664,4.666666666666667,14.666666666666666,13.833333333333334,14.5,13.333333333333334,8.666666666666666,10.5,20.666666666666668,62.5,4.666666666666667,19.666666666666668,14.0,12.166666666666666,15.833333333333334,6.833333333333333,15.833333333333334,16.333333333333332,22.666666666666668,53.0,5.0,16.666666666666668,12.0,11.5,18.333333333333332,9.0,15.333333333333334,20.5,51.833333333333336,4.166666666666667,15.166666666666666,11.166666666666666,12.666666666666666,19.833333333333332,7.5,18.333333333333332,7.333333333333333,1.0,0.3333333333333333,2,7,-5,2130.7175261293587,1931.867299516941,1612.0005275528713,1612.0005275528713
234,2011,3274,83,3328,88,0,25.4,64.2,7.6,23.0,14.8,15.4,17.8,9.6,17.0,25.2,66.2,3.8,14.2,16.4,12.0,20.4,6.8,23.4,7.4,26.571428571428573,60.57142857142857,6.0,17.285714285714285,12.142857142857142,13.285714285714286,16.285714285714285,7.142857142857143,20.285714285714285,24.428571428571427,58.57142857142857,6.857142857142857,17.428571428571427,11.857142857142858,13.714285714285714,17.0,7.714285714285714,19.857142857142858,3.142857142857143,0.5,0.5,3,6,-3,1954.7489904681156,2066.4098061814225,1612.0005275528713,1612.0005275528713
235,2011,3353,48,3401,70,0,23.333333333333332,53.666666666666664,5.5,13.333333333333334,10.0,12.0,14.833333333333334,6.0,15.333333333333334,19.333333333333332,55.166666666666664,6.333333333333333,20.166666666666668,11.666666666666666,12.0,14.333333333333334,8.0,14.166666666666666,7.0,28.0,64.57142857142857,4.428571428571429,13.714285714285714,16.571428571428573,14.714285714285714,14.0,10.571428571428571,17.857142857142858,22.142857142857142,53.285714285714285,4.571428571428571,15.857142857142858,11.142857142857142,12.0,21.142857142857142,5.714285714285714,18.714285714285715,13.571428571428571,0.6666666666666666,0.6,7,2,5,1950.6292512933087,2223.355204625409,1612.0005275528713,1612.0005275528713
236,2011,3277,56,3453,65,0,21.6,57.0,5.8,18.6,15.4,11.0,18.2,10.0,18.2,19.0,48.8,1.0,10.4,9.6,11.0,20.6,8.8,15.8,8.4,28.75,61.375,8.5,22.375,10.875,21.25,13.125,12.0,17.625,18.0,46.75,4.5,14.875,7.875,8.0,23.625,7.375,17.625,26.375,0.5,1.0,4,5,-1,2045.2735108006652,1978.1234785538568,1612.0005275528713,1612.0005275528713
237,2011,3257,69,3211,76,0,22.666666666666668,53.0,5.0,16.666666666666668,12.0,11.5,18.333333333333332,9.0,15.333333333333334,20.5,51.833333333333336,4.166666666666667,15.166666666666666,11.166666666666666,12.666666666666666,19.833333333333332,7.5,18.333333333333332,7.333333333333333,37.2,69.6,4.4,12.2,12.8,21.6,10.8,13.0,16.4,21.2,56.6,5.0,16.6,10.4,11.2,21.2,6.2,13.8,31.4,0.3333333333333333,1.0,7,11,-4,1931.867299516941,2015.5541352453365,1612.0005275528713,1612.0005275528713
238,2011,3328,53,3323,78,0,26.571428571428573,60.57142857142857,6.0,17.285714285714285,12.142857142857142,13.285714285714286,16.285714285714285,7.142857142857143,20.285714285714285,24.428571428571427,58.57142857142857,6.857142857142857,17.428571428571427,11.857142857142858,13.714285714285714,17.0,7.714285714285714,19.857142857142858,3.142857142857143,23.285714285714285,54.285714285714285,2.857142857142857,7.857142857142857,14.0,11.714285714285714,20.142857142857142,10.285714285714286,17.0,24.857142857142858,58.714285714285715,5.285714285714286,15.571428571428571,13.857142857142858,13.285714285714286,20.142857142857142,11.0,17.428571428571427,1.8571428571428572,0.5,0.5,6,2,4,2066.4098061814225,2187.043901022992,1612.0005275528713,1612.0005275528713
239,2011,3314,65,3390,72,0,27.375,65.125,3.75,14.625,15.625,14.625,18.5,9.375,18.25,23.75,68.75,5.875,21.125,18.625,13.625,18.875,8.625,18.125,6.625,29.5,58.666666666666664,5.0,17.333333333333332,11.166666666666666,18.166666666666668,14.666666666666666,8.666666666666666,14.166666666666666,19.5,60.833333333333336,5.166666666666667,18.833333333333332,13.5,9.833333333333334,16.833333333333332,6.666666666666667,17.5,25.166666666666668,0.8,1.0,5,1,4,2056.0715111704944,2367.4616275868766,1612.0005275528713,1612.0005275528713
240,2011,3326,75,3397,85,0,27.0,56.166666666666664,5.666666666666667,15.333333333333334,8.666666666666666,16.0,14.166666666666666,5.5,14.5,21.0,64.16666666666667,4.666666666666667,17.5,16.5,10.333333333333334,13.5,7.0,16.5,12.5,29.833333333333332,58.833333333333336,7.833333333333333,17.0,14.166666666666666,14.0,14.666666666666666,6.333333333333333,15.166666666666666,20.166666666666668,62.833333333333336,5.833333333333333,21.5,16.333333333333332,8.833333333333334,15.166666666666666,6.833333333333333,19.166666666666668,24.333333333333332,1.0,1.0,4,1,3,2089.149393867512,2314.6879588922616,1612.0005275528713,1612.0005275528713
241,2011,3453,76,3124,86,-1,28.75,61.375,8.5,22.375,10.875,21.25,13.125,12.0,17.625,18.0,46.75,4.5,14.875,7.875,8.0,23.625,7.375,17.625,26.375,27.5,59.375,5.5,12.375,16.375,17.0,14.75,6.75,12.0,21.375,60.25,6.5,20.375,12.5,10.875,14.75,6.75,18.625,17.75,1.0,1.0,5,1,4,1978.1234785538568,2263.275640901467,1612.0005275528713,1612.0005275528713
242,2011,3207,63,3163,68,0,18.5,60.166666666666664,6.333333333333333,24.833333333333332,15.5,11.5,12.666666666666666,11.5,19.166666666666668,19.333333333333332,43.833333333333336,6.666666666666667,18.5,9.333333333333334,14.833333333333334,20.0,5.666666666666667,15.0,-7.5,25.142857142857142,53.285714285714285,6.0,16.857142857142858,10.857142857142858,18.714285714285715,15.0,7.571428571428571,12.285714285714286,19.571428571428573,60.142857142857146,5.857142857142857,18.571428571428573,12.857142857142858,9.857142857142858,15.428571428571429,7.571428571428571,18.857142857142858,19.428571428571427,0.3333333333333333,1.0,5,1,4,1954.9322316601856,2523.064906858228,1612.0005275528713,1612.0005275528713
243,2011,3177,63,3181,70,0,23.833333333333332,58.833333333333336,6.833333333333333,19.5,13.833333333333334,14.666666666666666,17.166666666666668,8.0,18.5,21.5,54.833333333333336,3.6666666666666665,12.666666666666666,12.666666666666666,11.333333333333334,17.166666666666668,10.333333333333334,16.333333333333332,2.3333333333333335,28.0,60.833333333333336,7.5,17.166666666666668,16.166666666666668,17.5,18.833333333333332,10.5,15.666666666666666,20.0,59.666666666666664,3.8333333333333335,16.166666666666668,12.833333333333334,11.5,20.333333333333332,9.666666666666666,17.666666666666668,22.166666666666668,0.6666666666666666,1.0,3,2,1,2024.4023497288129,2271.462750304109,1612.0005275528713,1612.0005275528713
244,2011,3208,38,3401,79,-1,21.8,60.8,4.4,18.8,14.8,8.0,13.6,6.6,18.4,24.2,56.2,5.4,17.8,13.2,12.2,15.0,5.4,15.0,-6.6,28.0,64.57142857142857,4.428571428571429,13.714285714285714,16.571428571428573,14.714285714285714,14.0,10.571428571428571,17.857142857142858,22.142857142857142,53.285714285714285,4.571428571428571,15.857142857142858,11.142857142857142,12.0,21.142857142857142,5.714285714285714,18.714285714285715,13.571428571428571,0.5,0.6,6,2,4,1954.996583507395,2223.355204625409,1612.0005275528713,1612.0005275528713
245,2011,3397,59,3323,73,0,29.833333333333332,58.833333333333336,7.833333333333333,17.0,14.166666666666666,14.0,14.666666666666666,6.333333333333333,15.166666666666666,20.166666666666668,62.833333333333336,5.833333333333333,21.5,16.333333333333332,8.833333333333334,15.166666666666666,6.833333333333333,19.166666666666668,24.333333333333332,23.285714285714285,54.285714285714285,2.857142857142857,7.857142857142857,14.0,11.714285714285714,20.142857142857142,10.285714285714286,17.0,24.857142857142858,58.714285714285715,5.285714285714286,15.571428571428571,13.857142857142858,13.285714285714286,20.142857142857142,11.0,17.428571428571427,1.8571428571428572,1.0,0.5,1,2,-1,2314.6879588922616,2187.043901022992,1612.0005275528713,1612.0005275528713
246,2011,3211,60,3390,83,0,37.2,69.6,4.4,12.2,12.8,21.6,10.8,13.0,16.4,21.2,56.6,5.0,16.6,10.4,11.2,21.2,6.2,13.8,31.4,29.5,58.666666666666664,5.0,17.333333333333332,11.166666666666666,18.166666666666668,14.666666666666666,8.666666666666666,14.166666666666666,19.5,60.833333333333336,5.166666666666667,18.833333333333332,13.5,9.833333333333334,16.833333333333332,6.666666666666667,17.5,25.166666666666668,1.0,1.0,11,1,10,2015.5541352453365,2367.4616275868766,1612.0005275528713,1612.0005275528713
247,2011,3181,40,3163,75,0,28.0,60.833333333333336,7.5,17.166666666666668,16.166666666666668,17.5,18.833333333333332,10.5,15.666666666666666,20.0,59.666666666666664,3.8333333333333335,16.166666666666668,12.833333333333334,11.5,20.333333333333332,9.666666666666666,17.666666666666668,22.166666666666668,25.142857142857142,53.285714285714285,6.0,16.857142857142858,10.857142857142858,18.714285714285715,15.0,7.571428571428571,12.285714285714286,19.571428571428573,60.142857142857146,5.857142857142857,18.571428571428573,12.857142857142858,9.857142857142858,15.428571428571429,7.571428571428571,18.857142857142858,19.428571428571427,1.0,1.0,2,1,1,2271.462750304109,2523.064906858228,1612.0005275528713,1612.0005275528713
248,2011,3124,46,3401,58,1,27.5,59.375,5.5,12.375,16.375,17.0,14.75,6.75,12.0,21.375,60.25,6.5,20.375,12.5,10.875,14.75,6.75,18.625,17.75,28.0,64.57142857142857,4.428571428571429,13.714285714285714,16.571428571428573,14.714285714285714,14.0,10.571428571428571,17.857142857142858,22.142857142857142,53.285714285714285,4.571428571428571,15.857142857142858,11.142857142857142,12.0,21.142857142857142,5.714285714285714,18.714285714285715,13.571428571428571,1.0,0.6,1,2,-1,2263.275640901467,2223.355204625409,1612.0005275528713,1612.0005275528713
249,2011,3163,63,3323,72,0,25.142857142857142,53.285714285714285,6.0,16.857142857142858,10.857142857142858,18.714285714285715,15.0,7.571428571428571,12.285714285714286,19.571428571428573,60.142857142857146,5.857142857142857,18.571428571428573,12.857142857142858,9.857142857142858,15.428571428571429,7.571428571428571,18.857142857142858,19.428571428571427,23.285714285714285,54.285714285714285,2.857142857142857,7.857142857142857,14.0,11.714285714285714,20.142857142857142,10.285714285714286,17.0,24.857142857142858,58.714285714285715,5.285714285714286,15.571428571428571,13.857142857142858,13.285714285714286,20.142857142857142,11.0,17.428571428571427,1.8571428571428572,1.0,0.5,1,2,-1,2523.064906858228,2187.043901022992,1612.0005275528713,1612.0005275528713
250,2011,3390,62,3401,63,0,29.5,58.666666666666664,5.0,17.333333333333332,11.166666666666666,18.166666666666668,14.666666666666666,8.666666666666666,14.166666666666666,19.5,60.833333333333336,5.166666666666667,18.833333333333332,13.5,9.833333333333334,16.833333333333332,6.666666666666667,17.5,25.166666666666668,28.0,64.57142857142857,4.428571428571429,13.714285714285714,16.571428571428573,14.714285714285714,14.0,10.571428571428571,17.857142857142858,22.142857142857142,53.285714285714285,4.571428571428571,15.857142857142858,11.142857142857142,12.0,21.142857142857142,5.714285714285714,18.714285714285715,13.571428571428571,1.0,0.6,1,2,-1,2367.4616275868766,2223.355204625409,1612.0005275528713,1612.0005275528713
251,2011,3323,70,3401,76,0,23.285714285714285,54.285714285714285,2.857142857142857,7.857142857142857,14.0,11.714285714285714,20.142857142857142,10.285714285714286,17.0,24.857142857142858,58.714285714285715,5.285714285714286,15.571428571428571,13.857142857142858,13.285714285714286,20.142857142857142,11.0,17.428571428571427,1.8571428571428572,28.0,64.57142857142857,4.428571428571429,13.714285714285714,16.571428571428573,14.714285714285714,14.0,10.571428571428571,17.857142857142858,22.142857142857142,53.285714285714285,4.571428571428571,15.857142857142858,11.142857142857142,12.0,21.142857142857142,5.714285714285714,18.714285714285715,13.571428571428571,0.5,0.6,2,2,0,2187.043901022992,2223.355204625409,1612.0005275528713,1612.0005275528713
252,2012,3116,72,3173,55,0,22.666666666666668,53.833333333333336,5.666666666666667,18.666666666666668,12.666666666666666,12.833333333333334,13.333333333333334,7.166666666666667,15.333333333333334,18.833333333333332,49.333333333333336,2.1666666666666665,12.666666666666666,13.333333333333334,8.0,17.333333333333332,4.5,14.666666666666666,11.0,26.333333333333332,66.0,6.5,18.166666666666668,15.0,14.666666666666666,13.333333333333334,7.5,16.833333333333332,21.5,57.166666666666664,2.5,10.5,13.5,12.666666666666666,18.833333333333332,5.666666666666667,16.0,12.666666666666666,0.6666666666666666,1.0,6,11,-5,1919.8378868114844,1913.6928428240624,1612.0005275528713,1612.0005275528713
253,2012,3163,83,3341,47,1,24.857142857142858,54.285714285714285,6.285714285714286,17.857142857142858,11.571428571428571,15.714285714285714,15.285714285714286,8.142857142857142,14.285714285714286,17.142857142857142,56.42857142857143,3.2857142857142856,14.0,13.714285714285714,8.0,15.714285714285714,7.0,14.714285714285714,18.571428571428573,21.75,52.125,4.5,13.0,10.875,10.25,14.375,8.0,15.375,19.0,54.25,4.125,14.75,13.0,11.875,17.125,6.375,17.375,9.0,0.75,1.0,1,16,-15,2450.521362496312,1375.6081670556032,1612.0005275528713,1612.0005275528713
254,2012,3177,59,3140,55,0,26.333333333333332,57.5,6.333333333333333,21.0,9.666666666666666,16.833333333333332,16.833333333333332,7.166666666666667,15.0,24.166666666666668,61.666666666666664,5.333333333333333,15.5,14.833333333333334,14.166666666666666,14.166666666666666,9.666666666666666,11.833333333333334,1.0,25.4,57.8,7.6,19.4,12.8,20.0,15.0,5.6,14.0,21.2,60.0,5.0,15.2,12.8,10.8,12.2,8.0,14.2,10.8,0.6666666666666666,1.0,7,10,-3,1992.847744910397,1874.764113001541,1612.0005275528713,1612.0005275528713
255,2012,3211,86,3353,73,1,27.75,64.5,4.5,14.0,13.75,15.75,11.0,11.25,14.5,22.75,55.75,7.25,18.5,10.5,13.0,18.0,5.5,15.75,9.0,20.0,52.833333333333336,2.8333333333333335,10.5,11.833333333333334,11.666666666666666,14.166666666666666,9.5,16.166666666666668,17.0,50.166666666666664,5.0,18.666666666666668,10.166666666666666,11.5,18.0,6.0,18.333333333333332,9.666666666666666,0.5,0.6666666666666666,11,6,5,2019.9311856027327,1983.1430051951363,1612.0005275528713,1612.0005275528713
256,2012,3243,67,3343,64,0,22.428571428571427,56.857142857142854,5.142857142857143,18.714285714285715,9.571428571428571,13.857142857142858,13.142857142857142,6.714285714285714,15.142857142857142,22.857142857142858,54.142857142857146,4.428571428571429,15.428571428571429,9.714285714285714,13.142857142857142,14.0,5.857142857142857,12.857142857142858,-3.4285714285714284,30.666666666666668,62.5,5.666666666666667,13.5,15.166666666666666,15.5,15.0,11.833333333333334,15.5,17.666666666666668,49.833333333333336,3.6666666666666665,11.333333333333334,8.333333333333334,9.333333333333334,19.833333333333332,7.0,14.5,29.166666666666668,0.25,1.0,8,9,-1,1942.3021171613336,1775.9685200367628,1612.0005275528713,1612.0005275528713
257,2012,3246,68,3270,62,0,22.6,60.6,5.6,16.8,14.4,7.8,15.8,10.4,18.6,21.0,49.6,1.4,7.8,11.6,10.0,24.8,5.8,19.6,8.2,23.75,58.375,5.375,16.625,16.625,11.375,14.0,8.25,15.25,18.5,53.125,4.25,17.25,11.375,9.5,17.0,7.125,19.625,16.25,0.5,1.0,2,15,-13,2085.614010909622,1556.91231745915,1612.0005275528713,1612.0005275528713
258,2012,3257,67,3277,55,0,21.2,55.4,5.6,18.4,15.6,11.0,17.8,8.0,13.8,21.8,57.6,5.4,18.4,12.2,9.8,16.0,6.4,17.2,3.2,26.4,59.8,6.6,17.4,14.8,16.6,12.2,8.0,16.4,20.2,54.6,5.0,14.2,12.2,10.0,16.2,6.8,17.6,14.8,0.6666666666666666,0.5,7,10,-3,1976.1742447307677,1936.088623114693,1612.0005275528713,1612.0005275528713
259,2012,3268,59,3298,44,1,25.333333333333332,57.333333333333336,5.0,11.0,17.333333333333332,13.833333333333334,18.666666666666668,5.5,16.166666666666668,21.5,62.666666666666664,3.8333333333333335,13.333333333333334,14.833333333333334,9.666666666666666,12.666666666666666,9.5,18.166666666666668,11.166666666666666,21.833333333333332,53.166666666666664,6.333333333333333,19.0,11.333333333333334,12.0,13.5,8.166666666666666,12.666666666666666,21.0,56.166666666666664,4.666666666666667,18.166666666666668,12.5,13.833333333333334,13.833333333333334,5.833333333333333,11.5,4.0,1.0,1.0,2,15,-13,2144.247194233502,1421.9425272665296,1612.0005275528713,1612.0005275528713
260,2012,3274,70,3226,41,0,25.75,64.25,7.0,20.75,15.25,13.0,14.25,9.0,16.5,24.75,54.5,2.5,9.25,10.5,13.0,19.5,6.5,17.25,9.0,21.833333333333332,53.833333333333336,6.166666666666667,15.833333333333334,11.666666666666666,13.0,17.333333333333332,7.5,15.0,19.333333333333332,55.0,6.0,18.333333333333332,10.833333333333334,10.5,15.833333333333334,9.666666666666666,16.666666666666668,6.333333333333333,0.0,1.0,3,14,-11,2051.286543680485,1601.6215806798284,1612.0005275528713,1612.0005275528713
261,2012,3345,83,3355,68,1,24.666666666666668,60.0,5.0,14.666666666666666,14.0,14.0,15.166666666666666,7.0,19.333333333333332,21.666666666666668,60.166666666666664,3.5,16.0,14.5,11.166666666666666,14.166666666666666,7.166666666666667,16.333333333333332,7.166666666666667,29.5,60.333333333333336,10.0,23.833333333333332,10.833333333333334,19.666666666666668,14.333333333333334,7.166666666666667,13.833333333333334,22.333333333333332,61.5,4.333333333333333,17.0,8.833333333333334,9.0,13.5,7.833333333333333,17.666666666666668,24.333333333333332,1.0,1.0,4,13,-9,1985.378049105436,1705.5131987556451,1612.0005275528713,1612.0005275528713
262,2012,3376,80,3185,48,0,22.0,53.5,3.1666666666666665,13.333333333333334,13.5,7.666666666666667,14.333333333333334,4.833333333333333,14.666666666666666,19.5,54.166666666666664,2.1666666666666665,10.166666666666666,14.666666666666666,5.5,14.5,6.0,15.0,4.0,24.0,60.5,2.3333333333333335,9.0,14.166666666666666,13.0,13.666666666666666,11.333333333333334,15.333333333333334,20.166666666666668,51.666666666666664,4.666666666666667,16.666666666666668,12.166666666666666,14.0,22.0,6.5,15.166666666666666,10.0,0.6666666666666666,0.6666666666666666,5,12,-7,1966.321894531779,1694.4653656357336,1612.0005275528713,1612.0005275528713
263,2012,3390,73,3214,51,0,25.375,58.25,4.75,16.625,13.375,14.125,13.125,6.375,14.625,18.75,59.0,3.25,12.625,14.75,7.875,15.125,6.875,17.375,22.0,21.714285714285715,60.57142857142857,4.571428571428571,17.0,18.714285714285715,10.142857142857142,14.571428571428571,9.857142857142858,16.285714285714285,13.285714285714286,49.0,2.0,10.571428571428571,11.714285714285714,6.142857142857143,20.0,6.428571428571429,17.428571428571427,20.285714285714285,1.0,1.0,1,16,-15,2401.2115343258056,1682.1294166107514,1612.0005275528713,1612.0005275528713
264,2012,3397,72,3404,49,0,25.0,53.666666666666664,4.833333333333333,14.0,13.5,12.666666666666666,15.166666666666666,5.833333333333333,13.666666666666666,22.0,56.0,6.0,19.5,11.833333333333334,10.333333333333334,14.5,5.0,17.5,10.666666666666666,30.2,62.8,13.0,26.0,9.8,19.6,10.4,9.0,12.4,24.2,62.2,4.8,18.4,9.4,12.0,14.0,4.2,13.0,26.8,1.0,1.0,2,15,-13,2218.661347108085,1545.8524698653562,1612.0005275528713,1612.0005275528713
265,2012,3401,69,3107,47,1,24.625,59.75,3.625,9.875,14.0,12.625,12.75,6.125,18.625,22.0,54.125,4.75,13.25,12.5,12.625,16.625,6.75,18.75,2.0,20.25,58.25,5.5,15.75,15.25,12.5,15.0,13.75,12.5,17.25,55.5,4.75,17.5,14.0,10.25,22.75,5.75,16.5,15.0,0.4,1.0,3,14,-11,2156.1635633379524,1539.8452396925034,1612.0005275528713,1612.0005275528713
266,2012,3452,68,3400,55,0,18.714285714285715,52.857142857142854,3.2857142857142856,13.857142857142858,15.142857142857142,11.571428571428571,17.428571428571427,7.857142857142857,17.428571428571427,19.714285714285715,55.57142857142857,4.142857142857143,13.142857142857142,13.0,10.0,14.428571428571429,8.142857142857142,18.857142857142858,-1.0,24.666666666666668,66.5,6.0,15.166666666666666,15.166666666666666,13.333333333333334,14.833333333333334,9.333333333333334,17.833333333333332,24.666666666666668,61.0,5.5,17.5,14.5,12.333333333333334,17.333333333333332,7.333333333333333,16.166666666666668,-1.8333333333333333,0.75,0.6666666666666666,8,9,-1,1985.1322187938767,1936.03055854236,1612.0005275528713,1612.0005275528713
267,2012,3453,71,3235,57,-1,27.571428571428573,56.57142857142857,6.285714285714286,19.857142857142858,11.0,18.142857142857142,14.142857142857142,11.428571428571429,15.714285714285714,19.0,51.142857142857146,5.714285714285714,15.857142857142858,12.0,10.142857142857142,21.285714285714285,6.285714285714286,17.0,20.142857142857142,19.5,52.166666666666664,8.0,24.0,11.0,12.833333333333334,13.5,4.166666666666667,14.666666666666666,22.666666666666668,53.166666666666664,4.666666666666667,14.5,8.666666666666666,14.0,11.833333333333334,7.666666666666667,17.833333333333332,0.16666666666666666,1.0,0.3333333333333333,7,10,-3,2032.0781614921784,1947.631032212065,1612.0005275528713,1612.0005275528713
268,2012,3124,81,3364,40,0,27.25,55.0,2.75,8.75,12.0,17.75,13.75,8.75,12.625,20.125,60.75,5.5,17.25,14.0,11.125,15.375,5.5,18.25,19.5,22.875,50.75,4.875,13.125,11.375,13.5,16.25,3.875,15.625,18.625,50.375,4.75,15.625,9.375,10.0,12.375,5.625,15.375,5.375,1.0,0.8,1,16,-15,2414.597349409736,1503.4616761303855,1612.0005275528713,1612.0005275528713
269,2012,3143,84,3234,74,0,23.857142857142858,59.142857142857146,2.7142857142857144,8.428571428571429,16.0,10.285714285714286,15.142857142857142,7.571428571428571,14.428571428571429,22.571428571428573,57.57142857142857,4.857142857142857,16.571428571428573,10.428571428571429,10.285714285714286,15.0,7.0,17.857142857142858,3.7142857142857144,26.0,62.333333333333336,9.333333333333334,26.333333333333332,13.0,19.666666666666668,12.666666666666666,8.0,14.0,27.0,64.66666666666667,7.333333333333333,20.333333333333332,14.666666666666666,16.666666666666668,14.333333333333334,8.333333333333334,15.666666666666666,1.0,0.5,0.0,8,9,-1,1935.937884458334,1922.853222873235,1612.0005275528713,1612.0005275528713
270,2012,3174,73,3114,42,0,26.857142857142858,58.285714285714285,4.285714285714286,12.285714285714286,14.428571428571429,14.285714285714286,12.142857142857142,5.142857142857143,12.428571428571429,19.0,56.42857142857143,5.0,18.714285714285715,10.714285714285714,9.857142857142858,12.0,5.571428571428571,14.714285714285714,18.0,24.666666666666668,58.166666666666664,3.3333333333333335,12.5,14.166666666666666,12.5,13.5,5.333333333333333,14.0,18.166666666666668,52.0,4.0,14.0,10.0,7.833333333333333,16.333333333333332,3.0,13.5,12.0,1.0,1.0,3,14,-11,1898.8798562718744,1715.5507048284085,1612.0005275528713,1612.0005275528713
271,2012,3181,82,3359,47,0,28.0,60.25,3.5,11.75,15.0,14.25,17.75,12.5,18.0,23.25,62.5,5.75,17.5,18.75,13.5,19.5,7.5,17.75,3.0,19.0,51.125,6.625,20.375,7.5,11.375,15.875,9.0,14.75,16.75,53.375,3.0,13.625,12.5,8.375,17.375,8.0,15.125,5.0,0.0,0.75,2,15,-13,2241.0741744049483,1615.6512674769715,1612.0005275528713,1612.0005275528713
272,2012,3196,70,3326,65,0,24.2,61.2,5.2,20.8,15.4,15.0,17.8,6.4,16.6,22.0,61.2,4.8,14.0,12.4,10.2,16.0,8.6,16.2,5.6,23.5,61.25,4.25,18.25,13.75,11.5,13.25,7.25,20.25,24.0,64.0,4.0,12.75,19.25,10.0,15.5,5.75,17.5,-5.5,0.5,0.0,9,8,1,1891.6650986453649,2034.6304891300804,1612.0005275528713,1612.0005275528713
273,2012,3207,61,3201,56,0,16.75,60.75,3.25,13.75,16.5,10.75,15.25,10.75,19.75,14.5,50.25,4.75,19.5,13.75,10.25,21.0,8.75,17.5,3.5,27.875,67.5,10.625,34.625,14.0,16.375,12.25,13.125,15.625,20.625,54.0,3.375,12.375,11.125,10.0,21.375,5.375,12.5,18.5,0.0,1.0,5,12,-7,1995.776777228397,1840.719854289033,1612.0005275528713,1612.0005275528713
274,2012,3210,76,3357,50,0,25.666666666666668,54.166666666666664,5.833333333333333,12.333333333333334,12.666666666666666,14.166666666666666,15.666666666666666,8.833333333333334,17.166666666666668,21.5,53.333333333333336,2.8333333333333335,10.0,11.5,12.833333333333334,15.833333333333334,7.5,16.833333333333332,13.833333333333334,23.428571428571427,61.285714285714285,5.0,17.428571428571427,13.571428571428571,13.571428571428571,13.714285714285714,11.142857142857142,13.857142857142858,22.142857142857142,59.285714285714285,5.714285714285714,18.428571428571427,14.285714285714286,10.714285714285714,17.857142857142858,6.142857142857143,14.285714285714286,3.7142857142857144,0.6666666666666666,1.0,4,13,-9,2034.3028911521335,1570.7540798225782,1612.0005275528713,1612.0005275528713
275,2012,3242,57,3304,49,0,24.333333333333332,59.5,5.5,15.333333333333334,13.666666666666666,12.666666666666666,12.666666666666666,4.333333333333333,17.0,26.833333333333332,55.666666666666664,4.333333333333333,9.833333333333334,11.5,13.166666666666666,11.666666666666666,6.0,13.333333333333334,-7.166666666666667,23.857142857142858,58.57142857142857,6.142857142857143,19.0,14.0,12.142857142857142,15.0,7.285714285714286,15.428571428571429,23.285714285714285,57.42857142857143,5.285714285714286,17.571428571428573,11.857142857142858,12.571428571428571,16.428571428571427,7.428571428571429,19.714285714285715,8.285714285714286,0.3333333333333333,0.75,11,6,5,1914.8045470733907,1916.5667027584964,1612.0005275528713,1612.0005275528713
276,2012,3261,64,3361,56,0,18.833333333333332,42.0,2.5,8.833333333333334,8.833333333333334,10.666666666666666,20.333333333333332,5.333333333333333,15.333333333333334,20.166666666666668,54.666666666666664,5.833333333333333,20.0,11.333333333333334,9.166666666666666,13.833333333333334,10.333333333333334,20.166666666666668,0.5,23.857142857142858,55.42857142857143,2.857142857142857,11.857142857142858,12.571428571428571,11.0,13.285714285714286,9.0,18.571428571428573,17.857142857142858,48.42857142857143,2.4285714285714284,10.142857142857142,10.142857142857142,10.285714285714286,16.857142857142858,4.571428571428571,16.571428571428573,11.714285714285714,0.6666666666666666,1.0,5,12,-7,1976.46878913106,1733.5864824063915,1612.0005275528713,1612.0005275528713
277,2012,3265,76,3208,70,0,24.0,57.0,8.0,22.333333333333332,10.333333333333334,17.333333333333332,13.0,10.333333333333334,12.833333333333334,20.166666666666668,61.166666666666664,5.666666666666667,17.833333333333332,13.666666666666666,11.166666666666666,15.666666666666666,7.0,16.833333333333332,14.666666666666666,24.0,54.5,4.75,15.25,12.25,11.5,12.75,10.75,16.5,19.5,53.5,4.0,15.25,13.75,9.5,16.0,4.5,15.0,10.75,1.0,0.0,13,4,9,1841.953942393835,1978.9541608870584,1612.0005275528713,1612.0005275528713
278,2012,3323,74,3251,43,0,24.166666666666668,57.833333333333336,5.833333333333333,15.333333333333334,13.666666666666666,12.333333333333334,15.166666666666666,10.0,13.5,22.666666666666668,56.333333333333336,3.5,14.166666666666666,12.333333333333334,11.0,18.833333333333332,8.666666666666666,15.666666666666666,12.5,25.625,58.375,4.625,13.25,20.75,13.25,17.5,6.75,13.625,20.5,58.375,7.875,22.75,12.875,10.75,14.0,8.625,19.125,15.125,0.75,1.0,1,16,-15,2322.94120009726,1623.4156240276147,1612.0005275528713,1612.0005275528713
279,2012,3328,88,3276,67,0,23.0,56.42857142857143,5.0,15.571428571428571,11.714285714285714,12.571428571428571,15.714285714285714,4.714285714285714,20.571428571428573,23.285714285714285,59.285714285714285,6.285714285714286,16.571428571428573,13.0,13.571428571428571,13.142857142857142,7.0,19.571428571428573,-3.0,23.0,56.0,6.75,20.5,11.75,13.0,13.25,8.75,13.5,22.0,57.0,6.0,19.0,15.25,13.5,15.25,6.5,14.75,2.25,0.5,1.0,6,11,-5,2034.7114419695265,1844.297155383061,1612.0005275528713,1612.0005275528713
280,2012,3336,85,3431,77,0,26.75,68.5,4.75,14.0,16.25,11.5,11.25,10.25,16.25,25.25,60.0,3.25,12.0,12.25,11.75,18.5,7.0,21.0,10.75,21.857142857142858,54.285714285714285,4.0,14.571428571428571,15.142857142857142,13.714285714285714,17.285714285714285,8.285714285714286,17.428571428571427,19.0,56.285714285714285,3.7142857142857144,15.857142857142858,11.428571428571429,8.857142857142858,13.428571428571429,8.714285714285714,18.142857142857142,9.142857142857142,0.5,1.0,4,13,-9,2017.501413267178,1757.9452991772062,1612.0005275528713,1612.0005275528713
281,2012,3382,72,3195,65,0,21.5,50.333333333333336,5.5,15.833333333333334,7.333333333333333,10.5,11.833333333333334,4.833333333333333,13.666666666666666,17.166666666666668,55.166666666666664,4.0,16.166666666666668,10.833333333333334,9.666666666666666,12.5,5.166666666666667,17.333333333333332,14.833333333333334,24.833333333333332,54.833333333333336,10.333333333333334,24.166666666666668,11.166666666666666,16.0,15.666666666666666,8.333333333333334,15.333333333333334,21.666666666666668,57.666666666666664,2.5,13.166666666666666,13.666666666666666,9.833333333333334,17.0,7.5,17.166666666666668,18.333333333333332,0.6666666666666666,1.0,5,12,-7,1921.8973830529767,1769.944407287181,1612.0005275528713,1612.0005275528713
282,2012,3385,69,3166,67,0,20.333333333333332,52.166666666666664,2.0,7.166666666666667,13.0,9.166666666666666,14.0,7.666666666666667,14.5,20.166666666666668,55.333333333333336,5.5,19.0,13.0,12.833333333333334,15.666666666666666,6.5,19.166666666666668,2.5,22.285714285714285,53.142857142857146,7.142857142857143,20.857142857142858,7.571428571428571,14.0,12.142857142857142,6.142857142857143,13.142857142857142,17.714285714285715,54.142857142857146,2.4285714285714284,13.714285714285714,11.428571428571429,8.857142857142858,13.428571428571429,5.857142857142857,12.857142857142858,11.0,0.6666666666666666,0.75,3,14,-11,2036.8434041139155,1725.1958907783794,1612.0005275528713,1612.0005275528713
283,2012,3435,60,3292,46,0,22.0,51.6,5.0,16.6,11.0,10.0,17.8,5.6,18.8,21.6,54.2,3.2,13.4,14.6,8.6,16.4,7.6,16.8,1.2,24.666666666666668,58.5,7.666666666666667,21.666666666666668,14.833333333333334,12.5,15.666666666666666,7.666666666666667,12.833333333333334,22.833333333333332,57.833333333333336,3.8333333333333335,17.5,14.666666666666666,9.333333333333334,18.166666666666668,6.333333333333333,17.0,11.666666666666666,0.5,0.6666666666666666,7,10,-3,1964.213333581783,1891.279497932619,1612.0005275528713,1612.0005275528713
284,2012,3163,72,3243,26,0,24.857142857142858,54.285714285714285,6.285714285714286,17.857142857142858,11.571428571428571,15.714285714285714,15.285714285714286,8.142857142857142,14.285714285714286,17.142857142857142,56.42857142857143,3.2857142857142856,14.0,13.714285714285714,8.0,15.714285714285714,7.0,14.714285714285714,18.571428571428573,22.428571428571427,56.857142857142854,5.142857142857143,18.714285714285715,9.571428571428571,13.857142857142858,13.142857142857142,6.714285714285714,15.142857142857142,22.857142857142858,54.142857142857146,4.428571428571429,15.428571428571429,9.714285714285714,13.142857142857142,14.0,5.857142857142857,12.857142857142858,-3.4285714285714284,0.75,0.25,1,8,-7,2450.521362496312,1942.3021171613336,1612.0005275528713,1612.0005275528713
285,2012,3211,65,3274,54,0,27.75,64.5,4.5,14.0,13.75,15.75,11.0,11.25,14.5,22.75,55.75,7.25,18.5,10.5,13.0,18.0,5.5,15.75,9.0,25.75,64.25,7.0,20.75,15.25,13.0,14.25,9.0,16.5,24.75,54.5,2.5,9.25,10.5,13.0,19.5,6.5,17.25,9.0,0.5,0.0,11,3,8,2019.9311856027327,2051.286543680485,1612.0005275528713,1612.0005275528713
286,2012,3246,65,3453,62,0,22.6,60.6,5.6,16.8,14.4,7.8,15.8,10.4,18.6,21.0,49.6,1.4,7.8,11.6,10.0,24.8,5.8,19.6,8.2,27.571428571428573,56.57142857142857,6.285714285714286,19.857142857142858,11.0,18.142857142857142,14.142857142857142,11.428571428571429,15.714285714285714,19.0,51.142857142857146,5.714285714285714,15.857142857142858,12.0,10.142857142857142,21.285714285714285,6.285714285714286,17.0,20.142857142857142,0.5,1.0,2,7,-5,2085.614010909622,2032.0781614921784,1612.0005275528713,1612.0005275528713
287,2012,3268,72,3257,68,0,25.333333333333332,57.333333333333336,5.0,11.0,17.333333333333332,13.833333333333334,18.666666666666668,5.5,16.166666666666668,21.5,62.666666666666664,3.8333333333333335,13.333333333333334,14.833333333333334,9.666666666666666,12.666666666666666,9.5,18.166666666666668,11.166666666666666,21.2,55.4,5.6,18.4,15.6,11.0,17.8,8.0,13.8,21.8,57.6,5.4,18.4,12.2,9.8,16.0,6.4,17.2,3.2,1.0,0.6666666666666666,2,7,-5,2144.247194233502,1976.1742447307677,1612.0005275528713,1612.0005275528713
288,2012,3376,72,3345,61,0,22.0,53.5,3.1666666666666665,13.333333333333334,13.5,7.666666666666667,14.333333333333334,4.833333333333333,14.666666666666666,19.5,54.166666666666664,2.1666666666666665,10.166666666666666,14.666666666666666,5.5,14.5,6.0,15.0,4.0,24.666666666666668,60.0,5.0,14.666666666666666,14.0,14.0,15.166666666666666,7.0,19.333333333333332,21.666666666666668,60.166666666666664,3.5,16.0,14.5,11.166666666666666,14.166666666666666,7.166666666666667,16.333333333333332,7.166666666666667,0.6666666666666666,1.0,5,4,1,1966.321894531779,1985.378049105436,1612.0005275528713,1612.0005275528713
289,2012,3390,72,3452,55,0,25.375,58.25,4.75,16.625,13.375,14.125,13.125,6.375,14.625,18.75,59.0,3.25,12.625,14.75,7.875,15.125,6.875,17.375,22.0,18.714285714285715,52.857142857142854,3.2857142857142856,13.857142857142858,15.142857142857142,11.571428571428571,17.428571428571427,7.857142857142857,17.428571428571427,19.714285714285715,55.57142857142857,4.142857142857143,13.142857142857142,13.0,10.0,14.428571428571429,8.142857142857142,18.857142857142858,-1.0,1.0,0.75,1,8,-7,2401.2115343258056,1985.1322187938767,1612.0005275528713,1612.0005275528713
290,2012,3397,63,3177,48,0,25.0,53.666666666666664,4.833333333333333,14.0,13.5,12.666666666666666,15.166666666666666,5.833333333333333,13.666666666666666,22.0,56.0,6.0,19.5,11.833333333333334,10.333333333333334,14.5,5.0,17.5,10.666666666666666,26.333333333333332,57.5,6.333333333333333,21.0,9.666666666666666,16.833333333333332,16.833333333333332,7.166666666666667,15.0,24.166666666666668,61.666666666666664,5.333333333333333,15.5,14.833333333333334,14.166666666666666,14.166666666666666,9.666666666666666,11.833333333333334,1.0,1.0,0.6666666666666666,2,7,-5,2218.661347108085,1992.847744910397,1612.0005275528713,1612.0005275528713
291,2012,3401,61,3116,59,0,24.625,59.75,3.625,9.875,14.0,12.625,12.75,6.125,18.625,22.0,54.125,4.75,13.25,12.5,12.625,16.625,6.75,18.75,2.0,22.666666666666668,53.833333333333336,5.666666666666667,18.666666666666668,12.666666666666666,12.833333333333334,13.333333333333334,7.166666666666667,15.333333333333334,18.833333333333332,49.333333333333336,2.1666666666666665,12.666666666666666,13.333333333333334,8.0,17.333333333333332,4.5,14.666666666666666,11.0,0.4,0.6666666666666666,3,6,-3,2156.1635633379524,1919.8378868114844,1612.0005275528713,1612.0005275528713
292,2012,3124,76,3196,57,0,27.25,55.0,2.75,8.75,12.0,17.75,13.75,8.75,12.625,20.125,60.75,5.5,17.25,14.0,11.125,15.375,5.5,18.25,19.5,24.2,61.2,5.2,20.8,15.4,15.0,17.8,6.4,16.6,22.0,61.2,4.8,14.0,12.4,10.2,16.0,8.6,16.2,5.6,1.0,0.5,1,9,-8,2414.597349409736,1891.6650986453649,1612.0005275528713,1612.0005275528713
293,2012,3181,96,3435,80,0,28.0,60.25,3.5,11.75,15.0,14.25,17.75,12.5,18.0,23.25,62.5,5.75,17.5,18.75,13.5,19.5,7.5,17.75,3.0,22.0,51.6,5.0,16.6,11.0,10.0,17.8,5.6,18.8,21.6,54.2,3.2,13.4,14.6,8.6,16.4,7.6,16.8,1.2,0.0,0.5,2,7,-5,2241.0741744049483,1964.213333581783,1612.0005275528713,1612.0005275528713
294,2012,3210,76,3207,64,0,25.666666666666668,54.166666666666664,5.833333333333333,12.333333333333334,12.666666666666666,14.166666666666666,15.666666666666666,8.833333333333334,17.166666666666668,21.5,53.333333333333336,2.8333333333333335,10.0,11.5,12.833333333333334,15.833333333333334,7.5,16.833333333333332,13.833333333333334,16.75,60.75,3.25,13.75,16.5,10.75,15.25,10.75,19.75,14.5,50.25,4.75,19.5,13.75,10.25,21.0,8.75,17.5,3.5,0.6666666666666666,0.0,4,5,-1,2034.3028911521335,1995.776777228397,1612.0005275528713,1612.0005275528713
295,2012,3242,70,3174,64,0,24.333333333333332,59.5,5.5,15.333333333333334,13.666666666666666,12.666666666666666,12.666666666666666,4.333333333333333,17.0,26.833333333333332,55.666666666666664,4.333333333333333,9.833333333333334,11.5,13.166666666666666,11.666666666666666,6.0,13.333333333333334,-7.166666666666667,26.857142857142858,58.285714285714285,4.285714285714286,12.285714285714286,14.428571428571429,14.285714285714286,12.142857142857142,5.142857142857143,12.428571428571429,19.0,56.42857142857143,5.0,18.714285714285715,10.714285714285714,9.857142857142858,12.0,5.571428571428571,14.714285714285714,18.0,0.3333333333333333,1.0,11,3,8,1914.8045470733907,1898.8798562718744,1612.0005275528713,1612.0005275528713
296,2012,3323,73,3143,62,0,24.166666666666668,57.833333333333336,5.833333333333333,15.333333333333334,13.666666666666666,12.333333333333334,15.166666666666666,10.0,13.5,22.666666666666668,56.333333333333336,3.5,14.166666666666666,12.333333333333334,11.0,18.833333333333332,8.666666666666666,15.666666666666666,12.5,23.857142857142858,59.142857142857146,2.7142857142857144,8.428571428571429,16.0,10.285714285714286,15.142857142857142,7.571428571428571,14.428571428571429,22.571428571428573,57.57142857142857,4.857142857142857,16.571428571428573,10.428571428571429,10.285714285714286,15.0,7.0,17.857142857142858,3.7142857142857144,0.75,0.5,1,8,-7,2322.94120009726,1935.937884458334,1612.0005275528713,1612.0005275528713
297,2012,3336,90,3261,80,0,26.75,68.5,4.75,14.0,16.25,11.5,11.25,10.25,16.25,25.25,60.0,3.25,12.0,12.25,11.75,18.5,7.0,21.0,10.75,18.833333333333332,42.0,2.5,8.833333333333334,8.833333333333334,10.666666666666666,20.333333333333332,5.333333333333333,15.333333333333334,20.166666666666668,54.666666666666664,5.833333333333333,20.0,11.333333333333334,9.166666666666666,13.833333333333334,10.333333333333334,20.166666666666668,0.5,0.5,0.6666666666666666,4,5,-1,2017.501413267178,1976.46878913106,1612.0005275528713,1612.0005275528713
298,2012,3382,66,3265,63,0,21.5,50.333333333333336,5.5,15.833333333333334,7.333333333333333,10.5,11.833333333333334,4.833333333333333,13.666666666666666,17.166666666666668,55.166666666666664,4.0,16.166666666666668,10.833333333333334,9.666666666666666,12.5,5.166666666666667,17.333333333333332,14.833333333333334,24.0,57.0,8.0,22.333333333333332,10.333333333333334,17.333333333333332,13.0,10.333333333333334,12.833333333333334,20.166666666666668,61.166666666666664,5.666666666666667,17.833333333333332,13.666666666666666,11.166666666666666,15.666666666666666,7.0,16.833333333333332,14.666666666666666,0.6666666666666666,1.0,5,13,-8,1921.8973830529767,1841.953942393835,1612.0005275528713,1612.0005275528713
299,2012,3385,74,3328,70,0,20.333333333333332,52.166666666666664,2.0,7.166666666666667,13.0,9.166666666666666,14.0,7.666666666666667,14.5,20.166666666666668,55.333333333333336,5.5,19.0,13.0,12.833333333333334,15.666666666666666,6.5,19.166666666666668,2.5,23.0,56.42857142857143,5.0,15.571428571428571,11.714285714285714,12.571428571428571,15.714285714285714,4.714285714285714,20.571428571428573,23.285714285714285,59.285714285714285,6.285714285714286,16.571428571428573,13.0,13.571428571428571,13.142857142857142,7.0,19.571428571428573,-3.0,0.6666666666666666,0.5,3,6,-3,2036.8434041139155,2034.7114419695265,1612.0005275528713,1612.0005275528713
300,2012,3124,83,3210,68,0,27.25,55.0,2.75,8.75,12.0,17.75,13.75,8.75,12.625,20.125,60.75,5.5,17.25,14.0,11.125,15.375,5.5,18.25,19.5,25.666666666666668,54.166666666666664,5.833333333333333,12.333333333333334,12.666666666666666,14.166666666666666,15.666666666666666,8.833333333333334,17.166666666666668,21.5,53.333333333333336,2.8333333333333335,10.0,11.5,12.833333333333334,15.833333333333334,7.5,16.833333333333332,13.833333333333334,1.0,0.6666666666666666,1,4,-3,2414.597349409736,2034.3028911521335,1612.0005275528713,1612.0005275528713
301,2012,3181,74,3385,47,0,28.0,60.25,3.5,11.75,15.0,14.25,17.75,12.5,18.0,23.25,62.5,5.75,17.5,18.75,13.5,19.5,7.5,17.75,3.0,20.333333333333332,52.166666666666664,2.0,7.166666666666667,13.0,9.166666666666666,14.0,7.666666666666667,14.5,20.166666666666668,55.333333333333336,5.5,19.0,13.0,12.833333333333334,15.666666666666666,6.5,19.166666666666668,2.5,0.0,0.6666666666666666,2,3,-1,2241.0741744049483,2036.8434041139155,1612.0005275528713,1612.0005275528713
302,2012,3390,76,3376,60,0,25.375,58.25,4.75,16.625,13.375,14.125,13.125,6.375,14.625,18.75,59.0,3.25,12.625,14.75,7.875,15.125,6.875,17.375,22.0,22.0,53.5,3.1666666666666665,13.333333333333334,13.5,7.666666666666667,14.333333333333334,4.833333333333333,14.666666666666666,19.5,54.166666666666664,2.1666666666666665,10.166666666666666,14.666666666666666,5.5,14.5,6.0,15.0,4.0,1.0,0.6666666666666666,1,5,-4,2401.2115343258056,1966.321894531779,1612.0005275528713,1612.0005275528713
303,2012,3397,84,3242,73,0,25.0,53.666666666666664,4.833333333333333,14.0,13.5,12.666666666666666,15.166666666666666,5.833333333333333,13.666666666666666,22.0,56.0,6.0,19.5,11.833333333333334,10.333333333333334,14.5,5.0,17.5,10.666666666666666,24.333333333333332,59.5,5.5,15.333333333333334,13.666666666666666,12.666666666666666,12.666666666666666,4.333333333333333,17.0,26.833333333333332,55.666666666666664,4.333333333333333,9.833333333333334,11.5,13.166666666666666,11.666666666666666,6.0,13.333333333333334,-7.166666666666667,1.0,0.3333333333333333,2,11,-9,2218.661347108085,1914.8045470733907,1612.0005275528713,1612.0005275528713
304,2012,3163,77,3336,59,0,24.857142857142858,54.285714285714285,6.285714285714286,17.857142857142858,11.571428571428571,15.714285714285714,15.285714285714286,8.142857142857142,14.285714285714286,17.142857142857142,56.42857142857143,3.2857142857142856,14.0,13.714285714285714,8.0,15.714285714285714,7.0,14.714285714285714,18.571428571428573,26.75,68.5,4.75,14.0,16.25,11.5,11.25,10.25,16.25,25.25,60.0,3.25,12.0,12.25,11.75,18.5,7.0,21.0,10.75,0.75,0.5,1,4,-3,2450.521362496312,2017.501413267178,1612.0005275528713,1612.0005275528713
305,2012,3246,79,3211,62,0,22.6,60.6,5.6,16.8,14.4,7.8,15.8,10.4,18.6,21.0,49.6,1.4,7.8,11.6,10.0,24.8,5.8,19.6,8.2,27.75,64.5,4.5,14.0,13.75,15.75,11.0,11.25,14.5,22.75,55.75,7.25,18.5,10.5,13.0,18.0,5.5,15.75,9.0,0.5,0.5,2,11,-9,2085.614010909622,2019.9311856027327,1612.0005275528713,1612.0005275528713
306,2012,3268,81,3401,74,0,25.333333333333332,57.333333333333336,5.0,11.0,17.333333333333332,13.833333333333334,18.666666666666668,5.5,16.166666666666668,21.5,62.666666666666664,3.8333333333333335,13.333333333333334,14.833333333333334,9.666666666666666,12.666666666666666,9.5,18.166666666666668,11.166666666666666,24.625,59.75,3.625,9.875,14.0,12.625,12.75,6.125,18.625,22.0,54.125,4.75,13.25,12.5,12.625,16.625,6.75,18.75,2.0,1.0,0.4,2,3,-1,2144.247194233502,2156.1635633379524,1612.0005275528713,1612.0005275528713
307,2012,3323,79,3382,35,0,24.166666666666668,57.833333333333336,5.833333333333333,15.333333333333334,13.666666666666666,12.333333333333334,15.166666666666666,10.0,13.5,22.666666666666668,56.333333333333336,3.5,14.166666666666666,12.333333333333334,11.0,18.833333333333332,8.666666666666666,15.666666666666666,12.5,21.5,50.333333333333336,5.5,15.833333333333334,7.333333333333333,10.5,11.833333333333334,4.833333333333333,13.666666666666666,17.166666666666668,55.166666666666664,4.0,16.166666666666668,10.833333333333334,9.666666666666666,12.5,5.166666666666667,17.333333333333332,14.833333333333334,0.75,0.6666666666666666,1,5,-4,2322.94120009726,1921.8973830529767,1612.0005275528713,1612.0005275528713
308,2012,3124,77,3397,58,0,27.25,55.0,2.75,8.75,12.0,17.75,13.75,8.75,12.625,20.125,60.75,5.5,17.25,14.0,11.125,15.375,5.5,18.25,19.5,25.0,53.666666666666664,4.833333333333333,14.0,13.5,12.666666666666666,15.166666666666666,5.833333333333333,13.666666666666666,22.0,56.0,6.0,19.5,11.833333333333334,10.333333333333334,14.5,5.0,17.5,10.666666666666666,1.0,1.0,1,2,-1,2414.597349409736,2218.661347108085,1612.0005275528713,1612.0005275528713
309,2012,3390,81,3181,69,0,25.375,58.25,4.75,16.625,13.375,14.125,13.125,6.375,14.625,18.75,59.0,3.25,12.625,14.75,7.875,15.125,6.875,17.375,22.0,28.0,60.25,3.5,11.75,15.0,14.25,17.75,12.5,18.0,23.25,62.5,5.75,17.5,18.75,13.5,19.5,7.5,17.75,3.0,1.0,0.0,1,2,-1,2401.2115343258056,2241.0741744049483,1612.0005275528713,1612.0005275528713
310,2012,3163,80,3246,65,0,24.857142857142858,54.285714285714285,6.285714285714286,17.857142857142858,11.571428571428571,15.714285714285714,15.285714285714286,8.142857142857142,14.285714285714286,17.142857142857142,56.42857142857143,3.2857142857142856,14.0,13.714285714285714,8.0,15.714285714285714,7.0,14.714285714285714,18.571428571428573,22.6,60.6,5.6,16.8,14.4,7.8,15.8,10.4,18.6,21.0,49.6,1.4,7.8,11.6,10.0,24.8,5.8,19.6,8.2,0.75,0.5,1,2,-1,2450.521362496312,2085.614010909622,1612.0005275528713,1612.0005275528713
311,2012,3323,80,3268,49,0,24.166666666666668,57.833333333333336,5.833333333333333,15.333333333333334,13.666666666666666,12.333333333333334,15.166666666666666,10.0,13.5,22.666666666666668,56.333333333333336,3.5,14.166666666666666,12.333333333333334,11.0,18.833333333333332,8.666666666666666,15.666666666666666,12.5,25.333333333333332,57.333333333333336,5.0,11.0,17.333333333333332,13.833333333333334,18.666666666666668,5.5,16.166666666666668,21.5,62.666666666666664,3.8333333333333335,13.333333333333334,14.833333333333334,9.666666666666666,12.666666666666666,9.5,18.166666666666668,11.166666666666666,0.75,1.0,1,2,-1,2322.94120009726,2144.247194233502,1612.0005275528713,1612.0005275528713
312,2012,3124,59,3390,47,0,27.25,55.0,2.75,8.75,12.0,17.75,13.75,8.75,12.625,20.125,60.75,5.5,17.25,14.0,11.125,15.375,5.5,18.25,19.5,25.375,58.25,4.75,16.625,13.375,14.125,13.125,6.375,14.625,18.75,59.0,3.25,12.625,14.75,7.875,15.125,6.875,17.375,22.0,1.0,1.0,1,1,0,2414.597349409736,2401.2115343258056,1612.0005275528713,1612.0005275528713
313,2012,3323,83,3163,75,0,24.166666666666668,57.833333333333336,5.833333333333333,15.333333333333334,13.666666666666666,12.333333333333334,15.166666666666666,10.0,13.5,22.666666666666668,56.333333333333336,3.5,14.166666666666666,12.333333333333334,11.0,18.833333333333332,8.666666666666666,15.666666666666666,12.5,24.857142857142858,54.285714285714285,6.285714285714286,17.857142857142858,11.571428571428571,15.714285714285714,15.285714285714286,8.142857142857142,14.285714285714286,17.142857142857142,56.42857142857143,3.2857142857142856,14.0,13.714285714285714,8.0,15.714285714285714,7.0,14.714285714285714,18.571428571428573,0.75,0.75,1,1,0,2322.94120009726,2450.521362496312,1612.0005275528713,1612.0005275528713
314,2012,3124,80,3323,61,0,27.25,55.0,2.75,8.75,12.0,17.75,13.75,8.75,12.625,20.125,60.75,5.5,17.25,14.0,11.125,15.375,5.5,18.25,19.5,24.166666666666668,57.833333333333336,5.833333333333333,15.333333333333334,13.666666666666666,12.333333333333334,15.166666666666666,10.0,13.5,22.666666666666668,56.333333333333336,3.5,14.166666666666666,12.333333333333334,11.0,18.833333333333332,8.666666666666666,15.666666666666666,12.5,1.0,0.75,1,1,0,2414.597349409736,2322.94120009726,1612.0005275528713,1612.0005275528713
315,2012,3173,55,3116,72,0,26.333333333333332,66.0,6.5,18.166666666666668,15.0,14.666666666666666,13.333333333333334,7.5,16.833333333333332,21.5,57.166666666666664,2.5,10.5,13.5,12.666666666666666,18.833333333333332,5.666666666666667,16.0,12.666666666666666,22.666666666666668,53.833333333333336,5.666666666666667,18.666666666666668,12.666666666666666,12.833333333333334,13.333333333333334,7.166666666666667,15.333333333333334,18.833333333333332,49.333333333333336,2.1666666666666665,12.666666666666666,13.333333333333334,8.0,17.333333333333332,4.5,14.666666666666666,11.0,1.0,0.6666666666666666,11,6,5,1913.6928428240624,1919.8378868114844,1612.0005275528713,1612.0005275528713
316,2012,3341,47,3163,83,-1,21.75,52.125,4.5,13.0,10.875,10.25,14.375,8.0,15.375,19.0,54.25,4.125,14.75,13.0,11.875,17.125,6.375,17.375,9.0,24.857142857142858,54.285714285714285,6.285714285714286,17.857142857142858,11.571428571428571,15.714285714285714,15.285714285714286,8.142857142857142,14.285714285714286,17.142857142857142,56.42857142857143,3.2857142857142856,14.0,13.714285714285714,8.0,15.714285714285714,7.0,14.714285714285714,18.571428571428573,1.0,0.75,16,1,15,1375.6081670556032,2450.521362496312,1612.0005275528713,1612.0005275528713
317,2012,3140,55,3177,59,0,25.4,57.8,7.6,19.4,12.8,20.0,15.0,5.6,14.0,21.2,60.0,5.0,15.2,12.8,10.8,12.2,8.0,14.2,10.8,26.333333333333332,57.5,6.333333333333333,21.0,9.666666666666666,16.833333333333332,16.833333333333332,7.166666666666667,15.0,24.166666666666668,61.666666666666664,5.333333333333333,15.5,14.833333333333334,14.166666666666666,14.166666666666666,9.666666666666666,11.833333333333334,1.0,1.0,0.6666666666666666,10,7,3,1874.764113001541,1992.847744910397,1612.0005275528713,1612.0005275528713
318,2012,3353,73,3211,86,-1,20.0,52.833333333333336,2.8333333333333335,10.5,11.833333333333334,11.666666666666666,14.166666666666666,9.5,16.166666666666668,17.0,50.166666666666664,5.0,18.666666666666668,10.166666666666666,11.5,18.0,6.0,18.333333333333332,9.666666666666666,27.75,64.5,4.5,14.0,13.75,15.75,11.0,11.25,14.5,22.75,55.75,7.25,18.5,10.5,13.0,18.0,5.5,15.75,9.0,0.6666666666666666,0.5,6,11,-5,1983.1430051951363,2019.9311856027327,1612.0005275528713,1612.0005275528713
319,2012,3343,64,3243,67,0,30.666666666666668,62.5,5.666666666666667,13.5,15.166666666666666,15.5,15.0,11.833333333333334,15.5,17.666666666666668,49.833333333333336,3.6666666666666665,11.333333333333334,8.333333333333334,9.333333333333334,19.833333333333332,7.0,14.5,29.166666666666668,22.428571428571427,56.857142857142854,5.142857142857143,18.714285714285715,9.571428571428571,13.857142857142858,13.142857142857142,6.714285714285714,15.142857142857142,22.857142857142858,54.142857142857146,4.428571428571429,15.428571428571429,9.714285714285714,13.142857142857142,14.0,5.857142857142857,12.857142857142858,-3.4285714285714284,1.0,0.25,9,8,1,1775.9685200367628,1942.3021171613336,1612.0005275528713,1612.0005275528713
320,2012,3270,62,3246,68,0,23.75,58.375,5.375,16.625,16.625,11.375,14.0,8.25,15.25,18.5,53.125,4.25,17.25,11.375,9.5,17.0,7.125,19.625,16.25,22.6,60.6,5.6,16.8,14.4,7.8,15.8,10.4,18.6,21.0,49.6,1.4,7.8,11.6,10.0,24.8,5.8,19.6,8.2,1.0,0.5,15,2,13,1556.91231745915,2085.614010909622,1612.0005275528713,1612.0005275528713
321,2012,3277,55,3257,67,0,26.4,59.8,6.6,17.4,14.8,16.6,12.2,8.0,16.4,20.2,54.6,5.0,14.2,12.2,10.0,16.2,6.8,17.6,14.8,21.2,55.4,5.6,18.4,15.6,11.0,17.8,8.0,13.8,21.8,57.6,5.4,18.4,12.2,9.8,16.0,6.4,17.2,3.2,0.5,0.6666666666666666,10,7,3,1936.088623114693,1976.1742447307677,1612.0005275528713,1612.0005275528713
322,2012,3298,44,3268,59,-1,21.833333333333332,53.166666666666664,6.333333333333333,19.0,11.333333333333334,12.0,13.5,8.166666666666666,12.666666666666666,21.0,56.166666666666664,4.666666666666667,18.166666666666668,12.5,13.833333333333334,13.833333333333334,5.833333333333333,11.5,4.0,25.333333333333332,57.333333333333336,5.0,11.0,17.333333333333332,13.833333333333334,18.666666666666668,5.5,16.166666666666668,21.5,62.666666666666664,3.8333333333333335,13.333333333333334,14.833333333333334,9.666666666666666,12.666666666666666,9.5,18.166666666666668,11.166666666666666,1.0,1.0,15,2,13,1421.9425272665296,2144.247194233502,1612.0005275528713,1612.0005275528713
323,2012,3226,41,3274,70,0,21.833333333333332,53.833333333333336,6.166666666666667,15.833333333333334,11.666666666666666,13.0,17.333333333333332,7.5,15.0,19.333333333333332,55.0,6.0,18.333333333333332,10.833333333333334,10.5,15.833333333333334,9.666666666666666,16.666666666666668,6.333333333333333,25.75,64.25,7.0,20.75,15.25,13.0,14.25,9.0,16.5,24.75,54.5,2.5,9.25,10.5,13.0,19.5,6.5,17.25,9.0,1.0,0.0,14,3,11,1601.6215806798284,2051.286543680485,1612.0005275528713,1612.0005275528713
324,2012,3355,68,3345,83,-1,29.5,60.333333333333336,10.0,23.833333333333332,10.833333333333334,19.666666666666668,14.333333333333334,7.166666666666667,13.833333333333334,22.333333333333332,61.5,4.333333333333333,17.0,8.833333333333334,9.0,13.5,7.833333333333333,17.666666666666668,24.333333333333332,24.666666666666668,60.0,5.0,14.666666666666666,14.0,14.0,15.166666666666666,7.0,19.333333333333332,21.666666666666668,60.166666666666664,3.5,16.0,14.5,11.166666666666666,14.166666666666666,7.166666666666667,16.333333333333332,7.166666666666667,1.0,1.0,13,4,9,1705.5131987556451,1985.378049105436,1612.0005275528713,1612.0005275528713
325,2012,3185,48,3376,80,0,24.0,60.5,2.3333333333333335,9.0,14.166666666666666,13.0,13.666666666666666,11.333333333333334,15.333333333333334,20.166666666666668,51.666666666666664,4.666666666666667,16.666666666666668,12.166666666666666,14.0,22.0,6.5,15.166666666666666,10.0,22.0,53.5,3.1666666666666665,13.333333333333334,13.5,7.666666666666667,14.333333333333334,4.833333333333333,14.666666666666666,19.5,54.166666666666664,2.1666666666666665,10.166666666666666,14.666666666666666,5.5,14.5,6.0,15.0,4.0,0.6666666666666666,0.6666666666666666,12,5,7,1694.4653656357336,1966.321894531779,1612.0005275528713,1612.0005275528713
326,2012,3214,51,3390,73,0,21.714285714285715,60.57142857142857,4.571428571428571,17.0,18.714285714285715,10.142857142857142,14.571428571428571,9.857142857142858,16.285714285714285,13.285714285714286,49.0,2.0,10.571428571428571,11.714285714285714,6.142857142857143,20.0,6.428571428571429,17.428571428571427,20.285714285714285,25.375,58.25,4.75,16.625,13.375,14.125,13.125,6.375,14.625,18.75,59.0,3.25,12.625,14.75,7.875,15.125,6.875,17.375,22.0,1.0,1.0,16,1,15,1682.1294166107514,2401.2115343258056,1612.0005275528713,1612.0005275528713
327,2012,3404,49,3397,72,0,30.2,62.8,13.0,26.0,9.8,19.6,10.4,9.0,12.4,24.2,62.2,4.8,18.4,9.4,12.0,14.0,4.2,13.0,26.8,25.0,53.666666666666664,4.833333333333333,14.0,13.5,12.666666666666666,15.166666666666666,5.833333333333333,13.666666666666666,22.0,56.0,6.0,19.5,11.833333333333334,10.333333333333334,14.5,5.0,17.5,10.666666666666666,1.0,1.0,15,2,13,1545.8524698653562,2218.661347108085,1612.0005275528713,1612.0005275528713
328,2012,3107,47,3401,69,-1,20.25,58.25,5.5,15.75,15.25,12.5,15.0,13.75,12.5,17.25,55.5,4.75,17.5,14.0,10.25,22.75,5.75,16.5,15.0,24.625,59.75,3.625,9.875,14.0,12.625,12.75,6.125,18.625,22.0,54.125,4.75,13.25,12.5,12.625,16.625,6.75,18.75,2.0,1.0,0.4,14,3,11,1539.8452396925034,2156.1635633379524,1612.0005275528713,1612.0005275528713
329,2012,3400,55,3452,68,0,24.666666666666668,66.5,6.0,15.166666666666666,15.166666666666666,13.333333333333334,14.833333333333334,9.333333333333334,17.833333333333332,24.666666666666668,61.0,5.5,17.5,14.5,12.333333333333334,17.333333333333332,7.333333333333333,16.166666666666668,-1.8333333333333333,18.714285714285715,52.857142857142854,3.2857142857142856,13.857142857142858,15.142857142857142,11.571428571428571,17.428571428571427,7.857142857142857,17.428571428571427,19.714285714285715,55.57142857142857,4.142857142857143,13.142857142857142,13.0,10.0,14.428571428571429,8.142857142857142,18.857142857142858,-1.0,0.6666666666666666,0.75,9,8,1,1936.03055854236,1985.1322187938767,1612.0005275528713,1612.0005275528713
330,2012,3235,57,3453,71,1,19.5,52.166666666666664,8.0,24.0,11.0,12.833333333333334,13.5,4.166666666666667,14.666666666666666,22.666666666666668,53.166666666666664,4.666666666666667,14.5,8.666666666666666,14.0,11.833333333333334,7.666666666666667,17.833333333333332,0.16666666666666666,27.571428571428573,56.57142857142857,6.285714285714286,19.857142857142858,11.0,18.142857142857142,14.142857142857142,11.428571428571429,15.714285714285714,19.0,51.142857142857146,5.714285714285714,15.857142857142858,12.0,10.142857142857142,21.285714285714285,6.285714285714286,17.0,20.142857142857142,0.3333333333333333,1.0,10,7,3,1947.631032212065,2032.0781614921784,1612.0005275528713,1612.0005275528713
331,2012,3364,40,3124,81,0,22.875,50.75,4.875,13.125,11.375,13.5,16.25,3.875,15.625,18.625,50.375,4.75,15.625,9.375,10.0,12.375,5.625,15.375,5.375,27.25,55.0,2.75,8.75,12.0,17.75,13.75,8.75,12.625,20.125,60.75,5.5,17.25,14.0,11.125,15.375,5.5,18.25,19.5,0.8,1.0,16,1,15,1503.4616761303855,2414.597349409736,1612.0005275528713,1612.0005275528713
332,2012,3234,74,3143,84,0,26.0,62.333333333333336,9.333333333333334,26.333333333333332,13.0,19.666666666666668,12.666666666666666,8.0,14.0,27.0,64.66666666666667,7.333333333333333,20.333333333333332,14.666666666666666,16.666666666666668,14.333333333333334,8.333333333333334,15.666666666666666,1.0,23.857142857142858,59.142857142857146,2.7142857142857144,8.428571428571429,16.0,10.285714285714286,15.142857142857142,7.571428571428571,14.428571428571429,22.571428571428573,57.57142857142857,4.857142857142857,16.571428571428573,10.428571428571429,10.285714285714286,15.0,7.0,17.857142857142858,3.7142857142857144,0.0,0.5,9,8,1,1922.853222873235,1935.937884458334,1612.0005275528713,1612.0005275528713
333,2012,3114,42,3174,73,0,24.666666666666668,58.166666666666664,3.3333333333333335,12.5,14.166666666666666,12.5,13.5,5.333333333333333,14.0,18.166666666666668,52.0,4.0,14.0,10.0,7.833333333333333,16.333333333333332,3.0,13.5,12.0,26.857142857142858,58.285714285714285,4.285714285714286,12.285714285714286,14.428571428571429,14.285714285714286,12.142857142857142,5.142857142857143,12.428571428571429,19.0,56.42857142857143,5.0,18.714285714285715,10.714285714285714,9.857142857142858,12.0,5.571428571428571,14.714285714285714,18.0,1.0,1.0,14,3,11,1715.5507048284085,1898.8798562718744,1612.0005275528713,1612.0005275528713
334,2012,3359,47,3181,82,0,19.0,51.125,6.625,20.375,7.5,11.375,15.875,9.0,14.75,16.75,53.375,3.0,13.625,12.5,8.375,17.375,8.0,15.125,5.0,28.0,60.25,3.5,11.75,15.0,14.25,17.75,12.5,18.0,23.25,62.5,5.75,17.5,18.75,13.5,19.5,7.5,17.75,3.0,0.75,0.0,15,2,13,1615.6512674769715,2241.0741744049483,1612.0005275528713,1612.0005275528713
335,2012,3326,65,3196,70,0,23.5,61.25,4.25,18.25,13.75,11.5,13.25,7.25,20.25,24.0,64.0,4.0,12.75,19.25,10.0,15.5,5.75,17.5,-5.5,24.2,61.2,5.2,20.8,15.4,15.0,17.8,6.4,16.6,22.0,61.2,4.8,14.0,12.4,10.2,16.0,8.6,16.2,5.6,0.0,0.5,8,9,-1,2034.6304891300804,1891.6650986453649,1612.0005275528713,1612.0005275528713
336,2012,3201,56,3207,61,0,27.875,67.5,10.625,34.625,14.0,16.375,12.25,13.125,15.625,20.625,54.0,3.375,12.375,11.125,10.0,21.375,5.375,12.5,18.5,16.75,60.75,3.25,13.75,16.5,10.75,15.25,10.75,19.75,14.5,50.25,4.75,19.5,13.75,10.25,21.0,8.75,17.5,3.5,1.0,0.0,12,5,7,1840.719854289033,1995.776777228397,1612.0005275528713,1612.0005275528713
337,2012,3357,50,3210,76,0,23.428571428571427,61.285714285714285,5.0,17.428571428571427,13.571428571428571,13.571428571428571,13.714285714285714,11.142857142857142,13.857142857142858,22.142857142857142,59.285714285714285,5.714285714285714,18.428571428571427,14.285714285714286,10.714285714285714,17.857142857142858,6.142857142857143,14.285714285714286,3.7142857142857144,25.666666666666668,54.166666666666664,5.833333333333333,12.333333333333334,12.666666666666666,14.166666666666666,15.666666666666666,8.833333333333334,17.166666666666668,21.5,53.333333333333336,2.8333333333333335,10.0,11.5,12.833333333333334,15.833333333333334,7.5,16.833333333333332,13.833333333333334,1.0,0.6666666666666666,13,4,9,1570.7540798225782,2034.3028911521335,1612.0005275528713,1612.0005275528713
338,2012,3304,49,3242,57,0,23.857142857142858,58.57142857142857,6.142857142857143,19.0,14.0,12.142857142857142,15.0,7.285714285714286,15.428571428571429,23.285714285714285,57.42857142857143,5.285714285714286,17.571428571428573,11.857142857142858,12.571428571428571,16.428571428571427,7.428571428571429,19.714285714285715,8.285714285714286,24.333333333333332,59.5,5.5,15.333333333333334,13.666666666666666,12.666666666666666,12.666666666666666,4.333333333333333,17.0,26.833333333333332,55.666666666666664,4.333333333333333,9.833333333333334,11.5,13.166666666666666,11.666666666666666,6.0,13.333333333333334,-7.166666666666667,0.75,0.3333333333333333,6,11,-5,1916.5667027584964,1914.8045470733907,1612.0005275528713,1612.0005275528713
339,2012,3361,56,3261,64,0,23.857142857142858,55.42857142857143,2.857142857142857,11.857142857142858,12.571428571428571,11.0,13.285714285714286,9.0,18.571428571428573,17.857142857142858,48.42857142857143,2.4285714285714284,10.142857142857142,10.142857142857142,10.285714285714286,16.857142857142858,4.571428571428571,16.571428571428573,11.714285714285714,18.833333333333332,42.0,2.5,8.833333333333334,8.833333333333334,10.666666666666666,20.333333333333332,5.333333333333333,15.333333333333334,20.166666666666668,54.666666666666664,5.833333333333333,20.0,11.333333333333334,9.166666666666666,13.833333333333334,10.333333333333334,20.166666666666668,0.5,1.0,0.6666666666666666,12,5,7,1733.5864824063915,1976.46878913106,1612.0005275528713,1612.0005275528713
340,2012,3208,70,3265,76,0,24.0,54.5,4.75,15.25,12.25,11.5,12.75,10.75,16.5,19.5,53.5,4.0,15.25,13.75,9.5,16.0,4.5,15.0,10.75,24.0,57.0,8.0,22.333333333333332,10.333333333333334,17.333333333333332,13.0,10.333333333333334,12.833333333333334,20.166666666666668,61.166666666666664,5.666666666666667,17.833333333333332,13.666666666666666,11.166666666666666,15.666666666666666,7.0,16.833333333333332,14.666666666666666,0.0,1.0,4,13,-9,1978.9541608870584,1841.953942393835,1612.0005275528713,1612.0005275528713
341,2012,3251,43,3323,74,0,25.625,58.375,4.625,13.25,20.75,13.25,17.5,6.75,13.625,20.5,58.375,7.875,22.75,12.875,10.75,14.0,8.625,19.125,15.125,24.166666666666668,57.833333333333336,5.833333333333333,15.333333333333334,13.666666666666666,12.333333333333334,15.166666666666666,10.0,13.5,22.666666666666668,56.333333333333336,3.5,14.166666666666666,12.333333333333334,11.0,18.833333333333332,8.666666666666666,15.666666666666666,12.5,1.0,0.75,16,1,15,1623.4156240276147,2322.94120009726,1612.0005275528713,1612.0005275528713
342,2012,3276,67,3328,88,0,23.0,56.0,6.75,20.5,11.75,13.0,13.25,8.75,13.5,22.0,57.0,6.0,19.0,15.25,13.5,15.25,6.5,14.75,2.25,23.0,56.42857142857143,5.0,15.571428571428571,11.714285714285714,12.571428571428571,15.714285714285714,4.714285714285714,20.571428571428573,23.285714285714285,59.285714285714285,6.285714285714286,16.571428571428573,13.0,13.571428571428571,13.142857142857142,7.0,19.571428571428573,-3.0,1.0,0.5,11,6,5,1844.297155383061,2034.7114419695265,1612.0005275528713,1612.0005275528713
343,2012,3431,77,3336,85,0,21.857142857142858,54.285714285714285,4.0,14.571428571428571,15.142857142857142,13.714285714285714,17.285714285714285,8.285714285714286,17.428571428571427,19.0,56.285714285714285,3.7142857142857144,15.857142857142858,11.428571428571429,8.857142857142858,13.428571428571429,8.714285714285714,18.142857142857142,9.142857142857142,26.75,68.5,4.75,14.0,16.25,11.5,11.25,10.25,16.25,25.25,60.0,3.25,12.0,12.25,11.75,18.5,7.0,21.0,10.75,1.0,0.5,13,4,9,1757.9452991772062,2017.501413267178,1612.0005275528713,1612.0005275528713
344,2012,3195,65,3382,72,0,24.833333333333332,54.833333333333336,10.333333333333334,24.166666666666668,11.166666666666666,16.0,15.666666666666666,8.333333333333334,15.333333333333334,21.666666666666668,57.666666666666664,2.5,13.166666666666666,13.666666666666666,9.833333333333334,17.0,7.5,17.166666666666668,18.333333333333332,21.5,50.333333333333336,5.5,15.833333333333334,7.333333333333333,10.5,11.833333333333334,4.833333333333333,13.666666666666666,17.166666666666668,55.166666666666664,4.0,16.166666666666668,10.833333333333334,9.666666666666666,12.5,5.166666666666667,17.333333333333332,14.833333333333334,1.0,0.6666666666666666,12,5,7,1769.944407287181,1921.8973830529767,1612.0005275528713,1612.0005275528713
345,2012,3166,67,3385,69,0,22.285714285714285,53.142857142857146,7.142857142857143,20.857142857142858,7.571428571428571,14.0,12.142857142857142,6.142857142857143,13.142857142857142,17.714285714285715,54.142857142857146,2.4285714285714284,13.714285714285714,11.428571428571429,8.857142857142858,13.428571428571429,5.857142857142857,12.857142857142858,11.0,20.333333333333332,52.166666666666664,2.0,7.166666666666667,13.0,9.166666666666666,14.0,7.666666666666667,14.5,20.166666666666668,55.333333333333336,5.5,19.0,13.0,12.833333333333334,15.666666666666666,6.5,19.166666666666668,2.5,0.75,0.6666666666666666,14,3,11,1725.1958907783794,2036.8434041139155,1612.0005275528713,1612.0005275528713
346,2012,3292,46,3435,60,0,24.666666666666668,58.5,7.666666666666667,21.666666666666668,14.833333333333334,12.5,15.666666666666666,7.666666666666667,12.833333333333334,22.833333333333332,57.833333333333336,3.8333333333333335,17.5,14.666666666666666,9.333333333333334,18.166666666666668,6.333333333333333,17.0,11.666666666666666,22.0,51.6,5.0,16.6,11.0,10.0,17.8,5.6,18.8,21.6,54.2,3.2,13.4,14.6,8.6,16.4,7.6,16.8,1.2,0.6666666666666666,0.5,10,7,3,1891.279497932619,1964.213333581783,1612.0005275528713,1612.0005275528713
347,2012,3243,26,3163,72,0,22.428571428571427,56.857142857142854,5.142857142857143,18.714285714285715,9.571428571428571,13.857142857142858,13.142857142857142,6.714285714285714,15.142857142857142,22.857142857142858,54.142857142857146,4.428571428571429,15.428571428571429,9.714285714285714,13.142857142857142,14.0,5.857142857142857,12.857142857142858,-3.4285714285714284,24.857142857142858,54.285714285714285,6.285714285714286,17.857142857142858,11.571428571428571,15.714285714285714,15.285714285714286,8.142857142857142,14.285714285714286,17.142857142857142,56.42857142857143,3.2857142857142856,14.0,13.714285714285714,8.0,15.714285714285714,7.0,14.714285714285714,18.571428571428573,0.25,0.75,8,1,7,1942.3021171613336,2450.521362496312,1612.0005275528713,1612.0005275528713
348,2012,3274,54,3211,65,0,25.75,64.25,7.0,20.75,15.25,13.0,14.25,9.0,16.5,24.75,54.5,2.5,9.25,10.5,13.0,19.5,6.5,17.25,9.0,27.75,64.5,4.5,14.0,13.75,15.75,11.0,11.25,14.5,22.75,55.75,7.25,18.5,10.5,13.0,18.0,5.5,15.75,9.0,0.0,0.5,3,11,-8,2051.286543680485,2019.9311856027327,1612.0005275528713,1612.0005275528713
349,2012,3453,62,3246,65,0,27.571428571428573,56.57142857142857,6.285714285714286,19.857142857142858,11.0,18.142857142857142,14.142857142857142,11.428571428571429,15.714285714285714,19.0,51.142857142857146,5.714285714285714,15.857142857142858,12.0,10.142857142857142,21.285714285714285,6.285714285714286,17.0,20.142857142857142,22.6,60.6,5.6,16.8,14.4,7.8,15.8,10.4,18.6,21.0,49.6,1.4,7.8,11.6,10.0,24.8,5.8,19.6,8.2,1.0,0.5,7,2,5,2032.0781614921784,2085.614010909622,1612.0005275528713,1612.0005275528713
350,2012,3257,68,3268,72,0,21.2,55.4,5.6,18.4,15.6,11.0,17.8,8.0,13.8,21.8,57.6,5.4,18.4,12.2,9.8,16.0,6.4,17.2,3.2,25.333333333333332,57.333333333333336,5.0,11.0,17.333333333333332,13.833333333333334,18.666666666666668,5.5,16.166666666666668,21.5,62.666666666666664,3.8333333333333335,13.333333333333334,14.833333333333334,9.666666666666666,12.666666666666666,9.5,18.166666666666668,11.166666666666666,0.6666666666666666,1.0,7,2,5,1976.1742447307677,2144.247194233502,1612.0005275528713,1612.0005275528713
351,2012,3345,61,3376,72,0,24.666666666666668,60.0,5.0,14.666666666666666,14.0,14.0,15.166666666666666,7.0,19.333333333333332,21.666666666666668,60.166666666666664,3.5,16.0,14.5,11.166666666666666,14.166666666666666,7.166666666666667,16.333333333333332,7.166666666666667,22.0,53.5,3.1666666666666665,13.333333333333334,13.5,7.666666666666667,14.333333333333334,4.833333333333333,14.666666666666666,19.5,54.166666666666664,2.1666666666666665,10.166666666666666,14.666666666666666,5.5,14.5,6.0,15.0,4.0,1.0,0.6666666666666666,4,5,-1,1985.378049105436,1966.321894531779,1612.0005275528713,1612.0005275528713
352,2012,3452,55,3390,72,0,18.714285714285715,52.857142857142854,3.2857142857142856,13.857142857142858,15.142857142857142,11.571428571428571,17.428571428571427,7.857142857142857,17.428571428571427,19.714285714285715,55.57142857142857,4.142857142857143,13.142857142857142,13.0,10.0,14.428571428571429,8.142857142857142,18.857142857142858,-1.0,25.375,58.25,4.75,16.625,13.375,14.125,13.125,6.375,14.625,18.75,59.0,3.25,12.625,14.75,7.875,15.125,6.875,17.375,22.0,0.75,1.0,8,1,7,1985.1322187938767,2401.2115343258056,1612.0005275528713,1612.0005275528713
353,2012,3177,48,3397,63,0,26.333333333333332,57.5,6.333333333333333,21.0,9.666666666666666,16.833333333333332,16.833333333333332,7.166666666666667,15.0,24.166666666666668,61.666666666666664,5.333333333333333,15.5,14.833333333333334,14.166666666666666,14.166666666666666,9.666666666666666,11.833333333333334,1.0,25.0,53.666666666666664,4.833333333333333,14.0,13.5,12.666666666666666,15.166666666666666,5.833333333333333,13.666666666666666,22.0,56.0,6.0,19.5,11.833333333333334,10.333333333333334,14.5,5.0,17.5,10.666666666666666,0.6666666666666666,1.0,7,2,5,1992.847744910397,2218.661347108085,1612.0005275528713,1612.0005275528713
354,2012,3116,59,3401,61,0,22.666666666666668,53.833333333333336,5.666666666666667,18.666666666666668,12.666666666666666,12.833333333333334,13.333333333333334,7.166666666666667,15.333333333333334,18.833333333333332,49.333333333333336,2.1666666666666665,12.666666666666666,13.333333333333334,8.0,17.333333333333332,4.5,14.666666666666666,11.0,24.625,59.75,3.625,9.875,14.0,12.625,12.75,6.125,18.625,22.0,54.125,4.75,13.25,12.5,12.625,16.625,6.75,18.75,2.0,0.6666666666666666,0.4,6,3,3,1919.8378868114844,2156.1635633379524,1612.0005275528713,1612.0005275528713
355,2012,3196,57,3124,76,0,24.2,61.2,5.2,20.8,15.4,15.0,17.8,6.4,16.6,22.0,61.2,4.8,14.0,12.4,10.2,16.0,8.6,16.2,5.6,27.25,55.0,2.75,8.75,12.0,17.75,13.75,8.75,12.625,20.125,60.75,5.5,17.25,14.0,11.125,15.375,5.5,18.25,19.5,0.5,1.0,9,1,8,1891.6650986453649,2414.597349409736,1612.0005275528713,1612.0005275528713
356,2012,3435,80,3181,96,0,22.0,51.6,5.0,16.6,11.0,10.0,17.8,5.6,18.8,21.6,54.2,3.2,13.4,14.6,8.6,16.4,7.6,16.8,1.2,28.0,60.25,3.5,11.75,15.0,14.25,17.75,12.5,18.0,23.25,62.5,5.75,17.5,18.75,13.5,19.5,7.5,17.75,3.0,0.5,0.0,7,2,5,1964.213333581783,2241.0741744049483,1612.0005275528713,1612.0005275528713
357,2012,3207,64,3210,76,0,16.75,60.75,3.25,13.75,16.5,10.75,15.25,10.75,19.75,14.5,50.25,4.75,19.5,13.75,10.25,21.0,8.75,17.5,3.5,25.666666666666668,54.166666666666664,5.833333333333333,12.333333333333334,12.666666666666666,14.166666666666666,15.666666666666666,8.833333333333334,17.166666666666668,21.5,53.333333333333336,2.8333333333333335,10.0,11.5,12.833333333333334,15.833333333333334,7.5,16.833333333333332,13.833333333333334,0.0,0.6666666666666666,5,4,1,1995.776777228397,2034.3028911521335,1612.0005275528713,1612.0005275528713
358,2012,3174,64,3242,70,0,26.857142857142858,58.285714285714285,4.285714285714286,12.285714285714286,14.428571428571429,14.285714285714286,12.142857142857142,5.142857142857143,12.428571428571429,19.0,56.42857142857143,5.0,18.714285714285715,10.714285714285714,9.857142857142858,12.0,5.571428571428571,14.714285714285714,18.0,24.333333333333332,59.5,5.5,15.333333333333334,13.666666666666666,12.666666666666666,12.666666666666666,4.333333333333333,17.0,26.833333333333332,55.666666666666664,4.333333333333333,9.833333333333334,11.5,13.166666666666666,11.666666666666666,6.0,13.333333333333334,-7.166666666666667,1.0,0.3333333333333333,3,11,-8,1898.8798562718744,1914.8045470733907,1612.0005275528713,1612.0005275528713
359,2012,3143,62,3323,73,0,23.857142857142858,59.142857142857146,2.7142857142857144,8.428571428571429,16.0,10.285714285714286,15.142857142857142,7.571428571428571,14.428571428571429,22.571428571428573,57.57142857142857,4.857142857142857,16.571428571428573,10.428571428571429,10.285714285714286,15.0,7.0,17.857142857142858,3.7142857142857144,24.166666666666668,57.833333333333336,5.833333333333333,15.333333333333334,13.666666666666666,12.333333333333334,15.166666666666666,10.0,13.5,22.666666666666668,56.333333333333336,3.5,14.166666666666666,12.333333333333334,11.0,18.833333333333332,8.666666666666666,15.666666666666666,12.5,0.5,0.75,8,1,7,1935.937884458334,2322.94120009726,1612.0005275528713,1612.0005275528713
360,2012,3261,80,3336,90,0,18.833333333333332,42.0,2.5,8.833333333333334,8.833333333333334,10.666666666666666,20.333333333333332,5.333333333333333,15.333333333333334,20.166666666666668,54.666666666666664,5.833333333333333,20.0,11.333333333333334,9.166666666666666,13.833333333333334,10.333333333333334,20.166666666666668,0.5,26.75,68.5,4.75,14.0,16.25,11.5,11.25,10.25,16.25,25.25,60.0,3.25,12.0,12.25,11.75,18.5,7.0,21.0,10.75,0.6666666666666666,0.5,5,4,1,1976.46878913106,2017.501413267178,1612.0005275528713,1612.0005275528713
361,2012,3265,63,3382,66,0,24.0,57.0,8.0,22.333333333333332,10.333333333333334,17.333333333333332,13.0,10.333333333333334,12.833333333333334,20.166666666666668,61.166666666666664,5.666666666666667,17.833333333333332,13.666666666666666,11.166666666666666,15.666666666666666,7.0,16.833333333333332,14.666666666666666,21.5,50.333333333333336,5.5,15.833333333333334,7.333333333333333,10.5,11.833333333333334,4.833333333333333,13.666666666666666,17.166666666666668,55.166666666666664,4.0,16.166666666666668,10.833333333333334,9.666666666666666,12.5,5.166666666666667,17.333333333333332,14.833333333333334,1.0,0.6666666666666666,13,5,8,1841.953942393835,1921.8973830529767,1612.0005275528713,1612.0005275528713
362,2012,3328,70,3385,74,0,23.0,56.42857142857143,5.0,15.571428571428571,11.714285714285714,12.571428571428571,15.714285714285714,4.714285714285714,20.571428571428573,23.285714285714285,59.285714285714285,6.285714285714286,16.571428571428573,13.0,13.571428571428571,13.142857142857142,7.0,19.571428571428573,-3.0,20.333333333333332,52.166666666666664,2.0,7.166666666666667,13.0,9.166666666666666,14.0,7.666666666666667,14.5,20.166666666666668,55.333333333333336,5.5,19.0,13.0,12.833333333333334,15.666666666666666,6.5,19.166666666666668,2.5,0.5,0.6666666666666666,6,3,3,2034.7114419695265,2036.8434041139155,1612.0005275528713,1612.0005275528713
363,2012,3210,68,3124,83,0,25.666666666666668,54.166666666666664,5.833333333333333,12.333333333333334,12.666666666666666,14.166666666666666,15.666666666666666,8.833333333333334,17.166666666666668,21.5,53.333333333333336,2.8333333333333335,10.0,11.5,12.833333333333334,15.833333333333334,7.5,16.833333333333332,13.833333333333334,27.25,55.0,2.75,8.75,12.0,17.75,13.75,8.75,12.625,20.125,60.75,5.5,17.25,14.0,11.125,15.375,5.5,18.25,19.5,0.6666666666666666,1.0,4,1,3,2034.3028911521335,2414.597349409736,1612.0005275528713,1612.0005275528713
364,2012,3385,47,3181,74,0,20.333333333333332,52.166666666666664,2.0,7.166666666666667,13.0,9.166666666666666,14.0,7.666666666666667,14.5,20.166666666666668,55.333333333333336,5.5,19.0,13.0,12.833333333333334,15.666666666666666,6.5,19.166666666666668,2.5,28.0,60.25,3.5,11.75,15.0,14.25,17.75,12.5,18.0,23.25,62.5,5.75,17.5,18.75,13.5,19.5,7.5,17.75,3.0,0.6666666666666666,0.0,3,2,1,2036.8434041139155,2241.0741744049483,1612.0005275528713,1612.0005275528713
365,2012,3376,60,3390,76,0,22.0,53.5,3.1666666666666665,13.333333333333334,13.5,7.666666666666667,14.333333333333334,4.833333333333333,14.666666666666666,19.5,54.166666666666664,2.1666666666666665,10.166666666666666,14.666666666666666,5.5,14.5,6.0,15.0,4.0,25.375,58.25,4.75,16.625,13.375,14.125,13.125,6.375,14.625,18.75,59.0,3.25,12.625,14.75,7.875,15.125,6.875,17.375,22.0,0.6666666666666666,1.0,5,1,4,1966.321894531779,2401.2115343258056,1612.0005275528713,1612.0005275528713
366,2012,3242,73,3397,84,0,24.333333333333332,59.5,5.5,15.333333333333334,13.666666666666666,12.666666666666666,12.666666666666666,4.333333333333333,17.0,26.833333333333332,55.666666666666664,4.333333333333333,9.833333333333334,11.5,13.166666666666666,11.666666666666666,6.0,13.333333333333334,-7.166666666666667,25.0,53.666666666666664,4.833333333333333,14.0,13.5,12.666666666666666,15.166666666666666,5.833333333333333,13.666666666666666,22.0,56.0,6.0,19.5,11.833333333333334,10.333333333333334,14.5,5.0,17.5,10.666666666666666,0.3333333333333333,1.0,11,2,9,1914.8045470733907,2218.661347108085,1612.0005275528713,1612.0005275528713
367,2012,3336,59,3163,77,0,26.75,68.5,4.75,14.0,16.25,11.5,11.25,10.25,16.25,25.25,60.0,3.25,12.0,12.25,11.75,18.5,7.0,21.0,10.75,24.857142857142858,54.285714285714285,6.285714285714286,17.857142857142858,11.571428571428571,15.714285714285714,15.285714285714286,8.142857142857142,14.285714285714286,17.142857142857142,56.42857142857143,3.2857142857142856,14.0,13.714285714285714,8.0,15.714285714285714,7.0,14.714285714285714,18.571428571428573,0.5,0.75,4,1,3,2017.501413267178,2450.521362496312,1612.0005275528713,1612.0005275528713
368,2012,3211,62,3246,79,0,27.75,64.5,4.5,14.0,13.75,15.75,11.0,11.25,14.5,22.75,55.75,7.25,18.5,10.5,13.0,18.0,5.5,15.75,9.0,22.6,60.6,5.6,16.8,14.4,7.8,15.8,10.4,18.6,21.0,49.6,1.4,7.8,11.6,10.0,24.8,5.8,19.6,8.2,0.5,0.5,11,2,9,2019.9311856027327,2085.614010909622,1612.0005275528713,1612.0005275528713
369,2012,3401,74,3268,81,0,24.625,59.75,3.625,9.875,14.0,12.625,12.75,6.125,18.625,22.0,54.125,4.75,13.25,12.5,12.625,16.625,6.75,18.75,2.0,25.333333333333332,57.333333333333336,5.0,11.0,17.333333333333332,13.833333333333334,18.666666666666668,5.5,16.166666666666668,21.5,62.666666666666664,3.8333333333333335,13.333333333333334,14.833333333333334,9.666666666666666,12.666666666666666,9.5,18.166666666666668,11.166666666666666,0.4,1.0,3,2,1,2156.1635633379524,2144.247194233502,1612.0005275528713,1612.0005275528713
370,2012,3382,35,3323,79,0,21.5,50.333333333333336,5.5,15.833333333333334,7.333333333333333,10.5,11.833333333333334,4.833333333333333,13.666666666666666,17.166666666666668,55.166666666666664,4.0,16.166666666666668,10.833333333333334,9.666666666666666,12.5,5.166666666666667,17.333333333333332,14.833333333333334,24.166666666666668,57.833333333333336,5.833333333333333,15.333333333333334,13.666666666666666,12.333333333333334,15.166666666666666,10.0,13.5,22.666666666666668,56.333333333333336,3.5,14.166666666666666,12.333333333333334,11.0,18.833333333333332,8.666666666666666,15.666666666666666,12.5,0.6666666666666666,0.75,5,1,4,1921.8973830529767,2322.94120009726,1612.0005275528713,1612.0005275528713
371,2012,3397,58,3124,77,0,25.0,53.666666666666664,4.833333333333333,14.0,13.5,12.666666666666666,15.166666666666666,5.833333333333333,13.666666666666666,22.0,56.0,6.0,19.5,11.833333333333334,10.333333333333334,14.5,5.0,17.5,10.666666666666666,27.25,55.0,2.75,8.75,12.0,17.75,13.75,8.75,12.625,20.125,60.75,5.5,17.25,14.0,11.125,15.375,5.5,18.25,19.5,1.0,1.0,2,1,1,2218.661347108085,2414.597349409736,1612.0005275528713,1612.0005275528713
372,2012,3181,69,3390,81,0,28.0,60.25,3.5,11.75,15.0,14.25,17.75,12.5,18.0,23.25,62.5,5.75,17.5,18.75,13.5,19.5,7.5,17.75,3.0,25.375,58.25,4.75,16.625,13.375,14.125,13.125,6.375,14.625,18.75,59.0,3.25,12.625,14.75,7.875,15.125,6.875,17.375,22.0,0.0,1.0,2,1,1,2241.0741744049483,2401.2115343258056,1612.0005275528713,1612.0005275528713
373,2012,3246,65,3163,80,0,22.6,60.6,5.6,16.8,14.4,7.8,15.8,10.4,18.6,21.0,49.6,1.4,7.8,11.6,10.0,24.8,5.8,19.6,8.2,24.857142857142858,54.285714285714285,6.285714285714286,17.857142857142858,11.571428571428571,15.714285714285714,15.285714285714286,8.142857142857142,14.285714285714286,17.142857142857142,56.42857142857143,3.2857142857142856,14.0,13.714285714285714,8.0,15.714285714285714,7.0,14.714285714285714,18.571428571428573,0.5,0.75,2,1,1,2085.614010909622,2450.521362496312,1612.0005275528713,1612.0005275528713
374,2012,3268,49,3323,80,0,25.333333333333332,57.333333333333336,5.0,11.0,17.333333333333332,13.833333333333334,18.666666666666668,5.5,16.166666666666668,21.5,62.666666666666664,3.8333333333333335,13.333333333333334,14.833333333333334,9.666666666666666,12.666666666666666,9.5,18.166666666666668,11.166666666666666,24.166666666666668,57.833333333333336,5.833333333333333,15.333333333333334,13.666666666666666,12.333333333333334,15.166666666666666,10.0,13.5,22.666666666666668,56.333333333333336,3.5,14.166666666666666,12.333333333333334,11.0,18.833333333333332,8.666666666666666,15.666666666666666,12.5,1.0,0.75,2,1,1,2144.247194233502,2322.94120009726,1612.0005275528713,1612.0005275528713
375,2012,3390,47,3124,59,0,25.375,58.25,4.75,16.625,13.375,14.125,13.125,6.375,14.625,18.75,59.0,3.25,12.625,14.75,7.875,15.125,6.875,17.375,22.0,27.25,55.0,2.75,8.75,12.0,17.75,13.75,8.75,12.625,20.125,60.75,5.5,17.25,14.0,11.125,15.375,5.5,18.25,19.5,1.0,1.0,1,1,0,2401.2115343258056,2414.597349409736,1612.0005275528713,1612.0005275528713
376,2012,3163,75,3323,83,0,24.857142857142858,54.285714285714285,6.285714285714286,17.857142857142858,11.571428571428571,15.714285714285714,15.285714285714286,8.142857142857142,14.285714285714286,17.142857142857142,56.42857142857143,3.2857142857142856,14.0,13.714285714285714,8.0,15.714285714285714,7.0,14.714285714285714,18.571428571428573,24.166666666666668,57.833333333333336,5.833333333333333,15.333333333333334,13.666666666666666,12.333333333333334,15.166666666666666,10.0,13.5,22.666666666666668,56.333333333333336,3.5,14.166666666666666,12.333333333333334,11.0,18.833333333333332,8.666666666666666,15.666666666666666,12.5,0.75,0.75,1,1,0,2450.521362496312,2322.94120009726,1612.0005275528713,1612.0005275528713
377,2012,3323,61,3124,80,0,24.166666666666668,57.833333333333336,5.833333333333333,15.333333333333334,13.666666666666666,12.333333333333334,15.166666666666666,10.0,13.5,22.666666666666668,56.333333333333336,3.5,14.166666666666666,12.333333333333334,11.0,18.833333333333332,8.666666666666666,15.666666666666666,12.5,27.25,55.0,2.75,8.75,12.0,17.75,13.75,8.75,12.625,20.125,60.75,5.5,17.25,14.0,11.125,15.375,5.5,18.25,19.5,0.75,1.0,1,1,0,2322.94120009726,2414.597349409736,1612.0005275528713,1612.0005275528713
378,2013,3143,90,3201,76,0,24.4,62.8,4.6,14.6,20.0,9.6,12.8,7.6,15.2,22.4,55.8,4.2,12.6,10.8,9.4,14.8,5.6,18.4,10.0,27.428571428571427,66.0,9.428571428571429,26.142857142857142,13.428571428571429,19.0,11.571428571428571,13.857142857142858,11.857142857142858,23.285714285714285,57.57142857142857,4.571428571428571,15.0,11.571428571428571,13.428571428571429,20.571428571428573,4.857142857142857,11.714285714285714,14.285714285714286,0.5,1.0,2,15,-13,2112.243200144568,1786.7871536790976,1612.0005275528713,1612.0005275528713
379,2013,3163,105,3225,37,1,30.571428571428573,64.57142857142857,7.857142857142857,20.857142857142858,14.428571428571429,20.428571428571427,16.428571428571427,9.714285714285714,13.142857142857142,20.285714285714285,62.142857142857146,4.571428571428571,17.0,12.142857142857142,11.714285714285714,16.857142857142858,7.0,15.0,24.142857142857142,24.0,57.5,6.666666666666667,22.0,11.166666666666666,10.333333333333334,16.833333333333332,5.666666666666667,14.333333333333334,23.5,65.83333333333333,5.333333333333333,18.666666666666668,14.666666666666666,8.666666666666666,13.666666666666666,9.0,17.333333333333332,5.0,0.5,0.75,1,16,-15,2440.0871227480025,1479.2606004857662,1612.0005275528713,1612.0005275528713
380,2013,3166,61,3393,56,0,24.833333333333332,61.166666666666664,8.666666666666666,28.833333333333332,12.5,17.833333333333332,12.666666666666666,8.333333333333334,12.166666666666666,21.666666666666668,55.5,6.0,15.5,11.5,12.333333333333334,16.833333333333332,6.833333333333333,11.333333333333334,9.5,24.666666666666668,62.166666666666664,5.0,16.666666666666668,14.666666666666666,14.333333333333334,15.666666666666666,7.166666666666667,12.166666666666666,23.666666666666668,64.0,8.5,26.833333333333332,13.666666666666666,17.666666666666668,13.666666666666666,7.833333333333333,14.666666666666666,-2.0,0.75,0.6666666666666666,10,7,3,1817.5870417838585,1942.2684884661596,1612.0005275528713,1612.0005275528713
381,2013,3208,70,3285,50,0,20.4,59.0,2.8,16.4,14.2,11.4,14.2,7.8,15.0,19.8,58.6,5.4,18.4,10.8,12.4,14.6,5.8,15.0,1.6,23.333333333333332,61.666666666666664,6.5,18.0,15.166666666666666,16.833333333333332,14.833333333333334,10.5,13.166666666666666,20.166666666666668,55.5,5.0,16.833333333333332,11.166666666666666,12.5,16.833333333333332,9.833333333333334,15.833333333333334,8.666666666666666,0.5,0.75,4,13,-9,2075.4323697277405,1614.0207403839545,1612.0005275528713,1612.0005275528713
382,2013,3235,72,3211,60,0,23.714285714285715,55.42857142857143,8.0,21.857142857142858,10.285714285714286,18.285714285714285,15.714285714285714,4.714285714285714,14.142857142857142,24.571428571428573,60.142857142857146,7.0,20.857142857142858,8.428571428571429,14.857142857142858,12.571428571428571,8.857142857142858,17.0,5.714285714285714,23.0,58.25,3.0,14.5,13.75,11.75,14.5,9.25,13.5,19.5,52.75,2.25,12.75,9.5,9.75,19.0,7.25,17.5,11.25,0.75,1.0,5,12,-7,2042.228202771299,2001.914254754076,1612.0005275528713,1612.0005275528713
383,2013,3242,67,3160,52,-1,26.5,59.333333333333336,6.833333333333333,17.333333333333332,10.666666666666666,15.833333333333334,16.166666666666668,7.666666666666667,18.0,26.333333333333332,61.666666666666664,7.166666666666667,19.333333333333332,11.833333333333334,15.666666666666666,13.5,9.0,15.666666666666666,-1.8333333333333333,23.8,66.4,4.0,12.6,17.6,11.8,13.0,7.8,17.2,19.8,56.0,5.2,16.2,10.6,10.4,13.4,8.0,14.6,3.8,0.6666666666666666,0.5,12,5,7,1925.0068036298524,1900.9833214792689,1612.0005275528713,1612.0005275528713
384,2013,3268,72,3346,52,1,28.4,64.0,6.0,16.2,17.2,16.2,16.4,5.2,19.2,25.0,57.0,4.6,11.8,12.4,12.2,15.6,8.2,18.2,2.8,25.285714285714285,63.142857142857146,6.571428571428571,19.428571428571427,14.428571428571429,17.857142857142858,13.285714285714286,12.571428571428571,13.714285714285714,20.142857142857142,56.142857142857146,3.7142857142857144,14.857142857142858,12.571428571428571,12.571428571428571,22.285714285714285,6.428571428571429,16.428571428571427,18.285714285714285,0.5,1.0,4,13,-9,2120.4029569117624,1691.574540379495,1612.0005275528713,1612.0005275528713
385,2013,3277,55,3265,47,0,23.0,57.166666666666664,4.333333333333333,15.333333333333334,12.166666666666666,13.333333333333334,15.333333333333334,7.5,14.5,20.666666666666668,53.666666666666664,5.0,16.333333333333332,9.333333333333334,12.333333333333334,15.5,7.0,11.833333333333334,2.5,25.333333333333332,57.833333333333336,8.0,23.0,13.166666666666666,19.333333333333332,11.833333333333334,8.0,11.5,16.833333333333332,52.833333333333336,3.1666666666666665,16.666666666666668,10.666666666666666,7.833333333333333,16.333333333333332,6.666666666666667,15.0,26.833333333333332,0.6666666666666666,1.0,5,12,-7,1979.2696813380444,1835.6051445577289,1612.0005275528713,1612.0005275528713
386,2013,3304,73,3151,59,0,24.6,59.6,4.8,18.0,12.2,14.0,14.2,6.4,13.2,24.6,58.4,5.2,16.0,11.2,11.0,15.6,8.4,16.0,1.8,27.166666666666668,60.833333333333336,5.833333333333333,18.333333333333332,13.5,15.166666666666666,10.666666666666666,9.166666666666666,13.333333333333334,20.166666666666668,53.333333333333336,3.6666666666666665,12.333333333333334,9.0,9.833333333333334,15.666666666666666,4.5,17.666666666666668,17.666666666666668,0.5,1.0,6,11,-5,2013.4733190226527,1766.9512233207415,1612.0005275528713,1612.0005275528713
387,2013,3328,78,3141,73,0,23.833333333333332,58.166666666666664,6.333333333333333,21.0,9.833333333333334,11.666666666666666,15.166666666666666,6.0,18.166666666666668,28.5,63.5,6.666666666666667,16.833333333333332,14.333333333333334,16.333333333333332,14.5,6.333333333333333,20.166666666666668,-8.166666666666666,26.571428571428573,63.857142857142854,6.857142857142857,21.428571428571427,14.142857142857142,12.714285714285714,14.142857142857142,10.142857142857142,13.857142857142858,24.285714285714285,61.285714285714285,6.0,18.714285714285715,13.285714285714286,13.0,16.714285714285715,5.428571428571429,15.0,9.571428571428571,0.6666666666666666,1.0,6,11,-5,2028.1493118785884,1709.8798743764696,1612.0005275528713,1612.0005275528713
388,2013,3376,74,3355,52,0,21.8,55.2,3.8,12.4,17.0,12.0,12.6,8.0,15.4,18.8,49.0,2.6,10.0,9.2,9.6,16.2,4.2,20.2,10.4,27.25,58.5,4.25,15.5,9.75,19.0,12.0,8.75,16.5,20.0,56.5,5.5,20.0,9.5,9.5,14.25,6.5,16.75,17.0,0.5,1.0,4,13,-9,2015.8079877372816,1753.9265997288928,1612.0005275528713,1612.0005275528713
389,2013,3378,71,3403,70,-1,19.166666666666668,64.5,7.5,26.5,16.0,11.666666666666666,14.0,7.833333333333333,18.5,20.666666666666668,54.5,5.166666666666667,17.166666666666668,12.166666666666666,13.333333333333334,17.833333333333332,5.666666666666667,15.333333333333334,-3.6666666666666665,22.8,58.4,6.0,17.4,14.8,10.0,12.8,9.0,15.0,24.4,50.2,6.4,13.4,8.8,13.4,18.2,7.6,16.8,-1.0,0.6666666666666666,0.0,10,7,3,1863.819971226525,1938.451575260786,1612.0005275528713,1612.0005275528713
390,2013,3397,83,3331,62,1,24.6,57.0,4.2,11.8,12.8,9.8,18.0,4.4,12.6,29.0,71.8,5.2,15.0,14.8,16.8,10.2,9.4,17.8,1.6,24.2,55.2,7.4,17.0,9.8,13.6,16.4,10.6,17.8,20.6,55.8,5.8,19.8,12.6,10.8,17.0,7.4,16.0,7.2,0.5,1.0,2,15,-13,2201.7793178071597,1571.042805104028,1612.0005275528713,1612.0005275528713
391,2013,3401,71,3455,45,1,24.833333333333332,62.666666666666664,1.6666666666666667,7.5,13.5,14.333333333333334,11.833333333333334,7.833333333333333,15.166666666666666,25.5,60.833333333333336,4.166666666666667,12.833333333333334,12.5,12.0,15.0,4.833333333333333,15.5,-2.3333333333333335,27.571428571428573,60.42857142857143,4.285714285714286,13.285714285714286,12.857142857142858,14.428571428571429,10.0,8.571428571428571,16.0,22.571428571428573,53.42857142857143,4.142857142857143,11.142857142857142,10.714285714285714,10.142857142857142,14.285714285714286,5.142857142857143,15.0,8.857142857142858,1.0,1.0,3,14,-11,2139.320147159884,1752.4199678293426,1612.0005275528713,1612.0005275528713
392,2013,3417,66,3391,49,0,23.0,57.666666666666664,2.6666666666666665,9.0,13.666666666666666,15.5,15.5,8.333333333333334,16.833333333333332,18.333333333333332,54.333333333333336,3.6666666666666665,17.666666666666668,11.166666666666666,8.333333333333334,16.666666666666668,8.0,16.0,7.5,24.666666666666668,57.666666666666664,3.8333333333333335,15.0,12.0,10.5,11.666666666666666,8.166666666666666,13.333333333333334,21.5,59.833333333333336,4.333333333333333,17.333333333333332,13.166666666666666,11.166666666666666,14.0,6.5,16.333333333333332,9.5,0.6666666666666666,1.0,3,14,-11,2002.1836417411057,1539.9075593118246,1612.0005275528713,1612.0005275528713
393,2013,3435,60,3386,54,0,20.2,52.2,3.8,12.2,13.2,12.0,18.6,4.4,15.8,19.2,53.4,2.8,11.6,10.8,10.8,16.0,8.8,19.8,4.4,24.166666666666668,57.666666666666664,5.0,12.666666666666666,12.666666666666666,15.333333333333334,13.5,6.666666666666667,17.0,21.0,59.333333333333336,4.666666666666667,15.666666666666666,13.666666666666666,10.333333333333334,13.833333333333334,7.333333333333333,17.666666666666668,7.333333333333333,0.5,1.0,8,9,-1,1968.6899883174256,1830.4512377975252,1612.0005275528713,1612.0005275528713
394,2013,3124,82,3341,40,1,32.142857142857146,57.57142857142857,2.7142857142857144,7.0,10.0,22.0,14.571428571428571,7.857142857142857,11.571428571428571,20.571428571428573,61.0,7.714285714285714,22.285714285714285,12.571428571428571,11.714285714285714,16.285714285714285,7.714285714285714,15.142857142857142,23.428571428571427,23.0,57.714285714285715,4.285714285714286,11.0,13.285714285714286,13.428571428571429,15.142857142857142,10.714285714285714,16.857142857142858,19.285714285714285,53.57142857142857,3.5714285714285716,12.0,13.857142857142858,8.714285714285714,19.285714285714285,7.142857142857143,15.857142857142858,8.571428571428571,1.0,1.0,1,16,-15,2481.091129965945,1360.1453718242244,1612.0005275528713,1612.0005275528713
395,2013,3173,96,3385,90,-1,24.8,60.0,6.6,18.0,13.6,14.8,13.2,9.0,14.0,22.4,59.6,4.0,12.6,14.6,13.4,18.4,5.6,16.2,11.0,19.5,50.0,2.5,9.5,10.666666666666666,10.333333333333334,13.833333333333334,6.166666666666667,14.333333333333334,20.833333333333332,56.5,3.5,13.5,14.166666666666666,12.166666666666666,15.0,6.666666666666667,17.833333333333332,3.1666666666666665,0.5,0.6666666666666666,7,10,-3,1992.790135042823,1945.696241818256,1612.0005275528713,1612.0005275528713
396,2013,3174,66,3452,53,1,24.714285714285715,59.142857142857146,4.428571428571429,11.285714285714286,15.428571428571429,13.571428571428571,10.142857142857142,6.428571428571429,11.857142857142858,20.857142857142858,58.57142857142857,5.857142857142857,21.142857142857142,13.714285714285714,11.857142857142858,12.142857142857142,5.571428571428571,15.571428571428571,13.571428571428571,20.4,63.4,7.0,21.2,17.0,11.2,14.8,8.0,21.0,21.2,52.2,4.4,16.0,12.6,10.4,17.4,6.6,16.0,-5.2,1.0,0.0,6,11,-5,2026.053802251904,1939.2258461405788,1612.0005275528713,1612.0005275528713
397,2013,3181,67,3214,51,1,27.0,57.666666666666664,5.333333333333333,13.666666666666666,14.166666666666666,13.833333333333334,18.166666666666668,7.0,14.666666666666666,23.666666666666668,66.33333333333333,5.333333333333333,18.666666666666668,18.5,12.333333333333334,14.5,9.333333333333334,16.833333333333332,9.666666666666666,22.714285714285715,58.285714285714285,3.857142857142857,14.857142857142858,15.714285714285714,11.714285714285714,12.142857142857142,8.714285714285714,16.428571428571427,13.142857142857142,50.0,1.2857142857142858,8.571428571428571,13.571428571428571,5.857142857142857,20.0,4.428571428571429,17.428571428571427,25.285714285714285,1.0,1.0,2,15,-13,2303.504929241547,1743.1339548268322,1612.0005275528713,1612.0005275528713
398,2013,3199,60,3343,44,0,23.8,60.4,4.8,14.2,13.2,14.0,13.8,8.6,15.8,26.4,63.2,4.4,14.8,18.6,15.8,16.8,6.4,14.8,-4.8,24.0,59.666666666666664,5.0,16.166666666666668,14.333333333333334,15.166666666666666,13.166666666666666,9.166666666666666,12.0,18.333333333333332,53.833333333333336,3.3333333333333335,13.833333333333334,8.833333333333334,6.666666666666667,16.5,5.666666666666667,15.0,18.0,0.5,1.0,8,9,-1,1947.1725424844904,1784.7905352993755,1612.0005275528713,1612.0005275528713
399,2013,3234,69,3274,53,1,23.2,58.4,5.8,21.0,12.0,15.2,16.0,9.0,14.8,23.4,58.6,5.6,17.0,12.8,14.6,17.4,7.6,14.0,-1.6,19.8,59.0,2.8,11.8,16.6,12.2,18.6,7.2,17.6,21.6,60.6,3.0,11.0,12.2,11.2,14.6,8.2,18.6,2.4,0.5,0.5,9,8,1,1918.2376327158472,1981.823859169892,1612.0005275528713,1612.0005275528713
400,2013,3246,61,3298,41,0,28.0,69.33333333333333,6.666666666666667,19.833333333333332,16.166666666666668,13.666666666666666,13.333333333333334,11.833333333333334,19.0,23.333333333333332,57.166666666666664,4.0,11.833333333333334,14.5,10.666666666666666,21.5,5.166666666666667,17.0,9.666666666666666,22.5,58.0,7.666666666666667,26.166666666666668,13.333333333333334,15.333333333333334,11.166666666666666,7.333333333333333,9.833333333333334,19.5,55.166666666666664,5.5,16.0,12.666666666666666,11.0,14.833333333333334,5.0,11.833333333333334,9.666666666666666,0.6666666666666666,1.0,2,15,-13,2173.1271535218834,1486.8717885308463,1612.0005275528713,1612.0005275528713
401,2013,3257,74,3292,49,1,21.6,55.4,4.6,18.4,12.6,13.0,16.8,8.6,16.4,22.0,54.0,5.0,14.2,12.0,13.0,16.4,8.2,16.2,-2.4,22.5,55.333333333333336,8.0,22.333333333333332,15.666666666666666,13.833333333333334,14.333333333333334,5.666666666666667,13.166666666666666,22.0,58.5,2.8333333333333335,11.666666666666666,13.5,11.0,14.5,6.333333333333333,19.666666666666668,12.833333333333334,0.3333333333333333,1.0,5,12,-7,2100.5410407939826,1846.396254782855,1612.0005275528713,1612.0005275528713
402,2013,3261,75,3453,71,1,24.2,58.6,4.8,14.6,13.0,13.2,15.6,7.2,13.6,23.8,63.2,3.8,18.2,14.0,13.2,14.4,8.2,17.2,7.8,24.25,53.75,10.0,26.25,8.625,19.25,12.0,8.875,14.875,16.375,50.625,4.375,19.625,11.375,9.75,17.75,5.875,17.0,23.125,0.5,1.0,6,11,-5,2011.405540253353,2024.755208835073,1612.0005275528713,1612.0005275528713
403,2013,3276,60,3437,52,0,21.4,53.0,4.6,18.4,10.8,13.6,12.0,5.4,12.4,22.2,52.8,5.0,15.0,10.4,15.2,11.8,5.4,14.2,-1.2,23.333333333333332,57.333333333333336,9.833333333333334,26.333333333333332,9.0,18.333333333333332,9.166666666666666,6.333333333333333,14.666666666666666,22.0,57.833333333333336,2.6666666666666665,10.5,13.833333333333334,9.833333333333334,12.5,4.833333333333333,13.166666666666666,8.833333333333334,0.5,0.6666666666666666,8,9,-1,1890.6391981360089,1840.721109430045,1612.0005275528713,1612.0005275528713
404,2013,3314,59,3107,54,0,23.666666666666668,63.666666666666664,3.5,12.833333333333334,17.166666666666668,10.333333333333334,18.0,13.166666666666666,20.5,22.666666666666668,58.166666666666664,5.166666666666667,17.0,12.833333333333334,12.166666666666666,22.0,9.5,22.666666666666668,4.0,21.6,49.6,2.0,8.8,10.6,12.0,15.0,11.4,15.2,19.2,51.2,2.8,11.2,9.4,11.2,19.0,6.4,19.2,11.8,0.6666666666666666,1.0,3,14,-11,2081.9089050476146,1682.18200271575,1612.0005275528713,1612.0005275528713
405,2013,3323,97,3404,64,0,29.285714285714285,69.28571428571429,4.428571428571429,13.428571428571429,18.0,17.142857142857142,15.285714285714286,9.857142857142858,14.714285714285714,24.857142857142858,63.285714285714285,4.571428571428571,17.142857142857142,13.571428571428571,12.142857142857142,21.0,8.857142857142858,19.857142857142858,16.857142857142858,26.333333333333332,61.666666666666664,9.333333333333334,28.333333333333332,9.666666666666666,12.833333333333334,10.5,6.666666666666667,9.5,25.333333333333332,66.83333333333333,8.166666666666666,27.0,14.833333333333334,17.166666666666668,13.666666666666666,6.666666666666667,15.333333333333334,12.166666666666666,1.0,1.0,1,16,-15,2432.3570620077603,1544.0028618853466,1612.0005275528713,1612.0005275528713
406,2013,3329,73,3177,56,0,25.166666666666668,61.0,3.8333333333333335,10.666666666666666,14.833333333333334,13.166666666666666,13.333333333333334,9.833333333333334,16.333333333333332,21.833333333333332,54.0,5.5,15.833333333333334,12.833333333333334,13.5,16.833333333333332,6.833333333333333,15.166666666666666,2.1666666666666665,25.666666666666668,65.66666666666667,6.0,22.333333333333332,14.5,15.0,14.5,6.333333333333333,14.666666666666666,29.833333333333332,69.5,6.5,16.666666666666668,17.5,16.5,13.666666666666666,6.5,13.833333333333334,-6.333333333333333,0.3333333333333333,0.3333333333333333,7,10,-3,1954.478413057719,1944.8694918778588,1612.0005275528713,1612.0005275528713
407,2013,3336,85,3142,55,0,25.8,62.4,6.6,17.6,13.0,10.8,12.4,9.4,20.4,22.8,52.0,5.6,15.0,9.2,15.0,16.6,6.2,17.6,4.0,24.857142857142858,55.42857142857143,5.428571428571429,13.714285714285714,13.0,13.428571428571429,15.285714285714286,8.0,15.714285714285714,17.714285714285715,51.42857142857143,2.2857142857142856,11.428571428571429,10.0,9.428571428571429,17.142857142857142,5.571428571428571,15.142857142857142,17.714285714285715,0.5,0.75,3,14,-11,2084.3829725718474,1602.7927170292082,1612.0005275528713,1612.0005275528713
408,2013,3345,77,3251,43,0,25.333333333333332,54.0,5.5,13.5,9.833333333333334,18.5,14.166666666666666,8.0,13.166666666666666,23.833333333333332,59.666666666666664,5.0,15.5,11.0,13.666666666666666,14.333333333333334,8.5,16.5,9.333333333333334,22.666666666666668,55.333333333333336,5.5,15.666666666666666,19.0,11.333333333333334,18.5,10.666666666666666,15.166666666666666,16.5,53.833333333333336,5.833333333333333,21.666666666666668,9.833333333333334,8.833333333333334,16.833333333333332,7.333333333333333,19.666666666666668,19.666666666666668,1.0,1.0,4,13,-9,2001.838554692988,1671.2316641009118,1612.0005275528713,1612.0005275528713
409,2013,3390,72,3409,56,1,25.666666666666668,62.5,6.0,21.833333333333332,15.5,13.666666666666666,11.5,6.166666666666667,11.833333333333334,18.5,68.0,3.5,17.166666666666668,19.5,7.833333333333333,12.333333333333334,4.333333333333333,15.5,19.333333333333332,23.75,54.0,4.375,12.75,8.375,11.375,12.625,8.75,16.375,23.5,61.125,6.25,18.625,13.5,12.75,14.625,5.875,19.375,5.875,1.0,1.0,1,16,-15,2398.1250607771763,1590.4470008861224,1612.0005275528713,1612.0005275528713
410,2013,3143,82,3378,78,0,24.4,62.8,4.6,14.6,20.0,9.6,12.8,7.6,15.2,22.4,55.8,4.2,12.6,10.8,9.4,14.8,5.6,18.4,10.0,19.166666666666668,64.5,7.5,26.5,16.0,11.666666666666666,14.0,7.833333333333333,18.5,20.666666666666668,54.5,5.166666666666667,17.166666666666668,12.166666666666666,13.333333333333334,17.833333333333332,5.666666666666667,15.333333333333334,-3.6666666666666665,0.5,0.6666666666666666,2,10,-8,2112.243200144568,1863.819971226525,1612.0005275528713,1612.0005275528713
411,2013,3163,77,3435,44,1,30.571428571428573,64.57142857142857,7.857142857142857,20.857142857142858,14.428571428571429,20.428571428571427,16.428571428571427,9.714285714285714,13.142857142857142,20.285714285714285,62.142857142857146,4.571428571428571,17.0,12.142857142857142,11.714285714285714,16.857142857142858,7.0,15.0,24.142857142857142,20.2,52.2,3.8,12.2,13.2,12.0,18.6,4.4,15.8,19.2,53.4,2.8,11.6,10.8,10.8,16.0,8.8,19.8,4.4,0.5,0.5,1,8,-7,2440.0871227480025,1968.6899883174256,1612.0005275528713,1612.0005275528713
412,2013,3208,65,3235,60,0,20.4,59.0,2.8,16.4,14.2,11.4,14.2,7.8,15.0,19.8,58.6,5.4,18.4,10.8,12.4,14.6,5.8,15.0,1.6,23.714285714285715,55.42857142857143,8.0,21.857142857142858,10.285714285714286,18.285714285714285,15.714285714285714,4.714285714285714,14.142857142857142,24.571428571428573,60.142857142857146,7.0,20.857142857142858,8.428571428571429,14.857142857142858,12.571428571428571,8.857142857142858,17.0,5.714285714285714,0.5,0.75,4,5,-1,2075.4323697277405,2042.228202771299,1612.0005275528713,1612.0005275528713
413,2013,3242,75,3376,69,0,26.5,59.333333333333336,6.833333333333333,17.333333333333332,10.666666666666666,15.833333333333334,16.166666666666668,7.666666666666667,18.0,26.333333333333332,61.666666666666664,7.166666666666667,19.333333333333332,11.833333333333334,15.666666666666666,13.5,9.0,15.666666666666666,-1.8333333333333333,21.8,55.2,3.8,12.4,17.0,12.0,12.6,8.0,15.4,18.8,49.0,2.6,10.0,9.2,9.6,16.2,4.2,20.2,10.4,0.6666666666666666,0.5,12,4,8,1925.0068036298524,2015.8079877372816,1612.0005275528713,1612.0005275528713
414,2013,3268,74,3277,49,1,28.4,64.0,6.0,16.2,17.2,16.2,16.4,5.2,19.2,25.0,57.0,4.6,11.8,12.4,12.2,15.6,8.2,18.2,2.8,23.0,57.166666666666664,4.333333333333333,15.333333333333334,12.166666666666666,13.333333333333334,15.333333333333334,7.5,14.5,20.666666666666668,53.666666666666664,5.0,16.333333333333332,9.333333333333334,12.333333333333334,15.5,7.0,11.833333333333334,2.5,0.5,0.6666666666666666,4,5,-1,2120.4029569117624,1979.2696813380444,1612.0005275528713,1612.0005275528713
415,2013,3304,74,3401,63,-1,24.6,59.6,4.8,18.0,12.2,14.0,14.2,6.4,13.2,24.6,58.4,5.2,16.0,11.2,11.0,15.6,8.4,16.0,1.8,24.833333333333332,62.666666666666664,1.6666666666666667,7.5,13.5,14.333333333333334,11.833333333333334,7.833333333333333,15.166666666666666,25.5,60.833333333333336,4.166666666666667,12.833333333333334,12.5,12.0,15.0,4.833333333333333,15.5,-2.3333333333333335,0.5,1.0,6,3,3,2013.4733190226527,2139.320147159884,1612.0005275528713,1612.0005275528713
416,2013,3328,85,3417,72,0,23.833333333333332,58.166666666666664,6.333333333333333,21.0,9.833333333333334,11.666666666666666,15.166666666666666,6.0,18.166666666666668,28.5,63.5,6.666666666666667,16.833333333333332,14.333333333333334,16.333333333333332,14.5,6.333333333333333,20.166666666666668,-8.166666666666666,23.0,57.666666666666664,2.6666666666666665,9.0,13.666666666666666,15.5,15.5,8.333333333333334,16.833333333333332,18.333333333333332,54.333333333333336,3.6666666666666665,17.666666666666668,11.166666666666666,8.333333333333334,16.666666666666668,8.0,16.0,7.5,0.6666666666666666,0.6666666666666666,6,3,3,2028.1493118785884,2002.1836417411057,1612.0005275528713,1612.0005275528713
417,2013,3397,68,3166,52,1,24.6,57.0,4.2,11.8,12.8,9.8,18.0,4.4,12.6,29.0,71.8,5.2,15.0,14.8,16.8,10.2,9.4,17.8,1.6,24.833333333333332,61.166666666666664,8.666666666666666,28.833333333333332,12.5,17.833333333333332,12.666666666666666,8.333333333333334,12.166666666666666,21.666666666666668,55.5,6.0,15.5,11.5,12.333333333333334,16.833333333333332,6.833333333333333,11.333333333333334,9.5,0.5,0.75,2,10,-8,2201.7793178071597,1817.5870417838585,1612.0005275528713,1612.0005275528713
418,2013,3124,85,3199,47,1,32.142857142857146,57.57142857142857,2.7142857142857144,7.0,10.0,22.0,14.571428571428571,7.857142857142857,11.571428571428571,20.571428571428573,61.0,7.714285714285714,22.285714285714285,12.571428571428571,11.714285714285714,16.285714285714285,7.714285714285714,15.142857142857142,23.428571428571427,23.8,60.4,4.8,14.2,13.2,14.0,13.8,8.6,15.8,26.4,63.2,4.4,14.8,18.6,15.8,16.8,6.4,14.8,-4.8,1.0,0.5,1,8,-7,2481.091129965945,1947.1725424844904,1612.0005275528713,1612.0005275528713
419,2013,3174,78,3314,69,1,24.714285714285715,59.142857142857146,4.428571428571429,11.285714285714286,15.428571428571429,13.571428571428571,10.142857142857142,6.428571428571429,11.857142857142858,20.857142857142858,58.57142857142857,5.857142857142857,21.142857142857142,13.714285714285714,11.857142857142858,12.142857142857142,5.571428571428571,15.571428571428571,13.571428571428571,23.666666666666668,63.666666666666664,3.5,12.833333333333334,17.166666666666668,10.333333333333334,18.0,13.166666666666666,20.5,22.666666666666668,58.166666666666664,5.166666666666667,17.0,12.833333333333334,12.166666666666666,22.0,9.5,22.666666666666668,4.0,1.0,0.6666666666666666,6,3,3,2026.053802251904,2081.9089050476146,1612.0005275528713,1612.0005275528713
420,2013,3181,68,3329,59,1,27.0,57.666666666666664,5.333333333333333,13.666666666666666,14.166666666666666,13.833333333333334,18.166666666666668,7.0,14.666666666666666,23.666666666666668,66.33333333333333,5.333333333333333,18.666666666666668,18.5,12.333333333333334,14.5,9.333333333333334,16.833333333333332,9.666666666666666,25.166666666666668,61.0,3.8333333333333335,10.666666666666666,14.833333333333334,13.166666666666666,13.333333333333334,9.833333333333334,16.333333333333332,21.833333333333332,54.0,5.5,15.833333333333334,12.833333333333334,13.5,16.833333333333332,6.833333333333333,15.166666666666666,2.1666666666666665,1.0,0.3333333333333333,2,7,-5,2303.504929241547,1954.478413057719,1612.0005275528713,1612.0005275528713
421,2013,3246,84,3173,70,0,28.0,69.33333333333333,6.666666666666667,19.833333333333332,16.166666666666668,13.666666666666666,13.333333333333334,11.833333333333334,19.0,23.333333333333332,57.166666666666664,4.0,11.833333333333334,14.5,10.666666666666666,21.5,5.166666666666667,17.0,9.666666666666666,24.8,60.0,6.6,18.0,13.6,14.8,13.2,9.0,14.0,22.4,59.6,4.0,12.6,14.6,13.4,18.4,5.6,16.2,11.0,0.6666666666666666,0.5,2,7,-5,2173.1271535218834,1992.790135042823,1612.0005275528713,1612.0005275528713
422,2013,3257,76,3345,63,1,21.6,55.4,4.6,18.4,12.6,13.0,16.8,8.6,16.4,22.0,54.0,5.0,14.2,12.0,13.0,16.4,8.2,16.2,-2.4,25.333333333333332,54.0,5.5,13.5,9.833333333333334,18.5,14.166666666666666,8.0,13.166666666666666,23.833333333333332,59.666666666666664,5.0,15.5,11.0,13.666666666666666,14.333333333333334,8.5,16.5,9.333333333333334,0.3333333333333333,1.0,5,4,1,2100.5410407939826,2001.838554692988,1612.0005275528713,1612.0005275528713
423,2013,3261,71,3336,66,1,24.2,58.6,4.8,14.6,13.0,13.2,15.6,7.2,13.6,23.8,63.2,3.8,18.2,14.0,13.2,14.4,8.2,17.2,7.8,25.8,62.4,6.6,17.6,13.0,10.8,12.4,9.4,20.4,22.8,52.0,5.6,15.0,9.2,15.0,16.6,6.2,17.6,4.0,0.5,0.5,6,3,3,2011.405540253353,2084.3829725718474,1612.0005275528713,1612.0005275528713
424,2013,3323,74,3234,57,-1,29.285714285714285,69.28571428571429,4.428571428571429,13.428571428571429,18.0,17.142857142857142,15.285714285714286,9.857142857142858,14.714285714285714,24.857142857142858,63.285714285714285,4.571428571428571,17.142857142857142,13.571428571428571,12.142857142857142,21.0,8.857142857142858,19.857142857142858,16.857142857142858,23.2,58.4,5.8,21.0,12.0,15.2,16.0,9.0,14.8,23.4,58.6,5.6,17.0,12.8,14.6,17.4,7.6,14.0,-1.6,1.0,0.5,1,9,-8,2432.3570620077603,1918.2376327158472,1612.0005275528713,1612.0005275528713
425,2013,3390,73,3276,40,1,25.666666666666668,62.5,6.0,21.833333333333332,15.5,13.666666666666666,11.5,6.166666666666667,11.833333333333334,18.5,68.0,3.5,17.166666666666668,19.5,7.833333333333333,12.333333333333334,4.333333333333333,15.5,19.333333333333332,21.4,53.0,4.6,18.4,10.8,13.6,12.0,5.4,12.4,22.2,52.8,5.0,15.0,10.4,15.2,11.8,5.4,14.2,-1.2,1.0,0.5,1,8,-7,2398.1250607771763,1890.6391981360089,1612.0005275528713,1612.0005275528713
426,2013,3143,73,3261,63,0,24.4,62.8,4.6,14.6,20.0,9.6,12.8,7.6,15.2,22.4,55.8,4.2,12.6,10.8,9.4,14.8,5.6,18.4,10.0,24.2,58.6,4.8,14.6,13.0,13.2,15.6,7.2,13.6,23.8,63.2,3.8,18.2,14.0,13.2,14.4,8.2,17.2,7.8,0.5,0.5,2,6,-4,2112.243200144568,2011.405540253353,1612.0005275528713,1612.0005275528713
427,2013,3163,76,3268,50,1,30.571428571428573,64.57142857142857,7.857142857142857,20.857142857142858,14.428571428571429,20.428571428571427,16.428571428571427,9.714285714285714,13.142857142857142,20.285714285714285,62.142857142857146,4.571428571428571,17.0,12.142857142857142,11.714285714285714,16.857142857142858,7.0,15.0,24.142857142857142,28.4,64.0,6.0,16.2,17.2,16.2,16.4,5.2,19.2,25.0,57.0,4.6,11.8,12.4,12.2,15.6,8.2,18.2,2.8,0.5,0.5,1,4,-3,2440.0871227480025,2120.4029569117624,1612.0005275528713,1612.0005275528713
428,2013,3208,61,3390,59,0,20.4,59.0,2.8,16.4,14.2,11.4,14.2,7.8,15.0,19.8,58.6,5.4,18.4,10.8,12.4,14.6,5.8,15.0,1.6,25.666666666666668,62.5,6.0,21.833333333333332,15.5,13.666666666666666,11.5,6.166666666666667,11.833333333333334,18.5,68.0,3.5,17.166666666666668,19.5,7.833333333333333,12.333333333333334,4.333333333333333,15.5,19.333333333333332,0.5,1.0,4,1,3,2075.4323697277405,2398.1250607771763,1612.0005275528713,1612.0005275528713
429,2013,3246,69,3174,62,0,28.0,69.33333333333333,6.666666666666667,19.833333333333332,16.166666666666668,13.666666666666666,13.333333333333334,11.833333333333334,19.0,23.333333333333332,57.166666666666664,4.0,11.833333333333334,14.5,10.666666666666666,21.5,5.166666666666667,17.0,9.666666666666666,24.714285714285715,59.142857142857146,4.428571428571429,11.285714285714286,15.428571428571429,13.571428571428571,10.142857142857142,6.428571428571429,11.857142857142858,20.857142857142858,58.57142857142857,5.857142857142857,21.142857142857142,13.714285714285714,11.857142857142858,12.142857142857142,5.571428571428571,15.571428571428571,13.571428571428571,0.6666666666666666,1.0,2,6,-4,2173.1271535218834,2026.053802251904,1612.0005275528713,1612.0005275528713
430,2013,3181,53,3304,45,0,27.0,57.666666666666664,5.333333333333333,13.666666666666666,14.166666666666666,13.833333333333334,18.166666666666668,7.0,14.666666666666666,23.666666666666668,66.33333333333333,5.333333333333333,18.666666666666668,18.5,12.333333333333334,14.5,9.333333333333334,16.833333333333332,9.666666666666666,24.6,59.6,4.8,18.0,12.2,14.0,14.2,6.4,13.2,24.6,58.4,5.2,16.0,11.2,11.0,15.6,8.4,16.0,1.8,1.0,0.5,2,6,-4,2303.504929241547,2013.4733190226527,1612.0005275528713,1612.0005275528713
431,2013,3257,82,3124,81,0,21.6,55.4,4.6,18.4,12.6,13.0,16.8,8.6,16.4,22.0,54.0,5.0,14.2,12.0,13.0,16.4,8.2,16.2,-2.4,32.142857142857146,57.57142857142857,2.7142857142857144,7.0,10.0,22.0,14.571428571428571,7.857142857142857,11.571428571428571,20.571428571428573,61.0,7.714285714285714,22.285714285714285,12.571428571428571,11.714285714285714,16.285714285714285,7.714285714285714,15.142857142857142,23.428571428571427,0.3333333333333333,1.0,5,1,4,2100.5410407939826,2481.091129965945,1612.0005275528713,1612.0005275528713
432,2013,3323,93,3242,63,0,29.285714285714285,69.28571428571429,4.428571428571429,13.428571428571429,18.0,17.142857142857142,15.285714285714286,9.857142857142858,14.714285714285714,24.857142857142858,63.285714285714285,4.571428571428571,17.142857142857142,13.571428571428571,12.142857142857142,21.0,8.857142857142858,19.857142857142858,16.857142857142858,26.5,59.333333333333336,6.833333333333333,17.333333333333332,10.666666666666666,15.833333333333334,16.166666666666668,7.666666666666667,18.0,26.333333333333332,61.666666666666664,7.166666666666667,19.333333333333332,11.833333333333334,15.666666666666666,13.5,9.0,15.666666666666666,-1.8333333333333333,1.0,0.6666666666666666,1,12,-11,2432.3570620077603,1925.0068036298524,1612.0005275528713,1612.0005275528713
433,2013,3397,74,3328,59,0,24.6,57.0,4.2,11.8,12.8,9.8,18.0,4.4,12.6,29.0,71.8,5.2,15.0,14.8,16.8,10.2,9.4,17.8,1.6,23.833333333333332,58.166666666666664,6.333333333333333,21.0,9.833333333333334,11.666666666666666,15.166666666666666,6.0,18.166666666666668,28.5,63.5,6.666666666666667,16.833333333333332,14.333333333333334,16.333333333333332,14.5,6.333333333333333,20.166666666666668,-8.166666666666666,0.5,0.6666666666666666,2,6,-4,2201.7793178071597,2028.1493118785884,1612.0005275528713,1612.0005275528713
434,2013,3143,65,3208,62,0,24.4,62.8,4.6,14.6,20.0,9.6,12.8,7.6,15.2,22.4,55.8,4.2,12.6,10.8,9.4,14.8,5.6,18.4,10.0,20.4,59.0,2.8,16.4,14.2,11.4,14.2,7.8,15.0,19.8,58.6,5.4,18.4,10.8,12.4,14.6,5.8,15.0,1.6,0.5,0.5,2,4,-2,2112.243200144568,2075.4323697277405,1612.0005275528713,1612.0005275528713
435,2013,3163,83,3246,53,1,30.571428571428573,64.57142857142857,7.857142857142857,20.857142857142858,14.428571428571429,20.428571428571427,16.428571428571427,9.714285714285714,13.142857142857142,20.285714285714285,62.142857142857146,4.571428571428571,17.0,12.142857142857142,11.714285714285714,16.857142857142858,7.0,15.0,24.142857142857142,28.0,69.33333333333333,6.666666666666667,19.833333333333332,16.166666666666668,13.666666666666666,13.333333333333334,11.833333333333334,19.0,23.333333333333332,57.166666666666664,4.0,11.833333333333334,14.5,10.666666666666666,21.5,5.166666666666667,17.0,9.666666666666666,0.5,0.6666666666666666,1,2,-1,2440.0871227480025,2173.1271535218834,1612.0005275528713,1612.0005275528713
436,2013,3257,86,3397,78,0,21.6,55.4,4.6,18.4,12.6,13.0,16.8,8.6,16.4,22.0,54.0,5.0,14.2,12.0,13.0,16.4,8.2,16.2,-2.4,24.6,57.0,4.2,11.8,12.8,9.8,18.0,4.4,12.6,29.0,71.8,5.2,15.0,14.8,16.8,10.2,9.4,17.8,1.6,0.3333333333333333,0.5,5,2,3,2100.5410407939826,2201.7793178071597,1612.0005275528713,1612.0005275528713
437,2013,3323,87,3181,76,0,29.285714285714285,69.28571428571429,4.428571428571429,13.428571428571429,18.0,17.142857142857142,15.285714285714286,9.857142857142858,14.714285714285714,24.857142857142858,63.285714285714285,4.571428571428571,17.142857142857142,13.571428571428571,12.142857142857142,21.0,8.857142857142858,19.857142857142858,16.857142857142858,27.0,57.666666666666664,5.333333333333333,13.666666666666666,14.166666666666666,13.833333333333334,18.166666666666668,7.0,14.666666666666666,23.666666666666668,66.33333333333333,5.333333333333333,18.666666666666668,18.5,12.333333333333334,14.5,9.333333333333334,16.833333333333332,9.666666666666666,1.0,1.0,1,2,-1,2432.3570620077603,2303.504929241547,1612.0005275528713,1612.0005275528713
438,2013,3163,83,3323,65,0,30.571428571428573,64.57142857142857,7.857142857142857,20.857142857142858,14.428571428571429,20.428571428571427,16.428571428571427,9.714285714285714,13.142857142857142,20.285714285714285,62.142857142857146,4.571428571428571,17.0,12.142857142857142,11.714285714285714,16.857142857142858,7.0,15.0,24.142857142857142,29.285714285714285,69.28571428571429,4.428571428571429,13.428571428571429,18.0,17.142857142857142,15.285714285714286,9.857142857142858,14.714285714285714,24.857142857142858,63.285714285714285,4.571428571428571,17.142857142857142,13.571428571428571,12.142857142857142,21.0,8.857142857142858,19.857142857142858,16.857142857142858,0.5,1.0,1,1,0,2440.0871227480025,2432.3570620077603,1612.0005275528713,1612.0005275528713
439,2013,3257,64,3143,57,0,21.6,55.4,4.6,18.4,12.6,13.0,16.8,8.6,16.4,22.0,54.0,5.0,14.2,12.0,13.0,16.4,8.2,16.2,-2.4,24.4,62.8,4.6,14.6,20.0,9.6,12.8,7.6,15.2,22.4,55.8,4.2,12.6,10.8,9.4,14.8,5.6,18.4,10.0,0.3333333333333333,0.5,5,2,3,2100.5410407939826,2112.243200144568,1612.0005275528713,1612.0005275528713
440,2013,3163,93,3257,60,0,30.571428571428573,64.57142857142857,7.857142857142857,20.857142857142858,14.428571428571429,20.428571428571427,16.428571428571427,9.714285714285714,13.142857142857142,20.285714285714285,62.142857142857146,4.571428571428571,17.0,12.142857142857142,11.714285714285714,16.857142857142858,7.0,15.0,24.142857142857142,21.6,55.4,4.6,18.4,12.6,13.0,16.8,8.6,16.4,22.0,54.0,5.0,14.2,12.0,13.0,16.4,8.2,16.2,-2.4,0.5,0.3333333333333333,1,5,-4,2440.0871227480025,2100.5410407939826,1612.0005275528713,1612.0005275528713
441,2013,3201,76,3143,90,0,27.428571428571427,66.0,9.428571428571429,26.142857142857142,13.428571428571429,19.0,11.571428571428571,13.857142857142858,11.857142857142858,23.285714285714285,57.57142857142857,4.571428571428571,15.0,11.571428571428571,13.428571428571429,20.571428571428573,4.857142857142857,11.714285714285714,14.285714285714286,24.4,62.8,4.6,14.6,20.0,9.6,12.8,7.6,15.2,22.4,55.8,4.2,12.6,10.8,9.4,14.8,5.6,18.4,10.0,1.0,0.5,15,2,13,1786.7871536790976,2112.243200144568,1612.0005275528713,1612.0005275528713
442,2013,3225,37,3163,105,-1,24.0,57.5,6.666666666666667,22.0,11.166666666666666,10.333333333333334,16.833333333333332,5.666666666666667,14.333333333333334,23.5,65.83333333333333,5.333333333333333,18.666666666666668,14.666666666666666,8.666666666666666,13.666666666666666,9.0,17.333333333333332,5.0,30.571428571428573,64.57142857142857,7.857142857142857,20.857142857142858,14.428571428571429,20.428571428571427,16.428571428571427,9.714285714285714,13.142857142857142,20.285714285714285,62.142857142857146,4.571428571428571,17.0,12.142857142857142,11.714285714285714,16.857142857142858,7.0,15.0,24.142857142857142,0.75,0.5,16,1,15,1479.2606004857662,2440.0871227480025,1612.0005275528713,1612.0005275528713
443,2013,3393,56,3166,61,0,24.666666666666668,62.166666666666664,5.0,16.666666666666668,14.666666666666666,14.333333333333334,15.666666666666666,7.166666666666667,12.166666666666666,23.666666666666668,64.0,8.5,26.833333333333332,13.666666666666666,17.666666666666668,13.666666666666666,7.833333333333333,14.666666666666666,-2.0,24.833333333333332,61.166666666666664,8.666666666666666,28.833333333333332,12.5,17.833333333333332,12.666666666666666,8.333333333333334,12.166666666666666,21.666666666666668,55.5,6.0,15.5,11.5,12.333333333333334,16.833333333333332,6.833333333333333,11.333333333333334,9.5,0.6666666666666666,0.75,7,10,-3,1942.2684884661596,1817.5870417838585,1612.0005275528713,1612.0005275528713
444,2013,3285,50,3208,70,0,23.333333333333332,61.666666666666664,6.5,18.0,15.166666666666666,16.833333333333332,14.833333333333334,10.5,13.166666666666666,20.166666666666668,55.5,5.0,16.833333333333332,11.166666666666666,12.5,16.833333333333332,9.833333333333334,15.833333333333334,8.666666666666666,20.4,59.0,2.8,16.4,14.2,11.4,14.2,7.8,15.0,19.8,58.6,5.4,18.4,10.8,12.4,14.6,5.8,15.0,1.6,0.75,0.5,13,4,9,1614.0207403839545,2075.4323697277405,1612.0005275528713,1612.0005275528713
445,2013,3211,60,3235,72,0,23.0,58.25,3.0,14.5,13.75,11.75,14.5,9.25,13.5,19.5,52.75,2.25,12.75,9.5,9.75,19.0,7.25,17.5,11.25,23.714285714285715,55.42857142857143,8.0,21.857142857142858,10.285714285714286,18.285714285714285,15.714285714285714,4.714285714285714,14.142857142857142,24.571428571428573,60.142857142857146,7.0,20.857142857142858,8.428571428571429,14.857142857142858,12.571428571428571,8.857142857142858,17.0,5.714285714285714,1.0,0.75,12,5,7,2001.914254754076,2042.228202771299,1612.0005275528713,1612.0005275528713
446,2013,3160,52,3242,67,1,23.8,66.4,4.0,12.6,17.6,11.8,13.0,7.8,17.2,19.8,56.0,5.2,16.2,10.6,10.4,13.4,8.0,14.6,3.8,26.5,59.333333333333336,6.833333333333333,17.333333333333332,10.666666666666666,15.833333333333334,16.166666666666668,7.666666666666667,18.0,26.333333333333332,61.666666666666664,7.166666666666667,19.333333333333332,11.833333333333334,15.666666666666666,13.5,9.0,15.666666666666666,-1.8333333333333333,0.5,0.6666666666666666,5,12,-7,1900.9833214792689,1925.0068036298524,1612.0005275528713,1612.0005275528713
447,2013,3346,52,3268,72,-1,25.285714285714285,63.142857142857146,6.571428571428571,19.428571428571427,14.428571428571429,17.857142857142858,13.285714285714286,12.571428571428571,13.714285714285714,20.142857142857142,56.142857142857146,3.7142857142857144,14.857142857142858,12.571428571428571,12.571428571428571,22.285714285714285,6.428571428571429,16.428571428571427,18.285714285714285,28.4,64.0,6.0,16.2,17.2,16.2,16.4,5.2,19.2,25.0,57.0,4.6,11.8,12.4,12.2,15.6,8.2,18.2,2.8,1.0,0.5,13,4,9,1691.574540379495,2120.4029569117624,1612.0005275528713,1612.0005275528713
448,2013,3265,47,3277,55,0,25.333333333333332,57.833333333333336,8.0,23.0,13.166666666666666,19.333333333333332,11.833333333333334,8.0,11.5,16.833333333333332,52.833333333333336,3.1666666666666665,16.666666666666668,10.666666666666666,7.833333333333333,16.333333333333332,6.666666666666667,15.0,26.833333333333332,23.0,57.166666666666664,4.333333333333333,15.333333333333334,12.166666666666666,13.333333333333334,15.333333333333334,7.5,14.5,20.666666666666668,53.666666666666664,5.0,16.333333333333332,9.333333333333334,12.333333333333334,15.5,7.0,11.833333333333334,2.5,1.0,0.6666666666666666,12,5,7,1835.6051445577289,1979.2696813380444,1612.0005275528713,1612.0005275528713
449,2013,3151,59,3304,73,0,27.166666666666668,60.833333333333336,5.833333333333333,18.333333333333332,13.5,15.166666666666666,10.666666666666666,9.166666666666666,13.333333333333334,20.166666666666668,53.333333333333336,3.6666666666666665,12.333333333333334,9.0,9.833333333333334,15.666666666666666,4.5,17.666666666666668,17.666666666666668,24.6,59.6,4.8,18.0,12.2,14.0,14.2,6.4,13.2,24.6,58.4,5.2,16.0,11.2,11.0,15.6,8.4,16.0,1.8,1.0,0.5,11,6,5,1766.9512233207415,2013.4733190226527,1612.0005275528713,1612.0005275528713
450,2013,3141,73,3328,78,0,26.571428571428573,63.857142857142854,6.857142857142857,21.428571428571427,14.142857142857142,12.714285714285714,14.142857142857142,10.142857142857142,13.857142857142858,24.285714285714285,61.285714285714285,6.0,18.714285714285715,13.285714285714286,13.0,16.714285714285715,5.428571428571429,15.0,9.571428571428571,23.833333333333332,58.166666666666664,6.333333333333333,21.0,9.833333333333334,11.666666666666666,15.166666666666666,6.0,18.166666666666668,28.5,63.5,6.666666666666667,16.833333333333332,14.333333333333334,16.333333333333332,14.5,6.333333333333333,20.166666666666668,-8.166666666666666,1.0,0.6666666666666666,11,6,5,1709.8798743764696,2028.1493118785884,1612.0005275528713,1612.0005275528713
451,2013,3355,52,3376,74,0,27.25,58.5,4.25,15.5,9.75,19.0,12.0,8.75,16.5,20.0,56.5,5.5,20.0,9.5,9.5,14.25,6.5,16.75,17.0,21.8,55.2,3.8,12.4,17.0,12.0,12.6,8.0,15.4,18.8,49.0,2.6,10.0,9.2,9.6,16.2,4.2,20.2,10.4,1.0,0.5,13,4,9,1753.9265997288928,2015.8079877372816,1612.0005275528713,1612.0005275528713
452,2013,3403,70,3378,71,1,22.8,58.4,6.0,17.4,14.8,10.0,12.8,9.0,15.0,24.4,50.2,6.4,13.4,8.8,13.4,18.2,7.6,16.8,-1.0,19.166666666666668,64.5,7.5,26.5,16.0,11.666666666666666,14.0,7.833333333333333,18.5,20.666666666666668,54.5,5.166666666666667,17.166666666666668,12.166666666666666,13.333333333333334,17.833333333333332,5.666666666666667,15.333333333333334,-3.6666666666666665,0.0,0.6666666666666666,7,10,-3,1938.451575260786,1863.819971226525,1612.0005275528713,1612.0005275528713
453,2013,3331,62,3397,83,-1,24.2,55.2,7.4,17.0,9.8,13.6,16.4,10.6,17.8,20.6,55.8,5.8,19.8,12.6,10.8,17.0,7.4,16.0,7.2,24.6,57.0,4.2,11.8,12.8,9.8,18.0,4.4,12.6,29.0,71.8,5.2,15.0,14.8,16.8,10.2,9.4,17.8,1.6,1.0,0.5,15,2,13,1571.042805104028,2201.7793178071597,1612.0005275528713,1612.0005275528713
454,2013,3455,45,3401,71,-1,27.571428571428573,60.42857142857143,4.285714285714286,13.285714285714286,12.857142857142858,14.428571428571429,10.0,8.571428571428571,16.0,22.571428571428573,53.42857142857143,4.142857142857143,11.142857142857142,10.714285714285714,10.142857142857142,14.285714285714286,5.142857142857143,15.0,8.857142857142858,24.833333333333332,62.666666666666664,1.6666666666666667,7.5,13.5,14.333333333333334,11.833333333333334,7.833333333333333,15.166666666666666,25.5,60.833333333333336,4.166666666666667,12.833333333333334,12.5,12.0,15.0,4.833333333333333,15.5,-2.3333333333333335,1.0,1.0,14,3,11,1752.4199678293426,2139.320147159884,1612.0005275528713,1612.0005275528713
455,2013,3391,49,3417,66,0,24.666666666666668,57.666666666666664,3.8333333333333335,15.0,12.0,10.5,11.666666666666666,8.166666666666666,13.333333333333334,21.5,59.833333333333336,4.333333333333333,17.333333333333332,13.166666666666666,11.166666666666666,14.0,6.5,16.333333333333332,9.5,23.0,57.666666666666664,2.6666666666666665,9.0,13.666666666666666,15.5,15.5,8.333333333333334,16.833333333333332,18.333333333333332,54.333333333333336,3.6666666666666665,17.666666666666668,11.166666666666666,8.333333333333334,16.666666666666668,8.0,16.0,7.5,1.0,0.6666666666666666,14,3,11,1539.9075593118246,2002.1836417411057,1612.0005275528713,1612.0005275528713
456,2013,3386,54,3435,60,0,24.166666666666668,57.666666666666664,5.0,12.666666666666666,12.666666666666666,15.333333333333334,13.5,6.666666666666667,17.0,21.0,59.333333333333336,4.666666666666667,15.666666666666666,13.666666666666666,10.333333333333334,13.833333333333334,7.333333333333333,17.666666666666668,7.333333333333333,20.2,52.2,3.8,12.2,13.2,12.0,18.6,4.4,15.8,19.2,53.4,2.8,11.6,10.8,10.8,16.0,8.8,19.8,4.4,1.0,0.5,9,8,1,1830.4512377975252,1968.6899883174256,1612.0005275528713,1612.0005275528713
457,2013,3341,40,3124,82,-1,23.0,57.714285714285715,4.285714285714286,11.0,13.285714285714286,13.428571428571429,15.142857142857142,10.714285714285714,16.857142857142858,19.285714285714285,53.57142857142857,3.5714285714285716,12.0,13.857142857142858,8.714285714285714,19.285714285714285,7.142857142857143,15.857142857142858,8.571428571428571,32.142857142857146,57.57142857142857,2.7142857142857144,7.0,10.0,22.0,14.571428571428571,7.857142857142857,11.571428571428571,20.571428571428573,61.0,7.714285714285714,22.285714285714285,12.571428571428571,11.714285714285714,16.285714285714285,7.714285714285714,15.142857142857142,23.428571428571427,1.0,1.0,16,1,15,1360.1453718242244,2481.091129965945,1612.0005275528713,1612.0005275528713
458,2013,3385,90,3173,96,1,19.5,50.0,2.5,9.5,10.666666666666666,10.333333333333334,13.833333333333334,6.166666666666667,14.333333333333334,20.833333333333332,56.5,3.5,13.5,14.166666666666666,12.166666666666666,15.0,6.666666666666667,17.833333333333332,3.1666666666666665,24.8,60.0,6.6,18.0,13.6,14.8,13.2,9.0,14.0,22.4,59.6,4.0,12.6,14.6,13.4,18.4,5.6,16.2,11.0,0.6666666666666666,0.5,10,7,3,1945.696241818256,1992.790135042823,1612.0005275528713,1612.0005275528713
459,2013,3452,53,3174,66,-1,20.4,63.4,7.0,21.2,17.0,11.2,14.8,8.0,21.0,21.2,52.2,4.4,16.0,12.6,10.4,17.4,6.6,16.0,-5.2,24.714285714285715,59.142857142857146,4.428571428571429,11.285714285714286,15.428571428571429,13.571428571428571,10.142857142857142,6.428571428571429,11.857142857142858,20.857142857142858,58.57142857142857,5.857142857142857,21.142857142857142,13.714285714285714,11.857142857142858,12.142857142857142,5.571428571428571,15.571428571428571,13.571428571428571,0.0,1.0,11,6,5,1939.2258461405788,2026.053802251904,1612.0005275528713,1612.0005275528713
460,2013,3214,51,3181,67,-1,22.714285714285715,58.285714285714285,3.857142857142857,14.857142857142858,15.714285714285714,11.714285714285714,12.142857142857142,8.714285714285714,16.428571428571427,13.142857142857142,50.0,1.2857142857142858,8.571428571428571,13.571428571428571,5.857142857142857,20.0,4.428571428571429,17.428571428571427,25.285714285714285,27.0,57.666666666666664,5.333333333333333,13.666666666666666,14.166666666666666,13.833333333333334,18.166666666666668,7.0,14.666666666666666,23.666666666666668,66.33333333333333,5.333333333333333,18.666666666666668,18.5,12.333333333333334,14.5,9.333333333333334,16.833333333333332,9.666666666666666,1.0,1.0,15,2,13,1743.1339548268322,2303.504929241547,1612.0005275528713,1612.0005275528713
461,2013,3343,44,3199,60,0,24.0,59.666666666666664,5.0,16.166666666666668,14.333333333333334,15.166666666666666,13.166666666666666,9.166666666666666,12.0,18.333333333333332,53.833333333333336,3.3333333333333335,13.833333333333334,8.833333333333334,6.666666666666667,16.5,5.666666666666667,15.0,18.0,23.8,60.4,4.8,14.2,13.2,14.0,13.8,8.6,15.8,26.4,63.2,4.4,14.8,18.6,15.8,16.8,6.4,14.8,-4.8,1.0,0.5,9,8,1,1784.7905352993755,1947.1725424844904,1612.0005275528713,1612.0005275528713
462,2013,3274,53,3234,69,-1,19.8,59.0,2.8,11.8,16.6,12.2,18.6,7.2,17.6,21.6,60.6,3.0,11.0,12.2,11.2,14.6,8.2,18.6,2.4,23.2,58.4,5.8,21.0,12.0,15.2,16.0,9.0,14.8,23.4,58.6,5.6,17.0,12.8,14.6,17.4,7.6,14.0,-1.6,0.5,0.5,8,9,-1,1981.823859169892,1918.2376327158472,1612.0005275528713,1612.0005275528713
463,2013,3298,41,3246,61,0,22.5,58.0,7.666666666666667,26.166666666666668,13.333333333333334,15.333333333333334,11.166666666666666,7.333333333333333,9.833333333333334,19.5,55.166666666666664,5.5,16.0,12.666666666666666,11.0,14.833333333333334,5.0,11.833333333333334,9.666666666666666,28.0,69.33333333333333,6.666666666666667,19.833333333333332,16.166666666666668,13.666666666666666,13.333333333333334,11.833333333333334,19.0,23.333333333333332,57.166666666666664,4.0,11.833333333333334,14.5,10.666666666666666,21.5,5.166666666666667,17.0,9.666666666666666,1.0,0.6666666666666666,15,2,13,1486.8717885308463,2173.1271535218834,1612.0005275528713,1612.0005275528713
464,2013,3292,49,3257,74,-1,22.5,55.333333333333336,8.0,22.333333333333332,15.666666666666666,13.833333333333334,14.333333333333334,5.666666666666667,13.166666666666666,22.0,58.5,2.8333333333333335,11.666666666666666,13.5,11.0,14.5,6.333333333333333,19.666666666666668,12.833333333333334,21.6,55.4,4.6,18.4,12.6,13.0,16.8,8.6,16.4,22.0,54.0,5.0,14.2,12.0,13.0,16.4,8.2,16.2,-2.4,1.0,0.3333333333333333,12,5,7,1846.396254782855,2100.5410407939826,1612.0005275528713,1612.0005275528713
465,2013,3453,71,3261,75,-1,24.25,53.75,10.0,26.25,8.625,19.25,12.0,8.875,14.875,16.375,50.625,4.375,19.625,11.375,9.75,17.75,5.875,17.0,23.125,24.2,58.6,4.8,14.6,13.0,13.2,15.6,7.2,13.6,23.8,63.2,3.8,18.2,14.0,13.2,14.4,8.2,17.2,7.8,1.0,0.5,11,6,5,2024.755208835073,2011.405540253353,1612.0005275528713,1612.0005275528713
466,2013,3437,52,3276,60,0,23.333333333333332,57.333333333333336,9.833333333333334,26.333333333333332,9.0,18.333333333333332,9.166666666666666,6.333333333333333,14.666666666666666,22.0,57.833333333333336,2.6666666666666665,10.5,13.833333333333334,9.833333333333334,12.5,4.833333333333333,13.166666666666666,8.833333333333334,21.4,53.0,4.6,18.4,10.8,13.6,12.0,5.4,12.4,22.2,52.8,5.0,15.0,10.4,15.2,11.8,5.4,14.2,-1.2,0.6666666666666666,0.5,9,8,1,1840.721109430045,1890.6391981360089,1612.0005275528713,1612.0005275528713
467,2013,3107,54,3314,59,0,21.6,49.6,2.0,8.8,10.6,12.0,15.0,11.4,15.2,19.2,51.2,2.8,11.2,9.4,11.2,19.0,6.4,19.2,11.8,23.666666666666668,63.666666666666664,3.5,12.833333333333334,17.166666666666668,10.333333333333334,18.0,13.166666666666666,20.5,22.666666666666668,58.166666666666664,5.166666666666667,17.0,12.833333333333334,12.166666666666666,22.0,9.5,22.666666666666668,4.0,1.0,0.6666666666666666,14,3,11,1682.18200271575,2081.9089050476146,1612.0005275528713,1612.0005275528713
468,2013,3404,64,3323,97,0,26.333333333333332,61.666666666666664,9.333333333333334,28.333333333333332,9.666666666666666,12.833333333333334,10.5,6.666666666666667,9.5,25.333333333333332,66.83333333333333,8.166666666666666,27.0,14.833333333333334,17.166666666666668,13.666666666666666,6.666666666666667,15.333333333333334,12.166666666666666,29.285714285714285,69.28571428571429,4.428571428571429,13.428571428571429,18.0,17.142857142857142,15.285714285714286,9.857142857142858,14.714285714285714,24.857142857142858,63.285714285714285,4.571428571428571,17.142857142857142,13.571428571428571,12.142857142857142,21.0,8.857142857142858,19.857142857142858,16.857142857142858,1.0,1.0,16,1,15,1544.0028618853466,2432.3570620077603,1612.0005275528713,1612.0005275528713
469,2013,3177,56,3329,73,0,25.666666666666668,65.66666666666667,6.0,22.333333333333332,14.5,15.0,14.5,6.333333333333333,14.666666666666666,29.833333333333332,69.5,6.5,16.666666666666668,17.5,16.5,13.666666666666666,6.5,13.833333333333334,-6.333333333333333,25.166666666666668,61.0,3.8333333333333335,10.666666666666666,14.833333333333334,13.166666666666666,13.333333333333334,9.833333333333334,16.333333333333332,21.833333333333332,54.0,5.5,15.833333333333334,12.833333333333334,13.5,16.833333333333332,6.833333333333333,15.166666666666666,2.1666666666666665,0.3333333333333333,0.3333333333333333,10,7,3,1944.8694918778588,1954.478413057719,1612.0005275528713,1612.0005275528713
470,2013,3142,55,3336,85,0,24.857142857142858,55.42857142857143,5.428571428571429,13.714285714285714,13.0,13.428571428571429,15.285714285714286,8.0,15.714285714285714,17.714285714285715,51.42857142857143,2.2857142857142856,11.428571428571429,10.0,9.428571428571429,17.142857142857142,5.571428571428571,15.142857142857142,17.714285714285715,25.8,62.4,6.6,17.6,13.0,10.8,12.4,9.4,20.4,22.8,52.0,5.6,15.0,9.2,15.0,16.6,6.2,17.6,4.0,0.75,0.5,14,3,11,1602.7927170292082,2084.3829725718474,1612.0005275528713,1612.0005275528713
471,2013,3251,43,3345,77,0,22.666666666666668,55.333333333333336,5.5,15.666666666666666,19.0,11.333333333333334,18.5,10.666666666666666,15.166666666666666,16.5,53.833333333333336,5.833333333333333,21.666666666666668,9.833333333333334,8.833333333333334,16.833333333333332,7.333333333333333,19.666666666666668,19.666666666666668,25.333333333333332,54.0,5.5,13.5,9.833333333333334,18.5,14.166666666666666,8.0,13.166666666666666,23.833333333333332,59.666666666666664,5.0,15.5,11.0,13.666666666666666,14.333333333333334,8.5,16.5,9.333333333333334,1.0,1.0,13,4,9,1671.2316641009118,2001.838554692988,1612.0005275528713,1612.0005275528713
472,2013,3409,56,3390,72,-1,23.75,54.0,4.375,12.75,8.375,11.375,12.625,8.75,16.375,23.5,61.125,6.25,18.625,13.5,12.75,14.625,5.875,19.375,5.875,25.666666666666668,62.5,6.0,21.833333333333332,15.5,13.666666666666666,11.5,6.166666666666667,11.833333333333334,18.5,68.0,3.5,17.166666666666668,19.5,7.833333333333333,12.333333333333334,4.333333333333333,15.5,19.333333333333332,1.0,1.0,16,1,15,1590.4470008861224,2398.1250607771763,1612.0005275528713,1612.0005275528713
473,2013,3378,78,3143,82,0,19.166666666666668,64.5,7.5,26.5,16.0,11.666666666666666,14.0,7.833333333333333,18.5,20.666666666666668,54.5,5.166666666666667,17.166666666666668,12.166666666666666,13.333333333333334,17.833333333333332,5.666666666666667,15.333333333333334,-3.6666666666666665,24.4,62.8,4.6,14.6,20.0,9.6,12.8,7.6,15.2,22.4,55.8,4.2,12.6,10.8,9.4,14.8,5.6,18.4,10.0,0.6666666666666666,0.5,10,2,8,1863.819971226525,2112.243200144568,1612.0005275528713,1612.0005275528713
474,2013,3435,44,3163,77,-1,20.2,52.2,3.8,12.2,13.2,12.0,18.6,4.4,15.8,19.2,53.4,2.8,11.6,10.8,10.8,16.0,8.8,19.8,4.4,30.571428571428573,64.57142857142857,7.857142857142857,20.857142857142858,14.428571428571429,20.428571428571427,16.428571428571427,9.714285714285714,13.142857142857142,20.285714285714285,62.142857142857146,4.571428571428571,17.0,12.142857142857142,11.714285714285714,16.857142857142858,7.0,15.0,24.142857142857142,0.5,0.5,8,1,7,1968.6899883174256,2440.0871227480025,1612.0005275528713,1612.0005275528713
475,2013,3235,60,3208,65,0,23.714285714285715,55.42857142857143,8.0,21.857142857142858,10.285714285714286,18.285714285714285,15.714285714285714,4.714285714285714,14.142857142857142,24.571428571428573,60.142857142857146,7.0,20.857142857142858,8.428571428571429,14.857142857142858,12.571428571428571,8.857142857142858,17.0,5.714285714285714,20.4,59.0,2.8,16.4,14.2,11.4,14.2,7.8,15.0,19.8,58.6,5.4,18.4,10.8,12.4,14.6,5.8,15.0,1.6,0.75,0.5,5,4,1,2042.228202771299,2075.4323697277405,1612.0005275528713,1612.0005275528713
476,2013,3376,69,3242,75,0,21.8,55.2,3.8,12.4,17.0,12.0,12.6,8.0,15.4,18.8,49.0,2.6,10.0,9.2,9.6,16.2,4.2,20.2,10.4,26.5,59.333333333333336,6.833333333333333,17.333333333333332,10.666666666666666,15.833333333333334,16.166666666666668,7.666666666666667,18.0,26.333333333333332,61.666666666666664,7.166666666666667,19.333333333333332,11.833333333333334,15.666666666666666,13.5,9.0,15.666666666666666,-1.8333333333333333,0.5,0.6666666666666666,4,12,-8,2015.8079877372816,1925.0068036298524,1612.0005275528713,1612.0005275528713
477,2013,3277,49,3268,74,-1,23.0,57.166666666666664,4.333333333333333,15.333333333333334,12.166666666666666,13.333333333333334,15.333333333333334,7.5,14.5,20.666666666666668,53.666666666666664,5.0,16.333333333333332,9.333333333333334,12.333333333333334,15.5,7.0,11.833333333333334,2.5,28.4,64.0,6.0,16.2,17.2,16.2,16.4,5.2,19.2,25.0,57.0,4.6,11.8,12.4,12.2,15.6,8.2,18.2,2.8,0.6666666666666666,0.5,5,4,1,1979.2696813380444,2120.4029569117624,1612.0005275528713,1612.0005275528713
478,2013,3401,63,3304,74,1,24.833333333333332,62.666666666666664,1.6666666666666667,7.5,13.5,14.333333333333334,11.833333333333334,7.833333333333333,15.166666666666666,25.5,60.833333333333336,4.166666666666667,12.833333333333334,12.5,12.0,15.0,4.833333333333333,15.5,-2.3333333333333335,24.6,59.6,4.8,18.0,12.2,14.0,14.2,6.4,13.2,24.6,58.4,5.2,16.0,11.2,11.0,15.6,8.4,16.0,1.8,1.0,0.5,3,6,-3,2139.320147159884,2013.4733190226527,1612.0005275528713,1612.0005275528713
479,2013,3417,72,3328,85,0,23.0,57.666666666666664,2.6666666666666665,9.0,13.666666666666666,15.5,15.5,8.333333333333334,16.833333333333332,18.333333333333332,54.333333333333336,3.6666666666666665,17.666666666666668,11.166666666666666,8.333333333333334,16.666666666666668,8.0,16.0,7.5,23.833333333333332,58.166666666666664,6.333333333333333,21.0,9.833333333333334,11.666666666666666,15.166666666666666,6.0,18.166666666666668,28.5,63.5,6.666666666666667,16.833333333333332,14.333333333333334,16.333333333333332,14.5,6.333333333333333,20.166666666666668,-8.166666666666666,0.6666666666666666,0.6666666666666666,3,6,-3,2002.1836417411057,2028.1493118785884,1612.0005275528713,1612.0005275528713
480,2013,3166,52,3397,68,-1,24.833333333333332,61.166666666666664,8.666666666666666,28.833333333333332,12.5,17.833333333333332,12.666666666666666,8.333333333333334,12.166666666666666,21.666666666666668,55.5,6.0,15.5,11.5,12.333333333333334,16.833333333333332,6.833333333333333,11.333333333333334,9.5,24.6,57.0,4.2,11.8,12.8,9.8,18.0,4.4,12.6,29.0,71.8,5.2,15.0,14.8,16.8,10.2,9.4,17.8,1.6,0.75,0.5,10,2,8,1817.5870417838585,2201.7793178071597,1612.0005275528713,1612.0005275528713
481,2013,3199,47,3124,85,-1,23.8,60.4,4.8,14.2,13.2,14.0,13.8,8.6,15.8,26.4,63.2,4.4,14.8,18.6,15.8,16.8,6.4,14.8,-4.8,32.142857142857146,57.57142857142857,2.7142857142857144,7.0,10.0,22.0,14.571428571428571,7.857142857142857,11.571428571428571,20.571428571428573,61.0,7.714285714285714,22.285714285714285,12.571428571428571,11.714285714285714,16.285714285714285,7.714285714285714,15.142857142857142,23.428571428571427,0.5,1.0,8,1,7,1947.1725424844904,2481.091129965945,1612.0005275528713,1612.0005275528713
482,2013,3314,69,3174,78,-1,23.666666666666668,63.666666666666664,3.5,12.833333333333334,17.166666666666668,10.333333333333334,18.0,13.166666666666666,20.5,22.666666666666668,58.166666666666664,5.166666666666667,17.0,12.833333333333334,12.166666666666666,22.0,9.5,22.666666666666668,4.0,24.714285714285715,59.142857142857146,4.428571428571429,11.285714285714286,15.428571428571429,13.571428571428571,10.142857142857142,6.428571428571429,11.857142857142858,20.857142857142858,58.57142857142857,5.857142857142857,21.142857142857142,13.714285714285714,11.857142857142858,12.142857142857142,5.571428571428571,15.571428571428571,13.571428571428571,0.6666666666666666,1.0,3,6,-3,2081.9089050476146,2026.053802251904,1612.0005275528713,1612.0005275528713
483,2013,3329,59,3181,68,-1,25.166666666666668,61.0,3.8333333333333335,10.666666666666666,14.833333333333334,13.166666666666666,13.333333333333334,9.833333333333334,16.333333333333332,21.833333333333332,54.0,5.5,15.833333333333334,12.833333333333334,13.5,16.833333333333332,6.833333333333333,15.166666666666666,2.1666666666666665,27.0,57.666666666666664,5.333333333333333,13.666666666666666,14.166666666666666,13.833333333333334,18.166666666666668,7.0,14.666666666666666,23.666666666666668,66.33333333333333,5.333333333333333,18.666666666666668,18.5,12.333333333333334,14.5,9.333333333333334,16.833333333333332,9.666666666666666,0.3333333333333333,1.0,7,2,5,1954.478413057719,2303.504929241547,1612.0005275528713,1612.0005275528713
484,2013,3173,70,3246,84,0,24.8,60.0,6.6,18.0,13.6,14.8,13.2,9.0,14.0,22.4,59.6,4.0,12.6,14.6,13.4,18.4,5.6,16.2,11.0,28.0,69.33333333333333,6.666666666666667,19.833333333333332,16.166666666666668,13.666666666666666,13.333333333333334,11.833333333333334,19.0,23.333333333333332,57.166666666666664,4.0,11.833333333333334,14.5,10.666666666666666,21.5,5.166666666666667,17.0,9.666666666666666,0.5,0.6666666666666666,7,2,5,1992.790135042823,2173.1271535218834,1612.0005275528713,1612.0005275528713
485,2013,3345,63,3257,76,-1,25.333333333333332,54.0,5.5,13.5,9.833333333333334,18.5,14.166666666666666,8.0,13.166666666666666,23.833333333333332,59.666666666666664,5.0,15.5,11.0,13.666666666666666,14.333333333333334,8.5,16.5,9.333333333333334,21.6,55.4,4.6,18.4,12.6,13.0,16.8,8.6,16.4,22.0,54.0,5.0,14.2,12.0,13.0,16.4,8.2,16.2,-2.4,1.0,0.3333333333333333,4,5,-1,2001.838554692988,2100.5410407939826,1612.0005275528713,1612.0005275528713
486,2013,3336,66,3261,71,-1,25.8,62.4,6.6,17.6,13.0,10.8,12.4,9.4,20.4,22.8,52.0,5.6,15.0,9.2,15.0,16.6,6.2,17.6,4.0,24.2,58.6,4.8,14.6,13.0,13.2,15.6,7.2,13.6,23.8,63.2,3.8,18.2,14.0,13.2,14.4,8.2,17.2,7.8,0.5,0.5,3,6,-3,2084.3829725718474,2011.405540253353,1612.0005275528713,1612.0005275528713
487,2013,3234,57,3323,74,1,23.2,58.4,5.8,21.0,12.0,15.2,16.0,9.0,14.8,23.4,58.6,5.6,17.0,12.8,14.6,17.4,7.6,14.0,-1.6,29.285714285714285,69.28571428571429,4.428571428571429,13.428571428571429,18.0,17.142857142857142,15.285714285714286,9.857142857142858,14.714285714285714,24.857142857142858,63.285714285714285,4.571428571428571,17.142857142857142,13.571428571428571,12.142857142857142,21.0,8.857142857142858,19.857142857142858,16.857142857142858,0.5,1.0,9,1,8,1918.2376327158472,2432.3570620077603,1612.0005275528713,1612.0005275528713
488,2013,3276,40,3390,73,-1,21.4,53.0,4.6,18.4,10.8,13.6,12.0,5.4,12.4,22.2,52.8,5.0,15.0,10.4,15.2,11.8,5.4,14.2,-1.2,25.666666666666668,62.5,6.0,21.833333333333332,15.5,13.666666666666666,11.5,6.166666666666667,11.833333333333334,18.5,68.0,3.5,17.166666666666668,19.5,7.833333333333333,12.333333333333334,4.333333333333333,15.5,19.333333333333332,0.5,1.0,8,1,7,1890.6391981360089,2398.1250607771763,1612.0005275528713,1612.0005275528713
489,2013,3261,63,3143,73,0,24.2,58.6,4.8,14.6,13.0,13.2,15.6,7.2,13.6,23.8,63.2,3.8,18.2,14.0,13.2,14.4,8.2,17.2,7.8,24.4,62.8,4.6,14.6,20.0,9.6,12.8,7.6,15.2,22.4,55.8,4.2,12.6,10.8,9.4,14.8,5.6,18.4,10.0,0.5,0.5,6,2,4,2011.405540253353,2112.243200144568,1612.0005275528713,1612.0005275528713
490,2013,3268,50,3163,76,-1,28.4,64.0,6.0,16.2,17.2,16.2,16.4,5.2,19.2,25.0,57.0,4.6,11.8,12.4,12.2,15.6,8.2,18.2,2.8,30.571428571428573,64.57142857142857,7.857142857142857,20.857142857142858,14.428571428571429,20.428571428571427,16.428571428571427,9.714285714285714,13.142857142857142,20.285714285714285,62.142857142857146,4.571428571428571,17.0,12.142857142857142,11.714285714285714,16.857142857142858,7.0,15.0,24.142857142857142,0.5,0.5,4,1,3,2120.4029569117624,2440.0871227480025,1612.0005275528713,1612.0005275528713
491,2013,3390,59,3208,61,0,25.666666666666668,62.5,6.0,21.833333333333332,15.5,13.666666666666666,11.5,6.166666666666667,11.833333333333334,18.5,68.0,3.5,17.166666666666668,19.5,7.833333333333333,12.333333333333334,4.333333333333333,15.5,19.333333333333332,20.4,59.0,2.8,16.4,14.2,11.4,14.2,7.8,15.0,19.8,58.6,5.4,18.4,10.8,12.4,14.6,5.8,15.0,1.6,1.0,0.5,1,4,-3,2398.1250607771763,2075.4323697277405,1612.0005275528713,1612.0005275528713
492,2013,3174,62,3246,69,0,24.714285714285715,59.142857142857146,4.428571428571429,11.285714285714286,15.428571428571429,13.571428571428571,10.142857142857142,6.428571428571429,11.857142857142858,20.857142857142858,58.57142857142857,5.857142857142857,21.142857142857142,13.714285714285714,11.857142857142858,12.142857142857142,5.571428571428571,15.571428571428571,13.571428571428571,28.0,69.33333333333333,6.666666666666667,19.833333333333332,16.166666666666668,13.666666666666666,13.333333333333334,11.833333333333334,19.0,23.333333333333332,57.166666666666664,4.0,11.833333333333334,14.5,10.666666666666666,21.5,5.166666666666667,17.0,9.666666666666666,1.0,0.6666666666666666,6,2,4,2026.053802251904,2173.1271535218834,1612.0005275528713,1612.0005275528713
493,2013,3304,45,3181,53,0,24.6,59.6,4.8,18.0,12.2,14.0,14.2,6.4,13.2,24.6,58.4,5.2,16.0,11.2,11.0,15.6,8.4,16.0,1.8,27.0,57.666666666666664,5.333333333333333,13.666666666666666,14.166666666666666,13.833333333333334,18.166666666666668,7.0,14.666666666666666,23.666666666666668,66.33333333333333,5.333333333333333,18.666666666666668,18.5,12.333333333333334,14.5,9.333333333333334,16.833333333333332,9.666666666666666,0.5,1.0,6,2,4,2013.4733190226527,2303.504929241547,1612.0005275528713,1612.0005275528713
494,2013,3124,81,3257,82,0,32.142857142857146,57.57142857142857,2.7142857142857144,7.0,10.0,22.0,14.571428571428571,7.857142857142857,11.571428571428571,20.571428571428573,61.0,7.714285714285714,22.285714285714285,12.571428571428571,11.714285714285714,16.285714285714285,7.714285714285714,15.142857142857142,23.428571428571427,21.6,55.4,4.6,18.4,12.6,13.0,16.8,8.6,16.4,22.0,54.0,5.0,14.2,12.0,13.0,16.4,8.2,16.2,-2.4,1.0,0.3333333333333333,1,5,-4,2481.091129965945,2100.5410407939826,1612.0005275528713,1612.0005275528713
495,2013,3242,63,3323,93,0,26.5,59.333333333333336,6.833333333333333,17.333333333333332,10.666666666666666,15.833333333333334,16.166666666666668,7.666666666666667,18.0,26.333333333333332,61.666666666666664,7.166666666666667,19.333333333333332,11.833333333333334,15.666666666666666,13.5,9.0,15.666666666666666,-1.8333333333333333,29.285714285714285,69.28571428571429,4.428571428571429,13.428571428571429,18.0,17.142857142857142,15.285714285714286,9.857142857142858,14.714285714285714,24.857142857142858,63.285714285714285,4.571428571428571,17.142857142857142,13.571428571428571,12.142857142857142,21.0,8.857142857142858,19.857142857142858,16.857142857142858,0.6666666666666666,1.0,12,1,11,1925.0068036298524,2432.3570620077603,1612.0005275528713,1612.0005275528713
496,2013,3328,59,3397,74,0,23.833333333333332,58.166666666666664,6.333333333333333,21.0,9.833333333333334,11.666666666666666,15.166666666666666,6.0,18.166666666666668,28.5,63.5,6.666666666666667,16.833333333333332,14.333333333333334,16.333333333333332,14.5,6.333333333333333,20.166666666666668,-8.166666666666666,24.6,57.0,4.2,11.8,12.8,9.8,18.0,4.4,12.6,29.0,71.8,5.2,15.0,14.8,16.8,10.2,9.4,17.8,1.6,0.6666666666666666,0.5,6,2,4,2028.1493118785884,2201.7793178071597,1612.0005275528713,1612.0005275528713
497,2013,3208,62,3143,65,0,20.4,59.0,2.8,16.4,14.2,11.4,14.2,7.8,15.0,19.8,58.6,5.4,18.4,10.8,12.4,14.6,5.8,15.0,1.6,24.4,62.8,4.6,14.6,20.0,9.6,12.8,7.6,15.2,22.4,55.8,4.2,12.6,10.8,9.4,14.8,5.6,18.4,10.0,0.5,0.5,4,2,2,2075.4323697277405,2112.243200144568,1612.0005275528713,1612.0005275528713
498,2013,3246,53,3163,83,-1,28.0,69.33333333333333,6.666666666666667,19.833333333333332,16.166666666666668,13.666666666666666,13.333333333333334,11.833333333333334,19.0,23.333333333333332,57.166666666666664,4.0,11.833333333333334,14.5,10.666666666666666,21.5,5.166666666666667,17.0,9.666666666666666,30.571428571428573,64.57142857142857,7.857142857142857,20.857142857142858,14.428571428571429,20.428571428571427,16.428571428571427,9.714285714285714,13.142857142857142,20.285714285714285,62.142857142857146,4.571428571428571,17.0,12.142857142857142,11.714285714285714,16.857142857142858,7.0,15.0,24.142857142857142,0.6666666666666666,0.5,2,1,1,2173.1271535218834,2440.0871227480025,1612.0005275528713,1612.0005275528713
499,2013,3397,78,3257,86,0,24.6,57.0,4.2,11.8,12.8,9.8,18.0,4.4,12.6,29.0,71.8,5.2,15.0,14.8,16.8,10.2,9.4,17.8,1.6,21.6,55.4,4.6,18.4,12.6,13.0,16.8,8.6,16.4,22.0,54.0,5.0,14.2,12.0,13.0,16.4,8.2,16.2,-2.4,0.5,0.3333333333333333,2,5,-3,2201.7793178071597,2100.5410407939826,1612.0005275528713,1612.0005275528713
500,2013,3181,76,3323,87,0,27.0,57.666666666666664,5.333333333333333,13.666666666666666,14.166666666666666,13.833333333333334,18.166666666666668,7.0,14.666666666666666,23.666666666666668,66.33333333333333,5.333333333333333,18.666666666666668,18.5,12.333333333333334,14.5,9.333333333333334,16.833333333333332,9.666666666666666,29.285714285714285,69.28571428571429,4.428571428571429,13.428571428571429,18.0,17.142857142857142,15.285714285714286,9.857142857142858,14.714285714285714,24.857142857142858,63.285714285714285,4.571428571428571,17.142857142857142,13.571428571428571,12.142857142857142,21.0,8.857142857142858,19.857142857142858,16.857142857142858,1.0,1.0,2,1,1,2303.504929241547,2432.3570620077603,1612.0005275528713,1612.0005275528713
501,2013,3323,65,3163,83,0,29.285714285714285,69.28571428571429,4.428571428571429,13.428571428571429,18.0,17.142857142857142,15.285714285714286,9.857142857142858,14.714285714285714,24.857142857142858,63.285714285714285,4.571428571428571,17.142857142857142,13.571428571428571,12.142857142857142,21.0,8.857142857142858,19.857142857142858,16.857142857142858,30.571428571428573,64.57142857142857,7.857142857142857,20.857142857142858,14.428571428571429,20.428571428571427,16.428571428571427,9.714285714285714,13.142857142857142,20.285714285714285,62.142857142857146,4.571428571428571,17.0,12.142857142857142,11.714285714285714,16.857142857142858,7.0,15.0,24.142857142857142,1.0,0.5,1,1,0,2432.3570620077603,2440.0871227480025,1612.0005275528713,1612.0005275528713
502,2013,3143,57,3257,64,0,24.4,62.8,4.6,14.6,20.0,9.6,12.8,7.6,15.2,22.4,55.8,4.2,12.6,10.8,9.4,14.8,5.6,18.4,10.0,21.6,55.4,4.6,18.4,12.6,13.0,16.8,8.6,16.4,22.0,54.0,5.0,14.2,12.0,13.0,16.4,8.2,16.2,-2.4,0.5,0.3333333333333333,2,5,-3,2112.243200144568,2100.5410407939826,1612.0005275528713,1612.0005275528713
503,2013,3257,60,3163,93,0,21.6,55.4,4.6,18.4,12.6,13.0,16.8,8.6,16.4,22.0,54.0,5.0,14.2,12.0,13.0,16.4,8.2,16.2,-2.4,30.571428571428573,64.57142857142857,7.857142857142857,20.857142857142858,14.428571428571429,20.428571428571427,16.428571428571427,9.714285714285714,13.142857142857142,20.285714285714285,62.142857142857146,4.571428571428571,17.0,12.142857142857142,11.714285714285714,16.857142857142858,7.0,15.0,24.142857142857142,0.3333333333333333,0.5,5,1,4,2100.5410407939826,2440.0871227480025,1612.0005275528713,1612.0005275528713
504,2014,3113,69,3435,61,0,21.75,58.75,3.75,12.25,15.0,10.75,15.5,6.5,20.25,24.0,55.0,5.25,16.5,8.5,11.25,15.0,7.25,19.0,-3.25,21.25,53.5,5.5,15.25,11.25,14.5,15.0,5.0,17.0,24.0,54.5,5.25,17.75,10.5,12.25,14.5,5.75,19.25,-5.25,0.0,0.0,9,8,1,1849.434474040724,1899.489845825631,1612.0005275528713,1612.0005275528713
505,2014,3124,87,3443,74,1,27.285714285714285,62.57142857142857,3.4285714285714284,13.714285714285714,15.857142857142858,15.714285714285714,13.571428571428571,7.0,16.428571428571427,22.571428571428573,59.714285714285715,5.857142857142857,19.0,12.0,11.857142857142858,15.857142857142858,5.857142857142857,20.714285714285715,12.142857142857142,27.0,60.125,4.5,12.375,12.75,14.125,12.375,11.125,17.25,24.0,56.0,4.5,14.625,9.625,12.875,18.375,5.875,20.75,14.875,1.0,1.0,2,15,-13,2403.484177865769,1595.9492712352126,1612.0005275528713,1612.0005275528713
506,2014,3140,72,3301,57,0,25.2,57.2,7.4,18.0,14.2,17.6,18.6,4.4,18.4,22.0,61.4,5.2,16.6,12.0,11.4,13.6,11.2,19.4,12.4,24.0,58.2,5.8,18.8,12.6,13.0,13.8,4.6,17.4,26.2,61.2,6.4,19.8,13.0,13.8,10.6,9.0,17.8,-6.0,0.6666666666666666,0.5,12,5,7,1890.6893274670192,1976.2654270927344,1612.0005275528713,1612.0005275528713
507,2014,3143,64,3200,63,0,26.5,66.25,3.75,15.0,15.0,15.5,14.0,4.25,17.25,28.5,70.75,7.5,21.75,13.25,14.25,11.25,6.5,20.75,0.75,23.166666666666668,56.166666666666664,6.5,18.166666666666668,12.333333333333334,15.166666666666666,13.5,4.166666666666667,14.0,19.0,56.666666666666664,2.6666666666666665,10.666666666666666,8.833333333333334,9.0,10.166666666666666,5.5,14.5,12.0,0.0,1.0,7,10,-3,2027.4641337893963,1760.7033877364624,1612.0005275528713,1612.0005275528713
508,2014,3177,104,3328,100,0,29.285714285714285,64.14285714285714,8.0,21.571428571428573,14.428571428571429,17.857142857142858,13.142857142857142,11.428571428571429,15.571428571428571,25.571428571428573,56.285714285714285,5.285714285714286,15.714285714285714,9.571428571428571,12.857142857142858,19.714285714285715,5.857142857142857,18.428571428571427,17.428571428571427,25.8,64.6,8.6,23.6,15.2,13.6,15.4,8.8,23.2,22.8,55.0,6.0,17.2,9.2,12.4,16.6,10.0,19.8,6.2,1.0,0.5,7,10,-3,2035.8951547480008,1944.6696742751649,1612.0005275528713,1612.0005275528713
509,2014,3181,87,3457,45,1,25.5,53.333333333333336,3.3333333333333335,10.0,13.0,11.5,17.833333333333332,6.5,15.333333333333334,23.666666666666668,63.833333333333336,6.666666666666667,22.333333333333332,14.5,13.166666666666666,11.666666666666666,7.333333333333333,17.166666666666668,3.1666666666666665,27.333333333333332,62.0,3.5,13.166666666666666,13.5,13.0,12.5,11.833333333333334,15.5,24.0,59.666666666666664,6.166666666666667,19.5,13.166666666666666,13.0,17.5,6.666666666666667,17.5,8.333333333333334,0.6666666666666666,1.0,2,15,-13,2280.028947411221,1526.2263606378535,1612.0005275528713,1612.0005275528713
510,2014,3199,55,3235,44,-1,26.8,60.0,3.4,11.4,16.0,13.4,21.0,8.6,15.4,25.6,55.6,6.8,14.0,10.0,14.8,19.0,10.0,18.2,-0.2,24.0,55.8,9.6,27.8,7.4,15.2,12.0,4.6,14.6,27.4,61.2,5.0,15.2,12.0,16.4,13.0,5.6,18.2,3.2,0.5,0.0,10,7,3,1938.7401744055812,1978.5634248993235,1612.0005275528713,1612.0005275528713
511,2014,3246,106,3460,60,1,26.0,59.666666666666664,3.8333333333333335,10.666666666666666,12.0,12.0,14.0,7.166666666666667,20.333333333333332,25.833333333333332,62.0,4.5,13.333333333333334,10.5,13.0,14.833333333333334,5.0,20.166666666666668,5.333333333333333,31.125,72.0,8.125,23.75,14.75,13.5,10.875,11.5,18.125,26.875,63.0,5.875,21.0,13.5,15.875,21.5,4.125,19.875,16.125,0.6666666666666666,1.0,3,14,-11,2153.0390655358474,1628.3802612940406,1612.0005275528713,1612.0005275528713
512,2014,3304,74,3201,55,0,28.0,63.0,8.166666666666666,21.0,13.0,19.333333333333332,11.5,5.333333333333333,13.333333333333334,25.833333333333332,61.0,7.0,19.333333333333332,12.333333333333334,15.5,14.166666666666666,6.666666666666667,19.0,9.833333333333334,26.142857142857142,59.57142857142857,8.0,22.428571428571427,11.428571428571429,15.285714285714286,13.857142857142858,7.142857142857143,17.714285714285715,25.428571428571427,65.0,3.5714285714285716,16.428571428571427,15.0,9.714285714285714,15.142857142857142,7.571428571428571,20.714285714285715,10.571428571428571,1.0,1.0,4,13,-9,2076.4069975050725,1718.914814398894,1612.0005275528713,1612.0005275528713
513,2014,3323,93,3352,42,0,30.5,61.0,4.833333333333333,12.833333333333334,12.333333333333334,18.333333333333332,13.0,10.0,14.0,24.5,59.833333333333336,3.6666666666666665,14.0,11.166666666666666,11.833333333333334,18.0,6.833333333333333,19.666666666666668,22.833333333333332,27.142857142857142,58.0,5.428571428571429,17.142857142857142,10.857142857142858,15.0,16.285714285714285,6.857142857142857,17.0,24.571428571428573,61.57142857142857,7.714285714285714,21.571428571428573,10.714285714285714,14.857142857142858,14.571428571428571,7.428571428571429,20.285714285714285,5.142857142857143,1.0,1.0,1,16,-15,2503.509948322856,1425.7735381010373,1612.0005275528713,1612.0005275528713
514,2014,3329,61,3195,60,0,24.333333333333332,58.166666666666664,3.0,11.666666666666666,10.166666666666666,10.333333333333334,11.666666666666666,7.333333333333333,18.833333333333332,22.5,54.666666666666664,6.833333333333333,19.5,10.666666666666666,12.833333333333334,15.0,4.166666666666667,15.5,-2.0,28.0,61.57142857142857,11.857142857142858,31.285714285714285,10.142857142857142,18.714285714285715,12.0,9.857142857142858,15.857142857142858,22.0,59.57142857142857,6.142857142857143,18.0,11.857142857142858,11.142857142857142,16.714285714285715,4.0,17.714285714285715,20.0,0.3333333333333333,1.0,5,12,-7,2032.6965427487676,1784.2612616295664,1612.0005275528713,1612.0005275528713
515,2014,3345,84,3103,55,1,28.333333333333332,59.666666666666664,6.666666666666667,17.333333333333332,11.0,16.666666666666668,16.0,6.0,17.666666666666668,25.0,64.0,5.333333333333333,17.333333333333332,11.333333333333334,13.333333333333334,11.666666666666666,5.666666666666667,16.0,9.0,29.25,64.5,5.875,16.875,14.875,17.875,14.75,6.0,16.125,24.875,65.125,6.0,23.375,13.5,12.75,14.125,8.5,20.875,12.375,0.0,0.8,4,13,-9,2030.7612878411303,1669.829311104898,1612.0005275528713,1612.0005275528713
516,2014,3385,71,3425,68,0,23.428571428571427,56.285714285714285,3.857142857142857,10.857142857142858,11.0,9.571428571428571,13.714285714285714,6.428571428571429,19.0,22.0,52.42857142857143,4.714285714285714,14.571428571428571,11.142857142857142,11.714285714285714,16.857142857142858,5.428571428571429,19.857142857142858,-1.0,23.857142857142858,58.714285714285715,5.857142857142857,13.285714285714286,10.571428571428571,14.0,12.857142857142858,7.428571428571429,18.857142857142858,22.0,58.714285714285715,3.7142857142857144,14.0,12.571428571428571,10.857142857142858,15.285714285714286,5.857142857142857,18.857142857142858,4.0,0.75,1.0,8,9,-1,1906.5181057736315,1883.4478990214727,1612.0005275528713,1612.0005275528713
517,2014,3390,81,3377,62,0,26.0,64.2,5.0,17.8,13.6,12.6,13.0,5.0,15.4,22.2,63.2,7.4,18.8,10.2,11.6,13.2,5.4,21.0,12.6,27.833333333333332,61.833333333333336,5.666666666666667,15.5,11.666666666666666,14.5,11.5,7.833333333333333,23.0,27.666666666666668,62.0,5.666666666666667,15.166666666666666,12.0,12.5,12.0,5.0,20.666666666666668,4.5,0.5,1.0,2,15,-13,2356.4017425516217,1541.715827407951,1612.0005275528713,1612.0005275528713
518,2014,3393,59,3151,53,0,23.75,60.75,8.0,25.5,15.75,10.75,11.0,10.0,13.5,21.0,55.5,3.75,17.0,14.5,11.5,16.75,4.5,13.0,8.75,28.666666666666668,62.666666666666664,4.666666666666667,16.333333333333332,12.333333333333334,16.333333333333332,13.666666666666666,10.666666666666666,15.666666666666666,19.5,53.666666666666664,3.1666666666666665,11.0,9.5,10.333333333333334,18.333333333333332,6.333333333333333,14.0,18.333333333333332,0.5,1.0,6,11,-5,1966.9552399213085,1815.647679552619,1612.0005275528713,1612.0005275528713
519,2014,3397,70,3322,46,1,27.166666666666668,62.833333333333336,2.3333333333333335,9.5,14.666666666666666,9.0,14.5,6.5,16.0,24.166666666666668,62.166666666666664,5.5,15.833333333333334,8.833333333333334,11.833333333333334,12.666666666666666,6.166666666666667,18.833333333333332,7.5,24.5,53.375,5.375,17.0,8.875,14.5,11.125,7.125,12.875,21.25,55.25,5.375,19.375,12.125,11.625,14.75,4.25,15.625,9.75,1.0,1.0,1,16,-15,2235.0128445040154,1437.5805762134337,1612.0005275528713,1612.0005275528713
520,2014,3163,87,3341,44,1,28.571428571428573,58.285714285714285,7.142857142857143,19.142857142857142,10.857142857142858,18.714285714285715,13.0,8.571428571428571,10.857142857142858,18.571428571428573,60.42857142857143,3.857142857142857,14.857142857142858,11.0,7.142857142857143,15.857142857142858,5.857142857142857,16.0,31.0,22.11111111111111,60.666666666666664,5.0,16.333333333333332,13.666666666666666,10.11111111111111,14.777777777777779,9.444444444444445,18.666666666666668,22.0,59.77777777777778,4.111111111111111,14.666666666666666,15.222222222222221,11.222222222222221,20.555555555555557,6.444444444444445,24.77777777777778,6.777777777777778,1.0,0.5,1,16,-15,2524.711653068122,1312.118143236221,1612.0005275528713,1612.0005275528713
521,2014,3196,83,3173,69,0,24.8,56.2,6.6,15.6,8.2,13.0,16.6,5.8,22.4,25.2,59.8,4.2,16.4,15.2,13.4,16.0,8.0,17.8,-4.2,28.5,66.0,4.166666666666667,16.333333333333332,12.833333333333334,13.833333333333334,11.833333333333334,5.333333333333333,16.0,24.666666666666668,66.33333333333333,4.333333333333333,16.833333333333332,14.666666666666666,13.833333333333334,13.0,5.833333333333333,15.5,6.0,0.5,0.6666666666666666,11,6,5,1894.681436169665,1923.973684072993,1612.0005275528713,1612.0005275528713
522,2014,3234,87,3265,65,1,26.0,56.285714285714285,7.571428571428571,20.428571428571427,9.142857142857142,18.0,13.285714285714286,8.714285714285714,16.714285714285715,25.285714285714285,59.57142857142857,5.142857142857143,18.0,13.714285714285714,13.0,16.857142857142858,7.285714285714286,19.0,8.0,25.666666666666668,52.166666666666664,8.333333333333334,18.833333333333332,8.166666666666666,17.5,12.833333333333334,6.5,13.0,22.333333333333332,60.0,5.666666666666667,17.333333333333332,12.666666666666666,11.833333333333334,12.833333333333334,7.166666666666667,18.5,17.833333333333332,0.75,1.0,6,11,-5,2008.940482561351,1840.7200076576737,1612.0005275528713,1612.0005275528713
523,2014,3241,72,3211,63,0,26.0,63.857142857142854,7.0,22.714285714285715,16.285714285714285,15.428571428571429,12.714285714285714,7.857142857142857,15.142857142857142,18.428571428571427,55.857142857142854,3.5714285714285716,12.285714285714286,10.0,8.571428571428571,16.285714285714285,5.428571428571429,18.0,21.714285714285715,26.666666666666668,63.5,5.166666666666667,14.333333333333334,17.166666666666668,15.333333333333334,11.833333333333334,9.166666666666666,18.833333333333332,22.166666666666668,53.5,3.6666666666666665,10.333333333333334,11.0,9.333333333333334,17.0,5.166666666666667,20.833333333333332,10.0,1.0,1.0,11,6,5,1904.9302741140425,2013.2231896167852,1612.0005275528713,1612.0005275528713
524,2014,3257,88,3225,42,0,24.166666666666668,59.833333333333336,7.333333333333333,20.666666666666668,10.5,11.166666666666666,14.166666666666666,8.666666666666666,15.666666666666666,21.833333333333332,58.666666666666664,4.666666666666667,15.833333333333334,13.166666666666666,11.833333333333334,17.5,5.666666666666667,15.333333333333334,8.0,26.714285714285715,61.0,9.571428571428571,26.142857142857142,11.285714285714286,16.857142857142858,10.285714285714286,7.0,12.714285714285714,21.285714285714285,61.142857142857146,5.285714285714286,17.428571428571427,11.285714285714286,11.142857142857142,13.571428571428571,5.714285714285714,16.571428571428573,19.0,0.5,1.0,3,14,-11,2180.408949840089,1590.147396039695,1612.0005275528713,1612.0005275528713
525,2014,3261,98,3210,78,1,22.8,57.8,4.2,16.0,12.4,10.2,18.0,7.6,21.8,22.8,60.8,6.4,17.8,18.0,9.4,18.4,10.2,19.4,-5.2,26.2,65.4,5.0,16.6,16.0,10.0,12.6,7.2,19.8,28.2,61.0,4.6,16.4,14.2,15.4,14.6,6.4,18.2,-5.6,0.5,0.5,7,10,-3,1970.0213693798016,1915.4147149958392,1612.0005275528713,1612.0005275528713
526,2014,3268,90,3119,52,1,32.75,63.25,4.25,13.5,16.75,18.5,14.0,6.75,14.5,23.5,60.75,6.75,18.5,12.75,8.5,14.0,8.0,19.0,19.75,23.0,54.57142857142857,6.714285714285714,18.428571428571427,11.285714285714286,14.142857142857142,10.571428571428571,4.857142857142857,18.0,19.571428571428573,52.857142857142854,4.714285714285714,13.571428571428571,10.285714285714286,11.428571428571429,11.714285714285714,4.571428571428571,16.571428571428573,11.142857142857142,0.0,1.0,4,13,-9,2161.102701950944,1567.4227111114544,1612.0005275528713,1612.0005275528713
527,2014,3277,91,3214,61,0,26.2,60.6,5.6,18.0,15.2,16.4,16.4,7.8,17.6,23.0,58.8,5.0,15.8,10.8,13.4,12.4,7.2,15.6,8.0,22.142857142857142,62.857142857142854,5.142857142857143,17.428571428571427,15.857142857142858,10.285714285714286,14.0,7.714285714285714,18.857142857142858,17.428571428571427,60.857142857142854,2.5714285714285716,12.571428571428571,16.142857142857142,6.857142857142857,18.285714285714285,4.714285714285714,22.571428571428573,14.571428571428571,0.5,1.0,5,12,-7,2004.030009288771,1785.0041296801144,1612.0005275528713,1612.0005275528713
528,2014,3314,60,3404,58,1,23.0,62.5,5.666666666666667,21.0,14.0,12.0,16.333333333333332,9.0,20.5,24.833333333333332,55.166666666666664,3.5,11.833333333333334,11.666666666666666,12.166666666666666,19.166666666666668,7.0,18.5,-3.6666666666666665,33.2,64.6,11.4,24.0,9.8,18.2,8.8,11.8,14.6,24.8,60.0,7.4,21.0,11.2,16.8,20.6,4.8,20.0,27.2,0.6666666666666666,1.0,4,13,-9,2109.9466497821813,1623.3652361864952,1612.0005275528713,1612.0005275528713
529,2014,3333,55,3292,36,0,24.0,52.666666666666664,7.833333333333333,21.333333333333332,9.0,13.166666666666666,12.833333333333334,5.333333333333333,15.333333333333334,18.833333333333332,62.0,2.8333333333333335,10.833333333333334,14.0,8.5,9.5,5.5,17.833333333333332,14.833333333333334,22.142857142857142,55.42857142857143,6.0,20.714285714285715,15.857142857142858,12.142857142857142,11.428571428571429,6.714285714285714,13.714285714285714,21.571428571428573,56.0,4.0,15.142857142857142,11.571428571428571,11.428571428571429,15.142857142857142,5.285714285714286,22.285714285714285,11.571428571428571,0.6666666666666666,1.0,9,8,1,1840.2065325703416,1937.5430249657263,1612.0005275528713,1612.0005275528713
530,2014,3336,62,3455,56,1,27.0,62.0,4.333333333333333,12.333333333333334,14.333333333333334,13.0,12.0,8.333333333333334,18.666666666666668,31.333333333333332,58.666666666666664,11.0,20.0,9.0,20.333333333333332,14.333333333333334,4.666666666666667,19.0,-7.333333333333333,25.714285714285715,59.857142857142854,2.7142857142857144,12.0,11.714285714285714,13.285714285714286,12.285714285714286,10.857142857142858,18.428571428571427,20.142857142857142,48.857142857142854,4.571428571428571,13.0,11.714285714285714,10.714285714285714,21.142857142857142,6.0,18.285714285714285,9.857142857142858,0.0,1.0,3,14,-11,2070.943772390479,1762.7983791019094,1612.0005275528713,1612.0005275528713
531,2014,3376,73,3169,58,0,23.6,52.4,1.8,9.6,8.4,11.2,14.6,4.2,15.6,22.6,64.6,3.8,12.8,13.8,10.4,9.8,6.6,21.4,4.4,25.666666666666668,62.166666666666664,8.666666666666666,21.333333333333332,14.833333333333334,15.166666666666666,14.0,7.0,18.0,21.166666666666668,58.0,5.166666666666667,15.166666666666666,12.166666666666666,10.0,14.5,6.833333333333333,14.833333333333334,9.0,0.5,1.0,1,16,-15,2116.454154995696,1537.4594813674912,1612.0005275528713,1612.0005275528713
532,2014,3386,67,3208,57,0,27.8,65.8,4.2,13.0,12.2,17.4,11.6,7.2,18.6,22.6,60.2,4.0,14.0,14.0,13.2,16.0,4.8,16.6,6.8,22.2,60.2,4.4,16.2,15.6,9.6,16.2,8.2,23.4,19.6,46.6,1.8,8.8,8.4,10.2,16.8,6.6,17.6,0.2,0.5,0.5,9,8,1,1812.8155174108665,1975.2261721373943,1612.0005275528713,1612.0005275528713
533,2014,3400,79,3335,61,0,23.166666666666668,57.666666666666664,6.0,15.833333333333334,15.666666666666666,12.666666666666666,16.833333333333332,4.0,20.5,21.333333333333332,58.5,6.5,21.5,11.0,11.0,10.166666666666666,7.166666666666667,19.333333333333332,1.3333333333333333,22.0,53.0,5.333333333333333,16.0,10.5,14.666666666666666,14.5,7.0,13.166666666666666,19.333333333333332,58.666666666666664,5.5,15.5,12.166666666666666,11.333333333333334,14.666666666666666,8.0,17.666666666666668,10.833333333333334,0.6666666666666666,1.0,5,12,-7,1954.4150921308212,1577.0913146730657,1612.0005275528713,1612.0005275528713
534,2014,3401,70,3315,55,1,30.8,61.0,3.4,8.4,9.8,17.8,12.0,6.2,19.0,25.0,62.4,4.8,13.4,13.6,10.8,13.8,5.0,18.0,9.6,24.166666666666668,50.833333333333336,3.1666666666666665,10.166666666666666,12.666666666666666,14.333333333333334,17.166666666666668,7.5,18.166666666666668,20.5,57.333333333333336,5.833333333333333,23.5,11.166666666666666,12.0,13.333333333333334,8.166666666666666,20.5,12.833333333333334,0.5,0.6666666666666666,3,14,-11,2113.605682223814,1542.9350669005462,1612.0005275528713,1612.0005275528713
535,2014,3452,76,3107,61,0,23.857142857142858,56.42857142857143,4.428571428571429,15.0,14.142857142857142,10.857142857142858,14.142857142857142,6.857142857142857,18.714285714285715,20.0,53.714285714285715,4.0,14.428571428571429,11.142857142857142,9.0,15.571428571428571,5.571428571428571,19.714285714285715,10.571428571428571,25.4,56.0,2.0,8.4,14.4,15.8,16.2,8.4,19.4,18.4,52.0,4.2,16.8,12.0,10.6,17.4,6.4,18.8,11.8,0.75,1.0,2,15,-13,2118.5269907488414,1719.058293785265,1612.0005275528713,1612.0005275528713
536,2014,3124,75,3143,56,0,27.285714285714285,62.57142857142857,3.4285714285714284,13.714285714285714,15.857142857142858,15.714285714285714,13.571428571428571,7.0,16.428571428571427,22.571428571428573,59.714285714285715,5.857142857142857,19.0,12.0,11.857142857142858,15.857142857142858,5.857142857142857,20.714285714285715,12.142857142857142,26.5,66.25,3.75,15.0,15.0,15.5,14.0,4.25,17.25,28.5,70.75,7.5,21.75,13.25,14.25,11.25,6.5,20.75,0.75,1.0,0.0,2,7,-5,2403.484177865769,2027.4641337893963,1612.0005275528713,1612.0005275528713
537,2014,3140,80,3304,76,0,25.2,57.2,7.4,18.0,14.2,17.6,18.6,4.4,18.4,22.0,61.4,5.2,16.6,12.0,11.4,13.6,11.2,19.4,12.4,28.0,63.0,8.166666666666666,21.0,13.0,19.333333333333332,11.5,5.333333333333333,13.333333333333334,25.833333333333332,61.0,7.0,19.333333333333332,12.333333333333334,15.5,14.166666666666666,6.666666666666667,19.0,9.833333333333334,0.6666666666666666,1.0,12,4,8,1890.6893274670192,2076.4069975050725,1612.0005275528713,1612.0005275528713
538,2014,3177,74,3181,65,0,29.285714285714285,64.14285714285714,8.0,21.571428571428573,14.428571428571429,17.857142857142858,13.142857142857142,11.428571428571429,15.571428571428571,25.571428571428573,56.285714285714285,5.285714285714286,15.714285714285714,9.571428571428571,12.857142857142858,19.714285714285715,5.857142857142857,18.428571428571427,17.428571428571427,25.5,53.333333333333336,3.3333333333333335,10.0,13.0,11.5,17.833333333333332,6.5,15.333333333333334,23.666666666666668,63.833333333333336,6.666666666666667,22.333333333333332,14.5,13.166666666666666,11.666666666666666,7.333333333333333,17.166666666666668,3.1666666666666665,1.0,0.6666666666666666,7,2,5,2035.8951547480008,2280.028947411221,1612.0005275528713,1612.0005275528713
539,2014,3246,64,3393,59,0,26.0,59.666666666666664,3.8333333333333335,10.666666666666666,12.0,12.0,14.0,7.166666666666667,20.333333333333332,25.833333333333332,62.0,4.5,13.333333333333334,10.5,13.0,14.833333333333334,5.0,20.166666666666668,5.333333333333333,23.75,60.75,8.0,25.5,15.75,10.75,11.0,10.0,13.5,21.0,55.5,3.75,17.0,14.5,11.5,16.75,4.5,13.0,8.75,0.6666666666666666,0.5,3,6,-3,2153.0390655358474,1966.9552399213085,1612.0005275528713,1612.0005275528713
540,2014,3323,84,3113,67,0,30.5,61.0,4.833333333333333,12.833333333333334,12.333333333333334,18.333333333333332,13.0,10.0,14.0,24.5,59.833333333333336,3.6666666666666665,14.0,11.166666666666666,11.833333333333334,18.0,6.833333333333333,19.666666666666668,22.833333333333332,21.75,58.75,3.75,12.25,15.0,10.75,15.5,6.5,20.25,24.0,55.0,5.25,16.5,8.5,11.25,15.0,7.25,19.0,-3.25,1.0,0.0,1,9,-8,2503.509948322856,1849.434474040724,1612.0005275528713,1612.0005275528713
541,2014,3329,73,3345,66,0,24.333333333333332,58.166666666666664,3.0,11.666666666666666,10.166666666666666,10.333333333333334,11.666666666666666,7.333333333333333,18.833333333333332,22.5,54.666666666666664,6.833333333333333,19.5,10.666666666666666,12.833333333333334,15.0,4.166666666666667,15.5,-2.0,28.333333333333332,59.666666666666664,6.666666666666667,17.333333333333332,11.0,16.666666666666668,16.0,6.0,17.666666666666668,25.0,64.0,5.333333333333333,17.333333333333332,11.333333333333334,13.333333333333334,11.666666666666666,5.666666666666667,16.0,9.0,0.3333333333333333,0.0,5,4,1,2032.6965427487676,2030.7612878411303,1612.0005275528713,1612.0005275528713
542,2014,3390,63,3199,44,0,26.0,64.2,5.0,17.8,13.6,12.6,13.0,5.0,15.4,22.2,63.2,7.4,18.8,10.2,11.6,13.2,5.4,21.0,12.6,26.8,60.0,3.4,11.4,16.0,13.4,21.0,8.6,15.4,25.6,55.6,6.8,14.0,10.0,14.8,19.0,10.0,18.2,-0.2,0.5,0.5,2,10,-8,2356.4017425516217,1938.7401744055812,1612.0005275528713,1612.0005275528713
543,2014,3397,67,3385,51,0,27.166666666666668,62.833333333333336,2.3333333333333335,9.5,14.666666666666666,9.0,14.5,6.5,16.0,24.166666666666668,62.166666666666664,5.5,15.833333333333334,8.833333333333334,11.833333333333334,12.666666666666666,6.166666666666667,18.833333333333332,7.5,23.428571428571427,56.285714285714285,3.857142857142857,10.857142857142858,11.0,9.571428571428571,13.714285714285714,6.428571428571429,19.0,22.0,52.42857142857143,4.714285714285714,14.571428571428571,11.142857142857142,11.714285714285714,16.857142857142858,5.428571428571429,19.857142857142858,-1.0,1.0,0.75,1,8,-7,2235.0128445040154,1906.5181057736315,1612.0005275528713,1612.0005275528713
544,2014,3163,91,3386,52,0,28.571428571428573,58.285714285714285,7.142857142857143,19.142857142857142,10.857142857142858,18.714285714285715,13.0,8.571428571428571,10.857142857142858,18.571428571428573,60.42857142857143,3.857142857142857,14.857142857142858,11.0,7.142857142857143,15.857142857142858,5.857142857142857,16.0,31.0,27.8,65.8,4.2,13.0,12.2,17.4,11.6,7.2,18.6,22.6,60.2,4.0,14.0,14.0,13.2,16.0,4.8,16.6,6.8,1.0,0.5,1,9,-8,2524.711653068122,1812.8155174108665,1612.0005275528713,1612.0005275528713
545,2014,3257,83,3234,53,0,24.166666666666668,59.833333333333336,7.333333333333333,20.666666666666668,10.5,11.166666666666666,14.166666666666666,8.666666666666666,15.666666666666666,21.833333333333332,58.666666666666664,4.666666666666667,15.833333333333334,13.166666666666666,11.833333333333334,17.5,5.666666666666667,15.333333333333334,8.0,26.0,56.285714285714285,7.571428571428571,20.428571428571427,9.142857142857142,18.0,13.285714285714286,8.714285714285714,16.714285714285715,25.285714285714285,59.57142857142857,5.142857142857143,18.0,13.714285714285714,13.0,16.857142857142858,7.285714285714286,19.0,8.0,0.5,0.75,3,6,-3,2180.408949840089,2008.940482561351,1612.0005275528713,1612.0005275528713
546,2014,3261,76,3452,67,0,22.8,57.8,4.2,16.0,12.4,10.2,18.0,7.6,21.8,22.8,60.8,6.4,17.8,18.0,9.4,18.4,10.2,19.4,-5.2,23.857142857142858,56.42857142857143,4.428571428571429,15.0,14.142857142857142,10.857142857142858,14.142857142857142,6.857142857142857,18.714285714285715,20.0,53.714285714285715,4.0,14.428571428571429,11.142857142857142,9.0,15.571428571428571,5.571428571428571,19.714285714285715,10.571428571428571,0.5,0.75,7,2,5,1970.0213693798016,2118.5269907488414,1612.0005275528713,1612.0005275528713
547,2014,3268,69,3400,64,0,32.75,63.25,4.25,13.5,16.75,18.5,14.0,6.75,14.5,23.5,60.75,6.75,18.5,12.75,8.5,14.0,8.0,19.0,19.75,23.166666666666668,57.666666666666664,6.0,15.833333333333334,15.666666666666666,12.666666666666666,16.833333333333332,4.0,20.5,21.333333333333332,58.5,6.5,21.5,11.0,11.0,10.166666666666666,7.166666666666667,19.333333333333332,1.3333333333333333,0.0,0.6666666666666666,4,5,-1,2161.102701950944,1954.4150921308212,1612.0005275528713,1612.0005275528713
548,2014,3314,62,3277,53,0,23.0,62.5,5.666666666666667,21.0,14.0,12.0,16.333333333333332,9.0,20.5,24.833333333333332,55.166666666666664,3.5,11.833333333333334,11.666666666666666,12.166666666666666,19.166666666666668,7.0,18.5,-3.6666666666666665,26.2,60.6,5.6,18.0,15.2,16.4,16.4,7.8,17.6,23.0,58.8,5.0,15.8,10.8,13.4,12.4,7.2,15.6,8.0,0.6666666666666666,0.5,4,5,-1,2109.9466497821813,2004.030009288771,1612.0005275528713,1612.0005275528713
549,2014,3336,83,3196,61,0,27.0,62.0,4.333333333333333,12.333333333333334,14.333333333333334,13.0,12.0,8.333333333333334,18.666666666666668,31.333333333333332,58.666666666666664,11.0,20.0,9.0,20.333333333333332,14.333333333333334,4.666666666666667,19.0,-7.333333333333333,24.8,56.2,6.6,15.6,8.2,13.0,16.6,5.8,22.4,25.2,59.8,4.2,16.4,15.2,13.4,16.0,8.0,17.8,-4.2,0.0,0.5,3,11,-8,2070.943772390479,1894.681436169665,1612.0005275528713,1612.0005275528713
550,2014,3376,78,3333,69,0,23.6,52.4,1.8,9.6,8.4,11.2,14.6,4.2,15.6,22.6,64.6,3.8,12.8,13.8,10.4,9.8,6.6,21.4,4.4,24.0,52.666666666666664,7.833333333333333,21.333333333333332,9.0,13.166666666666666,12.833333333333334,5.333333333333333,15.333333333333334,18.833333333333332,62.0,2.8333333333333335,10.833333333333334,14.0,8.5,9.5,5.5,17.833333333333332,14.833333333333334,0.5,0.6666666666666666,1,9,-8,2116.454154995696,1840.2065325703416,1612.0005275528713,1612.0005275528713
551,2014,3401,85,3241,69,0,30.8,61.0,3.4,8.4,9.8,17.8,12.0,6.2,19.0,25.0,62.4,4.8,13.4,13.6,10.8,13.8,5.0,18.0,9.6,26.0,63.857142857142854,7.0,22.714285714285715,16.285714285714285,15.428571428571429,12.714285714285714,7.857142857142857,15.142857142857142,18.428571428571427,55.857142857142854,3.5714285714285716,12.285714285714286,10.0,8.571428571428571,16.285714285714285,5.428571428571429,18.0,21.714285714285715,0.5,1.0,3,11,-8,2113.605682223814,1904.9302741140425,1612.0005275528713,1612.0005275528713
552,2014,3124,90,3246,72,0,27.285714285714285,62.57142857142857,3.4285714285714284,13.714285714285714,15.857142857142858,15.714285714285714,13.571428571428571,7.0,16.428571428571427,22.571428571428573,59.714285714285715,5.857142857142857,19.0,12.0,11.857142857142858,15.857142857142858,5.857142857142857,20.714285714285715,12.142857142857142,26.0,59.666666666666664,3.8333333333333335,10.666666666666666,12.0,12.0,14.0,7.166666666666667,20.333333333333332,25.833333333333332,62.0,4.5,13.333333333333334,10.5,13.0,14.833333333333334,5.0,20.166666666666668,5.333333333333333,1.0,0.6666666666666666,2,3,-1,2403.484177865769,2153.0390655358474,1612.0005275528713,1612.0005275528713
553,2014,3163,70,3140,51,0,28.571428571428573,58.285714285714285,7.142857142857143,19.142857142857142,10.857142857142858,18.714285714285715,13.0,8.571428571428571,10.857142857142858,18.571428571428573,60.42857142857143,3.857142857142857,14.857142857142858,11.0,7.142857142857143,15.857142857142858,5.857142857142857,16.0,31.0,25.2,57.2,7.4,18.0,14.2,17.6,18.6,4.4,18.4,22.0,61.4,5.2,16.6,12.0,11.4,13.6,11.2,19.4,12.4,1.0,0.6666666666666666,1,12,-11,2524.711653068122,1890.6893274670192,1612.0005275528713,1612.0005275528713
554,2014,3323,89,3329,72,0,30.5,61.0,4.833333333333333,12.833333333333334,12.333333333333334,18.333333333333332,13.0,10.0,14.0,24.5,59.833333333333336,3.6666666666666665,14.0,11.166666666666666,11.833333333333334,18.0,6.833333333333333,19.666666666666668,22.833333333333332,24.333333333333332,58.166666666666664,3.0,11.666666666666666,10.166666666666666,10.333333333333334,11.666666666666666,7.333333333333333,18.833333333333332,22.5,54.666666666666664,6.833333333333333,19.5,10.666666666666666,12.833333333333334,15.0,4.166666666666667,15.5,-2.0,1.0,0.3333333333333333,1,5,-4,2503.509948322856,2032.6965427487676,1612.0005275528713,1612.0005275528713
555,2014,3401,84,3177,65,0,30.8,61.0,3.4,8.4,9.8,17.8,12.0,6.2,19.0,25.0,62.4,4.8,13.4,13.6,10.8,13.8,5.0,18.0,9.6,29.285714285714285,64.14285714285714,8.0,21.571428571428573,14.428571428571429,17.857142857142858,13.142857142857142,11.428571428571429,15.571428571428571,25.571428571428573,56.285714285714285,5.285714285714286,15.714285714285714,9.571428571428571,12.857142857142858,19.714285714285715,5.857142857142857,18.428571428571427,17.428571428571427,0.5,1.0,3,7,-4,2113.605682223814,2035.8951547480008,1612.0005275528713,1612.0005275528713
556,2014,3257,73,3261,47,0,24.166666666666668,59.833333333333336,7.333333333333333,20.666666666666668,10.5,11.166666666666666,14.166666666666666,8.666666666666666,15.666666666666666,21.833333333333332,58.666666666666664,4.666666666666667,15.833333333333334,13.166666666666666,11.833333333333334,17.5,5.666666666666667,15.333333333333334,8.0,22.8,57.8,4.2,16.0,12.4,10.2,18.0,7.6,21.8,22.8,60.8,6.4,17.8,18.0,9.4,18.4,10.2,19.4,-5.2,0.5,0.5,3,7,-4,2180.408949840089,1970.0213693798016,1612.0005275528713,1612.0005275528713
557,2014,3268,73,3397,62,0,32.75,63.25,4.25,13.5,16.75,18.5,14.0,6.75,14.5,23.5,60.75,6.75,18.5,12.75,8.5,14.0,8.0,19.0,19.75,27.166666666666668,62.833333333333336,2.3333333333333335,9.5,14.666666666666666,9.0,14.5,6.5,16.0,24.166666666666668,62.166666666666664,5.5,15.833333333333334,8.833333333333334,11.833333333333334,12.666666666666666,6.166666666666667,18.833333333333332,7.5,0.0,1.0,4,1,3,2161.102701950944,2235.0128445040154,1612.0005275528713,1612.0005275528713
558,2014,3314,65,3376,58,0,23.0,62.5,5.666666666666667,21.0,14.0,12.0,16.333333333333332,9.0,20.5,24.833333333333332,55.166666666666664,3.5,11.833333333333334,11.666666666666666,12.166666666666666,19.166666666666668,7.0,18.5,-3.6666666666666665,23.6,52.4,1.8,9.6,8.4,11.2,14.6,4.2,15.6,22.6,64.6,3.8,12.8,13.8,10.4,9.8,6.6,21.4,4.4,0.6666666666666666,0.5,4,1,3,2109.9466497821813,2116.454154995696,1612.0005275528713,1612.0005275528713
559,2014,3390,82,3336,57,0,26.0,64.2,5.0,17.8,13.6,12.6,13.0,5.0,15.4,22.2,63.2,7.4,18.8,10.2,11.6,13.2,5.4,21.0,12.6,27.0,62.0,4.333333333333333,12.333333333333334,14.333333333333334,13.0,12.0,8.333333333333334,18.666666666666668,31.333333333333332,58.666666666666664,11.0,20.0,9.0,20.333333333333332,14.333333333333334,4.666666666666667,19.0,-7.333333333333333,0.5,0.0,2,3,-1,2356.4017425516217,2070.943772390479,1612.0005275528713,1612.0005275528713
560,2014,3163,69,3401,54,0,28.571428571428573,58.285714285714285,7.142857142857143,19.142857142857142,10.857142857142858,18.714285714285715,13.0,8.571428571428571,10.857142857142858,18.571428571428573,60.42857142857143,3.857142857142857,14.857142857142858,11.0,7.142857142857143,15.857142857142858,5.857142857142857,16.0,31.0,30.8,61.0,3.4,8.4,9.8,17.8,12.0,6.2,19.0,25.0,62.4,4.8,13.4,13.6,10.8,13.8,5.0,18.0,9.6,1.0,0.5,1,3,-2,2524.711653068122,2113.605682223814,1612.0005275528713,1612.0005275528713
561,2014,3323,88,3124,69,1,30.5,61.0,4.833333333333333,12.833333333333334,12.333333333333334,18.333333333333332,13.0,10.0,14.0,24.5,59.833333333333336,3.6666666666666665,14.0,11.166666666666666,11.833333333333334,18.0,6.833333333333333,19.666666666666668,22.833333333333332,27.285714285714285,62.57142857142857,3.4285714285714284,13.714285714285714,15.857142857142858,15.714285714285714,13.571428571428571,7.0,16.428571428571427,22.571428571428573,59.714285714285715,5.857142857142857,19.0,12.0,11.857142857142858,15.857142857142858,5.857142857142857,20.714285714285715,12.142857142857142,1.0,1.0,1,2,-1,2503.509948322856,2403.484177865769,1612.0005275528713,1612.0005275528713
562,2014,3268,76,3257,73,-1,32.75,63.25,4.25,13.5,16.75,18.5,14.0,6.75,14.5,23.5,60.75,6.75,18.5,12.75,8.5,14.0,8.0,19.0,19.75,24.166666666666668,59.833333333333336,7.333333333333333,20.666666666666668,10.5,11.166666666666666,14.166666666666666,8.666666666666666,15.666666666666666,21.833333333333332,58.666666666666664,4.666666666666667,15.833333333333334,13.166666666666666,11.833333333333334,17.5,5.666666666666667,15.333333333333334,8.0,0.0,0.5,4,3,1,2161.102701950944,2180.408949840089,1612.0005275528713,1612.0005275528713
563,2014,3390,74,3314,65,1,26.0,64.2,5.0,17.8,13.6,12.6,13.0,5.0,15.4,22.2,63.2,7.4,18.8,10.2,11.6,13.2,5.4,21.0,12.6,23.0,62.5,5.666666666666667,21.0,14.0,12.0,16.333333333333332,9.0,20.5,24.833333333333332,55.166666666666664,3.5,11.833333333333334,11.666666666666666,12.166666666666666,19.166666666666668,7.0,18.5,-3.6666666666666665,0.5,0.6666666666666666,2,4,-2,2356.4017425516217,2109.9466497821813,1612.0005275528713,1612.0005275528713
564,2014,3163,75,3390,56,0,28.571428571428573,58.285714285714285,7.142857142857143,19.142857142857142,10.857142857142858,18.714285714285715,13.0,8.571428571428571,10.857142857142858,18.571428571428573,60.42857142857143,3.857142857142857,14.857142857142858,11.0,7.142857142857143,15.857142857142858,5.857142857142857,16.0,31.0,26.0,64.2,5.0,17.8,13.6,12.6,13.0,5.0,15.4,22.2,63.2,7.4,18.8,10.2,11.6,13.2,5.4,21.0,12.6,1.0,0.5,1,2,-1,2524.711653068122,2356.4017425516217,1612.0005275528713,1612.0005275528713
565,2014,3323,87,3268,61,0,30.5,61.0,4.833333333333333,12.833333333333334,12.333333333333334,18.333333333333332,13.0,10.0,14.0,24.5,59.833333333333336,3.6666666666666665,14.0,11.166666666666666,11.833333333333334,18.0,6.833333333333333,19.666666666666668,22.833333333333332,32.75,63.25,4.25,13.5,16.75,18.5,14.0,6.75,14.5,23.5,60.75,6.75,18.5,12.75,8.5,14.0,8.0,19.0,19.75,1.0,0.0,1,4,-3,2503.509948322856,2161.102701950944,1612.0005275528713,1612.0005275528713
566,2014,3163,79,3323,58,0,28.571428571428573,58.285714285714285,7.142857142857143,19.142857142857142,10.857142857142858,18.714285714285715,13.0,8.571428571428571,10.857142857142858,18.571428571428573,60.42857142857143,3.857142857142857,14.857142857142858,11.0,7.142857142857143,15.857142857142858,5.857142857142857,16.0,31.0,30.5,61.0,4.833333333333333,12.833333333333334,12.333333333333334,18.333333333333332,13.0,10.0,14.0,24.5,59.833333333333336,3.6666666666666665,14.0,11.166666666666666,11.833333333333334,18.0,6.833333333333333,19.666666666666668,22.833333333333332,1.0,1.0,1,1,0,2524.711653068122,2503.509948322856,1612.0005275528713,1612.0005275528713
567,2014,3435,61,3113,69,0,21.25,53.5,5.5,15.25,11.25,14.5,15.0,5.0,17.0,24.0,54.5,5.25,17.75,10.5,12.25,14.5,5.75,19.25,-5.25,21.75,58.75,3.75,12.25,15.0,10.75,15.5,6.5,20.25,24.0,55.0,5.25,16.5,8.5,11.25,15.0,7.25,19.0,-3.25,0.0,0.0,8,9,-1,1899.489845825631,1849.434474040724,1612.0005275528713,1612.0005275528713
568,2014,3443,74,3124,87,-1,27.0,60.125,4.5,12.375,12.75,14.125,12.375,11.125,17.25,24.0,56.0,4.5,14.625,9.625,12.875,18.375,5.875,20.75,14.875,27.285714285714285,62.57142857142857,3.4285714285714284,13.714285714285714,15.857142857142858,15.714285714285714,13.571428571428571,7.0,16.428571428571427,22.571428571428573,59.714285714285715,5.857142857142857,19.0,12.0,11.857142857142858,15.857142857142858,5.857142857142857,20.714285714285715,12.142857142857142,1.0,1.0,15,2,13,1595.9492712352126,2403.484177865769,1612.0005275528713,1612.0005275528713
569,2014,3301,57,3140,72,0,24.0,58.2,5.8,18.8,12.6,13.0,13.8,4.6,17.4,26.2,61.2,6.4,19.8,13.0,13.8,10.6,9.0,17.8,-6.0,25.2,57.2,7.4,18.0,14.2,17.6,18.6,4.4,18.4,22.0,61.4,5.2,16.6,12.0,11.4,13.6,11.2,19.4,12.4,0.5,0.6666666666666666,5,12,-7,1976.2654270927344,1890.6893274670192,1612.0005275528713,1612.0005275528713
570,2014,3200,63,3143,64,0,23.166666666666668,56.166666666666664,6.5,18.166666666666668,12.333333333333334,15.166666666666666,13.5,4.166666666666667,14.0,19.0,56.666666666666664,2.6666666666666665,10.666666666666666,8.833333333333334,9.0,10.166666666666666,5.5,14.5,12.0,26.5,66.25,3.75,15.0,15.0,15.5,14.0,4.25,17.25,28.5,70.75,7.5,21.75,13.25,14.25,11.25,6.5,20.75,0.75,1.0,0.0,10,7,3,1760.7033877364624,2027.4641337893963,1612.0005275528713,1612.0005275528713
571,2014,3328,100,3177,104,0,25.8,64.6,8.6,23.6,15.2,13.6,15.4,8.8,23.2,22.8,55.0,6.0,17.2,9.2,12.4,16.6,10.0,19.8,6.2,29.285714285714285,64.14285714285714,8.0,21.571428571428573,14.428571428571429,17.857142857142858,13.142857142857142,11.428571428571429,15.571428571428571,25.571428571428573,56.285714285714285,5.285714285714286,15.714285714285714,9.571428571428571,12.857142857142858,19.714285714285715,5.857142857142857,18.428571428571427,17.428571428571427,0.5,1.0,10,7,3,1944.6696742751649,2035.8951547480008,1612.0005275528713,1612.0005275528713
572,2014,3457,45,3181,87,-1,27.333333333333332,62.0,3.5,13.166666666666666,13.5,13.0,12.5,11.833333333333334,15.5,24.0,59.666666666666664,6.166666666666667,19.5,13.166666666666666,13.0,17.5,6.666666666666667,17.5,8.333333333333334,25.5,53.333333333333336,3.3333333333333335,10.0,13.0,11.5,17.833333333333332,6.5,15.333333333333334,23.666666666666668,63.833333333333336,6.666666666666667,22.333333333333332,14.5,13.166666666666666,11.666666666666666,7.333333333333333,17.166666666666668,3.1666666666666665,1.0,0.6666666666666666,15,2,13,1526.2263606378535,2280.028947411221,1612.0005275528713,1612.0005275528713
573,2014,3235,44,3199,55,1,24.0,55.8,9.6,27.8,7.4,15.2,12.0,4.6,14.6,27.4,61.2,5.0,15.2,12.0,16.4,13.0,5.6,18.2,3.2,26.8,60.0,3.4,11.4,16.0,13.4,21.0,8.6,15.4,25.6,55.6,6.8,14.0,10.0,14.8,19.0,10.0,18.2,-0.2,0.0,0.5,7,10,-3,1978.5634248993235,1938.7401744055812,1612.0005275528713,1612.0005275528713
574,2014,3460,60,3246,106,-1,31.125,72.0,8.125,23.75,14.75,13.5,10.875,11.5,18.125,26.875,63.0,5.875,21.0,13.5,15.875,21.5,4.125,19.875,16.125,26.0,59.666666666666664,3.8333333333333335,10.666666666666666,12.0,12.0,14.0,7.166666666666667,20.333333333333332,25.833333333333332,62.0,4.5,13.333333333333334,10.5,13.0,14.833333333333334,5.0,20.166666666666668,5.333333333333333,1.0,0.6666666666666666,14,3,11,1628.3802612940406,2153.0390655358474,1612.0005275528713,1612.0005275528713
575,2014,3201,55,3304,74,0,26.142857142857142,59.57142857142857,8.0,22.428571428571427,11.428571428571429,15.285714285714286,13.857142857142858,7.142857142857143,17.714285714285715,25.428571428571427,65.0,3.5714285714285716,16.428571428571427,15.0,9.714285714285714,15.142857142857142,7.571428571428571,20.714285714285715,10.571428571428571,28.0,63.0,8.166666666666666,21.0,13.0,19.333333333333332,11.5,5.333333333333333,13.333333333333334,25.833333333333332,61.0,7.0,19.333333333333332,12.333333333333334,15.5,14.166666666666666,6.666666666666667,19.0,9.833333333333334,1.0,1.0,13,4,9,1718.914814398894,2076.4069975050725,1612.0005275528713,1612.0005275528713
576,2014,3352,42,3323,93,0,27.142857142857142,58.0,5.428571428571429,17.142857142857142,10.857142857142858,15.0,16.285714285714285,6.857142857142857,17.0,24.571428571428573,61.57142857142857,7.714285714285714,21.571428571428573,10.714285714285714,14.857142857142858,14.571428571428571,7.428571428571429,20.285714285714285,5.142857142857143,30.5,61.0,4.833333333333333,12.833333333333334,12.333333333333334,18.333333333333332,13.0,10.0,14.0,24.5,59.833333333333336,3.6666666666666665,14.0,11.166666666666666,11.833333333333334,18.0,6.833333333333333,19.666666666666668,22.833333333333332,1.0,1.0,16,1,15,1425.7735381010373,2503.509948322856,1612.0005275528713,1612.0005275528713
577,2014,3195,60,3329,61,0,28.0,61.57142857142857,11.857142857142858,31.285714285714285,10.142857142857142,18.714285714285715,12.0,9.857142857142858,15.857142857142858,22.0,59.57142857142857,6.142857142857143,18.0,11.857142857142858,11.142857142857142,16.714285714285715,4.0,17.714285714285715,20.0,24.333333333333332,58.166666666666664,3.0,11.666666666666666,10.166666666666666,10.333333333333334,11.666666666666666,7.333333333333333,18.833333333333332,22.5,54.666666666666664,6.833333333333333,19.5,10.666666666666666,12.833333333333334,15.0,4.166666666666667,15.5,-2.0,1.0,0.3333333333333333,12,5,7,1784.2612616295664,2032.6965427487676,1612.0005275528713,1612.0005275528713
578,2014,3103,55,3345,84,-1,29.25,64.5,5.875,16.875,14.875,17.875,14.75,6.0,16.125,24.875,65.125,6.0,23.375,13.5,12.75,14.125,8.5,20.875,12.375,28.333333333333332,59.666666666666664,6.666666666666667,17.333333333333332,11.0,16.666666666666668,16.0,6.0,17.666666666666668,25.0,64.0,5.333333333333333,17.333333333333332,11.333333333333334,13.333333333333334,11.666666666666666,5.666666666666667,16.0,9.0,0.8,0.0,13,4,9,1669.829311104898,2030.7612878411303,1612.0005275528713,1612.0005275528713
579,2014,3425,68,3385,71,0,23.857142857142858,58.714285714285715,5.857142857142857,13.285714285714286,10.571428571428571,14.0,12.857142857142858,7.428571428571429,18.857142857142858,22.0,58.714285714285715,3.7142857142857144,14.0,12.571428571428571,10.857142857142858,15.285714285714286,5.857142857142857,18.857142857142858,4.0,23.428571428571427,56.285714285714285,3.857142857142857,10.857142857142858,11.0,9.571428571428571,13.714285714285714,6.428571428571429,19.0,22.0,52.42857142857143,4.714285714285714,14.571428571428571,11.142857142857142,11.714285714285714,16.857142857142858,5.428571428571429,19.857142857142858,-1.0,1.0,0.75,9,8,1,1883.4478990214727,1906.5181057736315,1612.0005275528713,1612.0005275528713
580,2014,3377,62,3390,81,0,27.833333333333332,61.833333333333336,5.666666666666667,15.5,11.666666666666666,14.5,11.5,7.833333333333333,23.0,27.666666666666668,62.0,5.666666666666667,15.166666666666666,12.0,12.5,12.0,5.0,20.666666666666668,4.5,26.0,64.2,5.0,17.8,13.6,12.6,13.0,5.0,15.4,22.2,63.2,7.4,18.8,10.2,11.6,13.2,5.4,21.0,12.6,1.0,0.5,15,2,13,1541.715827407951,2356.4017425516217,1612.0005275528713,1612.0005275528713
581,2014,3151,53,3393,59,0,28.666666666666668,62.666666666666664,4.666666666666667,16.333333333333332,12.333333333333334,16.333333333333332,13.666666666666666,10.666666666666666,15.666666666666666,19.5,53.666666666666664,3.1666666666666665,11.0,9.5,10.333333333333334,18.333333333333332,6.333333333333333,14.0,18.333333333333332,23.75,60.75,8.0,25.5,15.75,10.75,11.0,10.0,13.5,21.0,55.5,3.75,17.0,14.5,11.5,16.75,4.5,13.0,8.75,1.0,0.5,11,6,5,1815.647679552619,1966.9552399213085,1612.0005275528713,1612.0005275528713
582,2014,3322,46,3397,70,-1,24.5,53.375,5.375,17.0,8.875,14.5,11.125,7.125,12.875,21.25,55.25,5.375,19.375,12.125,11.625,14.75,4.25,15.625,9.75,27.166666666666668,62.833333333333336,2.3333333333333335,9.5,14.666666666666666,9.0,14.5,6.5,16.0,24.166666666666668,62.166666666666664,5.5,15.833333333333334,8.833333333333334,11.833333333333334,12.666666666666666,6.166666666666667,18.833333333333332,7.5,1.0,1.0,16,1,15,1437.5805762134337,2235.0128445040154,1612.0005275528713,1612.0005275528713
583,2014,3341,44,3163,87,-1,22.11111111111111,60.666666666666664,5.0,16.333333333333332,13.666666666666666,10.11111111111111,14.777777777777779,9.444444444444445,18.666666666666668,22.0,59.77777777777778,4.111111111111111,14.666666666666666,15.222222222222221,11.222222222222221,20.555555555555557,6.444444444444445,24.77777777777778,6.777777777777778,28.571428571428573,58.285714285714285,7.142857142857143,19.142857142857142,10.857142857142858,18.714285714285715,13.0,8.571428571428571,10.857142857142858,18.571428571428573,60.42857142857143,3.857142857142857,14.857142857142858,11.0,7.142857142857143,15.857142857142858,5.857142857142857,16.0,31.0,0.5,1.0,16,1,15,1312.118143236221,2524.711653068122,1612.0005275528713,1612.0005275528713
584,2014,3173,69,3196,83,0,28.5,66.0,4.166666666666667,16.333333333333332,12.833333333333334,13.833333333333334,11.833333333333334,5.333333333333333,16.0,24.666666666666668,66.33333333333333,4.333333333333333,16.833333333333332,14.666666666666666,13.833333333333334,13.0,5.833333333333333,15.5,6.0,24.8,56.2,6.6,15.6,8.2,13.0,16.6,5.8,22.4,25.2,59.8,4.2,16.4,15.2,13.4,16.0,8.0,17.8,-4.2,0.6666666666666666,0.5,6,11,-5,1923.973684072993,1894.681436169665,1612.0005275528713,1612.0005275528713
585,2014,3265,65,3234,87,-1,25.666666666666668,52.166666666666664,8.333333333333334,18.833333333333332,8.166666666666666,17.5,12.833333333333334,6.5,13.0,22.333333333333332,60.0,5.666666666666667,17.333333333333332,12.666666666666666,11.833333333333334,12.833333333333334,7.166666666666667,18.5,17.833333333333332,26.0,56.285714285714285,7.571428571428571,20.428571428571427,9.142857142857142,18.0,13.285714285714286,8.714285714285714,16.714285714285715,25.285714285714285,59.57142857142857,5.142857142857143,18.0,13.714285714285714,13.0,16.857142857142858,7.285714285714286,19.0,8.0,1.0,0.75,11,6,5,1840.7200076576737,2008.940482561351,1612.0005275528713,1612.0005275528713
586,2014,3211,63,3241,72,0,26.666666666666668,63.5,5.166666666666667,14.333333333333334,17.166666666666668,15.333333333333334,11.833333333333334,9.166666666666666,18.833333333333332,22.166666666666668,53.5,3.6666666666666665,10.333333333333334,11.0,9.333333333333334,17.0,5.166666666666667,20.833333333333332,10.0,26.0,63.857142857142854,7.0,22.714285714285715,16.285714285714285,15.428571428571429,12.714285714285714,7.857142857142857,15.142857142857142,18.428571428571427,55.857142857142854,3.5714285714285716,12.285714285714286,10.0,8.571428571428571,16.285714285714285,5.428571428571429,18.0,21.714285714285715,1.0,1.0,6,11,-5,2013.2231896167852,1904.9302741140425,1612.0005275528713,1612.0005275528713
587,2014,3225,42,3257,88,0,26.714285714285715,61.0,9.571428571428571,26.142857142857142,11.285714285714286,16.857142857142858,10.285714285714286,7.0,12.714285714285714,21.285714285714285,61.142857142857146,5.285714285714286,17.428571428571427,11.285714285714286,11.142857142857142,13.571428571428571,5.714285714285714,16.571428571428573,19.0,24.166666666666668,59.833333333333336,7.333333333333333,20.666666666666668,10.5,11.166666666666666,14.166666666666666,8.666666666666666,15.666666666666666,21.833333333333332,58.666666666666664,4.666666666666667,15.833333333333334,13.166666666666666,11.833333333333334,17.5,5.666666666666667,15.333333333333334,8.0,1.0,0.5,14,3,11,1590.147396039695,2180.408949840089,1612.0005275528713,1612.0005275528713
588,2014,3210,78,3261,98,-1,26.2,65.4,5.0,16.6,16.0,10.0,12.6,7.2,19.8,28.2,61.0,4.6,16.4,14.2,15.4,14.6,6.4,18.2,-5.6,22.8,57.8,4.2,16.0,12.4,10.2,18.0,7.6,21.8,22.8,60.8,6.4,17.8,18.0,9.4,18.4,10.2,19.4,-5.2,0.5,0.5,10,7,3,1915.4147149958392,1970.0213693798016,1612.0005275528713,1612.0005275528713
589,2014,3119,52,3268,90,-1,23.0,54.57142857142857,6.714285714285714,18.428571428571427,11.285714285714286,14.142857142857142,10.571428571428571,4.857142857142857,18.0,19.571428571428573,52.857142857142854,4.714285714285714,13.571428571428571,10.285714285714286,11.428571428571429,11.714285714285714,4.571428571428571,16.571428571428573,11.142857142857142,32.75,63.25,4.25,13.5,16.75,18.5,14.0,6.75,14.5,23.5,60.75,6.75,18.5,12.75,8.5,14.0,8.0,19.0,19.75,1.0,0.0,13,4,9,1567.4227111114544,2161.102701950944,1612.0005275528713,1612.0005275528713
590,2014,3214,61,3277,91,0,22.142857142857142,62.857142857142854,5.142857142857143,17.428571428571427,15.857142857142858,10.285714285714286,14.0,7.714285714285714,18.857142857142858,17.428571428571427,60.857142857142854,2.5714285714285716,12.571428571428571,16.142857142857142,6.857142857142857,18.285714285714285,4.714285714285714,22.571428571428573,14.571428571428571,26.2,60.6,5.6,18.0,15.2,16.4,16.4,7.8,17.6,23.0,58.8,5.0,15.8,10.8,13.4,12.4,7.2,15.6,8.0,1.0,0.5,12,5,7,1785.0041296801144,2004.030009288771,1612.0005275528713,1612.0005275528713
591,2014,3404,58,3314,60,-1,33.2,64.6,11.4,24.0,9.8,18.2,8.8,11.8,14.6,24.8,60.0,7.4,21.0,11.2,16.8,20.6,4.8,20.0,27.2,23.0,62.5,5.666666666666667,21.0,14.0,12.0,16.333333333333332,9.0,20.5,24.833333333333332,55.166666666666664,3.5,11.833333333333334,11.666666666666666,12.166666666666666,19.166666666666668,7.0,18.5,-3.6666666666666665,1.0,0.6666666666666666,13,4,9,1623.3652361864952,2109.9466497821813,1612.0005275528713,1612.0005275528713
592,2014,3292,36,3333,55,0,22.142857142857142,55.42857142857143,6.0,20.714285714285715,15.857142857142858,12.142857142857142,11.428571428571429,6.714285714285714,13.714285714285714,21.571428571428573,56.0,4.0,15.142857142857142,11.571428571428571,11.428571428571429,15.142857142857142,5.285714285714286,22.285714285714285,11.571428571428571,24.0,52.666666666666664,7.833333333333333,21.333333333333332,9.0,13.166666666666666,12.833333333333334,5.333333333333333,15.333333333333334,18.833333333333332,62.0,2.8333333333333335,10.833333333333334,14.0,8.5,9.5,5.5,17.833333333333332,14.833333333333334,1.0,0.6666666666666666,8,9,-1,1937.5430249657263,1840.2065325703416,1612.0005275528713,1612.0005275528713
593,2014,3455,56,3336,62,-1,25.714285714285715,59.857142857142854,2.7142857142857144,12.0,11.714285714285714,13.285714285714286,12.285714285714286,10.857142857142858,18.428571428571427,20.142857142857142,48.857142857142854,4.571428571428571,13.0,11.714285714285714,10.714285714285714,21.142857142857142,6.0,18.285714285714285,9.857142857142858,27.0,62.0,4.333333333333333,12.333333333333334,14.333333333333334,13.0,12.0,8.333333333333334,18.666666666666668,31.333333333333332,58.666666666666664,11.0,20.0,9.0,20.333333333333332,14.333333333333334,4.666666666666667,19.0,-7.333333333333333,1.0,0.0,14,3,11,1762.7983791019094,2070.943772390479,1612.0005275528713,1612.0005275528713
594,2014,3169,58,3376,73,0,25.666666666666668,62.166666666666664,8.666666666666666,21.333333333333332,14.833333333333334,15.166666666666666,14.0,7.0,18.0,21.166666666666668,58.0,5.166666666666667,15.166666666666666,12.166666666666666,10.0,14.5,6.833333333333333,14.833333333333334,9.0,23.6,52.4,1.8,9.6,8.4,11.2,14.6,4.2,15.6,22.6,64.6,3.8,12.8,13.8,10.4,9.8,6.6,21.4,4.4,1.0,0.5,16,1,15,1537.4594813674912,2116.454154995696,1612.0005275528713,1612.0005275528713
595,2014,3208,57,3386,67,0,22.2,60.2,4.4,16.2,15.6,9.6,16.2,8.2,23.4,19.6,46.6,1.8,8.8,8.4,10.2,16.8,6.6,17.6,0.2,27.8,65.8,4.2,13.0,12.2,17.4,11.6,7.2,18.6,22.6,60.2,4.0,14.0,14.0,13.2,16.0,4.8,16.6,6.8,0.5,0.5,8,9,-1,1975.2261721373943,1812.8155174108665,1612.0005275528713,1612.0005275528713
596,2014,3335,61,3400,79,0,22.0,53.0,5.333333333333333,16.0,10.5,14.666666666666666,14.5,7.0,13.166666666666666,19.333333333333332,58.666666666666664,5.5,15.5,12.166666666666666,11.333333333333334,14.666666666666666,8.0,17.666666666666668,10.833333333333334,23.166666666666668,57.666666666666664,6.0,15.833333333333334,15.666666666666666,12.666666666666666,16.833333333333332,4.0,20.5,21.333333333333332,58.5,6.5,21.5,11.0,11.0,10.166666666666666,7.166666666666667,19.333333333333332,1.3333333333333333,1.0,0.6666666666666666,12,5,7,1577.0913146730657,1954.4150921308212,1612.0005275528713,1612.0005275528713
597,2014,3315,55,3401,70,-1,24.166666666666668,50.833333333333336,3.1666666666666665,10.166666666666666,12.666666666666666,14.333333333333334,17.166666666666668,7.5,18.166666666666668,20.5,57.333333333333336,5.833333333333333,23.5,11.166666666666666,12.0,13.333333333333334,8.166666666666666,20.5,12.833333333333334,30.8,61.0,3.4,8.4,9.8,17.8,12.0,6.2,19.0,25.0,62.4,4.8,13.4,13.6,10.8,13.8,5.0,18.0,9.6,0.6666666666666666,0.5,14,3,11,1542.9350669005462,2113.605682223814,1612.0005275528713,1612.0005275528713
598,2014,3107,61,3452,76,0,25.4,56.0,2.0,8.4,14.4,15.8,16.2,8.4,19.4,18.4,52.0,4.2,16.8,12.0,10.6,17.4,6.4,18.8,11.8,23.857142857142858,56.42857142857143,4.428571428571429,15.0,14.142857142857142,10.857142857142858,14.142857142857142,6.857142857142857,18.714285714285715,20.0,53.714285714285715,4.0,14.428571428571429,11.142857142857142,9.0,15.571428571428571,5.571428571428571,19.714285714285715,10.571428571428571,1.0,0.75,15,2,13,1719.058293785265,2118.5269907488414,1612.0005275528713,1612.0005275528713
599,2014,3143,56,3124,75,0,26.5,66.25,3.75,15.0,15.0,15.5,14.0,4.25,17.25,28.5,70.75,7.5,21.75,13.25,14.25,11.25,6.5,20.75,0.75,27.285714285714285,62.57142857142857,3.4285714285714284,13.714285714285714,15.857142857142858,15.714285714285714,13.571428571428571,7.0,16.428571428571427,22.571428571428573,59.714285714285715,5.857142857142857,19.0,12.0,11.857142857142858,15.857142857142858,5.857142857142857,20.714285714285715,12.142857142857142,0.0,1.0,7,2,5,2027.4641337893963,2403.484177865769,1612.0005275528713,1612.0005275528713
600,2014,3304,76,3140,80,0,28.0,63.0,8.166666666666666,21.0,13.0,19.333333333333332,11.5,5.333333333333333,13.333333333333334,25.833333333333332,61.0,7.0,19.333333333333332,12.333333333333334,15.5,14.166666666666666,6.666666666666667,19.0,9.833333333333334,25.2,57.2,7.4,18.0,14.2,17.6,18.6,4.4,18.4,22.0,61.4,5.2,16.6,12.0,11.4,13.6,11.2,19.4,12.4,1.0,0.6666666666666666,4,12,-8,2076.4069975050725,1890.6893274670192,1612.0005275528713,1612.0005275528713
601,2014,3181,65,3177,74,0,25.5,53.333333333333336,3.3333333333333335,10.0,13.0,11.5,17.833333333333332,6.5,15.333333333333334,23.666666666666668,63.833333333333336,6.666666666666667,22.333333333333332,14.5,13.166666666666666,11.666666666666666,7.333333333333333,17.166666666666668,3.1666666666666665,29.285714285714285,64.14285714285714,8.0,21.571428571428573,14.428571428571429,17.857142857142858,13.142857142857142,11.428571428571429,15.571428571428571,25.571428571428573,56.285714285714285,5.285714285714286,15.714285714285714,9.571428571428571,12.857142857142858,19.714285714285715,5.857142857142857,18.428571428571427,17.428571428571427,0.6666666666666666,1.0,2,7,-5,2280.028947411221,2035.8951547480008,1612.0005275528713,1612.0005275528713
602,2014,3393,59,3246,64,0,23.75,60.75,8.0,25.5,15.75,10.75,11.0,10.0,13.5,21.0,55.5,3.75,17.0,14.5,11.5,16.75,4.5,13.0,8.75,26.0,59.666666666666664,3.8333333333333335,10.666666666666666,12.0,12.0,14.0,7.166666666666667,20.333333333333332,25.833333333333332,62.0,4.5,13.333333333333334,10.5,13.0,14.833333333333334,5.0,20.166666666666668,5.333333333333333,0.5,0.6666666666666666,6,3,3,1966.9552399213085,2153.0390655358474,1612.0005275528713,1612.0005275528713
603,2014,3113,67,3323,84,0,21.75,58.75,3.75,12.25,15.0,10.75,15.5,6.5,20.25,24.0,55.0,5.25,16.5,8.5,11.25,15.0,7.25,19.0,-3.25,30.5,61.0,4.833333333333333,12.833333333333334,12.333333333333334,18.333333333333332,13.0,10.0,14.0,24.5,59.833333333333336,3.6666666666666665,14.0,11.166666666666666,11.833333333333334,18.0,6.833333333333333,19.666666666666668,22.833333333333332,0.0,1.0,9,1,8,1849.434474040724,2503.509948322856,1612.0005275528713,1612.0005275528713
604,2014,3345,66,3329,73,0,28.333333333333332,59.666666666666664,6.666666666666667,17.333333333333332,11.0,16.666666666666668,16.0,6.0,17.666666666666668,25.0,64.0,5.333333333333333,17.333333333333332,11.333333333333334,13.333333333333334,11.666666666666666,5.666666666666667,16.0,9.0,24.333333333333332,58.166666666666664,3.0,11.666666666666666,10.166666666666666,10.333333333333334,11.666666666666666,7.333333333333333,18.833333333333332,22.5,54.666666666666664,6.833333333333333,19.5,10.666666666666666,12.833333333333334,15.0,4.166666666666667,15.5,-2.0,0.0,0.3333333333333333,4,5,-1,2030.7612878411303,2032.6965427487676,1612.0005275528713,1612.0005275528713
605,2014,3199,44,3390,63,0,26.8,60.0,3.4,11.4,16.0,13.4,21.0,8.6,15.4,25.6,55.6,6.8,14.0,10.0,14.8,19.0,10.0,18.2,-0.2,26.0,64.2,5.0,17.8,13.6,12.6,13.0,5.0,15.4,22.2,63.2,7.4,18.8,10.2,11.6,13.2,5.4,21.0,12.6,0.5,0.5,10,2,8,1938.7401744055812,2356.4017425516217,1612.0005275528713,1612.0005275528713
606,2014,3385,51,3397,67,0,23.428571428571427,56.285714285714285,3.857142857142857,10.857142857142858,11.0,9.571428571428571,13.714285714285714,6.428571428571429,19.0,22.0,52.42857142857143,4.714285714285714,14.571428571428571,11.142857142857142,11.714285714285714,16.857142857142858,5.428571428571429,19.857142857142858,-1.0,27.166666666666668,62.833333333333336,2.3333333333333335,9.5,14.666666666666666,9.0,14.5,6.5,16.0,24.166666666666668,62.166666666666664,5.5,15.833333333333334,8.833333333333334,11.833333333333334,12.666666666666666,6.166666666666667,18.833333333333332,7.5,0.75,1.0,8,1,7,1906.5181057736315,2235.0128445040154,1612.0005275528713,1612.0005275528713
607,2014,3386,52,3163,91,0,27.8,65.8,4.2,13.0,12.2,17.4,11.6,7.2,18.6,22.6,60.2,4.0,14.0,14.0,13.2,16.0,4.8,16.6,6.8,28.571428571428573,58.285714285714285,7.142857142857143,19.142857142857142,10.857142857142858,18.714285714285715,13.0,8.571428571428571,10.857142857142858,18.571428571428573,60.42857142857143,3.857142857142857,14.857142857142858,11.0,7.142857142857143,15.857142857142858,5.857142857142857,16.0,31.0,0.5,1.0,9,1,8,1812.8155174108665,2524.711653068122,1612.0005275528713,1612.0005275528713
608,2014,3234,53,3257,83,0,26.0,56.285714285714285,7.571428571428571,20.428571428571427,9.142857142857142,18.0,13.285714285714286,8.714285714285714,16.714285714285715,25.285714285714285,59.57142857142857,5.142857142857143,18.0,13.714285714285714,13.0,16.857142857142858,7.285714285714286,19.0,8.0,24.166666666666668,59.833333333333336,7.333333333333333,20.666666666666668,10.5,11.166666666666666,14.166666666666666,8.666666666666666,15.666666666666666,21.833333333333332,58.666666666666664,4.666666666666667,15.833333333333334,13.166666666666666,11.833333333333334,17.5,5.666666666666667,15.333333333333334,8.0,0.75,0.5,6,3,3,2008.940482561351,2180.408949840089,1612.0005275528713,1612.0005275528713
609,2014,3452,67,3261,76,0,23.857142857142858,56.42857142857143,4.428571428571429,15.0,14.142857142857142,10.857142857142858,14.142857142857142,6.857142857142857,18.714285714285715,20.0,53.714285714285715,4.0,14.428571428571429,11.142857142857142,9.0,15.571428571428571,5.571428571428571,19.714285714285715,10.571428571428571,22.8,57.8,4.2,16.0,12.4,10.2,18.0,7.6,21.8,22.8,60.8,6.4,17.8,18.0,9.4,18.4,10.2,19.4,-5.2,0.75,0.5,2,7,-5,2118.5269907488414,1970.0213693798016,1612.0005275528713,1612.0005275528713
610,2014,3400,64,3268,69,0,23.166666666666668,57.666666666666664,6.0,15.833333333333334,15.666666666666666,12.666666666666666,16.833333333333332,4.0,20.5,21.333333333333332,58.5,6.5,21.5,11.0,11.0,10.166666666666666,7.166666666666667,19.333333333333332,1.3333333333333333,32.75,63.25,4.25,13.5,16.75,18.5,14.0,6.75,14.5,23.5,60.75,6.75,18.5,12.75,8.5,14.0,8.0,19.0,19.75,0.6666666666666666,0.0,5,4,1,1954.4150921308212,2161.102701950944,1612.0005275528713,1612.0005275528713
611,2014,3277,53,3314,62,0,26.2,60.6,5.6,18.0,15.2,16.4,16.4,7.8,17.6,23.0,58.8,5.0,15.8,10.8,13.4,12.4,7.2,15.6,8.0,23.0,62.5,5.666666666666667,21.0,14.0,12.0,16.333333333333332,9.0,20.5,24.833333333333332,55.166666666666664,3.5,11.833333333333334,11.666666666666666,12.166666666666666,19.166666666666668,7.0,18.5,-3.6666666666666665,0.5,0.6666666666666666,5,4,1,2004.030009288771,2109.9466497821813,1612.0005275528713,1612.0005275528713
612,2014,3196,61,3336,83,0,24.8,56.2,6.6,15.6,8.2,13.0,16.6,5.8,22.4,25.2,59.8,4.2,16.4,15.2,13.4,16.0,8.0,17.8,-4.2,27.0,62.0,4.333333333333333,12.333333333333334,14.333333333333334,13.0,12.0,8.333333333333334,18.666666666666668,31.333333333333332,58.666666666666664,11.0,20.0,9.0,20.333333333333332,14.333333333333334,4.666666666666667,19.0,-7.333333333333333,0.5,0.0,11,3,8,1894.681436169665,2070.943772390479,1612.0005275528713,1612.0005275528713
613,2014,3333,69,3376,78,0,24.0,52.666666666666664,7.833333333333333,21.333333333333332,9.0,13.166666666666666,12.833333333333334,5.333333333333333,15.333333333333334,18.833333333333332,62.0,2.8333333333333335,10.833333333333334,14.0,8.5,9.5,5.5,17.833333333333332,14.833333333333334,23.6,52.4,1.8,9.6,8.4,11.2,14.6,4.2,15.6,22.6,64.6,3.8,12.8,13.8,10.4,9.8,6.6,21.4,4.4,0.6666666666666666,0.5,9,1,8,1840.2065325703416,2116.454154995696,1612.0005275528713,1612.0005275528713
614,2014,3241,69,3401,85,0,26.0,63.857142857142854,7.0,22.714285714285715,16.285714285714285,15.428571428571429,12.714285714285714,7.857142857142857,15.142857142857142,18.428571428571427,55.857142857142854,3.5714285714285716,12.285714285714286,10.0,8.571428571428571,16.285714285714285,5.428571428571429,18.0,21.714285714285715,30.8,61.0,3.4,8.4,9.8,17.8,12.0,6.2,19.0,25.0,62.4,4.8,13.4,13.6,10.8,13.8,5.0,18.0,9.6,1.0,0.5,11,3,8,1904.9302741140425,2113.605682223814,1612.0005275528713,1612.0005275528713
615,2014,3246,72,3124,90,0,26.0,59.666666666666664,3.8333333333333335,10.666666666666666,12.0,12.0,14.0,7.166666666666667,20.333333333333332,25.833333333333332,62.0,4.5,13.333333333333334,10.5,13.0,14.833333333333334,5.0,20.166666666666668,5.333333333333333,27.285714285714285,62.57142857142857,3.4285714285714284,13.714285714285714,15.857142857142858,15.714285714285714,13.571428571428571,7.0,16.428571428571427,22.571428571428573,59.714285714285715,5.857142857142857,19.0,12.0,11.857142857142858,15.857142857142858,5.857142857142857,20.714285714285715,12.142857142857142,0.6666666666666666,1.0,3,2,1,2153.0390655358474,2403.484177865769,1612.0005275528713,1612.0005275528713
616,2014,3140,51,3163,70,0,25.2,57.2,7.4,18.0,14.2,17.6,18.6,4.4,18.4,22.0,61.4,5.2,16.6,12.0,11.4,13.6,11.2,19.4,12.4,28.571428571428573,58.285714285714285,7.142857142857143,19.142857142857142,10.857142857142858,18.714285714285715,13.0,8.571428571428571,10.857142857142858,18.571428571428573,60.42857142857143,3.857142857142857,14.857142857142858,11.0,7.142857142857143,15.857142857142858,5.857142857142857,16.0,31.0,0.6666666666666666,1.0,12,1,11,1890.6893274670192,2524.711653068122,1612.0005275528713,1612.0005275528713
617,2014,3329,72,3323,89,0,24.333333333333332,58.166666666666664,3.0,11.666666666666666,10.166666666666666,10.333333333333334,11.666666666666666,7.333333333333333,18.833333333333332,22.5,54.666666666666664,6.833333333333333,19.5,10.666666666666666,12.833333333333334,15.0,4.166666666666667,15.5,-2.0,30.5,61.0,4.833333333333333,12.833333333333334,12.333333333333334,18.333333333333332,13.0,10.0,14.0,24.5,59.833333333333336,3.6666666666666665,14.0,11.166666666666666,11.833333333333334,18.0,6.833333333333333,19.666666666666668,22.833333333333332,0.3333333333333333,1.0,5,1,4,2032.6965427487676,2503.509948322856,1612.0005275528713,1612.0005275528713
618,2014,3177,65,3401,84,0,29.285714285714285,64.14285714285714,8.0,21.571428571428573,14.428571428571429,17.857142857142858,13.142857142857142,11.428571428571429,15.571428571428571,25.571428571428573,56.285714285714285,5.285714285714286,15.714285714285714,9.571428571428571,12.857142857142858,19.714285714285715,5.857142857142857,18.428571428571427,17.428571428571427,30.8,61.0,3.4,8.4,9.8,17.8,12.0,6.2,19.0,25.0,62.4,4.8,13.4,13.6,10.8,13.8,5.0,18.0,9.6,1.0,0.5,7,3,4,2035.8951547480008,2113.605682223814,1612.0005275528713,1612.0005275528713
619,2014,3261,47,3257,73,0,22.8,57.8,4.2,16.0,12.4,10.2,18.0,7.6,21.8,22.8,60.8,6.4,17.8,18.0,9.4,18.4,10.2,19.4,-5.2,24.166666666666668,59.833333333333336,7.333333333333333,20.666666666666668,10.5,11.166666666666666,14.166666666666666,8.666666666666666,15.666666666666666,21.833333333333332,58.666666666666664,4.666666666666667,15.833333333333334,13.166666666666666,11.833333333333334,17.5,5.666666666666667,15.333333333333334,8.0,0.5,0.5,7,3,4,1970.0213693798016,2180.408949840089,1612.0005275528713,1612.0005275528713
620,2014,3397,62,3268,73,0,27.166666666666668,62.833333333333336,2.3333333333333335,9.5,14.666666666666666,9.0,14.5,6.5,16.0,24.166666666666668,62.166666666666664,5.5,15.833333333333334,8.833333333333334,11.833333333333334,12.666666666666666,6.166666666666667,18.833333333333332,7.5,32.75,63.25,4.25,13.5,16.75,18.5,14.0,6.75,14.5,23.5,60.75,6.75,18.5,12.75,8.5,14.0,8.0,19.0,19.75,1.0,0.0,1,4,-3,2235.0128445040154,2161.102701950944,1612.0005275528713,1612.0005275528713
621,2014,3376,58,3314,65,0,23.6,52.4,1.8,9.6,8.4,11.2,14.6,4.2,15.6,22.6,64.6,3.8,12.8,13.8,10.4,9.8,6.6,21.4,4.4,23.0,62.5,5.666666666666667,21.0,14.0,12.0,16.333333333333332,9.0,20.5,24.833333333333332,55.166666666666664,3.5,11.833333333333334,11.666666666666666,12.166666666666666,19.166666666666668,7.0,18.5,-3.6666666666666665,0.5,0.6666666666666666,1,4,-3,2116.454154995696,2109.9466497821813,1612.0005275528713,1612.0005275528713
622,2014,3336,57,3390,82,0,27.0,62.0,4.333333333333333,12.333333333333334,14.333333333333334,13.0,12.0,8.333333333333334,18.666666666666668,31.333333333333332,58.666666666666664,11.0,20.0,9.0,20.333333333333332,14.333333333333334,4.666666666666667,19.0,-7.333333333333333,26.0,64.2,5.0,17.8,13.6,12.6,13.0,5.0,15.4,22.2,63.2,7.4,18.8,10.2,11.6,13.2,5.4,21.0,12.6,0.0,0.5,3,2,1,2070.943772390479,2356.4017425516217,1612.0005275528713,1612.0005275528713
623,2014,3401,54,3163,69,0,30.8,61.0,3.4,8.4,9.8,17.8,12.0,6.2,19.0,25.0,62.4,4.8,13.4,13.6,10.8,13.8,5.0,18.0,9.6,28.571428571428573,58.285714285714285,7.142857142857143,19.142857142857142,10.857142857142858,18.714285714285715,13.0,8.571428571428571,10.857142857142858,18.571428571428573,60.42857142857143,3.857142857142857,14.857142857142858,11.0,7.142857142857143,15.857142857142858,5.857142857142857,16.0,31.0,0.5,1.0,3,1,2,2113.605682223814,2524.711653068122,1612.0005275528713,1612.0005275528713
624,2014,3124,69,3323,88,-1,27.285714285714285,62.57142857142857,3.4285714285714284,13.714285714285714,15.857142857142858,15.714285714285714,13.571428571428571,7.0,16.428571428571427,22.571428571428573,59.714285714285715,5.857142857142857,19.0,12.0,11.857142857142858,15.857142857142858,5.857142857142857,20.714285714285715,12.142857142857142,30.5,61.0,4.833333333333333,12.833333333333334,12.333333333333334,18.333333333333332,13.0,10.0,14.0,24.5,59.833333333333336,3.6666666666666665,14.0,11.166666666666666,11.833333333333334,18.0,6.833333333333333,19.666666666666668,22.833333333333332,1.0,1.0,2,1,1,2403.484177865769,2503.509948322856,1612.0005275528713,1612.0005275528713
625,2014,3257,73,3268,76,1,24.166666666666668,59.833333333333336,7.333333333333333,20.666666666666668,10.5,11.166666666666666,14.166666666666666,8.666666666666666,15.666666666666666,21.833333333333332,58.666666666666664,4.666666666666667,15.833333333333334,13.166666666666666,11.833333333333334,17.5,5.666666666666667,15.333333333333334,8.0,32.75,63.25,4.25,13.5,16.75,18.5,14.0,6.75,14.5,23.5,60.75,6.75,18.5,12.75,8.5,14.0,8.0,19.0,19.75,0.5,0.0,3,4,-1,2180.408949840089,2161.102701950944,1612.0005275528713,1612.0005275528713
626,2014,3314,65,3390,74,-1,23.0,62.5,5.666666666666667,21.0,14.0,12.0,16.333333333333332,9.0,20.5,24.833333333333332,55.166666666666664,3.5,11.833333333333334,11.666666666666666,12.166666666666666,19.166666666666668,7.0,18.5,-3.6666666666666665,26.0,64.2,5.0,17.8,13.6,12.6,13.0,5.0,15.4,22.2,63.2,7.4,18.8,10.2,11.6,13.2,5.4,21.0,12.6,0.6666666666666666,0.5,4,2,2,2109.9466497821813,2356.4017425516217,1612.0005275528713,1612.0005275528713
627,2014,3390,56,3163,75,0,26.0,64.2,5.0,17.8,13.6,12.6,13.0,5.0,15.4,22.2,63.2,7.4,18.8,10.2,11.6,13.2,5.4,21.0,12.6,28.571428571428573,58.285714285714285,7.142857142857143,19.142857142857142,10.857142857142858,18.714285714285715,13.0,8.571428571428571,10.857142857142858,18.571428571428573,60.42857142857143,3.857142857142857,14.857142857142858,11.0,7.142857142857143,15.857142857142858,5.857142857142857,16.0,31.0,0.5,1.0,2,1,1,2356.4017425516217,2524.711653068122,1612.0005275528713,1612.0005275528713
628,2014,3268,61,3323,87,0,32.75,63.25,4.25,13.5,16.75,18.5,14.0,6.75,14.5,23.5,60.75,6.75,18.5,12.75,8.5,14.0,8.0,19.0,19.75,30.5,61.0,4.833333333333333,12.833333333333334,12.333333333333334,18.333333333333332,13.0,10.0,14.0,24.5,59.833333333333336,3.6666666666666665,14.0,11.166666666666666,11.833333333333334,18.0,6.833333333333333,19.666666666666668,22.833333333333332,0.0,1.0,4,1,3,2161.102701950944,2503.509948322856,1612.0005275528713,1612.0005275528713
629,2014,3323,58,3163,79,0,30.5,61.0,4.833333333333333,12.833333333333334,12.333333333333334,18.333333333333332,13.0,10.0,14.0,24.5,59.833333333333336,3.6666666666666665,14.0,11.166666666666666,11.833333333333334,18.0,6.833333333333333,19.666666666666668,22.833333333333332,28.571428571428573,58.285714285714285,7.142857142857143,19.142857142857142,10.857142857142858,18.714285714285715,13.0,8.571428571428571,10.857142857142858,18.571428571428573,60.42857142857143,3.857142857142857,14.857142857142858,11.0,7.142857142857143,15.857142857142858,5.857142857142857,16.0,31.0,1.0,1.0,1,1,0,2503.509948322856,2524.711653068122,1612.0005275528713,1612.0005275528713
630,2015,3116,57,3321,55,0,17.4,55.0,5.4,15.6,11.4,9.4,11.6,5.4,14.6,21.8,57.4,3.8,13.0,11.8,10.0,12.4,6.2,18.8,-2.0,25.6,59.4,4.0,14.0,10.8,16.6,14.6,8.6,17.0,25.4,63.0,6.2,17.8,15.8,15.2,15.4,7.6,17.6,-0.8,0.5,0.5,10,7,3,1868.4480261601493,1933.800490730054,1612.0005275528713,1612.0005275528713
631,2015,3124,77,3322,36,0,28.857142857142858,59.142857142857146,3.4285714285714284,9.428571428571429,10.285714285714286,19.714285714285715,14.285714285714286,7.714285714285714,17.285714285714285,22.857142857142858,58.857142857142854,7.0,20.857142857142858,11.142857142857142,14.714285714285714,14.285714285714286,6.857142857142857,17.714285714285715,8.142857142857142,23.125,54.875,6.625,19.75,7.875,11.875,11.25,6.0,15.375,21.25,64.0,7.25,23.875,17.25,13.0,13.875,4.5,18.875,6.875,1.0,0.6666666666666666,2,15,-13,2362.534426363957,1410.681395488928,1612.0005275528713,1612.0005275528713
632,2015,3143,78,3455,66,0,24.666666666666668,61.333333333333336,6.0,16.833333333333332,12.833333333333334,14.166666666666666,12.0,8.333333333333334,12.0,22.5,55.833333333333336,5.833333333333333,17.166666666666668,11.0,11.666666666666666,17.0,5.833333333333333,14.333333333333334,5.833333333333333,27.375,59.375,3.5,13.875,11.75,13.25,10.875,9.125,15.375,19.375,50.75,5.25,16.25,9.75,8.875,15.625,5.625,14.25,13.5,0.6666666666666666,1.0,4,13,-9,2025.49341627168,1849.758075888599,1612.0005275528713,1612.0005275528713
633,2015,3173,78,3235,66,0,29.0,62.833333333333336,6.5,17.166666666666668,13.5,14.5,14.5,8.666666666666666,17.833333333333332,21.666666666666668,61.333333333333336,4.833333333333333,13.666666666666666,15.166666666666666,11.666666666666666,18.166666666666668,6.5,20.333333333333332,16.333333333333332,21.4,56.4,7.6,25.6,11.8,13.0,14.4,5.6,14.0,22.8,58.2,4.6,15.6,11.8,13.0,12.2,8.8,14.2,0.4,0.6666666666666666,0.0,7,10,-3,2000.8500107065825,1910.4915056867724,1612.0005275528713,1612.0005275528713
634,2015,3177,79,3278,72,0,31.4,70.0,9.8,28.8,14.2,19.8,13.6,11.6,16.0,25.4,58.8,4.0,13.8,10.2,12.6,21.0,8.4,14.2,20.2,27.2,68.0,5.4,20.8,16.4,16.8,18.6,5.0,14.4,30.2,72.4,8.0,19.2,13.6,23.4,11.0,7.8,15.4,-9.0,1.0,0.5,9,8,1,2034.9121860589275,1928.613684901641,1612.0005275528713,1612.0005275528713
635,2015,3181,54,3107,52,0,24.4,60.4,3.0,14.2,16.6,11.0,17.0,7.2,19.4,23.2,61.4,8.2,20.6,15.8,13.4,15.8,7.0,16.8,-3.6,25.333333333333332,53.5,1.3333333333333333,4.166666666666667,11.166666666666666,15.166666666666666,15.0,13.333333333333334,16.333333333333332,19.333333333333332,50.166666666666664,5.333333333333333,17.5,9.0,12.0,20.166666666666668,6.333333333333333,19.666666666666668,17.833333333333332,0.5,1.0,4,13,-9,2161.010247217119,1664.500591943398,1612.0005275528713,1612.0005275528713
636,2015,3211,82,3203,69,0,23.6,56.4,4.2,14.0,13.0,12.0,15.8,8.8,20.2,20.6,52.2,6.0,16.2,11.2,12.8,15.6,8.0,16.6,-0.8,30.833333333333332,65.0,3.8333333333333335,9.333333333333334,17.166666666666668,16.666666666666668,15.833333333333334,8.333333333333334,16.333333333333332,22.833333333333332,61.333333333333336,4.666666666666667,16.833333333333332,12.0,10.5,16.5,7.5,18.333333333333332,17.333333333333332,0.5,1.0,11,6,5,1952.4000818088416,1888.3778392455145,1612.0005275528713,1612.0005275528713
637,2015,3234,75,3110,67,0,29.8,68.2,8.0,21.0,12.0,19.0,14.0,4.2,17.4,30.2,69.2,7.8,19.8,15.0,17.6,16.2,7.6,16.8,1.0,22.666666666666668,51.666666666666664,3.0,10.833333333333334,8.5,13.166666666666666,9.166666666666666,8.166666666666666,10.666666666666666,17.833333333333332,53.0,6.166666666666667,20.333333333333332,12.833333333333334,9.666666666666666,14.833333333333334,4.5,14.666666666666666,11.833333333333334,0.5,1.0,3,14,-11,2066.6711845371824,1646.6752918561428,1612.0005275528713,1612.0005275528713
638,2015,3246,97,3398,52,0,23.333333333333332,60.833333333333336,4.0,14.833333333333334,14.0,7.666666666666667,14.833333333333334,7.166666666666667,18.833333333333332,21.833333333333332,60.833333333333336,6.666666666666667,19.833333333333332,13.0,12.666666666666666,15.333333333333334,5.5,19.166666666666668,2.0,27.166666666666668,62.333333333333336,7.0,19.666666666666668,13.166666666666666,14.666666666666666,12.166666666666666,7.666666666666667,19.0,21.666666666666668,55.0,4.666666666666667,14.833333333333334,12.0,13.166666666666666,16.666666666666668,5.0,17.0,9.5,0.6666666666666666,1.0,2,15,-13,2117.105295640304,1410.2315294938437,1612.0005275528713,1612.0005275528713
639,2015,3274,86,3449,80,0,22.6,58.2,7.0,21.6,10.0,8.4,13.6,6.4,16.4,24.2,60.0,5.2,12.2,14.6,11.2,14.8,7.2,13.0,-4.4,23.8,55.4,6.4,17.6,9.8,10.4,12.2,7.8,15.6,20.6,60.2,4.8,16.2,14.4,11.2,14.2,4.6,15.6,12.0,0.5,0.5,11,6,5,1878.4421568434464,1892.251452113208,1612.0005275528713,1612.0005275528713
640,2015,3280,57,3408,47,0,18.75,55.5,6.0,19.0,15.25,11.5,18.75,7.75,20.0,21.0,47.25,3.25,9.25,8.5,7.75,17.75,10.5,18.25,-4.5,24.5,57.333333333333336,6.666666666666667,17.833333333333332,9.833333333333334,13.333333333333334,14.833333333333334,10.166666666666666,14.666666666666666,24.0,54.833333333333336,5.833333333333333,17.0,10.666666666666666,14.166666666666666,16.5,8.666666666666666,13.166666666666666,-1.0,0.0,0.6666666666666666,5,12,-7,1917.3000743622372,1748.523340656938,1612.0005275528713,1612.0005275528713
641,2015,3323,77,3285,43,0,28.0,55.0,4.0,11.666666666666666,9.833333333333334,16.666666666666668,15.666666666666666,5.833333333333333,13.5,21.333333333333332,59.333333333333336,3.6666666666666665,14.666666666666666,10.666666666666666,9.666666666666666,12.5,7.166666666666667,15.666666666666666,14.333333333333334,23.714285714285715,59.0,4.142857142857143,15.857142857142858,13.571428571428571,12.142857142857142,11.857142857142858,6.714285714285714,15.857142857142858,20.714285714285715,54.714285714285715,4.428571428571429,16.857142857142858,9.428571428571429,8.571428571428571,12.428571428571429,8.0,18.142857142857142,5.142857142857143,1.0,0.75,1,16,-15,2513.982726029039,1646.3417507458923,1612.0005275528713,1612.0005275528713
642,2015,3333,74,3355,62,0,22.75,59.25,7.75,25.0,12.5,15.5,11.25,4.25,11.75,24.0,62.25,2.5,7.75,12.0,7.5,8.25,5.0,14.75,3.5,24.666666666666668,60.666666666666664,5.666666666666667,16.166666666666668,14.833333333333334,16.333333333333332,10.833333333333334,8.5,16.166666666666668,20.166666666666668,54.0,4.5,16.166666666666668,10.5,10.333333333333334,17.166666666666668,5.5,20.166666666666668,17.166666666666668,0.0,1.0,3,14,-11,1996.672365608229,1762.06286802328,1612.0005275528713,1612.0005275528713
643,2015,3376,81,3366,48,0,25.666666666666668,58.0,3.3333333333333335,12.5,14.166666666666666,13.833333333333334,13.333333333333334,6.666666666666667,14.666666666666666,18.833333333333332,56.333333333333336,4.333333333333333,14.666666666666666,12.5,10.166666666666666,11.833333333333334,5.333333333333333,16.333333333333332,11.833333333333334,26.5,57.875,1.625,8.5,13.0,11.5,16.125,11.375,16.375,19.625,56.75,4.375,14.75,14.875,8.25,19.5,5.125,17.25,12.875,1.0,1.0,1,16,-15,2264.167522554316,1414.9576658175226,1612.0005275528713,1612.0005275528713
644,2015,3393,72,3304,69,0,25.0,64.33333333333333,7.0,24.666666666666668,17.0,9.0,13.333333333333334,10.0,17.333333333333332,24.0,53.666666666666664,5.333333333333333,14.666666666666666,11.0,15.0,20.0,5.0,17.666666666666668,4.333333333333333,25.4,62.2,6.6,17.6,10.6,16.6,14.2,5.6,14.6,24.6,65.0,7.8,24.2,10.8,15.0,13.0,8.0,16.0,3.0,0.0,0.5,8,9,-1,1983.5918402179268,1993.4142355166848,1612.0005275528713,1612.0005275528713
645,2015,3400,66,3443,64,0,23.571428571428573,54.42857142857143,5.0,12.714285714285714,9.285714285714286,14.0,16.857142857142858,6.714285714285714,18.0,20.571428571428573,60.142857142857146,4.571428571428571,18.428571428571427,10.571428571428571,9.714285714285714,14.142857142857142,7.857142857142857,18.857142857142858,7.857142857142857,28.0,60.875,4.375,15.0,13.5,15.625,12.75,8.875,14.75,23.625,61.625,5.625,18.125,15.25,11.5,17.375,5.875,17.625,10.0,0.75,1.0,5,12,-7,2032.2355210505848,1805.746072550932,1612.0005275528713,1612.0005275528713
646,2015,3113,74,3325,55,0,23.0,55.6,3.4,10.4,12.4,11.4,12.8,7.4,15.6,20.8,50.6,4.4,13.8,10.4,7.8,16.6,6.8,18.2,7.2,23.142857142857142,56.42857142857143,9.714285714285714,27.428571428571427,10.142857142857142,13.714285714285714,15.285714285714286,9.285714285714286,17.571428571428573,18.142857142857142,55.42857142857143,5.142857142857143,17.857142857142858,12.714285714285714,9.857142857142858,20.0,6.0,18.714285714285715,13.714285714285714,0.5,1.0,3,14,-11,2020.086057860388,1625.0225742914151,1612.0005275528713,1612.0005275528713
647,2015,3114,69,3401,60,0,25.142857142857142,52.857142857142854,5.714285714285714,14.571428571428571,10.0,14.142857142857142,13.0,8.142857142857142,15.714285714285714,21.285714285714285,50.857142857142854,2.857142857142857,10.285714285714286,10.857142857142858,8.571428571428571,17.714285714285715,6.142857142857143,16.714285714285715,13.142857142857142,24.2,53.0,1.2,3.8,11.6,12.2,16.0,6.8,15.4,24.8,60.6,3.0,11.0,11.8,12.2,12.0,7.8,18.4,1.2,1.0,0.5,11,6,5,1732.2863308600151,2026.995639438947,1612.0005275528713,1612.0005275528713
648,2015,3163,89,3383,33,0,37.0,64.28571428571429,8.285714285714286,20.714285714285715,12.571428571428571,22.714285714285715,12.142857142857142,9.857142857142858,11.0,19.285714285714285,58.714285714285715,4.428571428571429,17.285714285714285,10.428571428571429,7.428571428571429,16.714285714285715,6.714285714285714,14.0,43.142857142857146,24.857142857142858,53.857142857142854,7.571428571428571,20.714285714285715,8.0,16.857142857142858,12.285714285714286,7.714285714285714,11.857142857142858,22.571428571428573,58.0,4.857142857142857,16.428571428571427,12.0,9.857142857142858,14.714285714285714,5.857142857142857,16.571428571428573,12.571428571428571,1.0,1.0,1,16,-15,2559.584925848701,1326.3699615702794,1612.0005275528713,1612.0005275528713
649,2015,3195,75,3329,67,0,24.166666666666668,55.833333333333336,8.333333333333334,24.333333333333332,9.333333333333334,12.666666666666666,12.166666666666666,8.833333333333334,15.666666666666666,15.5,47.833333333333336,3.3333333333333335,13.5,9.333333333333334,5.666666666666667,19.833333333333332,3.6666666666666665,16.333333333333332,25.833333333333332,21.0,61.833333333333336,3.1666666666666665,10.833333333333334,14.5,10.0,12.333333333333334,9.0,16.166666666666668,22.333333333333332,59.5,5.0,17.5,10.666666666666666,11.5,13.166666666666666,6.166666666666667,17.0,-4.666666666666667,1.0,0.3333333333333333,7,10,-3,1899.793701570648,1990.5016063523208,1612.0005275528713,1612.0005275528713
650,2015,3199,91,3106,49,0,27.166666666666668,60.333333333333336,5.666666666666667,16.166666666666668,13.833333333333334,15.333333333333334,16.5,5.833333333333333,14.5,20.333333333333332,59.0,5.833333333333333,21.5,11.166666666666666,12.833333333333334,15.833333333333334,7.666666666666667,18.333333333333332,15.5,21.88888888888889,57.77777777777778,5.555555555555555,15.444444444444445,14.444444444444445,12.555555555555555,18.22222222222222,7.222222222222222,24.22222222222222,20.666666666666668,59.333333333333336,3.111111111111111,12.555555555555555,15.88888888888889,9.88888888888889,16.555555555555557,9.222222222222221,21.666666666666668,1.6666666666666667,0.6666666666666666,0.8333333333333334,2,15,-13,2110.3699155793656,1228.978936663473,1612.0005275528713,1612.0005275528713
651,2015,3257,86,3140,53,0,23.4,61.0,4.6,14.2,13.4,15.2,15.4,10.2,18.8,23.8,53.2,5.8,14.2,9.8,15.0,19.6,6.4,16.4,-5.6,22.166666666666668,51.166666666666664,6.5,18.5,7.833333333333333,13.333333333333334,14.0,8.0,15.833333333333334,22.5,57.0,4.5,14.666666666666666,15.666666666666666,12.333333333333334,14.5,8.166666666666666,16.833333333333332,0.5,0.5,1.0,3,14,-11,2153.418974156229,1834.991702653631,1612.0005275528713,1612.0005275528713
652,2015,3268,75,3308,57,0,25.666666666666668,60.833333333333336,5.833333333333333,16.333333333333332,15.5,14.5,13.333333333333334,8.0,14.833333333333334,21.333333333333332,56.666666666666664,4.833333333333333,17.833333333333332,9.333333333333334,11.833333333333334,14.833333333333334,5.833333333333333,18.833333333333332,14.5,25.4,62.6,8.2,26.8,15.8,12.6,14.8,7.8,15.0,21.8,62.0,6.2,20.6,14.8,12.0,16.0,6.6,14.8,10.2,1.0,1.0,1,16,-15,2281.821530151582,1474.2923335274788,1612.0005275528713,1612.0005275528713
653,2015,3314,71,3251,65,0,28.4,67.2,7.0,18.0,14.6,13.6,16.0,9.2,17.4,27.2,61.2,5.8,16.6,14.2,11.8,20.2,6.2,16.0,4.0,25.666666666666668,57.833333333333336,3.3333333333333335,11.833333333333334,15.666666666666666,13.166666666666666,12.0,7.0,16.5,19.833333333333332,55.166666666666664,4.666666666666667,13.0,10.166666666666666,9.0,12.666666666666666,6.833333333333333,17.833333333333332,14.0,0.5,1.0,4,13,-9,2096.26289522262,1661.6788111422547,1612.0005275528713,1612.0005275528713
654,2015,3326,90,3241,80,0,31.166666666666668,69.83333333333333,8.666666666666666,21.666666666666668,12.666666666666666,18.333333333333332,11.833333333333334,7.666666666666667,15.5,27.166666666666668,69.0,6.0,17.5,15.166666666666666,15.333333333333334,17.166666666666668,3.8333333333333335,18.166666666666668,11.5,27.142857142857142,65.85714285714286,4.714285714285714,15.285714285714286,17.0,14.285714285714286,11.142857142857142,8.142857142857142,16.142857142857142,20.142857142857142,54.285714285714285,3.142857142857143,11.571428571428571,9.428571428571429,10.142857142857142,16.857142857142858,5.714285714285714,18.428571428571427,15.714285714285714,0.6666666666666666,1.0,5,12,-7,1998.2983656291904,1934.536167662885,1612.0005275528713,1612.0005275528713
655,2015,3328,111,3346,84,0,20.333333333333332,56.0,5.333333333333333,17.833333333333332,13.333333333333334,10.333333333333334,14.166666666666666,5.5,19.0,20.666666666666668,56.166666666666664,4.666666666666667,13.833333333333334,13.333333333333334,12.0,15.0,7.666666666666667,21.166666666666668,2.5,25.857142857142858,65.14285714285714,10.142857142857142,26.571428571428573,15.0,18.142857142857142,14.571428571428571,8.0,16.428571428571427,22.0,64.85714285714286,4.285714285714286,18.285714285714285,14.0,14.285714285714286,16.285714285714285,7.857142857142857,19.142857142857142,20.571428571428573,0.6666666666666666,1.0,5,12,-7,1996.6366664571317,1810.8788476224036,1612.0005275528713,1612.0005275528713
656,2015,3338,51,3151,40,0,20.25,57.25,2.5,14.75,14.0,12.75,15.0,4.25,16.25,23.5,58.5,6.25,18.75,12.5,13.0,13.5,5.5,17.25,-10.75,24.833333333333332,52.5,4.666666666666667,14.5,10.333333333333334,13.166666666666666,14.0,8.666666666666666,11.166666666666666,19.666666666666668,54.166666666666664,3.1666666666666665,13.833333333333334,11.333333333333334,8.666666666666666,15.833333333333334,7.833333333333333,14.833333333333334,14.333333333333334,0.0,1.0,10,7,3,1753.960066130017,1897.8769516252007,1612.0005275528713,1612.0005275528713
657,2015,3343,80,3453,70,0,28.0,59.5,5.166666666666667,15.333333333333334,12.666666666666666,17.5,13.5,6.0,14.5,18.333333333333332,56.0,2.0,12.833333333333334,9.833333333333334,8.666666666666666,13.0,6.5,14.0,19.333333333333332,24.571428571428573,56.714285714285715,5.285714285714286,20.714285714285715,11.428571428571429,16.285714285714285,12.0,8.428571428571429,16.714285714285715,16.571428571428573,55.142857142857146,5.0,24.285714285714285,12.428571428571429,9.0,15.428571428571429,4.857142857142857,19.571428571428573,18.714285714285715,1.0,1.0,8,9,-1,1914.3456073467069,1909.2528472266983,1612.0005275528713,1612.0005275528713
658,2015,3353,79,3371,66,0,25.8,63.8,2.0,8.6,11.2,16.2,13.6,11.0,18.6,21.6,53.6,4.4,15.6,11.2,12.4,18.6,6.2,12.8,-2.6,28.666666666666668,66.66666666666667,6.5,19.666666666666668,12.5,13.666666666666666,10.833333333333334,9.666666666666666,14.833333333333334,24.0,58.666666666666664,6.0,20.666666666666668,12.333333333333334,13.833333333333334,17.166666666666668,4.5,13.0,9.333333333333334,0.5,0.6666666666666666,8,9,-1,1974.1432206288632,1884.806501461034,1612.0005275528713,1612.0005275528713
659,2015,3378,73,3261,64,0,29.285714285714285,63.285714285714285,5.857142857142857,16.428571428571427,13.285714285714286,12.0,12.142857142857142,7.142857142857143,12.142857142857142,26.285714285714285,63.42857142857143,6.571428571428571,18.714285714285715,10.857142857142858,14.285714285714286,13.428571428571429,5.0,16.428571428571427,12.0,23.0,59.2,4.0,9.0,12.4,10.6,11.2,8.8,18.0,24.0,51.4,3.8,9.6,10.8,13.4,16.4,6.2,15.6,-4.0,0.5,0.5,6,11,-5,1973.207064846104,1925.9516252133776,1612.0005275528713,1612.0005275528713
660,2015,3390,73,3169,60,0,24.333333333333332,59.333333333333336,5.333333333333333,16.0,11.666666666666666,8.833333333333334,11.166666666666666,5.166666666666667,15.833333333333334,22.5,60.166666666666664,5.166666666666667,15.5,16.166666666666668,11.833333333333334,12.0,4.333333333333333,11.666666666666666,0.5,25.666666666666668,60.833333333333336,8.5,23.833333333333332,14.0,12.5,14.666666666666666,7.166666666666667,16.166666666666668,22.0,54.833333333333336,4.333333333333333,13.666666666666666,10.333333333333334,12.5,17.666666666666668,6.0,15.833333333333334,14.833333333333334,1.0,1.0,4,13,-9,2197.9074277767813,1637.1358038941128,1612.0005275528713,1612.0005275528713
661,2015,3397,72,3129,61,0,25.0,54.833333333333336,6.5,16.833333333333332,11.166666666666666,15.333333333333334,14.833333333333334,6.0,12.0,23.5,62.333333333333336,4.333333333333333,14.666666666666666,13.5,11.5,13.833333333333334,8.333333333333334,16.166666666666668,10.833333333333334,21.75,58.5,7.375,21.375,16.25,13.375,18.375,8.875,15.875,22.0,60.25,4.375,17.625,14.25,13.875,15.25,9.625,16.25,5.25,0.6666666666666666,0.8,2,15,-13,2250.1097885985373,1561.6974520826025,1612.0005275528713,1612.0005275528713
662,2015,3124,73,3116,44,0,28.857142857142858,59.142857142857146,3.4285714285714284,9.428571428571429,10.285714285714286,19.714285714285715,14.285714285714286,7.714285714285714,17.285714285714285,22.857142857142858,58.857142857142854,7.0,20.857142857142858,11.142857142857142,14.714285714285714,14.285714285714286,6.857142857142857,17.714285714285715,8.142857142857142,17.4,55.0,5.4,15.6,11.4,9.4,11.6,5.4,14.6,21.8,57.4,3.8,13.0,11.8,10.0,12.4,6.2,18.8,-2.0,1.0,0.5,2,10,-8,2362.534426363957,1868.4480261601493,1612.0005275528713,1612.0005275528713
663,2015,3173,99,3246,94,0,29.0,62.833333333333336,6.5,17.166666666666668,13.5,14.5,14.5,8.666666666666666,17.833333333333332,21.666666666666668,61.333333333333336,4.833333333333333,13.666666666666666,15.166666666666666,11.666666666666666,18.166666666666668,6.5,20.333333333333332,16.333333333333332,23.333333333333332,60.833333333333336,4.0,14.833333333333334,14.0,7.666666666666667,14.833333333333334,7.166666666666667,18.833333333333332,21.833333333333332,60.833333333333336,6.666666666666667,19.833333333333332,13.0,12.666666666666666,15.333333333333334,5.5,19.166666666666668,2.0,0.6666666666666666,0.6666666666666666,7,2,5,2000.8500107065825,2117.105295640304,1612.0005275528713,1612.0005275528713
664,2015,3181,64,3280,56,0,24.4,60.4,3.0,14.2,16.6,11.0,17.0,7.2,19.4,23.2,61.4,8.2,20.6,15.8,13.4,15.8,7.0,16.8,-3.6,18.75,55.5,6.0,19.0,15.25,11.5,18.75,7.75,20.0,21.0,47.25,3.25,9.25,8.5,7.75,17.75,10.5,18.25,-4.5,0.5,0.0,4,5,-1,2161.010247217119,1917.3000743622372,1612.0005275528713,1612.0005275528713
665,2015,3211,76,3333,64,0,23.6,56.4,4.2,14.0,13.0,12.0,15.8,8.8,20.2,20.6,52.2,6.0,16.2,11.2,12.8,15.6,8.0,16.6,-0.8,22.75,59.25,7.75,25.0,12.5,15.5,11.25,4.25,11.75,24.0,62.25,2.5,7.75,12.0,7.5,8.25,5.0,14.75,3.5,0.5,0.0,11,3,8,1952.4000818088416,1996.672365608229,1612.0005275528713,1612.0005275528713
666,2015,3234,88,3274,70,0,29.8,68.2,8.0,21.0,12.0,19.0,14.0,4.2,17.4,30.2,69.2,7.8,19.8,15.0,17.6,16.2,7.6,16.8,1.0,22.6,58.2,7.0,21.6,10.0,8.4,13.6,6.4,16.4,24.2,60.0,5.2,12.2,14.6,11.2,14.8,7.2,13.0,-4.4,0.5,0.5,3,11,-8,2066.6711845371824,1878.4421568434464,1612.0005275528713,1612.0005275528713
667,2015,3323,79,3177,67,0,28.0,55.0,4.0,11.666666666666666,9.833333333333334,16.666666666666668,15.666666666666666,5.833333333333333,13.5,21.333333333333332,59.333333333333336,3.6666666666666665,14.666666666666666,10.666666666666666,9.666666666666666,12.5,7.166666666666667,15.666666666666666,14.333333333333334,31.4,70.0,9.8,28.8,14.2,19.8,13.6,11.6,16.0,25.4,58.8,4.0,13.8,10.2,12.6,21.0,8.4,14.2,20.2,1.0,1.0,1,9,-8,2513.982726029039,2034.9121860589275,1612.0005275528713,1612.0005275528713
668,2015,3376,97,3393,68,0,25.666666666666668,58.0,3.3333333333333335,12.5,14.166666666666666,13.833333333333334,13.333333333333334,6.666666666666667,14.666666666666666,18.833333333333332,56.333333333333336,4.333333333333333,14.666666666666666,12.5,10.166666666666666,11.833333333333334,5.333333333333333,16.333333333333332,11.833333333333334,25.0,64.33333333333333,7.0,24.666666666666668,17.0,9.0,13.333333333333334,10.0,17.333333333333332,24.0,53.666666666666664,5.333333333333333,14.666666666666666,11.0,15.0,20.0,5.0,17.666666666666668,4.333333333333333,1.0,0.0,1,8,-7,2264.167522554316,1983.5918402179268,1612.0005275528713,1612.0005275528713
669,2015,3400,73,3143,70,0,23.571428571428573,54.42857142857143,5.0,12.714285714285714,9.285714285714286,14.0,16.857142857142858,6.714285714285714,18.0,20.571428571428573,60.142857142857146,4.571428571428571,18.428571428571427,10.571428571428571,9.714285714285714,14.142857142857142,7.857142857142857,18.857142857142858,7.857142857142857,24.666666666666668,61.333333333333336,6.0,16.833333333333332,12.833333333333334,14.166666666666666,12.0,8.333333333333334,12.0,22.5,55.833333333333336,5.833333333333333,17.166666666666668,11.0,11.666666666666666,17.0,5.833333333333333,14.333333333333334,5.833333333333333,0.75,0.6666666666666666,5,4,1,2032.2355210505848,2025.49341627168,1612.0005275528713,1612.0005275528713
670,2015,3113,57,3114,54,0,23.0,55.6,3.4,10.4,12.4,11.4,12.8,7.4,15.6,20.8,50.6,4.4,13.8,10.4,7.8,16.6,6.8,18.2,7.2,25.142857142857142,52.857142857142854,5.714285714285714,14.571428571428571,10.0,14.142857142857142,13.0,8.142857142857142,15.714285714285714,21.285714285714285,50.857142857142854,2.857142857142857,10.285714285714286,10.857142857142858,8.571428571428571,17.714285714285715,6.142857142857143,16.714285714285715,13.142857142857142,0.5,1.0,3,11,-8,2020.086057860388,1732.2863308600151,1612.0005275528713,1612.0005275528713
671,2015,3163,91,3353,55,0,37.0,64.28571428571429,8.285714285714286,20.714285714285715,12.571428571428571,22.714285714285715,12.142857142857142,9.857142857142858,11.0,19.285714285714285,58.714285714285715,4.428571428571429,17.285714285714285,10.428571428571429,7.428571428571429,16.714285714285715,6.714285714285714,14.0,43.142857142857146,25.8,63.8,2.0,8.6,11.2,16.2,13.6,11.0,18.6,21.6,53.6,4.4,15.6,11.2,12.4,18.6,6.2,12.8,-2.6,1.0,0.5,1,8,-7,2559.584925848701,1974.1432206288632,1612.0005275528713,1612.0005275528713
672,2015,3199,65,3195,47,0,27.166666666666668,60.333333333333336,5.666666666666667,16.166666666666668,13.833333333333334,15.333333333333334,16.5,5.833333333333333,14.5,20.333333333333332,59.0,5.833333333333333,21.5,11.166666666666666,12.833333333333334,15.833333333333334,7.666666666666667,18.333333333333332,15.5,24.166666666666668,55.833333333333336,8.333333333333334,24.333333333333332,9.333333333333334,12.666666666666666,12.166666666666666,8.833333333333334,15.666666666666666,15.5,47.833333333333336,3.3333333333333335,13.5,9.333333333333334,5.666666666666667,19.833333333333332,3.6666666666666665,16.333333333333332,25.833333333333332,0.6666666666666666,1.0,2,7,-5,2110.3699155793656,1899.793701570648,1612.0005275528713,1612.0005275528713
673,2015,3257,60,3378,52,0,23.4,61.0,4.6,14.2,13.4,15.2,15.4,10.2,18.8,23.8,53.2,5.8,14.2,9.8,15.0,19.6,6.4,16.4,-5.6,29.285714285714285,63.285714285714285,5.857142857142857,16.428571428571427,13.285714285714286,12.0,12.142857142857142,7.142857142857143,12.142857142857142,26.285714285714285,63.42857142857143,6.571428571428571,18.714285714285715,10.857142857142858,14.285714285714286,13.428571428571429,5.0,16.428571428571427,12.0,0.5,0.5,3,6,-3,2153.418974156229,1973.207064846104,1612.0005275528713,1612.0005275528713
674,2015,3268,85,3343,70,0,25.666666666666668,60.833333333333336,5.833333333333333,16.333333333333332,15.5,14.5,13.333333333333334,8.0,14.833333333333334,21.333333333333332,56.666666666666664,4.833333333333333,17.833333333333332,9.333333333333334,11.833333333333334,14.833333333333334,5.833333333333333,18.833333333333332,14.5,28.0,59.5,5.166666666666667,15.333333333333334,12.666666666666666,17.5,13.5,6.0,14.5,18.333333333333332,56.0,2.0,12.833333333333334,9.833333333333334,8.666666666666666,13.0,6.5,14.0,19.333333333333332,1.0,1.0,1,8,-7,2281.821530151582,1914.3456073467069,1612.0005275528713,1612.0005275528713
675,2015,3314,86,3326,84,0,28.4,67.2,7.0,18.0,14.6,13.6,16.0,9.2,17.4,27.2,61.2,5.8,16.6,14.2,11.8,20.2,6.2,16.0,4.0,31.166666666666668,69.83333333333333,8.666666666666666,21.666666666666668,12.666666666666666,18.333333333333332,11.833333333333334,7.666666666666667,15.5,27.166666666666668,69.0,6.0,17.5,15.166666666666666,15.333333333333334,17.166666666666668,3.8333333333333335,18.166666666666668,11.5,0.5,0.6666666666666666,4,5,-1,2096.26289522262,1998.2983656291904,1612.0005275528713,1612.0005275528713
676,2015,3390,86,3328,76,0,24.333333333333332,59.333333333333336,5.333333333333333,16.0,11.666666666666666,8.833333333333334,11.166666666666666,5.166666666666667,15.833333333333334,22.5,60.166666666666664,5.166666666666667,15.5,16.166666666666668,11.833333333333334,12.0,4.333333333333333,11.666666666666666,0.5,20.333333333333332,56.0,5.333333333333333,17.833333333333332,13.333333333333334,10.333333333333334,14.166666666666666,5.5,19.0,20.666666666666668,56.166666666666664,4.666666666666667,13.833333333333334,13.333333333333334,12.0,15.0,7.666666666666667,21.166666666666668,2.5,1.0,0.6666666666666666,4,5,-1,2197.9074277767813,1996.6366664571317,1612.0005275528713,1612.0005275528713
677,2015,3397,77,3338,67,0,25.0,54.833333333333336,6.5,16.833333333333332,11.166666666666666,15.333333333333334,14.833333333333334,6.0,12.0,23.5,62.333333333333336,4.333333333333333,14.666666666666666,13.5,11.5,13.833333333333334,8.333333333333334,16.166666666666668,10.833333333333334,20.25,57.25,2.5,14.75,14.0,12.75,15.0,4.25,16.25,23.5,58.5,6.25,18.75,12.5,13.0,13.5,5.5,17.25,-10.75,0.6666666666666666,0.0,2,10,-8,2250.1097885985373,1753.960066130017,1612.0005275528713,1612.0005275528713
678,2015,3124,81,3234,66,0,28.857142857142858,59.142857142857146,3.4285714285714284,9.428571428571429,10.285714285714286,19.714285714285715,14.285714285714286,7.714285714285714,17.285714285714285,22.857142857142858,58.857142857142854,7.0,20.857142857142858,11.142857142857142,14.714285714285714,14.285714285714286,6.857142857142857,17.714285714285715,8.142857142857142,29.8,68.2,8.0,21.0,12.0,19.0,14.0,4.2,17.4,30.2,69.2,7.8,19.8,15.0,17.6,16.2,7.6,16.8,1.0,1.0,0.5,2,3,-1,2362.534426363957,2066.6711845371824,1612.0005275528713,1612.0005275528713
679,2015,3199,66,3113,65,0,27.166666666666668,60.333333333333336,5.666666666666667,16.166666666666668,13.833333333333334,15.333333333333334,16.5,5.833333333333333,14.5,20.333333333333332,59.0,5.833333333333333,21.5,11.166666666666666,12.833333333333334,15.833333333333334,7.666666666666667,18.333333333333332,15.5,23.0,55.6,3.4,10.4,12.4,11.4,12.8,7.4,15.6,20.8,50.6,4.4,13.8,10.4,7.8,16.6,6.8,18.2,7.2,0.6666666666666666,0.5,2,3,-1,2110.3699155793656,2020.086057860388,1612.0005275528713,1612.0005275528713
680,2015,3323,81,3390,60,0,28.0,55.0,4.0,11.666666666666666,9.833333333333334,16.666666666666668,15.666666666666666,5.833333333333333,13.5,21.333333333333332,59.333333333333336,3.6666666666666665,14.666666666666666,10.666666666666666,9.666666666666666,12.5,7.166666666666667,15.666666666666666,14.333333333333334,24.333333333333332,59.333333333333336,5.333333333333333,16.0,11.666666666666666,8.833333333333334,11.166666666666666,5.166666666666667,15.833333333333334,22.5,60.166666666666664,5.166666666666667,15.5,16.166666666666668,11.833333333333334,12.0,4.333333333333333,11.666666666666666,0.5,1.0,1.0,1,4,-3,2513.982726029039,2197.9074277767813,1612.0005275528713,1612.0005275528713
681,2015,3376,67,3314,65,0,25.666666666666668,58.0,3.3333333333333335,12.5,14.166666666666666,13.833333333333334,13.333333333333334,6.666666666666667,14.666666666666666,18.833333333333332,56.333333333333336,4.333333333333333,14.666666666666666,12.5,10.166666666666666,11.833333333333334,5.333333333333333,16.333333333333332,11.833333333333334,28.4,67.2,7.0,18.0,14.6,13.6,16.0,9.2,17.4,27.2,61.2,5.8,16.6,14.2,11.8,20.2,6.2,16.0,4.0,1.0,0.5,1,4,-3,2264.167522554316,2096.26289522262,1612.0005275528713,1612.0005275528713
682,2015,3163,105,3400,54,0,37.0,64.28571428571429,8.285714285714286,20.714285714285715,12.571428571428571,22.714285714285715,12.142857142857142,9.857142857142858,11.0,19.285714285714285,58.714285714285715,4.428571428571429,17.285714285714285,10.428571428571429,7.428571428571429,16.714285714285715,6.714285714285714,14.0,43.142857142857146,23.571428571428573,54.42857142857143,5.0,12.714285714285714,9.285714285714286,14.0,16.857142857142858,6.714285714285714,18.0,20.571428571428573,60.142857142857146,4.571428571428571,18.428571428571427,10.571428571428571,9.714285714285714,14.142857142857142,7.857142857142857,18.857142857142858,7.857142857142857,1.0,0.75,1,5,-4,2559.584925848701,2032.2355210505848,1612.0005275528713,1612.0005275528713
683,2015,3173,82,3257,66,0,29.0,62.833333333333336,6.5,17.166666666666668,13.5,14.5,14.5,8.666666666666666,17.833333333333332,21.666666666666668,61.333333333333336,4.833333333333333,13.666666666666666,15.166666666666666,11.666666666666666,18.166666666666668,6.5,20.333333333333332,16.333333333333332,23.4,61.0,4.6,14.2,13.4,15.2,15.4,10.2,18.8,23.8,53.2,5.8,14.2,9.8,15.0,19.6,6.4,16.4,-5.6,0.6666666666666666,0.5,7,3,4,2000.8500107065825,2153.418974156229,1612.0005275528713,1612.0005275528713
684,2015,3268,65,3181,55,0,25.666666666666668,60.833333333333336,5.833333333333333,16.333333333333332,15.5,14.5,13.333333333333334,8.0,14.833333333333334,21.333333333333332,56.666666666666664,4.833333333333333,17.833333333333332,9.333333333333334,11.833333333333334,14.833333333333334,5.833333333333333,18.833333333333332,14.5,24.4,60.4,3.0,14.2,16.6,11.0,17.0,7.2,19.4,23.2,61.4,8.2,20.6,15.8,13.4,15.8,7.0,16.8,-3.6,1.0,0.5,1,4,-3,2281.821530151582,2161.010247217119,1612.0005275528713,1612.0005275528713
685,2015,3397,73,3211,69,0,25.0,54.833333333333336,6.5,16.833333333333332,11.166666666666666,15.333333333333334,14.833333333333334,6.0,12.0,23.5,62.333333333333336,4.333333333333333,14.666666666666666,13.5,11.5,13.833333333333334,8.333333333333334,16.166666666666668,10.833333333333334,23.6,56.4,4.2,14.0,13.0,12.0,15.8,8.8,20.2,20.6,52.2,6.0,16.2,11.2,12.8,15.6,8.0,16.6,-0.8,0.6666666666666666,0.5,2,11,-9,2250.1097885985373,1952.4000818088416,1612.0005275528713,1612.0005275528713
686,2015,3323,77,3124,68,0,28.0,55.0,4.0,11.666666666666666,9.833333333333334,16.666666666666668,15.666666666666666,5.833333333333333,13.5,21.333333333333332,59.333333333333336,3.6666666666666665,14.666666666666666,10.666666666666666,9.666666666666666,12.5,7.166666666666667,15.666666666666666,14.333333333333334,28.857142857142858,59.142857142857146,3.4285714285714284,9.428571428571429,10.285714285714286,19.714285714285715,14.285714285714286,7.714285714285714,17.285714285714285,22.857142857142858,58.857142857142854,7.0,20.857142857142858,11.142857142857142,14.714285714285714,14.285714285714286,6.857142857142857,17.714285714285715,8.142857142857142,1.0,1.0,1,2,-1,2513.982726029039,2362.534426363957,1612.0005275528713,1612.0005275528713
687,2015,3376,80,3199,74,0,25.666666666666668,58.0,3.3333333333333335,12.5,14.166666666666666,13.833333333333334,13.333333333333334,6.666666666666667,14.666666666666666,18.833333333333332,56.333333333333336,4.333333333333333,14.666666666666666,12.5,10.166666666666666,11.833333333333334,5.333333333333333,16.333333333333332,11.833333333333334,27.166666666666668,60.333333333333336,5.666666666666667,16.166666666666668,13.833333333333334,15.333333333333334,16.5,5.833333333333333,14.5,20.333333333333332,59.0,5.833333333333333,21.5,11.166666666666666,12.833333333333334,15.833333333333334,7.666666666666667,18.333333333333332,15.5,1.0,0.6666666666666666,1,2,-1,2264.167522554316,2110.3699155793656,1612.0005275528713,1612.0005275528713
688,2015,3163,91,3173,70,0,37.0,64.28571428571429,8.285714285714286,20.714285714285715,12.571428571428571,22.714285714285715,12.142857142857142,9.857142857142858,11.0,19.285714285714285,58.714285714285715,4.428571428571429,17.285714285714285,10.428571428571429,7.428571428571429,16.714285714285715,6.714285714285714,14.0,43.142857142857146,29.0,62.833333333333336,6.5,17.166666666666668,13.5,14.5,14.5,8.666666666666666,17.833333333333332,21.666666666666668,61.333333333333336,4.833333333333333,13.666666666666666,15.166666666666666,11.666666666666666,18.166666666666668,6.5,20.333333333333332,16.333333333333332,1.0,0.6666666666666666,1,7,-6,2559.584925848701,2000.8500107065825,1612.0005275528713,1612.0005275528713
689,2015,3268,58,3397,48,0,25.666666666666668,60.833333333333336,5.833333333333333,16.333333333333332,15.5,14.5,13.333333333333334,8.0,14.833333333333334,21.333333333333332,56.666666666666664,4.833333333333333,17.833333333333332,9.333333333333334,11.833333333333334,14.833333333333334,5.833333333333333,18.833333333333332,14.5,25.0,54.833333333333336,6.5,16.833333333333332,11.166666666666666,15.333333333333334,14.833333333333334,6.0,12.0,23.5,62.333333333333336,4.333333333333333,14.666666666666666,13.5,11.5,13.833333333333334,8.333333333333334,16.166666666666668,10.833333333333334,1.0,0.6666666666666666,1,2,-1,2281.821530151582,2250.1097885985373,1612.0005275528713,1612.0005275528713
690,2015,3163,81,3268,58,0,37.0,64.28571428571429,8.285714285714286,20.714285714285715,12.571428571428571,22.714285714285715,12.142857142857142,9.857142857142858,11.0,19.285714285714285,58.714285714285715,4.428571428571429,17.285714285714285,10.428571428571429,7.428571428571429,16.714285714285715,6.714285714285714,14.0,43.142857142857146,25.666666666666668,60.833333333333336,5.833333333333333,16.333333333333332,15.5,14.5,13.333333333333334,8.0,14.833333333333334,21.333333333333332,56.666666666666664,4.833333333333333,17.833333333333332,9.333333333333334,11.833333333333334,14.833333333333334,5.833333333333333,18.833333333333332,14.5,1.0,1.0,1,1,0,2559.584925848701,2281.821530151582,1612.0005275528713,1612.0005275528713
691,2015,3323,66,3376,65,0,28.0,55.0,4.0,11.666666666666666,9.833333333333334,16.666666666666668,15.666666666666666,5.833333333333333,13.5,21.333333333333332,59.333333333333336,3.6666666666666665,14.666666666666666,10.666666666666666,9.666666666666666,12.5,7.166666666666667,15.666666666666666,14.333333333333334,25.666666666666668,58.0,3.3333333333333335,12.5,14.166666666666666,13.833333333333334,13.333333333333334,6.666666666666667,14.666666666666666,18.833333333333332,56.333333333333336,4.333333333333333,14.666666666666666,12.5,10.166666666666666,11.833333333333334,5.333333333333333,16.333333333333332,11.833333333333334,1.0,1.0,1,1,0,2513.982726029039,2264.167522554316,1612.0005275528713,1612.0005275528713
692,2015,3163,63,3323,53,0,37.0,64.28571428571429,8.285714285714286,20.714285714285715,12.571428571428571,22.714285714285715,12.142857142857142,9.857142857142858,11.0,19.285714285714285,58.714285714285715,4.428571428571429,17.285714285714285,10.428571428571429,7.428571428571429,16.714285714285715,6.714285714285714,14.0,43.142857142857146,28.0,55.0,4.0,11.666666666666666,9.833333333333334,16.666666666666668,15.666666666666666,5.833333333333333,13.5,21.333333333333332,59.333333333333336,3.6666666666666665,14.666666666666666,10.666666666666666,9.666666666666666,12.5,7.166666666666667,15.666666666666666,14.333333333333334,1.0,1.0,1,1,0,2559.584925848701,2513.982726029039,1612.0005275528713,1612.0005275528713
693,2015,3321,55,3116,57,0,25.6,59.4,4.0,14.0,10.8,16.6,14.6,8.6,17.0,25.4,63.0,6.2,17.8,15.8,15.2,15.4,7.6,17.6,-0.8,17.4,55.0,5.4,15.6,11.4,9.4,11.6,5.4,14.6,21.8,57.4,3.8,13.0,11.8,10.0,12.4,6.2,18.8,-2.0,0.5,0.5,7,10,-3,1933.800490730054,1868.4480261601493,1612.0005275528713,1612.0005275528713
694,2015,3322,36,3124,77,0,23.125,54.875,6.625,19.75,7.875,11.875,11.25,6.0,15.375,21.25,64.0,7.25,23.875,17.25,13.0,13.875,4.5,18.875,6.875,28.857142857142858,59.142857142857146,3.4285714285714284,9.428571428571429,10.285714285714286,19.714285714285715,14.285714285714286,7.714285714285714,17.285714285714285,22.857142857142858,58.857142857142854,7.0,20.857142857142858,11.142857142857142,14.714285714285714,14.285714285714286,6.857142857142857,17.714285714285715,8.142857142857142,0.6666666666666666,1.0,15,2,13,1410.681395488928,2362.534426363957,1612.0005275528713,1612.0005275528713
695,2015,3455,66,3143,78,0,27.375,59.375,3.5,13.875,11.75,13.25,10.875,9.125,15.375,19.375,50.75,5.25,16.25,9.75,8.875,15.625,5.625,14.25,13.5,24.666666666666668,61.333333333333336,6.0,16.833333333333332,12.833333333333334,14.166666666666666,12.0,8.333333333333334,12.0,22.5,55.833333333333336,5.833333333333333,17.166666666666668,11.0,11.666666666666666,17.0,5.833333333333333,14.333333333333334,5.833333333333333,1.0,0.6666666666666666,13,4,9,1849.758075888599,2025.49341627168,1612.0005275528713,1612.0005275528713
696,2015,3235,66,3173,78,0,21.4,56.4,7.6,25.6,11.8,13.0,14.4,5.6,14.0,22.8,58.2,4.6,15.6,11.8,13.0,12.2,8.8,14.2,0.4,29.0,62.833333333333336,6.5,17.166666666666668,13.5,14.5,14.5,8.666666666666666,17.833333333333332,21.666666666666668,61.333333333333336,4.833333333333333,13.666666666666666,15.166666666666666,11.666666666666666,18.166666666666668,6.5,20.333333333333332,16.333333333333332,0.0,0.6666666666666666,10,7,3,1910.4915056867724,2000.8500107065825,1612.0005275528713,1612.0005275528713
697,2015,3278,72,3177,79,0,27.2,68.0,5.4,20.8,16.4,16.8,18.6,5.0,14.4,30.2,72.4,8.0,19.2,13.6,23.4,11.0,7.8,15.4,-9.0,31.4,70.0,9.8,28.8,14.2,19.8,13.6,11.6,16.0,25.4,58.8,4.0,13.8,10.2,12.6,21.0,8.4,14.2,20.2,0.5,1.0,8,9,-1,1928.613684901641,2034.9121860589275,1612.0005275528713,1612.0005275528713
698,2015,3107,52,3181,54,0,25.333333333333332,53.5,1.3333333333333333,4.166666666666667,11.166666666666666,15.166666666666666,15.0,13.333333333333334,16.333333333333332,19.333333333333332,50.166666666666664,5.333333333333333,17.5,9.0,12.0,20.166666666666668,6.333333333333333,19.666666666666668,17.833333333333332,24.4,60.4,3.0,14.2,16.6,11.0,17.0,7.2,19.4,23.2,61.4,8.2,20.6,15.8,13.4,15.8,7.0,16.8,-3.6,1.0,0.5,13,4,9,1664.500591943398,2161.010247217119,1612.0005275528713,1612.0005275528713
699,2015,3203,69,3211,82,0,30.833333333333332,65.0,3.8333333333333335,9.333333333333334,17.166666666666668,16.666666666666668,15.833333333333334,8.333333333333334,16.333333333333332,22.833333333333332,61.333333333333336,4.666666666666667,16.833333333333332,12.0,10.5,16.5,7.5,18.333333333333332,17.333333333333332,23.6,56.4,4.2,14.0,13.0,12.0,15.8,8.8,20.2,20.6,52.2,6.0,16.2,11.2,12.8,15.6,8.0,16.6,-0.8,1.0,0.5,6,11,-5,1888.3778392455145,1952.4000818088416,1612.0005275528713,1612.0005275528713
700,2015,3110,67,3234,75,0,22.666666666666668,51.666666666666664,3.0,10.833333333333334,8.5,13.166666666666666,9.166666666666666,8.166666666666666,10.666666666666666,17.833333333333332,53.0,6.166666666666667,20.333333333333332,12.833333333333334,9.666666666666666,14.833333333333334,4.5,14.666666666666666,11.833333333333334,29.8,68.2,8.0,21.0,12.0,19.0,14.0,4.2,17.4,30.2,69.2,7.8,19.8,15.0,17.6,16.2,7.6,16.8,1.0,1.0,0.5,14,3,11,1646.6752918561428,2066.6711845371824,1612.0005275528713,1612.0005275528713
701,2015,3398,52,3246,97,0,27.166666666666668,62.333333333333336,7.0,19.666666666666668,13.166666666666666,14.666666666666666,12.166666666666666,7.666666666666667,19.0,21.666666666666668,55.0,4.666666666666667,14.833333333333334,12.0,13.166666666666666,16.666666666666668,5.0,17.0,9.5,23.333333333333332,60.833333333333336,4.0,14.833333333333334,14.0,7.666666666666667,14.833333333333334,7.166666666666667,18.833333333333332,21.833333333333332,60.833333333333336,6.666666666666667,19.833333333333332,13.0,12.666666666666666,15.333333333333334,5.5,19.166666666666668,2.0,1.0,0.6666666666666666,15,2,13,1410.2315294938437,2117.105295640304,1612.0005275528713,1612.0005275528713
702,2015,3449,80,3274,86,0,23.8,55.4,6.4,17.6,9.8,10.4,12.2,7.8,15.6,20.6,60.2,4.8,16.2,14.4,11.2,14.2,4.6,15.6,12.0,22.6,58.2,7.0,21.6,10.0,8.4,13.6,6.4,16.4,24.2,60.0,5.2,12.2,14.6,11.2,14.8,7.2,13.0,-4.4,0.5,0.5,6,11,-5,1892.251452113208,1878.4421568434464,1612.0005275528713,1612.0005275528713
703,2015,3408,47,3280,57,0,24.5,57.333333333333336,6.666666666666667,17.833333333333332,9.833333333333334,13.333333333333334,14.833333333333334,10.166666666666666,14.666666666666666,24.0,54.833333333333336,5.833333333333333,17.0,10.666666666666666,14.166666666666666,16.5,8.666666666666666,13.166666666666666,-1.0,18.75,55.5,6.0,19.0,15.25,11.5,18.75,7.75,20.0,21.0,47.25,3.25,9.25,8.5,7.75,17.75,10.5,18.25,-4.5,0.6666666666666666,0.0,12,5,7,1748.523340656938,1917.3000743622372,1612.0005275528713,1612.0005275528713
704,2015,3285,43,3323,77,0,23.714285714285715,59.0,4.142857142857143,15.857142857142858,13.571428571428571,12.142857142857142,11.857142857142858,6.714285714285714,15.857142857142858,20.714285714285715,54.714285714285715,4.428571428571429,16.857142857142858,9.428571428571429,8.571428571428571,12.428571428571429,8.0,18.142857142857142,5.142857142857143,28.0,55.0,4.0,11.666666666666666,9.833333333333334,16.666666666666668,15.666666666666666,5.833333333333333,13.5,21.333333333333332,59.333333333333336,3.6666666666666665,14.666666666666666,10.666666666666666,9.666666666666666,12.5,7.166666666666667,15.666666666666666,14.333333333333334,0.75,1.0,16,1,15,1646.3417507458923,2513.982726029039,1612.0005275528713,1612.0005275528713
705,2015,3355,62,3333,74,0,24.666666666666668,60.666666666666664,5.666666666666667,16.166666666666668,14.833333333333334,16.333333333333332,10.833333333333334,8.5,16.166666666666668,20.166666666666668,54.0,4.5,16.166666666666668,10.5,10.333333333333334,17.166666666666668,5.5,20.166666666666668,17.166666666666668,22.75,59.25,7.75,25.0,12.5,15.5,11.25,4.25,11.75,24.0,62.25,2.5,7.75,12.0,7.5,8.25,5.0,14.75,3.5,1.0,0.0,14,3,11,1762.06286802328,1996.672365608229,1612.0005275528713,1612.0005275528713
706,2015,3366,48,3376,81,0,26.5,57.875,1.625,8.5,13.0,11.5,16.125,11.375,16.375,19.625,56.75,4.375,14.75,14.875,8.25,19.5,5.125,17.25,12.875,25.666666666666668,58.0,3.3333333333333335,12.5,14.166666666666666,13.833333333333334,13.333333333333334,6.666666666666667,14.666666666666666,18.833333333333332,56.333333333333336,4.333333333333333,14.666666666666666,12.5,10.166666666666666,11.833333333333334,5.333333333333333,16.333333333333332,11.833333333333334,1.0,1.0,16,1,15,1414.9576658175226,2264.167522554316,1612.0005275528713,1612.0005275528713
707,2015,3304,69,3393,72,0,25.4,62.2,6.6,17.6,10.6,16.6,14.2,5.6,14.6,24.6,65.0,7.8,24.2,10.8,15.0,13.0,8.0,16.0,3.0,25.0,64.33333333333333,7.0,24.666666666666668,17.0,9.0,13.333333333333334,10.0,17.333333333333332,24.0,53.666666666666664,5.333333333333333,14.666666666666666,11.0,15.0,20.0,5.0,17.666666666666668,4.333333333333333,0.5,0.0,9,8,1,1993.4142355166848,1983.5918402179268,1612.0005275528713,1612.0005275528713
708,2015,3443,64,3400,66,0,28.0,60.875,4.375,15.0,13.5,15.625,12.75,8.875,14.75,23.625,61.625,5.625,18.125,15.25,11.5,17.375,5.875,17.625,10.0,23.571428571428573,54.42857142857143,5.0,12.714285714285714,9.285714285714286,14.0,16.857142857142858,6.714285714285714,18.0,20.571428571428573,60.142857142857146,4.571428571428571,18.428571428571427,10.571428571428571,9.714285714285714,14.142857142857142,7.857142857142857,18.857142857142858,7.857142857142857,1.0,0.75,12,5,7,1805.746072550932,2032.2355210505848,1612.0005275528713,1612.0005275528713
709,2015,3325,55,3113,74,0,23.142857142857142,56.42857142857143,9.714285714285714,27.428571428571427,10.142857142857142,13.714285714285714,15.285714285714286,9.285714285714286,17.571428571428573,18.142857142857142,55.42857142857143,5.142857142857143,17.857142857142858,12.714285714285714,9.857142857142858,20.0,6.0,18.714285714285715,13.714285714285714,23.0,55.6,3.4,10.4,12.4,11.4,12.8,7.4,15.6,20.8,50.6,4.4,13.8,10.4,7.8,16.6,6.8,18.2,7.2,1.0,0.5,14,3,11,1625.0225742914151,2020.086057860388,1612.0005275528713,1612.0005275528713
710,2015,3401,60,3114,69,0,24.2,53.0,1.2,3.8,11.6,12.2,16.0,6.8,15.4,24.8,60.6,3.0,11.0,11.8,12.2,12.0,7.8,18.4,1.2,25.142857142857142,52.857142857142854,5.714285714285714,14.571428571428571,10.0,14.142857142857142,13.0,8.142857142857142,15.714285714285714,21.285714285714285,50.857142857142854,2.857142857142857,10.285714285714286,10.857142857142858,8.571428571428571,17.714285714285715,6.142857142857143,16.714285714285715,13.142857142857142,0.5,1.0,6,11,-5,2026.995639438947,1732.2863308600151,1612.0005275528713,1612.0005275528713
711,2015,3383,33,3163,89,0,24.857142857142858,53.857142857142854,7.571428571428571,20.714285714285715,8.0,16.857142857142858,12.285714285714286,7.714285714285714,11.857142857142858,22.571428571428573,58.0,4.857142857142857,16.428571428571427,12.0,9.857142857142858,14.714285714285714,5.857142857142857,16.571428571428573,12.571428571428571,37.0,64.28571428571429,8.285714285714286,20.714285714285715,12.571428571428571,22.714285714285715,12.142857142857142,9.857142857142858,11.0,19.285714285714285,58.714285714285715,4.428571428571429,17.285714285714285,10.428571428571429,7.428571428571429,16.714285714285715,6.714285714285714,14.0,43.142857142857146,1.0,1.0,16,1,15,1326.3699615702794,2559.584925848701,1612.0005275528713,1612.0005275528713
712,2015,3329,67,3195,75,0,21.0,61.833333333333336,3.1666666666666665,10.833333333333334,14.5,10.0,12.333333333333334,9.0,16.166666666666668,22.333333333333332,59.5,5.0,17.5,10.666666666666666,11.5,13.166666666666666,6.166666666666667,17.0,-4.666666666666667,24.166666666666668,55.833333333333336,8.333333333333334,24.333333333333332,9.333333333333334,12.666666666666666,12.166666666666666,8.833333333333334,15.666666666666666,15.5,47.833333333333336,3.3333333333333335,13.5,9.333333333333334,5.666666666666667,19.833333333333332,3.6666666666666665,16.333333333333332,25.833333333333332,0.3333333333333333,1.0,10,7,3,1990.5016063523208,1899.793701570648,1612.0005275528713,1612.0005275528713
713,2015,3106,49,3199,91,0,21.88888888888889,57.77777777777778,5.555555555555555,15.444444444444445,14.444444444444445,12.555555555555555,18.22222222222222,7.222222222222222,24.22222222222222,20.666666666666668,59.333333333333336,3.111111111111111,12.555555555555555,15.88888888888889,9.88888888888889,16.555555555555557,9.222222222222221,21.666666666666668,1.6666666666666667,27.166666666666668,60.333333333333336,5.666666666666667,16.166666666666668,13.833333333333334,15.333333333333334,16.5,5.833333333333333,14.5,20.333333333333332,59.0,5.833333333333333,21.5,11.166666666666666,12.833333333333334,15.833333333333334,7.666666666666667,18.333333333333332,15.5,0.8333333333333334,0.6666666666666666,15,2,13,1228.978936663473,2110.3699155793656,1612.0005275528713,1612.0005275528713
714,2015,3140,53,3257,86,0,22.166666666666668,51.166666666666664,6.5,18.5,7.833333333333333,13.333333333333334,14.0,8.0,15.833333333333334,22.5,57.0,4.5,14.666666666666666,15.666666666666666,12.333333333333334,14.5,8.166666666666666,16.833333333333332,0.5,23.4,61.0,4.6,14.2,13.4,15.2,15.4,10.2,18.8,23.8,53.2,5.8,14.2,9.8,15.0,19.6,6.4,16.4,-5.6,1.0,0.5,14,3,11,1834.991702653631,2153.418974156229,1612.0005275528713,1612.0005275528713
715,2015,3308,57,3268,75,0,25.4,62.6,8.2,26.8,15.8,12.6,14.8,7.8,15.0,21.8,62.0,6.2,20.6,14.8,12.0,16.0,6.6,14.8,10.2,25.666666666666668,60.833333333333336,5.833333333333333,16.333333333333332,15.5,14.5,13.333333333333334,8.0,14.833333333333334,21.333333333333332,56.666666666666664,4.833333333333333,17.833333333333332,9.333333333333334,11.833333333333334,14.833333333333334,5.833333333333333,18.833333333333332,14.5,1.0,1.0,16,1,15,1474.2923335274788,2281.821530151582,1612.0005275528713,1612.0005275528713
716,2015,3251,65,3314,71,0,25.666666666666668,57.833333333333336,3.3333333333333335,11.833333333333334,15.666666666666666,13.166666666666666,12.0,7.0,16.5,19.833333333333332,55.166666666666664,4.666666666666667,13.0,10.166666666666666,9.0,12.666666666666666,6.833333333333333,17.833333333333332,14.0,28.4,67.2,7.0,18.0,14.6,13.6,16.0,9.2,17.4,27.2,61.2,5.8,16.6,14.2,11.8,20.2,6.2,16.0,4.0,1.0,0.5,13,4,9,1661.6788111422547,2096.26289522262,1612.0005275528713,1612.0005275528713
717,2015,3241,80,3326,90,0,27.142857142857142,65.85714285714286,4.714285714285714,15.285714285714286,17.0,14.285714285714286,11.142857142857142,8.142857142857142,16.142857142857142,20.142857142857142,54.285714285714285,3.142857142857143,11.571428571428571,9.428571428571429,10.142857142857142,16.857142857142858,5.714285714285714,18.428571428571427,15.714285714285714,31.166666666666668,69.83333333333333,8.666666666666666,21.666666666666668,12.666666666666666,18.333333333333332,11.833333333333334,7.666666666666667,15.5,27.166666666666668,69.0,6.0,17.5,15.166666666666666,15.333333333333334,17.166666666666668,3.8333333333333335,18.166666666666668,11.5,1.0,0.6666666666666666,12,5,7,1934.536167662885,1998.2983656291904,1612.0005275528713,1612.0005275528713
718,2015,3346,84,3328,111,0,25.857142857142858,65.14285714285714,10.142857142857142,26.571428571428573,15.0,18.142857142857142,14.571428571428571,8.0,16.428571428571427,22.0,64.85714285714286,4.285714285714286,18.285714285714285,14.0,14.285714285714286,16.285714285714285,7.857142857142857,19.142857142857142,20.571428571428573,20.333333333333332,56.0,5.333333333333333,17.833333333333332,13.333333333333334,10.333333333333334,14.166666666666666,5.5,19.0,20.666666666666668,56.166666666666664,4.666666666666667,13.833333333333334,13.333333333333334,12.0,15.0,7.666666666666667,21.166666666666668,2.5,1.0,0.6666666666666666,12,5,7,1810.8788476224036,1996.6366664571317,1612.0005275528713,1612.0005275528713
719,2015,3151,40,3338,51,0,24.833333333333332,52.5,4.666666666666667,14.5,10.333333333333334,13.166666666666666,14.0,8.666666666666666,11.166666666666666,19.666666666666668,54.166666666666664,3.1666666666666665,13.833333333333334,11.333333333333334,8.666666666666666,15.833333333333334,7.833333333333333,14.833333333333334,14.333333333333334,20.25,57.25,2.5,14.75,14.0,12.75,15.0,4.25,16.25,23.5,58.5,6.25,18.75,12.5,13.0,13.5,5.5,17.25,-10.75,1.0,0.0,7,10,-3,1897.8769516252007,1753.960066130017,1612.0005275528713,1612.0005275528713
720,2015,3453,70,3343,80,0,24.571428571428573,56.714285714285715,5.285714285714286,20.714285714285715,11.428571428571429,16.285714285714285,12.0,8.428571428571429,16.714285714285715,16.571428571428573,55.142857142857146,5.0,24.285714285714285,12.428571428571429,9.0,15.428571428571429,4.857142857142857,19.571428571428573,18.714285714285715,28.0,59.5,5.166666666666667,15.333333333333334,12.666666666666666,17.5,13.5,6.0,14.5,18.333333333333332,56.0,2.0,12.833333333333334,9.833333333333334,8.666666666666666,13.0,6.5,14.0,19.333333333333332,1.0,1.0,9,8,1,1909.2528472266983,1914.3456073467069,1612.0005275528713,1612.0005275528713
721,2015,3371,66,3353,79,0,28.666666666666668,66.66666666666667,6.5,19.666666666666668,12.5,13.666666666666666,10.833333333333334,9.666666666666666,14.833333333333334,24.0,58.666666666666664,6.0,20.666666666666668,12.333333333333334,13.833333333333334,17.166666666666668,4.5,13.0,9.333333333333334,25.8,63.8,2.0,8.6,11.2,16.2,13.6,11.0,18.6,21.6,53.6,4.4,15.6,11.2,12.4,18.6,6.2,12.8,-2.6,0.6666666666666666,0.5,9,8,1,1884.806501461034,1974.1432206288632,1612.0005275528713,1612.0005275528713
722,2015,3261,64,3378,73,0,23.0,59.2,4.0,9.0,12.4,10.6,11.2,8.8,18.0,24.0,51.4,3.8,9.6,10.8,13.4,16.4,6.2,15.6,-4.0,29.285714285714285,63.285714285714285,5.857142857142857,16.428571428571427,13.285714285714286,12.0,12.142857142857142,7.142857142857143,12.142857142857142,26.285714285714285,63.42857142857143,6.571428571428571,18.714285714285715,10.857142857142858,14.285714285714286,13.428571428571429,5.0,16.428571428571427,12.0,0.5,0.5,11,6,5,1925.9516252133776,1973.207064846104,1612.0005275528713,1612.0005275528713
723,2015,3169,60,3390,73,0,25.666666666666668,60.833333333333336,8.5,23.833333333333332,14.0,12.5,14.666666666666666,7.166666666666667,16.166666666666668,22.0,54.833333333333336,4.333333333333333,13.666666666666666,10.333333333333334,12.5,17.666666666666668,6.0,15.833333333333334,14.833333333333334,24.333333333333332,59.333333333333336,5.333333333333333,16.0,11.666666666666666,8.833333333333334,11.166666666666666,5.166666666666667,15.833333333333334,22.5,60.166666666666664,5.166666666666667,15.5,16.166666666666668,11.833333333333334,12.0,4.333333333333333,11.666666666666666,0.5,1.0,1.0,13,4,9,1637.1358038941128,2197.9074277767813,1612.0005275528713,1612.0005275528713
724,2015,3129,61,3397,72,0,21.75,58.5,7.375,21.375,16.25,13.375,18.375,8.875,15.875,22.0,60.25,4.375,17.625,14.25,13.875,15.25,9.625,16.25,5.25,25.0,54.833333333333336,6.5,16.833333333333332,11.166666666666666,15.333333333333334,14.833333333333334,6.0,12.0,23.5,62.333333333333336,4.333333333333333,14.666666666666666,13.5,11.5,13.833333333333334,8.333333333333334,16.166666666666668,10.833333333333334,0.8,0.6666666666666666,15,2,13,1561.6974520826025,2250.1097885985373,1612.0005275528713,1612.0005275528713
725,2015,3116,44,3124,73,0,17.4,55.0,5.4,15.6,11.4,9.4,11.6,5.4,14.6,21.8,57.4,3.8,13.0,11.8,10.0,12.4,6.2,18.8,-2.0,28.857142857142858,59.142857142857146,3.4285714285714284,9.428571428571429,10.285714285714286,19.714285714285715,14.285714285714286,7.714285714285714,17.285714285714285,22.857142857142858,58.857142857142854,7.0,20.857142857142858,11.142857142857142,14.714285714285714,14.285714285714286,6.857142857142857,17.714285714285715,8.142857142857142,0.5,1.0,10,2,8,1868.4480261601493,2362.534426363957,1612.0005275528713,1612.0005275528713
726,2015,3246,94,3173,99,0,23.333333333333332,60.833333333333336,4.0,14.833333333333334,14.0,7.666666666666667,14.833333333333334,7.166666666666667,18.833333333333332,21.833333333333332,60.833333333333336,6.666666666666667,19.833333333333332,13.0,12.666666666666666,15.333333333333334,5.5,19.166666666666668,2.0,29.0,62.833333333333336,6.5,17.166666666666668,13.5,14.5,14.5,8.666666666666666,17.833333333333332,21.666666666666668,61.333333333333336,4.833333333333333,13.666666666666666,15.166666666666666,11.666666666666666,18.166666666666668,6.5,20.333333333333332,16.333333333333332,0.6666666666666666,0.6666666666666666,2,7,-5,2117.105295640304,2000.8500107065825,1612.0005275528713,1612.0005275528713
727,2015,3280,56,3181,64,0,18.75,55.5,6.0,19.0,15.25,11.5,18.75,7.75,20.0,21.0,47.25,3.25,9.25,8.5,7.75,17.75,10.5,18.25,-4.5,24.4,60.4,3.0,14.2,16.6,11.0,17.0,7.2,19.4,23.2,61.4,8.2,20.6,15.8,13.4,15.8,7.0,16.8,-3.6,0.0,0.5,5,4,1,1917.3000743622372,2161.010247217119,1612.0005275528713,1612.0005275528713
728,2015,3333,64,3211,76,0,22.75,59.25,7.75,25.0,12.5,15.5,11.25,4.25,11.75,24.0,62.25,2.5,7.75,12.0,7.5,8.25,5.0,14.75,3.5,23.6,56.4,4.2,14.0,13.0,12.0,15.8,8.8,20.2,20.6,52.2,6.0,16.2,11.2,12.8,15.6,8.0,16.6,-0.8,0.0,0.5,3,11,-8,1996.672365608229,1952.4000818088416,1612.0005275528713,1612.0005275528713
729,2015,3274,70,3234,88,0,22.6,58.2,7.0,21.6,10.0,8.4,13.6,6.4,16.4,24.2,60.0,5.2,12.2,14.6,11.2,14.8,7.2,13.0,-4.4,29.8,68.2,8.0,21.0,12.0,19.0,14.0,4.2,17.4,30.2,69.2,7.8,19.8,15.0,17.6,16.2,7.6,16.8,1.0,0.5,0.5,11,3,8,1878.4421568434464,2066.6711845371824,1612.0005275528713,1612.0005275528713
730,2015,3177,67,3323,79,0,31.4,70.0,9.8,28.8,14.2,19.8,13.6,11.6,16.0,25.4,58.8,4.0,13.8,10.2,12.6,21.0,8.4,14.2,20.2,28.0,55.0,4.0,11.666666666666666,9.833333333333334,16.666666666666668,15.666666666666666,5.833333333333333,13.5,21.333333333333332,59.333333333333336,3.6666666666666665,14.666666666666666,10.666666666666666,9.666666666666666,12.5,7.166666666666667,15.666666666666666,14.333333333333334,1.0,1.0,9,1,8,2034.9121860589275,2513.982726029039,1612.0005275528713,1612.0005275528713
731,2015,3393,68,3376,97,0,25.0,64.33333333333333,7.0,24.666666666666668,17.0,9.0,13.333333333333334,10.0,17.333333333333332,24.0,53.666666666666664,5.333333333333333,14.666666666666666,11.0,15.0,20.0,5.0,17.666666666666668,4.333333333333333,25.666666666666668,58.0,3.3333333333333335,12.5,14.166666666666666,13.833333333333334,13.333333333333334,6.666666666666667,14.666666666666666,18.833333333333332,56.333333333333336,4.333333333333333,14.666666666666666,12.5,10.166666666666666,11.833333333333334,5.333333333333333,16.333333333333332,11.833333333333334,0.0,1.0,8,1,7,1983.5918402179268,2264.167522554316,1612.0005275528713,1612.0005275528713
732,2015,3143,70,3400,73,0,24.666666666666668,61.333333333333336,6.0,16.833333333333332,12.833333333333334,14.166666666666666,12.0,8.333333333333334,12.0,22.5,55.833333333333336,5.833333333333333,17.166666666666668,11.0,11.666666666666666,17.0,5.833333333333333,14.333333333333334,5.833333333333333,23.571428571428573,54.42857142857143,5.0,12.714285714285714,9.285714285714286,14.0,16.857142857142858,6.714285714285714,18.0,20.571428571428573,60.142857142857146,4.571428571428571,18.428571428571427,10.571428571428571,9.714285714285714,14.142857142857142,7.857142857142857,18.857142857142858,7.857142857142857,0.6666666666666666,0.75,4,5,-1,2025.49341627168,2032.2355210505848,1612.0005275528713,1612.0005275528713
733,2015,3114,54,3113,57,0,25.142857142857142,52.857142857142854,5.714285714285714,14.571428571428571,10.0,14.142857142857142,13.0,8.142857142857142,15.714285714285714,21.285714285714285,50.857142857142854,2.857142857142857,10.285714285714286,10.857142857142858,8.571428571428571,17.714285714285715,6.142857142857143,16.714285714285715,13.142857142857142,23.0,55.6,3.4,10.4,12.4,11.4,12.8,7.4,15.6,20.8,50.6,4.4,13.8,10.4,7.8,16.6,6.8,18.2,7.2,1.0,0.5,11,3,8,1732.2863308600151,2020.086057860388,1612.0005275528713,1612.0005275528713
734,2015,3353,55,3163,91,0,25.8,63.8,2.0,8.6,11.2,16.2,13.6,11.0,18.6,21.6,53.6,4.4,15.6,11.2,12.4,18.6,6.2,12.8,-2.6,37.0,64.28571428571429,8.285714285714286,20.714285714285715,12.571428571428571,22.714285714285715,12.142857142857142,9.857142857142858,11.0,19.285714285714285,58.714285714285715,4.428571428571429,17.285714285714285,10.428571428571429,7.428571428571429,16.714285714285715,6.714285714285714,14.0,43.142857142857146,0.5,1.0,8,1,7,1974.1432206288632,2559.584925848701,1612.0005275528713,1612.0005275528713
735,2015,3195,47,3199,65,0,24.166666666666668,55.833333333333336,8.333333333333334,24.333333333333332,9.333333333333334,12.666666666666666,12.166666666666666,8.833333333333334,15.666666666666666,15.5,47.833333333333336,3.3333333333333335,13.5,9.333333333333334,5.666666666666667,19.833333333333332,3.6666666666666665,16.333333333333332,25.833333333333332,27.166666666666668,60.333333333333336,5.666666666666667,16.166666666666668,13.833333333333334,15.333333333333334,16.5,5.833333333333333,14.5,20.333333333333332,59.0,5.833333333333333,21.5,11.166666666666666,12.833333333333334,15.833333333333334,7.666666666666667,18.333333333333332,15.5,1.0,0.6666666666666666,7,2,5,1899.793701570648,2110.3699155793656,1612.0005275528713,1612.0005275528713
736,2015,3378,52,3257,60,0,29.285714285714285,63.285714285714285,5.857142857142857,16.428571428571427,13.285714285714286,12.0,12.142857142857142,7.142857142857143,12.142857142857142,26.285714285714285,63.42857142857143,6.571428571428571,18.714285714285715,10.857142857142858,14.285714285714286,13.428571428571429,5.0,16.428571428571427,12.0,23.4,61.0,4.6,14.2,13.4,15.2,15.4,10.2,18.8,23.8,53.2,5.8,14.2,9.8,15.0,19.6,6.4,16.4,-5.6,0.5,0.5,6,3,3,1973.207064846104,2153.418974156229,1612.0005275528713,1612.0005275528713
737,2015,3343,70,3268,85,0,28.0,59.5,5.166666666666667,15.333333333333334,12.666666666666666,17.5,13.5,6.0,14.5,18.333333333333332,56.0,2.0,12.833333333333334,9.833333333333334,8.666666666666666,13.0,6.5,14.0,19.333333333333332,25.666666666666668,60.833333333333336,5.833333333333333,16.333333333333332,15.5,14.5,13.333333333333334,8.0,14.833333333333334,21.333333333333332,56.666666666666664,4.833333333333333,17.833333333333332,9.333333333333334,11.833333333333334,14.833333333333334,5.833333333333333,18.833333333333332,14.5,1.0,1.0,8,1,7,1914.3456073467069,2281.821530151582,1612.0005275528713,1612.0005275528713
738,2015,3326,84,3314,86,0,31.166666666666668,69.83333333333333,8.666666666666666,21.666666666666668,12.666666666666666,18.333333333333332,11.833333333333334,7.666666666666667,15.5,27.166666666666668,69.0,6.0,17.5,15.166666666666666,15.333333333333334,17.166666666666668,3.8333333333333335,18.166666666666668,11.5,28.4,67.2,7.0,18.0,14.6,13.6,16.0,9.2,17.4,27.2,61.2,5.8,16.6,14.2,11.8,20.2,6.2,16.0,4.0,0.6666666666666666,0.5,5,4,1,1998.2983656291904,2096.26289522262,1612.0005275528713,1612.0005275528713
739,2015,3328,76,3390,86,0,20.333333333333332,56.0,5.333333333333333,17.833333333333332,13.333333333333334,10.333333333333334,14.166666666666666,5.5,19.0,20.666666666666668,56.166666666666664,4.666666666666667,13.833333333333334,13.333333333333334,12.0,15.0,7.666666666666667,21.166666666666668,2.5,24.333333333333332,59.333333333333336,5.333333333333333,16.0,11.666666666666666,8.833333333333334,11.166666666666666,5.166666666666667,15.833333333333334,22.5,60.166666666666664,5.166666666666667,15.5,16.166666666666668,11.833333333333334,12.0,4.333333333333333,11.666666666666666,0.5,0.6666666666666666,1.0,5,4,1,1996.6366664571317,2197.9074277767813,1612.0005275528713,1612.0005275528713
740,2015,3338,67,3397,77,0,20.25,57.25,2.5,14.75,14.0,12.75,15.0,4.25,16.25,23.5,58.5,6.25,18.75,12.5,13.0,13.5,5.5,17.25,-10.75,25.0,54.833333333333336,6.5,16.833333333333332,11.166666666666666,15.333333333333334,14.833333333333334,6.0,12.0,23.5,62.333333333333336,4.333333333333333,14.666666666666666,13.5,11.5,13.833333333333334,8.333333333333334,16.166666666666668,10.833333333333334,0.0,0.6666666666666666,10,2,8,1753.960066130017,2250.1097885985373,1612.0005275528713,1612.0005275528713
741,2015,3234,66,3124,81,0,29.8,68.2,8.0,21.0,12.0,19.0,14.0,4.2,17.4,30.2,69.2,7.8,19.8,15.0,17.6,16.2,7.6,16.8,1.0,28.857142857142858,59.142857142857146,3.4285714285714284,9.428571428571429,10.285714285714286,19.714285714285715,14.285714285714286,7.714285714285714,17.285714285714285,22.857142857142858,58.857142857142854,7.0,20.857142857142858,11.142857142857142,14.714285714285714,14.285714285714286,6.857142857142857,17.714285714285715,8.142857142857142,0.5,1.0,3,2,1,2066.6711845371824,2362.534426363957,1612.0005275528713,1612.0005275528713
742,2015,3113,65,3199,66,0,23.0,55.6,3.4,10.4,12.4,11.4,12.8,7.4,15.6,20.8,50.6,4.4,13.8,10.4,7.8,16.6,6.8,18.2,7.2,27.166666666666668,60.333333333333336,5.666666666666667,16.166666666666668,13.833333333333334,15.333333333333334,16.5,5.833333333333333,14.5,20.333333333333332,59.0,5.833333333333333,21.5,11.166666666666666,12.833333333333334,15.833333333333334,7.666666666666667,18.333333333333332,15.5,0.5,0.6666666666666666,3,2,1,2020.086057860388,2110.3699155793656,1612.0005275528713,1612.0005275528713
743,2015,3390,60,3323,81,0,24.333333333333332,59.333333333333336,5.333333333333333,16.0,11.666666666666666,8.833333333333334,11.166666666666666,5.166666666666667,15.833333333333334,22.5,60.166666666666664,5.166666666666667,15.5,16.166666666666668,11.833333333333334,12.0,4.333333333333333,11.666666666666666,0.5,28.0,55.0,4.0,11.666666666666666,9.833333333333334,16.666666666666668,15.666666666666666,5.833333333333333,13.5,21.333333333333332,59.333333333333336,3.6666666666666665,14.666666666666666,10.666666666666666,9.666666666666666,12.5,7.166666666666667,15.666666666666666,14.333333333333334,1.0,1.0,4,1,3,2197.9074277767813,2513.982726029039,1612.0005275528713,1612.0005275528713
744,2015,3314,65,3376,67,0,28.4,67.2,7.0,18.0,14.6,13.6,16.0,9.2,17.4,27.2,61.2,5.8,16.6,14.2,11.8,20.2,6.2,16.0,4.0,25.666666666666668,58.0,3.3333333333333335,12.5,14.166666666666666,13.833333333333334,13.333333333333334,6.666666666666667,14.666666666666666,18.833333333333332,56.333333333333336,4.333333333333333,14.666666666666666,12.5,10.166666666666666,11.833333333333334,5.333333333333333,16.333333333333332,11.833333333333334,0.5,1.0,4,1,3,2096.26289522262,2264.167522554316,1612.0005275528713,1612.0005275528713
745,2015,3400,54,3163,105,0,23.571428571428573,54.42857142857143,5.0,12.714285714285714,9.285714285714286,14.0,16.857142857142858,6.714285714285714,18.0,20.571428571428573,60.142857142857146,4.571428571428571,18.428571428571427,10.571428571428571,9.714285714285714,14.142857142857142,7.857142857142857,18.857142857142858,7.857142857142857,37.0,64.28571428571429,8.285714285714286,20.714285714285715,12.571428571428571,22.714285714285715,12.142857142857142,9.857142857142858,11.0,19.285714285714285,58.714285714285715,4.428571428571429,17.285714285714285,10.428571428571429,7.428571428571429,16.714285714285715,6.714285714285714,14.0,43.142857142857146,0.75,1.0,5,1,4,2032.2355210505848,2559.584925848701,1612.0005275528713,1612.0005275528713
746,2015,3257,66,3173,82,0,23.4,61.0,4.6,14.2,13.4,15.2,15.4,10.2,18.8,23.8,53.2,5.8,14.2,9.8,15.0,19.6,6.4,16.4,-5.6,29.0,62.833333333333336,6.5,17.166666666666668,13.5,14.5,14.5,8.666666666666666,17.833333333333332,21.666666666666668,61.333333333333336,4.833333333333333,13.666666666666666,15.166666666666666,11.666666666666666,18.166666666666668,6.5,20.333333333333332,16.333333333333332,0.5,0.6666666666666666,3,7,-4,2153.418974156229,2000.8500107065825,1612.0005275528713,1612.0005275528713
747,2015,3181,55,3268,65,0,24.4,60.4,3.0,14.2,16.6,11.0,17.0,7.2,19.4,23.2,61.4,8.2,20.6,15.8,13.4,15.8,7.0,16.8,-3.6,25.666666666666668,60.833333333333336,5.833333333333333,16.333333333333332,15.5,14.5,13.333333333333334,8.0,14.833333333333334,21.333333333333332,56.666666666666664,4.833333333333333,17.833333333333332,9.333333333333334,11.833333333333334,14.833333333333334,5.833333333333333,18.833333333333332,14.5,0.5,1.0,4,1,3,2161.010247217119,2281.821530151582,1612.0005275528713,1612.0005275528713
748,2015,3211,69,3397,73,0,23.6,56.4,4.2,14.0,13.0,12.0,15.8,8.8,20.2,20.6,52.2,6.0,16.2,11.2,12.8,15.6,8.0,16.6,-0.8,25.0,54.833333333333336,6.5,16.833333333333332,11.166666666666666,15.333333333333334,14.833333333333334,6.0,12.0,23.5,62.333333333333336,4.333333333333333,14.666666666666666,13.5,11.5,13.833333333333334,8.333333333333334,16.166666666666668,10.833333333333334,0.5,0.6666666666666666,11,2,9,1952.4000818088416,2250.1097885985373,1612.0005275528713,1612.0005275528713
749,2015,3124,68,3323,77,0,28.857142857142858,59.142857142857146,3.4285714285714284,9.428571428571429,10.285714285714286,19.714285714285715,14.285714285714286,7.714285714285714,17.285714285714285,22.857142857142858,58.857142857142854,7.0,20.857142857142858,11.142857142857142,14.714285714285714,14.285714285714286,6.857142857142857,17.714285714285715,8.142857142857142,28.0,55.0,4.0,11.666666666666666,9.833333333333334,16.666666666666668,15.666666666666666,5.833333333333333,13.5,21.333333333333332,59.333333333333336,3.6666666666666665,14.666666666666666,10.666666666666666,9.666666666666666,12.5,7.166666666666667,15.666666666666666,14.333333333333334,1.0,1.0,2,1,1,2362.534426363957,2513.982726029039,1612.0005275528713,1612.0005275528713
750,2015,3199,74,3376,80,0,27.166666666666668,60.333333333333336,5.666666666666667,16.166666666666668,13.833333333333334,15.333333333333334,16.5,5.833333333333333,14.5,20.333333333333332,59.0,5.833333333333333,21.5,11.166666666666666,12.833333333333334,15.833333333333334,7.666666666666667,18.333333333333332,15.5,25.666666666666668,58.0,3.3333333333333335,12.5,14.166666666666666,13.833333333333334,13.333333333333334,6.666666666666667,14.666666666666666,18.833333333333332,56.333333333333336,4.333333333333333,14.666666666666666,12.5,10.166666666666666,11.833333333333334,5.333333333333333,16.333333333333332,11.833333333333334,0.6666666666666666,1.0,2,1,1,2110.3699155793656,2264.167522554316,1612.0005275528713,1612.0005275528713
751,2015,3173,70,3163,91,0,29.0,62.833333333333336,6.5,17.166666666666668,13.5,14.5,14.5,8.666666666666666,17.833333333333332,21.666666666666668,61.333333333333336,4.833333333333333,13.666666666666666,15.166666666666666,11.666666666666666,18.166666666666668,6.5,20.333333333333332,16.333333333333332,37.0,64.28571428571429,8.285714285714286,20.714285714285715,12.571428571428571,22.714285714285715,12.142857142857142,9.857142857142858,11.0,19.285714285714285,58.714285714285715,4.428571428571429,17.285714285714285,10.428571428571429,7.428571428571429,16.714285714285715,6.714285714285714,14.0,43.142857142857146,0.6666666666666666,1.0,7,1,6,2000.8500107065825,2559.584925848701,1612.0005275528713,1612.0005275528713
752,2015,3397,48,3268,58,0,25.0,54.833333333333336,6.5,16.833333333333332,11.166666666666666,15.333333333333334,14.833333333333334,6.0,12.0,23.5,62.333333333333336,4.333333333333333,14.666666666666666,13.5,11.5,13.833333333333334,8.333333333333334,16.166666666666668,10.833333333333334,25.666666666666668,60.833333333333336,5.833333333333333,16.333333333333332,15.5,14.5,13.333333333333334,8.0,14.833333333333334,21.333333333333332,56.666666666666664,4.833333333333333,17.833333333333332,9.333333333333334,11.833333333333334,14.833333333333334,5.833333333333333,18.833333333333332,14.5,0.6666666666666666,1.0,2,1,1,2250.1097885985373,2281.821530151582,1612.0005275528713,1612.0005275528713
753,2015,3268,58,3163,81,0,25.666666666666668,60.833333333333336,5.833333333333333,16.333333333333332,15.5,14.5,13.333333333333334,8.0,14.833333333333334,21.333333333333332,56.666666666666664,4.833333333333333,17.833333333333332,9.333333333333334,11.833333333333334,14.833333333333334,5.833333333333333,18.833333333333332,14.5,37.0,64.28571428571429,8.285714285714286,20.714285714285715,12.571428571428571,22.714285714285715,12.142857142857142,9.857142857142858,11.0,19.285714285714285,58.714285714285715,4.428571428571429,17.285714285714285,10.428571428571429,7.428571428571429,16.714285714285715,6.714285714285714,14.0,43.142857142857146,1.0,1.0,1,1,0,2281.821530151582,2559.584925848701,1612.0005275528713,1612.0005275528713
754,2015,3376,65,3323,66,0,25.666666666666668,58.0,3.3333333333333335,12.5,14.166666666666666,13.833333333333334,13.333333333333334,6.666666666666667,14.666666666666666,18.833333333333332,56.333333333333336,4.333333333333333,14.666666666666666,12.5,10.166666666666666,11.833333333333334,5.333333333333333,16.333333333333332,11.833333333333334,28.0,55.0,4.0,11.666666666666666,9.833333333333334,16.666666666666668,15.666666666666666,5.833333333333333,13.5,21.333333333333332,59.333333333333336,3.6666666666666665,14.666666666666666,10.666666666666666,9.666666666666666,12.5,7.166666666666667,15.666666666666666,14.333333333333334,1.0,1.0,1,1,0,2264.167522554316,2513.982726029039,1612.0005275528713,1612.0005275528713
755,2015,3323,53,3163,63,0,28.0,55.0,4.0,11.666666666666666,9.833333333333334,16.666666666666668,15.666666666666666,5.833333333333333,13.5,21.333333333333332,59.333333333333336,3.6666666666666665,14.666666666666666,10.666666666666666,9.666666666666666,12.5,7.166666666666667,15.666666666666666,14.333333333333334,37.0,64.28571428571429,8.285714285714286,20.714285714285715,12.571428571428571,22.714285714285715,12.142857142857142,9.857142857142858,11.0,19.285714285714285,58.714285714285715,4.428571428571429,17.285714285714285,10.428571428571429,7.428571428571429,16.714285714285715,6.714285714285714,14.0,43.142857142857146,1.0,1.0,1,1,0,2513.982726029039,2559.584925848701,1612.0005275528713,1612.0005275528713
756,2016,3107,61,3196,59,-1,32.2,61.8,2.4,8.4,12.4,20.2,10.0,12.0,17.4,16.6,52.4,4.8,17.8,11.0,11.4,19.6,5.0,17.4,33.0,23.5,66.0,6.75,21.5,17.25,12.5,20.75,12.25,21.75,25.0,57.25,4.5,12.25,14.0,15.25,23.5,10.25,20.5,-0.25,1.0,0.0,12,5,7,1751.3053201619828,1901.8197350229173,1612.0005275528713,1612.0005275528713
757,2016,3113,74,3308,52,1,23.5,57.0,2.75,15.75,13.25,14.5,15.5,9.0,18.5,23.5,50.0,3.5,13.25,6.5,12.75,18.25,8.0,17.25,0.25,26.8,60.8,6.4,19.2,14.0,12.6,15.0,7.6,16.0,20.8,57.2,5.0,19.0,14.2,10.0,16.6,7.0,15.0,8.8,0.0,0.6666666666666666,2,15,-13,2074.1098511304426,1598.5175488685534,1612.0005275528713,1612.0005275528713
758,2016,3120,68,3385,57,0,20.2,55.8,1.6,10.4,12.8,10.4,15.8,9.2,21.4,18.0,47.8,4.4,15.0,11.2,12.8,21.2,7.8,16.4,-7.2,23.166666666666668,55.666666666666664,3.1666666666666665,10.333333333333334,12.333333333333334,9.833333333333334,11.5,7.666666666666667,15.666666666666666,19.833333333333332,52.0,4.833333333333333,15.166666666666666,9.5,10.333333333333334,15.833333333333334,4.5,18.833333333333332,6.5,0.5,1.0,9,8,1,1855.9911209766915,1871.772539791336,1612.0005275528713,1612.0005275528713
759,2016,3124,89,3225,59,1,29.0,58.714285714285715,4.428571428571429,12.0,12.0,17.714285714285715,15.714285714285714,6.142857142857143,14.285714285714286,20.714285714285715,63.57142857142857,3.857142857142857,15.571428571428571,12.714285714285714,10.0,13.857142857142858,7.714285714285714,19.0,22.285714285714285,26.714285714285715,60.857142857142854,10.142857142857142,23.428571428571427,12.0,15.571428571428571,15.285714285714286,6.0,17.0,26.571428571428573,69.85714285714286,8.571428571428571,27.714285714285715,14.714285714285714,12.714285714285714,13.142857142857142,7.428571428571429,20.571428571428573,7.0,1.0,0.8,1,16,-15,2400.752607161987,1595.2028599650707,1612.0005275528713,1612.0005275528713
760,2016,3177,97,3241,67,0,31.25,67.0,9.75,24.75,13.75,19.5,11.5,6.75,15.0,23.0,59.25,4.75,21.0,9.75,11.75,14.5,5.75,15.0,19.25,23.625,66.0,7.125,21.75,18.25,12.375,10.875,6.875,16.5,17.75,54.375,1.875,10.5,8.125,6.25,13.75,4.125,18.0,17.875,0.5,1.0,6,11,-5,2045.6984701844392,1922.1229798752136,1612.0005275528713,1612.0005275528713
761,2016,3243,56,3203,51,0,22.2,55.4,6.6,20.0,8.4,15.8,14.6,6.6,15.4,21.6,59.4,7.0,22.0,10.4,15.0,12.2,9.4,14.0,-0.2,27.0,62.833333333333336,2.5,11.333333333333334,14.5,14.833333333333334,17.5,7.0,16.333333333333332,22.833333333333332,65.16666666666667,5.666666666666667,17.666666666666668,12.0,14.166666666666666,13.833333333333334,8.5,17.0,7.5,0.0,1.0,9,8,1,1887.97379906782,1908.1752772843051,1612.0005275528713,1612.0005275528713
762,2016,3257,87,3146,60,1,25.4,60.0,3.6,14.6,15.2,12.2,17.0,6.8,15.8,19.6,58.4,3.6,14.6,12.6,8.8,15.8,8.8,18.4,14.4,25.428571428571427,54.42857142857143,3.5714285714285716,10.714285714285714,12.571428571428571,16.571428571428573,10.857142857142858,4.428571428571429,17.428571428571427,21.857142857142858,54.142857142857146,3.4285714285714284,9.857142857142858,11.285714285714286,9.571428571428571,12.0,6.857142857142857,18.571428571428573,11.0,0.5,1.0,3,14,-11,2131.836056911556,1506.6373847788425,1612.0005275528713,1612.0005275528713
763,2016,3277,74,3125,60,0,29.333333333333332,66.33333333333333,5.833333333333333,20.5,15.166666666666666,21.0,18.0,10.333333333333334,18.833333333333332,24.5,63.833333333333336,7.833333333333333,22.833333333333332,11.833333333333334,13.666666666666666,17.5,8.666666666666666,18.166666666666668,7.0,27.166666666666668,57.5,6.166666666666667,17.166666666666668,13.833333333333334,16.833333333333332,13.166666666666666,4.0,12.333333333333334,22.333333333333332,63.833333333333336,3.5,14.0,11.333333333333334,8.833333333333334,9.833333333333334,5.166666666666667,21.5,19.833333333333332,0.6666666666666666,1.0,4,13,-9,2030.6827888712444,1515.408646547833,1612.0005275528713,1612.0005275528713
764,2016,3280,60,3151,50,1,21.166666666666668,51.5,3.6666666666666665,10.333333333333334,11.0,10.0,15.666666666666666,6.5,20.666666666666668,17.666666666666668,50.166666666666664,2.6666666666666665,10.0,11.833333333333334,8.666666666666666,17.666666666666668,7.0,20.166666666666668,6.0,23.0,49.8,5.2,14.0,10.2,12.2,11.4,6.8,10.2,18.6,51.8,4.2,13.2,9.2,7.2,13.2,4.4,17.0,16.0,0.6666666666666666,1.0,5,12,-7,2034.162282012101,1847.2322793581357,1612.0005275528713,1612.0005275528713
765,2016,3326,88,3138,69,1,31.0,69.2,10.0,26.8,13.2,15.2,13.6,7.2,17.2,30.4,71.0,5.6,18.8,16.0,17.0,15.6,6.6,19.0,7.0,24.666666666666668,65.77777777777777,6.111111111111111,19.333333333333332,17.333333333333332,13.777777777777779,14.333333333333334,9.11111111111111,18.77777777777778,19.0,52.333333333333336,6.666666666666667,21.0,9.444444444444445,11.555555555555555,17.666666666666668,6.555555555555555,16.333333333333332,7.555555555555555,0.5,0.8333333333333334,3,14,-11,2095.9699339815284,1587.8093641481764,1612.0005275528713,1612.0005275528713
766,2016,3333,73,3407,31,1,22.666666666666668,56.0,7.5,21.0,12.0,15.5,16.166666666666668,4.666666666666667,14.0,21.833333333333332,60.333333333333336,4.166666666666667,10.833333333333334,10.833333333333334,9.666666666666666,9.666666666666666,7.166666666666667,15.0,3.6666666666666665,27.5,67.5,7.5,22.75,15.875,14.5,18.25,10.875,18.5,27.125,64.375,5.125,16.625,11.375,16.0,20.0,9.125,21.625,9.25,1.0,1.0,2,15,-13,2153.591584440698,1496.2083675088832,1612.0005275528713,1612.0005275528713
767,2016,3376,77,3239,41,1,24.0,53.0,6.166666666666667,15.666666666666666,12.333333333333334,15.166666666666666,15.833333333333334,10.166666666666666,14.5,18.166666666666668,55.5,3.8333333333333335,13.5,12.0,8.666666666666666,16.833333333333332,6.833333333333333,19.333333333333332,21.666666666666668,24.666666666666668,56.0,4.333333333333333,10.333333333333334,14.666666666666666,12.5,16.333333333333332,8.0,17.0,18.333333333333332,56.0,3.5,14.0,11.666666666666666,8.833333333333334,16.0,7.166666666666667,20.5,15.5,1.0,1.0,1,16,-15,2347.8468131161558,1482.1793187793155,1612.0005275528713,1612.0005275528713
768,2016,3382,65,3329,54,0,21.5,55.0,6.5,20.25,9.25,14.25,15.0,9.0,16.5,21.25,55.75,6.75,15.75,11.25,11.75,16.0,6.5,16.0,0.25,21.4,54.4,4.0,13.8,13.0,17.4,17.0,7.6,12.6,23.8,56.2,9.2,19.8,10.0,13.8,14.8,7.2,16.6,-7.2,0.0,0.5,10,7,3,1721.9916689608822,1986.111584304958,1612.0005275528713,1612.0005275528713
769,2016,3393,73,3119,56,1,26.2,61.2,7.2,24.2,10.8,9.4,12.6,8.4,18.8,22.6,54.0,6.0,17.4,12.0,13.8,20.4,5.0,17.6,8.6,27.0,58.142857142857146,8.571428571428571,20.142857142857142,14.0,14.714285714285714,14.428571428571429,8.714285714285714,16.571428571428573,17.142857142857142,53.714285714285715,3.857142857142857,13.857142857142858,11.714285714285714,6.857142857142857,16.857142857142858,6.285714285714286,15.714285714285714,25.571428571428573,0.6666666666666666,1.0,4,13,-9,2139.964793120101,1713.4284154830043,1612.0005275528713,1612.0005275528713
770,2016,3397,59,3453,53,0,23.333333333333332,64.0,3.1666666666666665,14.833333333333334,15.833333333333334,11.666666666666666,12.5,8.333333333333334,14.333333333333334,20.333333333333332,57.333333333333336,3.8333333333333335,11.333333333333334,12.666666666666666,9.833333333333334,16.0,5.5,18.5,4.666666666666667,26.0,63.285714285714285,7.571428571428571,23.571428571428573,12.857142857142858,14.142857142857142,11.0,10.0,18.714285714285715,18.0,48.42857142857143,6.714285714285714,22.857142857142858,6.285714285714286,10.285714285714286,17.0,4.571428571428571,17.142857142857142,15.0,0.6666666666666666,0.75,7,10,-3,2086.7492334934805,1920.6518425051036,1612.0005275528713,1612.0005275528713
771,2016,3452,74,3343,65,0,26.5,58.166666666666664,7.833333333333333,21.166666666666668,12.666666666666666,14.5,15.5,7.833333333333333,17.0,23.5,55.166666666666664,5.5,14.666666666666666,9.166666666666666,11.0,14.333333333333334,6.5,14.5,6.666666666666667,28.666666666666668,53.833333333333336,5.0,12.666666666666666,11.0,15.833333333333334,15.0,6.666666666666667,18.5,19.333333333333332,60.5,4.666666666666667,16.166666666666668,11.666666666666666,9.5,11.0,6.5,17.666666666666668,21.0,0.6666666666666666,0.6666666666666666,6,11,-5,2017.119382675145,1889.658890807308,1612.0005275528713,1612.0005275528713
772,2016,3163,101,3352,49,1,32.142857142857146,64.0,7.857142857142857,20.714285714285715,12.571428571428571,20.428571428571427,10.142857142857142,11.428571428571429,10.428571428571429,18.142857142857142,56.714285714285715,5.0,17.571428571428573,9.428571428571429,8.857142857142858,19.0,5.428571428571429,14.142857142857142,37.714285714285715,24.142857142857142,56.0,7.285714285714286,18.857142857142858,12.285714285714286,14.428571428571429,13.571428571428571,9.0,19.571428571428573,19.0,51.42857142857143,3.5714285714285716,14.0,11.571428571428571,9.0,16.0,5.857142857142857,18.0,11.428571428571429,1.0,1.0,1,16,-15,2613.61267972723,1391.4547776952618,1612.0005275528713,1612.0005275528713
773,2016,3182,97,3371,76,0,22.166666666666668,60.833333333333336,7.5,23.333333333333332,12.833333333333334,15.0,14.833333333333334,7.0,16.333333333333332,21.833333333333332,59.166666666666664,5.0,17.166666666666668,10.666666666666666,15.333333333333334,15.666666666666666,6.0,16.666666666666668,3.8333333333333335,25.4,60.6,6.2,19.8,12.8,11.4,11.2,5.8,17.8,25.6,62.0,6.4,21.2,13.0,14.4,11.8,6.0,18.2,2.8,0.6666666666666666,0.5,9,8,1,1849.7773389536264,1878.206344811244,1612.0005275528713,1612.0005275528713
774,2016,3199,72,3292,55,0,23.5,61.75,4.25,13.5,15.0,13.5,17.75,8.0,17.25,23.75,55.25,7.0,18.25,10.75,14.25,19.5,10.25,19.5,-4.5,25.5,56.5,6.5,19.375,10.625,17.125,13.625,7.5,19.25,21.125,55.375,4.875,16.0,10.625,10.5,14.5,6.375,17.75,11.5,0.0,1.0,5,12,-7,2103.6069343326512,1802.992478214283,1612.0005275528713,1612.0005275528713
775,2016,3231,62,3208,58,0,28.0,63.75,7.0,20.5,12.5,16.5,11.75,8.25,17.25,27.25,60.25,4.5,14.25,9.5,13.75,13.25,5.0,17.5,5.75,23.0,56.0,4.0,13.0,10.75,14.5,18.75,7.0,20.5,24.25,64.0,4.25,16.25,15.0,11.25,16.25,8.75,19.5,0.25,0.0,0.0,9,8,1,1883.7781723108685,1929.5061852548768,1612.0005275528713,1612.0005275528713
776,2016,3246,85,3421,31,1,28.166666666666668,62.666666666666664,3.8333333333333335,13.5,12.666666666666666,13.166666666666666,15.166666666666666,5.166666666666667,17.833333333333332,25.833333333333332,63.166666666666664,5.666666666666667,15.166666666666666,10.166666666666666,14.833333333333334,13.5,6.333333333333333,20.166666666666668,6.333333333333333,22.714285714285715,57.42857142857143,6.571428571428571,20.714285714285715,17.571428571428573,9.714285714285714,14.285714285714286,5.0,16.714285714285715,21.714285714285715,61.714285714285715,5.571428571428571,17.571428571428573,17.857142857142858,10.142857142857142,15.428571428571429,5.285714285714286,21.0,10.0,0.6666666666666666,1.0,3,14,-11,2121.85543863724,1416.6233576836644,1612.0005275528713,1612.0005275528713
777,2016,3268,74,3233,58,1,32.0,66.5,5.833333333333333,17.0,17.0,21.0,13.833333333333334,8.333333333333334,11.833333333333334,24.333333333333332,60.166666666666664,6.166666666666667,18.0,9.333333333333334,12.5,14.5,6.666666666666667,16.166666666666668,18.333333333333332,21.666666666666668,58.333333333333336,7.166666666666667,21.333333333333332,11.833333333333334,13.333333333333334,13.0,9.833333333333334,14.833333333333334,19.5,51.166666666666664,4.5,15.0,8.833333333333334,12.666666666666666,18.166666666666668,5.5,16.166666666666668,8.5,1.0,1.0,2,15,-13,2291.5127499958103,1595.0370208737688,1612.0005275528713,1612.0005275528713
778,2016,3281,78,3140,69,0,19.0,45.25,7.25,20.5,7.75,13.5,18.5,4.25,19.0,21.5,54.5,3.25,12.5,10.0,8.5,10.0,9.0,19.0,-0.5,25.4,55.4,8.8,22.4,8.8,16.0,14.8,7.8,17.8,23.0,56.2,5.6,16.0,8.6,11.6,13.4,7.2,15.0,7.6,0.0,0.6666666666666666,10,7,3,1881.257055581261,1887.051635240784,1612.0005275528713,1612.0005275528713
779,2016,3323,95,3299,61,1,27.0,56.333333333333336,6.5,16.0,10.166666666666666,16.666666666666668,13.5,7.333333333333333,14.0,22.166666666666668,59.166666666666664,5.5,17.833333333333332,9.666666666666666,12.166666666666666,13.666666666666666,5.5,16.5,14.833333333333334,22.142857142857142,60.857142857142854,4.142857142857143,14.142857142857142,13.857142857142858,11.142857142857142,16.0,5.0,17.857142857142858,20.142857142857142,60.142857142857146,2.4285714285714284,12.428571428571429,13.714285714285714,9.285714285714286,17.142857142857142,6.285714285714286,21.0,6.714285714285714,1.0,0.8,1,16,-15,2522.475524036439,1464.8832416619111,1612.0005275528713,1612.0005275528713
780,2016,3328,61,3345,45,0,24.333333333333332,56.5,6.0,14.333333333333334,10.0,12.666666666666666,16.5,9.333333333333334,19.0,23.166666666666668,54.666666666666664,4.833333333333333,15.0,10.0,11.666666666666666,19.166666666666668,9.333333333333334,19.333333333333332,5.0,25.4,57.4,4.2,11.8,11.4,15.2,15.0,9.0,13.2,24.0,61.4,2.2,12.8,12.8,14.0,16.2,8.4,17.2,10.8,0.6666666666666666,0.5,6,11,-5,2020.0516466191816,1874.5600732720532,1612.0005275528713,1612.0005275528713
781,2016,3355,74,3274,71,0,25.166666666666668,61.833333333333336,8.0,23.666666666666668,12.166666666666666,14.166666666666666,12.166666666666666,7.333333333333333,17.166666666666668,23.0,57.0,5.833333333333333,17.333333333333332,11.166666666666666,13.5,14.0,7.666666666666667,17.333333333333332,5.833333333333333,24.833333333333332,56.333333333333336,6.666666666666667,17.0,9.166666666666666,15.0,17.5,9.166666666666666,20.5,23.5,58.833333333333336,4.5,13.5,12.833333333333334,12.166666666666666,19.0,7.0,18.666666666666668,1.5,1.0,0.6666666666666666,12,5,7,1840.0526003799157,1972.256523341844,1612.0005275528713,1612.0005275528713
782,2016,3378,48,3161,45,0,26.142857142857142,64.57142857142857,5.142857142857143,17.857142857142858,13.571428571428571,11.571428571428571,9.714285714285714,5.857142857142857,14.0,26.857142857142858,60.714285714285715,5.571428571428571,16.285714285714285,9.571428571428571,13.142857142857142,13.0,5.285714285714286,17.285714285714285,2.857142857142857,23.875,53.625,5.25,15.375,8.5,13.25,12.0,7.0,14.25,17.875,54.625,4.125,15.625,11.625,8.75,13.5,5.625,15.125,12.625,0.5,1.0,6,11,-5,1979.652825520392,1833.9421112214577,1612.0005275528713,1612.0005275528713
783,2016,3390,85,3362,58,1,28.0,63.5,6.75,18.5,15.0,19.5,10.5,6.75,15.5,20.5,60.75,4.5,16.5,15.25,8.0,12.75,4.75,13.25,14.75,24.833333333333332,57.833333333333336,6.666666666666667,17.833333333333332,8.5,12.666666666666666,14.5,8.0,18.166666666666668,26.166666666666668,64.0,5.166666666666667,17.333333333333332,12.333333333333334,14.166666666666666,15.333333333333334,7.333333333333333,19.666666666666668,2.3333333333333335,0.0,1.0,4,13,-9,2164.607258664877,1691.3834784197174,1612.0005275528713,1612.0005275528713
784,2016,3400,86,3106,42,1,26.0,59.142857142857146,3.7142857142857144,11.714285714285714,11.428571428571429,13.0,15.571428571428571,7.428571428571429,19.571428571428573,21.285714285714285,52.857142857142854,4.714285714285714,16.0,10.0,11.0,19.142857142857142,5.0,19.285714285714285,6.714285714285714,21.333333333333332,54.888888888888886,4.111111111111111,15.11111111111111,14.222222222222221,12.777777777777779,17.88888888888889,6.222222222222222,21.555555555555557,19.11111111111111,55.55555555555556,3.5555555555555554,11.88888888888889,12.222222222222221,9.11111111111111,17.0,8.88888888888889,19.666666666666668,7.444444444444445,0.5,1.0,2,15,-13,2172.2961790111026,1329.431515967951,1612.0005275528713,1612.0005275528713
785,2016,3401,74,3283,65,1,24.25,58.0,0.0,4.75,10.5,14.25,13.25,7.0,17.75,25.25,60.5,3.0,13.0,13.5,13.0,17.5,5.5,17.5,-0.75,24.857142857142858,59.0,6.285714285714286,17.857142857142858,14.142857142857142,11.428571428571429,13.428571428571429,8.857142857142858,16.0,17.571428571428573,55.857142857142854,4.0,19.0,10.714285714285714,7.142857142857143,16.0,7.285714285714286,18.428571428571427,21.857142857142858,0.0,1.0,4,13,-9,2026.974075012766,1711.8219107596628,1612.0005275528713,1612.0005275528713
786,2016,3417,66,3218,50,1,25.833333333333332,65.5,3.3333333333333335,10.5,12.333333333333334,10.666666666666666,11.333333333333334,8.833333333333334,17.166666666666668,22.166666666666668,60.166666666666664,4.166666666666667,17.833333333333332,14.0,12.666666666666666,17.666666666666668,5.0,16.333333333333332,7.5,26.333333333333332,55.5,6.0,16.166666666666668,11.833333333333334,14.333333333333334,16.166666666666668,5.0,17.0,20.166666666666668,56.5,4.166666666666667,15.5,8.333333333333334,9.166666666666666,11.833333333333334,6.333333333333333,17.666666666666668,14.333333333333334,0.6666666666666666,1.0,3,14,-11,1997.562254563205,1672.2625993146266,1612.0005275528713,1612.0005275528713
787,2016,3449,65,3335,53,0,23.0,56.666666666666664,6.333333333333333,17.5,10.0,9.666666666666666,12.166666666666666,7.0,10.833333333333334,23.166666666666668,62.666666666666664,7.833333333333333,23.833333333333332,12.666666666666666,18.0,13.166666666666666,4.666666666666667,15.166666666666666,6.0,23.0,58.5,7.0,18.333333333333332,12.666666666666666,13.833333333333334,10.166666666666666,8.666666666666666,13.333333333333334,20.333333333333332,54.166666666666664,4.166666666666667,15.5,11.166666666666666,15.333333333333334,14.5,5.333333333333333,14.5,10.666666666666666,0.6666666666666666,1.0,7,10,-3,2009.564605045128,1756.9996947644067,1612.0005275528713,1612.0005275528713
788,2016,3124,84,3120,52,1,29.0,58.714285714285715,4.428571428571429,12.0,12.0,17.714285714285715,15.714285714285714,6.142857142857143,14.285714285714286,20.714285714285715,63.57142857142857,3.857142857142857,15.571428571428571,12.714285714285714,10.0,13.857142857142858,7.714285714285714,19.0,22.285714285714285,20.2,55.8,1.6,10.4,12.8,10.4,15.8,9.2,21.4,18.0,47.8,4.4,15.0,11.2,12.8,21.2,7.8,16.4,-7.2,1.0,0.5,1,9,-8,2400.752607161987,1855.9911209766915,1612.0005275528713,1612.0005275528713
789,2016,3177,73,3257,72,-1,31.25,67.0,9.75,24.75,13.75,19.5,11.5,6.75,15.0,23.0,59.25,4.75,21.0,9.75,11.75,14.5,5.75,15.0,19.25,25.4,60.0,3.6,14.6,15.2,12.2,17.0,6.8,15.8,19.6,58.4,3.6,14.6,12.6,8.8,15.8,8.8,18.4,14.4,0.5,0.5,6,3,3,2045.6984701844392,2131.836056911556,1612.0005275528713,1612.0005275528713
790,2016,3280,74,3277,72,-1,21.166666666666668,51.5,3.6666666666666665,10.333333333333334,11.0,10.0,15.666666666666666,6.5,20.666666666666668,17.666666666666668,50.166666666666664,2.6666666666666665,10.0,11.833333333333334,8.666666666666666,17.666666666666668,7.0,20.166666666666668,6.0,29.333333333333332,66.33333333333333,5.833333333333333,20.5,15.166666666666666,21.0,18.0,10.333333333333334,18.833333333333332,24.5,63.833333333333336,7.833333333333333,22.833333333333332,11.833333333333334,13.666666666666666,17.5,8.666666666666666,18.166666666666668,7.0,0.6666666666666666,0.6666666666666666,5,4,1,2034.162282012101,2030.6827888712444,1612.0005275528713,1612.0005275528713
791,2016,3326,88,3452,81,1,31.0,69.2,10.0,26.8,13.2,15.2,13.6,7.2,17.2,30.4,71.0,5.6,18.8,16.0,17.0,15.6,6.6,19.0,7.0,26.5,58.166666666666664,7.833333333333333,21.166666666666668,12.666666666666666,14.5,15.5,7.833333333333333,17.0,23.5,55.166666666666664,5.5,14.666666666666666,9.166666666666666,11.0,14.333333333333334,6.5,14.5,6.666666666666667,0.5,0.6666666666666666,3,6,-3,2095.9699339815284,2017.119382675145,1612.0005275528713,1612.0005275528713
792,2016,3333,69,3382,40,1,22.666666666666668,56.0,7.5,21.0,12.0,15.5,16.166666666666668,4.666666666666667,14.0,21.833333333333332,60.333333333333336,4.166666666666667,10.833333333333334,10.833333333333334,9.666666666666666,9.666666666666666,7.166666666666667,15.0,3.6666666666666665,21.5,55.0,6.5,20.25,9.25,14.25,15.0,9.0,16.5,21.25,55.75,6.75,15.75,11.25,11.75,16.0,6.5,16.0,0.25,1.0,0.0,2,10,-8,2153.591584440698,1721.9916689608822,1612.0005275528713,1612.0005275528713
793,2016,3376,73,3243,47,1,24.0,53.0,6.166666666666667,15.666666666666666,12.333333333333334,15.166666666666666,15.833333333333334,10.166666666666666,14.5,18.166666666666668,55.5,3.8333333333333335,13.5,12.0,8.666666666666666,16.833333333333332,6.833333333333333,19.333333333333332,21.666666666666668,22.2,55.4,6.6,20.0,8.4,15.8,14.6,6.6,15.4,21.6,59.4,7.0,22.0,10.4,15.0,12.2,9.4,14.0,-0.2,1.0,0.0,1,9,-8,2347.8468131161558,1887.97379906782,1612.0005275528713,1612.0005275528713
794,2016,3393,76,3107,59,1,26.2,61.2,7.2,24.2,10.8,9.4,12.6,8.4,18.8,22.6,54.0,6.0,17.4,12.0,13.8,20.4,5.0,17.6,8.6,32.2,61.8,2.4,8.4,12.4,20.2,10.0,12.0,17.4,16.6,52.4,4.8,17.8,11.0,11.4,19.6,5.0,17.4,33.0,0.6666666666666666,1.0,4,12,-8,2139.964793120101,1751.3053201619828,1612.0005275528713,1612.0005275528713
795,2016,3397,75,3113,64,-1,23.333333333333332,64.0,3.1666666666666665,14.833333333333334,15.833333333333334,11.666666666666666,12.5,8.333333333333334,14.333333333333334,20.333333333333332,57.333333333333336,3.8333333333333335,11.333333333333334,12.666666666666666,9.833333333333334,16.0,5.5,18.5,4.666666666666667,23.5,57.0,2.75,15.75,13.25,14.5,15.5,9.0,18.5,23.5,50.0,3.5,13.25,6.5,12.75,18.25,8.0,17.25,0.25,0.6666666666666666,0.0,7,2,5,2086.7492334934805,2074.1098511304426,1612.0005275528713,1612.0005275528713
796,2016,3163,97,3182,51,1,32.142857142857146,64.0,7.857142857142857,20.714285714285715,12.571428571428571,20.428571428571427,10.142857142857142,11.428571428571429,10.428571428571429,18.142857142857142,56.714285714285715,5.0,17.571428571428573,9.428571428571429,8.857142857142858,19.0,5.428571428571429,14.142857142857142,37.714285714285715,22.166666666666668,60.833333333333336,7.5,23.333333333333332,12.833333333333334,15.0,14.833333333333334,7.0,16.333333333333332,21.833333333333332,59.166666666666664,5.0,17.166666666666668,10.666666666666666,15.333333333333334,15.666666666666666,6.0,16.666666666666668,3.8333333333333335,1.0,0.6666666666666666,1,9,-8,2613.61267972723,1849.7773389536264,1612.0005275528713,1612.0005275528713
797,2016,3199,74,3401,56,-1,23.5,61.75,4.25,13.5,15.0,13.5,17.75,8.0,17.25,23.75,55.25,7.0,18.25,10.75,14.25,19.5,10.25,19.5,-4.5,24.25,58.0,0.0,4.75,10.5,14.25,13.25,7.0,17.75,25.25,60.5,3.0,13.0,13.5,13.0,17.5,5.5,17.5,-0.75,0.0,0.0,5,4,1,2103.6069343326512,2026.974075012766,1612.0005275528713,1612.0005275528713
798,2016,3246,79,3328,58,1,28.166666666666668,62.666666666666664,3.8333333333333335,13.5,12.666666666666666,13.166666666666666,15.166666666666666,5.166666666666667,17.833333333333332,25.833333333333332,63.166666666666664,5.666666666666667,15.166666666666666,10.166666666666666,14.833333333333334,13.5,6.333333333333333,20.166666666666668,6.333333333333333,24.333333333333332,56.5,6.0,14.333333333333334,10.0,12.666666666666666,16.5,9.333333333333334,19.0,23.166666666666668,54.666666666666664,4.833333333333333,15.0,10.0,11.666666666666666,19.166666666666668,9.333333333333334,19.333333333333332,5.0,0.6666666666666666,0.6666666666666666,3,6,-3,2121.85543863724,2020.0516466191816,1612.0005275528713,1612.0005275528713
799,2016,3323,87,3231,70,1,27.0,56.333333333333336,6.5,16.0,10.166666666666666,16.666666666666668,13.5,7.333333333333333,14.0,22.166666666666668,59.166666666666664,5.5,17.833333333333332,9.666666666666666,12.166666666666666,13.666666666666666,5.5,16.5,14.833333333333334,28.0,63.75,7.0,20.5,12.5,16.5,11.75,8.25,17.25,27.25,60.25,4.5,14.25,9.5,13.75,13.25,5.0,17.5,5.75,1.0,0.0,1,9,-8,2522.475524036439,1883.7781723108685,1612.0005275528713,1612.0005275528713
800,2016,3390,66,3355,65,1,28.0,63.5,6.75,18.5,15.0,19.5,10.5,6.75,15.5,20.5,60.75,4.5,16.5,15.25,8.0,12.75,4.75,13.25,14.75,25.166666666666668,61.833333333333336,8.0,23.666666666666668,12.166666666666666,14.166666666666666,12.166666666666666,7.333333333333333,17.166666666666668,23.0,57.0,5.833333333333333,17.333333333333332,11.166666666666666,13.5,14.0,7.666666666666667,17.333333333333332,5.833333333333333,0.0,1.0,4,12,-8,2164.607258664877,1840.0526003799157,1612.0005275528713,1612.0005275528713
801,2016,3400,73,3281,55,1,26.0,59.142857142857146,3.7142857142857144,11.714285714285714,11.428571428571429,13.0,15.571428571428571,7.428571428571429,19.571428571428573,21.285714285714285,52.857142857142854,4.714285714285714,16.0,10.0,11.0,19.142857142857142,5.0,19.285714285714285,6.714285714285714,19.0,45.25,7.25,20.5,7.75,13.5,18.5,4.25,19.0,21.5,54.5,3.25,12.5,10.0,8.5,10.0,9.0,19.0,-0.5,0.5,0.0,2,10,-8,2172.2961790111026,1881.257055581261,1612.0005275528713,1612.0005275528713
802,2016,3417,72,3378,67,1,25.833333333333332,65.5,3.3333333333333335,10.5,12.333333333333334,10.666666666666666,11.333333333333334,8.833333333333334,17.166666666666668,22.166666666666668,60.166666666666664,4.166666666666667,17.833333333333332,14.0,12.666666666666666,17.666666666666668,5.0,16.333333333333332,7.5,26.142857142857142,64.57142857142857,5.142857142857143,17.857142857142858,13.571428571428571,11.571428571428571,9.714285714285714,5.857142857142857,14.0,26.857142857142858,60.714285714285715,5.571428571428571,16.285714285714285,9.571428571428571,13.142857142857142,13.0,5.285714285714286,17.285714285714285,2.857142857142857,0.6666666666666666,0.5,3,6,-3,1997.562254563205,1979.652825520392,1612.0005275528713,1612.0005275528713
803,2016,3449,74,3268,65,-1,23.0,56.666666666666664,6.333333333333333,17.5,10.0,9.666666666666666,12.166666666666666,7.0,10.833333333333334,23.166666666666668,62.666666666666664,7.833333333333333,23.833333333333332,12.666666666666666,18.0,13.166666666666666,4.666666666666667,15.166666666666666,6.0,32.0,66.5,5.833333333333333,17.0,17.0,21.0,13.833333333333334,8.333333333333334,11.833333333333334,24.333333333333332,60.166666666666664,6.166666666666667,18.0,9.333333333333334,12.5,14.5,6.666666666666667,16.166666666666668,18.333333333333332,0.6666666666666666,1.0,7,2,5,2009.564605045128,2291.5127499958103,1612.0005275528713,1612.0005275528713
804,2016,3390,90,3323,84,0,28.0,63.5,6.75,18.5,15.0,19.5,10.5,6.75,15.5,20.5,60.75,4.5,16.5,15.25,8.0,12.75,4.75,13.25,14.75,27.0,56.333333333333336,6.5,16.0,10.166666666666666,16.666666666666668,13.5,7.333333333333333,14.0,22.166666666666668,59.166666666666664,5.5,17.833333333333332,9.666666666666666,12.166666666666666,13.666666666666666,5.5,16.5,14.833333333333334,0.0,1.0,4,1,3,2164.607258664877,2522.475524036439,1612.0005275528713,1612.0005275528713
805,2016,3393,80,3376,72,0,26.2,61.2,7.2,24.2,10.8,9.4,12.6,8.4,18.8,22.6,54.0,6.0,17.4,12.0,13.8,20.4,5.0,17.6,8.6,24.0,53.0,6.166666666666667,15.666666666666666,12.333333333333334,15.166666666666666,15.833333333333334,10.166666666666666,14.5,18.166666666666668,55.5,3.8333333333333335,13.5,12.0,8.666666666666666,16.833333333333332,6.833333333333333,19.333333333333332,21.666666666666668,0.6666666666666666,1.0,4,1,3,2139.964793120101,2347.8468131161558,1612.0005275528713,1612.0005275528713
806,2016,3397,78,3326,62,0,23.333333333333332,64.0,3.1666666666666665,14.833333333333334,15.833333333333334,11.666666666666666,12.5,8.333333333333334,14.333333333333334,20.333333333333332,57.333333333333336,3.8333333333333335,11.333333333333334,12.666666666666666,9.833333333333334,16.0,5.5,18.5,4.666666666666667,31.0,69.2,10.0,26.8,13.2,15.2,13.6,7.2,17.2,30.4,71.0,5.6,18.8,16.0,17.0,15.6,6.6,19.0,7.0,0.6666666666666666,0.5,7,3,4,2086.7492334934805,2095.9699339815284,1612.0005275528713,1612.0005275528713
807,2016,3449,85,3246,72,0,23.0,56.666666666666664,6.333333333333333,17.5,10.0,9.666666666666666,12.166666666666666,7.0,10.833333333333334,23.166666666666668,62.666666666666664,7.833333333333333,23.833333333333332,12.666666666666666,18.0,13.166666666666666,4.666666666666667,15.166666666666666,6.0,28.166666666666668,62.666666666666664,3.8333333333333335,13.5,12.666666666666666,13.166666666666666,15.166666666666666,5.166666666666667,17.833333333333332,25.833333333333332,63.166666666666664,5.666666666666667,15.166666666666666,10.166666666666666,14.833333333333334,13.5,6.333333333333333,20.166666666666668,6.333333333333333,0.6666666666666666,0.6666666666666666,7,3,4,2009.564605045128,2121.85543863724,1612.0005275528713,1612.0005275528713
808,2016,3124,78,3199,58,0,29.0,58.714285714285715,4.428571428571429,12.0,12.0,17.714285714285715,15.714285714285714,6.142857142857143,14.285714285714286,20.714285714285715,63.57142857142857,3.857142857142857,15.571428571428571,12.714285714285714,10.0,13.857142857142858,7.714285714285714,19.0,22.285714285714285,23.5,61.75,4.25,13.5,15.0,13.5,17.75,8.0,17.25,23.75,55.25,7.0,18.25,10.75,14.25,19.5,10.25,19.5,-4.5,1.0,0.0,1,5,-4,2400.752607161987,2103.6069343326512,1612.0005275528713,1612.0005275528713
809,2016,3163,98,3280,38,0,32.142857142857146,64.0,7.857142857142857,20.714285714285715,12.571428571428571,20.428571428571427,10.142857142857142,11.428571428571429,10.428571428571429,18.142857142857142,56.714285714285715,5.0,17.571428571428573,9.428571428571429,8.857142857142858,19.0,5.428571428571429,14.142857142857142,37.714285714285715,21.166666666666668,51.5,3.6666666666666665,10.333333333333334,11.0,10.0,15.666666666666666,6.5,20.666666666666668,17.666666666666668,50.166666666666664,2.6666666666666665,10.0,11.833333333333334,8.666666666666666,17.666666666666668,7.0,20.166666666666668,6.0,1.0,0.6666666666666666,1,5,-4,2613.61267972723,2034.162282012101,1612.0005275528713,1612.0005275528713
810,2016,3333,83,3177,71,0,22.666666666666668,56.0,7.5,21.0,12.0,15.5,16.166666666666668,4.666666666666667,14.0,21.833333333333332,60.333333333333336,4.166666666666667,10.833333333333334,10.833333333333334,9.666666666666666,9.666666666666666,7.166666666666667,15.0,3.6666666666666665,31.25,67.0,9.75,24.75,13.75,19.5,11.5,6.75,15.0,23.0,59.25,4.75,21.0,9.75,11.75,14.5,5.75,15.0,19.25,1.0,0.5,2,6,-4,2153.591584440698,2045.6984701844392,1612.0005275528713,1612.0005275528713
811,2016,3400,72,3417,64,0,26.0,59.142857142857146,3.7142857142857144,11.714285714285714,11.428571428571429,13.0,15.571428571428571,7.428571428571429,19.571428571428573,21.285714285714285,52.857142857142854,4.714285714285714,16.0,10.0,11.0,19.142857142857142,5.0,19.285714285714285,6.714285714285714,25.833333333333332,65.5,3.3333333333333335,10.5,12.333333333333334,10.666666666666666,11.333333333333334,8.833333333333334,17.166666666666668,22.166666666666668,60.166666666666664,4.166666666666667,17.833333333333332,14.0,12.666666666666666,17.666666666666668,5.0,16.333333333333332,7.5,0.5,0.6666666666666666,2,3,-1,2172.2961790111026,1997.562254563205,1612.0005275528713,1612.0005275528713
812,2016,3393,89,3397,67,0,26.2,61.2,7.2,24.2,10.8,9.4,12.6,8.4,18.8,22.6,54.0,6.0,17.4,12.0,13.8,20.4,5.0,17.6,8.6,23.333333333333332,64.0,3.1666666666666665,14.833333333333334,15.833333333333334,11.666666666666666,12.5,8.333333333333334,14.333333333333334,20.333333333333332,57.333333333333336,3.8333333333333335,11.333333333333334,12.666666666666666,9.833333333333334,16.0,5.5,18.5,4.666666666666667,0.6666666666666666,0.6666666666666666,4,7,-3,2139.964793120101,2086.7492334934805,1612.0005275528713,1612.0005275528713
813,2016,3449,85,3390,76,0,23.0,56.666666666666664,6.333333333333333,17.5,10.0,9.666666666666666,12.166666666666666,7.0,10.833333333333334,23.166666666666668,62.666666666666664,7.833333333333333,23.833333333333332,12.666666666666666,18.0,13.166666666666666,4.666666666666667,15.166666666666666,6.0,28.0,63.5,6.75,18.5,15.0,19.5,10.5,6.75,15.5,20.5,60.75,4.5,16.5,15.25,8.0,12.75,4.75,13.25,14.75,0.6666666666666666,0.0,7,4,3,2009.564605045128,2164.607258664877,1612.0005275528713,1612.0005275528713
814,2016,3163,86,3400,65,0,32.142857142857146,64.0,7.857142857142857,20.714285714285715,12.571428571428571,20.428571428571427,10.142857142857142,11.428571428571429,10.428571428571429,18.142857142857142,56.714285714285715,5.0,17.571428571428573,9.428571428571429,8.857142857142858,19.0,5.428571428571429,14.142857142857142,37.714285714285715,26.0,59.142857142857146,3.7142857142857144,11.714285714285714,11.428571428571429,13.0,15.571428571428571,7.428571428571429,19.571428571428573,21.285714285714285,52.857142857142854,4.714285714285714,16.0,10.0,11.0,19.142857142857142,5.0,19.285714285714285,6.714285714285714,1.0,0.5,1,2,-1,2613.61267972723,2172.2961790111026,1612.0005275528713,1612.0005275528713
815,2016,3333,60,3124,57,0,22.666666666666668,56.0,7.5,21.0,12.0,15.5,16.166666666666668,4.666666666666667,14.0,21.833333333333332,60.333333333333336,4.166666666666667,10.833333333333334,10.833333333333334,9.666666666666666,9.666666666666666,7.166666666666667,15.0,3.6666666666666665,29.0,58.714285714285715,4.428571428571429,12.0,12.0,17.714285714285715,15.714285714285714,6.142857142857143,14.285714285714286,20.714285714285715,63.57142857142857,3.857142857142857,15.571428571428571,12.714285714285714,10.0,13.857142857142858,7.714285714285714,19.0,22.285714285714285,1.0,1.0,2,1,1,2153.591584440698,2400.752607161987,1612.0005275528713,1612.0005275528713
816,2016,3163,80,3333,51,0,32.142857142857146,64.0,7.857142857142857,20.714285714285715,12.571428571428571,20.428571428571427,10.142857142857142,11.428571428571429,10.428571428571429,18.142857142857142,56.714285714285715,5.0,17.571428571428573,9.428571428571429,8.857142857142858,19.0,5.428571428571429,14.142857142857142,37.714285714285715,22.666666666666668,56.0,7.5,21.0,12.0,15.5,16.166666666666668,4.666666666666667,14.0,21.833333333333332,60.333333333333336,4.166666666666667,10.833333333333334,10.833333333333334,9.666666666666666,9.666666666666666,7.166666666666667,15.0,3.6666666666666665,1.0,1.0,1,2,-1,2613.61267972723,2153.591584440698,1612.0005275528713,1612.0005275528713
817,2016,3393,80,3449,59,0,26.2,61.2,7.2,24.2,10.8,9.4,12.6,8.4,18.8,22.6,54.0,6.0,17.4,12.0,13.8,20.4,5.0,17.6,8.6,23.0,56.666666666666664,6.333333333333333,17.5,10.0,9.666666666666666,12.166666666666666,7.0,10.833333333333334,23.166666666666668,62.666666666666664,7.833333333333333,23.833333333333332,12.666666666666666,18.0,13.166666666666666,4.666666666666667,15.166666666666666,6.0,0.6666666666666666,0.6666666666666666,4,7,-3,2139.964793120101,2009.564605045128,1612.0005275528713,1612.0005275528713
818,2016,3163,82,3393,51,0,32.142857142857146,64.0,7.857142857142857,20.714285714285715,12.571428571428571,20.428571428571427,10.142857142857142,11.428571428571429,10.428571428571429,18.142857142857142,56.714285714285715,5.0,17.571428571428573,9.428571428571429,8.857142857142858,19.0,5.428571428571429,14.142857142857142,37.714285714285715,26.2,61.2,7.2,24.2,10.8,9.4,12.6,8.4,18.8,22.6,54.0,6.0,17.4,12.0,13.8,20.4,5.0,17.6,8.6,1.0,0.6666666666666666,1,4,-3,2613.61267972723,2139.964793120101,1612.0005275528713,1612.0005275528713
819,2016,3196,59,3107,61,1,23.5,66.0,6.75,21.5,17.25,12.5,20.75,12.25,21.75,25.0,57.25,4.5,12.25,14.0,15.25,23.5,10.25,20.5,-0.25,32.2,61.8,2.4,8.4,12.4,20.2,10.0,12.0,17.4,16.6,52.4,4.8,17.8,11.0,11.4,19.6,5.0,17.4,33.0,0.0,1.0,5,12,-7,1901.8197350229173,1751.3053201619828,1612.0005275528713,1612.0005275528713
820,2016,3308,52,3113,74,-1,26.8,60.8,6.4,19.2,14.0,12.6,15.0,7.6,16.0,20.8,57.2,5.0,19.0,14.2,10.0,16.6,7.0,15.0,8.8,23.5,57.0,2.75,15.75,13.25,14.5,15.5,9.0,18.5,23.5,50.0,3.5,13.25,6.5,12.75,18.25,8.0,17.25,0.25,0.6666666666666666,0.0,15,2,13,1598.5175488685534,2074.1098511304426,1612.0005275528713,1612.0005275528713
821,2016,3385,57,3120,68,0,23.166666666666668,55.666666666666664,3.1666666666666665,10.333333333333334,12.333333333333334,9.833333333333334,11.5,7.666666666666667,15.666666666666666,19.833333333333332,52.0,4.833333333333333,15.166666666666666,9.5,10.333333333333334,15.833333333333334,4.5,18.833333333333332,6.5,20.2,55.8,1.6,10.4,12.8,10.4,15.8,9.2,21.4,18.0,47.8,4.4,15.0,11.2,12.8,21.2,7.8,16.4,-7.2,1.0,0.5,8,9,-1,1871.772539791336,1855.9911209766915,1612.0005275528713,1612.0005275528713
822,2016,3225,59,3124,89,-1,26.714285714285715,60.857142857142854,10.142857142857142,23.428571428571427,12.0,15.571428571428571,15.285714285714286,6.0,17.0,26.571428571428573,69.85714285714286,8.571428571428571,27.714285714285715,14.714285714285714,12.714285714285714,13.142857142857142,7.428571428571429,20.571428571428573,7.0,29.0,58.714285714285715,4.428571428571429,12.0,12.0,17.714285714285715,15.714285714285714,6.142857142857143,14.285714285714286,20.714285714285715,63.57142857142857,3.857142857142857,15.571428571428571,12.714285714285714,10.0,13.857142857142858,7.714285714285714,19.0,22.285714285714285,0.8,1.0,16,1,15,1595.2028599650707,2400.752607161987,1612.0005275528713,1612.0005275528713
823,2016,3241,67,3177,97,0,23.625,66.0,7.125,21.75,18.25,12.375,10.875,6.875,16.5,17.75,54.375,1.875,10.5,8.125,6.25,13.75,4.125,18.0,17.875,31.25,67.0,9.75,24.75,13.75,19.5,11.5,6.75,15.0,23.0,59.25,4.75,21.0,9.75,11.75,14.5,5.75,15.0,19.25,1.0,0.5,11,6,5,1922.1229798752136,2045.6984701844392,1612.0005275528713,1612.0005275528713
824,2016,3203,51,3243,56,0,27.0,62.833333333333336,2.5,11.333333333333334,14.5,14.833333333333334,17.5,7.0,16.333333333333332,22.833333333333332,65.16666666666667,5.666666666666667,17.666666666666668,12.0,14.166666666666666,13.833333333333334,8.5,17.0,7.5,22.2,55.4,6.6,20.0,8.4,15.8,14.6,6.6,15.4,21.6,59.4,7.0,22.0,10.4,15.0,12.2,9.4,14.0,-0.2,1.0,0.0,8,9,-1,1908.1752772843051,1887.97379906782,1612.0005275528713,1612.0005275528713
825,2016,3146,60,3257,87,-1,25.428571428571427,54.42857142857143,3.5714285714285716,10.714285714285714,12.571428571428571,16.571428571428573,10.857142857142858,4.428571428571429,17.428571428571427,21.857142857142858,54.142857142857146,3.4285714285714284,9.857142857142858,11.285714285714286,9.571428571428571,12.0,6.857142857142857,18.571428571428573,11.0,25.4,60.0,3.6,14.6,15.2,12.2,17.0,6.8,15.8,19.6,58.4,3.6,14.6,12.6,8.8,15.8,8.8,18.4,14.4,1.0,0.5,14,3,11,1506.6373847788425,2131.836056911556,1612.0005275528713,1612.0005275528713
826,2016,3125,60,3277,74,0,27.166666666666668,57.5,6.166666666666667,17.166666666666668,13.833333333333334,16.833333333333332,13.166666666666666,4.0,12.333333333333334,22.333333333333332,63.833333333333336,3.5,14.0,11.333333333333334,8.833333333333334,9.833333333333334,5.166666666666667,21.5,19.833333333333332,29.333333333333332,66.33333333333333,5.833333333333333,20.5,15.166666666666666,21.0,18.0,10.333333333333334,18.833333333333332,24.5,63.833333333333336,7.833333333333333,22.833333333333332,11.833333333333334,13.666666666666666,17.5,8.666666666666666,18.166666666666668,7.0,1.0,0.6666666666666666,13,4,9,1515.408646547833,2030.6827888712444,1612.0005275528713,1612.0005275528713
827,2016,3151,50,3280,60,-1,23.0,49.8,5.2,14.0,10.2,12.2,11.4,6.8,10.2,18.6,51.8,4.2,13.2,9.2,7.2,13.2,4.4,17.0,16.0,21.166666666666668,51.5,3.6666666666666665,10.333333333333334,11.0,10.0,15.666666666666666,6.5,20.666666666666668,17.666666666666668,50.166666666666664,2.6666666666666665,10.0,11.833333333333334,8.666666666666666,17.666666666666668,7.0,20.166666666666668,6.0,1.0,0.6666666666666666,12,5,7,1847.2322793581357,2034.162282012101,1612.0005275528713,1612.0005275528713
828,2016,3138,69,3326,88,-1,24.666666666666668,65.77777777777777,6.111111111111111,19.333333333333332,17.333333333333332,13.777777777777779,14.333333333333334,9.11111111111111,18.77777777777778,19.0,52.333333333333336,6.666666666666667,21.0,9.444444444444445,11.555555555555555,17.666666666666668,6.555555555555555,16.333333333333332,7.555555555555555,31.0,69.2,10.0,26.8,13.2,15.2,13.6,7.2,17.2,30.4,71.0,5.6,18.8,16.0,17.0,15.6,6.6,19.0,7.0,0.8333333333333334,0.5,14,3,11,1587.8093641481764,2095.9699339815284,1612.0005275528713,1612.0005275528713
829,2016,3407,31,3333,73,-1,27.5,67.5,7.5,22.75,15.875,14.5,18.25,10.875,18.5,27.125,64.375,5.125,16.625,11.375,16.0,20.0,9.125,21.625,9.25,22.666666666666668,56.0,7.5,21.0,12.0,15.5,16.166666666666668,4.666666666666667,14.0,21.833333333333332,60.333333333333336,4.166666666666667,10.833333333333334,10.833333333333334,9.666666666666666,9.666666666666666,7.166666666666667,15.0,3.6666666666666665,1.0,1.0,15,2,13,1496.2083675088832,2153.591584440698,1612.0005275528713,1612.0005275528713
830,2016,3239,41,3376,77,-1,24.666666666666668,56.0,4.333333333333333,10.333333333333334,14.666666666666666,12.5,16.333333333333332,8.0,17.0,18.333333333333332,56.0,3.5,14.0,11.666666666666666,8.833333333333334,16.0,7.166666666666667,20.5,15.5,24.0,53.0,6.166666666666667,15.666666666666666,12.333333333333334,15.166666666666666,15.833333333333334,10.166666666666666,14.5,18.166666666666668,55.5,3.8333333333333335,13.5,12.0,8.666666666666666,16.833333333333332,6.833333333333333,19.333333333333332,21.666666666666668,1.0,1.0,16,1,15,1482.1793187793155,2347.8468131161558,1612.0005275528713,1612.0005275528713
831,2016,3329,54,3382,65,0,21.4,54.4,4.0,13.8,13.0,17.4,17.0,7.6,12.6,23.8,56.2,9.2,19.8,10.0,13.8,14.8,7.2,16.6,-7.2,21.5,55.0,6.5,20.25,9.25,14.25,15.0,9.0,16.5,21.25,55.75,6.75,15.75,11.25,11.75,16.0,6.5,16.0,0.25,0.5,0.0,7,10,-3,1986.111584304958,1721.9916689608822,1612.0005275528713,1612.0005275528713
832,2016,3119,56,3393,73,-1,27.0,58.142857142857146,8.571428571428571,20.142857142857142,14.0,14.714285714285714,14.428571428571429,8.714285714285714,16.571428571428573,17.142857142857142,53.714285714285715,3.857142857142857,13.857142857142858,11.714285714285714,6.857142857142857,16.857142857142858,6.285714285714286,15.714285714285714,25.571428571428573,26.2,61.2,7.2,24.2,10.8,9.4,12.6,8.4,18.8,22.6,54.0,6.0,17.4,12.0,13.8,20.4,5.0,17.6,8.6,1.0,0.6666666666666666,13,4,9,1713.4284154830043,2139.964793120101,1612.0005275528713,1612.0005275528713
833,2016,3453,53,3397,59,0,26.0,63.285714285714285,7.571428571428571,23.571428571428573,12.857142857142858,14.142857142857142,11.0,10.0,18.714285714285715,18.0,48.42857142857143,6.714285714285714,22.857142857142858,6.285714285714286,10.285714285714286,17.0,4.571428571428571,17.142857142857142,15.0,23.333333333333332,64.0,3.1666666666666665,14.833333333333334,15.833333333333334,11.666666666666666,12.5,8.333333333333334,14.333333333333334,20.333333333333332,57.333333333333336,3.8333333333333335,11.333333333333334,12.666666666666666,9.833333333333334,16.0,5.5,18.5,4.666666666666667,0.75,0.6666666666666666,10,7,3,1920.6518425051036,2086.7492334934805,1612.0005275528713,1612.0005275528713
834,2016,3343,65,3452,74,0,28.666666666666668,53.833333333333336,5.0,12.666666666666666,11.0,15.833333333333334,15.0,6.666666666666667,18.5,19.333333333333332,60.5,4.666666666666667,16.166666666666668,11.666666666666666,9.5,11.0,6.5,17.666666666666668,21.0,26.5,58.166666666666664,7.833333333333333,21.166666666666668,12.666666666666666,14.5,15.5,7.833333333333333,17.0,23.5,55.166666666666664,5.5,14.666666666666666,9.166666666666666,11.0,14.333333333333334,6.5,14.5,6.666666666666667,0.6666666666666666,0.6666666666666666,11,6,5,1889.658890807308,2017.119382675145,1612.0005275528713,1612.0005275528713
835,2016,3352,49,3163,101,-1,24.142857142857142,56.0,7.285714285714286,18.857142857142858,12.285714285714286,14.428571428571429,13.571428571428571,9.0,19.571428571428573,19.0,51.42857142857143,3.5714285714285716,14.0,11.571428571428571,9.0,16.0,5.857142857142857,18.0,11.428571428571429,32.142857142857146,64.0,7.857142857142857,20.714285714285715,12.571428571428571,20.428571428571427,10.142857142857142,11.428571428571429,10.428571428571429,18.142857142857142,56.714285714285715,5.0,17.571428571428573,9.428571428571429,8.857142857142858,19.0,5.428571428571429,14.142857142857142,37.714285714285715,1.0,1.0,16,1,15,1391.4547776952618,2613.61267972723,1612.0005275528713,1612.0005275528713
836,2016,3371,76,3182,97,0,25.4,60.6,6.2,19.8,12.8,11.4,11.2,5.8,17.8,25.6,62.0,6.4,21.2,13.0,14.4,11.8,6.0,18.2,2.8,22.166666666666668,60.833333333333336,7.5,23.333333333333332,12.833333333333334,15.0,14.833333333333334,7.0,16.333333333333332,21.833333333333332,59.166666666666664,5.0,17.166666666666668,10.666666666666666,15.333333333333334,15.666666666666666,6.0,16.666666666666668,3.8333333333333335,0.5,0.6666666666666666,8,9,-1,1878.206344811244,1849.7773389536264,1612.0005275528713,1612.0005275528713
837,2016,3292,55,3199,72,0,25.5,56.5,6.5,19.375,10.625,17.125,13.625,7.5,19.25,21.125,55.375,4.875,16.0,10.625,10.5,14.5,6.375,17.75,11.5,23.5,61.75,4.25,13.5,15.0,13.5,17.75,8.0,17.25,23.75,55.25,7.0,18.25,10.75,14.25,19.5,10.25,19.5,-4.5,1.0,0.0,12,5,7,1802.992478214283,2103.6069343326512,1612.0005275528713,1612.0005275528713
838,2016,3208,58,3231,62,0,23.0,56.0,4.0,13.0,10.75,14.5,18.75,7.0,20.5,24.25,64.0,4.25,16.25,15.0,11.25,16.25,8.75,19.5,0.25,28.0,63.75,7.0,20.5,12.5,16.5,11.75,8.25,17.25,27.25,60.25,4.5,14.25,9.5,13.75,13.25,5.0,17.5,5.75,0.0,0.0,8,9,-1,1929.5061852548768,1883.7781723108685,1612.0005275528713,1612.0005275528713
839,2016,3421,31,3246,85,-1,22.714285714285715,57.42857142857143,6.571428571428571,20.714285714285715,17.571428571428573,9.714285714285714,14.285714285714286,5.0,16.714285714285715,21.714285714285715,61.714285714285715,5.571428571428571,17.571428571428573,17.857142857142858,10.142857142857142,15.428571428571429,5.285714285714286,21.0,10.0,28.166666666666668,62.666666666666664,3.8333333333333335,13.5,12.666666666666666,13.166666666666666,15.166666666666666,5.166666666666667,17.833333333333332,25.833333333333332,63.166666666666664,5.666666666666667,15.166666666666666,10.166666666666666,14.833333333333334,13.5,6.333333333333333,20.166666666666668,6.333333333333333,1.0,0.6666666666666666,14,3,11,1416.6233576836644,2121.85543863724,1612.0005275528713,1612.0005275528713
840,2016,3233,58,3268,74,-1,21.666666666666668,58.333333333333336,7.166666666666667,21.333333333333332,11.833333333333334,13.333333333333334,13.0,9.833333333333334,14.833333333333334,19.5,51.166666666666664,4.5,15.0,8.833333333333334,12.666666666666666,18.166666666666668,5.5,16.166666666666668,8.5,32.0,66.5,5.833333333333333,17.0,17.0,21.0,13.833333333333334,8.333333333333334,11.833333333333334,24.333333333333332,60.166666666666664,6.166666666666667,18.0,9.333333333333334,12.5,14.5,6.666666666666667,16.166666666666668,18.333333333333332,1.0,1.0,15,2,13,1595.0370208737688,2291.5127499958103,1612.0005275528713,1612.0005275528713
841,2016,3140,69,3281,78,0,25.4,55.4,8.8,22.4,8.8,16.0,14.8,7.8,17.8,23.0,56.2,5.6,16.0,8.6,11.6,13.4,7.2,15.0,7.6,19.0,45.25,7.25,20.5,7.75,13.5,18.5,4.25,19.0,21.5,54.5,3.25,12.5,10.0,8.5,10.0,9.0,19.0,-0.5,0.6666666666666666,0.0,7,10,-3,1887.051635240784,1881.257055581261,1612.0005275528713,1612.0005275528713
842,2016,3299,61,3323,95,-1,22.142857142857142,60.857142857142854,4.142857142857143,14.142857142857142,13.857142857142858,11.142857142857142,16.0,5.0,17.857142857142858,20.142857142857142,60.142857142857146,2.4285714285714284,12.428571428571429,13.714285714285714,9.285714285714286,17.142857142857142,6.285714285714286,21.0,6.714285714285714,27.0,56.333333333333336,6.5,16.0,10.166666666666666,16.666666666666668,13.5,7.333333333333333,14.0,22.166666666666668,59.166666666666664,5.5,17.833333333333332,9.666666666666666,12.166666666666666,13.666666666666666,5.5,16.5,14.833333333333334,0.8,1.0,16,1,15,1464.8832416619111,2522.475524036439,1612.0005275528713,1612.0005275528713
843,2016,3345,45,3328,61,0,25.4,57.4,4.2,11.8,11.4,15.2,15.0,9.0,13.2,24.0,61.4,2.2,12.8,12.8,14.0,16.2,8.4,17.2,10.8,24.333333333333332,56.5,6.0,14.333333333333334,10.0,12.666666666666666,16.5,9.333333333333334,19.0,23.166666666666668,54.666666666666664,4.833333333333333,15.0,10.0,11.666666666666666,19.166666666666668,9.333333333333334,19.333333333333332,5.0,0.5,0.6666666666666666,11,6,5,1874.5600732720532,2020.0516466191816,1612.0005275528713,1612.0005275528713
844,2016,3274,71,3355,74,0,24.833333333333332,56.333333333333336,6.666666666666667,17.0,9.166666666666666,15.0,17.5,9.166666666666666,20.5,23.5,58.833333333333336,4.5,13.5,12.833333333333334,12.166666666666666,19.0,7.0,18.666666666666668,1.5,25.166666666666668,61.833333333333336,8.0,23.666666666666668,12.166666666666666,14.166666666666666,12.166666666666666,7.333333333333333,17.166666666666668,23.0,57.0,5.833333333333333,17.333333333333332,11.166666666666666,13.5,14.0,7.666666666666667,17.333333333333332,5.833333333333333,0.6666666666666666,1.0,5,12,-7,1972.256523341844,1840.0526003799157,1612.0005275528713,1612.0005275528713
845,2016,3161,45,3378,48,0,23.875,53.625,5.25,15.375,8.5,13.25,12.0,7.0,14.25,17.875,54.625,4.125,15.625,11.625,8.75,13.5,5.625,15.125,12.625,26.142857142857142,64.57142857142857,5.142857142857143,17.857142857142858,13.571428571428571,11.571428571428571,9.714285714285714,5.857142857142857,14.0,26.857142857142858,60.714285714285715,5.571428571428571,16.285714285714285,9.571428571428571,13.142857142857142,13.0,5.285714285714286,17.285714285714285,2.857142857142857,1.0,0.5,11,6,5,1833.9421112214577,1979.652825520392,1612.0005275528713,1612.0005275528713
846,2016,3362,58,3390,85,-1,24.833333333333332,57.833333333333336,6.666666666666667,17.833333333333332,8.5,12.666666666666666,14.5,8.0,18.166666666666668,26.166666666666668,64.0,5.166666666666667,17.333333333333332,12.333333333333334,14.166666666666666,15.333333333333334,7.333333333333333,19.666666666666668,2.3333333333333335,28.0,63.5,6.75,18.5,15.0,19.5,10.5,6.75,15.5,20.5,60.75,4.5,16.5,15.25,8.0,12.75,4.75,13.25,14.75,1.0,0.0,13,4,9,1691.3834784197174,2164.607258664877,1612.0005275528713,1612.0005275528713
847,2016,3106,42,3400,86,-1,21.333333333333332,54.888888888888886,4.111111111111111,15.11111111111111,14.222222222222221,12.777777777777779,17.88888888888889,6.222222222222222,21.555555555555557,19.11111111111111,55.55555555555556,3.5555555555555554,11.88888888888889,12.222222222222221,9.11111111111111,17.0,8.88888888888889,19.666666666666668,7.444444444444445,26.0,59.142857142857146,3.7142857142857144,11.714285714285714,11.428571428571429,13.0,15.571428571428571,7.428571428571429,19.571428571428573,21.285714285714285,52.857142857142854,4.714285714285714,16.0,10.0,11.0,19.142857142857142,5.0,19.285714285714285,6.714285714285714,1.0,0.5,15,2,13,1329.431515967951,2172.2961790111026,1612.0005275528713,1612.0005275528713
848,2016,3283,65,3401,74,-1,24.857142857142858,59.0,6.285714285714286,17.857142857142858,14.142857142857142,11.428571428571429,13.428571428571429,8.857142857142858,16.0,17.571428571428573,55.857142857142854,4.0,19.0,10.714285714285714,7.142857142857143,16.0,7.285714285714286,18.428571428571427,21.857142857142858,24.25,58.0,0.0,4.75,10.5,14.25,13.25,7.0,17.75,25.25,60.5,3.0,13.0,13.5,13.0,17.5,5.5,17.5,-0.75,1.0,0.0,13,4,9,1711.8219107596628,2026.974075012766,1612.0005275528713,1612.0005275528713
849,2016,3218,50,3417,66,-1,26.333333333333332,55.5,6.0,16.166666666666668,11.833333333333334,14.333333333333334,16.166666666666668,5.0,17.0,20.166666666666668,56.5,4.166666666666667,15.5,8.333333333333334,9.166666666666666,11.833333333333334,6.333333333333333,17.666666666666668,14.333333333333334,25.833333333333332,65.5,3.3333333333333335,10.5,12.333333333333334,10.666666666666666,11.333333333333334,8.833333333333334,17.166666666666668,22.166666666666668,60.166666666666664,4.166666666666667,17.833333333333332,14.0,12.666666666666666,17.666666666666668,5.0,16.333333333333332,7.5,1.0,0.6666666666666666,14,3,11,1672.2625993146266,1997.562254563205,1612.0005275528713,1612.0005275528713
850,2016,3335,53,3449,65,0,23.0,58.5,7.0,18.333333333333332,12.666666666666666,13.833333333333334,10.166666666666666,8.666666666666666,13.333333333333334,20.333333333333332,54.166666666666664,4.166666666666667,15.5,11.166666666666666,15.333333333333334,14.5,5.333333333333333,14.5,10.666666666666666,23.0,56.666666666666664,6.333333333333333,17.5,10.0,9.666666666666666,12.166666666666666,7.0,10.833333333333334,23.166666666666668,62.666666666666664,7.833333333333333,23.833333333333332,12.666666666666666,18.0,13.166666666666666,4.666666666666667,15.166666666666666,6.0,1.0,0.6666666666666666,10,7,3,1756.9996947644067,2009.564605045128,1612.0005275528713,1612.0005275528713
851,2016,3120,52,3124,84,-1,20.2,55.8,1.6,10.4,12.8,10.4,15.8,9.2,21.4,18.0,47.8,4.4,15.0,11.2,12.8,21.2,7.8,16.4,-7.2,29.0,58.714285714285715,4.428571428571429,12.0,12.0,17.714285714285715,15.714285714285714,6.142857142857143,14.285714285714286,20.714285714285715,63.57142857142857,3.857142857142857,15.571428571428571,12.714285714285714,10.0,13.857142857142858,7.714285714285714,19.0,22.285714285714285,0.5,1.0,9,1,8,1855.9911209766915,2400.752607161987,1612.0005275528713,1612.0005275528713
852,2016,3257,72,3177,73,1,25.4,60.0,3.6,14.6,15.2,12.2,17.0,6.8,15.8,19.6,58.4,3.6,14.6,12.6,8.8,15.8,8.8,18.4,14.4,31.25,67.0,9.75,24.75,13.75,19.5,11.5,6.75,15.0,23.0,59.25,4.75,21.0,9.75,11.75,14.5,5.75,15.0,19.25,0.5,0.5,3,6,-3,2131.836056911556,2045.6984701844392,1612.0005275528713,1612.0005275528713
853,2016,3277,72,3280,74,1,29.333333333333332,66.33333333333333,5.833333333333333,20.5,15.166666666666666,21.0,18.0,10.333333333333334,18.833333333333332,24.5,63.833333333333336,7.833333333333333,22.833333333333332,11.833333333333334,13.666666666666666,17.5,8.666666666666666,18.166666666666668,7.0,21.166666666666668,51.5,3.6666666666666665,10.333333333333334,11.0,10.0,15.666666666666666,6.5,20.666666666666668,17.666666666666668,50.166666666666664,2.6666666666666665,10.0,11.833333333333334,8.666666666666666,17.666666666666668,7.0,20.166666666666668,6.0,0.6666666666666666,0.6666666666666666,4,5,-1,2030.6827888712444,2034.162282012101,1612.0005275528713,1612.0005275528713
854,2016,3452,81,3326,88,-1,26.5,58.166666666666664,7.833333333333333,21.166666666666668,12.666666666666666,14.5,15.5,7.833333333333333,17.0,23.5,55.166666666666664,5.5,14.666666666666666,9.166666666666666,11.0,14.333333333333334,6.5,14.5,6.666666666666667,31.0,69.2,10.0,26.8,13.2,15.2,13.6,7.2,17.2,30.4,71.0,5.6,18.8,16.0,17.0,15.6,6.6,19.0,7.0,0.6666666666666666,0.5,6,3,3,2017.119382675145,2095.9699339815284,1612.0005275528713,1612.0005275528713
855,2016,3382,40,3333,69,-1,21.5,55.0,6.5,20.25,9.25,14.25,15.0,9.0,16.5,21.25,55.75,6.75,15.75,11.25,11.75,16.0,6.5,16.0,0.25,22.666666666666668,56.0,7.5,21.0,12.0,15.5,16.166666666666668,4.666666666666667,14.0,21.833333333333332,60.333333333333336,4.166666666666667,10.833333333333334,10.833333333333334,9.666666666666666,9.666666666666666,7.166666666666667,15.0,3.6666666666666665,0.0,1.0,10,2,8,1721.9916689608822,2153.591584440698,1612.0005275528713,1612.0005275528713
856,2016,3243,47,3376,73,-1,22.2,55.4,6.6,20.0,8.4,15.8,14.6,6.6,15.4,21.6,59.4,7.0,22.0,10.4,15.0,12.2,9.4,14.0,-0.2,24.0,53.0,6.166666666666667,15.666666666666666,12.333333333333334,15.166666666666666,15.833333333333334,10.166666666666666,14.5,18.166666666666668,55.5,3.8333333333333335,13.5,12.0,8.666666666666666,16.833333333333332,6.833333333333333,19.333333333333332,21.666666666666668,0.0,1.0,9,1,8,1887.97379906782,2347.8468131161558,1612.0005275528713,1612.0005275528713
857,2016,3107,59,3393,76,-1,32.2,61.8,2.4,8.4,12.4,20.2,10.0,12.0,17.4,16.6,52.4,4.8,17.8,11.0,11.4,19.6,5.0,17.4,33.0,26.2,61.2,7.2,24.2,10.8,9.4,12.6,8.4,18.8,22.6,54.0,6.0,17.4,12.0,13.8,20.4,5.0,17.6,8.6,1.0,0.6666666666666666,12,4,8,1751.3053201619828,2139.964793120101,1612.0005275528713,1612.0005275528713
858,2016,3113,64,3397,75,1,23.5,57.0,2.75,15.75,13.25,14.5,15.5,9.0,18.5,23.5,50.0,3.5,13.25,6.5,12.75,18.25,8.0,17.25,0.25,23.333333333333332,64.0,3.1666666666666665,14.833333333333334,15.833333333333334,11.666666666666666,12.5,8.333333333333334,14.333333333333334,20.333333333333332,57.333333333333336,3.8333333333333335,11.333333333333334,12.666666666666666,9.833333333333334,16.0,5.5,18.5,4.666666666666667,0.0,0.6666666666666666,2,7,-5,2074.1098511304426,2086.7492334934805,1612.0005275528713,1612.0005275528713
859,2016,3182,51,3163,97,-1,22.166666666666668,60.833333333333336,7.5,23.333333333333332,12.833333333333334,15.0,14.833333333333334,7.0,16.333333333333332,21.833333333333332,59.166666666666664,5.0,17.166666666666668,10.666666666666666,15.333333333333334,15.666666666666666,6.0,16.666666666666668,3.8333333333333335,32.142857142857146,64.0,7.857142857142857,20.714285714285715,12.571428571428571,20.428571428571427,10.142857142857142,11.428571428571429,10.428571428571429,18.142857142857142,56.714285714285715,5.0,17.571428571428573,9.428571428571429,8.857142857142858,19.0,5.428571428571429,14.142857142857142,37.714285714285715,0.6666666666666666,1.0,9,1,8,1849.7773389536264,2613.61267972723,1612.0005275528713,1612.0005275528713
860,2016,3401,56,3199,74,1,24.25,58.0,0.0,4.75,10.5,14.25,13.25,7.0,17.75,25.25,60.5,3.0,13.0,13.5,13.0,17.5,5.5,17.5,-0.75,23.5,61.75,4.25,13.5,15.0,13.5,17.75,8.0,17.25,23.75,55.25,7.0,18.25,10.75,14.25,19.5,10.25,19.5,-4.5,0.0,0.0,4,5,-1,2026.974075012766,2103.6069343326512,1612.0005275528713,1612.0005275528713
861,2016,3328,58,3246,79,-1,24.333333333333332,56.5,6.0,14.333333333333334,10.0,12.666666666666666,16.5,9.333333333333334,19.0,23.166666666666668,54.666666666666664,4.833333333333333,15.0,10.0,11.666666666666666,19.166666666666668,9.333333333333334,19.333333333333332,5.0,28.166666666666668,62.666666666666664,3.8333333333333335,13.5,12.666666666666666,13.166666666666666,15.166666666666666,5.166666666666667,17.833333333333332,25.833333333333332,63.166666666666664,5.666666666666667,15.166666666666666,10.166666666666666,14.833333333333334,13.5,6.333333333333333,20.166666666666668,6.333333333333333,0.6666666666666666,0.6666666666666666,6,3,3,2020.0516466191816,2121.85543863724,1612.0005275528713,1612.0005275528713
862,2016,3231,70,3323,87,-1,28.0,63.75,7.0,20.5,12.5,16.5,11.75,8.25,17.25,27.25,60.25,4.5,14.25,9.5,13.75,13.25,5.0,17.5,5.75,27.0,56.333333333333336,6.5,16.0,10.166666666666666,16.666666666666668,13.5,7.333333333333333,14.0,22.166666666666668,59.166666666666664,5.5,17.833333333333332,9.666666666666666,12.166666666666666,13.666666666666666,5.5,16.5,14.833333333333334,0.0,1.0,9,1,8,1883.7781723108685,2522.475524036439,1612.0005275528713,1612.0005275528713
863,2016,3355,65,3390,66,-1,25.166666666666668,61.833333333333336,8.0,23.666666666666668,12.166666666666666,14.166666666666666,12.166666666666666,7.333333333333333,17.166666666666668,23.0,57.0,5.833333333333333,17.333333333333332,11.166666666666666,13.5,14.0,7.666666666666667,17.333333333333332,5.833333333333333,28.0,63.5,6.75,18.5,15.0,19.5,10.5,6.75,15.5,20.5,60.75,4.5,16.5,15.25,8.0,12.75,4.75,13.25,14.75,1.0,0.0,12,4,8,1840.0526003799157,2164.607258664877,1612.0005275528713,1612.0005275528713
864,2016,3281,55,3400,73,-1,19.0,45.25,7.25,20.5,7.75,13.5,18.5,4.25,19.0,21.5,54.5,3.25,12.5,10.0,8.5,10.0,9.0,19.0,-0.5,26.0,59.142857142857146,3.7142857142857144,11.714285714285714,11.428571428571429,13.0,15.571428571428571,7.428571428571429,19.571428571428573,21.285714285714285,52.857142857142854,4.714285714285714,16.0,10.0,11.0,19.142857142857142,5.0,19.285714285714285,6.714285714285714,0.0,0.5,10,2,8,1881.257055581261,2172.2961790111026,1612.0005275528713,1612.0005275528713
865,2016,3378,67,3417,72,-1,26.142857142857142,64.57142857142857,5.142857142857143,17.857142857142858,13.571428571428571,11.571428571428571,9.714285714285714,5.857142857142857,14.0,26.857142857142858,60.714285714285715,5.571428571428571,16.285714285714285,9.571428571428571,13.142857142857142,13.0,5.285714285714286,17.285714285714285,2.857142857142857,25.833333333333332,65.5,3.3333333333333335,10.5,12.333333333333334,10.666666666666666,11.333333333333334,8.833333333333334,17.166666666666668,22.166666666666668,60.166666666666664,4.166666666666667,17.833333333333332,14.0,12.666666666666666,17.666666666666668,5.0,16.333333333333332,7.5,0.5,0.6666666666666666,6,3,3,1979.652825520392,1997.562254563205,1612.0005275528713,1612.0005275528713
866,2016,3268,65,3449,74,1,32.0,66.5,5.833333333333333,17.0,17.0,21.0,13.833333333333334,8.333333333333334,11.833333333333334,24.333333333333332,60.166666666666664,6.166666666666667,18.0,9.333333333333334,12.5,14.5,6.666666666666667,16.166666666666668,18.333333333333332,23.0,56.666666666666664,6.333333333333333,17.5,10.0,9.666666666666666,12.166666666666666,7.0,10.833333333333334,23.166666666666668,62.666666666666664,7.833333333333333,23.833333333333332,12.666666666666666,18.0,13.166666666666666,4.666666666666667,15.166666666666666,6.0,1.0,0.6666666666666666,2,7,-5,2291.5127499958103,2009.564605045128,1612.0005275528713,1612.0005275528713
867,2016,3323,84,3390,90,0,27.0,56.333333333333336,6.5,16.0,10.166666666666666,16.666666666666668,13.5,7.333333333333333,14.0,22.166666666666668,59.166666666666664,5.5,17.833333333333332,9.666666666666666,12.166666666666666,13.666666666666666,5.5,16.5,14.833333333333334,28.0,63.5,6.75,18.5,15.0,19.5,10.5,6.75,15.5,20.5,60.75,4.5,16.5,15.25,8.0,12.75,4.75,13.25,14.75,1.0,0.0,1,4,-3,2522.475524036439,2164.607258664877,1612.0005275528713,1612.0005275528713
868,2016,3376,72,3393,80,0,24.0,53.0,6.166666666666667,15.666666666666666,12.333333333333334,15.166666666666666,15.833333333333334,10.166666666666666,14.5,18.166666666666668,55.5,3.8333333333333335,13.5,12.0,8.666666666666666,16.833333333333332,6.833333333333333,19.333333333333332,21.666666666666668,26.2,61.2,7.2,24.2,10.8,9.4,12.6,8.4,18.8,22.6,54.0,6.0,17.4,12.0,13.8,20.4,5.0,17.6,8.6,1.0,0.6666666666666666,1,4,-3,2347.8468131161558,2139.964793120101,1612.0005275528713,1612.0005275528713
869,2016,3326,62,3397,78,0,31.0,69.2,10.0,26.8,13.2,15.2,13.6,7.2,17.2,30.4,71.0,5.6,18.8,16.0,17.0,15.6,6.6,19.0,7.0,23.333333333333332,64.0,3.1666666666666665,14.833333333333334,15.833333333333334,11.666666666666666,12.5,8.333333333333334,14.333333333333334,20.333333333333332,57.333333333333336,3.8333333333333335,11.333333333333334,12.666666666666666,9.833333333333334,16.0,5.5,18.5,4.666666666666667,0.5,0.6666666666666666,3,7,-4,2095.9699339815284,2086.7492334934805,1612.0005275528713,1612.0005275528713
870,2016,3246,72,3449,85,0,28.166666666666668,62.666666666666664,3.8333333333333335,13.5,12.666666666666666,13.166666666666666,15.166666666666666,5.166666666666667,17.833333333333332,25.833333333333332,63.166666666666664,5.666666666666667,15.166666666666666,10.166666666666666,14.833333333333334,13.5,6.333333333333333,20.166666666666668,6.333333333333333,23.0,56.666666666666664,6.333333333333333,17.5,10.0,9.666666666666666,12.166666666666666,7.0,10.833333333333334,23.166666666666668,62.666666666666664,7.833333333333333,23.833333333333332,12.666666666666666,18.0,13.166666666666666,4.666666666666667,15.166666666666666,6.0,0.6666666666666666,0.6666666666666666,3,7,-4,2121.85543863724,2009.564605045128,1612.0005275528713,1612.0005275528713
871,2016,3199,58,3124,78,0,23.5,61.75,4.25,13.5,15.0,13.5,17.75,8.0,17.25,23.75,55.25,7.0,18.25,10.75,14.25,19.5,10.25,19.5,-4.5,29.0,58.714285714285715,4.428571428571429,12.0,12.0,17.714285714285715,15.714285714285714,6.142857142857143,14.285714285714286,20.714285714285715,63.57142857142857,3.857142857142857,15.571428571428571,12.714285714285714,10.0,13.857142857142858,7.714285714285714,19.0,22.285714285714285,0.0,1.0,5,1,4,2103.6069343326512,2400.752607161987,1612.0005275528713,1612.0005275528713
872,2016,3280,38,3163,98,0,21.166666666666668,51.5,3.6666666666666665,10.333333333333334,11.0,10.0,15.666666666666666,6.5,20.666666666666668,17.666666666666668,50.166666666666664,2.6666666666666665,10.0,11.833333333333334,8.666666666666666,17.666666666666668,7.0,20.166666666666668,6.0,32.142857142857146,64.0,7.857142857142857,20.714285714285715,12.571428571428571,20.428571428571427,10.142857142857142,11.428571428571429,10.428571428571429,18.142857142857142,56.714285714285715,5.0,17.571428571428573,9.428571428571429,8.857142857142858,19.0,5.428571428571429,14.142857142857142,37.714285714285715,0.6666666666666666,1.0,5,1,4,2034.162282012101,2613.61267972723,1612.0005275528713,1612.0005275528713
873,2016,3177,71,3333,83,0,31.25,67.0,9.75,24.75,13.75,19.5,11.5,6.75,15.0,23.0,59.25,4.75,21.0,9.75,11.75,14.5,5.75,15.0,19.25,22.666666666666668,56.0,7.5,21.0,12.0,15.5,16.166666666666668,4.666666666666667,14.0,21.833333333333332,60.333333333333336,4.166666666666667,10.833333333333334,10.833333333333334,9.666666666666666,9.666666666666666,7.166666666666667,15.0,3.6666666666666665,0.5,1.0,6,2,4,2045.6984701844392,2153.591584440698,1612.0005275528713,1612.0005275528713
874,2016,3417,64,3400,72,0,25.833333333333332,65.5,3.3333333333333335,10.5,12.333333333333334,10.666666666666666,11.333333333333334,8.833333333333334,17.166666666666668,22.166666666666668,60.166666666666664,4.166666666666667,17.833333333333332,14.0,12.666666666666666,17.666666666666668,5.0,16.333333333333332,7.5,26.0,59.142857142857146,3.7142857142857144,11.714285714285714,11.428571428571429,13.0,15.571428571428571,7.428571428571429,19.571428571428573,21.285714285714285,52.857142857142854,4.714285714285714,16.0,10.0,11.0,19.142857142857142,5.0,19.285714285714285,6.714285714285714,0.6666666666666666,0.5,3,2,1,1997.562254563205,2172.2961790111026,1612.0005275528713,1612.0005275528713
875,2016,3397,67,3393,89,0,23.333333333333332,64.0,3.1666666666666665,14.833333333333334,15.833333333333334,11.666666666666666,12.5,8.333333333333334,14.333333333333334,20.333333333333332,57.333333333333336,3.8333333333333335,11.333333333333334,12.666666666666666,9.833333333333334,16.0,5.5,18.5,4.666666666666667,26.2,61.2,7.2,24.2,10.8,9.4,12.6,8.4,18.8,22.6,54.0,6.0,17.4,12.0,13.8,20.4,5.0,17.6,8.6,0.6666666666666666,0.6666666666666666,7,4,3,2086.7492334934805,2139.964793120101,1612.0005275528713,1612.0005275528713
876,2016,3390,76,3449,85,0,28.0,63.5,6.75,18.5,15.0,19.5,10.5,6.75,15.5,20.5,60.75,4.5,16.5,15.25,8.0,12.75,4.75,13.25,14.75,23.0,56.666666666666664,6.333333333333333,17.5,10.0,9.666666666666666,12.166666666666666,7.0,10.833333333333334,23.166666666666668,62.666666666666664,7.833333333333333,23.833333333333332,12.666666666666666,18.0,13.166666666666666,4.666666666666667,15.166666666666666,6.0,0.0,0.6666666666666666,4,7,-3,2164.607258664877,2009.564605045128,1612.0005275528713,1612.0005275528713
877,2016,3400,65,3163,86,0,26.0,59.142857142857146,3.7142857142857144,11.714285714285714,11.428571428571429,13.0,15.571428571428571,7.428571428571429,19.571428571428573,21.285714285714285,52.857142857142854,4.714285714285714,16.0,10.0,11.0,19.142857142857142,5.0,19.285714285714285,6.714285714285714,32.142857142857146,64.0,7.857142857142857,20.714285714285715,12.571428571428571,20.428571428571427,10.142857142857142,11.428571428571429,10.428571428571429,18.142857142857142,56.714285714285715,5.0,17.571428571428573,9.428571428571429,8.857142857142858,19.0,5.428571428571429,14.142857142857142,37.714285714285715,0.5,1.0,2,1,1,2172.2961790111026,2613.61267972723,1612.0005275528713,1612.0005275528713
878,2016,3124,57,3333,60,0,29.0,58.714285714285715,4.428571428571429,12.0,12.0,17.714285714285715,15.714285714285714,6.142857142857143,14.285714285714286,20.714285714285715,63.57142857142857,3.857142857142857,15.571428571428571,12.714285714285714,10.0,13.857142857142858,7.714285714285714,19.0,22.285714285714285,22.666666666666668,56.0,7.5,21.0,12.0,15.5,16.166666666666668,4.666666666666667,14.0,21.833333333333332,60.333333333333336,4.166666666666667,10.833333333333334,10.833333333333334,9.666666666666666,9.666666666666666,7.166666666666667,15.0,3.6666666666666665,1.0,1.0,1,2,-1,2400.752607161987,2153.591584440698,1612.0005275528713,1612.0005275528713
879,2016,3333,51,3163,80,0,22.666666666666668,56.0,7.5,21.0,12.0,15.5,16.166666666666668,4.666666666666667,14.0,21.833333333333332,60.333333333333336,4.166666666666667,10.833333333333334,10.833333333333334,9.666666666666666,9.666666666666666,7.166666666666667,15.0,3.6666666666666665,32.142857142857146,64.0,7.857142857142857,20.714285714285715,12.571428571428571,20.428571428571427,10.142857142857142,11.428571428571429,10.428571428571429,18.142857142857142,56.714285714285715,5.0,17.571428571428573,9.428571428571429,8.857142857142858,19.0,5.428571428571429,14.142857142857142,37.714285714285715,1.0,1.0,2,1,1,2153.591584440698,2613.61267972723,1612.0005275528713,1612.0005275528713
880,2016,3449,59,3393,80,0,23.0,56.666666666666664,6.333333333333333,17.5,10.0,9.666666666666666,12.166666666666666,7.0,10.833333333333334,23.166666666666668,62.666666666666664,7.833333333333333,23.833333333333332,12.666666666666666,18.0,13.166666666666666,4.666666666666667,15.166666666666666,6.0,26.2,61.2,7.2,24.2,10.8,9.4,12.6,8.4,18.8,22.6,54.0,6.0,17.4,12.0,13.8,20.4,5.0,17.6,8.6,0.6666666666666666,0.6666666666666666,7,4,3,2009.564605045128,2139.964793120101,1612.0005275528713,1612.0005275528713
881,2016,3393,51,3163,82,0,26.2,61.2,7.2,24.2,10.8,9.4,12.6,8.4,18.8,22.6,54.0,6.0,17.4,12.0,13.8,20.4,5.0,17.6,8.6,32.142857142857146,64.0,7.857142857142857,20.714285714285715,12.571428571428571,20.428571428571427,10.142857142857142,11.428571428571429,10.428571428571429,18.142857142857142,56.714285714285715,5.0,17.571428571428573,9.428571428571429,8.857142857142858,19.0,5.428571428571429,14.142857142857142,37.714285714285715,0.6666666666666666,1.0,4,1,3,2139.964793120101,2613.61267972723,1612.0005275528713,1612.0005275528713
882,2017,3113,73,3277,61,0,22.0,50.0,3.8,10.8,11.2,14.6,15.6,8.4,16.0,21.8,54.0,4.8,16.2,9.2,11.8,14.8,9.4,20.2,5.2,29.0,63.0,8.0,20.5,11.166666666666666,17.5,12.833333333333334,5.5,20.166666666666668,27.166666666666668,63.333333333333336,4.833333333333333,16.666666666666668,12.5,14.0,11.666666666666666,6.333333333333333,16.5,5.166666666666667,0.5,0.6666666666666666,8,9,-1,1988.254746443512,1963.5788727942252,1612.0005275528713,1612.0005275528713
883,2017,3166,76,3405,49,0,23.8,58.2,6.6,23.6,9.8,14.6,9.8,3.8,16.0,22.2,54.2,4.0,12.6,7.8,12.6,9.8,5.8,16.8,6.2,26.333333333333332,62.22222222222222,4.222222222222222,15.11111111111111,13.333333333333334,15.333333333333334,15.88888888888889,7.555555555555555,17.555555555555557,23.0,63.55555555555556,4.444444444444445,19.444444444444443,12.666666666666666,11.222222222222221,15.666666666666666,6.666666666666667,19.333333333333332,7.666666666666667,0.5,1.0,7,10,-3,1893.343796983586,1715.366695135551,1612.0005275528713,1612.0005275528713
884,2017,3177,88,3320,67,0,28.333333333333332,65.16666666666667,9.0,22.833333333333332,12.5,19.0,14.333333333333334,7.666666666666667,18.333333333333332,23.5,58.833333333333336,5.5,17.333333333333332,8.666666666666666,10.5,16.833333333333332,7.5,18.166666666666668,10.5,22.857142857142858,62.42857142857143,7.714285714285714,25.142857142857142,16.714285714285715,14.142857142857142,13.285714285714286,8.142857142857142,15.285714285714286,22.428571428571427,54.0,5.0,16.0,9.571428571428571,11.142857142857142,18.857142857142858,6.142857142857143,19.428571428571427,9.142857142857142,0.6666666666666666,0.8,7,10,-3,2040.9153787871733,1732.8660923000132,1612.0005275528713,1612.0005275528713
885,2017,3199,87,3442,66,1,25.25,54.75,5.5,15.25,11.5,15.25,15.0,7.5,12.75,22.25,53.5,4.5,13.5,8.75,13.0,16.5,5.75,17.0,11.0,27.6,63.6,11.4,29.6,11.2,18.4,10.0,9.8,14.6,22.8,58.4,7.4,21.0,10.0,15.6,18.2,5.8,18.6,17.0,0.0,1.0,3,14,-11,2150.513460235944,1608.576581458898,1612.0005275528713,1612.0005275528713
886,2017,3246,73,3125,70,1,26.8,64.2,4.4,17.2,13.8,12.6,10.4,5.8,18.2,26.6,52.6,4.6,12.2,6.8,16.0,15.6,3.6,18.8,2.4,29.8,63.6,9.4,25.2,14.4,19.0,13.4,3.8,14.2,26.6,68.0,4.0,15.8,10.0,12.4,9.6,5.0,21.2,20.4,0.5,1.0,4,13,-9,2074.211904909848,1639.7691856077436,1612.0005275528713,1612.0005275528713
887,2017,3268,103,3137,61,1,33.4,64.8,8.6,20.0,14.0,19.8,16.0,7.8,15.6,28.4,62.4,7.6,18.8,12.0,13.4,16.8,8.2,16.8,11.0,25.142857142857142,53.714285714285715,7.857142857142857,19.857142857142858,7.428571428571429,14.857142857142858,12.714285714285714,5.428571428571429,14.142857142857142,23.428571428571427,62.142857142857146,6.285714285714286,18.857142857142858,10.428571428571429,14.142857142857142,11.285714285714286,7.285714285714286,19.142857142857142,11.428571428571429,1.0,1.0,3,14,-11,2304.0436705686016,1671.4586041619457,1612.0005275528713,1612.0005275528713
888,2017,3280,110,3407,69,1,25.0,56.833333333333336,3.8333333333333335,14.0,10.5,13.666666666666666,12.333333333333334,4.333333333333333,16.666666666666668,24.666666666666668,54.5,3.3333333333333335,6.833333333333333,8.833333333333334,11.166666666666666,11.833333333333334,5.166666666666667,17.0,1.1666666666666667,27.375,72.75,5.875,22.875,21.875,12.0,19.25,8.5,24.25,24.25,62.375,4.875,18.25,11.0,14.125,18.625,9.125,23.75,10.25,0.6666666666666666,0.8,2,15,-13,2213.1888571640934,1536.2212990363362,1612.0005275528713,1612.0005275528713
889,2017,3281,66,3378,64,0,24.25,51.25,9.0,22.0,7.75,13.75,17.5,4.0,21.0,20.5,53.25,4.0,16.5,8.25,11.0,11.5,7.75,20.5,8.0,25.571428571428573,59.714285714285715,5.714285714285714,16.857142857142858,13.142857142857142,11.285714285714286,12.285714285714286,3.4285714285714284,12.714285714285714,27.714285714285715,62.0,7.428571428571429,19.714285714285715,10.142857142857142,17.142857142857142,9.571428571428571,5.571428571428571,16.857142857142858,-3.2857142857142856,0.0,0.5,6,11,-5,1962.7366615911224,1950.817905184552,1612.0005275528713,1612.0005275528713
890,2017,3301,62,3120,48,0,24.75,60.75,6.5,18.25,13.5,12.75,9.75,5.75,19.0,21.75,55.75,5.5,15.75,13.25,9.0,14.5,4.0,18.75,4.5,21.75,68.5,5.25,22.0,16.0,13.25,11.0,10.25,19.5,20.25,53.75,5.0,16.5,14.5,11.0,22.5,6.0,16.0,1.25,0.0,0.0,6,11,-5,1958.9909433621417,1823.4467171098304,1612.0005275528713,1612.0005275528713
891,2017,3323,79,3352,49,1,30.0,60.166666666666664,7.5,17.833333333333332,11.0,19.666666666666668,9.833333333333334,8.166666666666666,15.0,23.0,57.166666666666664,7.166666666666667,17.666666666666668,11.166666666666666,12.5,16.0,4.166666666666667,16.5,18.5,23.142857142857142,54.0,5.285714285714286,14.714285714285714,10.428571428571429,14.428571428571429,15.714285714285714,8.571428571428571,18.428571428571427,18.142857142857142,54.57142857142857,2.4285714285714284,15.0,11.857142857142858,8.571428571428571,17.142857142857142,7.571428571428571,18.714285714285715,14.0,1.0,1.0,1,16,-15,2472.472098588968,1417.861431810165,1612.0005275528713,1612.0005275528713
892,2017,3326,70,3443,63,0,30.0,66.5,9.25,23.25,13.75,15.25,14.75,9.5,18.0,24.75,66.5,6.75,17.25,15.0,14.0,19.0,7.0,20.5,14.75,25.625,57.375,7.75,19.25,13.5,13.75,8.625,8.875,15.0,22.5,50.5,5.125,15.875,11.875,12.125,16.25,4.25,19.0,13.0,0.5,1.0,5,12,-7,2144.9750086542044,1850.312748829064,1612.0005275528713,1612.0005275528713
893,2017,3333,56,3253,55,1,21.0,52.166666666666664,6.666666666666667,17.166666666666668,11.166666666666666,11.666666666666666,15.166666666666666,4.666666666666667,13.166666666666666,19.166666666666668,58.333333333333336,2.8333333333333335,13.833333333333334,11.5,8.5,10.166666666666666,7.166666666666667,14.0,8.833333333333334,23.428571428571427,58.285714285714285,8.0,22.142857142857142,11.857142857142858,11.857142857142858,13.142857142857142,9.714285714285714,20.857142857142858,20.142857142857142,51.857142857142854,6.285714285714286,20.285714285714285,13.857142857142858,11.285714285714286,21.0,6.428571428571429,18.428571428571427,5.142857142857143,0.6666666666666666,0.75,2,15,-13,2193.006218124692,1655.6238702265243,1612.0005275528713,1612.0005275528713
894,2017,3345,74,3453,62,0,24.0,58.285714285714285,5.714285714285714,15.857142857142858,12.428571428571429,15.285714285714286,14.571428571428571,6.857142857142857,14.714285714285714,23.0,61.42857142857143,5.0,19.714285714285715,13.428571428571429,13.571428571428571,14.857142857142858,7.0,16.428571428571427,8.0,25.0,54.333333333333336,7.333333333333333,19.666666666666668,12.666666666666666,14.333333333333334,14.5,11.0,15.5,17.5,45.166666666666664,6.833333333333333,20.0,6.5,9.666666666666666,21.5,5.333333333333333,19.166666666666668,21.0,0.75,1.0,9,8,1,1946.3917757128493,1880.814071506093,1612.0005275528713,1612.0005275528713
895,2017,3376,90,3421,40,1,27.333333333333332,54.0,3.6666666666666665,10.666666666666666,7.166666666666667,14.5,11.5,7.833333333333333,15.666666666666666,24.5,61.666666666666664,4.333333333333333,17.333333333333332,13.0,11.5,14.333333333333334,3.8333333333333335,19.0,11.333333333333334,24.0,55.55555555555556,5.444444444444445,14.444444444444445,14.0,11.11111111111111,11.777777777777779,5.111111111111111,13.222222222222221,21.666666666666668,53.44444444444444,5.333333333333333,14.333333333333334,8.333333333333334,11.444444444444445,11.88888888888889,4.666666666666667,18.77777777777778,9.222222222222221,1.0,1.0,1,16,-15,2347.8180319626213,1377.94521054159,1612.0005275528713,1612.0005275528713
896,2017,3400,78,3146,50,1,26.333333333333332,67.66666666666667,3.6666666666666665,11.5,16.0,11.833333333333334,13.0,7.666666666666667,21.166666666666668,22.833333333333332,57.166666666666664,4.666666666666667,13.666666666666666,10.333333333333334,10.333333333333334,14.333333333333334,6.333333333333333,18.0,1.3333333333333333,26.833333333333332,56.833333333333336,3.6666666666666665,10.0,13.166666666666666,13.333333333333334,11.333333333333334,6.166666666666667,17.833333333333332,15.5,48.333333333333336,3.8333333333333335,13.666666666666666,9.5,6.166666666666667,15.166666666666666,4.166666666666667,18.5,20.666666666666668,0.6666666666666666,1.0,3,14,-11,2176.7364114495736,1609.0397158635858,1612.0005275528713,1612.0005275528713
897,2017,3452,75,3189,62,0,25.0,59.42857142857143,6.714285714285714,20.0,11.285714285714286,14.571428571428571,15.428571428571429,6.714285714285714,17.714285714285715,22.571428571428573,59.714285714285715,4.857142857142857,16.857142857142858,11.285714285714286,9.571428571428571,14.428571428571429,8.571428571428571,16.142857142857142,6.0,27.428571428571427,57.857142857142854,4.428571428571429,12.285714285714286,14.428571428571429,14.142857142857142,14.428571428571429,7.714285714285714,17.428571428571427,18.428571428571427,60.0,4.142857142857143,16.0,13.428571428571429,9.428571428571429,14.142857142857142,8.142857142857142,21.714285714285715,20.285714285714285,1.0,1.0,6,11,-5,2031.4892242189767,1785.508808441554,1612.0005275528713,1612.0005275528713
898,2017,3124,119,3411,30,1,32.42857142857143,65.71428571428571,4.714285714285714,10.571428571428571,15.714285714285714,18.571428571428573,14.428571428571429,5.0,17.142857142857142,22.714285714285715,65.42857142857143,8.0,23.571428571428573,11.285714285714286,11.285714285714286,11.0,5.428571428571429,18.857142857142858,20.0,23.11111111111111,52.77777777777778,3.888888888888889,12.444444444444445,11.444444444444445,11.88888888888889,18.11111111111111,7.666666666666667,16.333333333333332,19.555555555555557,60.44444444444444,2.888888888888889,13.11111111111111,12.777777777777779,10.444444444444445,14.222222222222221,8.0,18.0,9.222222222222221,0.75,1.0,1,16,-15,2380.896892548367,1401.6220740923306,1612.0005275528713,1612.0005275528713
899,2017,3143,55,3261,52,0,21.8,54.0,3.6,14.4,9.4,11.6,14.6,5.8,14.0,23.8,56.8,5.4,16.8,10.2,14.2,12.4,7.6,15.2,-6.0,22.8,52.6,1.6,5.6,11.6,12.4,16.8,8.4,16.8,22.6,54.8,4.0,17.4,10.8,13.6,15.4,8.0,19.6,-1.0,0.5,0.5,9,8,1,1879.1227132722108,1868.7976042027435,1612.0005275528713,1612.0005275528713
900,2017,3163,116,3107,55,1,33.142857142857146,60.714285714285715,9.142857142857142,22.285714285714285,10.571428571428571,23.142857142857142,11.714285714285714,9.714285714285714,10.0,21.857142857142858,62.0,5.857142857142857,18.285714285714285,11.285714285714286,10.0,16.857142857142858,5.142857142857143,16.142857142857142,35.0,25.5,59.333333333333336,6.0,16.5,14.0,16.166666666666668,19.166666666666668,12.0,16.166666666666668,19.0,54.666666666666664,6.333333333333333,21.833333333333332,12.333333333333334,12.833333333333334,21.5,9.166666666666666,18.0,10.5,1.0,1.0,1,16,-15,2654.01206199974,1638.184110904067,1612.0005275528713,1612.0005275528713
901,2017,3181,94,3214,31,1,26.2,54.0,6.0,12.6,9.8,16.4,16.6,6.6,15.4,23.4,63.2,7.4,25.2,11.8,13.2,11.8,6.4,15.6,8.2,21.75,58.25,4.375,15.125,12.625,12.625,17.125,12.5,21.0,20.25,54.375,4.25,15.875,14.0,10.875,22.875,9.0,20.125,2.0,0.6666666666666666,1.0,2,15,-13,2135.684638508152,1460.1031279471267,1612.0005275528713,1612.0005275528713
902,2017,3243,67,3179,54,1,23.166666666666668,60.166666666666664,5.833333333333333,19.166666666666668,13.666666666666666,14.166666666666666,14.833333333333334,10.166666666666666,15.166666666666666,26.333333333333332,62.5,5.0,17.5,12.666666666666666,18.0,16.333333333333332,8.666666666666666,20.833333333333332,0.0,30.857142857142858,63.57142857142857,8.714285714285714,22.428571428571427,11.857142857142858,21.714285714285715,14.142857142857142,10.857142857142858,18.714285714285715,23.0,63.57142857142857,7.285714285714286,25.0,15.857142857142858,12.428571428571429,16.857142857142858,6.142857142857143,19.285714285714285,18.142857142857142,0.3333333333333333,1.0,7,10,-3,1996.277925115684,1827.9127284800377,1612.0005275528713,1612.0005275528713
903,2017,3257,82,3151,62,1,27.0,57.833333333333336,6.333333333333333,17.333333333333332,12.333333333333334,14.666666666666666,16.0,5.333333333333333,16.833333333333332,19.333333333333332,57.666666666666664,5.833333333333333,18.666666666666668,12.0,8.833333333333334,14.666666666666666,7.666666666666667,18.0,13.666666666666666,25.833333333333332,55.0,6.333333333333333,17.333333333333332,12.0,15.0,9.5,7.0,7.166666666666667,20.333333333333332,54.0,5.666666666666667,15.333333333333334,9.0,11.166666666666666,11.833333333333334,5.0,16.666666666666668,20.5,0.6666666666666666,1.0,4,13,-9,2160.277934697406,1778.4953016795264,1612.0005275528713,1612.0005275528713
904,2017,3274,62,3195,60,1,26.833333333333332,61.333333333333336,3.6666666666666665,15.666666666666666,12.333333333333334,12.666666666666666,13.166666666666666,7.166666666666667,19.5,24.0,58.666666666666664,5.5,15.333333333333334,14.166666666666666,11.666666666666666,15.5,6.0,19.5,2.5,25.5,60.0,8.0,25.5,12.0,12.333333333333334,11.333333333333334,8.666666666666666,19.166666666666668,19.833333333333332,49.5,4.166666666666667,11.333333333333334,7.166666666666667,7.5,17.333333333333332,5.333333333333333,17.0,14.333333333333334,0.6666666666666666,1.0,4,13,-9,2033.419082276445,1777.5798107685298,1612.0005275528713,1612.0005275528713
905,2017,3328,75,3211,62,0,23.6,58.0,5.4,16.6,10.4,13.6,17.0,7.6,19.2,29.0,65.2,7.2,16.6,14.6,17.0,15.4,8.8,21.0,-12.2,27.833333333333332,61.166666666666664,4.833333333333333,16.5,14.333333333333334,17.5,17.666666666666668,8.666666666666666,19.0,21.166666666666668,60.166666666666664,5.5,19.833333333333332,11.0,12.0,15.666666666666666,7.666666666666667,16.166666666666668,14.5,0.0,1.0,6,11,-5,2039.8410612606092,1852.9046392887317,1612.0005275528713,1612.0005275528713
906,2017,3332,71,3396,70,0,22.666666666666668,57.5,5.333333333333333,14.333333333333334,12.166666666666666,11.0,12.5,6.666666666666667,16.833333333333332,24.333333333333332,57.166666666666664,6.166666666666667,18.166666666666668,13.0,12.833333333333334,13.0,5.333333333333333,15.166666666666666,-4.833333333333333,24.166666666666668,61.833333333333336,7.666666666666667,22.166666666666668,11.166666666666666,12.666666666666666,12.5,5.166666666666667,17.5,25.5,58.166666666666664,5.0,16.166666666666668,11.833333333333334,13.166666666666666,15.0,7.166666666666667,15.833333333333334,-0.8333333333333334,0.6666666666666666,0.6666666666666666,10,7,3,1932.4248346223865,1884.8460091337,1612.0005275528713,1612.0005275528713
907,2017,3346,68,3266,65,0,23.833333333333332,58.0,7.0,21.0,13.333333333333334,13.0,13.333333333333334,8.166666666666666,17.333333333333332,18.666666666666668,54.833333333333336,4.333333333333333,15.666666666666666,9.833333333333334,10.833333333333334,15.166666666666666,8.166666666666666,18.833333333333332,14.166666666666666,29.0,60.166666666666664,6.5,16.833333333333332,8.5,14.666666666666666,11.5,4.0,12.5,27.5,71.16666666666667,7.666666666666667,26.5,12.833333333333334,15.5,10.333333333333334,5.5,17.0,10.5,1.0,1.0,12,5,7,1795.211849050624,1889.578847884826,1612.0005275528713,1612.0005275528713
908,2017,3390,72,3308,64,0,23.0,56.333333333333336,4.833333333333333,15.333333333333334,12.833333333333334,12.0,12.5,6.333333333333333,12.833333333333334,18.666666666666668,58.166666666666664,3.8333333333333335,14.0,12.5,9.166666666666666,12.166666666666666,5.666666666666667,15.333333333333334,11.833333333333334,24.666666666666668,53.666666666666664,8.666666666666666,20.166666666666668,11.0,16.166666666666668,15.833333333333334,6.833333333333333,17.5,20.166666666666668,58.333333333333336,3.0,15.0,14.0,7.333333333333333,11.833333333333334,9.0,15.5,12.833333333333334,1.0,1.0,2,15,-13,2227.367528310695,1639.7537187497612,1612.0005275528713,1612.0005275528713
909,2017,3393,85,3235,65,0,25.4,67.4,8.4,26.6,17.4,11.8,11.6,6.0,16.4,23.8,51.4,5.6,15.2,9.4,15.0,18.4,6.4,18.6,5.8,25.4,62.0,7.6,20.8,10.4,13.6,10.8,5.8,14.8,23.4,66.8,5.2,20.4,14.6,11.6,12.2,5.8,18.8,8.0,0.5,0.5,8,9,-1,2064.0044736884706,1882.6665958635715,1612.0005275528713,1612.0005275528713
910,2017,3397,66,3173,57,0,24.75,60.25,4.5,12.25,10.0,15.5,10.75,6.5,13.25,24.25,62.75,5.25,14.5,10.25,12.0,13.25,5.25,18.0,6.75,24.0,57.6,6.0,14.6,12.0,15.2,13.2,4.8,16.6,21.6,62.4,5.8,21.0,13.0,13.0,11.4,5.8,19.6,6.4,0.0,1.0,5,12,-7,2025.6496367677264,1841.2910937310876,1612.0005275528713,1612.0005275528713
911,2017,3401,63,3335,61,0,21.333333333333332,53.833333333333336,3.8333333333333335,8.166666666666666,10.333333333333334,12.333333333333334,13.166666666666666,6.166666666666667,13.833333333333334,25.0,56.5,4.5,15.333333333333334,10.333333333333334,15.0,13.666666666666666,5.333333333333333,17.0,-2.8333333333333335,21.5,56.5,6.375,18.375,12.5,11.875,11.25,5.75,12.5,18.125,56.625,4.625,19.5,11.625,10.0,12.0,5.875,15.75,9.0,0.6666666666666666,1.0,5,12,-7,1983.710100318552,1759.6521784799563,1612.0005275528713,1612.0005275528713
912,2017,3417,83,3129,56,1,24.6,62.2,5.6,20.2,12.4,12.0,12.0,8.8,17.0,21.0,55.4,4.6,16.8,11.0,11.4,15.4,7.0,15.8,8.8,26.25,63.625,6.375,17.75,12.125,14.0,12.0,7.125,13.875,20.625,56.0,5.5,18.375,10.875,12.375,15.875,6.0,13.75,10.25,0.5,1.0,4,13,-9,2072.888820503765,1692.7038360617978,1612.0005275528713,1612.0005275528713
913,2017,3449,91,3286,63,1,28.5,62.25,8.5,25.0,12.0,10.75,9.25,4.25,13.5,24.25,68.0,8.25,23.5,13.75,14.25,9.5,4.5,19.5,13.0,25.285714285714285,63.0,8.428571428571429,25.0,14.285714285714286,16.0,14.142857142857142,6.428571428571429,15.714285714285714,22.428571428571427,64.71428571428571,7.0,27.857142857142858,11.714285714285714,13.0,12.857142857142858,8.285714285714286,18.285714285714285,12.0,0.0,1.0,3,14,-11,2085.1141440309134,1652.0239490263657,1612.0005275528713,1612.0005275528713
914,2017,3199,77,3281,55,1,25.25,54.75,5.5,15.25,11.5,15.25,15.0,7.5,12.75,22.25,53.5,4.5,13.5,8.75,13.0,16.5,5.75,17.0,11.0,24.25,51.25,9.0,22.0,7.75,13.75,17.5,4.0,21.0,20.5,53.25,4.0,16.5,8.25,11.0,11.5,7.75,20.5,8.0,0.0,0.0,3,6,-3,2150.513460235944,1962.7366615911224,1612.0005275528713,1612.0005275528713
915,2017,3268,83,3452,56,1,33.4,64.8,8.6,20.0,14.0,19.8,16.0,7.8,15.6,28.4,62.4,7.6,18.8,12.0,13.4,16.8,8.2,16.8,11.0,25.0,59.42857142857143,6.714285714285714,20.0,11.285714285714286,14.571428571428571,15.428571428571429,6.714285714285714,17.714285714285715,22.571428571428573,59.714285714285715,4.857142857142857,16.857142857142858,11.285714285714286,9.571428571428571,14.428571428571429,8.571428571428571,16.142857142857142,6.0,1.0,1.0,3,6,-3,2304.0436705686016,2031.4892242189767,1612.0005275528713,1612.0005275528713
916,2017,3280,92,3177,71,1,25.0,56.833333333333336,3.8333333333333335,14.0,10.5,13.666666666666666,12.333333333333334,4.333333333333333,16.666666666666668,24.666666666666668,54.5,3.3333333333333335,6.833333333333333,8.833333333333334,11.166666666666666,11.833333333333334,5.166666666666667,17.0,1.1666666666666667,28.333333333333332,65.16666666666667,9.0,22.833333333333332,12.5,19.0,14.333333333333334,7.666666666666667,18.333333333333332,23.5,58.833333333333336,5.5,17.333333333333332,8.666666666666666,10.5,16.833333333333332,7.5,18.166666666666668,10.5,0.6666666666666666,0.6666666666666666,2,7,-5,2213.1888571640934,2040.9153787871733,1612.0005275528713,1612.0005275528713
917,2017,3323,88,3345,82,1,30.0,60.166666666666664,7.5,17.833333333333332,11.0,19.666666666666668,9.833333333333334,8.166666666666666,15.0,23.0,57.166666666666664,7.166666666666667,17.666666666666668,11.166666666666666,12.5,16.0,4.166666666666667,16.5,18.5,24.0,58.285714285714285,5.714285714285714,15.857142857142858,12.428571428571429,15.285714285714286,14.571428571428571,6.857142857142857,14.714285714285714,23.0,61.42857142857143,5.0,19.714285714285715,13.428571428571429,13.571428571428571,14.857142857142858,7.0,16.428571428571427,8.0,1.0,0.75,1,9,-8,2472.472098588968,1946.3917757128493,1612.0005275528713,1612.0005275528713
918,2017,3326,82,3246,68,-1,30.0,66.5,9.25,23.25,13.75,15.25,14.75,9.5,18.0,24.75,66.5,6.75,17.25,15.0,14.0,19.0,7.0,20.5,14.75,26.8,64.2,4.4,17.2,13.8,12.6,10.4,5.8,18.2,26.6,52.6,4.6,12.2,6.8,16.0,15.6,3.6,18.8,2.4,0.5,0.5,5,4,1,2144.9750086542044,2074.211904909848,1612.0005275528713,1612.0005275528713
919,2017,3333,64,3166,52,1,21.0,52.166666666666664,6.666666666666667,17.166666666666668,11.166666666666666,11.666666666666666,15.166666666666666,4.666666666666667,13.166666666666666,19.166666666666668,58.333333333333336,2.8333333333333335,13.833333333333334,11.5,8.5,10.166666666666666,7.166666666666667,14.0,8.833333333333334,23.8,58.2,6.6,23.6,9.8,14.6,9.8,3.8,16.0,22.2,54.2,4.0,12.6,7.8,12.6,9.8,5.8,16.8,6.2,0.6666666666666666,0.5,2,7,-5,2193.006218124692,1893.343796983586,1612.0005275528713,1612.0005275528713
920,2017,3376,71,3113,68,1,27.333333333333332,54.0,3.6666666666666665,10.666666666666666,7.166666666666667,14.5,11.5,7.833333333333333,15.666666666666666,24.5,61.666666666666664,4.333333333333333,17.333333333333332,13.0,11.5,14.333333333333334,3.8333333333333335,19.0,11.333333333333334,22.0,50.0,3.8,10.8,11.2,14.6,15.6,8.4,16.0,21.8,54.0,4.8,16.2,9.2,11.8,14.8,9.4,20.2,5.2,1.0,0.5,1,8,-7,2347.8180319626213,1988.254746443512,1612.0005275528713,1612.0005275528713
921,2017,3400,84,3301,80,1,26.333333333333332,67.66666666666667,3.6666666666666665,11.5,16.0,11.833333333333334,13.0,7.666666666666667,21.166666666666668,22.833333333333332,57.166666666666664,4.666666666666667,13.666666666666666,10.333333333333334,10.333333333333334,14.333333333333334,6.333333333333333,18.0,1.3333333333333333,24.75,60.75,6.5,18.25,13.5,12.75,9.75,5.75,19.0,21.75,55.75,5.5,15.75,13.25,9.0,14.5,4.0,18.75,4.5,0.6666666666666666,0.0,3,6,-3,2176.7364114495736,1958.9909433621417,1612.0005275528713,1612.0005275528713
922,2017,3124,86,3143,46,1,32.42857142857143,65.71428571428571,4.714285714285714,10.571428571428571,15.714285714285714,18.571428571428573,14.428571428571429,5.0,17.142857142857142,22.714285714285715,65.42857142857143,8.0,23.571428571428573,11.285714285714286,11.285714285714286,11.0,5.428571428571429,18.857142857142858,20.0,21.8,54.0,3.6,14.4,9.4,11.6,14.6,5.8,14.0,23.8,56.8,5.4,16.8,10.2,14.2,12.4,7.6,15.2,-6.0,0.75,0.5,1,9,-8,2380.896892548367,1879.1227132722108,1612.0005275528713,1612.0005275528713
923,2017,3163,94,3393,64,1,33.142857142857146,60.714285714285715,9.142857142857142,22.285714285714285,10.571428571428571,23.142857142857142,11.714285714285714,9.714285714285714,10.0,21.857142857142858,62.0,5.857142857142857,18.285714285714285,11.285714285714286,10.0,16.857142857142858,5.142857142857143,16.142857142857142,35.0,25.4,67.4,8.4,26.6,17.4,11.8,11.6,6.0,16.4,23.8,51.4,5.6,15.2,9.4,15.0,18.4,6.4,18.6,5.8,1.0,0.5,1,8,-7,2654.01206199974,2064.0044736884706,1612.0005275528713,1612.0005275528713
924,2017,3257,75,3397,64,1,27.0,57.833333333333336,6.333333333333333,17.333333333333332,12.333333333333334,14.666666666666666,16.0,5.333333333333333,16.833333333333332,19.333333333333332,57.666666666666664,5.833333333333333,18.666666666666668,12.0,8.833333333333334,14.666666666666666,7.666666666666667,18.0,13.666666666666666,24.75,60.25,4.5,12.25,10.0,15.5,10.75,6.5,13.25,24.25,62.75,5.25,14.5,10.25,12.0,13.25,5.25,18.0,6.75,0.6666666666666666,0.0,4,5,-1,2160.277934697406,2025.6496367677264,1612.0005275528713,1612.0005275528713
925,2017,3332,74,3181,65,-1,22.666666666666668,57.5,5.333333333333333,14.333333333333334,12.166666666666666,11.0,12.5,6.666666666666667,16.833333333333332,24.333333333333332,57.166666666666664,6.166666666666667,18.166666666666668,13.0,12.833333333333334,13.0,5.333333333333333,15.166666666666666,-4.833333333333333,26.2,54.0,6.0,12.6,9.8,16.4,16.6,6.6,15.4,23.4,63.2,7.4,25.2,11.8,13.2,11.8,6.4,15.6,8.2,0.6666666666666666,0.6666666666666666,10,2,8,1932.4248346223865,2135.684638508152,1612.0005275528713,1612.0005275528713
926,2017,3346,85,3274,78,-1,23.833333333333332,58.0,7.0,21.0,13.333333333333334,13.0,13.333333333333334,8.166666666666666,17.333333333333332,18.666666666666668,54.833333333333336,4.333333333333333,15.666666666666666,9.833333333333334,10.833333333333334,15.166666666666666,8.166666666666666,18.833333333333332,14.166666666666666,26.833333333333332,61.333333333333336,3.6666666666666665,15.666666666666666,12.333333333333334,12.666666666666666,13.166666666666666,7.166666666666667,19.5,24.0,58.666666666666664,5.5,15.333333333333334,14.166666666666666,11.666666666666666,15.5,6.0,19.5,2.5,1.0,0.6666666666666666,12,4,8,1795.211849050624,2033.419082276445,1612.0005275528713,1612.0005275528713
927,2017,3390,69,3243,48,-1,23.0,56.333333333333336,4.833333333333333,15.333333333333334,12.833333333333334,12.0,12.5,6.333333333333333,12.833333333333334,18.666666666666668,58.166666666666664,3.8333333333333335,14.0,12.5,9.166666666666666,12.166666666666666,5.666666666666667,15.333333333333334,11.833333333333334,23.166666666666668,60.166666666666664,5.833333333333333,19.166666666666668,13.666666666666666,14.166666666666666,14.833333333333334,10.166666666666666,15.166666666666666,26.333333333333332,62.5,5.0,17.5,12.666666666666666,18.0,16.333333333333332,8.666666666666666,20.833333333333332,0.0,1.0,0.3333333333333333,2,7,-5,2227.367528310695,1996.277925115684,1612.0005275528713,1612.0005275528713
928,2017,3417,75,3401,43,1,24.6,62.2,5.6,20.2,12.4,12.0,12.0,8.8,17.0,21.0,55.4,4.6,16.8,11.0,11.4,15.4,7.0,15.8,8.8,21.333333333333332,53.833333333333336,3.8333333333333335,8.166666666666666,10.333333333333334,12.333333333333334,13.166666666666666,6.166666666666667,13.833333333333334,25.0,56.5,4.5,15.333333333333334,10.333333333333334,15.0,13.666666666666666,5.333333333333333,17.0,-2.8333333333333335,0.5,0.6666666666666666,4,5,-1,2072.888820503765,1983.710100318552,1612.0005275528713,1612.0005275528713
929,2017,3449,108,3328,82,1,28.5,62.25,8.5,25.0,12.0,10.75,9.25,4.25,13.5,24.25,68.0,8.25,23.5,13.75,14.25,9.5,4.5,19.5,13.0,23.6,58.0,5.4,16.6,10.4,13.6,17.0,7.6,19.2,29.0,65.2,7.2,16.6,14.6,17.0,15.4,8.8,21.0,-12.2,0.0,0.0,3,6,-3,2085.1141440309134,2039.8410612606092,1612.0005275528713,1612.0005275528713
930,2017,3124,97,3257,63,0,32.42857142857143,65.71428571428571,4.714285714285714,10.571428571428571,15.714285714285714,18.571428571428573,14.428571428571429,5.0,17.142857142857142,22.714285714285715,65.42857142857143,8.0,23.571428571428573,11.285714285714286,11.285714285714286,11.0,5.428571428571429,18.857142857142858,20.0,27.0,57.833333333333336,6.333333333333333,17.333333333333332,12.333333333333334,14.666666666666666,16.0,5.333333333333333,16.833333333333332,19.333333333333332,57.666666666666664,5.833333333333333,18.666666666666668,12.0,8.833333333333334,14.666666666666666,7.666666666666667,18.0,13.666666666666666,0.75,0.6666666666666666,1,4,-3,2380.896892548367,2160.277934697406,1612.0005275528713,1612.0005275528713
931,2017,3280,75,3449,64,0,25.0,56.833333333333336,3.8333333333333335,14.0,10.5,13.666666666666666,12.333333333333334,4.333333333333333,16.666666666666668,24.666666666666668,54.5,3.3333333333333335,6.833333333333333,8.833333333333334,11.166666666666666,11.833333333333334,5.166666666666667,17.0,1.1666666666666667,28.5,62.25,8.5,25.0,12.0,10.75,9.25,4.25,13.5,24.25,68.0,8.25,23.5,13.75,14.25,9.5,4.5,19.5,13.0,0.6666666666666666,0.0,2,3,-1,2213.1888571640934,2085.1141440309134,1612.0005275528713,1612.0005275528713
932,2017,3323,99,3326,76,0,30.0,60.166666666666664,7.5,17.833333333333332,11.0,19.666666666666668,9.833333333333334,8.166666666666666,15.0,23.0,57.166666666666664,7.166666666666667,17.666666666666668,11.166666666666666,12.5,16.0,4.166666666666667,16.5,18.5,30.0,66.5,9.25,23.25,13.75,15.25,14.75,9.5,18.0,24.75,66.5,6.75,17.25,15.0,14.0,19.0,7.0,20.5,14.75,1.0,0.5,1,5,-4,2472.472098588968,2144.9750086542044,1612.0005275528713,1612.0005275528713
933,2017,3390,77,3400,66,0,23.0,56.333333333333336,4.833333333333333,15.333333333333334,12.833333333333334,12.0,12.5,6.333333333333333,12.833333333333334,18.666666666666668,58.166666666666664,3.8333333333333335,14.0,12.5,9.166666666666666,12.166666666666666,5.666666666666667,15.333333333333334,11.833333333333334,26.333333333333332,67.66666666666667,3.6666666666666665,11.5,16.0,11.833333333333334,13.0,7.666666666666667,21.166666666666668,22.833333333333332,57.166666666666664,4.666666666666667,13.666666666666666,10.333333333333334,10.333333333333334,14.333333333333334,6.333333333333333,18.0,1.3333333333333333,1.0,0.6666666666666666,2,3,-1,2227.367528310695,2176.7364114495736,1612.0005275528713,1612.0005275528713
934,2017,3163,86,3417,71,1,33.142857142857146,60.714285714285715,9.142857142857142,22.285714285714285,10.571428571428571,23.142857142857142,11.714285714285714,9.714285714285714,10.0,21.857142857142858,62.0,5.857142857142857,18.285714285714285,11.285714285714286,10.0,16.857142857142858,5.142857142857143,16.142857142857142,35.0,24.6,62.2,5.6,20.2,12.4,12.0,12.0,8.8,17.0,21.0,55.4,4.6,16.8,11.0,11.4,15.4,7.0,15.8,8.8,1.0,0.5,1,4,-3,2654.01206199974,2072.888820503765,1612.0005275528713,1612.0005275528713
935,2017,3199,66,3333,53,0,25.25,54.75,5.5,15.25,11.5,15.25,15.0,7.5,12.75,22.25,53.5,4.5,13.5,8.75,13.0,16.5,5.75,17.0,11.0,21.0,52.166666666666664,6.666666666666667,17.166666666666668,11.166666666666666,11.666666666666666,15.166666666666666,4.666666666666667,13.166666666666666,19.166666666666668,58.333333333333336,2.8333333333333335,13.833333333333334,11.5,8.5,10.166666666666666,7.166666666666667,14.0,8.833333333333334,0.0,0.6666666666666666,3,2,1,2150.513460235944,2193.006218124692,1612.0005275528713,1612.0005275528713
936,2017,3332,77,3268,63,0,22.666666666666668,57.5,5.333333333333333,14.333333333333334,12.166666666666666,11.0,12.5,6.666666666666667,16.833333333333332,24.333333333333332,57.166666666666664,6.166666666666667,18.166666666666668,13.0,12.833333333333334,13.0,5.333333333333333,15.166666666666666,-4.833333333333333,33.4,64.8,8.6,20.0,14.0,19.8,16.0,7.8,15.6,28.4,62.4,7.6,18.8,12.0,13.4,16.8,8.2,16.8,11.0,0.6666666666666666,1.0,10,3,7,1932.4248346223865,2304.0436705686016,1612.0005275528713,1612.0005275528713
937,2017,3376,100,3346,58,0,27.333333333333332,54.0,3.6666666666666665,10.666666666666666,7.166666666666667,14.5,11.5,7.833333333333333,15.666666666666666,24.5,61.666666666666664,4.333333333333333,17.333333333333332,13.0,11.5,14.333333333333334,3.8333333333333335,19.0,11.333333333333334,23.833333333333332,58.0,7.0,21.0,13.333333333333334,13.0,13.333333333333334,8.166666666666666,17.333333333333332,18.666666666666668,54.833333333333336,4.333333333333333,15.666666666666666,9.833333333333334,10.833333333333334,15.166666666666666,8.166666666666666,18.833333333333332,14.166666666666666,1.0,1.0,1,12,-11,2347.8180319626213,1795.211849050624,1612.0005275528713,1612.0005275528713
938,2017,3280,94,3124,85,0,25.0,56.833333333333336,3.8333333333333335,14.0,10.5,13.666666666666666,12.333333333333334,4.333333333333333,16.666666666666668,24.666666666666668,54.5,3.3333333333333335,6.833333333333333,8.833333333333334,11.166666666666666,11.833333333333334,5.166666666666667,17.0,1.1666666666666667,32.42857142857143,65.71428571428571,4.714285714285714,10.571428571428571,15.714285714285714,18.571428571428573,14.428571428571429,5.0,17.142857142857142,22.714285714285715,65.42857142857143,8.0,23.571428571428573,11.285714285714286,11.285714285714286,11.0,5.428571428571429,18.857142857142858,20.0,0.6666666666666666,0.75,2,1,1,2213.1888571640934,2380.896892548367,1612.0005275528713,1612.0005275528713
939,2017,3390,76,3323,75,0,23.0,56.333333333333336,4.833333333333333,15.333333333333334,12.833333333333334,12.0,12.5,6.333333333333333,12.833333333333334,18.666666666666668,58.166666666666664,3.8333333333333335,14.0,12.5,9.166666666666666,12.166666666666666,5.666666666666667,15.333333333333334,11.833333333333334,30.0,60.166666666666664,7.5,17.833333333333332,11.0,19.666666666666668,9.833333333333334,8.166666666666666,15.0,23.0,57.166666666666664,7.166666666666667,17.666666666666668,11.166666666666666,12.5,16.0,4.166666666666667,16.5,18.5,1.0,1.0,2,1,1,2227.367528310695,2472.472098588968,1612.0005275528713,1612.0005275528713
940,2017,3163,90,3332,52,1,33.142857142857146,60.714285714285715,9.142857142857142,22.285714285714285,10.571428571428571,23.142857142857142,11.714285714285714,9.714285714285714,10.0,21.857142857142858,62.0,5.857142857142857,18.285714285714285,11.285714285714286,10.0,16.857142857142858,5.142857142857143,16.142857142857142,35.0,22.666666666666668,57.5,5.333333333333333,14.333333333333334,12.166666666666666,11.0,12.5,6.666666666666667,16.833333333333332,24.333333333333332,57.166666666666664,6.166666666666667,18.166666666666668,13.0,12.833333333333334,13.0,5.333333333333333,15.166666666666666,-4.833333333333333,1.0,0.6666666666666666,1,10,-9,2654.01206199974,1932.4248346223865,1612.0005275528713,1612.0005275528713
941,2017,3376,71,3199,64,0,27.333333333333332,54.0,3.6666666666666665,10.666666666666666,7.166666666666667,14.5,11.5,7.833333333333333,15.666666666666666,24.5,61.666666666666664,4.333333333333333,17.333333333333332,13.0,11.5,14.333333333333334,3.8333333333333335,19.0,11.333333333333334,25.25,54.75,5.5,15.25,11.5,15.25,15.0,7.5,12.75,22.25,53.5,4.5,13.5,8.75,13.0,16.5,5.75,17.0,11.0,1.0,0.0,1,3,-2,2347.8180319626213,2150.513460235944,1612.0005275528713,1612.0005275528713
942,2017,3280,66,3163,64,0,25.0,56.833333333333336,3.8333333333333335,14.0,10.5,13.666666666666666,12.333333333333334,4.333333333333333,16.666666666666668,24.666666666666668,54.5,3.3333333333333335,6.833333333333333,8.833333333333334,11.166666666666666,11.833333333333334,5.166666666666667,17.0,1.1666666666666667,33.142857142857146,60.714285714285715,9.142857142857142,22.285714285714285,10.571428571428571,23.142857142857142,11.714285714285714,9.714285714285714,10.0,21.857142857142858,62.0,5.857142857142857,18.285714285714285,11.285714285714286,10.0,16.857142857142858,5.142857142857143,16.142857142857142,35.0,0.6666666666666666,1.0,2,1,1,2213.1888571640934,2654.01206199974,1612.0005275528713,1612.0005275528713
943,2017,3376,62,3390,53,0,27.333333333333332,54.0,3.6666666666666665,10.666666666666666,7.166666666666667,14.5,11.5,7.833333333333333,15.666666666666666,24.5,61.666666666666664,4.333333333333333,17.333333333333332,13.0,11.5,14.333333333333334,3.8333333333333335,19.0,11.333333333333334,23.0,56.333333333333336,4.833333333333333,15.333333333333334,12.833333333333334,12.0,12.5,6.333333333333333,12.833333333333334,18.666666666666668,58.166666666666664,3.8333333333333335,14.0,12.5,9.166666666666666,12.166666666666666,5.666666666666667,15.333333333333334,11.833333333333334,1.0,1.0,1,2,-1,2347.8180319626213,2227.367528310695,1612.0005275528713,1612.0005275528713
944,2017,3376,67,3280,55,0,27.333333333333332,54.0,3.6666666666666665,10.666666666666666,7.166666666666667,14.5,11.5,7.833333333333333,15.666666666666666,24.5,61.666666666666664,4.333333333333333,17.333333333333332,13.0,11.5,14.333333333333334,3.8333333333333335,19.0,11.333333333333334,25.0,56.833333333333336,3.8333333333333335,14.0,10.5,13.666666666666666,12.333333333333334,4.333333333333333,16.666666666666668,24.666666666666668,54.5,3.3333333333333335,6.833333333333333,8.833333333333334,11.166666666666666,11.833333333333334,5.166666666666667,17.0,1.1666666666666667,1.0,0.6666666666666666,1,2,-1,2347.8180319626213,2213.1888571640934,1612.0005275528713,1612.0005275528713
945,2017,3277,61,3113,73,0,29.0,63.0,8.0,20.5,11.166666666666666,17.5,12.833333333333334,5.5,20.166666666666668,27.166666666666668,63.333333333333336,4.833333333333333,16.666666666666668,12.5,14.0,11.666666666666666,6.333333333333333,16.5,5.166666666666667,22.0,50.0,3.8,10.8,11.2,14.6,15.6,8.4,16.0,21.8,54.0,4.8,16.2,9.2,11.8,14.8,9.4,20.2,5.2,0.6666666666666666,0.5,9,8,1,1963.5788727942252,1988.254746443512,1612.0005275528713,1612.0005275528713
946,2017,3405,49,3166,76,0,26.333333333333332,62.22222222222222,4.222222222222222,15.11111111111111,13.333333333333334,15.333333333333334,15.88888888888889,7.555555555555555,17.555555555555557,23.0,63.55555555555556,4.444444444444445,19.444444444444443,12.666666666666666,11.222222222222221,15.666666666666666,6.666666666666667,19.333333333333332,7.666666666666667,23.8,58.2,6.6,23.6,9.8,14.6,9.8,3.8,16.0,22.2,54.2,4.0,12.6,7.8,12.6,9.8,5.8,16.8,6.2,1.0,0.5,10,7,3,1715.366695135551,1893.343796983586,1612.0005275528713,1612.0005275528713
947,2017,3320,67,3177,88,0,22.857142857142858,62.42857142857143,7.714285714285714,25.142857142857142,16.714285714285715,14.142857142857142,13.285714285714286,8.142857142857142,15.285714285714286,22.428571428571427,54.0,5.0,16.0,9.571428571428571,11.142857142857142,18.857142857142858,6.142857142857143,19.428571428571427,9.142857142857142,28.333333333333332,65.16666666666667,9.0,22.833333333333332,12.5,19.0,14.333333333333334,7.666666666666667,18.333333333333332,23.5,58.833333333333336,5.5,17.333333333333332,8.666666666666666,10.5,16.833333333333332,7.5,18.166666666666668,10.5,0.8,0.6666666666666666,10,7,3,1732.8660923000132,2040.9153787871733,1612.0005275528713,1612.0005275528713
948,2017,3442,66,3199,87,-1,27.6,63.6,11.4,29.6,11.2,18.4,10.0,9.8,14.6,22.8,58.4,7.4,21.0,10.0,15.6,18.2,5.8,18.6,17.0,25.25,54.75,5.5,15.25,11.5,15.25,15.0,7.5,12.75,22.25,53.5,4.5,13.5,8.75,13.0,16.5,5.75,17.0,11.0,1.0,0.0,14,3,11,1608.576581458898,2150.513460235944,1612.0005275528713,1612.0005275528713
949,2017,3125,70,3246,73,-1,29.8,63.6,9.4,25.2,14.4,19.0,13.4,3.8,14.2,26.6,68.0,4.0,15.8,10.0,12.4,9.6,5.0,21.2,20.4,26.8,64.2,4.4,17.2,13.8,12.6,10.4,5.8,18.2,26.6,52.6,4.6,12.2,6.8,16.0,15.6,3.6,18.8,2.4,1.0,0.5,13,4,9,1639.7691856077436,2074.211904909848,1612.0005275528713,1612.0005275528713
950,2017,3137,61,3268,103,-1,25.142857142857142,53.714285714285715,7.857142857142857,19.857142857142858,7.428571428571429,14.857142857142858,12.714285714285714,5.428571428571429,14.142857142857142,23.428571428571427,62.142857142857146,6.285714285714286,18.857142857142858,10.428571428571429,14.142857142857142,11.285714285714286,7.285714285714286,19.142857142857142,11.428571428571429,33.4,64.8,8.6,20.0,14.0,19.8,16.0,7.8,15.6,28.4,62.4,7.6,18.8,12.0,13.4,16.8,8.2,16.8,11.0,1.0,1.0,14,3,11,1671.4586041619457,2304.0436705686016,1612.0005275528713,1612.0005275528713
951,2017,3407,69,3280,110,-1,27.375,72.75,5.875,22.875,21.875,12.0,19.25,8.5,24.25,24.25,62.375,4.875,18.25,11.0,14.125,18.625,9.125,23.75,10.25,25.0,56.833333333333336,3.8333333333333335,14.0,10.5,13.666666666666666,12.333333333333334,4.333333333333333,16.666666666666668,24.666666666666668,54.5,3.3333333333333335,6.833333333333333,8.833333333333334,11.166666666666666,11.833333333333334,5.166666666666667,17.0,1.1666666666666667,0.8,0.6666666666666666,15,2,13,1536.2212990363362,2213.1888571640934,1612.0005275528713,1612.0005275528713
952,2017,3378,64,3281,66,0,25.571428571428573,59.714285714285715,5.714285714285714,16.857142857142858,13.142857142857142,11.285714285714286,12.285714285714286,3.4285714285714284,12.714285714285714,27.714285714285715,62.0,7.428571428571429,19.714285714285715,10.142857142857142,17.142857142857142,9.571428571428571,5.571428571428571,16.857142857142858,-3.2857142857142856,24.25,51.25,9.0,22.0,7.75,13.75,17.5,4.0,21.0,20.5,53.25,4.0,16.5,8.25,11.0,11.5,7.75,20.5,8.0,0.5,0.0,11,6,5,1950.817905184552,1962.7366615911224,1612.0005275528713,1612.0005275528713
953,2017,3120,48,3301,62,0,21.75,68.5,5.25,22.0,16.0,13.25,11.0,10.25,19.5,20.25,53.75,5.0,16.5,14.5,11.0,22.5,6.0,16.0,1.25,24.75,60.75,6.5,18.25,13.5,12.75,9.75,5.75,19.0,21.75,55.75,5.5,15.75,13.25,9.0,14.5,4.0,18.75,4.5,0.0,0.0,11,6,5,1823.4467171098304,1958.9909433621417,1612.0005275528713,1612.0005275528713
954,2017,3352,49,3323,79,-1,23.142857142857142,54.0,5.285714285714286,14.714285714285714,10.428571428571429,14.428571428571429,15.714285714285714,8.571428571428571,18.428571428571427,18.142857142857142,54.57142857142857,2.4285714285714284,15.0,11.857142857142858,8.571428571428571,17.142857142857142,7.571428571428571,18.714285714285715,14.0,30.0,60.166666666666664,7.5,17.833333333333332,11.0,19.666666666666668,9.833333333333334,8.166666666666666,15.0,23.0,57.166666666666664,7.166666666666667,17.666666666666668,11.166666666666666,12.5,16.0,4.166666666666667,16.5,18.5,1.0,1.0,16,1,15,1417.861431810165,2472.472098588968,1612.0005275528713,1612.0005275528713
955,2017,3443,63,3326,70,0,25.625,57.375,7.75,19.25,13.5,13.75,8.625,8.875,15.0,22.5,50.5,5.125,15.875,11.875,12.125,16.25,4.25,19.0,13.0,30.0,66.5,9.25,23.25,13.75,15.25,14.75,9.5,18.0,24.75,66.5,6.75,17.25,15.0,14.0,19.0,7.0,20.5,14.75,1.0,0.5,12,5,7,1850.312748829064,2144.9750086542044,1612.0005275528713,1612.0005275528713
956,2017,3253,55,3333,56,-1,23.428571428571427,58.285714285714285,8.0,22.142857142857142,11.857142857142858,11.857142857142858,13.142857142857142,9.714285714285714,20.857142857142858,20.142857142857142,51.857142857142854,6.285714285714286,20.285714285714285,13.857142857142858,11.285714285714286,21.0,6.428571428571429,18.428571428571427,5.142857142857143,21.0,52.166666666666664,6.666666666666667,17.166666666666668,11.166666666666666,11.666666666666666,15.166666666666666,4.666666666666667,13.166666666666666,19.166666666666668,58.333333333333336,2.8333333333333335,13.833333333333334,11.5,8.5,10.166666666666666,7.166666666666667,14.0,8.833333333333334,0.75,0.6666666666666666,15,2,13,1655.6238702265243,2193.006218124692,1612.0005275528713,1612.0005275528713
957,2017,3453,62,3345,74,0,25.0,54.333333333333336,7.333333333333333,19.666666666666668,12.666666666666666,14.333333333333334,14.5,11.0,15.5,17.5,45.166666666666664,6.833333333333333,20.0,6.5,9.666666666666666,21.5,5.333333333333333,19.166666666666668,21.0,24.0,58.285714285714285,5.714285714285714,15.857142857142858,12.428571428571429,15.285714285714286,14.571428571428571,6.857142857142857,14.714285714285714,23.0,61.42857142857143,5.0,19.714285714285715,13.428571428571429,13.571428571428571,14.857142857142858,7.0,16.428571428571427,8.0,1.0,0.75,8,9,-1,1880.814071506093,1946.3917757128493,1612.0005275528713,1612.0005275528713
958,2017,3421,40,3376,90,-1,24.0,55.55555555555556,5.444444444444445,14.444444444444445,14.0,11.11111111111111,11.777777777777779,5.111111111111111,13.222222222222221,21.666666666666668,53.44444444444444,5.333333333333333,14.333333333333334,8.333333333333334,11.444444444444445,11.88888888888889,4.666666666666667,18.77777777777778,9.222222222222221,27.333333333333332,54.0,3.6666666666666665,10.666666666666666,7.166666666666667,14.5,11.5,7.833333333333333,15.666666666666666,24.5,61.666666666666664,4.333333333333333,17.333333333333332,13.0,11.5,14.333333333333334,3.8333333333333335,19.0,11.333333333333334,1.0,1.0,16,1,15,1377.94521054159,2347.8180319626213,1612.0005275528713,1612.0005275528713
959,2017,3146,50,3400,78,-1,26.833333333333332,56.833333333333336,3.6666666666666665,10.0,13.166666666666666,13.333333333333334,11.333333333333334,6.166666666666667,17.833333333333332,15.5,48.333333333333336,3.8333333333333335,13.666666666666666,9.5,6.166666666666667,15.166666666666666,4.166666666666667,18.5,20.666666666666668,26.333333333333332,67.66666666666667,3.6666666666666665,11.5,16.0,11.833333333333334,13.0,7.666666666666667,21.166666666666668,22.833333333333332,57.166666666666664,4.666666666666667,13.666666666666666,10.333333333333334,10.333333333333334,14.333333333333334,6.333333333333333,18.0,1.3333333333333333,1.0,0.6666666666666666,14,3,11,1609.0397158635858,2176.7364114495736,1612.0005275528713,1612.0005275528713
960,2017,3189,62,3452,75,0,27.428571428571427,57.857142857142854,4.428571428571429,12.285714285714286,14.428571428571429,14.142857142857142,14.428571428571429,7.714285714285714,17.428571428571427,18.428571428571427,60.0,4.142857142857143,16.0,13.428571428571429,9.428571428571429,14.142857142857142,8.142857142857142,21.714285714285715,20.285714285714285,25.0,59.42857142857143,6.714285714285714,20.0,11.285714285714286,14.571428571428571,15.428571428571429,6.714285714285714,17.714285714285715,22.571428571428573,59.714285714285715,4.857142857142857,16.857142857142858,11.285714285714286,9.571428571428571,14.428571428571429,8.571428571428571,16.142857142857142,6.0,1.0,1.0,11,6,5,1785.508808441554,2031.4892242189767,1612.0005275528713,1612.0005275528713
961,2017,3411,30,3124,119,-1,23.11111111111111,52.77777777777778,3.888888888888889,12.444444444444445,11.444444444444445,11.88888888888889,18.11111111111111,7.666666666666667,16.333333333333332,19.555555555555557,60.44444444444444,2.888888888888889,13.11111111111111,12.777777777777779,10.444444444444445,14.222222222222221,8.0,18.0,9.222222222222221,32.42857142857143,65.71428571428571,4.714285714285714,10.571428571428571,15.714285714285714,18.571428571428573,14.428571428571429,5.0,17.142857142857142,22.714285714285715,65.42857142857143,8.0,23.571428571428573,11.285714285714286,11.285714285714286,11.0,5.428571428571429,18.857142857142858,20.0,1.0,0.75,16,1,15,1401.6220740923306,2380.896892548367,1612.0005275528713,1612.0005275528713
962,2017,3261,52,3143,55,0,22.8,52.6,1.6,5.6,11.6,12.4,16.8,8.4,16.8,22.6,54.8,4.0,17.4,10.8,13.6,15.4,8.0,19.6,-1.0,21.8,54.0,3.6,14.4,9.4,11.6,14.6,5.8,14.0,23.8,56.8,5.4,16.8,10.2,14.2,12.4,7.6,15.2,-6.0,0.5,0.5,8,9,-1,1868.7976042027435,1879.1227132722108,1612.0005275528713,1612.0005275528713
963,2017,3107,55,3163,116,-1,25.5,59.333333333333336,6.0,16.5,14.0,16.166666666666668,19.166666666666668,12.0,16.166666666666668,19.0,54.666666666666664,6.333333333333333,21.833333333333332,12.333333333333334,12.833333333333334,21.5,9.166666666666666,18.0,10.5,33.142857142857146,60.714285714285715,9.142857142857142,22.285714285714285,10.571428571428571,23.142857142857142,11.714285714285714,9.714285714285714,10.0,21.857142857142858,62.0,5.857142857142857,18.285714285714285,11.285714285714286,10.0,16.857142857142858,5.142857142857143,16.142857142857142,35.0,1.0,1.0,16,1,15,1638.184110904067,2654.01206199974,1612.0005275528713,1612.0005275528713
964,2017,3214,31,3181,94,-1,21.75,58.25,4.375,15.125,12.625,12.625,17.125,12.5,21.0,20.25,54.375,4.25,15.875,14.0,10.875,22.875,9.0,20.125,2.0,26.2,54.0,6.0,12.6,9.8,16.4,16.6,6.6,15.4,23.4,63.2,7.4,25.2,11.8,13.2,11.8,6.4,15.6,8.2,1.0,0.6666666666666666,15,2,13,1460.1031279471267,2135.684638508152,1612.0005275528713,1612.0005275528713
965,2017,3179,54,3243,67,-1,30.857142857142858,63.57142857142857,8.714285714285714,22.428571428571427,11.857142857142858,21.714285714285715,14.142857142857142,10.857142857142858,18.714285714285715,23.0,63.57142857142857,7.285714285714286,25.0,15.857142857142858,12.428571428571429,16.857142857142858,6.142857142857143,19.285714285714285,18.142857142857142,23.166666666666668,60.166666666666664,5.833333333333333,19.166666666666668,13.666666666666666,14.166666666666666,14.833333333333334,10.166666666666666,15.166666666666666,26.333333333333332,62.5,5.0,17.5,12.666666666666666,18.0,16.333333333333332,8.666666666666666,20.833333333333332,0.0,1.0,0.3333333333333333,10,7,3,1827.9127284800377,1996.277925115684,1612.0005275528713,1612.0005275528713
966,2017,3151,62,3257,82,-1,25.833333333333332,55.0,6.333333333333333,17.333333333333332,12.0,15.0,9.5,7.0,7.166666666666667,20.333333333333332,54.0,5.666666666666667,15.333333333333334,9.0,11.166666666666666,11.833333333333334,5.0,16.666666666666668,20.5,27.0,57.833333333333336,6.333333333333333,17.333333333333332,12.333333333333334,14.666666666666666,16.0,5.333333333333333,16.833333333333332,19.333333333333332,57.666666666666664,5.833333333333333,18.666666666666668,12.0,8.833333333333334,14.666666666666666,7.666666666666667,18.0,13.666666666666666,1.0,0.6666666666666666,13,4,9,1778.4953016795264,2160.277934697406,1612.0005275528713,1612.0005275528713
967,2017,3195,60,3274,62,-1,25.5,60.0,8.0,25.5,12.0,12.333333333333334,11.333333333333334,8.666666666666666,19.166666666666668,19.833333333333332,49.5,4.166666666666667,11.333333333333334,7.166666666666667,7.5,17.333333333333332,5.333333333333333,17.0,14.333333333333334,26.833333333333332,61.333333333333336,3.6666666666666665,15.666666666666666,12.333333333333334,12.666666666666666,13.166666666666666,7.166666666666667,19.5,24.0,58.666666666666664,5.5,15.333333333333334,14.166666666666666,11.666666666666666,15.5,6.0,19.5,2.5,1.0,0.6666666666666666,13,4,9,1777.5798107685298,2033.419082276445,1612.0005275528713,1612.0005275528713
968,2017,3211,62,3328,75,0,27.833333333333332,61.166666666666664,4.833333333333333,16.5,14.333333333333334,17.5,17.666666666666668,8.666666666666666,19.0,21.166666666666668,60.166666666666664,5.5,19.833333333333332,11.0,12.0,15.666666666666666,7.666666666666667,16.166666666666668,14.5,23.6,58.0,5.4,16.6,10.4,13.6,17.0,7.6,19.2,29.0,65.2,7.2,16.6,14.6,17.0,15.4,8.8,21.0,-12.2,1.0,0.0,11,6,5,1852.9046392887317,2039.8410612606092,1612.0005275528713,1612.0005275528713
969,2017,3396,70,3332,71,0,24.166666666666668,61.833333333333336,7.666666666666667,22.166666666666668,11.166666666666666,12.666666666666666,12.5,5.166666666666667,17.5,25.5,58.166666666666664,5.0,16.166666666666668,11.833333333333334,13.166666666666666,15.0,7.166666666666667,15.833333333333334,-0.8333333333333334,22.666666666666668,57.5,5.333333333333333,14.333333333333334,12.166666666666666,11.0,12.5,6.666666666666667,16.833333333333332,24.333333333333332,57.166666666666664,6.166666666666667,18.166666666666668,13.0,12.833333333333334,13.0,5.333333333333333,15.166666666666666,-4.833333333333333,0.6666666666666666,0.6666666666666666,7,10,-3,1884.8460091337,1932.4248346223865,1612.0005275528713,1612.0005275528713
970,2017,3266,65,3346,68,0,29.0,60.166666666666664,6.5,16.833333333333332,8.5,14.666666666666666,11.5,4.0,12.5,27.5,71.16666666666667,7.666666666666667,26.5,12.833333333333334,15.5,10.333333333333334,5.5,17.0,10.5,23.833333333333332,58.0,7.0,21.0,13.333333333333334,13.0,13.333333333333334,8.166666666666666,17.333333333333332,18.666666666666668,54.833333333333336,4.333333333333333,15.666666666666666,9.833333333333334,10.833333333333334,15.166666666666666,8.166666666666666,18.833333333333332,14.166666666666666,1.0,1.0,5,12,-7,1889.578847884826,1795.211849050624,1612.0005275528713,1612.0005275528713
971,2017,3308,64,3390,72,0,24.666666666666668,53.666666666666664,8.666666666666666,20.166666666666668,11.0,16.166666666666668,15.833333333333334,6.833333333333333,17.5,20.166666666666668,58.333333333333336,3.0,15.0,14.0,7.333333333333333,11.833333333333334,9.0,15.5,12.833333333333334,23.0,56.333333333333336,4.833333333333333,15.333333333333334,12.833333333333334,12.0,12.5,6.333333333333333,12.833333333333334,18.666666666666668,58.166666666666664,3.8333333333333335,14.0,12.5,9.166666666666666,12.166666666666666,5.666666666666667,15.333333333333334,11.833333333333334,1.0,1.0,15,2,13,1639.7537187497612,2227.367528310695,1612.0005275528713,1612.0005275528713
972,2017,3235,65,3393,85,0,25.4,62.0,7.6,20.8,10.4,13.6,10.8,5.8,14.8,23.4,66.8,5.2,20.4,14.6,11.6,12.2,5.8,18.8,8.0,25.4,67.4,8.4,26.6,17.4,11.8,11.6,6.0,16.4,23.8,51.4,5.6,15.2,9.4,15.0,18.4,6.4,18.6,5.8,0.5,0.5,9,8,1,1882.6665958635715,2064.0044736884706,1612.0005275528713,1612.0005275528713
973,2017,3173,57,3397,66,0,24.0,57.6,6.0,14.6,12.0,15.2,13.2,4.8,16.6,21.6,62.4,5.8,21.0,13.0,13.0,11.4,5.8,19.6,6.4,24.75,60.25,4.5,12.25,10.0,15.5,10.75,6.5,13.25,24.25,62.75,5.25,14.5,10.25,12.0,13.25,5.25,18.0,6.75,1.0,0.0,12,5,7,1841.2910937310876,2025.6496367677264,1612.0005275528713,1612.0005275528713
974,2017,3335,61,3401,63,0,21.5,56.5,6.375,18.375,12.5,11.875,11.25,5.75,12.5,18.125,56.625,4.625,19.5,11.625,10.0,12.0,5.875,15.75,9.0,21.333333333333332,53.833333333333336,3.8333333333333335,8.166666666666666,10.333333333333334,12.333333333333334,13.166666666666666,6.166666666666667,13.833333333333334,25.0,56.5,4.5,15.333333333333334,10.333333333333334,15.0,13.666666666666666,5.333333333333333,17.0,-2.8333333333333335,1.0,0.6666666666666666,12,5,7,1759.6521784799563,1983.710100318552,1612.0005275528713,1612.0005275528713
975,2017,3129,56,3417,83,-1,26.25,63.625,6.375,17.75,12.125,14.0,12.0,7.125,13.875,20.625,56.0,5.5,18.375,10.875,12.375,15.875,6.0,13.75,10.25,24.6,62.2,5.6,20.2,12.4,12.0,12.0,8.8,17.0,21.0,55.4,4.6,16.8,11.0,11.4,15.4,7.0,15.8,8.8,1.0,0.5,13,4,9,1692.7038360617978,2072.888820503765,1612.0005275528713,1612.0005275528713
976,2017,3286,63,3449,91,-1,25.285714285714285,63.0,8.428571428571429,25.0,14.285714285714286,16.0,14.142857142857142,6.428571428571429,15.714285714285714,22.428571428571427,64.71428571428571,7.0,27.857142857142858,11.714285714285714,13.0,12.857142857142858,8.285714285714286,18.285714285714285,12.0,28.5,62.25,8.5,25.0,12.0,10.75,9.25,4.25,13.5,24.25,68.0,8.25,23.5,13.75,14.25,9.5,4.5,19.5,13.0,1.0,0.0,14,3,11,1652.0239490263657,2085.1141440309134,1612.0005275528713,1612.0005275528713
977,2017,3281,55,3199,77,-1,24.25,51.25,9.0,22.0,7.75,13.75,17.5,4.0,21.0,20.5,53.25,4.0,16.5,8.25,11.0,11.5,7.75,20.5,8.0,25.25,54.75,5.5,15.25,11.5,15.25,15.0,7.5,12.75,22.25,53.5,4.5,13.5,8.75,13.0,16.5,5.75,17.0,11.0,0.0,0.0,6,3,3,1962.7366615911224,2150.513460235944,1612.0005275528713,1612.0005275528713
978,2017,3452,56,3268,83,-1,25.0,59.42857142857143,6.714285714285714,20.0,11.285714285714286,14.571428571428571,15.428571428571429,6.714285714285714,17.714285714285715,22.571428571428573,59.714285714285715,4.857142857142857,16.857142857142858,11.285714285714286,9.571428571428571,14.428571428571429,8.571428571428571,16.142857142857142,6.0,33.4,64.8,8.6,20.0,14.0,19.8,16.0,7.8,15.6,28.4,62.4,7.6,18.8,12.0,13.4,16.8,8.2,16.8,11.0,1.0,1.0,6,3,3,2031.4892242189767,2304.0436705686016,1612.0005275528713,1612.0005275528713
979,2017,3177,71,3280,92,-1,28.333333333333332,65.16666666666667,9.0,22.833333333333332,12.5,19.0,14.333333333333334,7.666666666666667,18.333333333333332,23.5,58.833333333333336,5.5,17.333333333333332,8.666666666666666,10.5,16.833333333333332,7.5,18.166666666666668,10.5,25.0,56.833333333333336,3.8333333333333335,14.0,10.5,13.666666666666666,12.333333333333334,4.333333333333333,16.666666666666668,24.666666666666668,54.5,3.3333333333333335,6.833333333333333,8.833333333333334,11.166666666666666,11.833333333333334,5.166666666666667,17.0,1.1666666666666667,0.6666666666666666,0.6666666666666666,7,2,5,2040.9153787871733,2213.1888571640934,1612.0005275528713,1612.0005275528713
980,2017,3345,82,3323,88,-1,24.0,58.285714285714285,5.714285714285714,15.857142857142858,12.428571428571429,15.285714285714286,14.571428571428571,6.857142857142857,14.714285714285714,23.0,61.42857142857143,5.0,19.714285714285715,13.428571428571429,13.571428571428571,14.857142857142858,7.0,16.428571428571427,8.0,30.0,60.166666666666664,7.5,17.833333333333332,11.0,19.666666666666668,9.833333333333334,8.166666666666666,15.0,23.0,57.166666666666664,7.166666666666667,17.666666666666668,11.166666666666666,12.5,16.0,4.166666666666667,16.5,18.5,0.75,1.0,9,1,8,1946.3917757128493,2472.472098588968,1612.0005275528713,1612.0005275528713
981,2017,3246,68,3326,82,1,26.8,64.2,4.4,17.2,13.8,12.6,10.4,5.8,18.2,26.6,52.6,4.6,12.2,6.8,16.0,15.6,3.6,18.8,2.4,30.0,66.5,9.25,23.25,13.75,15.25,14.75,9.5,18.0,24.75,66.5,6.75,17.25,15.0,14.0,19.0,7.0,20.5,14.75,0.5,0.5,4,5,-1,2074.211904909848,2144.9750086542044,1612.0005275528713,1612.0005275528713
982,2017,3166,52,3333,64,-1,23.8,58.2,6.6,23.6,9.8,14.6,9.8,3.8,16.0,22.2,54.2,4.0,12.6,7.8,12.6,9.8,5.8,16.8,6.2,21.0,52.166666666666664,6.666666666666667,17.166666666666668,11.166666666666666,11.666666666666666,15.166666666666666,4.666666666666667,13.166666666666666,19.166666666666668,58.333333333333336,2.8333333333333335,13.833333333333334,11.5,8.5,10.166666666666666,7.166666666666667,14.0,8.833333333333334,0.5,0.6666666666666666,7,2,5,1893.343796983586,2193.006218124692,1612.0005275528713,1612.0005275528713
983,2017,3113,68,3376,71,-1,22.0,50.0,3.8,10.8,11.2,14.6,15.6,8.4,16.0,21.8,54.0,4.8,16.2,9.2,11.8,14.8,9.4,20.2,5.2,27.333333333333332,54.0,3.6666666666666665,10.666666666666666,7.166666666666667,14.5,11.5,7.833333333333333,15.666666666666666,24.5,61.666666666666664,4.333333333333333,17.333333333333332,13.0,11.5,14.333333333333334,3.8333333333333335,19.0,11.333333333333334,0.5,1.0,8,1,7,1988.254746443512,2347.8180319626213,1612.0005275528713,1612.0005275528713
984,2017,3301,80,3400,84,-1,24.75,60.75,6.5,18.25,13.5,12.75,9.75,5.75,19.0,21.75,55.75,5.5,15.75,13.25,9.0,14.5,4.0,18.75,4.5,26.333333333333332,67.66666666666667,3.6666666666666665,11.5,16.0,11.833333333333334,13.0,7.666666666666667,21.166666666666668,22.833333333333332,57.166666666666664,4.666666666666667,13.666666666666666,10.333333333333334,10.333333333333334,14.333333333333334,6.333333333333333,18.0,1.3333333333333333,0.0,0.6666666666666666,6,3,3,1958.9909433621417,2176.7364114495736,1612.0005275528713,1612.0005275528713
985,2017,3143,46,3124,86,-1,21.8,54.0,3.6,14.4,9.4,11.6,14.6,5.8,14.0,23.8,56.8,5.4,16.8,10.2,14.2,12.4,7.6,15.2,-6.0,32.42857142857143,65.71428571428571,4.714285714285714,10.571428571428571,15.714285714285714,18.571428571428573,14.428571428571429,5.0,17.142857142857142,22.714285714285715,65.42857142857143,8.0,23.571428571428573,11.285714285714286,11.285714285714286,11.0,5.428571428571429,18.857142857142858,20.0,0.5,0.75,9,1,8,1879.1227132722108,2380.896892548367,1612.0005275528713,1612.0005275528713
986,2017,3393,64,3163,94,-1,25.4,67.4,8.4,26.6,17.4,11.8,11.6,6.0,16.4,23.8,51.4,5.6,15.2,9.4,15.0,18.4,6.4,18.6,5.8,33.142857142857146,60.714285714285715,9.142857142857142,22.285714285714285,10.571428571428571,23.142857142857142,11.714285714285714,9.714285714285714,10.0,21.857142857142858,62.0,5.857142857142857,18.285714285714285,11.285714285714286,10.0,16.857142857142858,5.142857142857143,16.142857142857142,35.0,0.5,1.0,8,1,7,2064.0044736884706,2654.01206199974,1612.0005275528713,1612.0005275528713
987,2017,3397,64,3257,75,-1,24.75,60.25,4.5,12.25,10.0,15.5,10.75,6.5,13.25,24.25,62.75,5.25,14.5,10.25,12.0,13.25,5.25,18.0,6.75,27.0,57.833333333333336,6.333333333333333,17.333333333333332,12.333333333333334,14.666666666666666,16.0,5.333333333333333,16.833333333333332,19.333333333333332,57.666666666666664,5.833333333333333,18.666666666666668,12.0,8.833333333333334,14.666666666666666,7.666666666666667,18.0,13.666666666666666,0.0,0.6666666666666666,5,4,1,2025.6496367677264,2160.277934697406,1612.0005275528713,1612.0005275528713
988,2017,3181,65,3332,74,1,26.2,54.0,6.0,12.6,9.8,16.4,16.6,6.6,15.4,23.4,63.2,7.4,25.2,11.8,13.2,11.8,6.4,15.6,8.2,22.666666666666668,57.5,5.333333333333333,14.333333333333334,12.166666666666666,11.0,12.5,6.666666666666667,16.833333333333332,24.333333333333332,57.166666666666664,6.166666666666667,18.166666666666668,13.0,12.833333333333334,13.0,5.333333333333333,15.166666666666666,-4.833333333333333,0.6666666666666666,0.6666666666666666,2,10,-8,2135.684638508152,1932.4248346223865,1612.0005275528713,1612.0005275528713
989,2017,3274,78,3346,85,1,26.833333333333332,61.333333333333336,3.6666666666666665,15.666666666666666,12.333333333333334,12.666666666666666,13.166666666666666,7.166666666666667,19.5,24.0,58.666666666666664,5.5,15.333333333333334,14.166666666666666,11.666666666666666,15.5,6.0,19.5,2.5,23.833333333333332,58.0,7.0,21.0,13.333333333333334,13.0,13.333333333333334,8.166666666666666,17.333333333333332,18.666666666666668,54.833333333333336,4.333333333333333,15.666666666666666,9.833333333333334,10.833333333333334,15.166666666666666,8.166666666666666,18.833333333333332,14.166666666666666,0.6666666666666666,1.0,4,12,-8,2033.419082276445,1795.211849050624,1612.0005275528713,1612.0005275528713
990,2017,3243,48,3390,69,1,23.166666666666668,60.166666666666664,5.833333333333333,19.166666666666668,13.666666666666666,14.166666666666666,14.833333333333334,10.166666666666666,15.166666666666666,26.333333333333332,62.5,5.0,17.5,12.666666666666666,18.0,16.333333333333332,8.666666666666666,20.833333333333332,0.0,23.0,56.333333333333336,4.833333333333333,15.333333333333334,12.833333333333334,12.0,12.5,6.333333333333333,12.833333333333334,18.666666666666668,58.166666666666664,3.8333333333333335,14.0,12.5,9.166666666666666,12.166666666666666,5.666666666666667,15.333333333333334,11.833333333333334,0.3333333333333333,1.0,7,2,5,1996.277925115684,2227.367528310695,1612.0005275528713,1612.0005275528713
991,2017,3401,43,3417,75,-1,21.333333333333332,53.833333333333336,3.8333333333333335,8.166666666666666,10.333333333333334,12.333333333333334,13.166666666666666,6.166666666666667,13.833333333333334,25.0,56.5,4.5,15.333333333333334,10.333333333333334,15.0,13.666666666666666,5.333333333333333,17.0,-2.8333333333333335,24.6,62.2,5.6,20.2,12.4,12.0,12.0,8.8,17.0,21.0,55.4,4.6,16.8,11.0,11.4,15.4,7.0,15.8,8.8,0.6666666666666666,0.5,5,4,1,1983.710100318552,2072.888820503765,1612.0005275528713,1612.0005275528713
992,2017,3328,82,3449,108,-1,23.6,58.0,5.4,16.6,10.4,13.6,17.0,7.6,19.2,29.0,65.2,7.2,16.6,14.6,17.0,15.4,8.8,21.0,-12.2,28.5,62.25,8.5,25.0,12.0,10.75,9.25,4.25,13.5,24.25,68.0,8.25,23.5,13.75,14.25,9.5,4.5,19.5,13.0,0.0,0.0,6,3,3,2039.8410612606092,2085.1141440309134,1612.0005275528713,1612.0005275528713
993,2017,3257,63,3124,97,0,27.0,57.833333333333336,6.333333333333333,17.333333333333332,12.333333333333334,14.666666666666666,16.0,5.333333333333333,16.833333333333332,19.333333333333332,57.666666666666664,5.833333333333333,18.666666666666668,12.0,8.833333333333334,14.666666666666666,7.666666666666667,18.0,13.666666666666666,32.42857142857143,65.71428571428571,4.714285714285714,10.571428571428571,15.714285714285714,18.571428571428573,14.428571428571429,5.0,17.142857142857142,22.714285714285715,65.42857142857143,8.0,23.571428571428573,11.285714285714286,11.285714285714286,11.0,5.428571428571429,18.857142857142858,20.0,0.6666666666666666,0.75,4,1,3,2160.277934697406,2380.896892548367,1612.0005275528713,1612.0005275528713
994,2017,3449,64,3280,75,0,28.5,62.25,8.5,25.0,12.0,10.75,9.25,4.25,13.5,24.25,68.0,8.25,23.5,13.75,14.25,9.5,4.5,19.5,13.0,25.0,56.833333333333336,3.8333333333333335,14.0,10.5,13.666666666666666,12.333333333333334,4.333333333333333,16.666666666666668,24.666666666666668,54.5,3.3333333333333335,6.833333333333333,8.833333333333334,11.166666666666666,11.833333333333334,5.166666666666667,17.0,1.1666666666666667,0.0,0.6666666666666666,3,2,1,2085.1141440309134,2213.1888571640934,1612.0005275528713,1612.0005275528713
995,2017,3326,76,3323,99,0,30.0,66.5,9.25,23.25,13.75,15.25,14.75,9.5,18.0,24.75,66.5,6.75,17.25,15.0,14.0,19.0,7.0,20.5,14.75,30.0,60.166666666666664,7.5,17.833333333333332,11.0,19.666666666666668,9.833333333333334,8.166666666666666,15.0,23.0,57.166666666666664,7.166666666666667,17.666666666666668,11.166666666666666,12.5,16.0,4.166666666666667,16.5,18.5,0.5,1.0,5,1,4,2144.9750086542044,2472.472098588968,1612.0005275528713,1612.0005275528713
996,2017,3400,66,3390,77,0,26.333333333333332,67.66666666666667,3.6666666666666665,11.5,16.0,11.833333333333334,13.0,7.666666666666667,21.166666666666668,22.833333333333332,57.166666666666664,4.666666666666667,13.666666666666666,10.333333333333334,10.333333333333334,14.333333333333334,6.333333333333333,18.0,1.3333333333333333,23.0,56.333333333333336,4.833333333333333,15.333333333333334,12.833333333333334,12.0,12.5,6.333333333333333,12.833333333333334,18.666666666666668,58.166666666666664,3.8333333333333335,14.0,12.5,9.166666666666666,12.166666666666666,5.666666666666667,15.333333333333334,11.833333333333334,0.6666666666666666,1.0,3,2,1,2176.7364114495736,2227.367528310695,1612.0005275528713,1612.0005275528713
997,2017,3417,71,3163,86,-1,24.6,62.2,5.6,20.2,12.4,12.0,12.0,8.8,17.0,21.0,55.4,4.6,16.8,11.0,11.4,15.4,7.0,15.8,8.8,33.142857142857146,60.714285714285715,9.142857142857142,22.285714285714285,10.571428571428571,23.142857142857142,11.714285714285714,9.714285714285714,10.0,21.857142857142858,62.0,5.857142857142857,18.285714285714285,11.285714285714286,10.0,16.857142857142858,5.142857142857143,16.142857142857142,35.0,0.5,1.0,4,1,3,2072.888820503765,2654.01206199974,1612.0005275528713,1612.0005275528713
998,2017,3333,53,3199,66,0,21.0,52.166666666666664,6.666666666666667,17.166666666666668,11.166666666666666,11.666666666666666,15.166666666666666,4.666666666666667,13.166666666666666,19.166666666666668,58.333333333333336,2.8333333333333335,13.833333333333334,11.5,8.5,10.166666666666666,7.166666666666667,14.0,8.833333333333334,25.25,54.75,5.5,15.25,11.5,15.25,15.0,7.5,12.75,22.25,53.5,4.5,13.5,8.75,13.0,16.5,5.75,17.0,11.0,0.6666666666666666,0.0,2,3,-1,2193.006218124692,2150.513460235944,1612.0005275528713,1612.0005275528713
999,2017,3268,63,3332,77,0,33.4,64.8,8.6,20.0,14.0,19.8,16.0,7.8,15.6,28.4,62.4,7.6,18.8,12.0,13.4,16.8,8.2,16.8,11.0,22.666666666666668,57.5,5.333333333333333,14.333333333333334,12.166666666666666,11.0,12.5,6.666666666666667,16.833333333333332,24.333333333333332,57.166666666666664,6.166666666666667,18.166666666666668,13.0,12.833333333333334,13.0,5.333333333333333,15.166666666666666,-4.833333333333333,1.0,0.6666666666666666,3,10,-7,2304.0436705686016,1932.4248346223865,1612.0005275528713,1612.0005275528713
1000,2017,3346,58,3376,100,0,23.833333333333332,58.0,7.0,21.0,13.333333333333334,13.0,13.333333333333334,8.166666666666666,17.333333333333332,18.666666666666668,54.833333333333336,4.333333333333333,15.666666666666666,9.833333333333334,10.833333333333334,15.166666666666666,8.166666666666666,18.833333333333332,14.166666666666666,27.333333333333332,54.0,3.6666666666666665,10.666666666666666,7.166666666666667,14.5,11.5,7.833333333333333,15.666666666666666,24.5,61.666666666666664,4.333333333333333,17.333333333333332,13.0,11.5,14.333333333333334,3.8333333333333335,19.0,11.333333333333334,1.0,1.0,12,1,11,1795.211849050624,2347.8180319626213,1612.0005275528713,1612.0005275528713
1001,2017,3124,85,3280,94,0,32.42857142857143,65.71428571428571,4.714285714285714,10.571428571428571,15.714285714285714,18.571428571428573,14.428571428571429,5.0,17.142857142857142,22.714285714285715,65.42857142857143,8.0,23.571428571428573,11.285714285714286,11.285714285714286,11.0,5.428571428571429,18.857142857142858,20.0,25.0,56.833333333333336,3.8333333333333335,14.0,10.5,13.666666666666666,12.333333333333334,4.333333333333333,16.666666666666668,24.666666666666668,54.5,3.3333333333333335,6.833333333333333,8.833333333333334,11.166666666666666,11.833333333333334,5.166666666666667,17.0,1.1666666666666667,0.75,0.6666666666666666,1,2,-1,2380.896892548367,2213.1888571640934,1612.0005275528713,1612.0005275528713
1002,2017,3323,75,3390,76,0,30.0,60.166666666666664,7.5,17.833333333333332,11.0,19.666666666666668,9.833333333333334,8.166666666666666,15.0,23.0,57.166666666666664,7.166666666666667,17.666666666666668,11.166666666666666,12.5,16.0,4.166666666666667,16.5,18.5,23.0,56.333333333333336,4.833333333333333,15.333333333333334,12.833333333333334,12.0,12.5,6.333333333333333,12.833333333333334,18.666666666666668,58.166666666666664,3.8333333333333335,14.0,12.5,9.166666666666666,12.166666666666666,5.666666666666667,15.333333333333334,11.833333333333334,1.0,1.0,1,2,-1,2472.472098588968,2227.367528310695,1612.0005275528713,1612.0005275528713
1003,2017,3332,52,3163,90,-1,22.666666666666668,57.5,5.333333333333333,14.333333333333334,12.166666666666666,11.0,12.5,6.666666666666667,16.833333333333332,24.333333333333332,57.166666666666664,6.166666666666667,18.166666666666668,13.0,12.833333333333334,13.0,5.333333333333333,15.166666666666666,-4.833333333333333,33.142857142857146,60.714285714285715,9.142857142857142,22.285714285714285,10.571428571428571,23.142857142857142,11.714285714285714,9.714285714285714,10.0,21.857142857142858,62.0,5.857142857142857,18.285714285714285,11.285714285714286,10.0,16.857142857142858,5.142857142857143,16.142857142857142,35.0,0.6666666666666666,1.0,10,1,9,1932.4248346223865,2654.01206199974,1612.0005275528713,1612.0005275528713
1004,2017,3199,64,3376,71,0,25.25,54.75,5.5,15.25,11.5,15.25,15.0,7.5,12.75,22.25,53.5,4.5,13.5,8.75,13.0,16.5,5.75,17.0,11.0,27.333333333333332,54.0,3.6666666666666665,10.666666666666666,7.166666666666667,14.5,11.5,7.833333333333333,15.666666666666666,24.5,61.666666666666664,4.333333333333333,17.333333333333332,13.0,11.5,14.333333333333334,3.8333333333333335,19.0,11.333333333333334,0.0,1.0,3,1,2,2150.513460235944,2347.8180319626213,1612.0005275528713,1612.0005275528713
1005,2017,3163,64,3280,66,0,33.142857142857146,60.714285714285715,9.142857142857142,22.285714285714285,10.571428571428571,23.142857142857142,11.714285714285714,9.714285714285714,10.0,21.857142857142858,62.0,5.857142857142857,18.285714285714285,11.285714285714286,10.0,16.857142857142858,5.142857142857143,16.142857142857142,35.0,25.0,56.833333333333336,3.8333333333333335,14.0,10.5,13.666666666666666,12.333333333333334,4.333333333333333,16.666666666666668,24.666666666666668,54.5,3.3333333333333335,6.833333333333333,8.833333333333334,11.166666666666666,11.833333333333334,5.166666666666667,17.0,1.1666666666666667,1.0,0.6666666666666666,1,2,-1,2654.01206199974,2213.1888571640934,1612.0005275528713,1612.0005275528713
1006,2017,3390,53,3376,62,0,23.0,56.333333333333336,4.833333333333333,15.333333333333334,12.833333333333334,12.0,12.5,6.333333333333333,12.833333333333334,18.666666666666668,58.166666666666664,3.8333333333333335,14.0,12.5,9.166666666666666,12.166666666666666,5.666666666666667,15.333333333333334,11.833333333333334,27.333333333333332,54.0,3.6666666666666665,10.666666666666666,7.166666666666667,14.5,11.5,7.833333333333333,15.666666666666666,24.5,61.666666666666664,4.333333333333333,17.333333333333332,13.0,11.5,14.333333333333334,3.8333333333333335,19.0,11.333333333333334,1.0,1.0,2,1,1,2227.367528310695,2347.8180319626213,1612.0005275528713,1612.0005275528713
1007,2017,3280,55,3376,67,0,25.0,56.833333333333336,3.8333333333333335,14.0,10.5,13.666666666666666,12.333333333333334,4.333333333333333,16.666666666666668,24.666666666666668,54.5,3.3333333333333335,6.833333333333333,8.833333333333334,11.166666666666666,11.833333333333334,5.166666666666667,17.0,1.1666666666666667,27.333333333333332,54.0,3.6666666666666665,10.666666666666666,7.166666666666667,14.5,11.5,7.833333333333333,15.666666666666666,24.5,61.666666666666664,4.333333333333333,17.333333333333332,13.0,11.5,14.333333333333334,3.8333333333333335,19.0,11.333333333333334,0.6666666666666666,1.0,2,1,1,2213.1888571640934,2347.8180319626213,1612.0005275528713,1612.0005275528713
1008,2018,3124,96,3212,46,1,32.142857142857146,64.28571428571429,4.142857142857143,10.285714285714286,15.0,17.0,11.857142857142858,6.285714285714286,15.142857142857142,21.285714285714285,59.0,6.714285714285714,20.428571428571427,9.142857142857142,9.428571428571429,14.285714285714286,5.428571428571429,20.142857142857142,26.285714285714285,27.125,64.125,4.75,16.5,12.625,13.25,15.0,9.75,16.25,25.5,61.875,4.375,15.875,13.75,12.0,18.75,7.125,18.875,7.125,1.0,0.8333333333333334,2,15,-13,2407.871141756683,1337.8194338301628,1612.0005275528713,1612.0005275528713
1009,2018,3177,90,3328,79,0,28.333333333333332,63.833333333333336,11.666666666666666,32.666666666666664,12.333333333333334,18.0,12.666666666666666,5.666666666666667,13.5,23.5,64.16666666666667,5.0,18.666666666666668,9.333333333333334,11.0,10.666666666666666,6.5,15.666666666666666,19.166666666666668,26.8,61.6,5.8,17.8,12.0,10.8,14.6,9.4,16.4,27.2,60.8,9.0,19.6,11.0,16.2,17.4,7.8,20.0,1.8,1.0,0.0,5,12,-7,2053.567419625257,1965.1336365400464,1612.0005275528713,1612.0005275528713
1010,2018,3257,74,3129,42,1,26.333333333333332,58.833333333333336,6.166666666666667,17.833333333333332,9.833333333333334,15.333333333333334,12.0,8.0,17.0,21.5,54.166666666666664,4.166666666666667,14.5,10.666666666666666,10.333333333333334,15.333333333333334,5.666666666666667,14.333333333333334,10.666666666666666,23.857142857142858,55.857142857142854,6.571428571428571,19.285714285714285,11.571428571428571,12.714285714285714,14.428571428571429,4.857142857142857,15.142857142857142,19.571428571428573,59.57142857142857,4.428571428571429,17.285714285714285,13.0,7.428571428571429,12.857142857142858,5.714285714285714,12.857142857142858,10.428571428571429,1.0,1.0,1,16,-15,2316.941308391284,1714.977196744263,1612.0005275528713,1612.0005275528713
1011,2018,3266,84,3173,65,0,28.166666666666668,62.666666666666664,5.5,20.333333333333332,11.833333333333334,13.666666666666666,12.166666666666666,9.666666666666666,15.333333333333334,27.333333333333332,62.333333333333336,7.166666666666667,20.833333333333332,10.5,14.833333333333334,15.5,6.166666666666667,16.666666666666668,5.333333333333333,22.4,57.0,8.4,21.4,11.4,11.2,11.8,3.8,18.2,21.8,61.2,5.8,17.2,11.8,12.0,9.6,5.2,17.8,4.2,0.6666666666666666,0.5,8,9,-1,1937.5276173943912,1865.648183775413,1612.0005275528713,1612.0005275528713
1012,2018,3268,77,3343,57,0,26.666666666666668,62.5,3.5,12.5,15.0,14.333333333333334,12.166666666666666,6.833333333333333,15.0,25.166666666666668,58.833333333333336,8.166666666666666,19.5,10.833333333333334,14.166666666666666,12.166666666666666,5.333333333333333,16.5,-1.1666666666666667,25.714285714285715,56.42857142857143,7.857142857142857,22.571428571428573,11.285714285714286,16.0,12.571428571428571,5.571428571428571,16.0,19.428571428571427,54.57142857142857,5.142857142857143,17.571428571428573,7.857142857142857,9.0,12.285714285714286,7.142857142857143,14.142857142857142,17.428571428571427,0.6666666666666666,1.0,5,12,-7,2188.147928569876,1803.991020930458,1612.0005275528713,1612.0005275528713
1013,2018,3276,75,3294,61,0,24.333333333333332,57.333333333333336,6.333333333333333,15.0,13.333333333333334,14.333333333333334,15.0,6.0,16.333333333333332,23.0,58.0,3.0,15.0,12.0,11.666666666666666,13.0,7.666666666666667,16.0,9.333333333333334,25.428571428571427,58.0,10.0,25.571428571428573,9.714285714285714,15.428571428571429,13.0,9.428571428571429,14.285714285714286,22.428571428571427,57.42857142857143,5.428571428571429,16.428571428571427,13.0,11.142857142857142,16.857142857142858,7.0,15.857142857142858,10.714285714285714,0.5,1.0,7,10,-3,1933.224218634001,1713.7705462796168,1612.0005275528713,1612.0005275528713
1014,2018,3278,89,3453,77,0,29.4,72.0,7.8,25.8,14.6,15.0,10.6,9.6,17.2,30.4,66.8,8.0,19.6,10.8,18.8,15.8,5.0,17.8,3.0,26.142857142857142,59.857142857142854,5.0,17.285714285714285,14.285714285714286,14.857142857142858,10.142857142857142,8.857142857142858,14.571428571428571,15.285714285714286,50.142857142857146,6.0,21.428571428571427,7.428571428571429,8.0,17.142857142857142,5.428571428571429,18.857142857142858,25.571428571428573,0.5,1.0,10,7,3,1950.0253602818511,1937.6906519332397,1612.0005275528713,1612.0005275528713
1015,2018,3301,62,3189,35,1,23.166666666666668,57.666666666666664,5.333333333333333,18.666666666666668,11.833333333333334,12.833333333333334,12.666666666666666,6.833333333333333,13.0,24.5,57.666666666666664,6.166666666666667,16.166666666666668,9.0,13.333333333333334,14.666666666666666,7.0,17.833333333333332,3.1666666666666665,27.0,52.42857142857143,5.714285714285714,14.714285714285714,9.571428571428571,16.857142857142858,16.857142857142858,8.285714285714286,15.142857142857142,18.428571428571427,57.42857142857143,4.571428571428571,20.142857142857142,13.571428571428571,11.428571428571429,15.857142857142858,7.857142857142857,17.571428571428573,18.0,0.6666666666666666,1.0,4,13,-9,2050.3112547781398,1814.6561874774077,1612.0005275528713,1612.0005275528713
1016,2018,3323,99,3169,81,1,33.166666666666664,62.333333333333336,5.333333333333333,12.166666666666666,12.666666666666666,18.166666666666668,12.333333333333334,6.166666666666667,11.833333333333334,23.5,63.666666666666664,8.166666666666666,22.666666666666668,12.166666666666666,14.833333333333334,12.833333333333334,5.833333333333333,14.333333333333334,21.166666666666668,23.75,55.25,3.75,15.375,11.75,16.5,14.875,5.875,10.875,22.25,62.625,7.125,23.0,11.375,14.875,11.75,8.25,19.25,6.75,0.6666666666666666,0.8333333333333334,1,16,-15,2480.453268183796,1519.5209875865387,1612.0005275528713,1612.0005275528713
1017,2018,3332,88,3370,45,1,28.333333333333332,56.333333333333336,10.166666666666666,22.0,10.833333333333334,16.333333333333332,11.0,5.833333333333333,10.5,24.5,60.666666666666664,5.666666666666667,19.166666666666668,13.666666666666666,13.0,11.5,6.333333333333333,12.833333333333334,15.5,24.428571428571427,57.42857142857143,6.571428571428571,16.142857142857142,12.142857142857142,13.142857142857142,14.571428571428571,5.0,13.714285714285714,22.285714285714285,60.714285714285715,4.285714285714286,18.142857142857142,8.714285714285714,8.142857142857142,9.142857142857142,7.142857142857143,13.142857142857142,8.142857142857142,1.0,1.0,2,15,-13,2173.444350220587,1416.9184315169862,1612.0005275528713,1612.0005275528713
1018,2018,3333,82,3443,58,0,24.75,51.0,5.5,15.5,9.25,16.25,12.5,3.0,11.0,20.5,60.25,3.75,14.75,13.25,11.25,6.5,8.0,12.75,7.25,27.571428571428573,62.57142857142857,4.571428571428571,14.0,15.0,14.285714285714286,9.285714285714286,9.571428571428571,16.714285714285715,22.857142857142858,56.285714285714285,5.285714285714286,17.142857142857142,12.571428571428571,14.428571428571429,16.142857142857142,3.7142857142857144,19.0,13.857142857142858,0.0,0.6,6,11,-5,2181.747764445436,1806.3656713581136,1612.0005275528713,1612.0005275528713
1019,2018,3376,63,3299,52,1,23.833333333333332,51.666666666666664,3.0,8.333333333333334,9.666666666666666,15.166666666666666,18.5,4.5,12.0,22.333333333333332,66.5,3.0,14.5,15.0,9.666666666666666,10.5,8.833333333333334,16.833333333333332,8.666666666666666,24.75,64.125,3.75,13.5,15.875,12.625,18.0,9.0,21.125,18.75,60.75,4.0,17.25,13.75,11.0,22.0,7.375,22.125,12.625,1.0,1.0,2,15,-13,2327.4083224800074,1444.860260879779,1612.0005275528713,1612.0005275528713
1020,2018,3397,100,3251,60,1,25.6,66.6,4.0,13.6,17.0,11.0,14.4,10.2,14.2,22.4,52.2,3.8,13.2,8.2,12.4,20.8,6.2,13.6,7.0,25.625,54.75,5.125,16.0,13.875,14.25,13.375,7.5,17.5,17.375,51.25,2.625,13.125,9.0,8.75,14.375,5.75,18.75,22.125,0.5,1.0,3,14,-11,2092.889145416984,1496.4203335734558,1612.0005275528713,1612.0005275528713
1021,2018,3401,89,3179,76,1,28.333333333333332,60.333333333333336,5.0,13.0,11.666666666666666,12.0,13.833333333333334,5.5,14.333333333333334,24.833333333333332,69.16666666666667,6.666666666666667,22.333333333333332,12.666666666666666,12.833333333333334,9.333333333333334,5.333333333333333,13.666666666666666,10.5,28.857142857142858,59.42857142857143,11.0,27.0,10.857142857142858,22.428571428571427,13.142857142857142,10.142857142857142,12.857142857142858,21.285714285714285,59.0,6.571428571428571,22.571428571428573,10.285714285714286,14.285714285714286,15.714285714285714,6.285714285714286,16.285714285714285,24.0,0.6666666666666666,1.0,4,13,-9,2053.561594283648,1821.5574601874812,1612.0005275528713,1612.0005275528713
1022,2018,3437,81,3355,74,0,22.25,57.25,7.5,26.5,9.5,13.25,8.75,3.0,13.5,21.25,57.5,4.0,15.0,9.5,10.75,7.5,3.75,14.25,6.0,27.166666666666668,59.333333333333336,8.5,21.666666666666668,11.166666666666666,16.0,13.166666666666666,6.833333333333333,14.5,18.666666666666668,56.5,7.166666666666667,26.166666666666668,8.0,9.166666666666666,13.166666666666666,8.0,17.666666666666668,19.0,0.0,1.0,9,8,1,1859.2657816589488,1852.2364403889508,1612.0005275528713,1612.0005275528713
1023,2018,3438,68,3143,62,0,17.6,54.4,5.2,19.8,11.6,11.4,16.2,5.0,16.2,22.8,57.8,5.4,14.6,12.8,12.2,12.0,8.8,15.2,-10.8,30.4,62.2,5.6,15.2,13.2,15.0,13.8,5.8,15.4,23.0,61.8,7.6,23.4,11.4,12.2,10.4,7.2,12.0,8.2,0.5,0.5,10,7,3,1939.71460560436,1962.080042834932,1612.0005275528713,1612.0005275528713
1024,2018,3113,73,3304,62,0,22.5,56.166666666666664,4.166666666666667,13.0,13.5,14.333333333333334,9.5,5.5,12.0,22.0,49.333333333333336,5.166666666666667,15.166666666666666,6.166666666666667,10.5,12.333333333333334,4.833333333333333,14.666666666666666,5.0,22.8,61.8,7.4,23.6,14.6,13.8,13.0,5.4,19.2,22.6,59.4,5.6,17.8,11.0,11.0,10.8,7.4,16.4,-1.6,0.6666666666666666,0.5,7,10,-3,1984.6736156764528,1863.525438780933,1612.0005275528713,1612.0005275528713
1025,2018,3138,102,3378,79,0,30.75,68.5,7.75,22.375,15.25,19.25,12.625,11.25,18.875,20.875,57.625,5.75,21.75,11.25,10.75,18.625,5.375,15.5,20.875,25.0,58.57142857142857,8.428571428571429,24.428571428571427,10.428571428571429,15.857142857142858,16.142857142857142,6.142857142857143,13.142857142857142,25.857142857142858,61.857142857142854,4.571428571428571,13.142857142857142,8.571428571428571,13.428571428571429,11.428571428571429,8.428571428571429,17.714285714285715,7.142857142857143,0.8,0.5,11,6,5,1840.812537031848,2007.3376979987809,1612.0005275528713,1612.0005275528713
1026,2018,3141,78,3261,69,0,29.5,60.875,7.875,20.625,11.625,13.5,14.625,3.5,13.375,27.375,67.875,7.875,22.375,10.5,14.375,8.625,7.625,18.125,8.375,26.75,71.5,1.0,8.75,16.75,11.5,10.5,10.5,18.5,23.0,60.25,4.0,15.75,15.25,11.75,16.0,6.0,15.5,-2.25,1.0,0.0,11,6,5,1907.1398708369304,1939.9845799406407,1612.0005275528713,1612.0005275528713
1027,2018,3163,140,3384,52,1,32.857142857142854,64.14285714285714,7.428571428571429,19.857142857142858,12.0,22.285714285714285,11.142857142857142,11.0,11.142857142857142,16.714285714285715,56.57142857142857,5.714285714285714,19.714285714285715,9.714285714285714,8.142857142857142,18.857142857142858,4.857142857142857,14.285714285714286,39.142857142857146,27.444444444444443,69.88888888888889,11.0,33.77777777777778,15.11111111111111,16.666666666666668,15.0,13.666666666666666,15.0,24.444444444444443,62.111111111111114,7.0,21.88888888888889,12.666666666666666,14.11111111111111,21.444444444444443,7.333333333333333,18.88888888888889,16.11111111111111,1.0,1.0,1,16,-15,2661.724001680967,1430.0065802238903,1612.0005275528713,1612.0005275528713
1028,2018,3166,76,3234,70,0,22.6,53.6,8.2,22.0,8.2,13.4,12.2,2.8,16.8,24.4,61.0,3.6,13.6,11.6,13.4,8.0,7.2,13.6,0.2,28.2,56.0,5.0,11.8,7.8,21.4,17.4,5.6,12.0,25.6,68.8,6.4,21.2,13.4,12.2,12.8,10.8,19.6,11.8,0.5,0.5,11,6,5,1873.550191509259,1963.1148113211389,1612.0005275528713,1612.0005275528713
1029,2018,3181,72,3125,58,0,23.666666666666668,61.333333333333336,7.666666666666667,22.333333333333332,13.0,13.0,15.333333333333334,10.333333333333334,15.0,20.0,60.0,6.666666666666667,23.0,14.666666666666666,13.666666666666666,16.666666666666668,4.666666666666667,14.666666666666666,7.666666666666667,27.333333333333332,63.833333333333336,11.0,30.5,15.0,19.166666666666668,12.666666666666666,5.0,13.666666666666666,19.333333333333332,61.5,4.0,18.0,9.5,8.666666666666666,10.0,4.666666666666667,15.833333333333334,23.0,0.0,1.0,5,12,-7,2095.7599655717468,1752.4810594163305,1612.0005275528713,1612.0005275528713
1030,2018,3195,80,3281,70,0,29.5,61.666666666666664,13.833333333333334,33.0,11.5,18.5,12.5,9.0,15.833333333333334,21.166666666666668,55.5,4.833333333333333,16.666666666666668,9.666666666666666,10.5,18.0,5.0,14.833333333333334,26.333333333333332,23.0,52.6,7.8,20.2,10.6,16.2,17.4,4.6,15.4,24.0,57.0,6.0,14.6,8.8,10.8,11.6,7.2,18.2,-1.0,1.0,0.5,12,5,7,1862.929575077904,2018.5708415310085,1612.0005275528713,1612.0005275528713
1031,2018,3199,91,3114,49,1,25.0,57.6,5.6,16.0,13.4,13.8,14.0,5.6,13.2,25.0,62.2,6.0,17.8,15.0,12.4,12.2,7.8,18.6,2.4,25.375,53.375,4.0,10.25,10.375,14.25,15.5,7.875,14.875,18.75,53.0,3.0,13.875,11.625,7.625,17.125,6.375,13.5,13.75,0.5,1.0,3,14,-11,2159.9980528030774,1710.0679219511833,1612.0005275528713,1612.0005275528713
1032,2018,3208,68,3273,63,1,22.2,61.0,3.4,14.4,13.4,15.2,13.6,8.2,17.8,17.6,54.2,3.8,14.8,10.8,9.2,17.4,6.4,13.4,6.4,26.833333333333332,60.5,4.0,11.833333333333334,10.5,15.0,7.833333333333333,8.5,12.666666666666666,19.5,50.833333333333336,3.3333333333333335,12.833333333333334,9.166666666666666,9.0,17.333333333333332,3.3333333333333335,15.5,18.333333333333332,0.5,1.0,4,13,-9,2019.304611520827,1785.5285595385858,1612.0005275528713,1612.0005275528713
1033,2018,3280,95,3311,50,1,27.666666666666668,60.833333333333336,8.333333333333334,19.833333333333332,9.5,15.833333333333334,9.333333333333334,6.0,13.833333333333334,23.0,54.833333333333336,2.8333333333333335,10.0,9.333333333333334,8.166666666666666,14.833333333333334,4.333333333333333,15.833333333333334,15.166666666666666,22.75,55.0,5.875,17.375,12.625,11.75,18.0,11.125,17.5,21.75,60.625,5.375,21.125,14.875,11.375,18.125,9.5,19.875,9.625,0.6666666666666666,1.0,1,16,-15,2335.4177569957465,1344.3743861809503,1612.0005275528713,1612.0005275528713
1034,2018,3326,87,3203,45,1,32.0,67.5,7.333333333333333,18.333333333333332,14.5,14.333333333333334,11.666666666666666,7.666666666666667,14.333333333333334,25.166666666666668,68.0,5.0,16.666666666666668,16.833333333333332,13.833333333333334,13.833333333333334,5.0,16.666666666666668,18.166666666666668,20.714285714285715,51.42857142857143,4.285714285714286,15.428571428571429,8.0,11.571428571428571,8.428571428571429,6.571428571428571,11.714285714285714,21.0,51.714285714285715,3.857142857142857,13.571428571428571,9.857142857142858,11.142857142857142,14.142857142857142,3.142857142857143,16.285714285714285,7.0,1.0,1.0,3,14,-11,2165.52037860607,1777.661017800038,1612.0005275528713,1612.0005275528713
1035,2018,3329,84,3393,57,0,23.8,59.6,6.2,20.2,11.6,12.0,12.2,7.0,14.0,27.2,62.2,6.4,16.8,10.2,13.2,12.6,6.8,18.6,-1.6,23.75,62.0,11.5,32.0,13.0,13.75,13.5,8.75,13.5,25.5,60.0,7.5,25.0,12.5,15.5,15.5,6.75,16.5,1.5,0.5,0.0,9,8,1,1969.301818011164,2017.3980884222065,1612.0005275528713,1612.0005275528713
1036,2018,3346,86,3274,72,0,29.833333333333332,67.66666666666667,7.833333333333333,21.0,14.0,16.333333333333332,9.333333333333334,9.0,17.166666666666668,21.333333333333332,56.333333333333336,5.833333333333333,16.166666666666668,8.833333333333334,12.5,16.333333333333332,4.666666666666667,16.333333333333332,19.166666666666668,24.8,55.8,5.6,15.8,11.2,13.2,15.8,9.6,15.6,22.6,60.4,5.8,20.0,14.6,12.4,16.8,8.6,16.6,6.0,1.0,0.5,9,8,1,1862.7890973319384,2006.5315914649848,1612.0005275528713,1612.0005275528713
1037,2018,3390,82,3211,68,1,25.4,57.8,7.0,21.0,11.4,11.4,13.4,8.0,16.6,22.6,54.6,7.2,20.4,11.6,10.0,13.2,8.0,13.4,-0.6,25.666666666666668,60.166666666666664,6.833333333333333,19.666666666666668,12.833333333333334,15.5,12.833333333333334,8.333333333333334,14.0,21.0,58.833333333333336,3.3333333333333335,14.333333333333334,11.833333333333334,9.166666666666666,13.666666666666666,5.833333333333333,15.333333333333334,13.166666666666666,0.6666666666666666,1.0,4,13,-9,2158.4664660916137,1884.680098721308,1612.0005275528713,1612.0005275528713
1038,2018,3400,83,3263,54,1,30.285714285714285,66.85714285714286,6.428571428571429,15.857142857142858,12.857142857142858,16.571428571428573,12.857142857142858,6.285714285714286,19.0,25.714285714285715,62.42857142857143,3.7142857142857144,16.571428571428573,10.714285714285714,11.285714285714286,12.142857142857142,6.571428571428571,14.857142857142858,7.428571428571429,25.8,57.6,7.4,22.6,11.4,15.6,12.2,6.6,16.8,19.0,52.8,5.2,16.8,10.8,9.6,15.0,5.6,15.2,16.8,0.75,1.0,2,15,-13,2213.7921284822705,1621.0032237637504,1612.0005275528713,1612.0005275528713
1039,2018,3417,71,3110,60,1,29.2,67.2,7.0,20.0,15.6,17.4,10.4,9.0,16.2,27.2,60.2,8.2,20.8,12.2,15.2,13.8,6.8,14.6,1.2,20.571428571428573,57.285714285714285,4.857142857142857,17.285714285714285,9.428571428571429,14.0,11.285714285714286,9.0,15.571428571428571,19.571428571428573,55.714285714285715,5.857142857142857,17.428571428571427,11.857142857142858,11.142857142857142,18.428571428571427,6.714285714285714,17.857142857142858,4.428571428571429,0.5,0.75,3,14,-11,2149.4510453169883,1595.951583500603,1612.0005275528713,1612.0005275528713
1040,2018,3124,80,3276,58,1,32.142857142857146,64.28571428571429,4.142857142857143,10.285714285714286,15.0,17.0,11.857142857142858,6.285714285714286,15.142857142857142,21.285714285714285,59.0,6.714285714285714,20.428571428571427,9.142857142857142,9.428571428571429,14.285714285714286,5.428571428571429,20.142857142857142,26.285714285714285,24.333333333333332,57.333333333333336,6.333333333333333,15.0,13.333333333333334,14.333333333333334,15.0,6.0,16.333333333333332,23.0,58.0,3.0,15.0,12.0,11.666666666666666,13.0,7.666666666666667,16.0,9.333333333333334,1.0,0.5,2,7,-5,2407.871141756683,1933.224218634001,1612.0005275528713,1612.0005275528713
1041,2018,3257,90,3266,72,1,26.333333333333332,58.833333333333336,6.166666666666667,17.833333333333332,9.833333333333334,15.333333333333334,12.0,8.0,17.0,21.5,54.166666666666664,4.166666666666667,14.5,10.666666666666666,10.333333333333334,15.333333333333334,5.666666666666667,14.333333333333334,10.666666666666666,28.166666666666668,62.666666666666664,5.5,20.333333333333332,11.833333333333334,13.666666666666666,12.166666666666666,9.666666666666666,15.333333333333334,27.333333333333332,62.333333333333336,7.166666666666667,20.833333333333332,10.5,14.833333333333334,15.5,6.166666666666667,16.666666666666668,5.333333333333333,1.0,0.6666666666666666,1,8,-7,2316.941308391284,1937.5276173943912,1612.0005275528713,1612.0005275528713
1042,2018,3301,74,3268,60,1,23.166666666666668,57.666666666666664,5.333333333333333,18.666666666666668,11.833333333333334,12.833333333333334,12.666666666666666,6.833333333333333,13.0,24.5,57.666666666666664,6.166666666666667,16.166666666666668,9.0,13.333333333333334,14.666666666666666,7.0,17.833333333333332,3.1666666666666665,26.666666666666668,62.5,3.5,12.5,15.0,14.333333333333334,12.166666666666666,6.833333333333333,15.0,25.166666666666668,58.833333333333336,8.166666666666666,19.5,10.833333333333334,14.166666666666666,12.166666666666666,5.333333333333333,16.5,-1.1666666666666667,0.6666666666666666,0.6666666666666666,4,5,-1,2050.3112547781398,2188.147928569876,1612.0005275528713,1612.0005275528713
1043,2018,3323,98,3437,72,1,33.166666666666664,62.333333333333336,5.333333333333333,12.166666666666666,12.666666666666666,18.166666666666668,12.333333333333334,6.166666666666667,11.833333333333334,23.5,63.666666666666664,8.166666666666666,22.666666666666668,12.166666666666666,14.833333333333334,12.833333333333334,5.833333333333333,14.333333333333334,21.166666666666668,22.25,57.25,7.5,26.5,9.5,13.25,8.75,3.0,13.5,21.25,57.5,4.0,15.0,9.5,10.75,7.5,3.75,14.25,6.0,0.6666666666666666,0.0,1,9,-8,2480.453268183796,1859.2657816589488,1612.0005275528713,1612.0005275528713
1044,2018,3332,101,3278,73,1,28.333333333333332,56.333333333333336,10.166666666666666,22.0,10.833333333333334,16.333333333333332,11.0,5.833333333333333,10.5,24.5,60.666666666666664,5.666666666666667,19.166666666666668,13.666666666666666,13.0,11.5,6.333333333333333,12.833333333333334,15.5,29.4,72.0,7.8,25.8,14.6,15.0,10.6,9.6,17.2,30.4,66.8,8.0,19.6,10.8,18.8,15.8,5.0,17.8,3.0,1.0,0.5,2,10,-8,2173.444350220587,1950.0253602818511,1612.0005275528713,1612.0005275528713
1045,2018,3333,66,3397,59,-1,24.75,51.0,5.5,15.5,9.25,16.25,12.5,3.0,11.0,20.5,60.25,3.75,14.75,13.25,11.25,6.5,8.0,12.75,7.25,25.6,66.6,4.0,13.6,17.0,11.0,14.4,10.2,14.2,22.4,52.2,3.8,13.2,8.2,12.4,20.8,6.2,13.6,7.0,0.0,0.5,6,3,3,2181.747764445436,2092.889145416984,1612.0005275528713,1612.0005275528713
1046,2018,3376,66,3438,56,1,23.833333333333332,51.666666666666664,3.0,8.333333333333334,9.666666666666666,15.166666666666666,18.5,4.5,12.0,22.333333333333332,66.5,3.0,14.5,15.0,9.666666666666666,10.5,8.833333333333334,16.833333333333332,8.666666666666666,17.6,54.4,5.2,19.8,11.6,11.4,16.2,5.0,16.2,22.8,57.8,5.4,14.6,12.8,12.2,12.0,8.8,15.2,-10.8,1.0,0.5,2,10,-8,2327.4083224800074,1939.71460560436,1612.0005275528713,1612.0005275528713
1047,2018,3401,80,3177,79,1,28.333333333333332,60.333333333333336,5.0,13.0,11.666666666666666,12.0,13.833333333333334,5.5,14.333333333333334,24.833333333333332,69.16666666666667,6.666666666666667,22.333333333333332,12.666666666666666,12.833333333333334,9.333333333333334,5.333333333333333,13.666666666666666,10.5,28.333333333333332,63.833333333333336,11.666666666666666,32.666666666666664,12.333333333333334,18.0,12.666666666666666,5.666666666666667,13.5,23.5,64.16666666666667,5.0,18.666666666666668,9.333333333333334,11.0,10.666666666666666,6.5,15.666666666666666,19.166666666666668,0.6666666666666666,1.0,4,5,-1,2053.561594283648,2053.567419625257,1612.0005275528713,1612.0005275528713
1048,2018,3138,86,3199,65,-1,30.75,68.5,7.75,22.375,15.25,19.25,12.625,11.25,18.875,20.875,57.625,5.75,21.75,11.25,10.75,18.625,5.375,15.5,20.875,25.0,57.6,5.6,16.0,13.4,13.8,14.0,5.6,13.2,25.0,62.2,6.0,17.8,15.0,12.4,12.2,7.8,18.6,2.4,0.8,0.5,11,3,8,1840.812537031848,2159.9980528030774,1612.0005275528713,1612.0005275528713
1049,2018,3141,95,3326,78,-1,29.5,60.875,7.875,20.625,11.625,13.5,14.625,3.5,13.375,27.375,67.875,7.875,22.375,10.5,14.375,8.625,7.625,18.125,8.375,32.0,67.5,7.333333333333333,18.333333333333332,14.5,14.333333333333334,11.666666666666666,7.666666666666667,14.333333333333334,25.166666666666668,68.0,5.0,16.666666666666668,16.833333333333332,13.833333333333334,13.833333333333334,5.0,16.666666666666668,18.166666666666668,1.0,1.0,11,3,8,1907.1398708369304,2165.52037860607,1612.0005275528713,1612.0005275528713
1050,2018,3163,71,3346,46,1,32.857142857142854,64.14285714285714,7.428571428571429,19.857142857142858,12.0,22.285714285714285,11.142857142857142,11.0,11.142857142857142,16.714285714285715,56.57142857142857,5.714285714285714,19.714285714285715,9.714285714285714,8.142857142857142,18.857142857142858,4.857142857142857,14.285714285714286,39.142857142857146,29.833333333333332,67.66666666666667,7.833333333333333,21.0,14.0,16.333333333333332,9.333333333333334,9.0,17.166666666666668,21.333333333333332,56.333333333333336,5.833333333333333,16.166666666666668,8.833333333333334,12.5,16.333333333333332,4.666666666666667,16.333333333333332,19.166666666666668,1.0,1.0,1,9,-8,2661.724001680967,1862.7890973319384,1612.0005275528713,1612.0005275528713
1051,2018,3181,66,3208,40,-1,23.666666666666668,61.333333333333336,7.666666666666667,22.333333333333332,13.0,13.0,15.333333333333334,10.333333333333334,15.0,20.0,60.0,6.666666666666667,23.0,14.666666666666666,13.666666666666666,16.666666666666668,4.666666666666667,14.666666666666666,7.666666666666667,22.2,61.0,3.4,14.4,13.4,15.2,13.6,8.2,17.8,17.6,54.2,3.8,14.8,10.8,9.2,17.4,6.4,13.4,6.4,0.0,0.5,5,4,1,2095.7599655717468,2019.304611520827,1612.0005275528713,1612.0005275528713
1052,2018,3280,71,3329,56,1,27.666666666666668,60.833333333333336,8.333333333333334,19.833333333333332,9.5,15.833333333333334,9.333333333333334,6.0,13.833333333333334,23.0,54.833333333333336,2.8333333333333335,10.0,9.333333333333334,8.166666666666666,14.833333333333334,4.333333333333333,15.833333333333334,15.166666666666666,23.8,59.6,6.2,20.2,11.6,12.0,12.2,7.0,14.0,27.2,62.2,6.4,16.8,10.2,13.2,12.6,6.8,18.6,-1.6,0.6666666666666666,0.5,1,9,-8,2335.4177569957465,1969.301818011164,1612.0005275528713,1612.0005275528713
1053,2018,3390,90,3195,70,1,25.4,57.8,7.0,21.0,11.4,11.4,13.4,8.0,16.6,22.6,54.6,7.2,20.4,11.6,10.0,13.2,8.0,13.4,-0.6,29.5,61.666666666666664,13.833333333333334,33.0,11.5,18.5,12.5,9.0,15.833333333333334,21.166666666666668,55.5,4.833333333333333,16.666666666666668,9.666666666666666,10.5,18.0,5.0,14.833333333333334,26.333333333333332,0.6666666666666666,1.0,4,12,-8,2158.4664660916137,1862.929575077904,1612.0005275528713,1612.0005275528713
1054,2018,3400,85,3113,65,1,30.285714285714285,66.85714285714286,6.428571428571429,15.857142857142858,12.857142857142858,16.571428571428573,12.857142857142858,6.285714285714286,19.0,25.714285714285715,62.42857142857143,3.7142857142857144,16.571428571428573,10.714285714285714,11.285714285714286,12.142857142857142,6.571428571428571,14.857142857142858,7.428571428571429,22.5,56.166666666666664,4.166666666666667,13.0,13.5,14.333333333333334,9.5,5.5,12.0,22.0,49.333333333333336,5.166666666666667,15.166666666666666,6.166666666666667,10.5,12.333333333333334,4.833333333333333,14.666666666666666,5.0,0.75,0.6666666666666666,2,7,-5,2213.7921284822705,1984.6736156764528,1612.0005275528713,1612.0005275528713
1055,2018,3417,86,3166,64,1,29.2,67.2,7.0,20.0,15.6,17.4,10.4,9.0,16.2,27.2,60.2,8.2,20.8,12.2,15.2,13.8,6.8,14.6,1.2,22.6,53.6,8.2,22.0,8.2,13.4,12.2,2.8,16.8,24.4,61.0,3.6,13.6,11.6,13.4,8.0,7.2,13.6,0.2,0.5,0.5,3,11,-8,2149.4510453169883,1873.550191509259,1612.0005275528713,1612.0005275528713
1056,2018,3257,86,3390,59,1,26.333333333333332,58.833333333333336,6.166666666666667,17.833333333333332,9.833333333333334,15.333333333333334,12.0,8.0,17.0,21.5,54.166666666666664,4.166666666666667,14.5,10.666666666666666,10.333333333333334,15.333333333333334,5.666666666666667,14.333333333333334,10.666666666666666,25.4,57.8,7.0,21.0,11.4,11.4,13.4,8.0,16.6,22.6,54.6,7.2,20.4,11.6,10.0,13.2,8.0,13.4,-0.6,1.0,0.6666666666666666,1,4,-3,2316.941308391284,2158.4664660916137,1612.0005275528713,1612.0005275528713
1057,2018,3280,71,3301,57,0,27.666666666666668,60.833333333333336,8.333333333333334,19.833333333333332,9.5,15.833333333333334,9.333333333333334,6.0,13.833333333333334,23.0,54.833333333333336,2.8333333333333335,10.0,9.333333333333334,8.166666666666666,14.833333333333334,4.333333333333333,15.833333333333334,15.166666666666666,23.166666666666668,57.666666666666664,5.333333333333333,18.666666666666668,11.833333333333334,12.833333333333334,12.666666666666666,6.833333333333333,13.0,24.5,57.666666666666664,6.166666666666667,16.166666666666668,9.0,13.333333333333334,14.666666666666666,7.0,17.833333333333332,3.1666666666666665,0.6666666666666666,0.6666666666666666,1,4,-3,2335.4177569957465,2050.3112547781398,1612.0005275528713,1612.0005275528713
1058,2018,3333,72,3124,67,0,24.75,51.0,5.5,15.5,9.25,16.25,12.5,3.0,11.0,20.5,60.25,3.75,14.75,13.25,11.25,6.5,8.0,12.75,7.25,32.142857142857146,64.28571428571429,4.142857142857143,10.285714285714286,15.0,17.0,11.857142857142858,6.285714285714286,15.142857142857142,21.285714285714285,59.0,6.714285714285714,20.428571428571427,9.142857142857142,9.428571428571429,14.285714285714286,5.428571428571429,20.142857142857142,26.285714285714285,0.0,1.0,6,2,4,2181.747764445436,2407.871141756683,1612.0005275528713,1612.0005275528713
1059,2018,3417,84,3400,75,0,29.2,67.2,7.0,20.0,15.6,17.4,10.4,9.0,16.2,27.2,60.2,8.2,20.8,12.2,15.2,13.8,6.8,14.6,1.2,30.285714285714285,66.85714285714286,6.428571428571429,15.857142857142858,12.857142857142858,16.571428571428573,12.857142857142858,6.285714285714286,19.0,25.714285714285715,62.42857142857143,3.7142857142857144,16.571428571428573,10.714285714285714,11.285714285714286,12.142857142857142,6.571428571428571,14.857142857142858,7.428571428571429,0.5,0.75,3,2,1,2149.4510453169883,2213.7921284822705,1612.0005275528713,1612.0005275528713
1060,2018,3163,72,3181,59,0,32.857142857142854,64.14285714285714,7.428571428571429,19.857142857142858,12.0,22.285714285714285,11.142857142857142,11.0,11.142857142857142,16.714285714285715,56.57142857142857,5.714285714285714,19.714285714285715,9.714285714285714,8.142857142857142,18.857142857142858,4.857142857142857,14.285714285714286,39.142857142857146,23.666666666666668,61.333333333333336,7.666666666666667,22.333333333333332,13.0,13.0,15.333333333333334,10.333333333333334,15.0,20.0,60.0,6.666666666666667,23.0,14.666666666666666,13.666666666666666,16.666666666666668,4.666666666666667,14.666666666666666,7.666666666666667,1.0,0.0,1,5,-4,2661.724001680967,2095.7599655717468,1612.0005275528713,1612.0005275528713
1061,2018,3323,90,3401,84,0,33.166666666666664,62.333333333333336,5.333333333333333,12.166666666666666,12.666666666666666,18.166666666666668,12.333333333333334,6.166666666666667,11.833333333333334,23.5,63.666666666666664,8.166666666666666,22.666666666666668,12.166666666666666,14.833333333333334,12.833333333333334,5.833333333333333,14.333333333333334,21.166666666666668,28.333333333333332,60.333333333333336,5.0,13.0,11.666666666666666,12.0,13.833333333333334,5.5,14.333333333333334,24.833333333333332,69.16666666666667,6.666666666666667,22.333333333333332,12.666666666666666,12.833333333333334,9.333333333333334,5.333333333333333,13.666666666666666,10.5,0.6666666666666666,0.6666666666666666,1,4,-3,2480.453268183796,2053.561594283648,1612.0005275528713,1612.0005275528713
1062,2018,3332,83,3141,69,0,28.333333333333332,56.333333333333336,10.166666666666666,22.0,10.833333333333334,16.333333333333332,11.0,5.833333333333333,10.5,24.5,60.666666666666664,5.666666666666667,19.166666666666668,13.666666666666666,13.0,11.5,6.333333333333333,12.833333333333334,15.5,29.5,60.875,7.875,20.625,11.625,13.5,14.625,3.5,13.375,27.375,67.875,7.875,22.375,10.5,14.375,8.625,7.625,18.125,8.375,1.0,1.0,2,11,-9,2173.444350220587,1907.1398708369304,1612.0005275528713,1612.0005275528713
1063,2018,3376,79,3138,63,0,23.833333333333332,51.666666666666664,3.0,8.333333333333334,9.666666666666666,15.166666666666666,18.5,4.5,12.0,22.333333333333332,66.5,3.0,14.5,15.0,9.666666666666666,10.5,8.833333333333334,16.833333333333332,8.666666666666666,30.75,68.5,7.75,22.375,15.25,19.25,12.625,11.25,18.875,20.875,57.625,5.75,21.75,11.25,10.75,18.625,5.375,15.5,20.875,1.0,0.8,2,11,-9,2327.4083224800074,1840.812537031848,1612.0005275528713,1612.0005275528713
1064,2018,3257,76,3333,43,0,26.333333333333332,58.833333333333336,6.166666666666667,17.833333333333332,9.833333333333334,15.333333333333334,12.0,8.0,17.0,21.5,54.166666666666664,4.166666666666667,14.5,10.666666666666666,10.333333333333334,15.333333333333334,5.666666666666667,14.333333333333334,10.666666666666666,24.75,51.0,5.5,15.5,9.25,16.25,12.5,3.0,11.0,20.5,60.25,3.75,14.75,13.25,11.25,6.5,8.0,12.75,7.25,1.0,0.0,1,6,-5,2316.941308391284,2181.747764445436,1612.0005275528713,1612.0005275528713
1065,2018,3280,89,3417,73,0,27.666666666666668,60.833333333333336,8.333333333333334,19.833333333333332,9.5,15.833333333333334,9.333333333333334,6.0,13.833333333333334,23.0,54.833333333333336,2.8333333333333335,10.0,9.333333333333334,8.166666666666666,14.833333333333334,4.333333333333333,15.833333333333334,15.166666666666666,29.2,67.2,7.0,20.0,15.6,17.4,10.4,9.0,16.2,27.2,60.2,8.2,20.8,12.2,15.2,13.8,6.8,14.6,1.2,0.6666666666666666,0.5,1,3,-2,2335.4177569957465,2149.4510453169883,1612.0005275528713,1612.0005275528713
1066,2018,3163,94,3376,65,0,32.857142857142854,64.14285714285714,7.428571428571429,19.857142857142858,12.0,22.285714285714285,11.142857142857142,11.0,11.142857142857142,16.714285714285715,56.57142857142857,5.714285714285714,19.714285714285715,9.714285714285714,8.142857142857142,18.857142857142858,4.857142857142857,14.285714285714286,39.142857142857146,23.833333333333332,51.666666666666664,3.0,8.333333333333334,9.666666666666666,15.166666666666666,18.5,4.5,12.0,22.333333333333332,66.5,3.0,14.5,15.0,9.666666666666666,10.5,8.833333333333334,16.833333333333332,8.666666666666666,1.0,1.0,1,2,-1,2661.724001680967,2327.4083224800074,1612.0005275528713,1612.0005275528713
1067,2018,3323,84,3332,74,0,33.166666666666664,62.333333333333336,5.333333333333333,12.166666666666666,12.666666666666666,18.166666666666668,12.333333333333334,6.166666666666667,11.833333333333334,23.5,63.666666666666664,8.166666666666666,22.666666666666668,12.166666666666666,14.833333333333334,12.833333333333334,5.833333333333333,14.333333333333334,21.166666666666668,28.333333333333332,56.333333333333336,10.166666666666666,22.0,10.833333333333334,16.333333333333332,11.0,5.833333333333333,10.5,24.5,60.666666666666664,5.666666666666667,19.166666666666668,13.666666666666666,13.0,11.5,6.333333333333333,12.833333333333334,15.5,0.6666666666666666,1.0,1,2,-1,2480.453268183796,2173.444350220587,1612.0005275528713,1612.0005275528713
1068,2018,3280,73,3257,63,0,27.666666666666668,60.833333333333336,8.333333333333334,19.833333333333332,9.5,15.833333333333334,9.333333333333334,6.0,13.833333333333334,23.0,54.833333333333336,2.8333333333333335,10.0,9.333333333333334,8.166666666666666,14.833333333333334,4.333333333333333,15.833333333333334,15.166666666666666,26.333333333333332,58.833333333333336,6.166666666666667,17.833333333333332,9.833333333333334,15.333333333333334,12.0,8.0,17.0,21.5,54.166666666666664,4.166666666666667,14.5,10.666666666666666,10.333333333333334,15.333333333333334,5.666666666666667,14.333333333333334,10.666666666666666,0.6666666666666666,1.0,1,1,0,2335.4177569957465,2316.941308391284,1612.0005275528713,1612.0005275528713
1069,2018,3323,91,3163,89,0,33.166666666666664,62.333333333333336,5.333333333333333,12.166666666666666,12.666666666666666,18.166666666666668,12.333333333333334,6.166666666666667,11.833333333333334,23.5,63.666666666666664,8.166666666666666,22.666666666666668,12.166666666666666,14.833333333333334,12.833333333333334,5.833333333333333,14.333333333333334,21.166666666666668,32.857142857142854,64.14285714285714,7.428571428571429,19.857142857142858,12.0,22.285714285714285,11.142857142857142,11.0,11.142857142857142,16.714285714285715,56.57142857142857,5.714285714285714,19.714285714285715,9.714285714285714,8.142857142857142,18.857142857142858,4.857142857142857,14.285714285714286,39.142857142857146,0.6666666666666666,1.0,1,1,0,2480.453268183796,2661.724001680967,1612.0005275528713,1612.0005275528713
1070,2018,3323,61,3280,58,0,33.166666666666664,62.333333333333336,5.333333333333333,12.166666666666666,12.666666666666666,18.166666666666668,12.333333333333334,6.166666666666667,11.833333333333334,23.5,63.666666666666664,8.166666666666666,22.666666666666668,12.166666666666666,14.833333333333334,12.833333333333334,5.833333333333333,14.333333333333334,21.166666666666668,27.666666666666668,60.833333333333336,8.333333333333334,19.833333333333332,9.5,15.833333333333334,9.333333333333334,6.0,13.833333333333334,23.0,54.833333333333336,2.8333333333333335,10.0,9.333333333333334,8.166666666666666,14.833333333333334,4.333333333333333,15.833333333333334,15.166666666666666,0.6666666666666666,0.6666666666666666,1,1,0,2480.453268183796,2335.4177569957465,1612.0005275528713,1612.0005275528713
1071,2018,3212,46,3124,96,-1,27.125,64.125,4.75,16.5,12.625,13.25,15.0,9.75,16.25,25.5,61.875,4.375,15.875,13.75,12.0,18.75,7.125,18.875,7.125,32.142857142857146,64.28571428571429,4.142857142857143,10.285714285714286,15.0,17.0,11.857142857142858,6.285714285714286,15.142857142857142,21.285714285714285,59.0,6.714285714285714,20.428571428571427,9.142857142857142,9.428571428571429,14.285714285714286,5.428571428571429,20.142857142857142,26.285714285714285,0.8333333333333334,1.0,15,2,13,1337.8194338301628,2407.871141756683,1612.0005275528713,1612.0005275528713
1072,2018,3328,79,3177,90,0,26.8,61.6,5.8,17.8,12.0,10.8,14.6,9.4,16.4,27.2,60.8,9.0,19.6,11.0,16.2,17.4,7.8,20.0,1.8,28.333333333333332,63.833333333333336,11.666666666666666,32.666666666666664,12.333333333333334,18.0,12.666666666666666,5.666666666666667,13.5,23.5,64.16666666666667,5.0,18.666666666666668,9.333333333333334,11.0,10.666666666666666,6.5,15.666666666666666,19.166666666666668,0.0,1.0,12,5,7,1965.1336365400464,2053.567419625257,1612.0005275528713,1612.0005275528713
1073,2018,3129,42,3257,74,-1,23.857142857142858,55.857142857142854,6.571428571428571,19.285714285714285,11.571428571428571,12.714285714285714,14.428571428571429,4.857142857142857,15.142857142857142,19.571428571428573,59.57142857142857,4.428571428571429,17.285714285714285,13.0,7.428571428571429,12.857142857142858,5.714285714285714,12.857142857142858,10.428571428571429,26.333333333333332,58.833333333333336,6.166666666666667,17.833333333333332,9.833333333333334,15.333333333333334,12.0,8.0,17.0,21.5,54.166666666666664,4.166666666666667,14.5,10.666666666666666,10.333333333333334,15.333333333333334,5.666666666666667,14.333333333333334,10.666666666666666,1.0,1.0,16,1,15,1714.977196744263,2316.941308391284,1612.0005275528713,1612.0005275528713
1074,2018,3173,65,3266,84,0,22.4,57.0,8.4,21.4,11.4,11.2,11.8,3.8,18.2,21.8,61.2,5.8,17.2,11.8,12.0,9.6,5.2,17.8,4.2,28.166666666666668,62.666666666666664,5.5,20.333333333333332,11.833333333333334,13.666666666666666,12.166666666666666,9.666666666666666,15.333333333333334,27.333333333333332,62.333333333333336,7.166666666666667,20.833333333333332,10.5,14.833333333333334,15.5,6.166666666666667,16.666666666666668,5.333333333333333,0.5,0.6666666666666666,9,8,1,1865.648183775413,1937.5276173943912,1612.0005275528713,1612.0005275528713
1075,2018,3343,57,3268,77,0,25.714285714285715,56.42857142857143,7.857142857142857,22.571428571428573,11.285714285714286,16.0,12.571428571428571,5.571428571428571,16.0,19.428571428571427,54.57142857142857,5.142857142857143,17.571428571428573,7.857142857142857,9.0,12.285714285714286,7.142857142857143,14.142857142857142,17.428571428571427,26.666666666666668,62.5,3.5,12.5,15.0,14.333333333333334,12.166666666666666,6.833333333333333,15.0,25.166666666666668,58.833333333333336,8.166666666666666,19.5,10.833333333333334,14.166666666666666,12.166666666666666,5.333333333333333,16.5,-1.1666666666666667,1.0,0.6666666666666666,12,5,7,1803.991020930458,2188.147928569876,1612.0005275528713,1612.0005275528713
1076,2018,3294,61,3276,75,0,25.428571428571427,58.0,10.0,25.571428571428573,9.714285714285714,15.428571428571429,13.0,9.428571428571429,14.285714285714286,22.428571428571427,57.42857142857143,5.428571428571429,16.428571428571427,13.0,11.142857142857142,16.857142857142858,7.0,15.857142857142858,10.714285714285714,24.333333333333332,57.333333333333336,6.333333333333333,15.0,13.333333333333334,14.333333333333334,15.0,6.0,16.333333333333332,23.0,58.0,3.0,15.0,12.0,11.666666666666666,13.0,7.666666666666667,16.0,9.333333333333334,1.0,0.5,10,7,3,1713.7705462796168,1933.224218634001,1612.0005275528713,1612.0005275528713
1077,2018,3453,77,3278,89,0,26.142857142857142,59.857142857142854,5.0,17.285714285714285,14.285714285714286,14.857142857142858,10.142857142857142,8.857142857142858,14.571428571428571,15.285714285714286,50.142857142857146,6.0,21.428571428571427,7.428571428571429,8.0,17.142857142857142,5.428571428571429,18.857142857142858,25.571428571428573,29.4,72.0,7.8,25.8,14.6,15.0,10.6,9.6,17.2,30.4,66.8,8.0,19.6,10.8,18.8,15.8,5.0,17.8,3.0,1.0,0.5,7,10,-3,1937.6906519332397,1950.0253602818511,1612.0005275528713,1612.0005275528713
1078,2018,3189,35,3301,62,-1,27.0,52.42857142857143,5.714285714285714,14.714285714285714,9.571428571428571,16.857142857142858,16.857142857142858,8.285714285714286,15.142857142857142,18.428571428571427,57.42857142857143,4.571428571428571,20.142857142857142,13.571428571428571,11.428571428571429,15.857142857142858,7.857142857142857,17.571428571428573,18.0,23.166666666666668,57.666666666666664,5.333333333333333,18.666666666666668,11.833333333333334,12.833333333333334,12.666666666666666,6.833333333333333,13.0,24.5,57.666666666666664,6.166666666666667,16.166666666666668,9.0,13.333333333333334,14.666666666666666,7.0,17.833333333333332,3.1666666666666665,1.0,0.6666666666666666,13,4,9,1814.6561874774077,2050.3112547781398,1612.0005275528713,1612.0005275528713
1079,2018,3169,81,3323,99,-1,23.75,55.25,3.75,15.375,11.75,16.5,14.875,5.875,10.875,22.25,62.625,7.125,23.0,11.375,14.875,11.75,8.25,19.25,6.75,33.166666666666664,62.333333333333336,5.333333333333333,12.166666666666666,12.666666666666666,18.166666666666668,12.333333333333334,6.166666666666667,11.833333333333334,23.5,63.666666666666664,8.166666666666666,22.666666666666668,12.166666666666666,14.833333333333334,12.833333333333334,5.833333333333333,14.333333333333334,21.166666666666668,0.8333333333333334,0.6666666666666666,16,1,15,1519.5209875865387,2480.453268183796,1612.0005275528713,1612.0005275528713
1080,2018,3370,45,3332,88,-1,24.428571428571427,57.42857142857143,6.571428571428571,16.142857142857142,12.142857142857142,13.142857142857142,14.571428571428571,5.0,13.714285714285714,22.285714285714285,60.714285714285715,4.285714285714286,18.142857142857142,8.714285714285714,8.142857142857142,9.142857142857142,7.142857142857143,13.142857142857142,8.142857142857142,28.333333333333332,56.333333333333336,10.166666666666666,22.0,10.833333333333334,16.333333333333332,11.0,5.833333333333333,10.5,24.5,60.666666666666664,5.666666666666667,19.166666666666668,13.666666666666666,13.0,11.5,6.333333333333333,12.833333333333334,15.5,1.0,1.0,15,2,13,1416.9184315169862,2173.444350220587,1612.0005275528713,1612.0005275528713
1081,2018,3443,58,3333,82,0,27.571428571428573,62.57142857142857,4.571428571428571,14.0,15.0,14.285714285714286,9.285714285714286,9.571428571428571,16.714285714285715,22.857142857142858,56.285714285714285,5.285714285714286,17.142857142857142,12.571428571428571,14.428571428571429,16.142857142857142,3.7142857142857144,19.0,13.857142857142858,24.75,51.0,5.5,15.5,9.25,16.25,12.5,3.0,11.0,20.5,60.25,3.75,14.75,13.25,11.25,6.5,8.0,12.75,7.25,0.6,0.0,11,6,5,1806.3656713581136,2181.747764445436,1612.0005275528713,1612.0005275528713
1082,2018,3299,52,3376,63,-1,24.75,64.125,3.75,13.5,15.875,12.625,18.0,9.0,21.125,18.75,60.75,4.0,17.25,13.75,11.0,22.0,7.375,22.125,12.625,23.833333333333332,51.666666666666664,3.0,8.333333333333334,9.666666666666666,15.166666666666666,18.5,4.5,12.0,22.333333333333332,66.5,3.0,14.5,15.0,9.666666666666666,10.5,8.833333333333334,16.833333333333332,8.666666666666666,1.0,1.0,15,2,13,1444.860260879779,2327.4083224800074,1612.0005275528713,1612.0005275528713
1083,2018,3251,60,3397,100,-1,25.625,54.75,5.125,16.0,13.875,14.25,13.375,7.5,17.5,17.375,51.25,2.625,13.125,9.0,8.75,14.375,5.75,18.75,22.125,25.6,66.6,4.0,13.6,17.0,11.0,14.4,10.2,14.2,22.4,52.2,3.8,13.2,8.2,12.4,20.8,6.2,13.6,7.0,1.0,0.5,14,3,11,1496.4203335734558,2092.889145416984,1612.0005275528713,1612.0005275528713
1084,2018,3179,76,3401,89,-1,28.857142857142858,59.42857142857143,11.0,27.0,10.857142857142858,22.428571428571427,13.142857142857142,10.142857142857142,12.857142857142858,21.285714285714285,59.0,6.571428571428571,22.571428571428573,10.285714285714286,14.285714285714286,15.714285714285714,6.285714285714286,16.285714285714285,24.0,28.333333333333332,60.333333333333336,5.0,13.0,11.666666666666666,12.0,13.833333333333334,5.5,14.333333333333334,24.833333333333332,69.16666666666667,6.666666666666667,22.333333333333332,12.666666666666666,12.833333333333334,9.333333333333334,5.333333333333333,13.666666666666666,10.5,1.0,0.6666666666666666,13,4,9,1821.5574601874812,2053.561594283648,1612.0005275528713,1612.0005275528713
1085,2018,3355,74,3437,81,0,27.166666666666668,59.333333333333336,8.5,21.666666666666668,11.166666666666666,16.0,13.166666666666666,6.833333333333333,14.5,18.666666666666668,56.5,7.166666666666667,26.166666666666668,8.0,9.166666666666666,13.166666666666666,8.0,17.666666666666668,19.0,22.25,57.25,7.5,26.5,9.5,13.25,8.75,3.0,13.5,21.25,57.5,4.0,15.0,9.5,10.75,7.5,3.75,14.25,6.0,1.0,0.0,8,9,-1,1852.2364403889508,1859.2657816589488,1612.0005275528713,1612.0005275528713
1086,2018,3143,62,3438,68,0,30.4,62.2,5.6,15.2,13.2,15.0,13.8,5.8,15.4,23.0,61.8,7.6,23.4,11.4,12.2,10.4,7.2,12.0,8.2,17.6,54.4,5.2,19.8,11.6,11.4,16.2,5.0,16.2,22.8,57.8,5.4,14.6,12.8,12.2,12.0,8.8,15.2,-10.8,0.5,0.5,7,10,-3,1962.080042834932,1939.71460560436,1612.0005275528713,1612.0005275528713
1087,2018,3304,62,3113,73,0,22.8,61.8,7.4,23.6,14.6,13.8,13.0,5.4,19.2,22.6,59.4,5.6,17.8,11.0,11.0,10.8,7.4,16.4,-1.6,22.5,56.166666666666664,4.166666666666667,13.0,13.5,14.333333333333334,9.5,5.5,12.0,22.0,49.333333333333336,5.166666666666667,15.166666666666666,6.166666666666667,10.5,12.333333333333334,4.833333333333333,14.666666666666666,5.0,0.5,0.6666666666666666,10,7,3,1863.525438780933,1984.6736156764528,1612.0005275528713,1612.0005275528713
1088,2018,3378,79,3138,102,0,25.0,58.57142857142857,8.428571428571429,24.428571428571427,10.428571428571429,15.857142857142858,16.142857142857142,6.142857142857143,13.142857142857142,25.857142857142858,61.857142857142854,4.571428571428571,13.142857142857142,8.571428571428571,13.428571428571429,11.428571428571429,8.428571428571429,17.714285714285715,7.142857142857143,30.75,68.5,7.75,22.375,15.25,19.25,12.625,11.25,18.875,20.875,57.625,5.75,21.75,11.25,10.75,18.625,5.375,15.5,20.875,0.5,0.8,6,11,-5,2007.3376979987809,1840.812537031848,1612.0005275528713,1612.0005275528713
1089,2018,3261,69,3141,78,0,26.75,71.5,1.0,8.75,16.75,11.5,10.5,10.5,18.5,23.0,60.25,4.0,15.75,15.25,11.75,16.0,6.0,15.5,-2.25,29.5,60.875,7.875,20.625,11.625,13.5,14.625,3.5,13.375,27.375,67.875,7.875,22.375,10.5,14.375,8.625,7.625,18.125,8.375,0.0,1.0,6,11,-5,1939.9845799406407,1907.1398708369304,1612.0005275528713,1612.0005275528713
1090,2018,3384,52,3163,140,-1,27.444444444444443,69.88888888888889,11.0,33.77777777777778,15.11111111111111,16.666666666666668,15.0,13.666666666666666,15.0,24.444444444444443,62.111111111111114,7.0,21.88888888888889,12.666666666666666,14.11111111111111,21.444444444444443,7.333333333333333,18.88888888888889,16.11111111111111,32.857142857142854,64.14285714285714,7.428571428571429,19.857142857142858,12.0,22.285714285714285,11.142857142857142,11.0,11.142857142857142,16.714285714285715,56.57142857142857,5.714285714285714,19.714285714285715,9.714285714285714,8.142857142857142,18.857142857142858,4.857142857142857,14.285714285714286,39.142857142857146,1.0,1.0,16,1,15,1430.0065802238903,2661.724001680967,1612.0005275528713,1612.0005275528713
1091,2018,3234,70,3166,76,0,28.2,56.0,5.0,11.8,7.8,21.4,17.4,5.6,12.0,25.6,68.8,6.4,21.2,13.4,12.2,12.8,10.8,19.6,11.8,22.6,53.6,8.2,22.0,8.2,13.4,12.2,2.8,16.8,24.4,61.0,3.6,13.6,11.6,13.4,8.0,7.2,13.6,0.2,0.5,0.5,6,11,-5,1963.1148113211389,1873.550191509259,1612.0005275528713,1612.0005275528713
1092,2018,3125,58,3181,72,0,27.333333333333332,63.833333333333336,11.0,30.5,15.0,19.166666666666668,12.666666666666666,5.0,13.666666666666666,19.333333333333332,61.5,4.0,18.0,9.5,8.666666666666666,10.0,4.666666666666667,15.833333333333334,23.0,23.666666666666668,61.333333333333336,7.666666666666667,22.333333333333332,13.0,13.0,15.333333333333334,10.333333333333334,15.0,20.0,60.0,6.666666666666667,23.0,14.666666666666666,13.666666666666666,16.666666666666668,4.666666666666667,14.666666666666666,7.666666666666667,1.0,0.0,12,5,7,1752.4810594163305,2095.7599655717468,1612.0005275528713,1612.0005275528713
1093,2018,3281,70,3195,80,0,23.0,52.6,7.8,20.2,10.6,16.2,17.4,4.6,15.4,24.0,57.0,6.0,14.6,8.8,10.8,11.6,7.2,18.2,-1.0,29.5,61.666666666666664,13.833333333333334,33.0,11.5,18.5,12.5,9.0,15.833333333333334,21.166666666666668,55.5,4.833333333333333,16.666666666666668,9.666666666666666,10.5,18.0,5.0,14.833333333333334,26.333333333333332,0.5,1.0,5,12,-7,2018.5708415310085,1862.929575077904,1612.0005275528713,1612.0005275528713
1094,2018,3114,49,3199,91,-1,25.375,53.375,4.0,10.25,10.375,14.25,15.5,7.875,14.875,18.75,53.0,3.0,13.875,11.625,7.625,17.125,6.375,13.5,13.75,25.0,57.6,5.6,16.0,13.4,13.8,14.0,5.6,13.2,25.0,62.2,6.0,17.8,15.0,12.4,12.2,7.8,18.6,2.4,1.0,0.5,14,3,11,1710.0679219511833,2159.9980528030774,1612.0005275528713,1612.0005275528713
1095,2018,3273,63,3208,68,-1,26.833333333333332,60.5,4.0,11.833333333333334,10.5,15.0,7.833333333333333,8.5,12.666666666666666,19.5,50.833333333333336,3.3333333333333335,12.833333333333334,9.166666666666666,9.0,17.333333333333332,3.3333333333333335,15.5,18.333333333333332,22.2,61.0,3.4,14.4,13.4,15.2,13.6,8.2,17.8,17.6,54.2,3.8,14.8,10.8,9.2,17.4,6.4,13.4,6.4,1.0,0.5,13,4,9,1785.5285595385858,2019.304611520827,1612.0005275528713,1612.0005275528713
1096,2018,3311,50,3280,95,-1,22.75,55.0,5.875,17.375,12.625,11.75,18.0,11.125,17.5,21.75,60.625,5.375,21.125,14.875,11.375,18.125,9.5,19.875,9.625,27.666666666666668,60.833333333333336,8.333333333333334,19.833333333333332,9.5,15.833333333333334,9.333333333333334,6.0,13.833333333333334,23.0,54.833333333333336,2.8333333333333335,10.0,9.333333333333334,8.166666666666666,14.833333333333334,4.333333333333333,15.833333333333334,15.166666666666666,1.0,0.6666666666666666,16,1,15,1344.3743861809503,2335.4177569957465,1612.0005275528713,1612.0005275528713
1097,2018,3203,45,3326,87,-1,20.714285714285715,51.42857142857143,4.285714285714286,15.428571428571429,8.0,11.571428571428571,8.428571428571429,6.571428571428571,11.714285714285714,21.0,51.714285714285715,3.857142857142857,13.571428571428571,9.857142857142858,11.142857142857142,14.142857142857142,3.142857142857143,16.285714285714285,7.0,32.0,67.5,7.333333333333333,18.333333333333332,14.5,14.333333333333334,11.666666666666666,7.666666666666667,14.333333333333334,25.166666666666668,68.0,5.0,16.666666666666668,16.833333333333332,13.833333333333334,13.833333333333334,5.0,16.666666666666668,18.166666666666668,1.0,1.0,14,3,11,1777.661017800038,2165.52037860607,1612.0005275528713,1612.0005275528713
1098,2018,3393,57,3329,84,0,23.75,62.0,11.5,32.0,13.0,13.75,13.5,8.75,13.5,25.5,60.0,7.5,25.0,12.5,15.5,15.5,6.75,16.5,1.5,23.8,59.6,6.2,20.2,11.6,12.0,12.2,7.0,14.0,27.2,62.2,6.4,16.8,10.2,13.2,12.6,6.8,18.6,-1.6,0.0,0.5,8,9,-1,2017.3980884222065,1969.301818011164,1612.0005275528713,1612.0005275528713
1099,2018,3274,72,3346,86,0,24.8,55.8,5.6,15.8,11.2,13.2,15.8,9.6,15.6,22.6,60.4,5.8,20.0,14.6,12.4,16.8,8.6,16.6,6.0,29.833333333333332,67.66666666666667,7.833333333333333,21.0,14.0,16.333333333333332,9.333333333333334,9.0,17.166666666666668,21.333333333333332,56.333333333333336,5.833333333333333,16.166666666666668,8.833333333333334,12.5,16.333333333333332,4.666666666666667,16.333333333333332,19.166666666666668,0.5,1.0,8,9,-1,2006.5315914649848,1862.7890973319384,1612.0005275528713,1612.0005275528713
1100,2018,3211,68,3390,82,-1,25.666666666666668,60.166666666666664,6.833333333333333,19.666666666666668,12.833333333333334,15.5,12.833333333333334,8.333333333333334,14.0,21.0,58.833333333333336,3.3333333333333335,14.333333333333334,11.833333333333334,9.166666666666666,13.666666666666666,5.833333333333333,15.333333333333334,13.166666666666666,25.4,57.8,7.0,21.0,11.4,11.4,13.4,8.0,16.6,22.6,54.6,7.2,20.4,11.6,10.0,13.2,8.0,13.4,-0.6,1.0,0.6666666666666666,13,4,9,1884.680098721308,2158.4664660916137,1612.0005275528713,1612.0005275528713
1101,2018,3263,54,3400,83,-1,25.8,57.6,7.4,22.6,11.4,15.6,12.2,6.6,16.8,19.0,52.8,5.2,16.8,10.8,9.6,15.0,5.6,15.2,16.8,30.285714285714285,66.85714285714286,6.428571428571429,15.857142857142858,12.857142857142858,16.571428571428573,12.857142857142858,6.285714285714286,19.0,25.714285714285715,62.42857142857143,3.7142857142857144,16.571428571428573,10.714285714285714,11.285714285714286,12.142857142857142,6.571428571428571,14.857142857142858,7.428571428571429,1.0,0.75,15,2,13,1621.0032237637504,2213.7921284822705,1612.0005275528713,1612.0005275528713
1102,2018,3110,60,3417,71,-1,20.571428571428573,57.285714285714285,4.857142857142857,17.285714285714285,9.428571428571429,14.0,11.285714285714286,9.0,15.571428571428571,19.571428571428573,55.714285714285715,5.857142857142857,17.428571428571427,11.857142857142858,11.142857142857142,18.428571428571427,6.714285714285714,17.857142857142858,4.428571428571429,29.2,67.2,7.0,20.0,15.6,17.4,10.4,9.0,16.2,27.2,60.2,8.2,20.8,12.2,15.2,13.8,6.8,14.6,1.2,0.75,0.5,14,3,11,1595.951583500603,2149.4510453169883,1612.0005275528713,1612.0005275528713
1103,2018,3276,58,3124,80,-1,24.333333333333332,57.333333333333336,6.333333333333333,15.0,13.333333333333334,14.333333333333334,15.0,6.0,16.333333333333332,23.0,58.0,3.0,15.0,12.0,11.666666666666666,13.0,7.666666666666667,16.0,9.333333333333334,32.142857142857146,64.28571428571429,4.142857142857143,10.285714285714286,15.0,17.0,11.857142857142858,6.285714285714286,15.142857142857142,21.285714285714285,59.0,6.714285714285714,20.428571428571427,9.142857142857142,9.428571428571429,14.285714285714286,5.428571428571429,20.142857142857142,26.285714285714285,0.5,1.0,7,2,5,1933.224218634001,2407.871141756683,1612.0005275528713,1612.0005275528713
1104,2018,3266,72,3257,90,-1,28.166666666666668,62.666666666666664,5.5,20.333333333333332,11.833333333333334,13.666666666666666,12.166666666666666,9.666666666666666,15.333333333333334,27.333333333333332,62.333333333333336,7.166666666666667,20.833333333333332,10.5,14.833333333333334,15.5,6.166666666666667,16.666666666666668,5.333333333333333,26.333333333333332,58.833333333333336,6.166666666666667,17.833333333333332,9.833333333333334,15.333333333333334,12.0,8.0,17.0,21.5,54.166666666666664,4.166666666666667,14.5,10.666666666666666,10.333333333333334,15.333333333333334,5.666666666666667,14.333333333333334,10.666666666666666,0.6666666666666666,1.0,8,1,7,1937.5276173943912,2316.941308391284,1612.0005275528713,1612.0005275528713
1105,2018,3268,60,3301,74,-1,26.666666666666668,62.5,3.5,12.5,15.0,14.333333333333334,12.166666666666666,6.833333333333333,15.0,25.166666666666668,58.833333333333336,8.166666666666666,19.5,10.833333333333334,14.166666666666666,12.166666666666666,5.333333333333333,16.5,-1.1666666666666667,23.166666666666668,57.666666666666664,5.333333333333333,18.666666666666668,11.833333333333334,12.833333333333334,12.666666666666666,6.833333333333333,13.0,24.5,57.666666666666664,6.166666666666667,16.166666666666668,9.0,13.333333333333334,14.666666666666666,7.0,17.833333333333332,3.1666666666666665,0.6666666666666666,0.6666666666666666,5,4,1,2188.147928569876,2050.3112547781398,1612.0005275528713,1612.0005275528713
1106,2018,3437,72,3323,98,-1,22.25,57.25,7.5,26.5,9.5,13.25,8.75,3.0,13.5,21.25,57.5,4.0,15.0,9.5,10.75,7.5,3.75,14.25,6.0,33.166666666666664,62.333333333333336,5.333333333333333,12.166666666666666,12.666666666666666,18.166666666666668,12.333333333333334,6.166666666666667,11.833333333333334,23.5,63.666666666666664,8.166666666666666,22.666666666666668,12.166666666666666,14.833333333333334,12.833333333333334,5.833333333333333,14.333333333333334,21.166666666666668,0.0,0.6666666666666666,9,1,8,1859.2657816589488,2480.453268183796,1612.0005275528713,1612.0005275528713
1107,2018,3278,73,3332,101,-1,29.4,72.0,7.8,25.8,14.6,15.0,10.6,9.6,17.2,30.4,66.8,8.0,19.6,10.8,18.8,15.8,5.0,17.8,3.0,28.333333333333332,56.333333333333336,10.166666666666666,22.0,10.833333333333334,16.333333333333332,11.0,5.833333333333333,10.5,24.5,60.666666666666664,5.666666666666667,19.166666666666668,13.666666666666666,13.0,11.5,6.333333333333333,12.833333333333334,15.5,0.5,1.0,10,2,8,1950.0253602818511,2173.444350220587,1612.0005275528713,1612.0005275528713
1108,2018,3397,59,3333,66,1,25.6,66.6,4.0,13.6,17.0,11.0,14.4,10.2,14.2,22.4,52.2,3.8,13.2,8.2,12.4,20.8,6.2,13.6,7.0,24.75,51.0,5.5,15.5,9.25,16.25,12.5,3.0,11.0,20.5,60.25,3.75,14.75,13.25,11.25,6.5,8.0,12.75,7.25,0.5,0.0,3,6,-3,2092.889145416984,2181.747764445436,1612.0005275528713,1612.0005275528713
1109,2018,3438,56,3376,66,-1,17.6,54.4,5.2,19.8,11.6,11.4,16.2,5.0,16.2,22.8,57.8,5.4,14.6,12.8,12.2,12.0,8.8,15.2,-10.8,23.833333333333332,51.666666666666664,3.0,8.333333333333334,9.666666666666666,15.166666666666666,18.5,4.5,12.0,22.333333333333332,66.5,3.0,14.5,15.0,9.666666666666666,10.5,8.833333333333334,16.833333333333332,8.666666666666666,0.5,1.0,10,2,8,1939.71460560436,2327.4083224800074,1612.0005275528713,1612.0005275528713
1110,2018,3177,79,3401,80,-1,28.333333333333332,63.833333333333336,11.666666666666666,32.666666666666664,12.333333333333334,18.0,12.666666666666666,5.666666666666667,13.5,23.5,64.16666666666667,5.0,18.666666666666668,9.333333333333334,11.0,10.666666666666666,6.5,15.666666666666666,19.166666666666668,28.333333333333332,60.333333333333336,5.0,13.0,11.666666666666666,12.0,13.833333333333334,5.5,14.333333333333334,24.833333333333332,69.16666666666667,6.666666666666667,22.333333333333332,12.666666666666666,12.833333333333334,9.333333333333334,5.333333333333333,13.666666666666666,10.5,1.0,0.6666666666666666,5,4,1,2053.567419625257,2053.561594283648,1612.0005275528713,1612.0005275528713
1111,2018,3199,65,3138,86,1,25.0,57.6,5.6,16.0,13.4,13.8,14.0,5.6,13.2,25.0,62.2,6.0,17.8,15.0,12.4,12.2,7.8,18.6,2.4,30.75,68.5,7.75,22.375,15.25,19.25,12.625,11.25,18.875,20.875,57.625,5.75,21.75,11.25,10.75,18.625,5.375,15.5,20.875,0.5,0.8,3,11,-8,2159.9980528030774,1840.812537031848,1612.0005275528713,1612.0005275528713
1112,2018,3326,78,3141,95,1,32.0,67.5,7.333333333333333,18.333333333333332,14.5,14.333333333333334,11.666666666666666,7.666666666666667,14.333333333333334,25.166666666666668,68.0,5.0,16.666666666666668,16.833333333333332,13.833333333333334,13.833333333333334,5.0,16.666666666666668,18.166666666666668,29.5,60.875,7.875,20.625,11.625,13.5,14.625,3.5,13.375,27.375,67.875,7.875,22.375,10.5,14.375,8.625,7.625,18.125,8.375,1.0,1.0,3,11,-8,2165.52037860607,1907.1398708369304,1612.0005275528713,1612.0005275528713
1113,2018,3346,46,3163,71,-1,29.833333333333332,67.66666666666667,7.833333333333333,21.0,14.0,16.333333333333332,9.333333333333334,9.0,17.166666666666668,21.333333333333332,56.333333333333336,5.833333333333333,16.166666666666668,8.833333333333334,12.5,16.333333333333332,4.666666666666667,16.333333333333332,19.166666666666668,32.857142857142854,64.14285714285714,7.428571428571429,19.857142857142858,12.0,22.285714285714285,11.142857142857142,11.0,11.142857142857142,16.714285714285715,56.57142857142857,5.714285714285714,19.714285714285715,9.714285714285714,8.142857142857142,18.857142857142858,4.857142857142857,14.285714285714286,39.142857142857146,1.0,1.0,9,1,8,1862.7890973319384,2661.724001680967,1612.0005275528713,1612.0005275528713
1114,2018,3208,40,3181,66,1,22.2,61.0,3.4,14.4,13.4,15.2,13.6,8.2,17.8,17.6,54.2,3.8,14.8,10.8,9.2,17.4,6.4,13.4,6.4,23.666666666666668,61.333333333333336,7.666666666666667,22.333333333333332,13.0,13.0,15.333333333333334,10.333333333333334,15.0,20.0,60.0,6.666666666666667,23.0,14.666666666666666,13.666666666666666,16.666666666666668,4.666666666666667,14.666666666666666,7.666666666666667,0.5,0.0,4,5,-1,2019.304611520827,2095.7599655717468,1612.0005275528713,1612.0005275528713
1115,2018,3329,56,3280,71,-1,23.8,59.6,6.2,20.2,11.6,12.0,12.2,7.0,14.0,27.2,62.2,6.4,16.8,10.2,13.2,12.6,6.8,18.6,-1.6,27.666666666666668,60.833333333333336,8.333333333333334,19.833333333333332,9.5,15.833333333333334,9.333333333333334,6.0,13.833333333333334,23.0,54.833333333333336,2.8333333333333335,10.0,9.333333333333334,8.166666666666666,14.833333333333334,4.333333333333333,15.833333333333334,15.166666666666666,0.5,0.6666666666666666,9,1,8,1969.301818011164,2335.4177569957465,1612.0005275528713,1612.0005275528713
1116,2018,3195,70,3390,90,-1,29.5,61.666666666666664,13.833333333333334,33.0,11.5,18.5,12.5,9.0,15.833333333333334,21.166666666666668,55.5,4.833333333333333,16.666666666666668,9.666666666666666,10.5,18.0,5.0,14.833333333333334,26.333333333333332,25.4,57.8,7.0,21.0,11.4,11.4,13.4,8.0,16.6,22.6,54.6,7.2,20.4,11.6,10.0,13.2,8.0,13.4,-0.6,1.0,0.6666666666666666,12,4,8,1862.929575077904,2158.4664660916137,1612.0005275528713,1612.0005275528713
1117,2018,3113,65,3400,85,-1,22.5,56.166666666666664,4.166666666666667,13.0,13.5,14.333333333333334,9.5,5.5,12.0,22.0,49.333333333333336,5.166666666666667,15.166666666666666,6.166666666666667,10.5,12.333333333333334,4.833333333333333,14.666666666666666,5.0,30.285714285714285,66.85714285714286,6.428571428571429,15.857142857142858,12.857142857142858,16.571428571428573,12.857142857142858,6.285714285714286,19.0,25.714285714285715,62.42857142857143,3.7142857142857144,16.571428571428573,10.714285714285714,11.285714285714286,12.142857142857142,6.571428571428571,14.857142857142858,7.428571428571429,0.6666666666666666,0.75,7,2,5,1984.6736156764528,2213.7921284822705,1612.0005275528713,1612.0005275528713
1118,2018,3166,64,3417,86,-1,22.6,53.6,8.2,22.0,8.2,13.4,12.2,2.8,16.8,24.4,61.0,3.6,13.6,11.6,13.4,8.0,7.2,13.6,0.2,29.2,67.2,7.0,20.0,15.6,17.4,10.4,9.0,16.2,27.2,60.2,8.2,20.8,12.2,15.2,13.8,6.8,14.6,1.2,0.5,0.5,11,3,8,1873.550191509259,2149.4510453169883,1612.0005275528713,1612.0005275528713
1119,2018,3390,59,3257,86,-1,25.4,57.8,7.0,21.0,11.4,11.4,13.4,8.0,16.6,22.6,54.6,7.2,20.4,11.6,10.0,13.2,8.0,13.4,-0.6,26.333333333333332,58.833333333333336,6.166666666666667,17.833333333333332,9.833333333333334,15.333333333333334,12.0,8.0,17.0,21.5,54.166666666666664,4.166666666666667,14.5,10.666666666666666,10.333333333333334,15.333333333333334,5.666666666666667,14.333333333333334,10.666666666666666,0.6666666666666666,1.0,4,1,3,2158.4664660916137,2316.941308391284,1612.0005275528713,1612.0005275528713
1120,2018,3301,57,3280,71,0,23.166666666666668,57.666666666666664,5.333333333333333,18.666666666666668,11.833333333333334,12.833333333333334,12.666666666666666,6.833333333333333,13.0,24.5,57.666666666666664,6.166666666666667,16.166666666666668,9.0,13.333333333333334,14.666666666666666,7.0,17.833333333333332,3.1666666666666665,27.666666666666668,60.833333333333336,8.333333333333334,19.833333333333332,9.5,15.833333333333334,9.333333333333334,6.0,13.833333333333334,23.0,54.833333333333336,2.8333333333333335,10.0,9.333333333333334,8.166666666666666,14.833333333333334,4.333333333333333,15.833333333333334,15.166666666666666,0.6666666666666666,0.6666666666666666,4,1,3,2050.3112547781398,2335.4177569957465,1612.0005275528713,1612.0005275528713
1121,2018,3124,67,3333,72,0,32.142857142857146,64.28571428571429,4.142857142857143,10.285714285714286,15.0,17.0,11.857142857142858,6.285714285714286,15.142857142857142,21.285714285714285,59.0,6.714285714285714,20.428571428571427,9.142857142857142,9.428571428571429,14.285714285714286,5.428571428571429,20.142857142857142,26.285714285714285,24.75,51.0,5.5,15.5,9.25,16.25,12.5,3.0,11.0,20.5,60.25,3.75,14.75,13.25,11.25,6.5,8.0,12.75,7.25,1.0,0.0,2,6,-4,2407.871141756683,2181.747764445436,1612.0005275528713,1612.0005275528713
1122,2018,3400,75,3417,84,0,30.285714285714285,66.85714285714286,6.428571428571429,15.857142857142858,12.857142857142858,16.571428571428573,12.857142857142858,6.285714285714286,19.0,25.714285714285715,62.42857142857143,3.7142857142857144,16.571428571428573,10.714285714285714,11.285714285714286,12.142857142857142,6.571428571428571,14.857142857142858,7.428571428571429,29.2,67.2,7.0,20.0,15.6,17.4,10.4,9.0,16.2,27.2,60.2,8.2,20.8,12.2,15.2,13.8,6.8,14.6,1.2,0.75,0.5,2,3,-1,2213.7921284822705,2149.4510453169883,1612.0005275528713,1612.0005275528713
1123,2018,3181,59,3163,72,0,23.666666666666668,61.333333333333336,7.666666666666667,22.333333333333332,13.0,13.0,15.333333333333334,10.333333333333334,15.0,20.0,60.0,6.666666666666667,23.0,14.666666666666666,13.666666666666666,16.666666666666668,4.666666666666667,14.666666666666666,7.666666666666667,32.857142857142854,64.14285714285714,7.428571428571429,19.857142857142858,12.0,22.285714285714285,11.142857142857142,11.0,11.142857142857142,16.714285714285715,56.57142857142857,5.714285714285714,19.714285714285715,9.714285714285714,8.142857142857142,18.857142857142858,4.857142857142857,14.285714285714286,39.142857142857146,0.0,1.0,5,1,4,2095.7599655717468,2661.724001680967,1612.0005275528713,1612.0005275528713
1124,2018,3401,84,3323,90,0,28.333333333333332,60.333333333333336,5.0,13.0,11.666666666666666,12.0,13.833333333333334,5.5,14.333333333333334,24.833333333333332,69.16666666666667,6.666666666666667,22.333333333333332,12.666666666666666,12.833333333333334,9.333333333333334,5.333333333333333,13.666666666666666,10.5,33.166666666666664,62.333333333333336,5.333333333333333,12.166666666666666,12.666666666666666,18.166666666666668,12.333333333333334,6.166666666666667,11.833333333333334,23.5,63.666666666666664,8.166666666666666,22.666666666666668,12.166666666666666,14.833333333333334,12.833333333333334,5.833333333333333,14.333333333333334,21.166666666666668,0.6666666666666666,0.6666666666666666,4,1,3,2053.561594283648,2480.453268183796,1612.0005275528713,1612.0005275528713
1125,2018,3141,69,3332,83,0,29.5,60.875,7.875,20.625,11.625,13.5,14.625,3.5,13.375,27.375,67.875,7.875,22.375,10.5,14.375,8.625,7.625,18.125,8.375,28.333333333333332,56.333333333333336,10.166666666666666,22.0,10.833333333333334,16.333333333333332,11.0,5.833333333333333,10.5,24.5,60.666666666666664,5.666666666666667,19.166666666666668,13.666666666666666,13.0,11.5,6.333333333333333,12.833333333333334,15.5,1.0,1.0,11,2,9,1907.1398708369304,2173.444350220587,1612.0005275528713,1612.0005275528713
1126,2018,3138,63,3376,79,0,30.75,68.5,7.75,22.375,15.25,19.25,12.625,11.25,18.875,20.875,57.625,5.75,21.75,11.25,10.75,18.625,5.375,15.5,20.875,23.833333333333332,51.666666666666664,3.0,8.333333333333334,9.666666666666666,15.166666666666666,18.5,4.5,12.0,22.333333333333332,66.5,3.0,14.5,15.0,9.666666666666666,10.5,8.833333333333334,16.833333333333332,8.666666666666666,0.8,1.0,11,2,9,1840.812537031848,2327.4083224800074,1612.0005275528713,1612.0005275528713
1127,2018,3333,43,3257,76,0,24.75,51.0,5.5,15.5,9.25,16.25,12.5,3.0,11.0,20.5,60.25,3.75,14.75,13.25,11.25,6.5,8.0,12.75,7.25,26.333333333333332,58.833333333333336,6.166666666666667,17.833333333333332,9.833333333333334,15.333333333333334,12.0,8.0,17.0,21.5,54.166666666666664,4.166666666666667,14.5,10.666666666666666,10.333333333333334,15.333333333333334,5.666666666666667,14.333333333333334,10.666666666666666,0.0,1.0,6,1,5,2181.747764445436,2316.941308391284,1612.0005275528713,1612.0005275528713
1128,2018,3417,73,3280,89,0,29.2,67.2,7.0,20.0,15.6,17.4,10.4,9.0,16.2,27.2,60.2,8.2,20.8,12.2,15.2,13.8,6.8,14.6,1.2,27.666666666666668,60.833333333333336,8.333333333333334,19.833333333333332,9.5,15.833333333333334,9.333333333333334,6.0,13.833333333333334,23.0,54.833333333333336,2.8333333333333335,10.0,9.333333333333334,8.166666666666666,14.833333333333334,4.333333333333333,15.833333333333334,15.166666666666666,0.5,0.6666666666666666,3,1,2,2149.4510453169883,2335.4177569957465,1612.0005275528713,1612.0005275528713
1129,2018,3376,65,3163,94,0,23.833333333333332,51.666666666666664,3.0,8.333333333333334,9.666666666666666,15.166666666666666,18.5,4.5,12.0,22.333333333333332,66.5,3.0,14.5,15.0,9.666666666666666,10.5,8.833333333333334,16.833333333333332,8.666666666666666,32.857142857142854,64.14285714285714,7.428571428571429,19.857142857142858,12.0,22.285714285714285,11.142857142857142,11.0,11.142857142857142,16.714285714285715,56.57142857142857,5.714285714285714,19.714285714285715,9.714285714285714,8.142857142857142,18.857142857142858,4.857142857142857,14.285714285714286,39.142857142857146,1.0,1.0,2,1,1,2327.4083224800074,2661.724001680967,1612.0005275528713,1612.0005275528713
1130,2018,3332,74,3323,84,0,28.333333333333332,56.333333333333336,10.166666666666666,22.0,10.833333333333334,16.333333333333332,11.0,5.833333333333333,10.5,24.5,60.666666666666664,5.666666666666667,19.166666666666668,13.666666666666666,13.0,11.5,6.333333333333333,12.833333333333334,15.5,33.166666666666664,62.333333333333336,5.333333333333333,12.166666666666666,12.666666666666666,18.166666666666668,12.333333333333334,6.166666666666667,11.833333333333334,23.5,63.666666666666664,8.166666666666666,22.666666666666668,12.166666666666666,14.833333333333334,12.833333333333334,5.833333333333333,14.333333333333334,21.166666666666668,1.0,0.6666666666666666,2,1,1,2173.444350220587,2480.453268183796,1612.0005275528713,1612.0005275528713
1131,2018,3257,63,3280,73,0,26.333333333333332,58.833333333333336,6.166666666666667,17.833333333333332,9.833333333333334,15.333333333333334,12.0,8.0,17.0,21.5,54.166666666666664,4.166666666666667,14.5,10.666666666666666,10.333333333333334,15.333333333333334,5.666666666666667,14.333333333333334,10.666666666666666,27.666666666666668,60.833333333333336,8.333333333333334,19.833333333333332,9.5,15.833333333333334,9.333333333333334,6.0,13.833333333333334,23.0,54.833333333333336,2.8333333333333335,10.0,9.333333333333334,8.166666666666666,14.833333333333334,4.333333333333333,15.833333333333334,15.166666666666666,1.0,0.6666666666666666,1,1,0,2316.941308391284,2335.4177569957465,1612.0005275528713,1612.0005275528713
1132,2018,3163,89,3323,91,0,32.857142857142854,64.14285714285714,7.428571428571429,19.857142857142858,12.0,22.285714285714285,11.142857142857142,11.0,11.142857142857142,16.714285714285715,56.57142857142857,5.714285714285714,19.714285714285715,9.714285714285714,8.142857142857142,18.857142857142858,4.857142857142857,14.285714285714286,39.142857142857146,33.166666666666664,62.333333333333336,5.333333333333333,12.166666666666666,12.666666666666666,18.166666666666668,12.333333333333334,6.166666666666667,11.833333333333334,23.5,63.666666666666664,8.166666666666666,22.666666666666668,12.166666666666666,14.833333333333334,12.833333333333334,5.833333333333333,14.333333333333334,21.166666666666668,1.0,0.6666666666666666,1,1,0,2661.724001680967,2480.453268183796,1612.0005275528713,1612.0005275528713
1133,2018,3280,58,3323,61,0,27.666666666666668,60.833333333333336,8.333333333333334,19.833333333333332,9.5,15.833333333333334,9.333333333333334,6.0,13.833333333333334,23.0,54.833333333333336,2.8333333333333335,10.0,9.333333333333334,8.166666666666666,14.833333333333334,4.333333333333333,15.833333333333334,15.166666666666666,33.166666666666664,62.333333333333336,5.333333333333333,12.166666666666666,12.666666666666666,18.166666666666668,12.333333333333334,6.166666666666667,11.833333333333334,23.5,63.666666666666664,8.166666666666666,22.666666666666668,12.166666666666666,14.833333333333334,12.833333333333334,5.833333333333333,14.333333333333334,21.166666666666668,0.6666666666666666,0.6666666666666666,1,1,0,2335.4177569957465,2480.453268183796,1612.0005275528713,1612.0005275528713
1134,2019,3113,60,3416,45,0,23.4,55.0,5.4,17.4,11.0,16.4,13.4,5.8,16.2,23.0,50.4,4.4,15.4,8.0,9.2,12.4,6.2,14.6,-0.6,23.833333333333332,53.666666666666664,2.8333333333333335,9.166666666666666,9.333333333333334,10.5,13.833333333333334,8.333333333333334,16.833333333333332,20.0,54.0,5.333333333333333,19.0,11.666666666666666,12.5,17.333333333333332,7.0,14.666666666666666,4.333333333333333,0.5,0.75,5,12,-7,2036.1275506363677,1904.0126335095088,1612.0005275528713,1612.0005275528713
1135,2019,3138,82,3353,71,0,25.0,60.75,5.75,19.125,14.625,13.25,14.375,7.75,17.375,21.125,59.375,7.25,24.75,10.375,13.875,14.375,6.5,17.75,12.875,24.8,60.4,4.8,19.4,12.8,12.6,16.2,12.2,20.0,18.6,47.0,5.2,15.8,8.4,12.6,21.2,8.6,15.4,9.2,0.8,0.5,10,7,3,1850.261783855325,1940.765386700812,1612.0005275528713,1612.0005275528713
1136,2019,3155,79,3377,66,0,26.75,66.5,5.0,14.0,12.75,11.75,16.5,9.5,16.25,27.25,63.75,7.5,24.0,11.5,13.0,18.0,7.25,18.25,-1.0,27.666666666666668,61.166666666666664,5.166666666666667,19.166666666666668,11.666666666666666,12.833333333333334,12.5,8.166666666666666,20.333333333333332,20.833333333333332,50.666666666666664,6.833333333333333,17.166666666666668,8.333333333333334,11.166666666666666,19.5,4.5,24.666666666666668,13.666666666666666,0.5,0.6666666666666666,9,8,1,1798.179729115138,1835.096557282667,1612.0005275528713,1612.0005275528713
1137,2019,3163,110,3406,61,1,28.285714285714285,58.714285714285715,5.857142857142857,19.571428571428573,10.714285714285714,17.857142857142858,12.142857142857142,9.142857142857142,12.142857142857142,19.0,58.142857142857146,5.285714285714286,18.857142857142858,11.571428571428571,10.857142857142858,16.428571428571427,5.285714285714286,16.428571428571427,24.571428571428573,20.428571428571427,56.42857142857143,3.857142857142857,14.0,14.857142857142858,9.0,16.571428571428573,8.714285714285714,16.0,20.285714285714285,56.57142857142857,5.0,17.142857142857142,12.571428571428571,11.285714285714286,15.142857142857142,6.0,17.428571428571427,-1.2857142857142858,1.0,0.6,2,15,-13,2614.046563229868,1534.2359233601412,1612.0005275528713,1612.0005275528713
1138,2019,3199,70,3137,67,0,23.8,58.8,5.2,19.0,12.8,11.6,12.8,6.6,18.0,24.0,56.2,5.0,14.2,10.8,11.6,11.8,6.4,16.0,-0.8,26.428571428571427,54.42857142857143,8.714285714285714,22.428571428571427,9.0,15.857142857142858,14.285714285714286,10.142857142857142,16.857142857142858,19.714285714285715,54.285714285714285,6.0,18.857142857142858,10.142857142857142,12.428571428571429,17.285714285714285,6.714285714285714,17.714285714285715,18.857142857142858,0.5,1.0,5,12,-7,2084.970219105744,1711.961707249135,1612.0005275528713,1612.0005275528713
1139,2019,3231,69,3400,65,0,23.0,57.75,5.5,15.5,10.25,12.25,14.25,6.0,15.75,22.5,59.75,3.5,15.0,10.0,15.0,11.5,6.5,15.25,0.25,25.166666666666668,61.833333333333336,3.0,10.833333333333334,14.833333333333334,12.5,15.666666666666666,4.666666666666667,18.5,23.5,62.833333333333336,7.0,23.5,12.166666666666666,13.666666666666666,13.0,7.0,13.833333333333334,-0.6666666666666666,0.5,0.6666666666666666,10,7,3,1912.1205610307768,2102.295021585259,1612.0005275528713,1612.0005275528713
1140,2019,3234,66,3273,61,1,28.6,55.0,5.2,13.8,8.2,22.4,15.4,5.4,11.0,25.0,64.0,5.0,18.0,10.2,14.0,10.6,9.8,18.2,13.6,25.666666666666668,57.833333333333336,4.0,11.333333333333334,8.666666666666666,13.666666666666666,10.333333333333334,6.166666666666667,13.666666666666666,19.5,62.166666666666664,3.8333333333333335,16.833333333333332,14.0,8.166666666666666,12.0,4.666666666666667,14.166666666666666,10.0,1.0,1.0,2,15,-13,2124.717119743049,1760.1667409304494,1612.0005275528713,1612.0005275528713
1141,2019,3257,69,3352,34,1,31.333333333333332,66.83333333333333,7.0,24.0,13.0,17.5,11.166666666666666,7.5,16.166666666666668,25.5,59.0,4.166666666666667,12.166666666666666,10.5,9.333333333333334,17.666666666666668,3.5,14.666666666666666,15.166666666666666,24.125,58.0,7.25,20.875,12.25,14.25,14.375,9.375,17.625,18.75,50.75,5.375,17.75,10.5,11.25,20.375,7.5,16.625,12.375,0.6666666666666666,0.8,1,16,-15,2353.975460789412,1449.2569548282315,1612.0005275528713,1612.0005275528713
1142,2019,3266,58,3349,54,0,28.5,63.0,8.833333333333334,22.833333333333332,11.833333333333334,16.333333333333332,12.5,9.166666666666666,14.333333333333334,23.333333333333332,59.666666666666664,7.0,23.166666666666668,9.666666666666666,14.0,15.5,4.666666666666667,15.5,14.333333333333334,23.833333333333332,49.666666666666664,7.166666666666667,17.666666666666668,8.833333333333334,16.333333333333332,13.833333333333334,4.833333333333333,10.333333333333334,19.666666666666668,58.833333333333336,4.333333333333333,16.833333333333332,10.833333333333334,10.833333333333334,11.166666666666666,5.5,17.166666666666668,19.0,0.6666666666666666,1.0,5,12,-7,1996.9030488215533,1790.606298947937,1612.0005275528713,1612.0005275528713
1143,2019,3274,69,3195,62,1,27.25,61.5,6.5,19.0,13.0,12.75,14.0,5.0,16.75,24.5,63.75,7.25,22.25,13.5,11.75,11.5,5.5,16.5,3.5,24.833333333333332,60.333333333333336,11.5,32.0,13.0,15.666666666666666,11.5,10.333333333333334,12.833333333333334,19.5,48.166666666666664,2.5,9.833333333333334,8.5,7.666666666666667,20.333333333333332,5.833333333333333,16.166666666666668,20.166666666666668,0.0,1.0,4,13,-9,2044.408159017938,1862.2995188468203,1612.0005275528713,1612.0005275528713
1144,2019,3276,84,3243,54,0,24.5,57.75,5.25,13.5,12.5,19.0,19.25,10.75,17.75,23.25,58.0,4.75,16.75,13.5,13.75,19.25,9.75,16.0,1.75,25.0,58.833333333333336,6.0,19.5,10.166666666666666,14.666666666666666,15.166666666666666,10.666666666666666,15.666666666666666,24.666666666666668,63.0,6.5,20.333333333333332,14.833333333333334,16.666666666666668,17.666666666666668,8.833333333333334,17.0,2.8333333333333335,0.5,0.6666666666666666,8,9,-1,1966.4898751684784,1981.6245760891104,1612.0005275528713,1612.0005275528713
1145,2019,3280,103,3380,46,1,31.166666666666668,63.333333333333336,4.5,10.5,14.0,15.666666666666666,10.666666666666666,7.5,18.333333333333332,23.0,53.833333333333336,6.666666666666667,17.0,10.166666666666666,10.833333333333334,19.0,6.0,18.0,16.833333333333332,21.0,58.75,4.125,16.0,16.375,10.25,16.25,6.875,19.625,18.125,50.0,2.375,13.125,10.375,9.125,17.625,8.0,19.625,5.375,1.0,0.8,1,16,-15,2361.746464448712,1349.2016128040982,1612.0005275528713,1612.0005275528713
1146,2019,3281,77,3179,76,0,23.0,47.5,9.333333333333334,23.166666666666668,7.833333333333333,13.666666666666666,17.833333333333332,4.666666666666667,14.666666666666666,23.166666666666668,63.333333333333336,5.166666666666667,19.333333333333332,11.333333333333334,10.833333333333334,9.0,8.166666666666666,17.833333333333332,9.166666666666666,27.625,56.125,8.75,22.25,10.375,19.25,20.0,9.375,17.75,22.625,63.375,6.75,23.5,12.125,13.0,15.75,9.625,21.0,14.75,0.6666666666666666,0.8,7,10,-3,2027.136040806455,1866.392923890577,1612.0005275528713,1612.0005275528713
1147,2019,3332,78,3340,40,1,29.5,62.166666666666664,8.333333333333334,21.0,10.833333333333334,17.333333333333332,9.833333333333334,5.833333333333333,13.166666666666666,24.666666666666668,59.166666666666664,6.833333333333333,21.0,9.166666666666666,14.166666666666666,10.333333333333334,4.666666666666667,14.833333333333334,11.0,26.25,60.125,4.875,16.25,11.25,16.5,15.125,9.625,14.875,23.0,63.0,8.125,24.125,12.625,15.75,15.0,7.25,14.0,8.0,0.6666666666666666,0.8,2,15,-13,2253.506971155296,1607.6569182504884,1612.0005275528713,1612.0005275528713
1148,2019,3376,74,3125,52,0,27.5,64.75,5.0,17.25,13.75,11.25,11.0,6.25,16.5,26.25,65.25,4.75,12.5,16.0,10.5,12.25,5.75,20.0,3.0,25.0,54.833333333333336,9.166666666666666,25.0,10.166666666666666,15.833333333333334,9.5,3.5,11.0,24.166666666666668,61.833333333333336,7.5,18.833333333333332,10.666666666666666,13.333333333333334,8.0,5.166666666666667,18.833333333333332,10.833333333333334,0.0,1.0,4,13,-9,2220.024221312621,1734.718489957792,1612.0005275528713,1612.0005275528713
1149,2019,3401,84,3460,61,1,24.8,53.0,3.2,11.4,12.0,13.2,18.8,5.4,12.2,21.4,59.4,8.2,24.8,7.8,11.6,12.6,9.0,16.8,6.6,25.333333333333332,67.83333333333333,4.5,17.0,17.0,10.833333333333334,10.666666666666666,6.333333333333333,15.5,21.0,60.666666666666664,6.166666666666667,22.166666666666668,9.666666666666666,14.666666666666666,12.5,5.333333333333333,17.166666666666668,8.666666666666666,0.5,1.0,4,13,-9,2087.511430143641,1771.4283001995348,1612.0005275528713,1612.0005275528713
1150,2019,3124,95,3101,38,1,30.0,65.0,2.5714285714285716,6.857142857142857,15.285714285714286,19.571428571428573,11.571428571428571,6.428571428571429,15.142857142857142,17.714285714285715,57.714285714285715,5.285714285714286,20.142857142857142,10.285714285714286,7.285714285714286,13.857142857142858,4.571428571428571,18.142857142857142,23.571428571428573,26.5,51.25,10.375,23.5,9.375,18.375,19.5,8.125,17.125,22.375,58.125,5.375,17.875,12.125,11.125,14.625,10.875,17.5,13.625,1.0,0.8,1,16,-15,2457.0630150333564,1476.0408895888377,1612.0005275528713,1612.0005275528713
1151,2019,3140,73,3120,64,0,27.4,58.2,7.6,19.2,8.8,14.6,9.8,6.4,13.6,21.0,59.4,8.0,22.2,12.8,12.2,11.4,4.6,17.2,11.8,21.2,57.2,4.4,14.8,11.0,10.4,11.0,11.2,19.8,20.6,45.8,4.4,13.8,11.0,11.4,22.8,5.0,16.6,1.2,1.0,0.5,7,10,-3,1822.972324539753,1906.4680369319565,1612.0005275528713,1612.0005275528713
1152,2019,3143,92,3314,72,0,28.0,63.2,8.8,24.2,13.6,17.4,12.6,3.6,13.0,25.4,58.4,6.0,17.4,6.6,12.0,9.2,5.8,13.8,7.0,25.25,64.25,7.5,24.0,10.0,14.25,10.25,5.0,16.75,29.75,65.0,5.25,19.0,13.75,15.0,12.75,6.25,14.75,-8.5,0.5,0.5,8,9,-1,1951.5155558467025,1848.4202118690607,1612.0005275528713,1612.0005275528713
1153,2019,3211,68,3114,51,0,25.4,57.4,4.6,11.0,9.2,14.4,11.6,7.4,14.8,23.2,62.4,6.6,18.0,14.6,12.6,14.2,6.4,18.6,8.0,27.0,57.714285714285715,3.4285714285714284,10.0,12.428571428571429,16.571428571428573,10.857142857142858,6.285714285714286,13.142857142857142,20.142857142857142,49.0,3.0,12.142857142857142,8.571428571428571,8.142857142857142,15.857142857142858,4.285714285714286,14.0,15.142857142857142,0.5,1.0,5,12,-7,1941.636975993545,1690.240993030888,1612.0005275528713,1612.0005275528713
1154,2019,3235,97,3308,61,1,23.285714285714285,60.142857142857146,7.857142857142857,25.714285714285715,9.428571428571429,10.571428571428571,12.714285714285714,5.142857142857143,15.142857142857142,25.142857142857142,62.57142857142857,3.7142857142857144,13.428571428571429,11.142857142857142,13.428571428571429,14.714285714285714,5.142857142857143,20.142857142857142,3.2857142857142856,30.285714285714285,69.57142857142857,6.285714285714286,18.142857142857142,14.142857142857142,14.714285714285714,13.857142857142858,13.428571428571429,17.142857142857142,23.0,61.57142857142857,5.571428571428571,22.285714285714285,14.285714285714286,11.142857142857142,22.285714285714285,8.0,16.142857142857142,15.857142857142858,0.75,1.0,3,14,-11,2019.9900279851536,1575.792575338886,1612.0005275528713,1612.0005275528713
1155,2019,3246,82,3343,77,0,21.5,61.0,3.5,15.25,8.75,10.75,11.25,10.75,18.5,20.75,51.75,4.5,13.25,11.5,12.25,20.0,4.25,17.25,0.25,25.875,59.875,4.875,16.625,12.5,14.125,12.625,8.625,15.125,22.375,63.0,5.125,17.125,14.0,10.125,14.625,6.375,16.0,13.125,0.0,1.0,6,11,-5,2036.0844646910152,1811.6671126084527,1612.0005275528713,1612.0005275528713
1156,2019,3268,73,3347,51,1,26.0,58.6,4.8,14.2,13.2,17.0,16.2,7.6,18.0,23.4,60.8,6.8,17.8,12.2,16.0,13.4,9.6,16.8,3.0,19.75,53.875,2.875,12.0,12.75,10.5,13.25,5.75,11.875,18.375,59.0,5.0,19.75,10.625,9.125,12.0,6.75,17.875,9.625,0.6666666666666666,1.0,3,14,-11,2182.263615458575,1589.3641195584516,1612.0005275528713,1612.0005275528713
1157,2019,3277,88,3141,87,0,21.6,57.2,4.8,16.0,12.4,13.4,14.8,9.0,17.2,22.6,56.0,4.2,13.2,12.6,15.2,15.8,9.0,18.6,0.2,30.142857142857142,64.42857142857143,10.571428571428571,25.428571428571427,11.428571428571429,18.142857142857142,13.0,5.857142857142857,14.714285714285714,24.142857142857142,62.285714285714285,4.571428571428571,15.142857142857142,9.571428571428571,8.857142857142858,13.142857142857142,6.285714285714286,16.857142857142858,19.285714285714285,0.5,0.75,9,8,1,1928.576236970653,1904.751762953976,1612.0005275528713,1612.0005275528713
1158,2019,3283,89,3177,78,0,29.0,66.0,5.375,15.125,15.375,15.25,13.0,10.25,14.125,22.25,59.0,8.0,24.125,8.625,12.125,17.125,6.5,16.75,16.125,28.0,64.33333333333333,9.833333333333334,29.5,14.166666666666666,19.5,11.833333333333334,7.666666666666667,17.333333333333332,24.666666666666668,52.166666666666664,5.5,15.166666666666666,7.333333333333333,13.833333333333334,17.5,5.833333333333333,17.0,12.166666666666666,1.0,1.0,11,6,5,1789.254324534511,2061.115516744087,1612.0005275528713,1612.0005275528713
1159,2019,3301,63,3263,51,1,24.4,56.8,5.4,16.4,8.6,11.4,12.0,2.6,12.0,28.0,65.2,9.2,25.4,9.4,15.0,9.2,5.8,18.4,-5.2,23.333333333333332,60.5,7.5,25.666666666666668,14.333333333333334,14.0,9.666666666666666,9.666666666666666,12.833333333333334,19.5,52.833333333333336,3.6666666666666665,14.0,10.166666666666666,9.333333333333334,15.666666666666666,4.333333333333333,15.833333333333334,17.333333333333332,0.5,1.0,3,14,-11,2137.299095593952,1705.64326644652,1612.0005275528713,1612.0005275528713
1160,2019,3323,92,3126,50,1,38.4,72.2,7.2,17.4,16.8,22.8,12.8,7.8,12.8,28.0,68.8,6.0,21.0,14.6,13.4,13.2,5.8,16.0,26.0,20.333333333333332,56.333333333333336,4.666666666666667,15.0,12.0,8.833333333333334,12.5,6.5,15.166666666666666,18.166666666666668,57.166666666666664,4.666666666666667,17.833333333333332,12.333333333333334,8.333333333333334,14.333333333333334,6.5,17.333333333333332,5.833333333333333,1.0,1.0,1,16,-15,2506.9804114795365,1409.0405946141018,1612.0005275528713,1612.0005275528713
1161,2019,3333,80,3129,75,1,25.0,57.5,6.25,22.5,10.75,13.0,13.25,2.25,13.25,25.5,67.25,7.75,21.25,12.25,13.75,7.25,6.25,14.25,-1.25,25.375,62.625,7.125,22.25,12.375,14.875,13.0,9.5,14.75,22.75,53.75,4.625,14.375,9.25,12.0,19.5,5.875,16.75,8.625,0.0,1.0,4,13,-9,2160.4197374366254,1810.380581035305,1612.0005275528713,1612.0005275528713
1162,2019,3355,76,3346,65,0,30.4,60.0,9.4,23.8,11.2,19.2,12.6,9.0,16.6,22.2,64.4,7.4,27.8,11.6,10.0,12.2,5.6,17.8,24.6,26.5,61.0,7.333333333333333,22.0,13.5,15.666666666666666,10.5,9.833333333333334,14.0,17.166666666666668,52.5,4.666666666666667,15.666666666666666,10.5,8.666666666666666,17.5,4.666666666666667,16.5,23.5,1.0,1.0,6,11,-5,1945.7996888593368,1850.953167234499,1612.0005275528713,1612.0005275528713
1163,2019,3390,79,3413,54,1,26.333333333333332,56.0,7.833333333333333,22.833333333333332,8.666666666666666,14.833333333333334,12.333333333333334,7.5,13.666666666666666,18.833333333333332,57.5,6.166666666666667,22.166666666666668,9.0,10.333333333333334,11.333333333333334,6.5,13.166666666666666,16.833333333333332,25.0,54.57142857142857,8.142857142857142,20.0,8.571428571428571,13.571428571428571,11.142857142857142,6.428571428571429,14.714285714285714,16.142857142857142,58.42857142857143,5.428571428571429,22.142857142857142,12.142857142857142,7.428571428571429,12.857142857142858,5.714285714285714,16.857142857142858,24.428571428571427,1.0,1.0,2,15,-13,2229.66134644176,1732.420725676147,1612.0005275528713,1612.0005275528713
1164,2019,3393,70,3200,49,1,28.333333333333332,62.333333333333336,8.166666666666666,20.0,13.166666666666666,13.333333333333334,13.0,6.0,17.333333333333332,30.0,64.0,5.666666666666667,18.166666666666668,14.0,15.0,13.5,5.333333333333333,17.5,-2.5,22.5,49.333333333333336,9.833333333333334,22.0,6.5,13.166666666666666,11.5,4.666666666666667,13.166666666666666,18.0,49.666666666666664,4.166666666666667,15.5,8.166666666666666,9.333333333333334,12.666666666666666,4.333333333333333,17.833333333333332,16.5,0.6666666666666666,1.0,3,14,-11,2072.4602844374767,1791.3770738636815,1612.0005275528713,1612.0005275528713
1165,2019,3417,89,3397,77,0,29.4,66.6,5.0,14.6,14.8,15.0,10.0,7.8,15.4,25.2,59.8,6.2,20.4,13.0,15.2,16.0,5.4,15.0,9.2,27.6,58.4,5.0,10.6,10.8,14.0,17.2,5.8,19.0,28.0,59.8,3.4,11.8,11.2,13.0,13.0,6.8,15.2,-1.8,0.5,0.5,6,11,-5,2114.4766472247898,1994.063033591273,1612.0005275528713,1612.0005275528713
1166,2019,3113,57,3274,55,-1,23.4,55.0,5.4,17.4,11.0,16.4,13.4,5.8,16.2,23.0,50.4,4.4,15.4,8.0,9.2,12.4,6.2,14.6,-0.6,27.25,61.5,6.5,19.0,13.0,12.75,14.0,5.0,16.75,24.5,63.75,7.25,22.25,13.5,11.75,11.5,5.5,16.5,3.5,0.5,0.0,5,4,1,2036.1275506363677,2044.408159017938,1612.0005275528713,1612.0005275528713
1167,2019,3163,84,3138,72,1,28.285714285714285,58.714285714285715,5.857142857142857,19.571428571428573,10.714285714285714,17.857142857142858,12.142857142857142,9.142857142857142,12.142857142857142,19.0,58.142857142857146,5.285714285714286,18.857142857142858,11.571428571428571,10.857142857142858,16.428571428571427,5.285714285714286,16.428571428571427,24.571428571428573,25.0,60.75,5.75,19.125,14.625,13.25,14.375,7.75,17.375,21.125,59.375,7.25,24.75,10.375,13.875,14.375,6.5,17.75,12.875,1.0,0.8,2,10,-8,2614.046563229868,1850.261783855325,1612.0005275528713,1612.0005275528713
1168,2019,3234,68,3281,52,1,28.6,55.0,5.2,13.8,8.2,22.4,15.4,5.4,11.0,25.0,64.0,5.0,18.0,10.2,14.0,10.6,9.8,18.2,13.6,23.0,47.5,9.333333333333334,23.166666666666668,7.833333333333333,13.666666666666666,17.833333333333332,4.666666666666667,14.666666666666666,23.166666666666668,63.333333333333336,5.166666666666667,19.333333333333332,11.333333333333334,10.833333333333334,9.0,8.166666666666666,17.833333333333332,9.166666666666666,1.0,0.6666666666666666,2,7,-5,2124.717119743049,2027.136040806455,1612.0005275528713,1612.0005275528713
1169,2019,3257,71,3276,50,1,31.333333333333332,66.83333333333333,7.0,24.0,13.0,17.5,11.166666666666666,7.5,16.166666666666668,25.5,59.0,4.166666666666667,12.166666666666666,10.5,9.333333333333334,17.666666666666668,3.5,14.666666666666666,15.166666666666666,24.5,57.75,5.25,13.5,12.5,19.0,19.25,10.75,17.75,23.25,58.0,4.75,16.75,13.5,13.75,19.25,9.75,16.0,1.75,0.6666666666666666,0.5,1,8,-7,2353.975460789412,1966.4898751684784,1612.0005275528713,1612.0005275528713
1170,2019,3280,85,3155,61,1,31.166666666666668,63.333333333333336,4.5,10.5,14.0,15.666666666666666,10.666666666666666,7.5,18.333333333333332,23.0,53.833333333333336,6.666666666666667,17.0,10.166666666666666,10.833333333333334,19.0,6.0,18.0,16.833333333333332,26.75,66.5,5.0,14.0,12.75,11.75,16.5,9.5,16.25,27.25,63.75,7.5,24.0,11.5,13.0,18.0,7.25,18.25,-1.0,1.0,0.5,1,9,-8,2361.746464448712,1798.179729115138,1612.0005275528713,1612.0005275528713
1171,2019,3332,91,3231,68,1,29.5,62.166666666666664,8.333333333333334,21.0,10.833333333333334,17.333333333333332,9.833333333333334,5.833333333333333,13.166666666666666,24.666666666666668,59.166666666666664,6.833333333333333,21.0,9.166666666666666,14.166666666666666,10.333333333333334,4.666666666666667,14.833333333333334,11.0,23.0,57.75,5.5,15.5,10.25,12.25,14.25,6.0,15.75,22.5,59.75,3.5,15.0,10.0,15.0,11.5,6.5,15.25,0.25,0.6666666666666666,0.5,2,10,-8,2253.506971155296,1912.1205610307768,1612.0005275528713,1612.0005275528713
1172,2019,3376,72,3199,64,1,27.5,64.75,5.0,17.25,13.75,11.25,11.0,6.25,16.5,26.25,65.25,4.75,12.5,16.0,10.5,12.25,5.75,20.0,3.0,23.8,58.8,5.2,19.0,12.8,11.6,12.8,6.6,18.0,24.0,56.2,5.0,14.2,10.8,11.6,11.8,6.4,16.0,-0.8,0.0,0.5,4,5,-1,2220.024221312621,2084.970219105744,1612.0005275528713,1612.0005275528713
1173,2019,3401,78,3266,76,1,24.8,53.0,3.2,11.4,12.0,13.2,18.8,5.4,12.2,21.4,59.4,8.2,24.8,7.8,11.6,12.6,9.0,16.8,6.6,28.5,63.0,8.833333333333334,22.833333333333332,11.833333333333334,16.333333333333332,12.5,9.166666666666666,14.333333333333334,23.333333333333332,59.666666666666664,7.0,23.166666666666668,9.666666666666666,14.0,15.5,4.666666666666667,15.5,14.333333333333334,0.5,0.6666666666666666,4,5,-1,2087.511430143641,1996.9030488215533,1612.0005275528713,1612.0005275528713
1174,2019,3124,102,3143,63,1,30.0,65.0,2.5714285714285716,6.857142857142857,15.285714285714286,19.571428571428573,11.571428571428571,6.428571428571429,15.142857142857142,17.714285714285715,57.714285714285715,5.285714285714286,20.142857142857142,10.285714285714286,7.285714285714286,13.857142857142858,4.571428571428571,18.142857142857142,23.571428571428573,28.0,63.2,8.8,24.2,13.6,17.4,12.6,3.6,13.0,25.4,58.4,6.0,17.4,6.6,12.0,9.2,5.8,13.8,7.0,1.0,0.5,1,8,-7,2457.0630150333564,1951.5155558467025,1612.0005275528713,1612.0005275528713
1175,2019,3283,69,3235,60,-1,29.0,66.0,5.375,15.125,15.375,15.25,13.0,10.25,14.125,22.25,59.0,8.0,24.125,8.625,12.125,17.125,6.5,16.75,16.125,23.285714285714285,60.142857142857146,7.857142857142857,25.714285714285715,9.428571428571429,10.571428571428571,12.714285714285714,5.142857142857143,15.142857142857142,25.142857142857142,62.57142857142857,3.7142857142857144,13.428571428571429,11.142857142857142,13.428571428571429,14.714285714285714,5.142857142857143,20.142857142857142,3.2857142857142856,1.0,0.75,11,3,8,1789.254324534511,2019.9900279851536,1612.0005275528713,1612.0005275528713
1176,2019,3301,72,3246,57,1,24.4,56.8,5.4,16.4,8.6,11.4,12.0,2.6,12.0,28.0,65.2,9.2,25.4,9.4,15.0,9.2,5.8,18.4,-5.2,21.5,61.0,3.5,15.25,8.75,10.75,11.25,10.75,18.5,20.75,51.75,4.5,13.25,11.5,12.25,20.0,4.25,17.25,0.25,0.5,0.0,3,6,-3,2137.299095593952,2036.0844646910152,1612.0005275528713,1612.0005275528713
1177,2019,3323,91,3277,63,1,38.4,72.2,7.2,17.4,16.8,22.8,12.8,7.8,12.8,28.0,68.8,6.0,21.0,14.6,13.4,13.2,5.8,16.0,26.0,21.6,57.2,4.8,16.0,12.4,13.4,14.8,9.0,17.2,22.6,56.0,4.2,13.2,12.6,15.2,15.8,9.0,18.6,0.2,1.0,0.5,1,9,-8,2506.9804114795365,1928.576236970653,1612.0005275528713,1612.0005275528713
1178,2019,3333,76,3211,70,1,25.0,57.5,6.25,22.5,10.75,13.0,13.25,2.25,13.25,25.5,67.25,7.75,21.25,12.25,13.75,7.25,6.25,14.25,-1.25,25.4,57.4,4.6,11.0,9.2,14.4,11.6,7.4,14.8,23.2,62.4,6.6,18.0,14.6,12.6,14.2,6.4,18.6,8.0,0.0,0.5,4,5,-1,2160.4197374366254,1941.636975993545,1612.0005275528713,1612.0005275528713
1179,2019,3355,75,3393,64,-1,30.4,60.0,9.4,23.8,11.2,19.2,12.6,9.0,16.6,22.2,64.4,7.4,27.8,11.6,10.0,12.2,5.6,17.8,24.6,28.333333333333332,62.333333333333336,8.166666666666666,20.0,13.166666666666666,13.333333333333334,13.0,6.0,17.333333333333332,30.0,64.0,5.666666666666667,18.166666666666668,14.0,15.0,13.5,5.333333333333333,17.5,-2.5,1.0,0.6666666666666666,6,3,3,1945.7996888593368,2072.4602844374767,1612.0005275528713,1612.0005275528713
1180,2019,3390,72,3140,63,1,26.333333333333332,56.0,7.833333333333333,22.833333333333332,8.666666666666666,14.833333333333334,12.333333333333334,7.5,13.666666666666666,18.833333333333332,57.5,6.166666666666667,22.166666666666668,9.0,10.333333333333334,11.333333333333334,6.5,13.166666666666666,16.833333333333332,27.4,58.2,7.6,19.2,8.8,14.6,9.8,6.4,13.6,21.0,59.4,8.0,22.2,12.8,12.2,11.4,4.6,17.2,11.8,1.0,1.0,2,7,-5,2229.66134644176,1822.972324539753,1612.0005275528713,1612.0005275528713
1181,2019,3417,85,3268,80,-1,29.4,66.6,5.0,14.6,14.8,15.0,10.0,7.8,15.4,25.2,59.8,6.2,20.4,13.0,15.2,16.0,5.4,15.0,9.2,26.0,58.6,4.8,14.2,13.2,17.0,16.2,7.6,18.0,23.4,60.8,6.8,17.8,12.2,16.0,13.4,9.6,16.8,3.0,0.5,0.6666666666666666,6,3,3,2114.4766472247898,2182.263615458575,1612.0005275528713,1612.0005275528713
1182,2019,3163,69,3417,61,1,28.285714285714285,58.714285714285715,5.857142857142857,19.571428571428573,10.714285714285714,17.857142857142858,12.142857142857142,9.142857142857142,12.142857142857142,19.0,58.142857142857146,5.285714285714286,18.857142857142858,11.571428571428571,10.857142857142858,16.428571428571427,5.285714285714286,16.428571428571427,24.571428571428573,29.4,66.6,5.0,14.6,14.8,15.0,10.0,7.8,15.4,25.2,59.8,6.2,20.4,13.0,15.2,16.0,5.4,15.0,9.2,1.0,0.5,2,6,-4,2614.046563229868,2114.4766472247898,1612.0005275528713,1612.0005275528713
1183,2019,3257,61,3333,44,0,31.333333333333332,66.83333333333333,7.0,24.0,13.0,17.5,11.166666666666666,7.5,16.166666666666668,25.5,59.0,4.166666666666667,12.166666666666666,10.5,9.333333333333334,17.666666666666668,3.5,14.666666666666666,15.166666666666666,25.0,57.5,6.25,22.5,10.75,13.0,13.25,2.25,13.25,25.5,67.25,7.75,21.25,12.25,13.75,7.25,6.25,14.25,-1.25,0.6666666666666666,0.0,1,4,-3,2353.975460789412,2160.4197374366254,1612.0005275528713,1612.0005275528713
1184,2019,3280,76,3113,53,0,31.166666666666668,63.333333333333336,4.5,10.5,14.0,15.666666666666666,10.666666666666666,7.5,18.333333333333332,23.0,53.833333333333336,6.666666666666667,17.0,10.166666666666666,10.833333333333334,19.0,6.0,18.0,16.833333333333332,23.4,55.0,5.4,17.4,11.0,16.4,13.4,5.8,16.2,23.0,50.4,4.4,15.4,8.0,9.2,12.4,6.2,14.6,-0.6,1.0,0.5,1,5,-4,2361.746464448712,2036.1275506363677,1612.0005275528713,1612.0005275528713
1185,2019,3332,63,3355,53,1,29.5,62.166666666666664,8.333333333333334,21.0,10.833333333333334,17.333333333333332,9.833333333333334,5.833333333333333,13.166666666666666,24.666666666666668,59.166666666666664,6.833333333333333,21.0,9.166666666666666,14.166666666666666,10.333333333333334,4.666666666666667,14.833333333333334,11.0,30.4,60.0,9.4,23.8,11.2,19.2,12.6,9.0,16.6,22.2,64.4,7.4,27.8,11.6,10.0,12.2,5.6,17.8,24.6,0.6666666666666666,1.0,2,6,-4,2253.506971155296,1945.7996888593368,1612.0005275528713,1612.0005275528713
1186,2019,3124,93,3376,68,0,30.0,65.0,2.5714285714285716,6.857142857142857,15.285714285714286,19.571428571428573,11.571428571428571,6.428571428571429,15.142857142857142,17.714285714285715,57.714285714285715,5.285714285714286,20.142857142857142,10.285714285714286,7.285714285714286,13.857142857142858,4.571428571428571,18.142857142857142,23.571428571428573,27.5,64.75,5.0,17.25,13.75,11.25,11.0,6.25,16.5,26.25,65.25,4.75,12.5,16.0,10.5,12.25,5.75,20.0,3.0,1.0,0.0,1,4,-3,2457.0630150333564,2220.024221312621,1612.0005275528713,1612.0005275528713
1187,2019,3234,79,3301,61,-1,28.6,55.0,5.2,13.8,8.2,22.4,15.4,5.4,11.0,25.0,64.0,5.0,18.0,10.2,14.0,10.6,9.8,18.2,13.6,24.4,56.8,5.4,16.4,8.6,11.4,12.0,2.6,12.0,28.0,65.2,9.2,25.4,9.4,15.0,9.2,5.8,18.4,-5.2,1.0,0.5,2,3,-1,2124.717119743049,2137.299095593952,1612.0005275528713,1612.0005275528713
1188,2019,3323,87,3401,80,1,38.4,72.2,7.2,17.4,16.8,22.8,12.8,7.8,12.8,28.0,68.8,6.0,21.0,14.6,13.4,13.2,5.8,16.0,26.0,24.8,53.0,3.2,11.4,12.0,13.2,18.8,5.4,12.2,21.4,59.4,8.2,24.8,7.8,11.6,12.6,9.0,16.8,6.6,1.0,0.5,1,4,-3,2506.9804114795365,2087.511430143641,1612.0005275528713,1612.0005275528713
1189,2019,3390,55,3283,46,0,26.333333333333332,56.0,7.833333333333333,22.833333333333332,8.666666666666666,14.833333333333334,12.333333333333334,7.5,13.666666666666666,18.833333333333332,57.5,6.166666666666667,22.166666666666668,9.0,10.333333333333334,11.333333333333334,6.5,13.166666666666666,16.833333333333332,29.0,66.0,5.375,15.125,15.375,15.25,13.0,10.25,14.125,22.25,59.0,8.0,24.125,8.625,12.125,17.125,6.5,16.75,16.125,1.0,1.0,2,11,-9,2229.66134644176,1789.254324534511,1612.0005275528713,1612.0005275528713
1190,2019,3163,80,3257,73,1,28.285714285714285,58.714285714285715,5.857142857142857,19.571428571428573,10.714285714285714,17.857142857142858,12.142857142857142,9.142857142857142,12.142857142857142,19.0,58.142857142857146,5.285714285714286,18.857142857142858,11.571428571428571,10.857142857142858,16.428571428571427,5.285714285714286,16.428571428571427,24.571428571428573,31.333333333333332,66.83333333333333,7.0,24.0,13.0,17.5,11.166666666666666,7.5,16.166666666666668,25.5,59.0,4.166666666666667,12.166666666666666,10.5,9.333333333333334,17.666666666666668,3.5,14.666666666666666,15.166666666666666,1.0,0.6666666666666666,2,1,1,2614.046563229868,2353.975460789412,1612.0005275528713,1612.0005275528713
1191,2019,3332,88,3280,84,1,29.5,62.166666666666664,8.333333333333334,21.0,10.833333333333334,17.333333333333332,9.833333333333334,5.833333333333333,13.166666666666666,24.666666666666668,59.166666666666664,6.833333333333333,21.0,9.166666666666666,14.166666666666666,10.333333333333334,4.666666666666667,14.833333333333334,11.0,31.166666666666668,63.333333333333336,4.5,10.5,14.0,15.666666666666666,10.666666666666666,7.5,18.333333333333332,23.0,53.833333333333336,6.666666666666667,17.0,10.166666666666666,10.833333333333334,19.0,6.0,18.0,16.833333333333332,0.6666666666666666,1.0,2,1,1,2253.506971155296,2361.746464448712,1612.0005275528713,1612.0005275528713
1192,2019,3124,85,3234,53,0,30.0,65.0,2.5714285714285716,6.857142857142857,15.285714285714286,19.571428571428573,11.571428571428571,6.428571428571429,15.142857142857142,17.714285714285715,57.714285714285715,5.285714285714286,20.142857142857142,10.285714285714286,7.285714285714286,13.857142857142858,4.571428571428571,18.142857142857142,23.571428571428573,28.6,55.0,5.2,13.8,8.2,22.4,15.4,5.4,11.0,25.0,64.0,5.0,18.0,10.2,14.0,10.6,9.8,18.2,13.6,1.0,1.0,1,2,-1,2457.0630150333564,2124.717119743049,1612.0005275528713,1612.0005275528713
1193,2019,3323,84,3390,68,1,38.4,72.2,7.2,17.4,16.8,22.8,12.8,7.8,12.8,28.0,68.8,6.0,21.0,14.6,13.4,13.2,5.8,16.0,26.0,26.333333333333332,56.0,7.833333333333333,22.833333333333332,8.666666666666666,14.833333333333334,12.333333333333334,7.5,13.666666666666666,18.833333333333332,57.5,6.166666666666667,22.166666666666668,9.0,10.333333333333334,11.333333333333334,6.5,13.166666666666666,16.833333333333332,1.0,1.0,1,2,-1,2506.9804114795365,2229.66134644176,1612.0005275528713,1612.0005275528713
1194,2019,3124,72,3332,67,0,30.0,65.0,2.5714285714285716,6.857142857142857,15.285714285714286,19.571428571428573,11.571428571428571,6.428571428571429,15.142857142857142,17.714285714285715,57.714285714285715,5.285714285714286,20.142857142857142,10.285714285714286,7.285714285714286,13.857142857142858,4.571428571428571,18.142857142857142,23.571428571428573,29.5,62.166666666666664,8.333333333333334,21.0,10.833333333333334,17.333333333333332,9.833333333333334,5.833333333333333,13.166666666666666,24.666666666666668,59.166666666666664,6.833333333333333,21.0,9.166666666666666,14.166666666666666,10.333333333333334,4.666666666666667,14.833333333333334,11.0,1.0,0.6666666666666666,1,2,-1,2457.0630150333564,2253.506971155296,1612.0005275528713,1612.0005275528713
1195,2019,3323,81,3163,76,0,38.4,72.2,7.2,17.4,16.8,22.8,12.8,7.8,12.8,28.0,68.8,6.0,21.0,14.6,13.4,13.2,5.8,16.0,26.0,28.285714285714285,58.714285714285715,5.857142857142857,19.571428571428573,10.714285714285714,17.857142857142858,12.142857142857142,9.142857142857142,12.142857142857142,19.0,58.142857142857146,5.285714285714286,18.857142857142858,11.571428571428571,10.857142857142858,16.428571428571427,5.285714285714286,16.428571428571427,24.571428571428573,1.0,1.0,1,2,-1,2506.9804114795365,2614.046563229868,1612.0005275528713,1612.0005275528713
1196,2019,3124,82,3323,81,0,30.0,65.0,2.5714285714285716,6.857142857142857,15.285714285714286,19.571428571428573,11.571428571428571,6.428571428571429,15.142857142857142,17.714285714285715,57.714285714285715,5.285714285714286,20.142857142857142,10.285714285714286,7.285714285714286,13.857142857142858,4.571428571428571,18.142857142857142,23.571428571428573,38.4,72.2,7.2,17.4,16.8,22.8,12.8,7.8,12.8,28.0,68.8,6.0,21.0,14.6,13.4,13.2,5.8,16.0,26.0,1.0,1.0,1,1,0,2457.0630150333564,2506.9804114795365,1612.0005275528713,1612.0005275528713
1197,2019,3416,45,3113,60,0,23.833333333333332,53.666666666666664,2.8333333333333335,9.166666666666666,9.333333333333334,10.5,13.833333333333334,8.333333333333334,16.833333333333332,20.0,54.0,5.333333333333333,19.0,11.666666666666666,12.5,17.333333333333332,7.0,14.666666666666666,4.333333333333333,23.4,55.0,5.4,17.4,11.0,16.4,13.4,5.8,16.2,23.0,50.4,4.4,15.4,8.0,9.2,12.4,6.2,14.6,-0.6,0.75,0.5,12,5,7,1904.0126335095088,2036.1275506363677,1612.0005275528713,1612.0005275528713
1198,2019,3353,71,3138,82,0,24.8,60.4,4.8,19.4,12.8,12.6,16.2,12.2,20.0,18.6,47.0,5.2,15.8,8.4,12.6,21.2,8.6,15.4,9.2,25.0,60.75,5.75,19.125,14.625,13.25,14.375,7.75,17.375,21.125,59.375,7.25,24.75,10.375,13.875,14.375,6.5,17.75,12.875,0.5,0.8,7,10,-3,1940.765386700812,1850.261783855325,1612.0005275528713,1612.0005275528713
1199,2019,3377,66,3155,79,0,27.666666666666668,61.166666666666664,5.166666666666667,19.166666666666668,11.666666666666666,12.833333333333334,12.5,8.166666666666666,20.333333333333332,20.833333333333332,50.666666666666664,6.833333333333333,17.166666666666668,8.333333333333334,11.166666666666666,19.5,4.5,24.666666666666668,13.666666666666666,26.75,66.5,5.0,14.0,12.75,11.75,16.5,9.5,16.25,27.25,63.75,7.5,24.0,11.5,13.0,18.0,7.25,18.25,-1.0,0.6666666666666666,0.5,8,9,-1,1835.096557282667,1798.179729115138,1612.0005275528713,1612.0005275528713
1200,2019,3406,61,3163,110,-1,20.428571428571427,56.42857142857143,3.857142857142857,14.0,14.857142857142858,9.0,16.571428571428573,8.714285714285714,16.0,20.285714285714285,56.57142857142857,5.0,17.142857142857142,12.571428571428571,11.285714285714286,15.142857142857142,6.0,17.428571428571427,-1.2857142857142858,28.285714285714285,58.714285714285715,5.857142857142857,19.571428571428573,10.714285714285714,17.857142857142858,12.142857142857142,9.142857142857142,12.142857142857142,19.0,58.142857142857146,5.285714285714286,18.857142857142858,11.571428571428571,10.857142857142858,16.428571428571427,5.285714285714286,16.428571428571427,24.571428571428573,0.6,1.0,15,2,13,1534.2359233601412,2614.046563229868,1612.0005275528713,1612.0005275528713
1201,2019,3137,67,3199,70,0,26.428571428571427,54.42857142857143,8.714285714285714,22.428571428571427,9.0,15.857142857142858,14.285714285714286,10.142857142857142,16.857142857142858,19.714285714285715,54.285714285714285,6.0,18.857142857142858,10.142857142857142,12.428571428571429,17.285714285714285,6.714285714285714,17.714285714285715,18.857142857142858,23.8,58.8,5.2,19.0,12.8,11.6,12.8,6.6,18.0,24.0,56.2,5.0,14.2,10.8,11.6,11.8,6.4,16.0,-0.8,1.0,0.5,12,5,7,1711.961707249135,2084.970219105744,1612.0005275528713,1612.0005275528713
1202,2019,3400,65,3231,69,0,25.166666666666668,61.833333333333336,3.0,10.833333333333334,14.833333333333334,12.5,15.666666666666666,4.666666666666667,18.5,23.5,62.833333333333336,7.0,23.5,12.166666666666666,13.666666666666666,13.0,7.0,13.833333333333334,-0.6666666666666666,23.0,57.75,5.5,15.5,10.25,12.25,14.25,6.0,15.75,22.5,59.75,3.5,15.0,10.0,15.0,11.5,6.5,15.25,0.25,0.6666666666666666,0.5,7,10,-3,2102.295021585259,1912.1205610307768,1612.0005275528713,1612.0005275528713
1203,2019,3273,61,3234,66,-1,25.666666666666668,57.833333333333336,4.0,11.333333333333334,8.666666666666666,13.666666666666666,10.333333333333334,6.166666666666667,13.666666666666666,19.5,62.166666666666664,3.8333333333333335,16.833333333333332,14.0,8.166666666666666,12.0,4.666666666666667,14.166666666666666,10.0,28.6,55.0,5.2,13.8,8.2,22.4,15.4,5.4,11.0,25.0,64.0,5.0,18.0,10.2,14.0,10.6,9.8,18.2,13.6,1.0,1.0,15,2,13,1760.1667409304494,2124.717119743049,1612.0005275528713,1612.0005275528713
1204,2019,3352,34,3257,69,-1,24.125,58.0,7.25,20.875,12.25,14.25,14.375,9.375,17.625,18.75,50.75,5.375,17.75,10.5,11.25,20.375,7.5,16.625,12.375,31.333333333333332,66.83333333333333,7.0,24.0,13.0,17.5,11.166666666666666,7.5,16.166666666666668,25.5,59.0,4.166666666666667,12.166666666666666,10.5,9.333333333333334,17.666666666666668,3.5,14.666666666666666,15.166666666666666,0.8,0.6666666666666666,16,1,15,1449.2569548282315,2353.975460789412,1612.0005275528713,1612.0005275528713
1205,2019,3349,54,3266,58,0,23.833333333333332,49.666666666666664,7.166666666666667,17.666666666666668,8.833333333333334,16.333333333333332,13.833333333333334,4.833333333333333,10.333333333333334,19.666666666666668,58.833333333333336,4.333333333333333,16.833333333333332,10.833333333333334,10.833333333333334,11.166666666666666,5.5,17.166666666666668,19.0,28.5,63.0,8.833333333333334,22.833333333333332,11.833333333333334,16.333333333333332,12.5,9.166666666666666,14.333333333333334,23.333333333333332,59.666666666666664,7.0,23.166666666666668,9.666666666666666,14.0,15.5,4.666666666666667,15.5,14.333333333333334,1.0,0.6666666666666666,12,5,7,1790.606298947937,1996.9030488215533,1612.0005275528713,1612.0005275528713
1206,2019,3195,62,3274,69,-1,24.833333333333332,60.333333333333336,11.5,32.0,13.0,15.666666666666666,11.5,10.333333333333334,12.833333333333334,19.5,48.166666666666664,2.5,9.833333333333334,8.5,7.666666666666667,20.333333333333332,5.833333333333333,16.166666666666668,20.166666666666668,27.25,61.5,6.5,19.0,13.0,12.75,14.0,5.0,16.75,24.5,63.75,7.25,22.25,13.5,11.75,11.5,5.5,16.5,3.5,1.0,0.0,13,4,9,1862.2995188468203,2044.408159017938,1612.0005275528713,1612.0005275528713
1207,2019,3243,54,3276,84,0,25.0,58.833333333333336,6.0,19.5,10.166666666666666,14.666666666666666,15.166666666666666,10.666666666666666,15.666666666666666,24.666666666666668,63.0,6.5,20.333333333333332,14.833333333333334,16.666666666666668,17.666666666666668,8.833333333333334,17.0,2.8333333333333335,24.5,57.75,5.25,13.5,12.5,19.0,19.25,10.75,17.75,23.25,58.0,4.75,16.75,13.5,13.75,19.25,9.75,16.0,1.75,0.6666666666666666,0.5,9,8,1,1981.6245760891104,1966.4898751684784,1612.0005275528713,1612.0005275528713
1208,2019,3380,46,3280,103,-1,21.0,58.75,4.125,16.0,16.375,10.25,16.25,6.875,19.625,18.125,50.0,2.375,13.125,10.375,9.125,17.625,8.0,19.625,5.375,31.166666666666668,63.333333333333336,4.5,10.5,14.0,15.666666666666666,10.666666666666666,7.5,18.333333333333332,23.0,53.833333333333336,6.666666666666667,17.0,10.166666666666666,10.833333333333334,19.0,6.0,18.0,16.833333333333332,0.8,1.0,16,1,15,1349.2016128040982,2361.746464448712,1612.0005275528713,1612.0005275528713
1209,2019,3179,76,3281,77,0,27.625,56.125,8.75,22.25,10.375,19.25,20.0,9.375,17.75,22.625,63.375,6.75,23.5,12.125,13.0,15.75,9.625,21.0,14.75,23.0,47.5,9.333333333333334,23.166666666666668,7.833333333333333,13.666666666666666,17.833333333333332,4.666666666666667,14.666666666666666,23.166666666666668,63.333333333333336,5.166666666666667,19.333333333333332,11.333333333333334,10.833333333333334,9.0,8.166666666666666,17.833333333333332,9.166666666666666,0.8,0.6666666666666666,10,7,3,1866.392923890577,2027.136040806455,1612.0005275528713,1612.0005275528713
1210,2019,3340,40,3332,78,-1,26.25,60.125,4.875,16.25,11.25,16.5,15.125,9.625,14.875,23.0,63.0,8.125,24.125,12.625,15.75,15.0,7.25,14.0,8.0,29.5,62.166666666666664,8.333333333333334,21.0,10.833333333333334,17.333333333333332,9.833333333333334,5.833333333333333,13.166666666666666,24.666666666666668,59.166666666666664,6.833333333333333,21.0,9.166666666666666,14.166666666666666,10.333333333333334,4.666666666666667,14.833333333333334,11.0,0.8,0.6666666666666666,15,2,13,1607.6569182504884,2253.506971155296,1612.0005275528713,1612.0005275528713
1211,2019,3125,52,3376,74,0,25.0,54.833333333333336,9.166666666666666,25.0,10.166666666666666,15.833333333333334,9.5,3.5,11.0,24.166666666666668,61.833333333333336,7.5,18.833333333333332,10.666666666666666,13.333333333333334,8.0,5.166666666666667,18.833333333333332,10.833333333333334,27.5,64.75,5.0,17.25,13.75,11.25,11.0,6.25,16.5,26.25,65.25,4.75,12.5,16.0,10.5,12.25,5.75,20.0,3.0,1.0,0.0,13,4,9,1734.718489957792,2220.024221312621,1612.0005275528713,1612.0005275528713
1212,2019,3460,61,3401,84,-1,25.333333333333332,67.83333333333333,4.5,17.0,17.0,10.833333333333334,10.666666666666666,6.333333333333333,15.5,21.0,60.666666666666664,6.166666666666667,22.166666666666668,9.666666666666666,14.666666666666666,12.5,5.333333333333333,17.166666666666668,8.666666666666666,24.8,53.0,3.2,11.4,12.0,13.2,18.8,5.4,12.2,21.4,59.4,8.2,24.8,7.8,11.6,12.6,9.0,16.8,6.6,1.0,0.5,13,4,9,1771.4283001995348,2087.511430143641,1612.0005275528713,1612.0005275528713
1213,2019,3101,38,3124,95,-1,26.5,51.25,10.375,23.5,9.375,18.375,19.5,8.125,17.125,22.375,58.125,5.375,17.875,12.125,11.125,14.625,10.875,17.5,13.625,30.0,65.0,2.5714285714285716,6.857142857142857,15.285714285714286,19.571428571428573,11.571428571428571,6.428571428571429,15.142857142857142,17.714285714285715,57.714285714285715,5.285714285714286,20.142857142857142,10.285714285714286,7.285714285714286,13.857142857142858,4.571428571428571,18.142857142857142,23.571428571428573,0.8,1.0,16,1,15,1476.0408895888377,2457.0630150333564,1612.0005275528713,1612.0005275528713
1214,2019,3120,64,3140,73,0,21.2,57.2,4.4,14.8,11.0,10.4,11.0,11.2,19.8,20.6,45.8,4.4,13.8,11.0,11.4,22.8,5.0,16.6,1.2,27.4,58.2,7.6,19.2,8.8,14.6,9.8,6.4,13.6,21.0,59.4,8.0,22.2,12.8,12.2,11.4,4.6,17.2,11.8,0.5,1.0,10,7,3,1906.4680369319565,1822.972324539753,1612.0005275528713,1612.0005275528713
1215,2019,3314,72,3143,92,0,25.25,64.25,7.5,24.0,10.0,14.25,10.25,5.0,16.75,29.75,65.0,5.25,19.0,13.75,15.0,12.75,6.25,14.75,-8.5,28.0,63.2,8.8,24.2,13.6,17.4,12.6,3.6,13.0,25.4,58.4,6.0,17.4,6.6,12.0,9.2,5.8,13.8,7.0,0.5,0.5,9,8,1,1848.4202118690607,1951.5155558467025,1612.0005275528713,1612.0005275528713
1216,2019,3114,51,3211,68,0,27.0,57.714285714285715,3.4285714285714284,10.0,12.428571428571429,16.571428571428573,10.857142857142858,6.285714285714286,13.142857142857142,20.142857142857142,49.0,3.0,12.142857142857142,8.571428571428571,8.142857142857142,15.857142857142858,4.285714285714286,14.0,15.142857142857142,25.4,57.4,4.6,11.0,9.2,14.4,11.6,7.4,14.8,23.2,62.4,6.6,18.0,14.6,12.6,14.2,6.4,18.6,8.0,1.0,0.5,12,5,7,1690.240993030888,1941.636975993545,1612.0005275528713,1612.0005275528713
1217,2019,3308,61,3235,97,-1,30.285714285714285,69.57142857142857,6.285714285714286,18.142857142857142,14.142857142857142,14.714285714285714,13.857142857142858,13.428571428571429,17.142857142857142,23.0,61.57142857142857,5.571428571428571,22.285714285714285,14.285714285714286,11.142857142857142,22.285714285714285,8.0,16.142857142857142,15.857142857142858,23.285714285714285,60.142857142857146,7.857142857142857,25.714285714285715,9.428571428571429,10.571428571428571,12.714285714285714,5.142857142857143,15.142857142857142,25.142857142857142,62.57142857142857,3.7142857142857144,13.428571428571429,11.142857142857142,13.428571428571429,14.714285714285714,5.142857142857143,20.142857142857142,3.2857142857142856,1.0,0.75,14,3,11,1575.792575338886,2019.9900279851536,1612.0005275528713,1612.0005275528713
1218,2019,3343,77,3246,82,0,25.875,59.875,4.875,16.625,12.5,14.125,12.625,8.625,15.125,22.375,63.0,5.125,17.125,14.0,10.125,14.625,6.375,16.0,13.125,21.5,61.0,3.5,15.25,8.75,10.75,11.25,10.75,18.5,20.75,51.75,4.5,13.25,11.5,12.25,20.0,4.25,17.25,0.25,1.0,0.0,11,6,5,1811.6671126084527,2036.0844646910152,1612.0005275528713,1612.0005275528713
1219,2019,3347,51,3268,73,-1,19.75,53.875,2.875,12.0,12.75,10.5,13.25,5.75,11.875,18.375,59.0,5.0,19.75,10.625,9.125,12.0,6.75,17.875,9.625,26.0,58.6,4.8,14.2,13.2,17.0,16.2,7.6,18.0,23.4,60.8,6.8,17.8,12.2,16.0,13.4,9.6,16.8,3.0,1.0,0.6666666666666666,14,3,11,1589.3641195584516,2182.263615458575,1612.0005275528713,1612.0005275528713
1220,2019,3141,87,3277,88,0,30.142857142857142,64.42857142857143,10.571428571428571,25.428571428571427,11.428571428571429,18.142857142857142,13.0,5.857142857142857,14.714285714285714,24.142857142857142,62.285714285714285,4.571428571428571,15.142857142857142,9.571428571428571,8.857142857142858,13.142857142857142,6.285714285714286,16.857142857142858,19.285714285714285,21.6,57.2,4.8,16.0,12.4,13.4,14.8,9.0,17.2,22.6,56.0,4.2,13.2,12.6,15.2,15.8,9.0,18.6,0.2,0.75,0.5,8,9,-1,1904.751762953976,1928.576236970653,1612.0005275528713,1612.0005275528713
1221,2019,3177,78,3283,89,0,28.0,64.33333333333333,9.833333333333334,29.5,14.166666666666666,19.5,11.833333333333334,7.666666666666667,17.333333333333332,24.666666666666668,52.166666666666664,5.5,15.166666666666666,7.333333333333333,13.833333333333334,17.5,5.833333333333333,17.0,12.166666666666666,29.0,66.0,5.375,15.125,15.375,15.25,13.0,10.25,14.125,22.25,59.0,8.0,24.125,8.625,12.125,17.125,6.5,16.75,16.125,1.0,1.0,6,11,-5,2061.115516744087,1789.254324534511,1612.0005275528713,1612.0005275528713
1222,2019,3263,51,3301,63,-1,23.333333333333332,60.5,7.5,25.666666666666668,14.333333333333334,14.0,9.666666666666666,9.666666666666666,12.833333333333334,19.5,52.833333333333336,3.6666666666666665,14.0,10.166666666666666,9.333333333333334,15.666666666666666,4.333333333333333,15.833333333333334,17.333333333333332,24.4,56.8,5.4,16.4,8.6,11.4,12.0,2.6,12.0,28.0,65.2,9.2,25.4,9.4,15.0,9.2,5.8,18.4,-5.2,1.0,0.5,14,3,11,1705.64326644652,2137.299095593952,1612.0005275528713,1612.0005275528713
1223,2019,3126,50,3323,92,-1,20.333333333333332,56.333333333333336,4.666666666666667,15.0,12.0,8.833333333333334,12.5,6.5,15.166666666666666,18.166666666666668,57.166666666666664,4.666666666666667,17.833333333333332,12.333333333333334,8.333333333333334,14.333333333333334,6.5,17.333333333333332,5.833333333333333,38.4,72.2,7.2,17.4,16.8,22.8,12.8,7.8,12.8,28.0,68.8,6.0,21.0,14.6,13.4,13.2,5.8,16.0,26.0,1.0,1.0,16,1,15,1409.0405946141018,2506.9804114795365,1612.0005275528713,1612.0005275528713
1224,2019,3129,75,3333,80,-1,25.375,62.625,7.125,22.25,12.375,14.875,13.0,9.5,14.75,22.75,53.75,4.625,14.375,9.25,12.0,19.5,5.875,16.75,8.625,25.0,57.5,6.25,22.5,10.75,13.0,13.25,2.25,13.25,25.5,67.25,7.75,21.25,12.25,13.75,7.25,6.25,14.25,-1.25,1.0,0.0,13,4,9,1810.380581035305,2160.4197374366254,1612.0005275528713,1612.0005275528713
1225,2019,3346,65,3355,76,0,26.5,61.0,7.333333333333333,22.0,13.5,15.666666666666666,10.5,9.833333333333334,14.0,17.166666666666668,52.5,4.666666666666667,15.666666666666666,10.5,8.666666666666666,17.5,4.666666666666667,16.5,23.5,30.4,60.0,9.4,23.8,11.2,19.2,12.6,9.0,16.6,22.2,64.4,7.4,27.8,11.6,10.0,12.2,5.6,17.8,24.6,1.0,1.0,11,6,5,1850.953167234499,1945.7996888593368,1612.0005275528713,1612.0005275528713
1226,2019,3413,54,3390,79,-1,25.0,54.57142857142857,8.142857142857142,20.0,8.571428571428571,13.571428571428571,11.142857142857142,6.428571428571429,14.714285714285714,16.142857142857142,58.42857142857143,5.428571428571429,22.142857142857142,12.142857142857142,7.428571428571429,12.857142857142858,5.714285714285714,16.857142857142858,24.428571428571427,26.333333333333332,56.0,7.833333333333333,22.833333333333332,8.666666666666666,14.833333333333334,12.333333333333334,7.5,13.666666666666666,18.833333333333332,57.5,6.166666666666667,22.166666666666668,9.0,10.333333333333334,11.333333333333334,6.5,13.166666666666666,16.833333333333332,1.0,1.0,15,2,13,1732.420725676147,2229.66134644176,1612.0005275528713,1612.0005275528713
1227,2019,3200,49,3393,70,-1,22.5,49.333333333333336,9.833333333333334,22.0,6.5,13.166666666666666,11.5,4.666666666666667,13.166666666666666,18.0,49.666666666666664,4.166666666666667,15.5,8.166666666666666,9.333333333333334,12.666666666666666,4.333333333333333,17.833333333333332,16.5,28.333333333333332,62.333333333333336,8.166666666666666,20.0,13.166666666666666,13.333333333333334,13.0,6.0,17.333333333333332,30.0,64.0,5.666666666666667,18.166666666666668,14.0,15.0,13.5,5.333333333333333,17.5,-2.5,1.0,0.6666666666666666,14,3,11,1791.3770738636815,2072.4602844374767,1612.0005275528713,1612.0005275528713
1228,2019,3397,77,3417,89,0,27.6,58.4,5.0,10.6,10.8,14.0,17.2,5.8,19.0,28.0,59.8,3.4,11.8,11.2,13.0,13.0,6.8,15.2,-1.8,29.4,66.6,5.0,14.6,14.8,15.0,10.0,7.8,15.4,25.2,59.8,6.2,20.4,13.0,15.2,16.0,5.4,15.0,9.2,0.5,0.5,11,6,5,1994.063033591273,2114.4766472247898,1612.0005275528713,1612.0005275528713
1229,2019,3274,55,3113,57,1,27.25,61.5,6.5,19.0,13.0,12.75,14.0,5.0,16.75,24.5,63.75,7.25,22.25,13.5,11.75,11.5,5.5,16.5,3.5,23.4,55.0,5.4,17.4,11.0,16.4,13.4,5.8,16.2,23.0,50.4,4.4,15.4,8.0,9.2,12.4,6.2,14.6,-0.6,0.0,0.5,4,5,-1,2044.408159017938,2036.1275506363677,1612.0005275528713,1612.0005275528713
1230,2019,3138,72,3163,84,-1,25.0,60.75,5.75,19.125,14.625,13.25,14.375,7.75,17.375,21.125,59.375,7.25,24.75,10.375,13.875,14.375,6.5,17.75,12.875,28.285714285714285,58.714285714285715,5.857142857142857,19.571428571428573,10.714285714285714,17.857142857142858,12.142857142857142,9.142857142857142,12.142857142857142,19.0,58.142857142857146,5.285714285714286,18.857142857142858,11.571428571428571,10.857142857142858,16.428571428571427,5.285714285714286,16.428571428571427,24.571428571428573,0.8,1.0,10,2,8,1850.261783855325,2614.046563229868,1612.0005275528713,1612.0005275528713
1231,2019,3281,52,3234,68,-1,23.0,47.5,9.333333333333334,23.166666666666668,7.833333333333333,13.666666666666666,17.833333333333332,4.666666666666667,14.666666666666666,23.166666666666668,63.333333333333336,5.166666666666667,19.333333333333332,11.333333333333334,10.833333333333334,9.0,8.166666666666666,17.833333333333332,9.166666666666666,28.6,55.0,5.2,13.8,8.2,22.4,15.4,5.4,11.0,25.0,64.0,5.0,18.0,10.2,14.0,10.6,9.8,18.2,13.6,0.6666666666666666,1.0,7,2,5,2027.136040806455,2124.717119743049,1612.0005275528713,1612.0005275528713
1232,2019,3276,50,3257,71,-1,24.5,57.75,5.25,13.5,12.5,19.0,19.25,10.75,17.75,23.25,58.0,4.75,16.75,13.5,13.75,19.25,9.75,16.0,1.75,31.333333333333332,66.83333333333333,7.0,24.0,13.0,17.5,11.166666666666666,7.5,16.166666666666668,25.5,59.0,4.166666666666667,12.166666666666666,10.5,9.333333333333334,17.666666666666668,3.5,14.666666666666666,15.166666666666666,0.5,0.6666666666666666,8,1,7,1966.4898751684784,2353.975460789412,1612.0005275528713,1612.0005275528713
1233,2019,3155,61,3280,85,-1,26.75,66.5,5.0,14.0,12.75,11.75,16.5,9.5,16.25,27.25,63.75,7.5,24.0,11.5,13.0,18.0,7.25,18.25,-1.0,31.166666666666668,63.333333333333336,4.5,10.5,14.0,15.666666666666666,10.666666666666666,7.5,18.333333333333332,23.0,53.833333333333336,6.666666666666667,17.0,10.166666666666666,10.833333333333334,19.0,6.0,18.0,16.833333333333332,0.5,1.0,9,1,8,1798.179729115138,2361.746464448712,1612.0005275528713,1612.0005275528713
1234,2019,3231,68,3332,91,-1,23.0,57.75,5.5,15.5,10.25,12.25,14.25,6.0,15.75,22.5,59.75,3.5,15.0,10.0,15.0,11.5,6.5,15.25,0.25,29.5,62.166666666666664,8.333333333333334,21.0,10.833333333333334,17.333333333333332,9.833333333333334,5.833333333333333,13.166666666666666,24.666666666666668,59.166666666666664,6.833333333333333,21.0,9.166666666666666,14.166666666666666,10.333333333333334,4.666666666666667,14.833333333333334,11.0,0.5,0.6666666666666666,10,2,8,1912.1205610307768,2253.506971155296,1612.0005275528713,1612.0005275528713
1235,2019,3199,64,3376,72,-1,23.8,58.8,5.2,19.0,12.8,11.6,12.8,6.6,18.0,24.0,56.2,5.0,14.2,10.8,11.6,11.8,6.4,16.0,-0.8,27.5,64.75,5.0,17.25,13.75,11.25,11.0,6.25,16.5,26.25,65.25,4.75,12.5,16.0,10.5,12.25,5.75,20.0,3.0,0.5,0.0,5,4,1,2084.970219105744,2220.024221312621,1612.0005275528713,1612.0005275528713
1236,2019,3266,76,3401,78,-1,28.5,63.0,8.833333333333334,22.833333333333332,11.833333333333334,16.333333333333332,12.5,9.166666666666666,14.333333333333334,23.333333333333332,59.666666666666664,7.0,23.166666666666668,9.666666666666666,14.0,15.5,4.666666666666667,15.5,14.333333333333334,24.8,53.0,3.2,11.4,12.0,13.2,18.8,5.4,12.2,21.4,59.4,8.2,24.8,7.8,11.6,12.6,9.0,16.8,6.6,0.6666666666666666,0.5,5,4,1,1996.9030488215533,2087.511430143641,1612.0005275528713,1612.0005275528713
1237,2019,3143,63,3124,102,-1,28.0,63.2,8.8,24.2,13.6,17.4,12.6,3.6,13.0,25.4,58.4,6.0,17.4,6.6,12.0,9.2,5.8,13.8,7.0,30.0,65.0,2.5714285714285716,6.857142857142857,15.285714285714286,19.571428571428573,11.571428571428571,6.428571428571429,15.142857142857142,17.714285714285715,57.714285714285715,5.285714285714286,20.142857142857142,10.285714285714286,7.285714285714286,13.857142857142858,4.571428571428571,18.142857142857142,23.571428571428573,0.5,1.0,8,1,7,1951.5155558467025,2457.0630150333564,1612.0005275528713,1612.0005275528713
1238,2019,3235,60,3283,69,1,23.285714285714285,60.142857142857146,7.857142857142857,25.714285714285715,9.428571428571429,10.571428571428571,12.714285714285714,5.142857142857143,15.142857142857142,25.142857142857142,62.57142857142857,3.7142857142857144,13.428571428571429,11.142857142857142,13.428571428571429,14.714285714285714,5.142857142857143,20.142857142857142,3.2857142857142856,29.0,66.0,5.375,15.125,15.375,15.25,13.0,10.25,14.125,22.25,59.0,8.0,24.125,8.625,12.125,17.125,6.5,16.75,16.125,0.75,1.0,3,11,-8,2019.9900279851536,1789.254324534511,1612.0005275528713,1612.0005275528713
1239,2019,3246,57,3301,72,-1,21.5,61.0,3.5,15.25,8.75,10.75,11.25,10.75,18.5,20.75,51.75,4.5,13.25,11.5,12.25,20.0,4.25,17.25,0.25,24.4,56.8,5.4,16.4,8.6,11.4,12.0,2.6,12.0,28.0,65.2,9.2,25.4,9.4,15.0,9.2,5.8,18.4,-5.2,0.0,0.5,6,3,3,2036.0844646910152,2137.299095593952,1612.0005275528713,1612.0005275528713
1240,2019,3277,63,3323,91,-1,21.6,57.2,4.8,16.0,12.4,13.4,14.8,9.0,17.2,22.6,56.0,4.2,13.2,12.6,15.2,15.8,9.0,18.6,0.2,38.4,72.2,7.2,17.4,16.8,22.8,12.8,7.8,12.8,28.0,68.8,6.0,21.0,14.6,13.4,13.2,5.8,16.0,26.0,0.5,1.0,9,1,8,1928.576236970653,2506.9804114795365,1612.0005275528713,1612.0005275528713
1241,2019,3211,70,3333,76,-1,25.4,57.4,4.6,11.0,9.2,14.4,11.6,7.4,14.8,23.2,62.4,6.6,18.0,14.6,12.6,14.2,6.4,18.6,8.0,25.0,57.5,6.25,22.5,10.75,13.0,13.25,2.25,13.25,25.5,67.25,7.75,21.25,12.25,13.75,7.25,6.25,14.25,-1.25,0.5,0.0,5,4,1,1941.636975993545,2160.4197374366254,1612.0005275528713,1612.0005275528713
1242,2019,3393,64,3355,75,1,28.333333333333332,62.333333333333336,8.166666666666666,20.0,13.166666666666666,13.333333333333334,13.0,6.0,17.333333333333332,30.0,64.0,5.666666666666667,18.166666666666668,14.0,15.0,13.5,5.333333333333333,17.5,-2.5,30.4,60.0,9.4,23.8,11.2,19.2,12.6,9.0,16.6,22.2,64.4,7.4,27.8,11.6,10.0,12.2,5.6,17.8,24.6,0.6666666666666666,1.0,3,6,-3,2072.4602844374767,1945.7996888593368,1612.0005275528713,1612.0005275528713
1243,2019,3140,63,3390,72,-1,27.4,58.2,7.6,19.2,8.8,14.6,9.8,6.4,13.6,21.0,59.4,8.0,22.2,12.8,12.2,11.4,4.6,17.2,11.8,26.333333333333332,56.0,7.833333333333333,22.833333333333332,8.666666666666666,14.833333333333334,12.333333333333334,7.5,13.666666666666666,18.833333333333332,57.5,6.166666666666667,22.166666666666668,9.0,10.333333333333334,11.333333333333334,6.5,13.166666666666666,16.833333333333332,1.0,1.0,7,2,5,1822.972324539753,2229.66134644176,1612.0005275528713,1612.0005275528713
1244,2019,3268,80,3417,85,1,26.0,58.6,4.8,14.2,13.2,17.0,16.2,7.6,18.0,23.4,60.8,6.8,17.8,12.2,16.0,13.4,9.6,16.8,3.0,29.4,66.6,5.0,14.6,14.8,15.0,10.0,7.8,15.4,25.2,59.8,6.2,20.4,13.0,15.2,16.0,5.4,15.0,9.2,0.6666666666666666,0.5,3,6,-3,2182.263615458575,2114.4766472247898,1612.0005275528713,1612.0005275528713
1245,2019,3417,61,3163,69,-1,29.4,66.6,5.0,14.6,14.8,15.0,10.0,7.8,15.4,25.2,59.8,6.2,20.4,13.0,15.2,16.0,5.4,15.0,9.2,28.285714285714285,58.714285714285715,5.857142857142857,19.571428571428573,10.714285714285714,17.857142857142858,12.142857142857142,9.142857142857142,12.142857142857142,19.0,58.142857142857146,5.285714285714286,18.857142857142858,11.571428571428571,10.857142857142858,16.428571428571427,5.285714285714286,16.428571428571427,24.571428571428573,0.5,1.0,6,2,4,2114.4766472247898,2614.046563229868,1612.0005275528713,1612.0005275528713
1246,2019,3333,44,3257,61,0,25.0,57.5,6.25,22.5,10.75,13.0,13.25,2.25,13.25,25.5,67.25,7.75,21.25,12.25,13.75,7.25,6.25,14.25,-1.25,31.333333333333332,66.83333333333333,7.0,24.0,13.0,17.5,11.166666666666666,7.5,16.166666666666668,25.5,59.0,4.166666666666667,12.166666666666666,10.5,9.333333333333334,17.666666666666668,3.5,14.666666666666666,15.166666666666666,0.0,0.6666666666666666,4,1,3,2160.4197374366254,2353.975460789412,1612.0005275528713,1612.0005275528713
1247,2019,3113,53,3280,76,0,23.4,55.0,5.4,17.4,11.0,16.4,13.4,5.8,16.2,23.0,50.4,4.4,15.4,8.0,9.2,12.4,6.2,14.6,-0.6,31.166666666666668,63.333333333333336,4.5,10.5,14.0,15.666666666666666,10.666666666666666,7.5,18.333333333333332,23.0,53.833333333333336,6.666666666666667,17.0,10.166666666666666,10.833333333333334,19.0,6.0,18.0,16.833333333333332,0.5,1.0,5,1,4,2036.1275506363677,2361.746464448712,1612.0005275528713,1612.0005275528713
1248,2019,3355,53,3332,63,-1,30.4,60.0,9.4,23.8,11.2,19.2,12.6,9.0,16.6,22.2,64.4,7.4,27.8,11.6,10.0,12.2,5.6,17.8,24.6,29.5,62.166666666666664,8.333333333333334,21.0,10.833333333333334,17.333333333333332,9.833333333333334,5.833333333333333,13.166666666666666,24.666666666666668,59.166666666666664,6.833333333333333,21.0,9.166666666666666,14.166666666666666,10.333333333333334,4.666666666666667,14.833333333333334,11.0,1.0,0.6666666666666666,6,2,4,1945.7996888593368,2253.506971155296,1612.0005275528713,1612.0005275528713
1249,2019,3376,68,3124,93,0,27.5,64.75,5.0,17.25,13.75,11.25,11.0,6.25,16.5,26.25,65.25,4.75,12.5,16.0,10.5,12.25,5.75,20.0,3.0,30.0,65.0,2.5714285714285716,6.857142857142857,15.285714285714286,19.571428571428573,11.571428571428571,6.428571428571429,15.142857142857142,17.714285714285715,57.714285714285715,5.285714285714286,20.142857142857142,10.285714285714286,7.285714285714286,13.857142857142858,4.571428571428571,18.142857142857142,23.571428571428573,0.0,1.0,4,1,3,2220.024221312621,2457.0630150333564,1612.0005275528713,1612.0005275528713
1250,2019,3301,61,3234,79,1,24.4,56.8,5.4,16.4,8.6,11.4,12.0,2.6,12.0,28.0,65.2,9.2,25.4,9.4,15.0,9.2,5.8,18.4,-5.2,28.6,55.0,5.2,13.8,8.2,22.4,15.4,5.4,11.0,25.0,64.0,5.0,18.0,10.2,14.0,10.6,9.8,18.2,13.6,0.5,1.0,3,2,1,2137.299095593952,2124.717119743049,1612.0005275528713,1612.0005275528713
1251,2019,3401,80,3323,87,-1,24.8,53.0,3.2,11.4,12.0,13.2,18.8,5.4,12.2,21.4,59.4,8.2,24.8,7.8,11.6,12.6,9.0,16.8,6.6,38.4,72.2,7.2,17.4,16.8,22.8,12.8,7.8,12.8,28.0,68.8,6.0,21.0,14.6,13.4,13.2,5.8,16.0,26.0,0.5,1.0,4,1,3,2087.511430143641,2506.9804114795365,1612.0005275528713,1612.0005275528713
1252,2019,3283,46,3390,55,0,29.0,66.0,5.375,15.125,15.375,15.25,13.0,10.25,14.125,22.25,59.0,8.0,24.125,8.625,12.125,17.125,6.5,16.75,16.125,26.333333333333332,56.0,7.833333333333333,22.833333333333332,8.666666666666666,14.833333333333334,12.333333333333334,7.5,13.666666666666666,18.833333333333332,57.5,6.166666666666667,22.166666666666668,9.0,10.333333333333334,11.333333333333334,6.5,13.166666666666666,16.833333333333332,1.0,1.0,11,2,9,1789.254324534511,2229.66134644176,1612.0005275528713,1612.0005275528713
1253,2019,3257,73,3163,80,-1,31.333333333333332,66.83333333333333,7.0,24.0,13.0,17.5,11.166666666666666,7.5,16.166666666666668,25.5,59.0,4.166666666666667,12.166666666666666,10.5,9.333333333333334,17.666666666666668,3.5,14.666666666666666,15.166666666666666,28.285714285714285,58.714285714285715,5.857142857142857,19.571428571428573,10.714285714285714,17.857142857142858,12.142857142857142,9.142857142857142,12.142857142857142,19.0,58.142857142857146,5.285714285714286,18.857142857142858,11.571428571428571,10.857142857142858,16.428571428571427,5.285714285714286,16.428571428571427,24.571428571428573,0.6666666666666666,1.0,1,2,-1,2353.975460789412,2614.046563229868,1612.0005275528713,1612.0005275528713
1254,2019,3280,84,3332,88,-1,31.166666666666668,63.333333333333336,4.5,10.5,14.0,15.666666666666666,10.666666666666666,7.5,18.333333333333332,23.0,53.833333333333336,6.666666666666667,17.0,10.166666666666666,10.833333333333334,19.0,6.0,18.0,16.833333333333332,29.5,62.166666666666664,8.333333333333334,21.0,10.833333333333334,17.333333333333332,9.833333333333334,5.833333333333333,13.166666666666666,24.666666666666668,59.166666666666664,6.833333333333333,21.0,9.166666666666666,14.166666666666666,10.333333333333334,4.666666666666667,14.833333333333334,11.0,1.0,0.6666666666666666,1,2,-1,2361.746464448712,2253.506971155296,1612.0005275528713,1612.0005275528713
1255,2019,3234,53,3124,85,0,28.6,55.0,5.2,13.8,8.2,22.4,15.4,5.4,11.0,25.0,64.0,5.0,18.0,10.2,14.0,10.6,9.8,18.2,13.6,30.0,65.0,2.5714285714285716,6.857142857142857,15.285714285714286,19.571428571428573,11.571428571428571,6.428571428571429,15.142857142857142,17.714285714285715,57.714285714285715,5.285714285714286,20.142857142857142,10.285714285714286,7.285714285714286,13.857142857142858,4.571428571428571,18.142857142857142,23.571428571428573,1.0,1.0,2,1,1,2124.717119743049,2457.0630150333564,1612.0005275528713,1612.0005275528713
1256,2019,3390,68,3323,84,-1,26.333333333333332,56.0,7.833333333333333,22.833333333333332,8.666666666666666,14.833333333333334,12.333333333333334,7.5,13.666666666666666,18.833333333333332,57.5,6.166666666666667,22.166666666666668,9.0,10.333333333333334,11.333333333333334,6.5,13.166666666666666,16.833333333333332,38.4,72.2,7.2,17.4,16.8,22.8,12.8,7.8,12.8,28.0,68.8,6.0,21.0,14.6,13.4,13.2,5.8,16.0,26.0,1.0,1.0,2,1,1,2229.66134644176,2506.9804114795365,1612.0005275528713,1612.0005275528713
1257,2019,3332,67,3124,72,0,29.5,62.166666666666664,8.333333333333334,21.0,10.833333333333334,17.333333333333332,9.833333333333334,5.833333333333333,13.166666666666666,24.666666666666668,59.166666666666664,6.833333333333333,21.0,9.166666666666666,14.166666666666666,10.333333333333334,4.666666666666667,14.833333333333334,11.0,30.0,65.0,2.5714285714285716,6.857142857142857,15.285714285714286,19.571428571428573,11.571428571428571,6.428571428571429,15.142857142857142,17.714285714285715,57.714285714285715,5.285714285714286,20.142857142857142,10.285714285714286,7.285714285714286,13.857142857142858,4.571428571428571,18.142857142857142,23.571428571428573,0.6666666666666666,1.0,2,1,1,2253.506971155296,2457.0630150333564,1612.0005275528713,1612.0005275528713
1258,2019,3163,76,3323,81,0,28.285714285714285,58.714285714285715,5.857142857142857,19.571428571428573,10.714285714285714,17.857142857142858,12.142857142857142,9.142857142857142,12.142857142857142,19.0,58.142857142857146,5.285714285714286,18.857142857142858,11.571428571428571,10.857142857142858,16.428571428571427,5.285714285714286,16.428571428571427,24.571428571428573,38.4,72.2,7.2,17.4,16.8,22.8,12.8,7.8,12.8,28.0,68.8,6.0,21.0,14.6,13.4,13.2,5.8,16.0,26.0,1.0,1.0,2,1,1,2614.046563229868,2506.9804114795365,1612.0005275528713,1612.0005275528713
1259,2019,3323,81,3124,82,0,38.4,72.2,7.2,17.4,16.8,22.8,12.8,7.8,12.8,28.0,68.8,6.0,21.0,14.6,13.4,13.2,5.8,16.0,26.0,30.0,65.0,2.5714285714285716,6.857142857142857,15.285714285714286,19.571428571428573,11.571428571428571,6.428571428571429,15.142857142857142,17.714285714285715,57.714285714285715,5.285714285714286,20.142857142857142,10.285714285714286,7.285714285714286,13.857142857142858,4.571428571428571,18.142857142857142,23.571428571428573,1.0,1.0,1,1,0,2506.9804114795365,2457.0630150333564,1612.0005275528713,1612.0005275528713
1260,2021,3124,101,3238,52,0,31.11111111111111,63.666666666666664,3.3333333333333335,10.222222222222221,13.88888888888889,17.555555555555557,17.0,7.0,15.88888888888889,20.333333333333332,61.333333333333336,5.444444444444445,18.333333333333332,7.555555555555555,9.666666666666666,14.88888888888889,7.111111111111111,19.333333333333332,21.77777777777778,25.375,57.875,5.875,14.75,12.125,13.25,13.375,8.0,14.75,20.625,58.875,5.0,14.75,9.875,11.625,13.875,6.25,19.375,15.125,1.0,1.0,2,15,-13,2441.3926867519194,1428.8991417008403,1612.0005275528713,1612.0005275528713
1261,2021,3163,102,3219,59,0,31.285714285714285,63.57142857142857,5.714285714285714,18.142857142857142,11.857142857142858,18.857142857142858,13.142857142857142,10.571428571428571,9.0,18.285714285714285,58.57142857142857,5.142857142857143,21.285714285714285,7.142857142857143,11.714285714285714,16.0,6.142857142857143,14.714285714285714,33.857142857142854,26.8,57.0,10.2,25.2,6.8,17.2,14.4,5.8,15.8,24.4,63.6,5.0,16.4,11.2,12.0,13.2,4.8,17.4,9.2,1.0,1.0,1,16,-15,2543.48636006299,1447.2579202890631,1612.0005275528713,1612.0005275528713
1262,2021,3210,54,3372,52,0,22.8,57.2,5.0,18.6,7.6,12.0,11.4,4.2,14.8,24.2,57.2,4.6,13.2,9.0,10.8,11.2,6.6,13.4,-5.6,29.571428571428573,60.42857142857143,8.857142857142858,21.857142857142858,11.428571428571429,19.857142857142858,15.571428571428571,13.714285714285714,20.285714285714285,18.714285714285715,50.0,3.7142857142857144,13.285714285714286,10.714285714285714,11.285714285714286,22.285714285714285,6.571428571428571,16.285714285714285,23.571428571428573,0.5,1.0,5,12,-7,1985.5158709368447,1705.424076179565,1612.0005275528713,1612.0005275528713
1263,2021,3234,87,3141,72,0,30.77777777777778,58.666666666666664,10.444444444444445,24.11111111111111,6.444444444444445,20.77777777777778,12.666666666666666,6.0,14.333333333333334,30.444444444444443,66.55555555555556,8.11111111111111,21.444444444444443,12.11111111111111,16.555555555555557,11.555555555555555,6.666666666666667,15.666666666666666,3.7777777777777777,29.333333333333332,63.333333333333336,10.333333333333334,31.166666666666668,7.5,15.333333333333334,14.0,7.5,18.166666666666668,26.333333333333332,62.166666666666664,8.333333333333334,24.5,8.333333333333334,10.333333333333334,13.833333333333334,6.166666666666667,17.0,5.666666666666667,0.6666666666666666,1.0,5,12,-7,2077.316330489231,1822.8204708715475,1612.0005275528713,1612.0005275528713
1264,2021,3246,71,3226,63,0,24.0,61.0,5.8,16.8,10.0,10.2,12.2,6.4,18.8,24.8,59.6,4.0,13.0,12.2,10.2,13.2,5.2,15.8,-4.8,31.142857142857142,60.857142857142854,7.142857142857143,18.714285714285715,8.428571428571429,18.0,12.714285714285714,9.285714285714286,15.857142857142858,19.0,55.57142857142857,4.857142857142857,20.571428571428573,7.428571428571429,8.714285714285714,14.571428571428571,6.857142857142857,10.571428571428571,19.142857142857142,0.5,1.0,4,13,-9,2023.8777480817932,1693.1152142592898,1612.0005275528713,1612.0005275528713
1265,2021,3276,87,3195,66,0,21.6,57.8,3.8,17.0,10.2,13.6,14.6,5.6,16.8,26.2,58.4,8.2,18.8,7.8,15.2,12.0,8.0,17.8,-9.8,27.88888888888889,63.44444444444444,11.555555555555555,36.111111111111114,5.666666666666667,15.777777777777779,9.88888888888889,11.11111111111111,15.0,21.11111111111111,56.666666666666664,4.333333333333333,16.88888888888889,7.222222222222222,7.777777777777778,17.88888888888889,5.555555555555555,16.666666666666668,23.555555555555557,0.3333333333333333,1.0,6,11,-5,2047.710491677208,1941.777581584273,1612.0005275528713,1612.0005275528713
1266,2021,3301,79,3299,58,0,25.833333333333332,59.0,6.333333333333333,18.5,8.166666666666666,14.0,10.333333333333334,6.5,9.666666666666666,23.166666666666668,59.166666666666664,4.666666666666667,19.666666666666668,7.333333333333333,9.333333333333334,11.833333333333334,4.666666666666667,16.166666666666668,12.666666666666666,25.666666666666668,68.0,6.166666666666667,22.166666666666668,14.0,17.0,15.166666666666666,12.0,14.5,21.5,61.666666666666664,4.333333333333333,15.833333333333334,12.5,12.333333333333334,21.166666666666668,8.333333333333334,16.5,10.5,1.0,1.0,1,16,-15,2242.598969097351,1462.0955202111656,1612.0005275528713,1612.0005275528713
1267,2021,3329,84,3448,61,0,25.5,66.0,5.5,20.25,9.5,14.25,13.75,11.25,13.75,26.5,64.5,7.0,19.5,9.75,15.75,17.5,8.5,15.5,-3.0,21.25,56.5,7.0,20.5,7.75,12.25,11.0,6.0,14.0,26.0,60.0,5.5,17.5,9.75,15.25,12.25,6.0,15.5,-2.75,0.5,0.5,8,9,-1,1949.769701689284,1839.1654531862057,1612.0005275528713,1612.0005275528713
1268,2021,3333,83,3199,59,0,25.2,56.6,6.8,17.8,6.6,14.6,10.6,2.4,12.2,26.4,69.6,5.8,17.4,12.0,13.8,5.4,6.8,16.0,-0.2,23.75,61.25,4.75,16.25,12.0,13.0,12.25,7.0,18.25,22.0,58.0,4.75,20.5,11.5,11.5,14.0,5.75,17.0,2.0,0.6666666666666666,0.0,8,9,-1,2092.548435812252,2004.183492037861,1612.0005275528713,1612.0005275528713
1269,2021,3376,79,3273,53,0,25.0,61.666666666666664,4.5,12.5,11.833333333333334,10.666666666666666,14.0,7.166666666666667,15.833333333333334,21.666666666666668,58.666666666666664,3.6666666666666665,12.666666666666666,7.333333333333333,9.5,14.333333333333334,5.666666666666667,17.166666666666668,11.666666666666666,27.5,68.66666666666667,6.0,14.666666666666666,14.0,14.833333333333334,8.0,9.666666666666666,15.5,24.5,57.333333333333336,4.166666666666667,16.166666666666668,9.833333333333334,9.0,15.833333333333334,3.8333333333333335,17.333333333333332,7.333333333333333,1.0,1.0,1,16,-15,2344.3285553452884,1498.7041041827658,1612.0005275528713,1612.0005275528713
1270,2021,3378,57,3450,53,0,18.25,56.125,6.75,23.375,14.25,12.75,14.375,5.625,17.0,20.0,54.125,4.0,13.0,9.5,10.0,13.5,7.0,19.375,1.0,20.0,54.25,7.0,22.0,11.0,13.5,15.0,7.5,13.0,20.0,55.75,5.25,17.75,10.25,10.25,14.0,10.75,13.25,3.75,0.8,0.5,8,9,-1,1932.3698914349693,1828.587159771984,1612.0005275528713,1612.0005275528713
1271,2021,3390,87,3430,44,0,28.6,65.2,10.4,24.8,10.8,13.6,11.4,7.8,12.2,17.6,58.8,3.8,20.6,6.8,7.4,13.8,7.0,11.8,29.2,21.857142857142858,52.0,4.571428571428571,16.428571428571427,8.714285714285714,16.0,14.571428571428571,6.714285714285714,12.571428571428571,20.285714285714285,57.857142857142854,4.857142857142857,18.285714285714285,9.0,10.571428571428571,12.428571428571429,6.571428571428571,15.0,7.142857142857143,1.0,0.75,1,16,-15,2346.7950291951493,1338.0753206486895,1612.0005275528713,1612.0005275528713
1272,2021,3393,72,3355,55,0,24.0,58.333333333333336,6.0,22.666666666666668,11.5,11.0,15.0,4.833333333333333,16.0,24.833333333333332,61.666666666666664,6.833333333333333,20.666666666666668,9.666666666666666,14.5,11.833333333333334,7.666666666666667,17.333333333333332,-0.6666666666666666,20.5,52.0,6.25,19.0,10.0,12.0,12.25,7.75,16.25,20.5,49.0,6.25,17.75,7.0,11.25,15.0,6.0,20.0,5.75,0.6666666666666666,0.0,8,9,-1,1982.7633667110977,1926.9835956104648,1612.0005275528713,1612.0005275528713
1273,2021,3397,87,3292,62,0,25.8,61.2,4.6,13.2,14.2,12.0,18.4,5.0,16.0,24.4,64.4,7.0,20.6,9.0,12.8,12.4,9.4,18.4,5.4,22.571428571428573,58.57142857142857,8.285714285714286,29.285714285714285,9.142857142857142,11.857142857142858,10.285714285714286,6.0,14.714285714285714,25.857142857142858,60.714285714285715,6.428571428571429,21.428571428571427,12.0,13.714285714285714,13.285714285714286,3.5714285714285716,16.428571428571427,-0.5714285714285714,0.5,0.8,3,14,-11,2025.029925954086,1739.2811865041888,1612.0005275528713,1612.0005275528713
1274,2021,3439,70,3266,63,0,23.6,55.4,8.2,25.4,5.0,13.4,12.2,4.2,17.0,24.6,59.8,6.6,23.6,8.8,11.8,11.6,7.0,16.8,0.8,25.666666666666668,59.5,2.8333333333333335,10.0,9.833333333333334,16.333333333333332,14.333333333333334,7.833333333333333,13.333333333333334,23.0,59.0,5.166666666666667,17.166666666666668,7.333333333333333,12.333333333333334,14.333333333333334,7.833333333333333,12.0,4.0,0.5,0.5,7,10,-3,1966.469255525373,2027.3821369300435,1612.0005275528713,1612.0005275528713
1275,2021,3452,77,3250,53,0,25.0,61.875,5.875,17.75,8.375,13.375,13.875,8.375,17.25,26.625,62.375,5.875,17.5,10.75,16.25,14.25,6.25,13.875,-5.0,24.0,61.0,10.25,29.75,6.75,14.75,11.75,7.0,11.5,24.5,62.5,4.0,20.25,9.75,12.0,13.75,6.25,14.25,7.75,0.6,1.0,4,13,-9,2041.1663663494307,1538.4421980228449,1612.0005275528713,1612.0005275528713
1276,2021,3104,80,3314,71,0,26.0,57.6,7.8,20.8,7.0,15.8,12.8,3.8,12.6,28.0,63.2,10.2,22.0,9.2,14.2,11.6,6.4,15.6,-4.0,26.75,63.25,6.25,19.25,8.75,13.5,12.25,7.0,15.75,26.75,60.75,8.0,21.25,5.5,14.5,11.75,6.25,16.25,0.0,0.5,0.0,7,10,-3,1913.4106938131652,1855.004438298532,1612.0005275528713,1612.0005275528713
1277,2021,3112,79,3392,44,0,21.0,58.0,4.5,17.5,7.0,7.75,13.75,11.75,16.5,19.75,53.25,6.5,18.0,8.0,9.25,17.75,6.25,12.75,-2.25,24.75,53.25,5.0,14.5,11.75,14.5,15.0,10.5,12.5,20.25,51.5,4.75,15.75,7.5,12.5,16.5,8.5,15.0,14.0,0.5,1.0,3,14,-11,2122.007479982336,1603.9346761161178,1612.0005275528713,1612.0005275528713
1278,2021,3125,64,3211,59,0,28.285714285714285,58.285714285714285,8.571428571428571,24.714285714285715,9.714285714285714,16.571428571428573,12.428571428571429,8.714285714285714,15.571428571428571,20.571428571428573,53.42857142857143,6.571428571428571,22.0,10.571428571428571,12.857142857142858,16.285714285714285,6.285714285714286,13.142857142857142,16.714285714285715,27.4,59.8,5.8,17.6,12.0,17.8,14.6,10.2,12.2,17.6,51.2,5.8,16.0,6.0,8.6,16.2,7.8,13.4,23.4,1.0,1.0,12,5,7,1719.9071836744154,1998.4638027617727,1612.0005275528713,1612.0005275528713
1279,2021,3140,69,3353,66,0,26.4,58.6,5.8,19.6,8.2,16.2,12.4,9.4,16.6,21.0,56.2,8.4,24.2,9.6,13.2,15.0,7.0,15.6,5.0,26.666666666666668,61.333333333333336,6.0,19.333333333333332,11.166666666666666,15.333333333333334,12.5,11.0,15.333333333333334,19.666666666666668,53.5,6.666666666666667,18.166666666666668,8.833333333333334,14.0,16.333333333333332,7.166666666666667,13.333333333333334,9.833333333333334,0.5,0.6666666666666666,11,6,5,1818.0118058326543,1995.9041325783437,1612.0005275528713,1612.0005275528713
1280,2021,3208,67,3180,53,0,26.5,61.666666666666664,5.0,14.166666666666666,11.0,11.833333333333334,13.333333333333334,6.5,17.0,24.0,60.333333333333336,4.333333333333333,12.833333333333334,10.5,6.833333333333333,15.333333333333334,6.833333333333333,17.333333333333332,4.333333333333333,23.857142857142858,57.57142857142857,6.285714285714286,19.571428571428573,8.285714285714286,11.0,11.142857142857142,9.857142857142858,17.0,21.285714285714285,57.714285714285715,6.0,20.285714285714285,16.857142857142858,10.142857142857142,19.714285714285715,4.714285714285714,15.428571428571429,2.0,0.6666666666666666,1.0,3,14,-11,2028.2659067757893,1731.3875333352464,1612.0005275528713,1612.0005275528713
1281,2021,3231,63,3433,32,0,28.8,60.2,3.4,13.0,9.8,13.4,13.0,6.0,15.2,25.2,60.0,4.8,13.0,6.0,8.6,13.6,7.2,19.2,11.2,21.333333333333332,55.333333333333336,5.833333333333333,18.5,9.833333333333334,12.5,10.666666666666666,7.666666666666667,12.333333333333334,23.166666666666668,56.5,6.833333333333333,21.833333333333332,8.166666666666666,13.166666666666666,13.333333333333334,5.5,18.333333333333332,4.833333333333333,0.6666666666666666,1.0,4,13,-9,2106.3869805455447,1657.377310100596,1612.0005275528713,1612.0005275528713
1282,2021,3235,79,3277,75,0,27.5,60.5,11.0,25.75,9.75,15.25,16.25,5.0,14.25,25.25,62.0,8.75,24.5,10.0,15.75,13.5,9.25,18.25,9.5,25.5,61.0,7.0,19.0,12.0,15.166666666666666,15.5,8.0,16.5,24.833333333333332,57.666666666666664,6.166666666666667,18.666666666666668,8.0,14.0,15.166666666666666,7.666666666666667,15.666666666666666,1.3333333333333333,0.5,0.75,7,10,-3,1992.296762949198,1926.5859781973463,1612.0005275528713,1612.0005275528713
1283,2021,3257,74,3265,43,0,26.2,61.6,5.6,19.6,9.0,13.2,10.0,7.0,17.6,20.4,54.6,3.6,16.2,11.0,10.6,15.0,4.4,13.6,6.2,23.8,54.0,5.6,15.4,8.8,16.2,11.6,7.8,13.0,18.6,58.6,4.4,19.2,13.6,10.8,14.4,4.4,17.0,14.4,0.6666666666666666,0.8,2,15,-13,2310.6937472687214,1660.627298106025,1612.0005275528713,1612.0005275528713
1284,2021,3268,98,3291,45,0,33.55555555555556,64.66666666666667,7.111111111111111,17.0,10.777777777777779,21.88888888888889,10.555555555555555,9.666666666666666,13.11111111111111,24.88888888888889,60.44444444444444,7.555555555555555,22.444444444444443,9.0,14.777777777777779,15.777777777777779,5.333333333333333,15.0,22.88888888888889,26.0,63.22222222222222,9.555555555555555,26.444444444444443,10.88888888888889,14.444444444444445,13.333333333333334,8.11111111111111,16.77777777777778,21.666666666666668,56.77777777777778,4.666666666666667,15.333333333333334,7.222222222222222,13.222222222222221,14.88888888888889,5.888888888888889,14.777777777777779,13.222222222222221,1.0,0.5,2,15,-13,2269.645203502261,1354.318853662468,1612.0005275528713,1612.0005275528713
1285,2021,3283,70,3413,51,0,26.428571428571427,59.0,5.714285714285714,18.285714285714285,12.571428571428571,16.714285714285715,11.285714285714286,9.571428571428571,14.571428571428571,20.142857142857142,50.714285714285715,5.142857142857143,15.0,4.285714285714286,10.428571428571429,15.142857142857142,5.571428571428571,15.857142857142858,19.714285714285715,20.857142857142858,51.42857142857143,6.428571428571429,20.428571428571427,5.0,13.0,12.285714285714286,5.571428571428571,12.571428571428571,18.857142857142858,63.57142857142857,4.857142857142857,21.571428571428573,11.857142857142858,7.714285714285714,10.857142857142858,5.857142857142857,16.285714285714285,8.714285714285714,1.0,0.8,5,12,-7,1967.938827421211,1676.8516587394536,1612.0005275528713,1612.0005275528713
1286,2021,3321,62,3416,51,0,22.285714285714285,62.57142857142857,3.7142857142857144,16.0,10.0,15.428571428571429,10.285714285714286,9.428571428571429,16.0,21.0,53.714285714285715,4.857142857142857,18.285714285714285,8.571428571428571,15.428571428571429,19.0,6.428571428571429,17.714285714285715,1.4285714285714286,21.571428571428573,52.57142857142857,3.857142857142857,10.714285714285714,11.428571428571429,12.0,14.857142857142858,9.142857142857142,16.0,16.714285714285715,50.285714285714285,5.857142857142857,17.142857142857142,9.714285714285714,11.0,17.142857142857142,7.142857142857143,17.285714285714285,8.285714285714286,0.5,0.6,7,10,-3,2012.6585271690924,1916.2453603394388,1612.0005275528713,1612.0005275528713
1287,2021,3332,67,3377,47,0,27.666666666666668,62.666666666666664,7.333333333333333,18.666666666666668,8.333333333333334,15.0,4.666666666666667,6.666666666666667,16.0,24.0,55.0,7.0,15.333333333333334,6.0,14.0,9.0,2.3333333333333335,10.0,2.0,28.0,60.714285714285715,7.714285714285714,20.285714285714285,9.0,16.857142857142858,10.571428571428571,8.285714285714286,17.428571428571427,19.857142857142858,55.42857142857143,7.571428571428571,19.285714285714285,8.0,8.714285714285714,15.571428571428571,4.857142857142857,19.285714285714285,19.714285714285715,0.0,1.0,6,11,-5,2208.7916205422275,1918.0085074129163,1612.0005275528713,1612.0005275528713
1288,2021,3400,81,3133,62,0,23.428571428571427,60.714285714285715,5.857142857142857,16.571428571428573,12.714285714285714,13.857142857142858,14.571428571428571,7.0,18.428571428571427,22.0,51.0,3.7142857142857144,11.142857142857142,8.571428571428571,9.714285714285714,18.285714285714285,7.285714285714286,18.714285714285715,1.1428571428571428,24.857142857142858,58.857142857142854,8.428571428571429,20.857142857142858,8.857142857142858,13.428571428571429,11.571428571428571,6.0,14.857142857142858,23.714285714285715,58.857142857142854,5.428571428571429,17.857142857142858,9.142857142857142,11.142857142857142,12.714285714285714,5.571428571428571,15.428571428571429,6.857142857142857,0.5,1.0,6,11,-5,2068.8704871907657,1632.844094057134,1612.0005275528713,1612.0005275528713
1289,2021,3401,84,3407,80,0,26.0,59.2,4.2,11.6,7.4,10.8,12.6,9.0,15.2,22.4,62.4,7.0,19.8,11.2,13.0,16.0,6.2,18.4,7.6,32.0,78.83333333333333,7.166666666666667,17.666666666666668,21.333333333333332,17.666666666666668,15.5,8.0,19.666666666666668,28.666666666666668,70.5,6.5,17.5,11.666666666666666,11.833333333333334,15.5,8.666666666666666,17.166666666666668,9.833333333333334,0.5,1.0,2,15,-13,2174.6294495460425,1690.3136353517966,1612.0005275528713,1612.0005275528713
1290,2021,3417,69,3461,48,0,22.6,60.4,6.2,18.6,8.8,12.8,11.6,10.0,14.2,21.6,54.8,5.6,16.6,5.8,9.2,16.6,5.8,16.4,7.2,24.0,53.75,8.75,23.25,6.75,17.0,14.0,8.0,11.75,17.75,57.0,2.75,15.25,9.0,7.0,13.75,7.25,9.75,15.5,0.6666666666666666,1.0,3,14,-11,2167.504956596229,1616.1907349648725,1612.0005275528713,1612.0005275528713
1291,2021,3460,66,3116,62,0,25.0,58.0,4.25,13.0,13.25,11.0,12.0,6.75,19.5,16.5,52.75,3.25,17.75,7.75,9.25,11.75,4.25,15.5,9.0,25.5,60.0,11.0,28.25,5.25,9.25,12.25,7.25,15.75,25.25,62.0,4.25,14.5,12.0,10.0,14.75,3.75,16.0,6.0,1.0,0.0,13,4,9,1688.1534721656358,2011.4006539500297,1612.0005275528713,1612.0005275528713
1292,2021,3124,90,3439,48,0,31.11111111111111,63.666666666666664,3.3333333333333335,10.222222222222221,13.88888888888889,17.555555555555557,17.0,7.0,15.88888888888889,20.333333333333332,61.333333333333336,5.444444444444445,18.333333333333332,7.555555555555555,9.666666666666666,14.88888888888889,7.111111111111111,19.333333333333332,21.77777777777778,23.6,55.4,8.2,25.4,5.0,13.4,12.2,4.2,17.0,24.6,59.8,6.6,23.6,8.8,11.8,11.6,7.0,16.8,0.8,1.0,0.5,2,7,-5,2441.3926867519194,1966.469255525373,1612.0005275528713,1612.0005275528713
1293,2021,3163,83,3393,47,0,31.285714285714285,63.57142857142857,5.714285714285714,18.142857142857142,11.857142857142858,18.857142857142858,13.142857142857142,10.571428571428571,9.0,18.285714285714285,58.57142857142857,5.142857142857143,21.285714285714285,7.142857142857143,11.714285714285714,16.0,6.142857142857143,14.714285714285714,33.857142857142854,24.0,58.333333333333336,6.0,22.666666666666668,11.5,11.0,15.0,4.833333333333333,16.0,24.833333333333332,61.666666666666664,6.833333333333333,20.666666666666668,9.666666666666666,14.5,11.833333333333334,7.666666666666667,17.333333333333332,-0.6666666666666666,1.0,0.6666666666666666,1,8,-7,2543.48636006299,1982.7633667110977,1612.0005275528713,1612.0005275528713
1294,2021,3210,73,3452,56,0,22.8,57.2,5.0,18.6,7.6,12.0,11.4,4.2,14.8,24.2,57.2,4.6,13.2,9.0,10.8,11.2,6.6,13.4,-5.6,25.0,61.875,5.875,17.75,8.375,13.375,13.875,8.375,17.25,26.625,62.375,5.875,17.5,10.75,16.25,14.25,6.25,13.875,-5.0,0.5,0.6,5,4,1,1985.5158709368447,2041.1663663494307,1612.0005275528713,1612.0005275528713
1295,2021,3234,86,3246,72,0,30.77777777777778,58.666666666666664,10.444444444444445,24.11111111111111,6.444444444444445,20.77777777777778,12.666666666666666,6.0,14.333333333333334,30.444444444444443,66.55555555555556,8.11111111111111,21.444444444444443,12.11111111111111,16.555555555555557,11.555555555555555,6.666666666666667,15.666666666666666,3.7777777777777777,24.0,61.0,5.8,16.8,10.0,10.2,12.2,6.4,18.8,24.8,59.6,4.0,13.0,12.2,10.2,13.2,5.2,15.8,-4.8,0.6666666666666666,0.5,5,4,1,2077.316330489231,2023.8777480817932,1612.0005275528713,1612.0005275528713
1296,2021,3276,70,3397,55,0,21.6,57.8,3.8,17.0,10.2,13.6,14.6,5.6,16.8,26.2,58.4,8.2,18.8,7.8,15.2,12.0,8.0,17.8,-9.8,25.8,61.2,4.6,13.2,14.2,12.0,18.4,5.0,16.0,24.4,64.4,7.0,20.6,9.0,12.8,12.4,9.4,18.4,5.4,0.3333333333333333,0.5,6,3,3,2047.710491677208,2025.029925954086,1612.0005275528713,1612.0005275528713
1297,2021,3301,79,3378,67,0,25.833333333333332,59.0,6.333333333333333,18.5,8.166666666666666,14.0,10.333333333333334,6.5,9.666666666666666,23.166666666666668,59.166666666666664,4.666666666666667,19.666666666666668,7.333333333333333,9.333333333333334,11.833333333333334,4.666666666666667,16.166666666666668,12.666666666666666,18.25,56.125,6.75,23.375,14.25,12.75,14.375,5.625,17.0,20.0,54.125,4.0,13.0,9.5,10.0,13.5,7.0,19.375,1.0,1.0,0.8,1,8,-7,2242.598969097351,1932.3698914349693,1612.0005275528713,1612.0005275528713
1298,2021,3376,59,3333,42,0,25.0,61.666666666666664,4.5,12.5,11.833333333333334,10.666666666666666,14.0,7.166666666666667,15.833333333333334,21.666666666666668,58.666666666666664,3.6666666666666665,12.666666666666666,7.333333333333333,9.5,14.333333333333334,5.666666666666667,17.166666666666668,11.666666666666666,25.2,56.6,6.8,17.8,6.6,14.6,10.6,2.4,12.2,26.4,69.6,5.8,17.4,12.0,13.8,5.4,6.8,16.0,-0.2,1.0,0.6666666666666666,1,8,-7,2344.3285553452884,2092.548435812252,1612.0005275528713,1612.0005275528713
1299,2021,3390,73,3329,62,0,28.6,65.2,10.4,24.8,10.8,13.6,11.4,7.8,12.2,17.6,58.8,3.8,20.6,6.8,7.4,13.8,7.0,11.8,29.2,25.5,66.0,5.5,20.25,9.5,14.25,13.75,11.25,13.75,26.5,64.5,7.0,19.5,9.75,15.75,17.5,8.5,15.5,-3.0,1.0,0.5,1,8,-7,2346.7950291951493,1949.769701689284,1612.0005275528713,1612.0005275528713
1300,2021,3112,52,3140,46,0,21.0,58.0,4.5,17.5,7.0,7.75,13.75,11.75,16.5,19.75,53.25,6.5,18.0,8.0,9.25,17.75,6.25,12.75,-2.25,26.4,58.6,5.8,19.6,8.2,16.2,12.4,9.4,16.6,21.0,56.2,8.4,24.2,9.6,13.2,15.0,7.0,15.6,5.0,0.5,0.5,3,11,-8,2122.007479982336,1818.0118058326543,1612.0005275528713,1612.0005275528713
1301,2021,3231,70,3125,48,0,28.8,60.2,3.4,13.0,9.8,13.4,13.0,6.0,15.2,25.2,60.0,4.8,13.0,6.0,8.6,13.6,7.2,19.2,11.2,28.285714285714285,58.285714285714285,8.571428571428571,24.714285714285715,9.714285714285714,16.571428571428573,12.428571428571429,8.714285714285714,15.571428571428571,20.571428571428573,53.42857142857143,6.571428571428571,22.0,10.571428571428571,12.857142857142858,16.285714285714285,6.285714285714286,13.142857142857142,16.714285714285715,0.6666666666666666,1.0,4,12,-8,2106.3869805455447,1719.9071836744154,1612.0005275528713,1612.0005275528713
1302,2021,3257,62,3321,53,0,26.2,61.6,5.6,19.6,9.0,13.2,10.0,7.0,17.6,20.4,54.6,3.6,16.2,11.0,10.6,15.0,4.4,13.6,6.2,22.285714285714285,62.57142857142857,3.7142857142857144,16.0,10.0,15.428571428571429,10.285714285714286,9.428571428571429,16.0,21.0,53.714285714285715,4.857142857142857,18.285714285714285,8.571428571428571,15.428571428571429,19.0,6.428571428571429,17.714285714285715,1.4285714285714286,0.6666666666666666,0.5,2,7,-5,2310.6937472687214,2012.6585271690924,1612.0005275528713,1612.0005275528713
1303,2021,3268,100,3104,64,0,33.55555555555556,64.66666666666667,7.111111111111111,17.0,10.777777777777779,21.88888888888889,10.555555555555555,9.666666666666666,13.11111111111111,24.88888888888889,60.44444444444444,7.555555555555555,22.444444444444443,9.0,14.777777777777779,15.777777777777779,5.333333333333333,15.0,22.88888888888889,26.0,57.6,7.8,20.8,7.0,15.8,12.8,3.8,12.6,28.0,63.2,10.2,22.0,9.2,14.2,11.6,6.4,15.6,-4.0,1.0,0.5,2,7,-5,2269.645203502261,1913.4106938131652,1612.0005275528713,1612.0005275528713
1304,2021,3283,64,3460,39,0,26.428571428571427,59.0,5.714285714285714,18.285714285714285,12.571428571428571,16.714285714285715,11.285714285714286,9.571428571428571,14.571428571428571,20.142857142857142,50.714285714285715,5.142857142857143,15.0,4.285714285714286,10.428571428571429,15.142857142857142,5.571428571428571,15.857142857142858,19.714285714285715,25.0,58.0,4.25,13.0,13.25,11.0,12.0,6.75,19.5,16.5,52.75,3.25,17.75,7.75,9.25,11.75,4.25,15.5,9.0,1.0,1.0,5,13,-8,1967.938827421211,1688.1534721656358,1612.0005275528713,1612.0005275528713
1305,2021,3332,57,3208,50,0,27.666666666666668,62.666666666666664,7.333333333333333,18.666666666666668,8.333333333333334,15.0,4.666666666666667,6.666666666666667,16.0,24.0,55.0,7.0,15.333333333333334,6.0,14.0,9.0,2.3333333333333335,10.0,2.0,26.5,61.666666666666664,5.0,14.166666666666666,11.0,11.833333333333334,13.333333333333334,6.5,17.0,24.0,60.333333333333336,4.333333333333333,12.833333333333334,10.5,6.833333333333333,15.333333333333334,6.833333333333333,17.333333333333332,4.333333333333333,0.0,0.6666666666666666,6,3,3,2208.7916205422275,2028.2659067757893,1612.0005275528713,1612.0005275528713
1306,2021,3400,71,3417,62,0,23.428571428571427,60.714285714285715,5.857142857142857,16.571428571428573,12.714285714285714,13.857142857142858,14.571428571428571,7.0,18.428571428571427,22.0,51.0,3.7142857142857144,11.142857142857142,8.571428571428571,9.714285714285714,18.285714285714285,7.285714285714286,18.714285714285715,1.1428571428571428,22.6,60.4,6.2,18.6,8.8,12.8,11.6,10.0,14.2,21.6,54.8,5.6,16.6,5.8,9.2,16.6,5.8,16.4,7.2,0.5,0.6666666666666666,6,3,3,2068.8704871907657,2167.504956596229,1612.0005275528713,1612.0005275528713
1307,2021,3401,84,3235,82,0,26.0,59.2,4.2,11.6,7.4,10.8,12.6,9.0,15.2,22.4,62.4,7.0,19.8,11.2,13.0,16.0,6.2,18.4,7.6,27.5,60.5,11.0,25.75,9.75,15.25,16.25,5.0,14.25,25.25,62.0,8.75,24.5,10.0,15.75,13.5,9.25,18.25,9.5,0.5,0.5,2,7,-5,2174.6294495460425,1992.296762949198,1612.0005275528713,1612.0005275528713
1308,2021,3112,74,3401,59,0,21.0,58.0,4.5,17.5,7.0,7.75,13.75,11.75,16.5,19.75,53.25,6.5,18.0,8.0,9.25,17.75,6.25,12.75,-2.25,26.0,59.2,4.2,11.6,7.4,10.8,12.6,9.0,15.2,22.4,62.4,7.0,19.8,11.2,13.0,16.0,6.2,18.4,7.6,0.5,0.5,3,2,1,2122.007479982336,2174.6294495460425,1612.0005275528713,1612.0005275528713
1309,2021,3124,78,3276,75,0,31.11111111111111,63.666666666666664,3.3333333333333335,10.222222222222221,13.88888888888889,17.555555555555557,17.0,7.0,15.88888888888889,20.333333333333332,61.333333333333336,5.444444444444445,18.333333333333332,7.555555555555555,9.666666666666666,14.88888888888889,7.111111111111111,19.333333333333332,21.77777777777778,21.6,57.8,3.8,17.0,10.2,13.6,14.6,5.6,16.8,26.2,58.4,8.2,18.8,7.8,15.2,12.0,8.0,17.8,-9.8,1.0,0.3333333333333333,2,6,-4,2441.3926867519194,2047.710491677208,1612.0005275528713,1612.0005275528713
1310,2021,3163,92,3234,72,0,31.285714285714285,63.57142857142857,5.714285714285714,18.142857142857142,11.857142857142858,18.857142857142858,13.142857142857142,10.571428571428571,9.0,18.285714285714285,58.57142857142857,5.142857142857143,21.285714285714285,7.142857142857143,11.714285714285714,16.0,6.142857142857143,14.714285714285714,33.857142857142854,30.77777777777778,58.666666666666664,10.444444444444445,24.11111111111111,6.444444444444445,20.77777777777778,12.666666666666666,6.0,14.333333333333334,30.444444444444443,66.55555555555556,8.11111111111111,21.444444444444443,12.11111111111111,16.555555555555557,11.555555555555555,6.666666666666667,15.666666666666666,3.7777777777777777,1.0,0.6666666666666666,1,5,-4,2543.48636006299,2077.316330489231,1612.0005275528713,1612.0005275528713
1311,2021,3231,73,3301,70,0,28.8,60.2,3.4,13.0,9.8,13.4,13.0,6.0,15.2,25.2,60.0,4.8,13.0,6.0,8.6,13.6,7.2,19.2,11.2,25.833333333333332,59.0,6.333333333333333,18.5,8.166666666666666,14.0,10.333333333333334,6.5,9.666666666666666,23.166666666666668,59.166666666666664,4.666666666666667,19.666666666666668,7.333333333333333,9.333333333333334,11.833333333333334,4.666666666666667,16.166666666666668,12.666666666666666,0.6666666666666666,1.0,4,1,3,2106.3869805455447,2242.598969097351,1612.0005275528713,1612.0005275528713
1312,2021,3257,60,3332,42,0,26.2,61.6,5.6,19.6,9.0,13.2,10.0,7.0,17.6,20.4,54.6,3.6,16.2,11.0,10.6,15.0,4.4,13.6,6.2,27.666666666666668,62.666666666666664,7.333333333333333,18.666666666666668,8.333333333333334,15.0,4.666666666666667,6.666666666666667,16.0,24.0,55.0,7.0,15.333333333333334,6.0,14.0,9.0,2.3333333333333335,10.0,2.0,0.6666666666666666,0.0,2,6,-4,2310.6937472687214,2208.7916205422275,1612.0005275528713,1612.0005275528713
1313,2021,3376,76,3210,65,0,25.0,61.666666666666664,4.5,12.5,11.833333333333334,10.666666666666666,14.0,7.166666666666667,15.833333333333334,21.666666666666668,58.666666666666664,3.6666666666666665,12.666666666666666,7.333333333333333,9.5,14.333333333333334,5.666666666666667,17.166666666666668,11.666666666666666,22.8,57.2,5.0,18.6,7.6,12.0,11.4,4.2,14.8,24.2,57.2,4.6,13.2,9.0,10.8,11.2,6.6,13.4,-5.6,1.0,0.5,1,5,-4,2344.3285553452884,1985.5158709368447,1612.0005275528713,1612.0005275528713
1314,2021,3390,89,3283,62,0,28.6,65.2,10.4,24.8,10.8,13.6,11.4,7.8,12.2,17.6,58.8,3.8,20.6,6.8,7.4,13.8,7.0,11.8,29.2,26.428571428571427,59.0,5.714285714285714,18.285714285714285,12.571428571428571,16.714285714285715,11.285714285714286,9.571428571428571,14.571428571428571,20.142857142857142,50.714285714285715,5.142857142857143,15.0,4.285714285714286,10.428571428571429,15.142857142857142,5.571428571428571,15.857142857142858,19.714285714285715,1.0,1.0,1,5,-4,2346.7950291951493,1967.938827421211,1612.0005275528713,1612.0005275528713
1315,2021,3400,64,3268,61,0,23.428571428571427,60.714285714285715,5.857142857142857,16.571428571428573,12.714285714285714,13.857142857142858,14.571428571428571,7.0,18.428571428571427,22.0,51.0,3.7142857142857144,11.142857142857142,8.571428571428571,9.714285714285714,18.285714285714285,7.285714285714286,18.714285714285715,1.1428571428571428,33.55555555555556,64.66666666666667,7.111111111111111,17.0,10.777777777777779,21.88888888888889,10.555555555555555,9.666666666666666,13.11111111111111,24.88888888888889,60.44444444444444,7.555555555555555,22.444444444444443,9.0,14.777777777777779,15.777777777777779,5.333333333333333,15.0,22.88888888888889,0.5,1.0,6,2,4,2068.8704871907657,2269.645203502261,1612.0005275528713,1612.0005275528713
1316,2021,3112,66,3231,53,0,21.0,58.0,4.5,17.5,7.0,7.75,13.75,11.75,16.5,19.75,53.25,6.5,18.0,8.0,9.25,17.75,6.25,12.75,-2.25,28.8,60.2,3.4,13.0,9.8,13.4,13.0,6.0,15.2,25.2,60.0,4.8,13.0,6.0,8.6,13.6,7.2,19.2,11.2,0.5,0.6666666666666666,3,4,-1,2122.007479982336,2106.3869805455447,1612.0005275528713,1612.0005275528713
1317,2021,3163,69,3124,67,0,31.285714285714285,63.57142857142857,5.714285714285714,18.142857142857142,11.857142857142858,18.857142857142858,13.142857142857142,10.571428571428571,9.0,18.285714285714285,58.57142857142857,5.142857142857143,21.285714285714285,7.142857142857143,11.714285714285714,16.0,6.142857142857143,14.714285714285714,33.857142857142854,31.11111111111111,63.666666666666664,3.3333333333333335,10.222222222222221,13.88888888888889,17.555555555555557,17.0,7.0,15.88888888888889,20.333333333333332,61.333333333333336,5.444444444444445,18.333333333333332,7.555555555555555,9.666666666666666,14.88888888888889,7.111111111111111,19.333333333333332,21.77777777777778,1.0,1.0,1,2,-1,2543.48636006299,2441.3926867519194,1612.0005275528713,1612.0005275528713
1318,2021,3376,62,3400,34,0,25.0,61.666666666666664,4.5,12.5,11.833333333333334,10.666666666666666,14.0,7.166666666666667,15.833333333333334,21.666666666666668,58.666666666666664,3.6666666666666665,12.666666666666666,7.333333333333333,9.5,14.333333333333334,5.666666666666667,17.166666666666668,11.666666666666666,23.428571428571427,60.714285714285715,5.857142857142857,16.571428571428573,12.714285714285714,13.857142857142858,14.571428571428571,7.0,18.428571428571427,22.0,51.0,3.7142857142857144,11.142857142857142,8.571428571428571,9.714285714285714,18.285714285714285,7.285714285714286,18.714285714285715,1.1428571428571428,1.0,0.5,1,6,-5,2344.3285553452884,2068.8704871907657,1612.0005275528713,1612.0005275528713
1319,2021,3390,78,3257,63,0,28.6,65.2,10.4,24.8,10.8,13.6,11.4,7.8,12.2,17.6,58.8,3.8,20.6,6.8,7.4,13.8,7.0,11.8,29.2,26.2,61.6,5.6,19.6,9.0,13.2,10.0,7.0,17.6,20.4,54.6,3.6,16.2,11.0,10.6,15.0,4.4,13.6,6.2,1.0,0.6666666666666666,1,2,-1,2346.7950291951493,2310.6937472687214,1612.0005275528713,1612.0005275528713
1320,2021,3112,69,3163,59,0,21.0,58.0,4.5,17.5,7.0,7.75,13.75,11.75,16.5,19.75,53.25,6.5,18.0,8.0,9.25,17.75,6.25,12.75,-2.25,31.285714285714285,63.57142857142857,5.714285714285714,18.142857142857142,11.857142857142858,18.857142857142858,13.142857142857142,10.571428571428571,9.0,18.285714285714285,58.57142857142857,5.142857142857143,21.285714285714285,7.142857142857143,11.714285714285714,16.0,6.142857142857143,14.714285714285714,33.857142857142854,0.5,1.0,3,1,2,2122.007479982336,2543.48636006299,1612.0005275528713,1612.0005275528713
1321,2021,3390,66,3376,65,0,28.6,65.2,10.4,24.8,10.8,13.6,11.4,7.8,12.2,17.6,58.8,3.8,20.6,6.8,7.4,13.8,7.0,11.8,29.2,25.0,61.666666666666664,4.5,12.5,11.833333333333334,10.666666666666666,14.0,7.166666666666667,15.833333333333334,21.666666666666668,58.666666666666664,3.6666666666666665,12.666666666666666,7.333333333333333,9.5,14.333333333333334,5.666666666666667,17.166666666666668,11.666666666666666,1.0,1.0,1,1,0,2346.7950291951493,2344.3285553452884,1612.0005275528713,1612.0005275528713
1322,2021,3390,54,3112,53,0,28.6,65.2,10.4,24.8,10.8,13.6,11.4,7.8,12.2,17.6,58.8,3.8,20.6,6.8,7.4,13.8,7.0,11.8,29.2,21.0,58.0,4.5,17.5,7.0,7.75,13.75,11.75,16.5,19.75,53.25,6.5,18.0,8.0,9.25,17.75,6.25,12.75,-2.25,1.0,0.5,1,3,-2,2346.7950291951493,2122.007479982336,1612.0005275528713,1612.0005275528713
1323,2021,3238,52,3124,101,0,25.375,57.875,5.875,14.75,12.125,13.25,13.375,8.0,14.75,20.625,58.875,5.0,14.75,9.875,11.625,13.875,6.25,19.375,15.125,31.11111111111111,63.666666666666664,3.3333333333333335,10.222222222222221,13.88888888888889,17.555555555555557,17.0,7.0,15.88888888888889,20.333333333333332,61.333333333333336,5.444444444444445,18.333333333333332,7.555555555555555,9.666666666666666,14.88888888888889,7.111111111111111,19.333333333333332,21.77777777777778,1.0,1.0,15,2,13,1428.8991417008403,2441.3926867519194,1612.0005275528713,1612.0005275528713
1324,2021,3219,59,3163,102,0,26.8,57.0,10.2,25.2,6.8,17.2,14.4,5.8,15.8,24.4,63.6,5.0,16.4,11.2,12.0,13.2,4.8,17.4,9.2,31.285714285714285,63.57142857142857,5.714285714285714,18.142857142857142,11.857142857142858,18.857142857142858,13.142857142857142,10.571428571428571,9.0,18.285714285714285,58.57142857142857,5.142857142857143,21.285714285714285,7.142857142857143,11.714285714285714,16.0,6.142857142857143,14.714285714285714,33.857142857142854,1.0,1.0,16,1,15,1447.2579202890631,2543.48636006299,1612.0005275528713,1612.0005275528713
1325,2021,3372,52,3210,54,0,29.571428571428573,60.42857142857143,8.857142857142858,21.857142857142858,11.428571428571429,19.857142857142858,15.571428571428571,13.714285714285714,20.285714285714285,18.714285714285715,50.0,3.7142857142857144,13.285714285714286,10.714285714285714,11.285714285714286,22.285714285714285,6.571428571428571,16.285714285714285,23.571428571428573,22.8,57.2,5.0,18.6,7.6,12.0,11.4,4.2,14.8,24.2,57.2,4.6,13.2,9.0,10.8,11.2,6.6,13.4,-5.6,1.0,0.5,12,5,7,1705.424076179565,1985.5158709368447,1612.0005275528713,1612.0005275528713
1326,2021,3141,72,3234,87,0,29.333333333333332,63.333333333333336,10.333333333333334,31.166666666666668,7.5,15.333333333333334,14.0,7.5,18.166666666666668,26.333333333333332,62.166666666666664,8.333333333333334,24.5,8.333333333333334,10.333333333333334,13.833333333333334,6.166666666666667,17.0,5.666666666666667,30.77777777777778,58.666666666666664,10.444444444444445,24.11111111111111,6.444444444444445,20.77777777777778,12.666666666666666,6.0,14.333333333333334,30.444444444444443,66.55555555555556,8.11111111111111,21.444444444444443,12.11111111111111,16.555555555555557,11.555555555555555,6.666666666666667,15.666666666666666,3.7777777777777777,1.0,0.6666666666666666,12,5,7,1822.8204708715475,2077.316330489231,1612.0005275528713,1612.0005275528713
1327,2021,3226,63,3246,71,0,31.142857142857142,60.857142857142854,7.142857142857143,18.714285714285715,8.428571428571429,18.0,12.714285714285714,9.285714285714286,15.857142857142858,19.0,55.57142857142857,4.857142857142857,20.571428571428573,7.428571428571429,8.714285714285714,14.571428571428571,6.857142857142857,10.571428571428571,19.142857142857142,24.0,61.0,5.8,16.8,10.0,10.2,12.2,6.4,18.8,24.8,59.6,4.0,13.0,12.2,10.2,13.2,5.2,15.8,-4.8,1.0,0.5,13,4,9,1693.1152142592898,2023.8777480817932,1612.0005275528713,1612.0005275528713
1328,2021,3195,66,3276,87,0,27.88888888888889,63.44444444444444,11.555555555555555,36.111111111111114,5.666666666666667,15.777777777777779,9.88888888888889,11.11111111111111,15.0,21.11111111111111,56.666666666666664,4.333333333333333,16.88888888888889,7.222222222222222,7.777777777777778,17.88888888888889,5.555555555555555,16.666666666666668,23.555555555555557,21.6,57.8,3.8,17.0,10.2,13.6,14.6,5.6,16.8,26.2,58.4,8.2,18.8,7.8,15.2,12.0,8.0,17.8,-9.8,1.0,0.3333333333333333,11,6,5,1941.777581584273,2047.710491677208,1612.0005275528713,1612.0005275528713
1329,2021,3299,58,3301,79,0,25.666666666666668,68.0,6.166666666666667,22.166666666666668,14.0,17.0,15.166666666666666,12.0,14.5,21.5,61.666666666666664,4.333333333333333,15.833333333333334,12.5,12.333333333333334,21.166666666666668,8.333333333333334,16.5,10.5,25.833333333333332,59.0,6.333333333333333,18.5,8.166666666666666,14.0,10.333333333333334,6.5,9.666666666666666,23.166666666666668,59.166666666666664,4.666666666666667,19.666666666666668,7.333333333333333,9.333333333333334,11.833333333333334,4.666666666666667,16.166666666666668,12.666666666666666,1.0,1.0,16,1,15,1462.0955202111656,2242.598969097351,1612.0005275528713,1612.0005275528713
1330,2021,3448,61,3329,84,0,21.25,56.5,7.0,20.5,7.75,12.25,11.0,6.0,14.0,26.0,60.0,5.5,17.5,9.75,15.25,12.25,6.0,15.5,-2.75,25.5,66.0,5.5,20.25,9.5,14.25,13.75,11.25,13.75,26.5,64.5,7.0,19.5,9.75,15.75,17.5,8.5,15.5,-3.0,0.5,0.5,9,8,1,1839.1654531862057,1949.769701689284,1612.0005275528713,1612.0005275528713
1331,2021,3199,59,3333,83,0,23.75,61.25,4.75,16.25,12.0,13.0,12.25,7.0,18.25,22.0,58.0,4.75,20.5,11.5,11.5,14.0,5.75,17.0,2.0,25.2,56.6,6.8,17.8,6.6,14.6,10.6,2.4,12.2,26.4,69.6,5.8,17.4,12.0,13.8,5.4,6.8,16.0,-0.2,0.0,0.6666666666666666,9,8,1,2004.183492037861,2092.548435812252,1612.0005275528713,1612.0005275528713
1332,2021,3273,53,3376,79,0,27.5,68.66666666666667,6.0,14.666666666666666,14.0,14.833333333333334,8.0,9.666666666666666,15.5,24.5,57.333333333333336,4.166666666666667,16.166666666666668,9.833333333333334,9.0,15.833333333333334,3.8333333333333335,17.333333333333332,7.333333333333333,25.0,61.666666666666664,4.5,12.5,11.833333333333334,10.666666666666666,14.0,7.166666666666667,15.833333333333334,21.666666666666668,58.666666666666664,3.6666666666666665,12.666666666666666,7.333333333333333,9.5,14.333333333333334,5.666666666666667,17.166666666666668,11.666666666666666,1.0,1.0,16,1,15,1498.7041041827658,2344.3285553452884,1612.0005275528713,1612.0005275528713
1333,2021,3450,53,3378,57,0,20.0,54.25,7.0,22.0,11.0,13.5,15.0,7.5,13.0,20.0,55.75,5.25,17.75,10.25,10.25,14.0,10.75,13.25,3.75,18.25,56.125,6.75,23.375,14.25,12.75,14.375,5.625,17.0,20.0,54.125,4.0,13.0,9.5,10.0,13.5,7.0,19.375,1.0,0.5,0.8,9,8,1,1828.587159771984,1932.3698914349693,1612.0005275528713,1612.0005275528713
1334,2021,3430,44,3390,87,0,21.857142857142858,52.0,4.571428571428571,16.428571428571427,8.714285714285714,16.0,14.571428571428571,6.714285714285714,12.571428571428571,20.285714285714285,57.857142857142854,4.857142857142857,18.285714285714285,9.0,10.571428571428571,12.428571428571429,6.571428571428571,15.0,7.142857142857143,28.6,65.2,10.4,24.8,10.8,13.6,11.4,7.8,12.2,17.6,58.8,3.8,20.6,6.8,7.4,13.8,7.0,11.8,29.2,0.75,1.0,16,1,15,1338.0753206486895,2346.7950291951493,1612.0005275528713,1612.0005275528713
1335,2021,3355,55,3393,72,0,20.5,52.0,6.25,19.0,10.0,12.0,12.25,7.75,16.25,20.5,49.0,6.25,17.75,7.0,11.25,15.0,6.0,20.0,5.75,24.0,58.333333333333336,6.0,22.666666666666668,11.5,11.0,15.0,4.833333333333333,16.0,24.833333333333332,61.666666666666664,6.833333333333333,20.666666666666668,9.666666666666666,14.5,11.833333333333334,7.666666666666667,17.333333333333332,-0.6666666666666666,0.0,0.6666666666666666,9,8,1,1926.9835956104648,1982.7633667110977,1612.0005275528713,1612.0005275528713
1336,2021,3292,62,3397,87,0,22.571428571428573,58.57142857142857,8.285714285714286,29.285714285714285,9.142857142857142,11.857142857142858,10.285714285714286,6.0,14.714285714285714,25.857142857142858,60.714285714285715,6.428571428571429,21.428571428571427,12.0,13.714285714285714,13.285714285714286,3.5714285714285716,16.428571428571427,-0.5714285714285714,25.8,61.2,4.6,13.2,14.2,12.0,18.4,5.0,16.0,24.4,64.4,7.0,20.6,9.0,12.8,12.4,9.4,18.4,5.4,0.8,0.5,14,3,11,1739.2811865041888,2025.029925954086,1612.0005275528713,1612.0005275528713
1337,2021,3266,63,3439,70,0,25.666666666666668,59.5,2.8333333333333335,10.0,9.833333333333334,16.333333333333332,14.333333333333334,7.833333333333333,13.333333333333334,23.0,59.0,5.166666666666667,17.166666666666668,7.333333333333333,12.333333333333334,14.333333333333334,7.833333333333333,12.0,4.0,23.6,55.4,8.2,25.4,5.0,13.4,12.2,4.2,17.0,24.6,59.8,6.6,23.6,8.8,11.8,11.6,7.0,16.8,0.8,0.5,0.5,10,7,3,2027.3821369300435,1966.469255525373,1612.0005275528713,1612.0005275528713
1338,2021,3250,53,3452,77,0,24.0,61.0,10.25,29.75,6.75,14.75,11.75,7.0,11.5,24.5,62.5,4.0,20.25,9.75,12.0,13.75,6.25,14.25,7.75,25.0,61.875,5.875,17.75,8.375,13.375,13.875,8.375,17.25,26.625,62.375,5.875,17.5,10.75,16.25,14.25,6.25,13.875,-5.0,1.0,0.6,13,4,9,1538.4421980228449,2041.1663663494307,1612.0005275528713,1612.0005275528713
1339,2021,3314,71,3104,80,0,26.75,63.25,6.25,19.25,8.75,13.5,12.25,7.0,15.75,26.75,60.75,8.0,21.25,5.5,14.5,11.75,6.25,16.25,0.0,26.0,57.6,7.8,20.8,7.0,15.8,12.8,3.8,12.6,28.0,63.2,10.2,22.0,9.2,14.2,11.6,6.4,15.6,-4.0,0.0,0.5,10,7,3,1855.004438298532,1913.4106938131652,1612.0005275528713,1612.0005275528713
1340,2021,3392,44,3112,79,0,24.75,53.25,5.0,14.5,11.75,14.5,15.0,10.5,12.5,20.25,51.5,4.75,15.75,7.5,12.5,16.5,8.5,15.0,14.0,21.0,58.0,4.5,17.5,7.0,7.75,13.75,11.75,16.5,19.75,53.25,6.5,18.0,8.0,9.25,17.75,6.25,12.75,-2.25,1.0,0.5,14,3,11,1603.9346761161178,2122.007479982336,1612.0005275528713,1612.0005275528713
1341,2021,3211,59,3125,64,0,27.4,59.8,5.8,17.6,12.0,17.8,14.6,10.2,12.2,17.6,51.2,5.8,16.0,6.0,8.6,16.2,7.8,13.4,23.4,28.285714285714285,58.285714285714285,8.571428571428571,24.714285714285715,9.714285714285714,16.571428571428573,12.428571428571429,8.714285714285714,15.571428571428571,20.571428571428573,53.42857142857143,6.571428571428571,22.0,10.571428571428571,12.857142857142858,16.285714285714285,6.285714285714286,13.142857142857142,16.714285714285715,1.0,1.0,5,12,-7,1998.4638027617727,1719.9071836744154,1612.0005275528713,1612.0005275528713
1342,2021,3353,66,3140,69,0,26.666666666666668,61.333333333333336,6.0,19.333333333333332,11.166666666666666,15.333333333333334,12.5,11.0,15.333333333333334,19.666666666666668,53.5,6.666666666666667,18.166666666666668,8.833333333333334,14.0,16.333333333333332,7.166666666666667,13.333333333333334,9.833333333333334,26.4,58.6,5.8,19.6,8.2,16.2,12.4,9.4,16.6,21.0,56.2,8.4,24.2,9.6,13.2,15.0,7.0,15.6,5.0,0.6666666666666666,0.5,6,11,-5,1995.9041325783437,1818.0118058326543,1612.0005275528713,1612.0005275528713
1343,2021,3180,53,3208,67,0,23.857142857142858,57.57142857142857,6.285714285714286,19.571428571428573,8.285714285714286,11.0,11.142857142857142,9.857142857142858,17.0,21.285714285714285,57.714285714285715,6.0,20.285714285714285,16.857142857142858,10.142857142857142,19.714285714285715,4.714285714285714,15.428571428571429,2.0,26.5,61.666666666666664,5.0,14.166666666666666,11.0,11.833333333333334,13.333333333333334,6.5,17.0,24.0,60.333333333333336,4.333333333333333,12.833333333333334,10.5,6.833333333333333,15.333333333333334,6.833333333333333,17.333333333333332,4.333333333333333,1.0,0.6666666666666666,14,3,11,1731.3875333352464,2028.2659067757893,1612.0005275528713,1612.0005275528713
1344,2021,3433,32,3231,63,0,21.333333333333332,55.333333333333336,5.833333333333333,18.5,9.833333333333334,12.5,10.666666666666666,7.666666666666667,12.333333333333334,23.166666666666668,56.5,6.833333333333333,21.833333333333332,8.166666666666666,13.166666666666666,13.333333333333334,5.5,18.333333333333332,4.833333333333333,28.8,60.2,3.4,13.0,9.8,13.4,13.0,6.0,15.2,25.2,60.0,4.8,13.0,6.0,8.6,13.6,7.2,19.2,11.2,1.0,0.6666666666666666,13,4,9,1657.377310100596,2106.3869805455447,1612.0005275528713,1612.0005275528713
1345,2021,3277,75,3235,79,0,25.5,61.0,7.0,19.0,12.0,15.166666666666666,15.5,8.0,16.5,24.833333333333332,57.666666666666664,6.166666666666667,18.666666666666668,8.0,14.0,15.166666666666666,7.666666666666667,15.666666666666666,1.3333333333333333,27.5,60.5,11.0,25.75,9.75,15.25,16.25,5.0,14.25,25.25,62.0,8.75,24.5,10.0,15.75,13.5,9.25,18.25,9.5,0.75,0.5,10,7,3,1926.5859781973463,1992.296762949198,1612.0005275528713,1612.0005275528713
1346,2021,3265,43,3257,74,0,23.8,54.0,5.6,15.4,8.8,16.2,11.6,7.8,13.0,18.6,58.6,4.4,19.2,13.6,10.8,14.4,4.4,17.0,14.4,26.2,61.6,5.6,19.6,9.0,13.2,10.0,7.0,17.6,20.4,54.6,3.6,16.2,11.0,10.6,15.0,4.4,13.6,6.2,0.8,0.6666666666666666,15,2,13,1660.627298106025,2310.6937472687214,1612.0005275528713,1612.0005275528713
1347,2021,3291,45,3268,98,0,26.0,63.22222222222222,9.555555555555555,26.444444444444443,10.88888888888889,14.444444444444445,13.333333333333334,8.11111111111111,16.77777777777778,21.666666666666668,56.77777777777778,4.666666666666667,15.333333333333334,7.222222222222222,13.222222222222221,14.88888888888889,5.888888888888889,14.777777777777779,13.222222222222221,33.55555555555556,64.66666666666667,7.111111111111111,17.0,10.777777777777779,21.88888888888889,10.555555555555555,9.666666666666666,13.11111111111111,24.88888888888889,60.44444444444444,7.555555555555555,22.444444444444443,9.0,14.777777777777779,15.777777777777779,5.333333333333333,15.0,22.88888888888889,0.5,1.0,15,2,13,1354.318853662468,2269.645203502261,1612.0005275528713,1612.0005275528713
1348,2021,3413,51,3283,70,0,20.857142857142858,51.42857142857143,6.428571428571429,20.428571428571427,5.0,13.0,12.285714285714286,5.571428571428571,12.571428571428571,18.857142857142858,63.57142857142857,4.857142857142857,21.571428571428573,11.857142857142858,7.714285714285714,10.857142857142858,5.857142857142857,16.285714285714285,8.714285714285714,26.428571428571427,59.0,5.714285714285714,18.285714285714285,12.571428571428571,16.714285714285715,11.285714285714286,9.571428571428571,14.571428571428571,20.142857142857142,50.714285714285715,5.142857142857143,15.0,4.285714285714286,10.428571428571429,15.142857142857142,5.571428571428571,15.857142857142858,19.714285714285715,0.8,1.0,12,5,7,1676.8516587394536,1967.938827421211,1612.0005275528713,1612.0005275528713
1349,2021,3416,51,3321,62,0,21.571428571428573,52.57142857142857,3.857142857142857,10.714285714285714,11.428571428571429,12.0,14.857142857142858,9.142857142857142,16.0,16.714285714285715,50.285714285714285,5.857142857142857,17.142857142857142,9.714285714285714,11.0,17.142857142857142,7.142857142857143,17.285714285714285,8.285714285714286,22.285714285714285,62.57142857142857,3.7142857142857144,16.0,10.0,15.428571428571429,10.285714285714286,9.428571428571429,16.0,21.0,53.714285714285715,4.857142857142857,18.285714285714285,8.571428571428571,15.428571428571429,19.0,6.428571428571429,17.714285714285715,1.4285714285714286,0.6,0.5,10,7,3,1916.2453603394388,2012.6585271690924,1612.0005275528713,1612.0005275528713
1350,2021,3377,47,3332,67,0,28.0,60.714285714285715,7.714285714285714,20.285714285714285,9.0,16.857142857142858,10.571428571428571,8.285714285714286,17.428571428571427,19.857142857142858,55.42857142857143,7.571428571428571,19.285714285714285,8.0,8.714285714285714,15.571428571428571,4.857142857142857,19.285714285714285,19.714285714285715,27.666666666666668,62.666666666666664,7.333333333333333,18.666666666666668,8.333333333333334,15.0,4.666666666666667,6.666666666666667,16.0,24.0,55.0,7.0,15.333333333333334,6.0,14.0,9.0,2.3333333333333335,10.0,2.0,1.0,0.0,11,6,5,1918.0085074129163,2208.7916205422275,1612.0005275528713,1612.0005275528713
1351,2021,3133,62,3400,81,0,24.857142857142858,58.857142857142854,8.428571428571429,20.857142857142858,8.857142857142858,13.428571428571429,11.571428571428571,6.0,14.857142857142858,23.714285714285715,58.857142857142854,5.428571428571429,17.857142857142858,9.142857142857142,11.142857142857142,12.714285714285714,5.571428571428571,15.428571428571429,6.857142857142857,23.428571428571427,60.714285714285715,5.857142857142857,16.571428571428573,12.714285714285714,13.857142857142858,14.571428571428571,7.0,18.428571428571427,22.0,51.0,3.7142857142857144,11.142857142857142,8.571428571428571,9.714285714285714,18.285714285714285,7.285714285714286,18.714285714285715,1.1428571428571428,1.0,0.5,11,6,5,1632.844094057134,2068.8704871907657,1612.0005275528713,1612.0005275528713
1352,2021,3407,80,3401,84,0,32.0,78.83333333333333,7.166666666666667,17.666666666666668,21.333333333333332,17.666666666666668,15.5,8.0,19.666666666666668,28.666666666666668,70.5,6.5,17.5,11.666666666666666,11.833333333333334,15.5,8.666666666666666,17.166666666666668,9.833333333333334,26.0,59.2,4.2,11.6,7.4,10.8,12.6,9.0,15.2,22.4,62.4,7.0,19.8,11.2,13.0,16.0,6.2,18.4,7.6,1.0,0.5,15,2,13,1690.3136353517966,2174.6294495460425,1612.0005275528713,1612.0005275528713
1353,2021,3461,48,3417,69,0,24.0,53.75,8.75,23.25,6.75,17.0,14.0,8.0,11.75,17.75,57.0,2.75,15.25,9.0,7.0,13.75,7.25,9.75,15.5,22.6,60.4,6.2,18.6,8.8,12.8,11.6,10.0,14.2,21.6,54.8,5.6,16.6,5.8,9.2,16.6,5.8,16.4,7.2,1.0,0.6666666666666666,14,3,11,1616.1907349648725,2167.504956596229,1612.0005275528713,1612.0005275528713
1354,2021,3116,62,3460,66,0,25.5,60.0,11.0,28.25,5.25,9.25,12.25,7.25,15.75,25.25,62.0,4.25,14.5,12.0,10.0,14.75,3.75,16.0,6.0,25.0,58.0,4.25,13.0,13.25,11.0,12.0,6.75,19.5,16.5,52.75,3.25,17.75,7.75,9.25,11.75,4.25,15.5,9.0,0.0,1.0,4,13,-9,2011.4006539500297,1688.1534721656358,1612.0005275528713,1612.0005275528713
1355,2021,3439,48,3124,90,0,23.6,55.4,8.2,25.4,5.0,13.4,12.2,4.2,17.0,24.6,59.8,6.6,23.6,8.8,11.8,11.6,7.0,16.8,0.8,31.11111111111111,63.666666666666664,3.3333333333333335,10.222222222222221,13.88888888888889,17.555555555555557,17.0,7.0,15.88888888888889,20.333333333333332,61.333333333333336,5.444444444444445,18.333333333333332,7.555555555555555,9.666666666666666,14.88888888888889,7.111111111111111,19.333333333333332,21.77777777777778,0.5,1.0,7,2,5,1966.469255525373,2441.3926867519194,1612.0005275528713,1612.0005275528713
1356,2021,3393,47,3163,83,0,24.0,58.333333333333336,6.0,22.666666666666668,11.5,11.0,15.0,4.833333333333333,16.0,24.833333333333332,61.666666666666664,6.833333333333333,20.666666666666668,9.666666666666666,14.5,11.833333333333334,7.666666666666667,17.333333333333332,-0.6666666666666666,31.285714285714285,63.57142857142857,5.714285714285714,18.142857142857142,11.857142857142858,18.857142857142858,13.142857142857142,10.571428571428571,9.0,18.285714285714285,58.57142857142857,5.142857142857143,21.285714285714285,7.142857142857143,11.714285714285714,16.0,6.142857142857143,14.714285714285714,33.857142857142854,0.6666666666666666,1.0,8,1,7,1982.7633667110977,2543.48636006299,1612.0005275528713,1612.0005275528713
1357,2021,3452,56,3210,73,0,25.0,61.875,5.875,17.75,8.375,13.375,13.875,8.375,17.25,26.625,62.375,5.875,17.5,10.75,16.25,14.25,6.25,13.875,-5.0,22.8,57.2,5.0,18.6,7.6,12.0,11.4,4.2,14.8,24.2,57.2,4.6,13.2,9.0,10.8,11.2,6.6,13.4,-5.6,0.6,0.5,4,5,-1,2041.1663663494307,1985.5158709368447,1612.0005275528713,1612.0005275528713
1358,2021,3246,72,3234,86,0,24.0,61.0,5.8,16.8,10.0,10.2,12.2,6.4,18.8,24.8,59.6,4.0,13.0,12.2,10.2,13.2,5.2,15.8,-4.8,30.77777777777778,58.666666666666664,10.444444444444445,24.11111111111111,6.444444444444445,20.77777777777778,12.666666666666666,6.0,14.333333333333334,30.444444444444443,66.55555555555556,8.11111111111111,21.444444444444443,12.11111111111111,16.555555555555557,11.555555555555555,6.666666666666667,15.666666666666666,3.7777777777777777,0.5,0.6666666666666666,4,5,-1,2023.8777480817932,2077.316330489231,1612.0005275528713,1612.0005275528713
1359,2021,3397,55,3276,70,0,25.8,61.2,4.6,13.2,14.2,12.0,18.4,5.0,16.0,24.4,64.4,7.0,20.6,9.0,12.8,12.4,9.4,18.4,5.4,21.6,57.8,3.8,17.0,10.2,13.6,14.6,5.6,16.8,26.2,58.4,8.2,18.8,7.8,15.2,12.0,8.0,17.8,-9.8,0.5,0.3333333333333333,3,6,-3,2025.029925954086,2047.710491677208,1612.0005275528713,1612.0005275528713
1360,2021,3378,67,3301,79,0,18.25,56.125,6.75,23.375,14.25,12.75,14.375,5.625,17.0,20.0,54.125,4.0,13.0,9.5,10.0,13.5,7.0,19.375,1.0,25.833333333333332,59.0,6.333333333333333,18.5,8.166666666666666,14.0,10.333333333333334,6.5,9.666666666666666,23.166666666666668,59.166666666666664,4.666666666666667,19.666666666666668,7.333333333333333,9.333333333333334,11.833333333333334,4.666666666666667,16.166666666666668,12.666666666666666,0.8,1.0,8,1,7,1932.3698914349693,2242.598969097351,1612.0005275528713,1612.0005275528713
1361,2021,3333,42,3376,59,0,25.2,56.6,6.8,17.8,6.6,14.6,10.6,2.4,12.2,26.4,69.6,5.8,17.4,12.0,13.8,5.4,6.8,16.0,-0.2,25.0,61.666666666666664,4.5,12.5,11.833333333333334,10.666666666666666,14.0,7.166666666666667,15.833333333333334,21.666666666666668,58.666666666666664,3.6666666666666665,12.666666666666666,7.333333333333333,9.5,14.333333333333334,5.666666666666667,17.166666666666668,11.666666666666666,0.6666666666666666,1.0,8,1,7,2092.548435812252,2344.3285553452884,1612.0005275528713,1612.0005275528713
1362,2021,3329,62,3390,73,0,25.5,66.0,5.5,20.25,9.5,14.25,13.75,11.25,13.75,26.5,64.5,7.0,19.5,9.75,15.75,17.5,8.5,15.5,-3.0,28.6,65.2,10.4,24.8,10.8,13.6,11.4,7.8,12.2,17.6,58.8,3.8,20.6,6.8,7.4,13.8,7.0,11.8,29.2,0.5,1.0,8,1,7,1949.769701689284,2346.7950291951493,1612.0005275528713,1612.0005275528713
1363,2021,3140,46,3112,52,0,26.4,58.6,5.8,19.6,8.2,16.2,12.4,9.4,16.6,21.0,56.2,8.4,24.2,9.6,13.2,15.0,7.0,15.6,5.0,21.0,58.0,4.5,17.5,7.0,7.75,13.75,11.75,16.5,19.75,53.25,6.5,18.0,8.0,9.25,17.75,6.25,12.75,-2.25,0.5,0.5,11,3,8,1818.0118058326543,2122.007479982336,1612.0005275528713,1612.0005275528713
1364,2021,3125,48,3231,70,0,28.285714285714285,58.285714285714285,8.571428571428571,24.714285714285715,9.714285714285714,16.571428571428573,12.428571428571429,8.714285714285714,15.571428571428571,20.571428571428573,53.42857142857143,6.571428571428571,22.0,10.571428571428571,12.857142857142858,16.285714285714285,6.285714285714286,13.142857142857142,16.714285714285715,28.8,60.2,3.4,13.0,9.8,13.4,13.0,6.0,15.2,25.2,60.0,4.8,13.0,6.0,8.6,13.6,7.2,19.2,11.2,1.0,0.6666666666666666,12,4,8,1719.9071836744154,2106.3869805455447,1612.0005275528713,1612.0005275528713
1365,2021,3321,53,3257,62,0,22.285714285714285,62.57142857142857,3.7142857142857144,16.0,10.0,15.428571428571429,10.285714285714286,9.428571428571429,16.0,21.0,53.714285714285715,4.857142857142857,18.285714285714285,8.571428571428571,15.428571428571429,19.0,6.428571428571429,17.714285714285715,1.4285714285714286,26.2,61.6,5.6,19.6,9.0,13.2,10.0,7.0,17.6,20.4,54.6,3.6,16.2,11.0,10.6,15.0,4.4,13.6,6.2,0.5,0.6666666666666666,7,2,5,2012.6585271690924,2310.6937472687214,1612.0005275528713,1612.0005275528713
1366,2021,3104,64,3268,100,0,26.0,57.6,7.8,20.8,7.0,15.8,12.8,3.8,12.6,28.0,63.2,10.2,22.0,9.2,14.2,11.6,6.4,15.6,-4.0,33.55555555555556,64.66666666666667,7.111111111111111,17.0,10.777777777777779,21.88888888888889,10.555555555555555,9.666666666666666,13.11111111111111,24.88888888888889,60.44444444444444,7.555555555555555,22.444444444444443,9.0,14.777777777777779,15.777777777777779,5.333333333333333,15.0,22.88888888888889,0.5,1.0,7,2,5,1913.4106938131652,2269.645203502261,1612.0005275528713,1612.0005275528713
1367,2021,3460,39,3283,64,0,25.0,58.0,4.25,13.0,13.25,11.0,12.0,6.75,19.5,16.5,52.75,3.25,17.75,7.75,9.25,11.75,4.25,15.5,9.0,26.428571428571427,59.0,5.714285714285714,18.285714285714285,12.571428571428571,16.714285714285715,11.285714285714286,9.571428571428571,14.571428571428571,20.142857142857142,50.714285714285715,5.142857142857143,15.0,4.285714285714286,10.428571428571429,15.142857142857142,5.571428571428571,15.857142857142858,19.714285714285715,1.0,1.0,13,5,8,1688.1534721656358,1967.938827421211,1612.0005275528713,1612.0005275528713
1368,2021,3208,50,3332,57,0,26.5,61.666666666666664,5.0,14.166666666666666,11.0,11.833333333333334,13.333333333333334,6.5,17.0,24.0,60.333333333333336,4.333333333333333,12.833333333333334,10.5,6.833333333333333,15.333333333333334,6.833333333333333,17.333333333333332,4.333333333333333,27.666666666666668,62.666666666666664,7.333333333333333,18.666666666666668,8.333333333333334,15.0,4.666666666666667,6.666666666666667,16.0,24.0,55.0,7.0,15.333333333333334,6.0,14.0,9.0,2.3333333333333335,10.0,2.0,0.6666666666666666,0.0,3,6,-3,2028.2659067757893,2208.7916205422275,1612.0005275528713,1612.0005275528713
1369,2021,3417,62,3400,71,0,22.6,60.4,6.2,18.6,8.8,12.8,11.6,10.0,14.2,21.6,54.8,5.6,16.6,5.8,9.2,16.6,5.8,16.4,7.2,23.428571428571427,60.714285714285715,5.857142857142857,16.571428571428573,12.714285714285714,13.857142857142858,14.571428571428571,7.0,18.428571428571427,22.0,51.0,3.7142857142857144,11.142857142857142,8.571428571428571,9.714285714285714,18.285714285714285,7.285714285714286,18.714285714285715,1.1428571428571428,0.6666666666666666,0.5,3,6,-3,2167.504956596229,2068.8704871907657,1612.0005275528713,1612.0005275528713
1370,2021,3235,82,3401,84,0,27.5,60.5,11.0,25.75,9.75,15.25,16.25,5.0,14.25,25.25,62.0,8.75,24.5,10.0,15.75,13.5,9.25,18.25,9.5,26.0,59.2,4.2,11.6,7.4,10.8,12.6,9.0,15.2,22.4,62.4,7.0,19.8,11.2,13.0,16.0,6.2,18.4,7.6,0.5,0.5,7,2,5,1992.296762949198,2174.6294495460425,1612.0005275528713,1612.0005275528713
1371,2021,3401,59,3112,74,0,26.0,59.2,4.2,11.6,7.4,10.8,12.6,9.0,15.2,22.4,62.4,7.0,19.8,11.2,13.0,16.0,6.2,18.4,7.6,21.0,58.0,4.5,17.5,7.0,7.75,13.75,11.75,16.5,19.75,53.25,6.5,18.0,8.0,9.25,17.75,6.25,12.75,-2.25,0.5,0.5,2,3,-1,2174.6294495460425,2122.007479982336,1612.0005275528713,1612.0005275528713
1372,2021,3276,75,3124,78,0,21.6,57.8,3.8,17.0,10.2,13.6,14.6,5.6,16.8,26.2,58.4,8.2,18.8,7.8,15.2,12.0,8.0,17.8,-9.8,31.11111111111111,63.666666666666664,3.3333333333333335,10.222222222222221,13.88888888888889,17.555555555555557,17.0,7.0,15.88888888888889,20.333333333333332,61.333333333333336,5.444444444444445,18.333333333333332,7.555555555555555,9.666666666666666,14.88888888888889,7.111111111111111,19.333333333333332,21.77777777777778,0.3333333333333333,1.0,6,2,4,2047.710491677208,2441.3926867519194,1612.0005275528713,1612.0005275528713
1373,2021,3234,72,3163,92,0,30.77777777777778,58.666666666666664,10.444444444444445,24.11111111111111,6.444444444444445,20.77777777777778,12.666666666666666,6.0,14.333333333333334,30.444444444444443,66.55555555555556,8.11111111111111,21.444444444444443,12.11111111111111,16.555555555555557,11.555555555555555,6.666666666666667,15.666666666666666,3.7777777777777777,31.285714285714285,63.57142857142857,5.714285714285714,18.142857142857142,11.857142857142858,18.857142857142858,13.142857142857142,10.571428571428571,9.0,18.285714285714285,58.57142857142857,5.142857142857143,21.285714285714285,7.142857142857143,11.714285714285714,16.0,6.142857142857143,14.714285714285714,33.857142857142854,0.6666666666666666,1.0,5,1,4,2077.316330489231,2543.48636006299,1612.0005275528713,1612.0005275528713
1374,2021,3301,70,3231,73,0,25.833333333333332,59.0,6.333333333333333,18.5,8.166666666666666,14.0,10.333333333333334,6.5,9.666666666666666,23.166666666666668,59.166666666666664,4.666666666666667,19.666666666666668,7.333333333333333,9.333333333333334,11.833333333333334,4.666666666666667,16.166666666666668,12.666666666666666,28.8,60.2,3.4,13.0,9.8,13.4,13.0,6.0,15.2,25.2,60.0,4.8,13.0,6.0,8.6,13.6,7.2,19.2,11.2,1.0,0.6666666666666666,1,4,-3,2242.598969097351,2106.3869805455447,1612.0005275528713,1612.0005275528713
1375,2021,3332,42,3257,60,0,27.666666666666668,62.666666666666664,7.333333333333333,18.666666666666668,8.333333333333334,15.0,4.666666666666667,6.666666666666667,16.0,24.0,55.0,7.0,15.333333333333334,6.0,14.0,9.0,2.3333333333333335,10.0,2.0,26.2,61.6,5.6,19.6,9.0,13.2,10.0,7.0,17.6,20.4,54.6,3.6,16.2,11.0,10.6,15.0,4.4,13.6,6.2,0.0,0.6666666666666666,6,2,4,2208.7916205422275,2310.6937472687214,1612.0005275528713,1612.0005275528713
1376,2021,3210,65,3376,76,0,22.8,57.2,5.0,18.6,7.6,12.0,11.4,4.2,14.8,24.2,57.2,4.6,13.2,9.0,10.8,11.2,6.6,13.4,-5.6,25.0,61.666666666666664,4.5,12.5,11.833333333333334,10.666666666666666,14.0,7.166666666666667,15.833333333333334,21.666666666666668,58.666666666666664,3.6666666666666665,12.666666666666666,7.333333333333333,9.5,14.333333333333334,5.666666666666667,17.166666666666668,11.666666666666666,0.5,1.0,5,1,4,1985.5158709368447,2344.3285553452884,1612.0005275528713,1612.0005275528713
1377,2021,3283,62,3390,89,0,26.428571428571427,59.0,5.714285714285714,18.285714285714285,12.571428571428571,16.714285714285715,11.285714285714286,9.571428571428571,14.571428571428571,20.142857142857142,50.714285714285715,5.142857142857143,15.0,4.285714285714286,10.428571428571429,15.142857142857142,5.571428571428571,15.857142857142858,19.714285714285715,28.6,65.2,10.4,24.8,10.8,13.6,11.4,7.8,12.2,17.6,58.8,3.8,20.6,6.8,7.4,13.8,7.0,11.8,29.2,1.0,1.0,5,1,4,1967.938827421211,2346.7950291951493,1612.0005275528713,1612.0005275528713
1378,2021,3268,61,3400,64,0,33.55555555555556,64.66666666666667,7.111111111111111,17.0,10.777777777777779,21.88888888888889,10.555555555555555,9.666666666666666,13.11111111111111,24.88888888888889,60.44444444444444,7.555555555555555,22.444444444444443,9.0,14.777777777777779,15.777777777777779,5.333333333333333,15.0,22.88888888888889,23.428571428571427,60.714285714285715,5.857142857142857,16.571428571428573,12.714285714285714,13.857142857142858,14.571428571428571,7.0,18.428571428571427,22.0,51.0,3.7142857142857144,11.142857142857142,8.571428571428571,9.714285714285714,18.285714285714285,7.285714285714286,18.714285714285715,1.1428571428571428,1.0,0.5,2,6,-4,2269.645203502261,2068.8704871907657,1612.0005275528713,1612.0005275528713
1379,2021,3231,53,3112,66,0,28.8,60.2,3.4,13.0,9.8,13.4,13.0,6.0,15.2,25.2,60.0,4.8,13.0,6.0,8.6,13.6,7.2,19.2,11.2,21.0,58.0,4.5,17.5,7.0,7.75,13.75,11.75,16.5,19.75,53.25,6.5,18.0,8.0,9.25,17.75,6.25,12.75,-2.25,0.6666666666666666,0.5,4,3,1,2106.3869805455447,2122.007479982336,1612.0005275528713,1612.0005275528713
1380,2021,3124,67,3163,69,0,31.11111111111111,63.666666666666664,3.3333333333333335,10.222222222222221,13.88888888888889,17.555555555555557,17.0,7.0,15.88888888888889,20.333333333333332,61.333333333333336,5.444444444444445,18.333333333333332,7.555555555555555,9.666666666666666,14.88888888888889,7.111111111111111,19.333333333333332,21.77777777777778,31.285714285714285,63.57142857142857,5.714285714285714,18.142857142857142,11.857142857142858,18.857142857142858,13.142857142857142,10.571428571428571,9.0,18.285714285714285,58.57142857142857,5.142857142857143,21.285714285714285,7.142857142857143,11.714285714285714,16.0,6.142857142857143,14.714285714285714,33.857142857142854,1.0,1.0,2,1,1,2441.3926867519194,2543.48636006299,1612.0005275528713,1612.0005275528713
1381,2021,3400,34,3376,62,0,23.428571428571427,60.714285714285715,5.857142857142857,16.571428571428573,12.714285714285714,13.857142857142858,14.571428571428571,7.0,18.428571428571427,22.0,51.0,3.7142857142857144,11.142857142857142,8.571428571428571,9.714285714285714,18.285714285714285,7.285714285714286,18.714285714285715,1.1428571428571428,25.0,61.666666666666664,4.5,12.5,11.833333333333334,10.666666666666666,14.0,7.166666666666667,15.833333333333334,21.666666666666668,58.666666666666664,3.6666666666666665,12.666666666666666,7.333333333333333,9.5,14.333333333333334,5.666666666666667,17.166666666666668,11.666666666666666,0.5,1.0,6,1,5,2068.8704871907657,2344.3285553452884,1612.0005275528713,1612.0005275528713
1382,2021,3257,63,3390,78,0,26.2,61.6,5.6,19.6,9.0,13.2,10.0,7.0,17.6,20.4,54.6,3.6,16.2,11.0,10.6,15.0,4.4,13.6,6.2,28.6,65.2,10.4,24.8,10.8,13.6,11.4,7.8,12.2,17.6,58.8,3.8,20.6,6.8,7.4,13.8,7.0,11.8,29.2,0.6666666666666666,1.0,2,1,1,2310.6937472687214,2346.7950291951493,1612.0005275528713,1612.0005275528713
1383,2021,3163,59,3112,69,0,31.285714285714285,63.57142857142857,5.714285714285714,18.142857142857142,11.857142857142858,18.857142857142858,13.142857142857142,10.571428571428571,9.0,18.285714285714285,58.57142857142857,5.142857142857143,21.285714285714285,7.142857142857143,11.714285714285714,16.0,6.142857142857143,14.714285714285714,33.857142857142854,21.0,58.0,4.5,17.5,7.0,7.75,13.75,11.75,16.5,19.75,53.25,6.5,18.0,8.0,9.25,17.75,6.25,12.75,-2.25,1.0,0.5,1,3,-2,2543.48636006299,2122.007479982336,1612.0005275528713,1612.0005275528713
1384,2021,3376,65,3390,66,0,25.0,61.666666666666664,4.5,12.5,11.833333333333334,10.666666666666666,14.0,7.166666666666667,15.833333333333334,21.666666666666668,58.666666666666664,3.6666666666666665,12.666666666666666,7.333333333333333,9.5,14.333333333333334,5.666666666666667,17.166666666666668,11.666666666666666,28.6,65.2,10.4,24.8,10.8,13.6,11.4,7.8,12.2,17.6,58.8,3.8,20.6,6.8,7.4,13.8,7.0,11.8,29.2,1.0,1.0,1,1,0,2344.3285553452884,2346.7950291951493,1612.0005275528713,1612.0005275528713
1385,2021,3112,53,3390,54,0,21.0,58.0,4.5,17.5,7.0,7.75,13.75,11.75,16.5,19.75,53.25,6.5,18.0,8.0,9.25,17.75,6.25,12.75,-2.25,28.6,65.2,10.4,24.8,10.8,13.6,11.4,7.8,12.2,17.6,58.8,3.8,20.6,6.8,7.4,13.8,7.0,11.8,29.2,0.5,1.0,3,1,2,2122.007479982336,2346.7950291951493,1612.0005275528713,1612.0005275528713
1386,2022,3173,88,3177,57,0,20.333333333333332,54.5,5.0,16.666666666666668,9.166666666666666,11.833333333333334,11.5,4.833333333333333,15.833333333333334,18.833333333333332,58.0,5.333333333333333,21.166666666666668,9.666666666666666,11.166666666666666,10.5,4.833333333333333,16.5,6.833333333333333,31.75,73.25,8.5,26.0,11.5,13.5,10.75,10.0,14.75,35.75,65.0,6.75,18.0,8.0,20.5,15.75,5.5,12.0,-6.75,0.6666666666666666,0.0,11,11,0,1887.9714392859232,1977.424915162532,1612.0005275528713,1612.0005275528713
1387,2022,3224,55,3230,51,0,24.75,60.125,4.25,17.125,13.75,12.0,17.625,6.75,18.25,19.75,63.375,4.625,21.875,11.125,9.375,13.875,7.75,19.625,12.75,22.0,56.125,3.625,13.625,12.25,9.5,14.125,8.625,17.125,19.375,53.75,4.0,17.75,11.375,11.375,15.0,7.625,18.25,4.625,0.8,0.8,16,16,0,1385.156279971719,1180.689077114461,1612.0005275528713,1612.0005275528713
1388,2022,3255,74,3291,70,0,27.571428571428573,60.42857142857143,8.571428571428571,22.428571428571427,9.142857142857142,15.285714285714286,17.428571428571427,10.714285714285714,16.428571428571427,21.285714285714285,61.57142857142857,4.0,18.428571428571427,10.142857142857142,10.571428571428571,18.714285714285715,8.285714285714286,17.714285714285715,18.714285714285715,20.714285714285715,53.142857142857146,6.857142857142857,21.142857142857142,8.571428571428571,10.571428571428571,12.857142857142858,8.0,16.0,18.285714285714285,51.714285714285715,4.0,13.571428571428571,8.571428571428571,8.571428571428571,15.142857142857142,5.428571428571429,17.0,12.142857142857142,1.0,1.0,16,16,0,1442.0973333039456,1320.9539767613917,1612.0005275528713,1612.0005275528713
1389,2022,3283,61,3199,50,0,24.571428571428573,66.0,4.571428571428571,15.142857142857142,14.285714285714286,14.285714285714286,11.0,8.0,18.0,19.285714285714285,51.57142857142857,6.0,18.142857142857142,5.714285714285714,10.428571428571429,15.857142857142858,6.0,17.428571428571427,10.714285714285714,21.6,55.8,5.4,14.8,5.6,14.4,14.4,5.4,14.8,26.0,60.8,4.0,14.4,10.2,13.0,14.8,6.8,15.6,-6.6,0.5,0.5,11,11,0,1906.433422447768,1945.245703160068,1612.0005275528713,1612.0005275528713
1390,2022,3124,89,3218,49,1,29.5,62.375,6.0,17.25,9.75,17.375,11.375,6.625,14.5,22.0,60.875,5.0,17.625,8.25,11.5,12.875,5.875,17.375,16.25,22.0,53.5,7.5,22.625,8.375,11.875,12.875,7.75,16.375,18.125,54.5,5.25,21.875,9.375,8.25,14.0,6.75,16.75,11.625,0.8,1.0,2,15,-13,2319.777165363935,1596.2030679740244,1612.0005275528713,1612.0005275528713
1391,2022,3166,84,3160,74,0,30.666666666666668,70.33333333333333,10.0,31.0,11.333333333333334,21.333333333333332,12.0,6.666666666666667,15.333333333333334,32.666666666666664,70.0,8.666666666666666,21.0,10.333333333333334,17.0,12.333333333333334,3.3333333333333335,14.666666666666666,-0.3333333333333333,21.833333333333332,56.833333333333336,6.333333333333333,20.833333333333332,11.0,12.833333333333334,14.666666666666666,8.0,16.666666666666668,20.833333333333332,57.166666666666664,5.333333333333333,20.166666666666668,8.333333333333334,11.0,13.833333333333334,8.333333333333334,15.0,3.1666666666666665,0.0,0.6666666666666666,10,7,3,1960.9878108195264,1972.0957631518845,1612.0005275528713,1612.0005275528713
1392,2022,3195,84,3439,81,0,25.833333333333332,59.666666666666664,11.5,33.5,6.5,17.833333333333332,9.0,9.166666666666666,14.833333333333334,21.5,49.666666666666664,3.8333333333333335,14.166666666666666,5.333333333333333,9.666666666666666,16.166666666666668,4.5,15.166666666666666,13.833333333333334,22.5,51.0,7.333333333333333,21.833333333333332,4.333333333333333,13.666666666666666,14.333333333333334,3.0,14.0,26.5,63.333333333333336,3.6666666666666665,14.666666666666666,9.166666666666666,10.5,9.833333333333334,8.166666666666666,19.0,0.8333333333333334,1.0,0.6666666666666666,12,5,7,1971.158577908936,2035.8594129531216,1612.0005275528713,1612.0005275528713
1393,2022,3208,70,3173,54,1,22.0,56.5,3.5,11.75,10.75,13.0,17.5,5.75,16.25,23.25,58.0,6.25,17.25,7.5,11.75,14.0,10.5,18.5,-1.75,20.333333333333332,54.5,5.0,16.666666666666668,9.166666666666666,11.833333333333334,11.5,4.833333333333333,15.833333333333334,18.833333333333332,58.0,5.333333333333333,21.166666666666668,9.666666666666666,11.166666666666666,10.5,4.833333333333333,16.5,6.833333333333333,0.0,0.6666666666666666,6,11,-5,2005.5430981907984,1887.9714392859232,1612.0005275528713,1612.0005275528713
1394,2022,3211,68,3304,55,0,26.5,58.833333333333336,6.333333333333333,17.333333333333332,11.333333333333334,17.666666666666668,11.333333333333334,6.833333333333333,14.833333333333334,21.0,58.666666666666664,5.166666666666667,20.833333333333332,8.166666666666666,12.166666666666666,10.666666666666666,5.5,13.833333333333334,13.833333333333334,28.666666666666668,61.0,8.666666666666666,21.833333333333332,8.333333333333334,18.333333333333332,12.0,6.833333333333333,17.166666666666668,25.333333333333332,59.0,5.166666666666667,15.666666666666666,6.666666666666667,14.333333333333334,11.333333333333334,6.666666666666667,17.833333333333332,8.5,1.0,0.6666666666666666,9,8,1,1989.1650522610848,1957.1138506599243,1612.0005275528713,1612.0005275528713
1395,2022,3234,98,3229,58,1,31.571428571428573,58.142857142857146,7.714285714285714,19.857142857142858,4.857142857142857,21.428571428571427,14.428571428571429,6.0,16.285714285714285,27.285714285714285,69.71428571428571,5.428571428571429,21.0,11.285714285714286,11.857142857142858,10.714285714285714,7.714285714285714,18.857142857142858,11.571428571428571,20.714285714285715,51.42857142857143,3.142857142857143,13.428571428571429,7.0,8.285714285714286,11.714285714285714,3.7142857142857144,17.571428571428573,21.714285714285715,56.42857142857143,6.142857142857143,21.428571428571427,8.857142857142858,12.142857142857142,10.0,5.714285714285714,16.428571428571427,-4.285714285714286,1.0,1.0,2,15,-13,2133.014584808202,1639.193994422876,1612.0005275528713,1612.0005275528713
1396,2022,3235,78,3426,71,1,25.571428571428573,59.57142857142857,10.571428571428571,26.714285714285715,6.857142857142857,14.285714285714286,13.857142857142858,6.142857142857143,14.142857142857142,25.714285714285715,64.85714285714286,5.285714285714286,18.285714285714285,11.142857142857142,13.0,12.428571428571429,8.285714285714286,17.142857142857142,7.571428571428571,25.666666666666668,61.333333333333336,4.666666666666667,14.833333333333334,11.0,15.333333333333334,14.166666666666666,8.333333333333334,15.5,25.333333333333332,66.0,4.166666666666667,16.333333333333332,12.333333333333334,11.833333333333334,14.166666666666666,8.333333333333334,20.5,7.5,0.5,1.0,3,14,-11,2095.8191202270923,1639.8357186631813,1612.0005275528713,1612.0005275528713
1397,2022,3242,77,3210,58,0,23.166666666666668,61.5,4.333333333333333,16.666666666666668,8.5,10.5,16.0,8.0,16.333333333333332,26.833333333333332,66.83333333333333,9.666666666666666,26.333333333333332,11.333333333333334,18.166666666666668,16.166666666666668,8.166666666666666,17.333333333333332,-7.833333333333333,20.4,54.0,4.4,16.4,8.6,12.8,16.4,3.8,13.8,21.6,57.4,5.8,17.4,8.6,12.0,11.6,7.8,15.2,-3.8,0.3333333333333333,0.5,8,9,-1,1889.3938524775187,1971.5628503941516,1612.0005275528713,1612.0005275528713
1398,2022,3257,83,3107,51,1,28.0,62.0,4.75,15.0,11.25,12.75,13.75,8.25,15.25,20.5,53.5,5.5,16.25,8.0,12.25,14.75,5.5,14.0,11.25,20.0,48.666666666666664,6.833333333333333,17.0,9.166666666666666,12.833333333333334,16.0,7.0,14.833333333333334,18.0,50.833333333333336,3.5,15.833333333333334,8.833333333333334,10.166666666666666,13.0,8.5,14.666666666666666,5.5,0.0,1.0,1,16,-15,2299.8064108698354,1413.5247693720107,1612.0005275528713,1612.0005275528713
1399,2022,3268,102,3174,71,1,23.666666666666668,65.66666666666667,4.0,16.0,10.0,12.333333333333334,13.0,7.333333333333333,20.0,23.666666666666668,55.0,4.666666666666667,13.0,8.333333333333334,15.0,17.666666666666668,6.0,14.333333333333334,-6.666666666666667,25.0,66.375,4.25,15.5,17.0,11.375,14.125,8.25,14.375,21.5,59.25,4.625,18.875,9.375,11.0,14.0,6.375,14.875,6.75,0.0,0.8,4,13,-9,2195.718465972776,1747.852616287991,1612.0005275528713,1612.0005275528713
1400,2022,3274,78,3378,66,0,22.428571428571427,53.857142857142854,5.285714285714286,17.0,7.285714285714286,12.142857142857142,14.714285714285714,8.0,14.857142857142858,19.0,54.0,5.428571428571429,18.857142857142858,9.285714285714286,10.571428571428571,16.0,6.428571428571429,14.571428571428571,5.571428571428571,20.428571428571427,55.57142857142857,5.714285714285714,18.857142857142858,12.285714285714286,13.857142857142858,13.714285714285714,7.857142857142857,14.714285714285714,18.285714285714285,54.714285714285715,3.4285714285714284,11.714285714285714,10.857142857142858,9.857142857142858,13.428571428571429,8.714285714285714,16.0,8.0,0.75,0.75,8,9,-1,1986.866926702514,1946.8112597950692,1612.0005275528713,1612.0005275528713
1401,2022,3376,79,3224,21,1,26.0,65.0,3.6666666666666665,12.333333333333334,15.666666666666666,16.5,12.333333333333334,5.833333333333333,14.166666666666666,21.0,61.0,3.5,14.333333333333334,8.333333333333334,11.5,12.0,4.666666666666667,19.166666666666668,16.5,24.75,60.125,4.25,17.125,13.75,12.0,17.625,6.75,18.25,19.75,63.375,4.625,21.875,11.125,9.375,13.875,7.75,19.625,12.75,0.6666666666666666,0.8,1,16,-15,2402.9699439433703,1385.156279971719,1612.0005275528713,1612.0005275528713
1402,2022,3377,75,3279,61,0,27.0,58.666666666666664,6.833333333333333,20.166666666666668,8.666666666666666,13.0,10.5,9.5,16.5,17.333333333333332,52.666666666666664,5.5,21.333333333333332,8.0,10.833333333333334,17.0,4.833333333333333,18.166666666666668,21.5,24.0,57.166666666666664,3.0,11.333333333333334,10.666666666666666,12.333333333333334,13.5,5.333333333333333,14.833333333333334,22.5,57.166666666666664,4.333333333333333,14.166666666666666,7.333333333333333,12.0,13.166666666666666,8.333333333333334,14.666666666666666,4.0,1.0,0.5,10,7,3,1989.3433880368236,1892.412710202634,1612.0005275528713,1612.0005275528713
1403,2022,3390,78,3286,37,1,25.166666666666668,62.166666666666664,6.0,18.166666666666668,11.166666666666666,12.833333333333334,9.0,7.833333333333333,13.0,19.333333333333332,55.666666666666664,6.833333333333333,21.0,7.5,9.833333333333334,13.833333333333334,4.5,14.5,13.666666666666666,24.875,63.25,7.0,21.25,9.875,11.5,8.625,10.75,14.125,21.875,56.25,7.25,24.375,9.875,12.625,16.875,4.5,15.625,9.0,1.0,0.8,1,16,-15,2398.314772356463,1600.8157373430197,1612.0005275528713,1612.0005275528713
1404,2022,3400,70,3193,52,1,25.5,58.125,3.875,10.125,10.125,13.0,11.5,9.75,17.875,19.375,47.625,4.125,11.625,6.5,9.375,17.5,6.125,18.625,13.125,26.0,57.714285714285715,7.857142857142857,19.142857142857142,8.571428571428571,15.428571428571429,9.571428571428571,8.428571428571429,12.428571428571429,19.857142857142858,53.57142857142857,6.571428571428571,21.428571428571427,8.428571428571429,11.0,13.285714285714286,4.428571428571429,14.428571428571429,15.285714285714286,1.0,1.0,2,15,-13,2189.284308224876,1589.3401458610106,1612.0005275528713,1612.0005275528713
1405,2022,3428,92,3116,69,0,23.0,57.714285714285715,8.285714285714286,26.0,8.285714285714286,13.285714285714286,11.0,5.142857142857143,14.428571428571429,25.142857142857142,62.0,5.571428571428571,18.142857142857142,10.142857142857142,15.0,11.428571428571429,6.428571428571429,18.285714285714285,1.1428571428571428,22.833333333333332,61.833333333333336,5.5,20.833333333333332,6.333333333333333,12.666666666666666,11.166666666666666,6.666666666666667,15.666666666666666,25.5,63.5,6.166666666666667,16.333333333333332,12.0,13.666666666666666,13.0,5.833333333333333,18.833333333333332,-6.166666666666667,0.75,0.5,7,10,-3,1927.5700991880612,1929.3245970278829,1612.0005275528713,1612.0005275528713
1406,2022,3112,72,3424,67,1,19.25,56.5,5.0,18.75,9.5,10.5,9.25,9.75,16.0,20.75,47.75,6.25,14.75,9.5,12.75,16.25,4.25,15.5,-4.0,29.571428571428573,61.857142857142854,7.285714285714286,17.857142857142858,8.714285714285714,17.571428571428573,11.285714285714286,4.714285714285714,14.285714285714286,24.428571428571427,64.28571428571429,7.142857142857143,23.142857142857142,9.857142857142858,13.571428571428571,10.857142857142858,5.571428571428571,14.714285714285714,10.714285714285714,0.0,0.75,4,13,-9,2093.62119204287,1683.0738214871806,1612.0005275528713,1612.0005275528713
1407,2022,3125,73,3332,70,0,29.2,58.8,7.4,21.2,8.6,15.6,10.2,9.2,13.8,19.4,54.0,4.4,15.0,10.6,9.6,15.4,4.8,14.8,23.2,26.4,64.8,7.2,21.8,11.2,15.6,11.8,7.2,17.4,25.0,63.6,7.2,23.4,10.8,14.8,10.0,6.4,15.6,-0.6,1.0,0.5,12,5,7,1738.13353129755,2094.20836294766,1612.0005275528713,1612.0005275528713
1408,2022,3163,83,3273,38,1,31.714285714285715,60.285714285714285,7.714285714285714,21.428571428571427,9.857142857142858,20.285714285714285,13.857142857142858,11.571428571428571,11.285714285714286,15.428571428571429,53.57142857142857,5.285714285714286,20.285714285714285,7.142857142857143,7.571428571428571,19.285714285714285,5.285714285714286,14.142857142857142,40.0,28.2,59.2,3.8,9.6,7.8,11.8,11.0,6.0,16.4,17.2,52.6,3.2,11.6,10.2,7.0,16.6,5.8,16.6,20.8,1.0,1.0,2,15,-13,2445.8677112468754,1605.0303090299765,1612.0005275528713,1612.0005275528713
1409,2022,3231,85,3150,51,1,25.857142857142858,60.857142857142854,4.857142857142857,15.142857142857142,7.714285714285714,14.714285714285714,12.571428571428571,7.285714285714286,16.285714285714285,27.571428571428573,62.0,4.142857142857143,15.714285714285714,8.142857142857142,15.428571428571429,14.0,5.285714285714286,17.857142857142858,1.4285714285714286,22.333333333333332,53.44444444444444,4.0,14.555555555555555,8.444444444444445,8.666666666666666,12.222222222222221,6.444444444444445,16.0,19.333333333333332,57.666666666666664,4.333333333333333,17.11111111111111,10.11111111111111,8.222222222222221,11.88888888888889,6.222222222222222,19.666666666666668,10.777777777777779,0.75,0.8,3,14,-11,2114.1711043193354,1728.04542459073,1612.0005275528713,1612.0005275528713
1410,2022,3243,50,3450,40,0,21.166666666666668,55.5,5.166666666666667,18.166666666666668,6.5,13.833333333333334,15.333333333333334,6.5,18.666666666666668,20.666666666666668,58.333333333333336,5.5,17.333333333333332,8.5,12.666666666666666,15.5,9.0,18.333333333333332,-0.6666666666666666,24.5,56.75,7.5,19.25,7.0,16.0,12.0,7.0,13.75,25.0,57.25,6.75,18.5,8.75,11.75,13.5,6.5,14.5,-1.75,0.3333333333333333,0.0,9,8,1,1894.282465240424,1943.823384937912,1612.0005275528713,1612.0005275528713
1411,2022,3261,83,3238,77,1,23.75,61.75,1.75,8.75,10.5,13.0,12.75,6.0,15.25,22.75,61.75,6.5,19.75,8.75,12.0,14.0,4.5,19.0,0.25,30.0,66.5,4.625,13.75,16.5,14.875,14.25,8.125,14.25,23.875,64.875,6.875,22.125,8.75,11.0,14.0,7.375,22.75,18.75,0.0,1.0,3,14,-11,2052.0922857751734,1516.329638689646,1612.0005275528713,1612.0005275528713
1412,2022,3276,74,3110,39,1,24.5,56.5,4.25,14.25,9.75,15.25,15.0,7.0,18.0,25.5,57.0,8.0,21.0,6.0,14.25,13.5,7.5,20.5,-1.0,23.625,56.375,5.0,16.125,9.0,15.125,12.125,6.125,13.5,20.75,56.25,3.125,15.875,10.625,8.375,14.0,6.375,13.625,9.625,0.0,1.0,3,14,-11,2126.062339450076,1585.962505296652,1612.0005275528713,1612.0005275528713
1413,2022,3301,96,3255,68,1,30.4,64.8,5.2,19.6,10.8,14.8,10.0,6.6,11.4,19.6,57.6,5.4,21.4,5.2,9.4,11.0,5.2,13.6,20.4,27.571428571428573,60.42857142857143,8.571428571428571,22.428571428571427,9.142857142857142,15.285714285714286,17.428571428571427,10.714285714285714,16.428571428571427,21.285714285714285,61.57142857142857,4.0,18.428571428571427,10.142857142857142,10.571428571428571,18.714285714285715,8.285714285714286,17.714285714285715,18.714285714285715,1.0,1.0,1,16,-15,2300.6599485387696,1442.0973333039456,1612.0005275528713,1612.0005275528713
1414,2022,3314,79,3372,66,0,27.75,66.0,5.0,19.5,11.5,14.25,11.25,8.5,17.0,21.5,55.25,6.0,21.5,5.75,14.25,16.75,3.5,16.25,11.75,24.428571428571427,56.42857142857143,7.0,20.428571428571427,9.428571428571429,14.714285714285714,16.0,10.428571428571429,15.714285714285714,20.142857142857142,54.0,6.0,19.0,11.571428571428571,10.0,21.428571428571427,7.571428571428571,18.428571428571427,14.142857142857142,0.0,0.75,5,12,-7,2026.5662750168565,1748.931635044764,1612.0005275528713,1612.0005275528713
1415,2022,3323,89,3269,78,0,26.0,55.5,6.75,19.5,5.5,15.25,12.5,8.25,13.75,24.75,60.0,7.25,19.5,9.0,14.0,14.5,5.5,15.25,3.5,26.166666666666668,56.666666666666664,5.0,17.166666666666668,10.0,12.833333333333334,11.333333333333334,6.166666666666667,13.0,23.166666666666668,55.666666666666664,6.666666666666667,20.666666666666668,9.666666666666666,12.666666666666666,12.833333333333334,5.833333333333333,14.166666666666666,6.5,0.5,1.0,5,12,-7,2072.8788443648496,1767.793294112721,1612.0005275528713,1612.0005275528713
1416,2022,3326,63,3283,56,0,26.2,64.6,4.8,19.8,8.8,17.2,10.8,7.8,17.2,19.4,57.4,4.8,16.0,9.4,13.0,14.0,4.4,14.8,10.8,24.571428571428573,66.0,4.571428571428571,15.142857142857142,14.285714285714286,14.285714285714286,11.0,8.0,18.0,19.285714285714285,51.57142857142857,6.0,18.142857142857142,5.714285714285714,10.428571428571429,15.857142857142858,6.0,17.428571428571427,10.714285714285714,0.5,0.5,6,11,-5,2076.698259299482,1906.433422447768,1612.0005275528713,1612.0005275528713
1417,2022,3328,78,3237,72,1,27.142857142857142,64.57142857142857,9.857142857142858,29.285714285714285,9.428571428571429,17.571428571428573,18.714285714285715,8.0,16.285714285714285,27.857142857142858,69.85714285714286,7.285714285714286,23.714285714285715,9.714285714285714,15.428571428571429,13.571428571428571,9.571428571428571,15.428571428571429,1.4285714285714286,26.0,55.166666666666664,6.833333333333333,19.166666666666668,8.833333333333334,14.0,12.666666666666666,4.666666666666667,11.5,20.833333333333332,58.666666666666664,5.666666666666667,23.0,9.166666666666666,10.833333333333334,10.666666666666666,6.5,15.166666666666666,17.0,0.5,1.0,4,13,-9,1998.1579815335683,1784.5790300277758,1612.0005275528713,1612.0005275528713
1418,2022,3343,69,3246,62,0,28.2,62.4,6.0,18.6,10.8,13.8,10.4,9.8,14.8,17.8,56.8,6.2,21.6,10.6,9.4,15.8,5.4,15.8,21.8,29.857142857142858,64.57142857142857,7.857142857142857,19.0,10.428571428571429,17.571428571428573,9.714285714285714,6.142857142857143,16.857142857142858,24.428571428571427,63.714285714285715,4.142857142857143,12.714285714285714,12.285714285714286,13.857142857142858,12.428571428571429,4.142857142857143,13.285714285714286,15.428571428571429,1.0,1.0,11,6,5,1977.2985127045065,2050.808535310786,1612.0005275528713,1612.0005275528713
1419,2022,3397,80,3138,67,1,26.8,63.8,4.0,12.6,12.6,16.2,16.0,5.0,17.2,24.4,67.6,6.2,21.4,12.8,13.6,11.2,7.2,16.6,2.2,30.5,64.375,4.875,14.5,13.0,14.125,13.375,10.125,12.875,22.0,63.75,6.375,24.125,11.875,12.25,16.5,8.375,17.0,18.25,0.5,1.0,4,13,-9,2059.4326792425877,1814.3446784353807,1612.0005275528713,1612.0005275528713
1420,2022,3416,69,3196,52,0,24.666666666666668,59.833333333333336,3.5,10.333333333333334,15.166666666666666,17.0,12.333333333333334,10.666666666666666,11.5,15.666666666666666,50.666666666666664,5.333333333333333,19.0,8.666666666666666,12.0,18.0,7.833333333333333,17.666666666666668,23.5,22.6,61.8,6.2,20.2,9.6,10.6,17.6,7.6,19.8,22.6,59.2,3.2,14.2,10.2,11.8,13.6,9.2,16.0,-4.6,1.0,0.5,7,10,-3,2030.5751953686968,1870.6780197359933,1612.0005275528713,1612.0005275528713
1421,2022,3437,61,3140,57,0,23.428571428571427,56.57142857142857,8.142857142857142,23.0,8.428571428571429,15.285714285714286,12.142857142857142,8.142857142857142,13.571428571428571,21.428571428571427,53.0,3.0,14.428571428571429,7.142857142857143,8.142857142857142,15.285714285714286,6.571428571428571,15.142857142857142,9.857142857142858,26.6,62.6,7.0,22.2,10.0,19.4,9.6,9.2,14.6,19.6,54.8,4.8,18.4,7.4,11.8,14.6,5.4,17.6,17.2,0.6666666666666666,0.5,11,6,5,1995.090319357537,1944.607807745618,1612.0005275528713,1612.0005275528713
1422,2022,3166,64,3234,62,-1,30.666666666666668,70.33333333333333,10.0,31.0,11.333333333333334,21.333333333333332,12.0,6.666666666666667,15.333333333333334,32.666666666666664,70.0,8.666666666666666,21.0,10.333333333333334,17.0,12.333333333333334,3.3333333333333335,14.666666666666666,-0.3333333333333333,31.571428571428573,58.142857142857146,7.714285714285714,19.857142857142858,4.857142857142857,21.428571428571427,14.428571428571429,6.0,16.285714285714285,27.285714285714285,69.71428571428571,5.428571428571429,21.0,11.285714285714286,11.857142857142858,10.714285714285714,7.714285714285714,18.857142857142858,11.571428571428571,0.0,1.0,10,2,8,1960.9878108195264,2133.014584808202,1612.0005275528713,1612.0005275528713
1423,2022,3235,67,3208,44,1,25.571428571428573,59.57142857142857,10.571428571428571,26.714285714285715,6.857142857142857,14.285714285714286,13.857142857142858,6.142857142857143,14.142857142857142,25.714285714285715,64.85714285714286,5.285714285714286,18.285714285714285,11.142857142857142,13.0,12.428571428571429,8.285714285714286,17.142857142857142,7.571428571428571,22.0,56.5,3.5,11.75,10.75,13.0,17.5,5.75,16.25,23.25,58.0,6.25,17.25,7.5,11.75,14.0,10.5,18.5,-1.75,0.5,0.0,3,6,-3,2095.8191202270923,2005.5430981907984,1612.0005275528713,1612.0005275528713
1424,2022,3257,68,3211,59,1,28.0,62.0,4.75,15.0,11.25,12.75,13.75,8.25,15.25,20.5,53.5,5.5,16.25,8.0,12.25,14.75,5.5,14.0,11.25,26.5,58.833333333333336,6.333333333333333,17.333333333333332,11.333333333333334,17.666666666666668,11.333333333333334,6.833333333333333,14.833333333333334,21.0,58.666666666666664,5.166666666666667,20.833333333333332,8.166666666666666,12.166666666666666,10.666666666666666,5.5,13.833333333333334,13.833333333333334,0.0,1.0,1,9,-8,2299.8064108698354,1989.1650522610848,1612.0005275528713,1612.0005275528713
1425,2022,3268,89,3195,65,1,23.666666666666668,65.66666666666667,4.0,16.0,10.0,12.333333333333334,13.0,7.333333333333333,20.0,23.666666666666668,55.0,4.666666666666667,13.0,8.333333333333334,15.0,17.666666666666668,6.0,14.333333333333334,-6.666666666666667,25.833333333333332,59.666666666666664,11.5,33.5,6.5,17.833333333333332,9.0,9.166666666666666,14.833333333333334,21.5,49.666666666666664,3.8333333333333335,14.166666666666666,5.333333333333333,9.666666666666666,16.166666666666668,4.5,15.166666666666666,13.833333333333334,0.0,1.0,4,12,-8,2195.718465972776,1971.158577908936,1612.0005275528713,1612.0005275528713
1426,2022,3376,49,3274,33,0,26.0,65.0,3.6666666666666665,12.333333333333334,15.666666666666666,16.5,12.333333333333334,5.833333333333333,14.166666666666666,21.0,61.0,3.5,14.333333333333334,8.333333333333334,11.5,12.0,4.666666666666667,19.166666666666668,16.5,22.428571428571427,53.857142857142854,5.285714285714286,17.0,7.285714285714286,12.142857142857142,14.714285714285714,8.0,14.857142857142858,19.0,54.0,5.428571428571429,18.857142857142858,9.285714285714286,10.571428571428571,16.0,6.428571428571429,14.571428571428571,5.571428571428571,0.6666666666666666,0.75,1,8,-7,2402.9699439433703,1986.866926702514,1612.0005275528713,1612.0005275528713
1427,2022,3377,61,3124,47,-1,27.0,58.666666666666664,6.833333333333333,20.166666666666668,8.666666666666666,13.0,10.5,9.5,16.5,17.333333333333332,52.666666666666664,5.5,21.333333333333332,8.0,10.833333333333334,17.0,4.833333333333333,18.166666666666668,21.5,29.5,62.375,6.0,17.25,9.75,17.375,11.375,6.625,14.5,22.0,60.875,5.0,17.625,8.25,11.5,12.875,5.875,17.375,16.25,1.0,0.8,10,2,8,1989.3433880368236,2319.777165363935,1612.0005275528713,1612.0005275528713
1428,2022,3390,91,3242,65,1,25.166666666666668,62.166666666666664,6.0,18.166666666666668,11.166666666666666,12.833333333333334,9.0,7.833333333333333,13.0,19.333333333333332,55.666666666666664,6.833333333333333,21.0,7.5,9.833333333333334,13.833333333333334,4.5,14.5,13.666666666666666,23.166666666666668,61.5,4.333333333333333,16.666666666666668,8.5,10.5,16.0,8.0,16.333333333333332,26.833333333333332,66.83333333333333,9.666666666666666,26.333333333333332,11.333333333333334,18.166666666666668,16.166666666666668,8.166666666666666,17.333333333333332,-7.833333333333333,1.0,0.3333333333333333,1,8,-7,2398.314772356463,1889.3938524775187,1612.0005275528713,1612.0005275528713
1429,2022,3400,78,3428,56,1,25.5,58.125,3.875,10.125,10.125,13.0,11.5,9.75,17.875,19.375,47.625,4.125,11.625,6.5,9.375,17.5,6.125,18.625,13.125,23.0,57.714285714285715,8.285714285714286,26.0,8.285714285714286,13.285714285714286,11.0,5.142857142857143,14.428571428571429,25.142857142857142,62.0,5.571428571428571,18.142857142857142,10.142857142857142,15.0,11.428571428571429,6.428571428571429,18.285714285714285,1.1428571428571428,1.0,0.75,2,7,-5,2189.284308224876,1927.5700991880612,1612.0005275528713,1612.0005275528713
1430,2022,3163,52,3416,47,1,31.714285714285715,60.285714285714285,7.714285714285714,21.428571428571427,9.857142857142858,20.285714285714285,13.857142857142858,11.571428571428571,11.285714285714286,15.428571428571429,53.57142857142857,5.285714285714286,20.285714285714285,7.142857142857143,7.571428571428571,19.285714285714285,5.285714285714286,14.142857142857142,40.0,24.666666666666668,59.833333333333336,3.5,10.333333333333334,15.166666666666666,17.0,12.333333333333334,10.666666666666666,11.5,15.666666666666666,50.666666666666664,5.333333333333333,19.0,8.666666666666666,12.0,18.0,7.833333333333333,17.666666666666668,23.5,1.0,1.0,2,7,-5,2445.8677112468754,2030.5751953686968,1612.0005275528713,1612.0005275528713
1431,2022,3231,56,3343,55,1,25.857142857142858,60.857142857142854,4.857142857142857,15.142857142857142,7.714285714285714,14.714285714285714,12.571428571428571,7.285714285714286,16.285714285714285,27.571428571428573,62.0,4.142857142857143,15.714285714285714,8.142857142857142,15.428571428571429,14.0,5.285714285714286,17.857142857142858,1.4285714285714286,28.2,62.4,6.0,18.6,10.8,13.8,10.4,9.8,14.8,17.8,56.8,6.2,21.6,10.6,9.4,15.8,5.4,15.8,21.8,0.75,1.0,3,11,-8,2114.1711043193354,1977.2985127045065,1612.0005275528713,1612.0005275528713
1432,2022,3276,64,3437,49,1,24.5,56.5,4.25,14.25,9.75,15.25,15.0,7.0,18.0,25.5,57.0,8.0,21.0,6.0,14.25,13.5,7.5,20.5,-1.0,23.428571428571427,56.57142857142857,8.142857142857142,23.0,8.428571428571429,15.285714285714286,12.142857142857142,8.142857142857142,13.571428571428571,21.428571428571427,53.0,3.0,14.428571428571429,7.142857142857143,8.142857142857142,15.285714285714286,6.571428571428571,15.142857142857142,9.857142857142858,0.0,0.6666666666666666,3,11,-8,2126.062339450076,1995.090319357537,1612.0005275528713,1612.0005275528713
1433,2022,3301,89,3243,57,1,30.4,64.8,5.2,19.6,10.8,14.8,10.0,6.6,11.4,19.6,57.6,5.4,21.4,5.2,9.4,11.0,5.2,13.6,20.4,21.166666666666668,55.5,5.166666666666667,18.166666666666668,6.5,13.833333333333334,15.333333333333334,6.5,18.666666666666668,20.666666666666668,58.333333333333336,5.5,17.333333333333332,8.5,12.666666666666666,15.5,9.0,18.333333333333332,-0.6666666666666666,1.0,0.3333333333333333,1,9,-8,2300.6599485387696,1894.282465240424,1612.0005275528713,1612.0005275528713
1434,2022,3314,63,3112,45,-1,27.75,66.0,5.0,19.5,11.5,14.25,11.25,8.5,17.0,21.5,55.25,6.0,21.5,5.75,14.25,16.75,3.5,16.25,11.75,19.25,56.5,5.0,18.75,9.5,10.5,9.25,9.75,16.0,20.75,47.75,6.25,14.75,9.5,12.75,16.25,4.25,15.5,-4.0,0.0,0.0,5,4,1,2026.5662750168565,2093.62119204287,1612.0005275528713,1612.0005275528713
1435,2022,3323,108,3328,64,-1,26.0,55.5,6.75,19.5,5.5,15.25,12.5,8.25,13.75,24.75,60.0,7.25,19.5,9.0,14.0,14.5,5.5,15.25,3.5,27.142857142857142,64.57142857142857,9.857142857142858,29.285714285714285,9.428571428571429,17.571428571428573,18.714285714285715,8.0,16.285714285714285,27.857142857142858,69.85714285714286,7.285714285714286,23.714285714285715,9.714285714285714,15.428571428571429,13.571428571428571,9.571428571428571,15.428571428571429,1.4285714285714286,0.5,0.5,5,4,1,2072.8788443648496,1998.1579815335683,1612.0005275528713,1612.0005275528713
1436,2022,3326,79,3261,64,-1,26.2,64.6,4.8,19.8,8.8,17.2,10.8,7.8,17.2,19.4,57.4,4.8,16.0,9.4,13.0,14.0,4.4,14.8,10.8,23.75,61.75,1.75,8.75,10.5,13.0,12.75,6.0,15.25,22.75,61.75,6.5,19.75,8.75,12.0,14.0,4.5,19.0,0.25,0.5,0.0,6,3,3,2076.698259299482,2052.0922857751734,1612.0005275528713,1612.0005275528713
1437,2022,3397,70,3125,67,1,26.8,63.8,4.0,12.6,12.6,16.2,16.0,5.0,17.2,24.4,67.6,6.2,21.4,12.8,13.6,11.2,7.2,16.6,2.2,29.2,58.8,7.4,21.2,8.6,15.6,10.2,9.2,13.8,19.4,54.0,4.4,15.0,10.6,9.6,15.4,4.8,14.8,23.2,0.5,1.0,4,12,-8,2059.4326792425877,1738.13353129755,1612.0005275528713,1612.0005275528713
1438,2022,3166,76,3235,68,0,30.666666666666668,70.33333333333333,10.0,31.0,11.333333333333334,21.333333333333332,12.0,6.666666666666667,15.333333333333334,32.666666666666664,70.0,8.666666666666666,21.0,10.333333333333334,17.0,12.333333333333334,3.3333333333333335,14.666666666666666,-0.3333333333333333,25.571428571428573,59.57142857142857,10.571428571428571,26.714285714285715,6.857142857142857,14.285714285714286,13.857142857142858,6.142857142857143,14.142857142857142,25.714285714285715,64.85714285714286,5.285714285714286,18.285714285714285,11.142857142857142,13.0,12.428571428571429,8.285714285714286,17.142857142857142,7.571428571428571,0.0,0.5,10,3,7,1960.9878108195264,2095.8191202270923,1612.0005275528713,1612.0005275528713
1439,2022,3376,69,3314,61,0,26.0,65.0,3.6666666666666665,12.333333333333334,15.666666666666666,16.5,12.333333333333334,5.833333333333333,14.166666666666666,21.0,61.0,3.5,14.333333333333334,8.333333333333334,11.5,12.0,4.666666666666667,19.166666666666668,16.5,27.75,66.0,5.0,19.5,11.5,14.25,11.25,8.5,17.0,21.5,55.25,6.0,21.5,5.75,14.25,16.75,3.5,16.25,11.75,0.6666666666666666,0.0,1,5,-4,2402.9699439433703,2026.5662750168565,1612.0005275528713,1612.0005275528713
1440,2022,3390,72,3268,66,0,25.166666666666668,62.166666666666664,6.0,18.166666666666668,11.166666666666666,12.833333333333334,9.0,7.833333333333333,13.0,19.333333333333332,55.666666666666664,6.833333333333333,21.0,7.5,9.833333333333334,13.833333333333334,4.5,14.5,13.666666666666666,23.666666666666668,65.66666666666667,4.0,16.0,10.0,12.333333333333334,13.0,7.333333333333333,20.0,23.666666666666668,55.0,4.666666666666667,13.0,8.333333333333334,15.0,17.666666666666668,6.0,14.333333333333334,-6.666666666666667,1.0,0.0,1,4,-3,2398.314772356463,2195.718465972776,1612.0005275528713,1612.0005275528713
1441,2022,3400,66,3326,63,0,25.5,58.125,3.875,10.125,10.125,13.0,11.5,9.75,17.875,19.375,47.625,4.125,11.625,6.5,9.375,17.5,6.125,18.625,13.125,26.2,64.6,4.8,19.8,8.8,17.2,10.8,7.8,17.2,19.4,57.4,4.8,16.0,9.4,13.0,14.0,4.4,14.8,10.8,1.0,0.5,2,6,-4,2189.284308224876,2076.698259299482,1612.0005275528713,1612.0005275528713
1442,2022,3163,75,3231,58,1,31.714285714285715,60.285714285714285,7.714285714285714,21.428571428571427,9.857142857142858,20.285714285714285,13.857142857142858,11.571428571428571,11.285714285714286,15.428571428571429,53.57142857142857,5.285714285714286,20.285714285714285,7.142857142857143,7.571428571428571,19.285714285714285,5.285714285714286,14.142857142857142,40.0,25.857142857142858,60.857142857142854,4.857142857142857,15.142857142857142,7.714285714285714,14.714285714285714,12.571428571428571,7.285714285714286,16.285714285714285,27.571428571428573,62.0,4.142857142857143,15.714285714285714,8.142857142857142,15.428571428571429,14.0,5.285714285714286,17.857142857142858,1.4285714285714286,1.0,0.75,2,3,-1,2445.8677112468754,2114.1711043193354,1612.0005275528713,1612.0005275528713
1443,2022,3257,76,3397,64,0,28.0,62.0,4.75,15.0,11.25,12.75,13.75,8.25,15.25,20.5,53.5,5.5,16.25,8.0,12.25,14.75,5.5,14.0,11.25,26.8,63.8,4.0,12.6,12.6,16.2,16.0,5.0,17.2,24.4,67.6,6.2,21.4,12.8,13.6,11.2,7.2,16.6,2.2,0.0,0.5,1,4,-3,2299.8064108698354,2059.4326792425877,1612.0005275528713,1612.0005275528713
1444,2022,3276,52,3377,49,0,24.5,56.5,4.25,14.25,9.75,15.25,15.0,7.0,18.0,25.5,57.0,8.0,21.0,6.0,14.25,13.5,7.5,20.5,-1.0,27.0,58.666666666666664,6.833333333333333,20.166666666666668,8.666666666666666,13.0,10.5,9.5,16.5,17.333333333333332,52.666666666666664,5.5,21.333333333333332,8.0,10.833333333333334,17.0,4.833333333333333,18.166666666666668,21.5,0.0,1.0,3,10,-7,2126.062339450076,1989.3433880368236,1612.0005275528713,1612.0005275528713
1445,2022,3301,66,3323,63,0,30.4,64.8,5.2,19.6,10.8,14.8,10.0,6.6,11.4,19.6,57.6,5.4,21.4,5.2,9.4,11.0,5.2,13.6,20.4,26.0,55.5,6.75,19.5,5.5,15.25,12.5,8.25,13.75,24.75,60.0,7.25,19.5,9.0,14.0,14.5,5.5,15.25,3.5,1.0,0.5,1,5,-4,2300.6599485387696,2072.8788443648496,1612.0005275528713,1612.0005275528713
1446,2022,3376,80,3166,50,0,26.0,65.0,3.6666666666666665,12.333333333333334,15.666666666666666,16.5,12.333333333333334,5.833333333333333,14.166666666666666,21.0,61.0,3.5,14.333333333333334,8.333333333333334,11.5,12.0,4.666666666666667,19.166666666666668,16.5,30.666666666666668,70.33333333333333,10.0,31.0,11.333333333333334,21.333333333333332,12.0,6.666666666666667,15.333333333333334,32.666666666666664,70.0,8.666666666666666,21.0,10.333333333333334,17.0,12.333333333333334,3.3333333333333335,14.666666666666666,-0.3333333333333333,0.6666666666666666,0.0,1,10,-9,2402.9699439433703,1960.9878108195264,1612.0005275528713,1612.0005275528713
1447,2022,3390,59,3400,50,0,25.166666666666668,62.166666666666664,6.0,18.166666666666668,11.166666666666666,12.833333333333334,9.0,7.833333333333333,13.0,19.333333333333332,55.666666666666664,6.833333333333333,21.0,7.5,9.833333333333334,13.833333333333334,4.5,14.5,13.666666666666666,25.5,58.125,3.875,10.125,10.125,13.0,11.5,9.75,17.875,19.375,47.625,4.125,11.625,6.5,9.375,17.5,6.125,18.625,13.125,1.0,1.0,1,2,-1,2398.314772356463,2189.284308224876,1612.0005275528713,1612.0005275528713
1448,2022,3163,91,3301,87,0,31.714285714285715,60.285714285714285,7.714285714285714,21.428571428571427,9.857142857142858,20.285714285714285,13.857142857142858,11.571428571428571,11.285714285714286,15.428571428571429,53.57142857142857,5.285714285714286,20.285714285714285,7.142857142857143,7.571428571428571,19.285714285714285,5.285714285714286,14.142857142857142,40.0,30.4,64.8,5.2,19.6,10.8,14.8,10.0,6.6,11.4,19.6,57.6,5.4,21.4,5.2,9.4,11.0,5.2,13.6,20.4,1.0,1.0,2,1,1,2445.8677112468754,2300.6599485387696,1612.0005275528713,1612.0005275528713
1449,2022,3257,62,3276,50,0,28.0,62.0,4.75,15.0,11.25,12.75,13.75,8.25,15.25,20.5,53.5,5.5,16.25,8.0,12.25,14.75,5.5,14.0,11.25,24.5,56.5,4.25,14.25,9.75,15.25,15.0,7.0,18.0,25.5,57.0,8.0,21.0,6.0,14.25,13.5,7.5,20.5,-1.0,0.0,0.0,1,3,-2,2299.8064108698354,2126.062339450076,1612.0005275528713,1612.0005275528713
1450,2022,3163,63,3390,58,0,31.714285714285715,60.285714285714285,7.714285714285714,21.428571428571427,9.857142857142858,20.285714285714285,13.857142857142858,11.571428571428571,11.285714285714286,15.428571428571429,53.57142857142857,5.285714285714286,20.285714285714285,7.142857142857143,7.571428571428571,19.285714285714285,5.285714285714286,14.142857142857142,40.0,25.166666666666668,62.166666666666664,6.0,18.166666666666668,11.166666666666666,12.833333333333334,9.0,7.833333333333333,13.0,19.333333333333332,55.666666666666664,6.833333333333333,21.0,7.5,9.833333333333334,13.833333333333334,4.5,14.5,13.666666666666666,1.0,1.0,2,1,1,2445.8677112468754,2398.314772356463,1612.0005275528713,1612.0005275528713
1451,2022,3376,72,3257,59,0,26.0,65.0,3.6666666666666665,12.333333333333334,15.666666666666666,16.5,12.333333333333334,5.833333333333333,14.166666666666666,21.0,61.0,3.5,14.333333333333334,8.333333333333334,11.5,12.0,4.666666666666667,19.166666666666668,16.5,28.0,62.0,4.75,15.0,11.25,12.75,13.75,8.25,15.25,20.5,53.5,5.5,16.25,8.0,12.25,14.75,5.5,14.0,11.25,0.6666666666666666,0.0,1,1,0,2402.9699439433703,2299.8064108698354,1612.0005275528713,1612.0005275528713
1452,2022,3376,64,3163,49,0,26.0,65.0,3.6666666666666665,12.333333333333334,15.666666666666666,16.5,12.333333333333334,5.833333333333333,14.166666666666666,21.0,61.0,3.5,14.333333333333334,8.333333333333334,11.5,12.0,4.666666666666667,19.166666666666668,16.5,31.714285714285715,60.285714285714285,7.714285714285714,21.428571428571427,9.857142857142858,20.285714285714285,13.857142857142858,11.571428571428571,11.285714285714286,15.428571428571429,53.57142857142857,5.285714285714286,20.285714285714285,7.142857142857143,7.571428571428571,19.285714285714285,5.285714285714286,14.142857142857142,40.0,0.6666666666666666,1.0,1,2,-1,2402.9699439433703,2445.8677112468754,1612.0005275528713,1612.0005275528713
1453,2022,3177,57,3173,88,0,31.75,73.25,8.5,26.0,11.5,13.5,10.75,10.0,14.75,35.75,65.0,6.75,18.0,8.0,20.5,15.75,5.5,12.0,-6.75,20.333333333333332,54.5,5.0,16.666666666666668,9.166666666666666,11.833333333333334,11.5,4.833333333333333,15.833333333333334,18.833333333333332,58.0,5.333333333333333,21.166666666666668,9.666666666666666,11.166666666666666,10.5,4.833333333333333,16.5,6.833333333333333,0.0,0.6666666666666666,11,11,0,1977.424915162532,1887.9714392859232,1612.0005275528713,1612.0005275528713
1454,2022,3230,51,3224,55,0,22.0,56.125,3.625,13.625,12.25,9.5,14.125,8.625,17.125,19.375,53.75,4.0,17.75,11.375,11.375,15.0,7.625,18.25,4.625,24.75,60.125,4.25,17.125,13.75,12.0,17.625,6.75,18.25,19.75,63.375,4.625,21.875,11.125,9.375,13.875,7.75,19.625,12.75,0.8,0.8,16,16,0,1180.689077114461,1385.156279971719,1612.0005275528713,1612.0005275528713
1455,2022,3291,70,3255,74,0,20.714285714285715,53.142857142857146,6.857142857142857,21.142857142857142,8.571428571428571,10.571428571428571,12.857142857142858,8.0,16.0,18.285714285714285,51.714285714285715,4.0,13.571428571428571,8.571428571428571,8.571428571428571,15.142857142857142,5.428571428571429,17.0,12.142857142857142,27.571428571428573,60.42857142857143,8.571428571428571,22.428571428571427,9.142857142857142,15.285714285714286,17.428571428571427,10.714285714285714,16.428571428571427,21.285714285714285,61.57142857142857,4.0,18.428571428571427,10.142857142857142,10.571428571428571,18.714285714285715,8.285714285714286,17.714285714285715,18.714285714285715,1.0,1.0,16,16,0,1320.9539767613917,1442.0973333039456,1612.0005275528713,1612.0005275528713
1456,2022,3199,50,3283,61,0,21.6,55.8,5.4,14.8,5.6,14.4,14.4,5.4,14.8,26.0,60.8,4.0,14.4,10.2,13.0,14.8,6.8,15.6,-6.6,24.571428571428573,66.0,4.571428571428571,15.142857142857142,14.285714285714286,14.285714285714286,11.0,8.0,18.0,19.285714285714285,51.57142857142857,6.0,18.142857142857142,5.714285714285714,10.428571428571429,15.857142857142858,6.0,17.428571428571427,10.714285714285714,0.5,0.5,11,11,0,1945.245703160068,1906.433422447768,1612.0005275528713,1612.0005275528713
1457,2022,3218,49,3124,89,-1,22.0,53.5,7.5,22.625,8.375,11.875,12.875,7.75,16.375,18.125,54.5,5.25,21.875,9.375,8.25,14.0,6.75,16.75,11.625,29.5,62.375,6.0,17.25,9.75,17.375,11.375,6.625,14.5,22.0,60.875,5.0,17.625,8.25,11.5,12.875,5.875,17.375,16.25,1.0,0.8,15,2,13,1596.2030679740244,2319.777165363935,1612.0005275528713,1612.0005275528713
1458,2022,3160,74,3166,84,0,21.833333333333332,56.833333333333336,6.333333333333333,20.833333333333332,11.0,12.833333333333334,14.666666666666666,8.0,16.666666666666668,20.833333333333332,57.166666666666664,5.333333333333333,20.166666666666668,8.333333333333334,11.0,13.833333333333334,8.333333333333334,15.0,3.1666666666666665,30.666666666666668,70.33333333333333,10.0,31.0,11.333333333333334,21.333333333333332,12.0,6.666666666666667,15.333333333333334,32.666666666666664,70.0,8.666666666666666,21.0,10.333333333333334,17.0,12.333333333333334,3.3333333333333335,14.666666666666666,-0.3333333333333333,0.6666666666666666,0.0,7,10,-3,1972.0957631518845,1960.9878108195264,1612.0005275528713,1612.0005275528713
1459,2022,3439,81,3195,84,0,22.5,51.0,7.333333333333333,21.833333333333332,4.333333333333333,13.666666666666666,14.333333333333334,3.0,14.0,26.5,63.333333333333336,3.6666666666666665,14.666666666666666,9.166666666666666,10.5,9.833333333333334,8.166666666666666,19.0,0.8333333333333334,25.833333333333332,59.666666666666664,11.5,33.5,6.5,17.833333333333332,9.0,9.166666666666666,14.833333333333334,21.5,49.666666666666664,3.8333333333333335,14.166666666666666,5.333333333333333,9.666666666666666,16.166666666666668,4.5,15.166666666666666,13.833333333333334,0.6666666666666666,1.0,5,12,-7,2035.8594129531216,1971.158577908936,1612.0005275528713,1612.0005275528713
1460,2022,3173,54,3208,70,-1,20.333333333333332,54.5,5.0,16.666666666666668,9.166666666666666,11.833333333333334,11.5,4.833333333333333,15.833333333333334,18.833333333333332,58.0,5.333333333333333,21.166666666666668,9.666666666666666,11.166666666666666,10.5,4.833333333333333,16.5,6.833333333333333,22.0,56.5,3.5,11.75,10.75,13.0,17.5,5.75,16.25,23.25,58.0,6.25,17.25,7.5,11.75,14.0,10.5,18.5,-1.75,0.6666666666666666,0.0,11,6,5,1887.9714392859232,2005.5430981907984,1612.0005275528713,1612.0005275528713
1461,2022,3304,55,3211,68,0,28.666666666666668,61.0,8.666666666666666,21.833333333333332,8.333333333333334,18.333333333333332,12.0,6.833333333333333,17.166666666666668,25.333333333333332,59.0,5.166666666666667,15.666666666666666,6.666666666666667,14.333333333333334,11.333333333333334,6.666666666666667,17.833333333333332,8.5,26.5,58.833333333333336,6.333333333333333,17.333333333333332,11.333333333333334,17.666666666666668,11.333333333333334,6.833333333333333,14.833333333333334,21.0,58.666666666666664,5.166666666666667,20.833333333333332,8.166666666666666,12.166666666666666,10.666666666666666,5.5,13.833333333333334,13.833333333333334,0.6666666666666666,1.0,8,9,-1,1957.1138506599243,1989.1650522610848,1612.0005275528713,1612.0005275528713
1462,2022,3229,58,3234,98,-1,20.714285714285715,51.42857142857143,3.142857142857143,13.428571428571429,7.0,8.285714285714286,11.714285714285714,3.7142857142857144,17.571428571428573,21.714285714285715,56.42857142857143,6.142857142857143,21.428571428571427,8.857142857142858,12.142857142857142,10.0,5.714285714285714,16.428571428571427,-4.285714285714286,31.571428571428573,58.142857142857146,7.714285714285714,19.857142857142858,4.857142857142857,21.428571428571427,14.428571428571429,6.0,16.285714285714285,27.285714285714285,69.71428571428571,5.428571428571429,21.0,11.285714285714286,11.857142857142858,10.714285714285714,7.714285714285714,18.857142857142858,11.571428571428571,1.0,1.0,15,2,13,1639.193994422876,2133.014584808202,1612.0005275528713,1612.0005275528713
1463,2022,3426,71,3235,78,-1,25.666666666666668,61.333333333333336,4.666666666666667,14.833333333333334,11.0,15.333333333333334,14.166666666666666,8.333333333333334,15.5,25.333333333333332,66.0,4.166666666666667,16.333333333333332,12.333333333333334,11.833333333333334,14.166666666666666,8.333333333333334,20.5,7.5,25.571428571428573,59.57142857142857,10.571428571428571,26.714285714285715,6.857142857142857,14.285714285714286,13.857142857142858,6.142857142857143,14.142857142857142,25.714285714285715,64.85714285714286,5.285714285714286,18.285714285714285,11.142857142857142,13.0,12.428571428571429,8.285714285714286,17.142857142857142,7.571428571428571,1.0,0.5,14,3,11,1639.8357186631813,2095.8191202270923,1612.0005275528713,1612.0005275528713
1464,2022,3210,58,3242,77,0,20.4,54.0,4.4,16.4,8.6,12.8,16.4,3.8,13.8,21.6,57.4,5.8,17.4,8.6,12.0,11.6,7.8,15.2,-3.8,23.166666666666668,61.5,4.333333333333333,16.666666666666668,8.5,10.5,16.0,8.0,16.333333333333332,26.833333333333332,66.83333333333333,9.666666666666666,26.333333333333332,11.333333333333334,18.166666666666668,16.166666666666668,8.166666666666666,17.333333333333332,-7.833333333333333,0.5,0.3333333333333333,9,8,1,1971.5628503941516,1889.3938524775187,1612.0005275528713,1612.0005275528713
1465,2022,3107,51,3257,83,-1,20.0,48.666666666666664,6.833333333333333,17.0,9.166666666666666,12.833333333333334,16.0,7.0,14.833333333333334,18.0,50.833333333333336,3.5,15.833333333333334,8.833333333333334,10.166666666666666,13.0,8.5,14.666666666666666,5.5,28.0,62.0,4.75,15.0,11.25,12.75,13.75,8.25,15.25,20.5,53.5,5.5,16.25,8.0,12.25,14.75,5.5,14.0,11.25,1.0,0.0,16,1,15,1413.5247693720107,2299.8064108698354,1612.0005275528713,1612.0005275528713
1466,2022,3174,71,3268,102,-1,25.0,66.375,4.25,15.5,17.0,11.375,14.125,8.25,14.375,21.5,59.25,4.625,18.875,9.375,11.0,14.0,6.375,14.875,6.75,23.666666666666668,65.66666666666667,4.0,16.0,10.0,12.333333333333334,13.0,7.333333333333333,20.0,23.666666666666668,55.0,4.666666666666667,13.0,8.333333333333334,15.0,17.666666666666668,6.0,14.333333333333334,-6.666666666666667,0.8,0.0,13,4,9,1747.852616287991,2195.718465972776,1612.0005275528713,1612.0005275528713
1467,2022,3378,66,3274,78,0,20.428571428571427,55.57142857142857,5.714285714285714,18.857142857142858,12.285714285714286,13.857142857142858,13.714285714285714,7.857142857142857,14.714285714285714,18.285714285714285,54.714285714285715,3.4285714285714284,11.714285714285714,10.857142857142858,9.857142857142858,13.428571428571429,8.714285714285714,16.0,8.0,22.428571428571427,53.857142857142854,5.285714285714286,17.0,7.285714285714286,12.142857142857142,14.714285714285714,8.0,14.857142857142858,19.0,54.0,5.428571428571429,18.857142857142858,9.285714285714286,10.571428571428571,16.0,6.428571428571429,14.571428571428571,5.571428571428571,0.75,0.75,9,8,1,1946.8112597950692,1986.866926702514,1612.0005275528713,1612.0005275528713
1468,2022,3224,21,3376,79,-1,24.75,60.125,4.25,17.125,13.75,12.0,17.625,6.75,18.25,19.75,63.375,4.625,21.875,11.125,9.375,13.875,7.75,19.625,12.75,26.0,65.0,3.6666666666666665,12.333333333333334,15.666666666666666,16.5,12.333333333333334,5.833333333333333,14.166666666666666,21.0,61.0,3.5,14.333333333333334,8.333333333333334,11.5,12.0,4.666666666666667,19.166666666666668,16.5,0.8,0.6666666666666666,16,1,15,1385.156279971719,2402.9699439433703,1612.0005275528713,1612.0005275528713
1469,2022,3279,61,3377,75,0,24.0,57.166666666666664,3.0,11.333333333333334,10.666666666666666,12.333333333333334,13.5,5.333333333333333,14.833333333333334,22.5,57.166666666666664,4.333333333333333,14.166666666666666,7.333333333333333,12.0,13.166666666666666,8.333333333333334,14.666666666666666,4.0,27.0,58.666666666666664,6.833333333333333,20.166666666666668,8.666666666666666,13.0,10.5,9.5,16.5,17.333333333333332,52.666666666666664,5.5,21.333333333333332,8.0,10.833333333333334,17.0,4.833333333333333,18.166666666666668,21.5,0.5,1.0,7,10,-3,1892.412710202634,1989.3433880368236,1612.0005275528713,1612.0005275528713
1470,2022,3286,37,3390,78,-1,24.875,63.25,7.0,21.25,9.875,11.5,8.625,10.75,14.125,21.875,56.25,7.25,24.375,9.875,12.625,16.875,4.5,15.625,9.0,25.166666666666668,62.166666666666664,6.0,18.166666666666668,11.166666666666666,12.833333333333334,9.0,7.833333333333333,13.0,19.333333333333332,55.666666666666664,6.833333333333333,21.0,7.5,9.833333333333334,13.833333333333334,4.5,14.5,13.666666666666666,0.8,1.0,16,1,15,1600.8157373430197,2398.314772356463,1612.0005275528713,1612.0005275528713
1471,2022,3193,52,3400,70,-1,26.0,57.714285714285715,7.857142857142857,19.142857142857142,8.571428571428571,15.428571428571429,9.571428571428571,8.428571428571429,12.428571428571429,19.857142857142858,53.57142857142857,6.571428571428571,21.428571428571427,8.428571428571429,11.0,13.285714285714286,4.428571428571429,14.428571428571429,15.285714285714286,25.5,58.125,3.875,10.125,10.125,13.0,11.5,9.75,17.875,19.375,47.625,4.125,11.625,6.5,9.375,17.5,6.125,18.625,13.125,1.0,1.0,15,2,13,1589.3401458610106,2189.284308224876,1612.0005275528713,1612.0005275528713
1472,2022,3116,69,3428,92,0,22.833333333333332,61.833333333333336,5.5,20.833333333333332,6.333333333333333,12.666666666666666,11.166666666666666,6.666666666666667,15.666666666666666,25.5,63.5,6.166666666666667,16.333333333333332,12.0,13.666666666666666,13.0,5.833333333333333,18.833333333333332,-6.166666666666667,23.0,57.714285714285715,8.285714285714286,26.0,8.285714285714286,13.285714285714286,11.0,5.142857142857143,14.428571428571429,25.142857142857142,62.0,5.571428571428571,18.142857142857142,10.142857142857142,15.0,11.428571428571429,6.428571428571429,18.285714285714285,1.1428571428571428,0.5,0.75,10,7,3,1929.3245970278829,1927.5700991880612,1612.0005275528713,1612.0005275528713
1473,2022,3424,67,3112,72,-1,29.571428571428573,61.857142857142854,7.285714285714286,17.857142857142858,8.714285714285714,17.571428571428573,11.285714285714286,4.714285714285714,14.285714285714286,24.428571428571427,64.28571428571429,7.142857142857143,23.142857142857142,9.857142857142858,13.571428571428571,10.857142857142858,5.571428571428571,14.714285714285714,10.714285714285714,19.25,56.5,5.0,18.75,9.5,10.5,9.25,9.75,16.0,20.75,47.75,6.25,14.75,9.5,12.75,16.25,4.25,15.5,-4.0,0.75,0.0,13,4,9,1683.0738214871806,2093.62119204287,1612.0005275528713,1612.0005275528713
1474,2022,3332,70,3125,73,0,26.4,64.8,7.2,21.8,11.2,15.6,11.8,7.2,17.4,25.0,63.6,7.2,23.4,10.8,14.8,10.0,6.4,15.6,-0.6,29.2,58.8,7.4,21.2,8.6,15.6,10.2,9.2,13.8,19.4,54.0,4.4,15.0,10.6,9.6,15.4,4.8,14.8,23.2,0.5,1.0,5,12,-7,2094.20836294766,1738.13353129755,1612.0005275528713,1612.0005275528713
1475,2022,3273,38,3163,83,-1,28.2,59.2,3.8,9.6,7.8,11.8,11.0,6.0,16.4,17.2,52.6,3.2,11.6,10.2,7.0,16.6,5.8,16.6,20.8,31.714285714285715,60.285714285714285,7.714285714285714,21.428571428571427,9.857142857142858,20.285714285714285,13.857142857142858,11.571428571428571,11.285714285714286,15.428571428571429,53.57142857142857,5.285714285714286,20.285714285714285,7.142857142857143,7.571428571428571,19.285714285714285,5.285714285714286,14.142857142857142,40.0,1.0,1.0,15,2,13,1605.0303090299765,2445.8677112468754,1612.0005275528713,1612.0005275528713
1476,2022,3150,51,3231,85,-1,22.333333333333332,53.44444444444444,4.0,14.555555555555555,8.444444444444445,8.666666666666666,12.222222222222221,6.444444444444445,16.0,19.333333333333332,57.666666666666664,4.333333333333333,17.11111111111111,10.11111111111111,8.222222222222221,11.88888888888889,6.222222222222222,19.666666666666668,10.777777777777779,25.857142857142858,60.857142857142854,4.857142857142857,15.142857142857142,7.714285714285714,14.714285714285714,12.571428571428571,7.285714285714286,16.285714285714285,27.571428571428573,62.0,4.142857142857143,15.714285714285714,8.142857142857142,15.428571428571429,14.0,5.285714285714286,17.857142857142858,1.4285714285714286,0.8,0.75,14,3,11,1728.04542459073,2114.1711043193354,1612.0005275528713,1612.0005275528713
1477,2022,3450,40,3243,50,0,24.5,56.75,7.5,19.25,7.0,16.0,12.0,7.0,13.75,25.0,57.25,6.75,18.5,8.75,11.75,13.5,6.5,14.5,-1.75,21.166666666666668,55.5,5.166666666666667,18.166666666666668,6.5,13.833333333333334,15.333333333333334,6.5,18.666666666666668,20.666666666666668,58.333333333333336,5.5,17.333333333333332,8.5,12.666666666666666,15.5,9.0,18.333333333333332,-0.6666666666666666,0.0,0.3333333333333333,8,9,-1,1943.823384937912,1894.282465240424,1612.0005275528713,1612.0005275528713
1478,2022,3238,77,3261,83,-1,30.0,66.5,4.625,13.75,16.5,14.875,14.25,8.125,14.25,23.875,64.875,6.875,22.125,8.75,11.0,14.0,7.375,22.75,18.75,23.75,61.75,1.75,8.75,10.5,13.0,12.75,6.0,15.25,22.75,61.75,6.5,19.75,8.75,12.0,14.0,4.5,19.0,0.25,1.0,0.0,14,3,11,1516.329638689646,2052.0922857751734,1612.0005275528713,1612.0005275528713
1479,2022,3110,39,3276,74,-1,23.625,56.375,5.0,16.125,9.0,15.125,12.125,6.125,13.5,20.75,56.25,3.125,15.875,10.625,8.375,14.0,6.375,13.625,9.625,24.5,56.5,4.25,14.25,9.75,15.25,15.0,7.0,18.0,25.5,57.0,8.0,21.0,6.0,14.25,13.5,7.5,20.5,-1.0,1.0,0.0,14,3,11,1585.962505296652,2126.062339450076,1612.0005275528713,1612.0005275528713
1480,2022,3255,68,3301,96,-1,27.571428571428573,60.42857142857143,8.571428571428571,22.428571428571427,9.142857142857142,15.285714285714286,17.428571428571427,10.714285714285714,16.428571428571427,21.285714285714285,61.57142857142857,4.0,18.428571428571427,10.142857142857142,10.571428571428571,18.714285714285715,8.285714285714286,17.714285714285715,18.714285714285715,30.4,64.8,5.2,19.6,10.8,14.8,10.0,6.6,11.4,19.6,57.6,5.4,21.4,5.2,9.4,11.0,5.2,13.6,20.4,1.0,1.0,16,1,15,1442.0973333039456,2300.6599485387696,1612.0005275528713,1612.0005275528713
1481,2022,3372,66,3314,79,0,24.428571428571427,56.42857142857143,7.0,20.428571428571427,9.428571428571429,14.714285714285714,16.0,10.428571428571429,15.714285714285714,20.142857142857142,54.0,6.0,19.0,11.571428571428571,10.0,21.428571428571427,7.571428571428571,18.428571428571427,14.142857142857142,27.75,66.0,5.0,19.5,11.5,14.25,11.25,8.5,17.0,21.5,55.25,6.0,21.5,5.75,14.25,16.75,3.5,16.25,11.75,0.75,0.0,12,5,7,1748.931635044764,2026.5662750168565,1612.0005275528713,1612.0005275528713
1482,2022,3269,78,3323,89,0,26.166666666666668,56.666666666666664,5.0,17.166666666666668,10.0,12.833333333333334,11.333333333333334,6.166666666666667,13.0,23.166666666666668,55.666666666666664,6.666666666666667,20.666666666666668,9.666666666666666,12.666666666666666,12.833333333333334,5.833333333333333,14.166666666666666,6.5,26.0,55.5,6.75,19.5,5.5,15.25,12.5,8.25,13.75,24.75,60.0,7.25,19.5,9.0,14.0,14.5,5.5,15.25,3.5,1.0,0.5,12,5,7,1767.793294112721,2072.8788443648496,1612.0005275528713,1612.0005275528713
1483,2022,3283,56,3326,63,0,24.571428571428573,66.0,4.571428571428571,15.142857142857142,14.285714285714286,14.285714285714286,11.0,8.0,18.0,19.285714285714285,51.57142857142857,6.0,18.142857142857142,5.714285714285714,10.428571428571429,15.857142857142858,6.0,17.428571428571427,10.714285714285714,26.2,64.6,4.8,19.8,8.8,17.2,10.8,7.8,17.2,19.4,57.4,4.8,16.0,9.4,13.0,14.0,4.4,14.8,10.8,0.5,0.5,11,6,5,1906.433422447768,2076.698259299482,1612.0005275528713,1612.0005275528713
1484,2022,3237,72,3328,78,-1,26.0,55.166666666666664,6.833333333333333,19.166666666666668,8.833333333333334,14.0,12.666666666666666,4.666666666666667,11.5,20.833333333333332,58.666666666666664,5.666666666666667,23.0,9.166666666666666,10.833333333333334,10.666666666666666,6.5,15.166666666666666,17.0,27.142857142857142,64.57142857142857,9.857142857142858,29.285714285714285,9.428571428571429,17.571428571428573,18.714285714285715,8.0,16.285714285714285,27.857142857142858,69.85714285714286,7.285714285714286,23.714285714285715,9.714285714285714,15.428571428571429,13.571428571428571,9.571428571428571,15.428571428571429,1.4285714285714286,1.0,0.5,13,4,9,1784.5790300277758,1998.1579815335683,1612.0005275528713,1612.0005275528713
1485,2022,3246,62,3343,69,0,29.857142857142858,64.57142857142857,7.857142857142857,19.0,10.428571428571429,17.571428571428573,9.714285714285714,6.142857142857143,16.857142857142858,24.428571428571427,63.714285714285715,4.142857142857143,12.714285714285714,12.285714285714286,13.857142857142858,12.428571428571429,4.142857142857143,13.285714285714286,15.428571428571429,28.2,62.4,6.0,18.6,10.8,13.8,10.4,9.8,14.8,17.8,56.8,6.2,21.6,10.6,9.4,15.8,5.4,15.8,21.8,1.0,1.0,6,11,-5,2050.808535310786,1977.2985127045065,1612.0005275528713,1612.0005275528713
1486,2022,3138,67,3397,80,-1,30.5,64.375,4.875,14.5,13.0,14.125,13.375,10.125,12.875,22.0,63.75,6.375,24.125,11.875,12.25,16.5,8.375,17.0,18.25,26.8,63.8,4.0,12.6,12.6,16.2,16.0,5.0,17.2,24.4,67.6,6.2,21.4,12.8,13.6,11.2,7.2,16.6,2.2,1.0,0.5,13,4,9,1814.3446784353807,2059.4326792425877,1612.0005275528713,1612.0005275528713
1487,2022,3196,52,3416,69,0,22.6,61.8,6.2,20.2,9.6,10.6,17.6,7.6,19.8,22.6,59.2,3.2,14.2,10.2,11.8,13.6,9.2,16.0,-4.6,24.666666666666668,59.833333333333336,3.5,10.333333333333334,15.166666666666666,17.0,12.333333333333334,10.666666666666666,11.5,15.666666666666666,50.666666666666664,5.333333333333333,19.0,8.666666666666666,12.0,18.0,7.833333333333333,17.666666666666668,23.5,0.5,1.0,10,7,3,1870.6780197359933,2030.5751953686968,1612.0005275528713,1612.0005275528713
1488,2022,3140,57,3437,61,0,26.6,62.6,7.0,22.2,10.0,19.4,9.6,9.2,14.6,19.6,54.8,4.8,18.4,7.4,11.8,14.6,5.4,17.6,17.2,23.428571428571427,56.57142857142857,8.142857142857142,23.0,8.428571428571429,15.285714285714286,12.142857142857142,8.142857142857142,13.571428571428571,21.428571428571427,53.0,3.0,14.428571428571429,7.142857142857143,8.142857142857142,15.285714285714286,6.571428571428571,15.142857142857142,9.857142857142858,0.5,0.6666666666666666,6,11,-5,1944.607807745618,1995.090319357537,1612.0005275528713,1612.0005275528713
1489,2022,3234,62,3166,64,1,31.571428571428573,58.142857142857146,7.714285714285714,19.857142857142858,4.857142857142857,21.428571428571427,14.428571428571429,6.0,16.285714285714285,27.285714285714285,69.71428571428571,5.428571428571429,21.0,11.285714285714286,11.857142857142858,10.714285714285714,7.714285714285714,18.857142857142858,11.571428571428571,30.666666666666668,70.33333333333333,10.0,31.0,11.333333333333334,21.333333333333332,12.0,6.666666666666667,15.333333333333334,32.666666666666664,70.0,8.666666666666666,21.0,10.333333333333334,17.0,12.333333333333334,3.3333333333333335,14.666666666666666,-0.3333333333333333,1.0,0.0,2,10,-8,2133.014584808202,1960.9878108195264,1612.0005275528713,1612.0005275528713
1490,2022,3208,44,3235,67,-1,22.0,56.5,3.5,11.75,10.75,13.0,17.5,5.75,16.25,23.25,58.0,6.25,17.25,7.5,11.75,14.0,10.5,18.5,-1.75,25.571428571428573,59.57142857142857,10.571428571428571,26.714285714285715,6.857142857142857,14.285714285714286,13.857142857142858,6.142857142857143,14.142857142857142,25.714285714285715,64.85714285714286,5.285714285714286,18.285714285714285,11.142857142857142,13.0,12.428571428571429,8.285714285714286,17.142857142857142,7.571428571428571,0.0,0.5,6,3,3,2005.5430981907984,2095.8191202270923,1612.0005275528713,1612.0005275528713
1491,2022,3211,59,3257,68,-1,26.5,58.833333333333336,6.333333333333333,17.333333333333332,11.333333333333334,17.666666666666668,11.333333333333334,6.833333333333333,14.833333333333334,21.0,58.666666666666664,5.166666666666667,20.833333333333332,8.166666666666666,12.166666666666666,10.666666666666666,5.5,13.833333333333334,13.833333333333334,28.0,62.0,4.75,15.0,11.25,12.75,13.75,8.25,15.25,20.5,53.5,5.5,16.25,8.0,12.25,14.75,5.5,14.0,11.25,1.0,0.0,9,1,8,1989.1650522610848,2299.8064108698354,1612.0005275528713,1612.0005275528713
1492,2022,3195,65,3268,89,-1,25.833333333333332,59.666666666666664,11.5,33.5,6.5,17.833333333333332,9.0,9.166666666666666,14.833333333333334,21.5,49.666666666666664,3.8333333333333335,14.166666666666666,5.333333333333333,9.666666666666666,16.166666666666668,4.5,15.166666666666666,13.833333333333334,23.666666666666668,65.66666666666667,4.0,16.0,10.0,12.333333333333334,13.0,7.333333333333333,20.0,23.666666666666668,55.0,4.666666666666667,13.0,8.333333333333334,15.0,17.666666666666668,6.0,14.333333333333334,-6.666666666666667,1.0,0.0,12,4,8,1971.158577908936,2195.718465972776,1612.0005275528713,1612.0005275528713
1493,2022,3274,33,3376,49,0,22.428571428571427,53.857142857142854,5.285714285714286,17.0,7.285714285714286,12.142857142857142,14.714285714285714,8.0,14.857142857142858,19.0,54.0,5.428571428571429,18.857142857142858,9.285714285714286,10.571428571428571,16.0,6.428571428571429,14.571428571428571,5.571428571428571,26.0,65.0,3.6666666666666665,12.333333333333334,15.666666666666666,16.5,12.333333333333334,5.833333333333333,14.166666666666666,21.0,61.0,3.5,14.333333333333334,8.333333333333334,11.5,12.0,4.666666666666667,19.166666666666668,16.5,0.75,0.6666666666666666,8,1,7,1986.866926702514,2402.9699439433703,1612.0005275528713,1612.0005275528713
1494,2022,3124,47,3377,61,1,29.5,62.375,6.0,17.25,9.75,17.375,11.375,6.625,14.5,22.0,60.875,5.0,17.625,8.25,11.5,12.875,5.875,17.375,16.25,27.0,58.666666666666664,6.833333333333333,20.166666666666668,8.666666666666666,13.0,10.5,9.5,16.5,17.333333333333332,52.666666666666664,5.5,21.333333333333332,8.0,10.833333333333334,17.0,4.833333333333333,18.166666666666668,21.5,0.8,1.0,2,10,-8,2319.777165363935,1989.3433880368236,1612.0005275528713,1612.0005275528713
1495,2022,3242,65,3390,91,-1,23.166666666666668,61.5,4.333333333333333,16.666666666666668,8.5,10.5,16.0,8.0,16.333333333333332,26.833333333333332,66.83333333333333,9.666666666666666,26.333333333333332,11.333333333333334,18.166666666666668,16.166666666666668,8.166666666666666,17.333333333333332,-7.833333333333333,25.166666666666668,62.166666666666664,6.0,18.166666666666668,11.166666666666666,12.833333333333334,9.0,7.833333333333333,13.0,19.333333333333332,55.666666666666664,6.833333333333333,21.0,7.5,9.833333333333334,13.833333333333334,4.5,14.5,13.666666666666666,0.3333333333333333,1.0,8,1,7,1889.3938524775187,2398.314772356463,1612.0005275528713,1612.0005275528713
1496,2022,3428,56,3400,78,-1,23.0,57.714285714285715,8.285714285714286,26.0,8.285714285714286,13.285714285714286,11.0,5.142857142857143,14.428571428571429,25.142857142857142,62.0,5.571428571428571,18.142857142857142,10.142857142857142,15.0,11.428571428571429,6.428571428571429,18.285714285714285,1.1428571428571428,25.5,58.125,3.875,10.125,10.125,13.0,11.5,9.75,17.875,19.375,47.625,4.125,11.625,6.5,9.375,17.5,6.125,18.625,13.125,0.75,1.0,7,2,5,1927.5700991880612,2189.284308224876,1612.0005275528713,1612.0005275528713
1497,2022,3416,47,3163,52,-1,24.666666666666668,59.833333333333336,3.5,10.333333333333334,15.166666666666666,17.0,12.333333333333334,10.666666666666666,11.5,15.666666666666666,50.666666666666664,5.333333333333333,19.0,8.666666666666666,12.0,18.0,7.833333333333333,17.666666666666668,23.5,31.714285714285715,60.285714285714285,7.714285714285714,21.428571428571427,9.857142857142858,20.285714285714285,13.857142857142858,11.571428571428571,11.285714285714286,15.428571428571429,53.57142857142857,5.285714285714286,20.285714285714285,7.142857142857143,7.571428571428571,19.285714285714285,5.285714285714286,14.142857142857142,40.0,1.0,1.0,7,2,5,2030.5751953686968,2445.8677112468754,1612.0005275528713,1612.0005275528713
1498,2022,3343,55,3231,56,-1,28.2,62.4,6.0,18.6,10.8,13.8,10.4,9.8,14.8,17.8,56.8,6.2,21.6,10.6,9.4,15.8,5.4,15.8,21.8,25.857142857142858,60.857142857142854,4.857142857142857,15.142857142857142,7.714285714285714,14.714285714285714,12.571428571428571,7.285714285714286,16.285714285714285,27.571428571428573,62.0,4.142857142857143,15.714285714285714,8.142857142857142,15.428571428571429,14.0,5.285714285714286,17.857142857142858,1.4285714285714286,1.0,0.75,11,3,8,1977.2985127045065,2114.1711043193354,1612.0005275528713,1612.0005275528713
1499,2022,3437,49,3276,64,-1,23.428571428571427,56.57142857142857,8.142857142857142,23.0,8.428571428571429,15.285714285714286,12.142857142857142,8.142857142857142,13.571428571428571,21.428571428571427,53.0,3.0,14.428571428571429,7.142857142857143,8.142857142857142,15.285714285714286,6.571428571428571,15.142857142857142,9.857142857142858,24.5,56.5,4.25,14.25,9.75,15.25,15.0,7.0,18.0,25.5,57.0,8.0,21.0,6.0,14.25,13.5,7.5,20.5,-1.0,0.6666666666666666,0.0,11,3,8,1995.090319357537,2126.062339450076,1612.0005275528713,1612.0005275528713
1500,2022,3243,57,3301,89,-1,21.166666666666668,55.5,5.166666666666667,18.166666666666668,6.5,13.833333333333334,15.333333333333334,6.5,18.666666666666668,20.666666666666668,58.333333333333336,5.5,17.333333333333332,8.5,12.666666666666666,15.5,9.0,18.333333333333332,-0.6666666666666666,30.4,64.8,5.2,19.6,10.8,14.8,10.0,6.6,11.4,19.6,57.6,5.4,21.4,5.2,9.4,11.0,5.2,13.6,20.4,0.3333333333333333,1.0,9,1,8,1894.282465240424,2300.6599485387696,1612.0005275528713,1612.0005275528713
1501,2022,3112,45,3314,63,1,19.25,56.5,5.0,18.75,9.5,10.5,9.25,9.75,16.0,20.75,47.75,6.25,14.75,9.5,12.75,16.25,4.25,15.5,-4.0,27.75,66.0,5.0,19.5,11.5,14.25,11.25,8.5,17.0,21.5,55.25,6.0,21.5,5.75,14.25,16.75,3.5,16.25,11.75,0.0,0.0,4,5,-1,2093.62119204287,2026.5662750168565,1612.0005275528713,1612.0005275528713
1502,2022,3328,64,3323,108,1,27.142857142857142,64.57142857142857,9.857142857142858,29.285714285714285,9.428571428571429,17.571428571428573,18.714285714285715,8.0,16.285714285714285,27.857142857142858,69.85714285714286,7.285714285714286,23.714285714285715,9.714285714285714,15.428571428571429,13.571428571428571,9.571428571428571,15.428571428571429,1.4285714285714286,26.0,55.5,6.75,19.5,5.5,15.25,12.5,8.25,13.75,24.75,60.0,7.25,19.5,9.0,14.0,14.5,5.5,15.25,3.5,0.5,0.5,4,5,-1,1998.1579815335683,2072.8788443648496,1612.0005275528713,1612.0005275528713
1503,2022,3261,64,3326,79,1,23.75,61.75,1.75,8.75,10.5,13.0,12.75,6.0,15.25,22.75,61.75,6.5,19.75,8.75,12.0,14.0,4.5,19.0,0.25,26.2,64.6,4.8,19.8,8.8,17.2,10.8,7.8,17.2,19.4,57.4,4.8,16.0,9.4,13.0,14.0,4.4,14.8,10.8,0.0,0.5,3,6,-3,2052.0922857751734,2076.698259299482,1612.0005275528713,1612.0005275528713
1504,2022,3125,67,3397,70,-1,29.2,58.8,7.4,21.2,8.6,15.6,10.2,9.2,13.8,19.4,54.0,4.4,15.0,10.6,9.6,15.4,4.8,14.8,23.2,26.8,63.8,4.0,12.6,12.6,16.2,16.0,5.0,17.2,24.4,67.6,6.2,21.4,12.8,13.6,11.2,7.2,16.6,2.2,1.0,0.5,12,4,8,1738.13353129755,2059.4326792425877,1612.0005275528713,1612.0005275528713
1505,2022,3235,68,3166,76,0,25.571428571428573,59.57142857142857,10.571428571428571,26.714285714285715,6.857142857142857,14.285714285714286,13.857142857142858,6.142857142857143,14.142857142857142,25.714285714285715,64.85714285714286,5.285714285714286,18.285714285714285,11.142857142857142,13.0,12.428571428571429,8.285714285714286,17.142857142857142,7.571428571428571,30.666666666666668,70.33333333333333,10.0,31.0,11.333333333333334,21.333333333333332,12.0,6.666666666666667,15.333333333333334,32.666666666666664,70.0,8.666666666666666,21.0,10.333333333333334,17.0,12.333333333333334,3.3333333333333335,14.666666666666666,-0.3333333333333333,0.5,0.0,3,10,-7,2095.8191202270923,1960.9878108195264,1612.0005275528713,1612.0005275528713
1506,2022,3314,61,3376,69,0,27.75,66.0,5.0,19.5,11.5,14.25,11.25,8.5,17.0,21.5,55.25,6.0,21.5,5.75,14.25,16.75,3.5,16.25,11.75,26.0,65.0,3.6666666666666665,12.333333333333334,15.666666666666666,16.5,12.333333333333334,5.833333333333333,14.166666666666666,21.0,61.0,3.5,14.333333333333334,8.333333333333334,11.5,12.0,4.666666666666667,19.166666666666668,16.5,0.0,0.6666666666666666,5,1,4,2026.5662750168565,2402.9699439433703,1612.0005275528713,1612.0005275528713
1507,2022,3268,66,3390,72,0,23.666666666666668,65.66666666666667,4.0,16.0,10.0,12.333333333333334,13.0,7.333333333333333,20.0,23.666666666666668,55.0,4.666666666666667,13.0,8.333333333333334,15.0,17.666666666666668,6.0,14.333333333333334,-6.666666666666667,25.166666666666668,62.166666666666664,6.0,18.166666666666668,11.166666666666666,12.833333333333334,9.0,7.833333333333333,13.0,19.333333333333332,55.666666666666664,6.833333333333333,21.0,7.5,9.833333333333334,13.833333333333334,4.5,14.5,13.666666666666666,0.0,1.0,4,1,3,2195.718465972776,2398.314772356463,1612.0005275528713,1612.0005275528713
1508,2022,3326,63,3400,66,0,26.2,64.6,4.8,19.8,8.8,17.2,10.8,7.8,17.2,19.4,57.4,4.8,16.0,9.4,13.0,14.0,4.4,14.8,10.8,25.5,58.125,3.875,10.125,10.125,13.0,11.5,9.75,17.875,19.375,47.625,4.125,11.625,6.5,9.375,17.5,6.125,18.625,13.125,0.5,1.0,6,2,4,2076.698259299482,2189.284308224876,1612.0005275528713,1612.0005275528713
1509,2022,3231,58,3163,75,-1,25.857142857142858,60.857142857142854,4.857142857142857,15.142857142857142,7.714285714285714,14.714285714285714,12.571428571428571,7.285714285714286,16.285714285714285,27.571428571428573,62.0,4.142857142857143,15.714285714285714,8.142857142857142,15.428571428571429,14.0,5.285714285714286,17.857142857142858,1.4285714285714286,31.714285714285715,60.285714285714285,7.714285714285714,21.428571428571427,9.857142857142858,20.285714285714285,13.857142857142858,11.571428571428571,11.285714285714286,15.428571428571429,53.57142857142857,5.285714285714286,20.285714285714285,7.142857142857143,7.571428571428571,19.285714285714285,5.285714285714286,14.142857142857142,40.0,0.75,1.0,3,2,1,2114.1711043193354,2445.8677112468754,1612.0005275528713,1612.0005275528713
1510,2022,3397,64,3257,76,0,26.8,63.8,4.0,12.6,12.6,16.2,16.0,5.0,17.2,24.4,67.6,6.2,21.4,12.8,13.6,11.2,7.2,16.6,2.2,28.0,62.0,4.75,15.0,11.25,12.75,13.75,8.25,15.25,20.5,53.5,5.5,16.25,8.0,12.25,14.75,5.5,14.0,11.25,0.5,0.0,4,1,3,2059.4326792425877,2299.8064108698354,1612.0005275528713,1612.0005275528713
1511,2022,3377,49,3276,52,0,27.0,58.666666666666664,6.833333333333333,20.166666666666668,8.666666666666666,13.0,10.5,9.5,16.5,17.333333333333332,52.666666666666664,5.5,21.333333333333332,8.0,10.833333333333334,17.0,4.833333333333333,18.166666666666668,21.5,24.5,56.5,4.25,14.25,9.75,15.25,15.0,7.0,18.0,25.5,57.0,8.0,21.0,6.0,14.25,13.5,7.5,20.5,-1.0,1.0,0.0,10,3,7,1989.3433880368236,2126.062339450076,1612.0005275528713,1612.0005275528713
1512,2022,3323,63,3301,66,0,26.0,55.5,6.75,19.5,5.5,15.25,12.5,8.25,13.75,24.75,60.0,7.25,19.5,9.0,14.0,14.5,5.5,15.25,3.5,30.4,64.8,5.2,19.6,10.8,14.8,10.0,6.6,11.4,19.6,57.6,5.4,21.4,5.2,9.4,11.0,5.2,13.6,20.4,0.5,1.0,5,1,4,2072.8788443648496,2300.6599485387696,1612.0005275528713,1612.0005275528713
1513,2022,3166,50,3376,80,0,30.666666666666668,70.33333333333333,10.0,31.0,11.333333333333334,21.333333333333332,12.0,6.666666666666667,15.333333333333334,32.666666666666664,70.0,8.666666666666666,21.0,10.333333333333334,17.0,12.333333333333334,3.3333333333333335,14.666666666666666,-0.3333333333333333,26.0,65.0,3.6666666666666665,12.333333333333334,15.666666666666666,16.5,12.333333333333334,5.833333333333333,14.166666666666666,21.0,61.0,3.5,14.333333333333334,8.333333333333334,11.5,12.0,4.666666666666667,19.166666666666668,16.5,0.0,0.6666666666666666,10,1,9,1960.9878108195264,2402.9699439433703,1612.0005275528713,1612.0005275528713
1514,2022,3400,50,3390,59,0,25.5,58.125,3.875,10.125,10.125,13.0,11.5,9.75,17.875,19.375,47.625,4.125,11.625,6.5,9.375,17.5,6.125,18.625,13.125,25.166666666666668,62.166666666666664,6.0,18.166666666666668,11.166666666666666,12.833333333333334,9.0,7.833333333333333,13.0,19.333333333333332,55.666666666666664,6.833333333333333,21.0,7.5,9.833333333333334,13.833333333333334,4.5,14.5,13.666666666666666,1.0,1.0,2,1,1,2189.284308224876,2398.314772356463,1612.0005275528713,1612.0005275528713
1515,2022,3301,87,3163,91,0,30.4,64.8,5.2,19.6,10.8,14.8,10.0,6.6,11.4,19.6,57.6,5.4,21.4,5.2,9.4,11.0,5.2,13.6,20.4,31.714285714285715,60.285714285714285,7.714285714285714,21.428571428571427,9.857142857142858,20.285714285714285,13.857142857142858,11.571428571428571,11.285714285714286,15.428571428571429,53.57142857142857,5.285714285714286,20.285714285714285,7.142857142857143,7.571428571428571,19.285714285714285,5.285714285714286,14.142857142857142,40.0,1.0,1.0,1,2,-1,2300.6599485387696,2445.8677112468754,1612.0005275528713,1612.0005275528713
1516,2022,3276,50,3257,62,0,24.5,56.5,4.25,14.25,9.75,15.25,15.0,7.0,18.0,25.5,57.0,8.0,21.0,6.0,14.25,13.5,7.5,20.5,-1.0,28.0,62.0,4.75,15.0,11.25,12.75,13.75,8.25,15.25,20.5,53.5,5.5,16.25,8.0,12.25,14.75,5.5,14.0,11.25,0.0,0.0,3,1,2,2126.062339450076,2299.8064108698354,1612.0005275528713,1612.0005275528713
1517,2022,3390,58,3163,63,0,25.166666666666668,62.166666666666664,6.0,18.166666666666668,11.166666666666666,12.833333333333334,9.0,7.833333333333333,13.0,19.333333333333332,55.666666666666664,6.833333333333333,21.0,7.5,9.833333333333334,13.833333333333334,4.5,14.5,13.666666666666666,31.714285714285715,60.285714285714285,7.714285714285714,21.428571428571427,9.857142857142858,20.285714285714285,13.857142857142858,11.571428571428571,11.285714285714286,15.428571428571429,53.57142857142857,5.285714285714286,20.285714285714285,7.142857142857143,7.571428571428571,19.285714285714285,5.285714285714286,14.142857142857142,40.0,1.0,1.0,1,2,-1,2398.314772356463,2445.8677112468754,1612.0005275528713,1612.0005275528713
1518,2022,3257,59,3376,72,0,28.0,62.0,4.75,15.0,11.25,12.75,13.75,8.25,15.25,20.5,53.5,5.5,16.25,8.0,12.25,14.75,5.5,14.0,11.25,26.0,65.0,3.6666666666666665,12.333333333333334,15.666666666666666,16.5,12.333333333333334,5.833333333333333,14.166666666666666,21.0,61.0,3.5,14.333333333333334,8.333333333333334,11.5,12.0,4.666666666666667,19.166666666666668,16.5,0.0,0.6666666666666666,1,1,0,2299.8064108698354,2402.9699439433703,1612.0005275528713,1612.0005275528713
1519,2022,3163,49,3376,64,0,31.714285714285715,60.285714285714285,7.714285714285714,21.428571428571427,9.857142857142858,20.285714285714285,13.857142857142858,11.571428571428571,11.285714285714286,15.428571428571429,53.57142857142857,5.285714285714286,20.285714285714285,7.142857142857143,7.571428571428571,19.285714285714285,5.285714285714286,14.142857142857142,40.0,26.0,65.0,3.6666666666666665,12.333333333333334,15.666666666666666,16.5,12.333333333333334,5.833333333333333,14.166666666666666,21.0,61.0,3.5,14.333333333333334,8.333333333333334,11.5,12.0,4.666666666666667,19.166666666666668,16.5,1.0,0.6666666666666666,2,1,1,2445.8677112468754,2402.9699439433703,1612.0005275528713,1612.0005275528713
1520,2023,3280,70,3228,56,0,24.75,53.25,6.5,16.25,8.0,14.75,14.5,5.25,19.25,24.25,61.75,6.75,22.75,12.0,11.5,10.5,7.5,17.75,1.75,29.2,62.6,7.0,19.2,10.0,15.4,9.8,4.8,16.2,24.4,57.8,4.4,16.4,9.4,12.2,11.4,4.4,12.8,4.6,0.0,0.5,11,11,0,1936.229853262233,1785.6126872726577,1612.0005275528713,1612.0005275528713
1521,2023,3357,57,3380,47,0,23.142857142857142,63.0,5.142857142857143,18.857142857142858,13.857142857142858,10.142857142857142,13.0,7.857142857142857,19.142857142857142,19.285714285714285,56.57142857142857,5.285714285714286,21.285714285714285,8.428571428571429,11.428571428571429,15.857142857142858,5.285714285714286,18.714285714285715,6.714285714285714,23.5,55.625,5.375,14.0,9.25,11.75,11.5,6.125,19.0,17.875,52.375,4.0,15.125,10.375,10.25,13.25,5.125,14.625,9.625,1.0,0.8333333333333334,16,16,0,1286.5592338998592,1324.8237818435466,1612.0005275528713,1612.0005275528713
1522,2023,3385,66,3345,64,0,20.0,53.8,6.0,15.4,6.8,9.8,10.4,5.2,13.2,21.8,56.4,3.8,13.4,8.8,12.0,9.6,4.4,12.4,-3.4,24.6,59.2,6.2,22.2,8.4,13.4,14.2,8.2,16.4,25.0,56.6,9.0,24.4,7.0,16.6,16.0,5.6,16.4,-3.2,0.5,0.5,11,11,0,1822.5065061423163,1866.908628772936,1612.0005275528713,1612.0005275528713
1523,2023,3399,79,3284,69,0,24.5,53.666666666666664,6.333333333333333,17.833333333333332,9.0,13.833333333333334,13.166666666666666,8.0,16.5,22.0,54.666666666666664,4.5,17.5,9.5,12.0,14.833333333333334,6.166666666666667,18.5,10.666666666666666,23.75,52.625,9.25,22.875,10.25,14.75,17.125,6.375,14.0,24.25,58.875,5.0,16.5,8.375,12.0,11.875,8.75,16.125,6.125,1.0,0.8333333333333334,16,16,0,1543.2287320781925,1403.479864680406,1612.0005275528713,1612.0005275528713
1524,2023,3112,75,3452,62,0,22.5,62.0,5.5,19.75,8.25,10.5,10.25,8.75,20.5,22.5,55.0,5.5,18.25,9.5,14.5,15.75,6.5,17.25,-4.25,22.0,60.5,6.666666666666667,23.0,8.5,9.833333333333334,13.833333333333334,9.166666666666666,17.5,23.666666666666668,57.333333333333336,5.666666666666667,20.5,8.5,11.833333333333334,18.0,7.0,17.166666666666668,-0.6666666666666666,0.0,0.6666666666666666,7,10,-3,2053.5809612877106,1948.317773133951,1612.0005275528713,1612.0005275528713
1525,2023,3208,66,3199,54,0,24.6,56.4,2.8,8.8,6.6,16.0,15.2,7.8,17.6,22.2,57.0,5.4,21.0,8.2,15.8,15.8,7.2,16.2,4.6,22.0,60.75,5.0,18.25,7.5,9.5,10.75,6.5,16.0,24.75,59.25,6.25,19.25,6.75,13.5,13.5,5.5,19.0,-2.25,0.5,0.0,10,7,3,2004.3600365559612,1965.4284256893932,1612.0005275528713,1612.0005275528713
1526,2023,3234,95,3368,43,1,29.5,60.5,10.5,27.666666666666668,7.0,20.166666666666668,14.333333333333334,6.333333333333333,14.666666666666666,26.833333333333332,65.33333333333333,9.0,27.666666666666668,10.166666666666666,16.5,12.0,9.166666666666666,16.333333333333332,7.0,22.666666666666668,59.5,4.166666666666667,14.166666666666666,9.333333333333334,10.5,10.166666666666666,10.166666666666666,18.0,19.5,50.0,4.166666666666667,14.166666666666666,9.0,11.333333333333334,18.666666666666668,4.833333333333333,16.833333333333332,8.0,1.0,1.0,2,15,-13,2262.3463781545165,1387.8720853277275,1612.0005275528713,1612.0005275528713
1527,2023,3261,73,3218,50,1,30.6,64.2,6.6,18.2,12.8,16.0,14.4,7.0,16.8,24.0,58.0,6.2,18.2,7.6,13.8,14.4,7.8,16.2,12.0,21.11111111111111,53.0,7.666666666666667,22.77777777777778,7.666666666666667,12.333333333333334,13.0,6.666666666666667,17.88888888888889,20.666666666666668,57.666666666666664,5.333333333333333,19.88888888888889,9.333333333333334,9.11111111111111,12.555555555555555,6.333333333333333,18.77777777777778,5.888888888888889,0.5,1.0,3,14,-11,2202.14513463129,1576.198037052635,1612.0005275528713,1612.0005275528713
1528,2023,3268,93,3221,61,1,28.0,62.0,7.4,19.8,7.8,17.0,12.2,8.0,16.6,25.2,63.0,9.4,29.2,12.2,17.6,16.2,6.0,18.0,9.0,23.285714285714285,51.42857142857143,4.285714285714286,13.285714285714286,5.857142857142857,14.571428571428571,13.571428571428571,4.714285714285714,16.285714285714285,19.714285714285715,55.0,5.0,14.857142857142858,9.142857142857142,9.0,12.714285714285714,7.714285714285714,17.571428571428573,9.285714285714286,0.5,1.0,2,15,-13,2240.9021698510783,1563.7461033813895,1612.0005275528713,1612.0005275528713
1529,2023,3276,71,3424,59,0,25.4,58.8,6.4,20.6,8.4,15.0,15.4,5.4,12.6,26.2,55.8,7.0,16.4,5.2,15.8,14.8,9.6,18.8,-0.6,27.833333333333332,57.833333333333336,6.666666666666667,18.166666666666668,9.833333333333334,16.166666666666668,12.666666666666666,5.333333333333333,11.5,21.5,60.333333333333336,6.166666666666667,20.0,6.833333333333333,12.333333333333334,11.833333333333334,5.666666666666667,17.166666666666668,19.333333333333332,0.5,1.0,6,11,-5,2067.1856330999426,1828.8094133447128,1612.0005275528713,1612.0005275528713
1530,2023,3279,71,3211,48,0,23.8,58.8,4.6,14.2,7.8,12.0,11.4,7.4,16.4,22.6,55.6,4.4,13.6,6.8,14.2,14.8,5.2,13.8,-1.8,24.4,56.2,7.0,18.0,11.4,13.8,16.2,8.8,18.4,20.6,55.0,5.6,20.6,8.8,13.8,14.4,9.6,14.8,8.8,0.5,0.5,8,9,-1,2019.149352817749,2015.4023055272623,1612.0005275528713,1612.0005275528713
1531,2023,3280,81,3166,66,0,24.75,53.25,6.5,16.25,8.0,14.75,14.5,5.25,19.25,24.25,61.75,6.75,22.75,12.0,11.5,10.5,7.5,17.75,1.75,26.0,57.8,9.0,25.8,7.8,15.4,10.0,7.2,16.4,19.4,53.6,3.2,15.6,7.0,10.2,11.4,5.4,13.8,15.8,0.0,0.6666666666666666,11,6,5,1936.229853262233,2021.9625627391931,1612.0005275528713,1612.0005275528713
1532,2023,3323,82,3381,56,1,24.4,57.0,4.2,12.2,10.4,13.6,14.6,8.0,16.8,21.0,58.6,3.4,16.4,9.4,12.2,13.8,7.6,17.6,9.2,26.125,56.375,5.125,15.75,7.875,15.0,16.125,3.75,16.125,24.5,65.25,6.375,22.875,9.125,12.25,10.625,9.0,21.625,5.375,0.5,1.0,3,14,-11,2166.675995580382,1616.9056496110315,1612.0005275528713,1612.0005275528713
1533,2023,3343,64,3301,63,0,22.4,55.0,3.0,12.2,11.0,10.6,10.0,8.0,12.4,18.2,49.0,4.0,15.8,7.6,8.6,18.2,5.6,17.4,13.6,25.4,59.2,4.2,15.8,7.8,14.6,11.8,6.2,14.0,25.0,58.6,6.0,18.2,8.0,13.2,12.8,5.8,16.0,-0.8,1.0,0.5,10,7,3,1998.4535699262783,2121.840687240764,1612.0005275528713,1612.0005275528713
1534,2023,3355,62,3425,57,0,31.333333333333332,58.833333333333336,9.0,20.0,9.166666666666666,19.833333333333332,11.0,8.333333333333334,12.666666666666666,20.333333333333332,54.666666666666664,6.666666666666667,18.166666666666668,5.666666666666667,10.333333333333334,15.333333333333334,5.833333333333333,22.5,31.5,19.25,60.5,5.25,19.75,10.75,10.5,14.0,6.75,17.75,21.25,58.75,6.25,16.25,9.5,13.5,14.75,7.5,17.25,-1.0,1.0,0.0,9,8,1,1950.1965712028264,1931.850320941515,1612.0005275528713,1612.0005275528713
1535,2023,3376,72,3313,40,1,28.833333333333332,63.166666666666664,3.5,11.333333333333334,13.333333333333334,18.833333333333332,11.5,4.166666666666667,13.666666666666666,21.833333333333332,62.666666666666664,4.333333333333333,15.0,6.5,10.166666666666666,9.5,5.0,18.333333333333332,17.0,23.5,58.75,3.875,15.875,12.5,12.625,15.0,12.75,19.0,15.5,49.625,5.875,22.375,10.875,8.25,22.125,6.75,18.0,16.625,1.0,0.8,1,16,-15,2500.626562461186,1452.1781077362405,1612.0005275528713,1612.0005275528713
1536,2023,3378,67,3266,65,0,24.75,57.75,8.75,22.25,9.0,17.5,12.25,4.75,13.75,23.75,56.5,8.0,21.0,5.25,14.0,12.0,6.25,18.0,9.0,24.0,57.0,4.333333333333333,14.666666666666666,9.166666666666666,18.0,14.333333333333334,5.5,12.5,22.666666666666668,57.333333333333336,4.333333333333333,13.833333333333334,7.0,12.666666666666666,13.0,8.666666666666666,13.666666666666666,3.8333333333333335,0.5,0.6666666666666666,8,9,-1,1996.3562091370177,1978.5801360799348,1612.0005275528713,1612.0005275528713
1537,2023,3390,92,3357,49,1,25.6,60.0,5.8,16.0,12.6,15.8,14.2,4.8,20.4,21.2,62.4,7.8,24.4,11.0,13.0,8.4,8.8,22.0,3.4,23.142857142857142,63.0,5.142857142857143,18.857142857142858,13.857142857142858,10.142857142857142,13.0,7.857142857142857,19.142857142857142,19.285714285714285,56.57142857142857,5.285714285714286,21.285714285714285,8.428571428571429,11.428571428571429,15.857142857142858,5.285714285714286,18.714285714285715,6.714285714285714,0.5,1.0,1,16,-15,2317.3881805247424,1286.5592338998592,1612.0005275528713,1612.0005275528713
1538,2023,3428,103,3205,77,1,26.25,57.5,7.75,22.0,8.25,17.25,12.5,6.5,17.5,26.5,62.5,8.25,20.75,10.25,17.75,13.5,6.25,23.0,7.0,29.166666666666668,61.666666666666664,7.333333333333333,18.333333333333332,10.833333333333334,9.5,14.0,8.166666666666666,20.166666666666668,23.166666666666668,56.666666666666664,5.5,19.166666666666668,8.0,11.333333333333334,18.833333333333332,4.166666666666667,21.166666666666668,18.333333333333332,0.0,1.0,2,15,-13,2093.755147420548,1550.0620024436987,1612.0005275528713,1612.0005275528713
1539,2023,3439,58,3151,33,1,25.5,55.333333333333336,6.666666666666667,21.0,7.166666666666667,14.5,12.666666666666666,4.5,13.833333333333334,20.5,60.333333333333336,4.166666666666667,14.666666666666666,8.333333333333334,8.666666666666666,9.166666666666666,5.666666666666667,16.166666666666668,13.833333333333334,21.166666666666668,49.666666666666664,6.833333333333333,19.333333333333332,6.333333333333333,10.833333333333334,12.333333333333334,5.0,13.0,19.333333333333332,49.833333333333336,4.333333333333333,12.166666666666666,6.333333333333333,7.0,13.166666666666666,5.5,14.333333333333334,7.833333333333333,1.0,1.0,1,16,-15,2214.9893150460275,1394.1494870432125,1612.0005275528713,1612.0005275528713
1540,2023,3124,78,3104,74,0,25.0,64.0,5.166666666666667,18.333333333333332,8.833333333333334,15.166666666666666,13.333333333333334,8.333333333333334,17.666666666666668,22.833333333333332,57.833333333333336,7.0,22.0,9.0,13.666666666666666,15.833333333333334,4.5,17.666666666666668,0.5,21.25,56.25,8.75,22.75,8.75,11.0,16.75,8.75,15.0,24.5,53.0,5.25,12.75,8.0,14.0,14.25,8.5,13.5,-8.5,0.3333333333333333,0.0,7,10,-3,2090.069003233716,1892.7354409044303,1612.0005275528713,1612.0005275528713
1541,2023,3160,82,3292,60,0,22.4,59.0,3.8,16.2,8.0,12.4,11.0,10.4,18.2,23.6,56.4,5.8,16.4,7.4,13.4,16.4,6.8,17.6,-1.6,25.857142857142858,56.0,8.0,24.285714285714285,10.285714285714286,12.714285714285714,13.285714285714286,5.857142857142857,18.571428571428573,19.714285714285715,55.0,3.5714285714285716,18.0,8.428571428571429,9.571428571428571,13.857142857142858,7.142857142857143,19.714285714285715,17.285714285714285,0.5,1.0,6,11,-5,2048.778038621318,1847.8992030022555,1612.0005275528713,1612.0005275528713
1542,2023,3163,95,3436,52,1,25.428571428571427,59.857142857142854,5.428571428571429,19.0,10.285714285714286,16.142857142857142,15.142857142857142,6.142857142857143,14.714285714285714,20.571428571428573,62.857142857142854,6.0,23.428571428571427,8.142857142857142,11.571428571428571,12.285714285714286,7.285714285714286,17.571428571428573,12.285714285714286,24.5,55.666666666666664,5.5,16.0,10.5,15.333333333333334,11.666666666666666,5.166666666666667,13.5,20.5,53.333333333333336,3.3333333333333335,13.5,6.5,6.666666666666667,11.833333333333334,7.0,14.666666666666666,11.5,1.0,1.0,2,15,-13,2368.571823201774,1514.7375693125553,1612.0005275528713,1612.0005275528713
1543,2023,3181,89,3233,49,1,19.8,55.4,5.0,17.6,9.6,10.8,16.2,7.4,15.0,18.8,51.6,4.8,15.0,6.6,9.8,15.2,9.6,14.0,-0.4,23.375,54.875,7.875,22.25,7.625,15.75,16.0,7.375,12.125,19.625,56.375,4.75,16.625,10.875,10.375,16.625,10.125,13.125,7.125,0.5,0.8,3,14,-11,2074.2318404051334,1490.0959213551728,1612.0005275528713,1612.0005275528713
1544,2023,3195,74,3450,63,0,26.714285714285715,56.714285714285715,10.714285714285714,29.428571428571427,5.857142857142857,17.285714285714285,10.142857142857142,9.714285714285714,14.428571428571429,20.0,54.714285714285715,2.4285714285714284,9.714285714285714,8.142857142857142,7.428571428571429,16.571428571428573,5.285714285714286,15.285714285714286,24.285714285714285,23.428571428571427,54.285714285714285,6.0,18.0,7.857142857142857,14.142857142857142,13.285714285714286,6.285714285714286,14.571428571428571,20.714285714285715,58.714285714285715,4.285714285714286,17.571428571428573,9.714285714285714,9.428571428571429,11.571428571428571,6.857142857142857,14.857142857142858,7.142857142857143,1.0,1.0,12,5,7,1997.336492869009,2025.971518218627,1612.0005275528713,1612.0005275528713
1545,2023,3231,77,3399,47,1,28.25,59.0,9.25,22.75,6.0,18.25,13.25,4.0,20.0,26.0,62.75,8.0,25.25,7.5,13.0,10.25,7.5,20.5,6.75,24.5,53.666666666666664,6.333333333333333,17.833333333333332,9.0,13.833333333333334,13.166666666666666,8.0,16.5,22.0,54.666666666666664,4.5,17.5,9.5,12.0,14.833333333333334,6.166666666666667,18.5,10.666666666666666,0.5,1.0,1,16,-15,2199.0688684764,1543.2287320781925,1612.0005275528713,1612.0005275528713
1546,2023,3257,83,3179,81,0,25.0,63.666666666666664,5.0,17.0,14.166666666666666,14.0,11.333333333333334,7.0,16.0,20.333333333333332,53.0,5.0,17.333333333333332,8.833333333333334,11.166666666666666,16.166666666666668,5.333333333333333,16.833333333333332,10.833333333333334,29.625,57.25,8.75,21.125,7.625,21.5,14.875,5.75,12.625,26.0,64.5,6.625,19.125,8.625,12.25,10.75,6.375,17.5,15.0,0.6666666666666666,1.0,5,12,-7,2173.906621511321,1774.303485486816,1612.0005275528713,1612.0005275528713
1547,2023,3274,62,3329,61,0,26.2,60.4,4.8,14.8,10.0,15.6,14.6,6.0,14.4,28.2,63.6,6.6,19.8,9.8,15.2,12.0,5.8,12.4,-4.6,24.714285714285715,59.42857142857143,7.571428571428571,21.714285714285715,6.714285714285714,11.857142857142858,15.0,6.857142857142857,15.428571428571429,25.857142857142858,62.857142857142854,6.0,17.571428571428573,9.142857142857142,11.0,14.285714285714286,7.0,17.142857142857142,-1.5714285714285714,0.5,0.25,9,8,1,2018.3149810950356,1922.1536214947664,1612.0005275528713,1612.0005275528713
1548,2023,3314,61,3385,59,0,22.2,57.2,5.2,16.6,9.0,11.2,14.0,9.4,16.6,19.2,51.0,5.4,19.8,7.8,11.6,19.4,6.4,17.6,4.2,20.0,53.8,6.0,15.4,6.8,9.8,10.4,5.2,13.2,21.8,56.4,3.8,13.4,8.8,12.0,9.6,4.4,12.4,-3.4,0.5,0.5,6,11,-5,2043.7693174189112,1822.5065061423163,1612.0005275528713,1612.0005275528713
1549,2023,3326,80,3241,66,1,27.6,64.8,8.0,22.0,8.8,16.6,13.0,10.6,21.4,27.4,59.4,7.0,18.8,7.4,15.6,15.0,4.6,16.4,-3.2,24.0,60.0,7.333333333333333,18.333333333333332,10.5,10.666666666666666,11.5,5.5,15.833333333333334,21.666666666666668,57.333333333333336,6.166666666666667,19.166666666666668,6.5,9.666666666666666,11.666666666666666,5.666666666666667,17.333333333333332,10.5,0.6666666666666666,1.0,3,14,-11,2167.5468271065183,1675.0047566487524,1612.0005275528713,1612.0005275528713
1550,2023,3328,85,3339,63,0,26.5,62.5,8.666666666666666,23.166666666666668,9.5,18.5,18.166666666666668,8.166666666666666,20.833333333333332,28.0,63.166666666666664,7.666666666666667,23.5,7.833333333333333,14.333333333333334,13.666666666666666,10.166666666666666,18.333333333333332,-2.0,23.4,57.4,5.0,19.6,8.0,16.8,14.4,10.4,17.4,21.6,55.0,5.0,14.4,11.0,13.0,18.8,9.2,18.2,2.8,0.75,1.0,5,12,-7,2081.972862766639,1771.8724442642242,1612.0005275528713,1612.0005275528713
1551,2023,3397,95,3387,50,1,26.166666666666668,58.0,3.8333333333333335,11.333333333333334,9.166666666666666,16.333333333333332,16.666666666666668,4.833333333333333,17.5,26.833333333333332,65.16666666666667,5.0,14.833333333333334,10.5,13.833333333333334,13.0,8.333333333333334,19.833333333333332,1.5,26.666666666666668,61.833333333333336,5.0,15.333333333333334,10.833333333333334,15.0,14.333333333333334,9.0,14.5,23.333333333333332,62.5,6.0,22.333333333333332,10.666666666666666,13.0,14.166666666666666,8.666666666666666,17.0,9.166666666666666,0.6666666666666666,1.0,4,13,-9,2106.057990681627,1648.554387021438,1612.0005275528713,1612.0005275528713
1552,2023,3400,79,3187,40,1,23.857142857142858,60.285714285714285,4.0,10.571428571428571,14.142857142857142,14.857142857142858,13.285714285714286,7.571428571428571,16.285714285714285,18.285714285714285,52.857142857142854,5.428571428571429,16.714285714285715,8.285714285714286,8.857142857142858,16.0,7.428571428571429,18.428571428571427,11.714285714285714,24.0,63.833333333333336,2.3333333333333335,11.666666666666666,13.333333333333334,13.833333333333334,18.333333333333332,13.0,17.833333333333332,22.333333333333332,61.0,4.0,17.333333333333332,12.166666666666666,14.666666666666666,20.5,12.5,21.5,4.166666666666667,0.6,1.0,4,13,-9,2145.635066183177,1697.678993890124,1612.0005275528713,1612.0005275528713
1553,2023,3405,80,3235,73,0,25.375,55.375,6.5,18.875,7.875,13.625,12.125,6.375,13.25,23.125,59.125,8.875,22.5,6.25,11.25,11.5,5.75,16.625,7.75,26.75,62.875,9.625,25.875,9.0,12.375,12.5,5.875,17.625,24.75,64.625,5.875,18.75,9.0,14.625,11.5,6.0,18.25,9.625,1.0,0.8,12,5,7,1936.3380126756413,2096.4046944811207,1612.0005275528713,1612.0005275528713
1554,2023,3417,67,3170,45,1,23.285714285714285,61.57142857142857,6.0,20.428571428571427,12.428571428571429,12.714285714285714,9.857142857142858,8.142857142857142,18.142857142857142,21.714285714285715,52.857142857142854,5.142857142857143,14.285714285714286,8.428571428571429,11.0,13.142857142857142,5.0,16.0,3.0,26.142857142857142,53.0,11.285714285714286,25.571428571428573,6.428571428571429,13.285714285714286,11.285714285714286,4.857142857142857,15.0,21.142857142857142,57.857142857142854,6.428571428571429,20.0,7.428571428571429,9.428571428571429,9.571428571428571,6.428571428571429,14.714285714285714,14.428571428571429,0.75,1.0,4,13,-9,2084.726269315812,1568.3370627685088,1612.0005275528713,1612.0005275528713
1555,2023,3437,76,3156,59,1,24.428571428571427,62.142857142857146,6.0,22.714285714285715,8.428571428571429,15.142857142857142,8.857142857142858,7.0,15.571428571428571,23.571428571428573,59.142857142857146,4.428571428571429,14.714285714285714,11.428571428571429,12.285714285714286,14.0,4.0,14.285714285714286,4.285714285714286,22.5,56.333333333333336,7.333333333333333,17.5,8.166666666666666,11.666666666666666,14.333333333333334,8.666666666666666,15.166666666666666,21.833333333333332,59.833333333333336,6.666666666666667,26.166666666666668,7.5,14.666666666666666,14.166666666666666,6.833333333333333,16.5,9.666666666666666,0.75,1.0,4,13,-9,2109.871718475504,1726.388699950957,1612.0005275528713,1612.0005275528713
1556,2023,3234,74,3208,66,1,29.5,60.5,10.5,27.666666666666668,7.0,20.166666666666668,14.333333333333334,6.333333333333333,14.666666666666666,26.833333333333332,65.33333333333333,9.0,27.666666666666668,10.166666666666666,16.5,12.0,9.166666666666666,16.333333333333332,7.0,24.6,56.4,2.8,8.8,6.6,16.0,15.2,7.8,17.6,22.2,57.0,5.4,21.0,8.2,15.8,15.8,7.2,16.2,4.6,1.0,0.5,2,10,-8,2262.3463781545165,2004.3600365559612,1612.0005275528713,1612.0005275528713
1557,2023,3261,66,3276,42,1,30.6,64.2,6.6,18.2,12.8,16.0,14.4,7.0,16.8,24.0,58.0,6.2,18.2,7.6,13.8,14.4,7.8,16.2,12.0,25.4,58.8,6.4,20.6,8.4,15.0,15.4,5.4,12.6,26.2,55.8,7.0,16.4,5.2,15.8,14.8,9.6,18.8,-0.6,0.5,0.5,3,6,-3,2202.14513463129,2067.1856330999426,1612.0005275528713,1612.0005275528713
1558,2023,3268,77,3112,64,1,28.0,62.0,7.4,19.8,7.8,17.0,12.2,8.0,16.6,25.2,63.0,9.4,29.2,12.2,17.6,16.2,6.0,18.0,9.0,22.5,62.0,5.5,19.75,8.25,10.5,10.25,8.75,20.5,22.5,55.0,5.5,18.25,9.5,14.5,15.75,6.5,17.25,-4.25,0.5,0.0,2,7,-5,2240.9021698510783,2053.5809612877106,1612.0005275528713,1612.0005275528713
1559,2023,3279,54,3390,49,-1,23.8,58.8,4.6,14.2,7.8,12.0,11.4,7.4,16.4,22.6,55.6,4.4,13.6,6.8,14.2,14.8,5.2,13.8,-1.8,25.6,60.0,5.8,16.0,12.6,15.8,14.2,4.8,20.4,21.2,62.4,7.8,24.4,11.0,13.0,8.4,8.8,22.0,3.4,0.5,0.5,8,1,7,2019.149352817749,2317.3881805247424,1612.0005275528713,1612.0005275528713
1560,2023,3323,53,3280,48,1,24.4,57.0,4.2,12.2,10.4,13.6,14.6,8.0,16.8,21.0,58.6,3.4,16.4,9.4,12.2,13.8,7.6,17.6,9.2,24.75,53.25,6.5,16.25,8.0,14.75,14.5,5.25,19.25,24.25,61.75,6.75,22.75,12.0,11.5,10.5,7.5,17.75,1.75,0.5,0.0,3,11,-8,2166.675995580382,1936.229853262233,1612.0005275528713,1612.0005275528713
1561,2023,3376,76,3378,45,1,28.833333333333332,63.166666666666664,3.5,11.333333333333334,13.333333333333334,18.833333333333332,11.5,4.166666666666667,13.666666666666666,21.833333333333332,62.666666666666664,4.333333333333333,15.0,6.5,10.166666666666666,9.5,5.0,18.333333333333332,17.0,24.75,57.75,8.75,22.25,9.0,17.5,12.25,4.75,13.75,23.75,56.5,8.0,21.0,5.25,14.0,12.0,6.25,18.0,9.0,1.0,0.5,1,8,-7,2500.626562461186,1996.3562091370177,1612.0005275528713,1612.0005275528713
1562,2023,3428,63,3343,56,1,26.25,57.5,7.75,22.0,8.25,17.25,12.5,6.5,17.5,26.5,62.5,8.25,20.75,10.25,17.75,13.5,6.25,23.0,7.0,22.4,55.0,3.0,12.2,11.0,10.6,10.0,8.0,12.4,18.2,49.0,4.0,15.8,7.6,8.6,18.2,5.6,17.4,13.6,0.0,1.0,2,10,-8,2093.755147420548,1998.4535699262783,1612.0005275528713,1612.0005275528713
1563,2023,3439,72,3355,60,1,25.5,55.333333333333336,6.666666666666667,21.0,7.166666666666667,14.5,12.666666666666666,4.5,13.833333333333334,20.5,60.333333333333336,4.166666666666667,14.666666666666666,8.333333333333334,8.666666666666666,9.166666666666666,5.666666666666667,16.166666666666668,13.833333333333334,31.333333333333332,58.833333333333336,9.0,20.0,9.166666666666666,19.833333333333332,11.0,8.333333333333334,12.666666666666666,20.333333333333332,54.666666666666664,6.666666666666667,18.166666666666668,5.666666666666667,10.333333333333334,15.333333333333334,5.833333333333333,22.5,31.5,1.0,1.0,1,9,-8,2214.9893150460275,1950.1965712028264,1612.0005275528713,1612.0005275528713
1564,2023,3160,61,3181,53,-1,22.4,59.0,3.8,16.2,8.0,12.4,11.0,10.4,18.2,23.6,56.4,5.8,16.4,7.4,13.4,16.4,6.8,17.6,-1.6,19.8,55.4,5.0,17.6,9.6,10.8,16.2,7.4,15.0,18.8,51.6,4.8,15.0,6.6,9.8,15.2,9.6,14.0,-0.4,0.5,0.5,6,3,3,2048.778038621318,2074.2318404051334,1612.0005275528713,1612.0005275528713
1565,2023,3163,77,3124,58,1,25.428571428571427,59.857142857142854,5.428571428571429,19.0,10.285714285714286,16.142857142857142,15.142857142857142,6.142857142857143,14.714285714285714,20.571428571428573,62.857142857142854,6.0,23.428571428571427,8.142857142857142,11.571428571428571,12.285714285714286,7.285714285714286,17.571428571428573,12.285714285714286,25.0,64.0,5.166666666666667,18.333333333333332,8.833333333333334,15.166666666666666,13.333333333333334,8.333333333333334,17.666666666666668,22.833333333333332,57.833333333333336,7.0,22.0,9.0,13.666666666666666,15.833333333333334,4.5,17.666666666666668,0.5,1.0,0.3333333333333333,2,7,-5,2368.571823201774,2090.069003233716,1612.0005275528713,1612.0005275528713
1566,2023,3257,73,3400,51,-1,25.0,63.666666666666664,5.0,17.0,14.166666666666666,14.0,11.333333333333334,7.0,16.0,20.333333333333332,53.0,5.0,17.333333333333332,8.833333333333334,11.166666666666666,16.166666666666668,5.333333333333333,16.833333333333332,10.833333333333334,23.857142857142858,60.285714285714285,4.0,10.571428571428571,14.142857142857142,14.857142857142858,13.285714285714286,7.571428571428571,16.285714285714285,18.285714285714285,52.857142857142854,5.428571428571429,16.714285714285715,8.285714285714286,8.857142857142858,16.0,7.428571428571429,18.428571428571427,11.714285714285714,0.6666666666666666,0.6,5,4,1,2173.906621511321,2145.635066183177,1612.0005275528713,1612.0005275528713
1567,2023,3274,70,3231,68,-1,26.2,60.4,4.8,14.8,10.0,15.6,14.6,6.0,14.4,28.2,63.6,6.6,19.8,9.8,15.2,12.0,5.8,12.4,-4.6,28.25,59.0,9.25,22.75,6.0,18.25,13.25,4.0,20.0,26.0,62.75,8.0,25.25,7.5,13.0,10.25,7.5,20.5,6.75,0.5,0.5,9,1,8,2018.3149810950356,2199.0688684764,1612.0005275528713,1612.0005275528713
1568,2023,3326,71,3314,69,1,27.6,64.8,8.0,22.0,8.8,16.6,13.0,10.6,21.4,27.4,59.4,7.0,18.8,7.4,15.6,15.0,4.6,16.4,-3.2,22.2,57.2,5.2,16.6,9.0,11.2,14.0,9.4,16.6,19.2,51.0,5.4,19.8,7.8,11.6,19.4,6.4,17.6,4.2,0.6666666666666666,0.5,3,6,-3,2167.5468271065183,2043.7693174189112,1612.0005275528713,1612.0005275528713
1569,2023,3397,94,3405,47,1,26.166666666666668,58.0,3.8333333333333335,11.333333333333334,9.166666666666666,16.333333333333332,16.666666666666668,4.833333333333333,17.5,26.833333333333332,65.16666666666667,5.0,14.833333333333334,10.5,13.833333333333334,13.0,8.333333333333334,19.833333333333332,1.5,25.375,55.375,6.5,18.875,7.875,13.625,12.125,6.375,13.25,23.125,59.125,8.875,22.5,6.25,11.25,11.5,5.75,16.625,7.75,0.6666666666666666,1.0,4,12,-8,2106.057990681627,1936.3380126756413,1612.0005275528713,1612.0005275528713
1570,2023,3417,82,3328,73,1,23.285714285714285,61.57142857142857,6.0,20.428571428571427,12.428571428571429,12.714285714285714,9.857142857142858,8.142857142857142,18.142857142857142,21.714285714285715,52.857142857142854,5.142857142857143,14.285714285714286,8.428571428571429,11.0,13.142857142857142,5.0,16.0,3.0,26.5,62.5,8.666666666666666,23.166666666666668,9.5,18.5,18.166666666666668,8.166666666666666,20.833333333333332,28.0,63.166666666666664,7.666666666666667,23.5,7.833333333333333,14.333333333333334,13.666666666666666,10.166666666666666,18.333333333333332,-2.0,0.75,0.75,4,5,-1,2084.726269315812,2081.972862766639,1612.0005275528713,1612.0005275528713
1571,2023,3437,76,3195,57,1,24.428571428571427,62.142857142857146,6.0,22.714285714285715,8.428571428571429,15.142857142857142,8.857142857142858,7.0,15.571428571428571,23.571428571428573,59.142857142857146,4.428571428571429,14.714285714285714,11.428571428571429,12.285714285714286,14.0,4.0,14.285714285714286,4.285714285714286,26.714285714285715,56.714285714285715,10.714285714285714,29.428571428571427,5.857142857142857,17.285714285714285,10.142857142857142,9.714285714285714,14.428571428571429,20.0,54.714285714285715,2.4285714285714284,9.714285714285714,8.142857142857142,7.428571428571429,16.571428571428573,5.285714285714286,15.285714285714286,24.285714285714285,0.75,1.0,4,12,-8,2109.871718475504,1997.336492869009,1612.0005275528713,1612.0005275528713
1572,2023,3234,87,3160,77,0,29.5,60.5,10.5,27.666666666666668,7.0,20.166666666666668,14.333333333333334,6.333333333333333,14.666666666666666,26.833333333333332,65.33333333333333,9.0,27.666666666666668,10.166666666666666,16.5,12.0,9.166666666666666,16.333333333333332,7.0,22.4,59.0,3.8,16.2,8.0,12.4,11.0,10.4,18.2,23.6,56.4,5.8,16.4,7.4,13.4,16.4,6.8,17.6,-1.6,1.0,0.5,2,6,-4,2262.3463781545165,2048.778038621318,1612.0005275528713,1612.0005275528713
1573,2023,3257,72,3279,62,0,25.0,63.666666666666664,5.0,17.0,14.166666666666666,14.0,11.333333333333334,7.0,16.0,20.333333333333332,53.0,5.0,17.333333333333332,8.833333333333334,11.166666666666666,16.166666666666668,5.333333333333333,16.833333333333332,10.833333333333334,23.8,58.8,4.6,14.2,7.8,12.0,11.4,7.4,16.4,22.6,55.6,4.4,13.6,6.8,14.2,14.8,5.2,13.8,-1.8,0.6666666666666666,0.5,5,8,-3,2173.906621511321,2019.149352817749,1612.0005275528713,1612.0005275528713
1574,2023,3261,66,3428,63,0,30.6,64.2,6.6,18.2,12.8,16.0,14.4,7.0,16.8,24.0,58.0,6.2,18.2,7.6,13.8,14.4,7.8,16.2,12.0,26.25,57.5,7.75,22.0,8.25,17.25,12.5,6.5,17.5,26.5,62.5,8.25,20.75,10.25,17.75,13.5,6.25,23.0,7.0,0.5,0.0,3,2,1,2202.14513463129,2093.755147420548,1612.0005275528713,1612.0005275528713
1575,2023,3274,70,3437,65,0,26.2,60.4,4.8,14.8,10.0,15.6,14.6,6.0,14.4,28.2,63.6,6.6,19.8,9.8,15.2,12.0,5.8,12.4,-4.6,24.428571428571427,62.142857142857146,6.0,22.714285714285715,8.428571428571429,15.142857142857142,8.857142857142858,7.0,15.571428571428571,23.571428571428573,59.142857142857146,4.428571428571429,14.714285714285714,11.428571428571429,12.285714285714286,14.0,4.0,14.285714285714286,4.285714285714286,0.5,0.75,9,4,5,2018.3149810950356,2109.871718475504,1612.0005275528713,1612.0005275528713
1576,2023,3268,76,3323,59,0,28.0,62.0,7.4,19.8,7.8,17.0,12.2,8.0,16.6,25.2,63.0,9.4,29.2,12.2,17.6,16.2,6.0,18.0,9.0,24.4,57.0,4.2,12.2,10.4,13.6,14.6,8.0,16.8,21.0,58.6,3.4,16.4,9.4,12.2,13.8,7.6,17.6,9.2,0.5,0.5,2,3,-1,2240.9021698510783,2166.675995580382,1612.0005275528713,1612.0005275528713
1577,2023,3326,73,3163,61,0,27.6,64.8,8.0,22.0,8.8,16.6,13.0,10.6,21.4,27.4,59.4,7.0,18.8,7.4,15.6,15.0,4.6,16.4,-3.2,25.428571428571427,59.857142857142854,5.428571428571429,19.0,10.285714285714286,16.142857142857142,15.142857142857142,6.142857142857143,14.714285714285714,20.571428571428573,62.857142857142854,6.0,23.428571428571427,8.142857142857142,11.571428571428571,12.285714285714286,7.285714285714286,17.571428571428573,12.285714285714286,0.6666666666666666,1.0,3,2,1,2167.5468271065183,2368.571823201774,1612.0005275528713,1612.0005275528713
1578,2023,3376,59,3417,43,1,28.833333333333332,63.166666666666664,3.5,11.333333333333334,13.333333333333334,18.833333333333332,11.5,4.166666666666667,13.666666666666666,21.833333333333332,62.666666666666664,4.333333333333333,15.0,6.5,10.166666666666666,9.5,5.0,18.333333333333332,17.0,23.285714285714285,61.57142857142857,6.0,20.428571428571427,12.428571428571429,12.714285714285714,9.857142857142858,8.142857142857142,18.142857142857142,21.714285714285715,52.857142857142854,5.142857142857143,14.285714285714286,8.428571428571429,11.0,13.142857142857142,5.0,16.0,3.0,1.0,0.75,1,4,-3,2500.626562461186,2084.726269315812,1612.0005275528713,1612.0005275528713
1579,2023,3439,73,3397,64,0,25.5,55.333333333333336,6.666666666666667,21.0,7.166666666666667,14.5,12.666666666666666,4.5,13.833333333333334,20.5,60.333333333333336,4.166666666666667,14.666666666666666,8.333333333333334,8.666666666666666,9.166666666666666,5.666666666666667,16.166666666666668,13.833333333333334,26.166666666666668,58.0,3.8333333333333335,11.333333333333334,9.166666666666666,16.333333333333332,16.666666666666668,4.833333333333333,17.5,26.833333333333332,65.16666666666667,5.0,14.833333333333334,10.5,13.833333333333334,13.0,8.333333333333334,19.833333333333332,1.5,1.0,0.6666666666666666,1,4,-3,2214.9893150460275,2106.057990681627,1612.0005275528713,1612.0005275528713
1580,2023,3234,97,3257,83,0,29.5,60.5,10.5,27.666666666666668,7.0,20.166666666666668,14.333333333333334,6.333333333333333,14.666666666666666,26.833333333333332,65.33333333333333,9.0,27.666666666666668,10.166666666666666,16.5,12.0,9.166666666666666,16.333333333333332,7.0,25.0,63.666666666666664,5.0,17.0,14.166666666666666,14.0,11.333333333333334,7.0,16.0,20.333333333333332,53.0,5.0,17.333333333333332,8.833333333333334,11.166666666666666,16.166666666666668,5.333333333333333,16.833333333333332,10.833333333333334,1.0,0.6666666666666666,2,5,-3,2262.3463781545165,2173.906621511321,1612.0005275528713,1612.0005275528713
1581,2023,3261,54,3274,42,0,30.6,64.2,6.6,18.2,12.8,16.0,14.4,7.0,16.8,24.0,58.0,6.2,18.2,7.6,13.8,14.4,7.8,16.2,12.0,26.2,60.4,4.8,14.8,10.0,15.6,14.6,6.0,14.4,28.2,63.6,6.6,19.8,9.8,15.2,12.0,5.8,12.4,-4.6,0.5,0.5,3,9,-6,2202.14513463129,2018.3149810950356,1612.0005275528713,1612.0005275528713
1582,2023,3376,86,3268,75,1,28.833333333333332,63.166666666666664,3.5,11.333333333333334,13.333333333333334,18.833333333333332,11.5,4.166666666666667,13.666666666666666,21.833333333333332,62.666666666666664,4.333333333333333,15.0,6.5,10.166666666666666,9.5,5.0,18.333333333333332,17.0,28.0,62.0,7.4,19.8,7.8,17.0,12.2,8.0,16.6,25.2,63.0,9.4,29.2,12.2,17.6,16.2,6.0,18.0,9.0,1.0,0.5,1,2,-1,2500.626562461186,2240.9021698510783,1612.0005275528713,1612.0005275528713
1583,2023,3439,84,3326,74,0,25.5,55.333333333333336,6.666666666666667,21.0,7.166666666666667,14.5,12.666666666666666,4.5,13.833333333333334,20.5,60.333333333333336,4.166666666666667,14.666666666666666,8.333333333333334,8.666666666666666,9.166666666666666,5.666666666666667,16.166666666666668,13.833333333333334,27.6,64.8,8.0,22.0,8.8,16.6,13.0,10.6,21.4,27.4,59.4,7.0,18.8,7.4,15.6,15.0,4.6,16.4,-3.2,1.0,0.6666666666666666,1,3,-2,2214.9893150460275,2167.5468271065183,1612.0005275528713,1612.0005275528713
1584,2023,3234,77,3376,73,0,29.5,60.5,10.5,27.666666666666668,7.0,20.166666666666668,14.333333333333334,6.333333333333333,14.666666666666666,26.833333333333332,65.33333333333333,9.0,27.666666666666668,10.166666666666666,16.5,12.0,9.166666666666666,16.333333333333332,7.0,28.833333333333332,63.166666666666664,3.5,11.333333333333334,13.333333333333334,18.833333333333332,11.5,4.166666666666667,13.666666666666666,21.833333333333332,62.666666666666664,4.333333333333333,15.0,6.5,10.166666666666666,9.5,5.0,18.333333333333332,17.0,1.0,1.0,2,1,1,2262.3463781545165,2500.626562461186,1612.0005275528713,1612.0005275528713
1585,2023,3261,79,3439,72,0,30.6,64.2,6.6,18.2,12.8,16.0,14.4,7.0,16.8,24.0,58.0,6.2,18.2,7.6,13.8,14.4,7.8,16.2,12.0,25.5,55.333333333333336,6.666666666666667,21.0,7.166666666666667,14.5,12.666666666666666,4.5,13.833333333333334,20.5,60.333333333333336,4.166666666666667,14.666666666666666,8.333333333333334,8.666666666666666,9.166666666666666,5.666666666666667,16.166666666666668,13.833333333333334,0.5,1.0,3,1,2,2202.14513463129,2214.9893150460275,1612.0005275528713,1612.0005275528713
1586,2023,3261,102,3234,85,0,30.6,64.2,6.6,18.2,12.8,16.0,14.4,7.0,16.8,24.0,58.0,6.2,18.2,7.6,13.8,14.4,7.8,16.2,12.0,29.5,60.5,10.5,27.666666666666668,7.0,20.166666666666668,14.333333333333334,6.333333333333333,14.666666666666666,26.833333333333332,65.33333333333333,9.0,27.666666666666668,10.166666666666666,16.5,12.0,9.166666666666666,16.333333333333332,7.0,0.5,1.0,3,2,1,2202.14513463129,2262.3463781545165,1612.0005275528713,1612.0005275528713
1587,2023,3228,56,3280,70,0,29.2,62.6,7.0,19.2,10.0,15.4,9.8,4.8,16.2,24.4,57.8,4.4,16.4,9.4,12.2,11.4,4.4,12.8,4.6,24.75,53.25,6.5,16.25,8.0,14.75,14.5,5.25,19.25,24.25,61.75,6.75,22.75,12.0,11.5,10.5,7.5,17.75,1.75,0.5,0.0,11,11,0,1785.6126872726577,1936.229853262233,1612.0005275528713,1612.0005275528713
1588,2023,3380,47,3357,57,0,23.5,55.625,5.375,14.0,9.25,11.75,11.5,6.125,19.0,17.875,52.375,4.0,15.125,10.375,10.25,13.25,5.125,14.625,9.625,23.142857142857142,63.0,5.142857142857143,18.857142857142858,13.857142857142858,10.142857142857142,13.0,7.857142857142857,19.142857142857142,19.285714285714285,56.57142857142857,5.285714285714286,21.285714285714285,8.428571428571429,11.428571428571429,15.857142857142858,5.285714285714286,18.714285714285715,6.714285714285714,0.8333333333333334,1.0,16,16,0,1324.8237818435466,1286.5592338998592,1612.0005275528713,1612.0005275528713
1589,2023,3345,64,3385,66,0,24.6,59.2,6.2,22.2,8.4,13.4,14.2,8.2,16.4,25.0,56.6,9.0,24.4,7.0,16.6,16.0,5.6,16.4,-3.2,20.0,53.8,6.0,15.4,6.8,9.8,10.4,5.2,13.2,21.8,56.4,3.8,13.4,8.8,12.0,9.6,4.4,12.4,-3.4,0.5,0.5,11,11,0,1866.908628772936,1822.5065061423163,1612.0005275528713,1612.0005275528713
1590,2023,3284,69,3399,79,0,23.75,52.625,9.25,22.875,10.25,14.75,17.125,6.375,14.0,24.25,58.875,5.0,16.5,8.375,12.0,11.875,8.75,16.125,6.125,24.5,53.666666666666664,6.333333333333333,17.833333333333332,9.0,13.833333333333334,13.166666666666666,8.0,16.5,22.0,54.666666666666664,4.5,17.5,9.5,12.0,14.833333333333334,6.166666666666667,18.5,10.666666666666666,0.8333333333333334,1.0,16,16,0,1403.479864680406,1543.2287320781925,1612.0005275528713,1612.0005275528713
1591,2023,3452,62,3112,75,0,22.0,60.5,6.666666666666667,23.0,8.5,9.833333333333334,13.833333333333334,9.166666666666666,17.5,23.666666666666668,57.333333333333336,5.666666666666667,20.5,8.5,11.833333333333334,18.0,7.0,17.166666666666668,-0.6666666666666666,22.5,62.0,5.5,19.75,8.25,10.5,10.25,8.75,20.5,22.5,55.0,5.5,18.25,9.5,14.5,15.75,6.5,17.25,-4.25,0.6666666666666666,0.0,10,7,3,1948.317773133951,2053.5809612877106,1612.0005275528713,1612.0005275528713
1592,2023,3199,54,3208,66,0,22.0,60.75,5.0,18.25,7.5,9.5,10.75,6.5,16.0,24.75,59.25,6.25,19.25,6.75,13.5,13.5,5.5,19.0,-2.25,24.6,56.4,2.8,8.8,6.6,16.0,15.2,7.8,17.6,22.2,57.0,5.4,21.0,8.2,15.8,15.8,7.2,16.2,4.6,0.0,0.5,7,10,-3,1965.4284256893932,2004.3600365559612,1612.0005275528713,1612.0005275528713
1593,2023,3368,43,3234,95,-1,22.666666666666668,59.5,4.166666666666667,14.166666666666666,9.333333333333334,10.5,10.166666666666666,10.166666666666666,18.0,19.5,50.0,4.166666666666667,14.166666666666666,9.0,11.333333333333334,18.666666666666668,4.833333333333333,16.833333333333332,8.0,29.5,60.5,10.5,27.666666666666668,7.0,20.166666666666668,14.333333333333334,6.333333333333333,14.666666666666666,26.833333333333332,65.33333333333333,9.0,27.666666666666668,10.166666666666666,16.5,12.0,9.166666666666666,16.333333333333332,7.0,1.0,1.0,15,2,13,1387.8720853277275,2262.3463781545165,1612.0005275528713,1612.0005275528713
1594,2023,3218,50,3261,73,-1,21.11111111111111,53.0,7.666666666666667,22.77777777777778,7.666666666666667,12.333333333333334,13.0,6.666666666666667,17.88888888888889,20.666666666666668,57.666666666666664,5.333333333333333,19.88888888888889,9.333333333333334,9.11111111111111,12.555555555555555,6.333333333333333,18.77777777777778,5.888888888888889,30.6,64.2,6.6,18.2,12.8,16.0,14.4,7.0,16.8,24.0,58.0,6.2,18.2,7.6,13.8,14.4,7.8,16.2,12.0,1.0,0.5,14,3,11,1576.198037052635,2202.14513463129,1612.0005275528713,1612.0005275528713
1595,2023,3221,61,3268,93,-1,23.285714285714285,51.42857142857143,4.285714285714286,13.285714285714286,5.857142857142857,14.571428571428571,13.571428571428571,4.714285714285714,16.285714285714285,19.714285714285715,55.0,5.0,14.857142857142858,9.142857142857142,9.0,12.714285714285714,7.714285714285714,17.571428571428573,9.285714285714286,28.0,62.0,7.4,19.8,7.8,17.0,12.2,8.0,16.6,25.2,63.0,9.4,29.2,12.2,17.6,16.2,6.0,18.0,9.0,1.0,0.5,15,2,13,1563.7461033813895,2240.9021698510783,1612.0005275528713,1612.0005275528713
1596,2023,3424,59,3276,71,0,27.833333333333332,57.833333333333336,6.666666666666667,18.166666666666668,9.833333333333334,16.166666666666668,12.666666666666666,5.333333333333333,11.5,21.5,60.333333333333336,6.166666666666667,20.0,6.833333333333333,12.333333333333334,11.833333333333334,5.666666666666667,17.166666666666668,19.333333333333332,25.4,58.8,6.4,20.6,8.4,15.0,15.4,5.4,12.6,26.2,55.8,7.0,16.4,5.2,15.8,14.8,9.6,18.8,-0.6,1.0,0.5,11,6,5,1828.8094133447128,2067.1856330999426,1612.0005275528713,1612.0005275528713
1597,2023,3211,48,3279,71,0,24.4,56.2,7.0,18.0,11.4,13.8,16.2,8.8,18.4,20.6,55.0,5.6,20.6,8.8,13.8,14.4,9.6,14.8,8.8,23.8,58.8,4.6,14.2,7.8,12.0,11.4,7.4,16.4,22.6,55.6,4.4,13.6,6.8,14.2,14.8,5.2,13.8,-1.8,0.5,0.5,9,8,1,2015.4023055272623,2019.149352817749,1612.0005275528713,1612.0005275528713
1598,2023,3166,66,3280,81,0,26.0,57.8,9.0,25.8,7.8,15.4,10.0,7.2,16.4,19.4,53.6,3.2,15.6,7.0,10.2,11.4,5.4,13.8,15.8,24.75,53.25,6.5,16.25,8.0,14.75,14.5,5.25,19.25,24.25,61.75,6.75,22.75,12.0,11.5,10.5,7.5,17.75,1.75,0.6666666666666666,0.0,6,11,-5,2021.9625627391931,1936.229853262233,1612.0005275528713,1612.0005275528713
1599,2023,3381,56,3323,82,-1,26.125,56.375,5.125,15.75,7.875,15.0,16.125,3.75,16.125,24.5,65.25,6.375,22.875,9.125,12.25,10.625,9.0,21.625,5.375,24.4,57.0,4.2,12.2,10.4,13.6,14.6,8.0,16.8,21.0,58.6,3.4,16.4,9.4,12.2,13.8,7.6,17.6,9.2,1.0,0.5,14,3,11,1616.9056496110315,2166.675995580382,1612.0005275528713,1612.0005275528713
1600,2023,3301,63,3343,64,0,25.4,59.2,4.2,15.8,7.8,14.6,11.8,6.2,14.0,25.0,58.6,6.0,18.2,8.0,13.2,12.8,5.8,16.0,-0.8,22.4,55.0,3.0,12.2,11.0,10.6,10.0,8.0,12.4,18.2,49.0,4.0,15.8,7.6,8.6,18.2,5.6,17.4,13.6,0.5,1.0,7,10,-3,2121.840687240764,1998.4535699262783,1612.0005275528713,1612.0005275528713
1601,2023,3425,57,3355,62,0,19.25,60.5,5.25,19.75,10.75,10.5,14.0,6.75,17.75,21.25,58.75,6.25,16.25,9.5,13.5,14.75,7.5,17.25,-1.0,31.333333333333332,58.833333333333336,9.0,20.0,9.166666666666666,19.833333333333332,11.0,8.333333333333334,12.666666666666666,20.333333333333332,54.666666666666664,6.666666666666667,18.166666666666668,5.666666666666667,10.333333333333334,15.333333333333334,5.833333333333333,22.5,31.5,0.0,1.0,8,9,-1,1931.850320941515,1950.1965712028264,1612.0005275528713,1612.0005275528713
1602,2023,3313,40,3376,72,-1,23.5,58.75,3.875,15.875,12.5,12.625,15.0,12.75,19.0,15.5,49.625,5.875,22.375,10.875,8.25,22.125,6.75,18.0,16.625,28.833333333333332,63.166666666666664,3.5,11.333333333333334,13.333333333333334,18.833333333333332,11.5,4.166666666666667,13.666666666666666,21.833333333333332,62.666666666666664,4.333333333333333,15.0,6.5,10.166666666666666,9.5,5.0,18.333333333333332,17.0,0.8,1.0,16,1,15,1452.1781077362405,2500.626562461186,1612.0005275528713,1612.0005275528713
1603,2023,3266,65,3378,67,0,24.0,57.0,4.333333333333333,14.666666666666666,9.166666666666666,18.0,14.333333333333334,5.5,12.5,22.666666666666668,57.333333333333336,4.333333333333333,13.833333333333334,7.0,12.666666666666666,13.0,8.666666666666666,13.666666666666666,3.8333333333333335,24.75,57.75,8.75,22.25,9.0,17.5,12.25,4.75,13.75,23.75,56.5,8.0,21.0,5.25,14.0,12.0,6.25,18.0,9.0,0.6666666666666666,0.5,9,8,1,1978.5801360799348,1996.3562091370177,1612.0005275528713,1612.0005275528713
1604,2023,3357,49,3390,92,-1,23.142857142857142,63.0,5.142857142857143,18.857142857142858,13.857142857142858,10.142857142857142,13.0,7.857142857142857,19.142857142857142,19.285714285714285,56.57142857142857,5.285714285714286,21.285714285714285,8.428571428571429,11.428571428571429,15.857142857142858,5.285714285714286,18.714285714285715,6.714285714285714,25.6,60.0,5.8,16.0,12.6,15.8,14.2,4.8,20.4,21.2,62.4,7.8,24.4,11.0,13.0,8.4,8.8,22.0,3.4,1.0,0.5,16,1,15,1286.5592338998592,2317.3881805247424,1612.0005275528713,1612.0005275528713
1605,2023,3205,77,3428,103,-1,29.166666666666668,61.666666666666664,7.333333333333333,18.333333333333332,10.833333333333334,9.5,14.0,8.166666666666666,20.166666666666668,23.166666666666668,56.666666666666664,5.5,19.166666666666668,8.0,11.333333333333334,18.833333333333332,4.166666666666667,21.166666666666668,18.333333333333332,26.25,57.5,7.75,22.0,8.25,17.25,12.5,6.5,17.5,26.5,62.5,8.25,20.75,10.25,17.75,13.5,6.25,23.0,7.0,1.0,0.0,15,2,13,1550.0620024436987,2093.755147420548,1612.0005275528713,1612.0005275528713
1606,2023,3151,33,3439,58,-1,21.166666666666668,49.666666666666664,6.833333333333333,19.333333333333332,6.333333333333333,10.833333333333334,12.333333333333334,5.0,13.0,19.333333333333332,49.833333333333336,4.333333333333333,12.166666666666666,6.333333333333333,7.0,13.166666666666666,5.5,14.333333333333334,7.833333333333333,25.5,55.333333333333336,6.666666666666667,21.0,7.166666666666667,14.5,12.666666666666666,4.5,13.833333333333334,20.5,60.333333333333336,4.166666666666667,14.666666666666666,8.333333333333334,8.666666666666666,9.166666666666666,5.666666666666667,16.166666666666668,13.833333333333334,1.0,1.0,16,1,15,1394.1494870432125,2214.9893150460275,1612.0005275528713,1612.0005275528713
1607,2023,3104,74,3124,78,0,21.25,56.25,8.75,22.75,8.75,11.0,16.75,8.75,15.0,24.5,53.0,5.25,12.75,8.0,14.0,14.25,8.5,13.5,-8.5,25.0,64.0,5.166666666666667,18.333333333333332,8.833333333333334,15.166666666666666,13.333333333333334,8.333333333333334,17.666666666666668,22.833333333333332,57.833333333333336,7.0,22.0,9.0,13.666666666666666,15.833333333333334,4.5,17.666666666666668,0.5,0.0,0.3333333333333333,10,7,3,1892.7354409044303,2090.069003233716,1612.0005275528713,1612.0005275528713
1608,2023,3292,60,3160,82,0,25.857142857142858,56.0,8.0,24.285714285714285,10.285714285714286,12.714285714285714,13.285714285714286,5.857142857142857,18.571428571428573,19.714285714285715,55.0,3.5714285714285716,18.0,8.428571428571429,9.571428571428571,13.857142857142858,7.142857142857143,19.714285714285715,17.285714285714285,22.4,59.0,3.8,16.2,8.0,12.4,11.0,10.4,18.2,23.6,56.4,5.8,16.4,7.4,13.4,16.4,6.8,17.6,-1.6,1.0,0.5,11,6,5,1847.8992030022555,2048.778038621318,1612.0005275528713,1612.0005275528713
1609,2023,3436,52,3163,95,-1,24.5,55.666666666666664,5.5,16.0,10.5,15.333333333333334,11.666666666666666,5.166666666666667,13.5,20.5,53.333333333333336,3.3333333333333335,13.5,6.5,6.666666666666667,11.833333333333334,7.0,14.666666666666666,11.5,25.428571428571427,59.857142857142854,5.428571428571429,19.0,10.285714285714286,16.142857142857142,15.142857142857142,6.142857142857143,14.714285714285714,20.571428571428573,62.857142857142854,6.0,23.428571428571427,8.142857142857142,11.571428571428571,12.285714285714286,7.285714285714286,17.571428571428573,12.285714285714286,1.0,1.0,15,2,13,1514.7375693125553,2368.571823201774,1612.0005275528713,1612.0005275528713
1610,2023,3233,49,3181,89,-1,23.375,54.875,7.875,22.25,7.625,15.75,16.0,7.375,12.125,19.625,56.375,4.75,16.625,10.875,10.375,16.625,10.125,13.125,7.125,19.8,55.4,5.0,17.6,9.6,10.8,16.2,7.4,15.0,18.8,51.6,4.8,15.0,6.6,9.8,15.2,9.6,14.0,-0.4,0.8,0.5,14,3,11,1490.0959213551728,2074.2318404051334,1612.0005275528713,1612.0005275528713
1611,2023,3450,63,3195,74,0,23.428571428571427,54.285714285714285,6.0,18.0,7.857142857142857,14.142857142857142,13.285714285714286,6.285714285714286,14.571428571428571,20.714285714285715,58.714285714285715,4.285714285714286,17.571428571428573,9.714285714285714,9.428571428571429,11.571428571428571,6.857142857142857,14.857142857142858,7.142857142857143,26.714285714285715,56.714285714285715,10.714285714285714,29.428571428571427,5.857142857142857,17.285714285714285,10.142857142857142,9.714285714285714,14.428571428571429,20.0,54.714285714285715,2.4285714285714284,9.714285714285714,8.142857142857142,7.428571428571429,16.571428571428573,5.285714285714286,15.285714285714286,24.285714285714285,1.0,1.0,5,12,-7,2025.971518218627,1997.336492869009,1612.0005275528713,1612.0005275528713
1612,2023,3399,47,3231,77,-1,24.5,53.666666666666664,6.333333333333333,17.833333333333332,9.0,13.833333333333334,13.166666666666666,8.0,16.5,22.0,54.666666666666664,4.5,17.5,9.5,12.0,14.833333333333334,6.166666666666667,18.5,10.666666666666666,28.25,59.0,9.25,22.75,6.0,18.25,13.25,4.0,20.0,26.0,62.75,8.0,25.25,7.5,13.0,10.25,7.5,20.5,6.75,1.0,0.5,16,1,15,1543.2287320781925,2199.0688684764,1612.0005275528713,1612.0005275528713
1613,2023,3179,81,3257,83,0,29.625,57.25,8.75,21.125,7.625,21.5,14.875,5.75,12.625,26.0,64.5,6.625,19.125,8.625,12.25,10.75,6.375,17.5,15.0,25.0,63.666666666666664,5.0,17.0,14.166666666666666,14.0,11.333333333333334,7.0,16.0,20.333333333333332,53.0,5.0,17.333333333333332,8.833333333333334,11.166666666666666,16.166666666666668,5.333333333333333,16.833333333333332,10.833333333333334,1.0,0.6666666666666666,12,5,7,1774.303485486816,2173.906621511321,1612.0005275528713,1612.0005275528713
1614,2023,3329,61,3274,62,0,24.714285714285715,59.42857142857143,7.571428571428571,21.714285714285715,6.714285714285714,11.857142857142858,15.0,6.857142857142857,15.428571428571429,25.857142857142858,62.857142857142854,6.0,17.571428571428573,9.142857142857142,11.0,14.285714285714286,7.0,17.142857142857142,-1.5714285714285714,26.2,60.4,4.8,14.8,10.0,15.6,14.6,6.0,14.4,28.2,63.6,6.6,19.8,9.8,15.2,12.0,5.8,12.4,-4.6,0.25,0.5,8,9,-1,1922.1536214947664,2018.3149810950356,1612.0005275528713,1612.0005275528713
1615,2023,3385,59,3314,61,0,20.0,53.8,6.0,15.4,6.8,9.8,10.4,5.2,13.2,21.8,56.4,3.8,13.4,8.8,12.0,9.6,4.4,12.4,-3.4,22.2,57.2,5.2,16.6,9.0,11.2,14.0,9.4,16.6,19.2,51.0,5.4,19.8,7.8,11.6,19.4,6.4,17.6,4.2,0.5,0.5,11,6,5,1822.5065061423163,2043.7693174189112,1612.0005275528713,1612.0005275528713
1616,2023,3241,66,3326,80,-1,24.0,60.0,7.333333333333333,18.333333333333332,10.5,10.666666666666666,11.5,5.5,15.833333333333334,21.666666666666668,57.333333333333336,6.166666666666667,19.166666666666668,6.5,9.666666666666666,11.666666666666666,5.666666666666667,17.333333333333332,10.5,27.6,64.8,8.0,22.0,8.8,16.6,13.0,10.6,21.4,27.4,59.4,7.0,18.8,7.4,15.6,15.0,4.6,16.4,-3.2,1.0,0.6666666666666666,14,3,11,1675.0047566487524,2167.5468271065183,1612.0005275528713,1612.0005275528713
1617,2023,3339,63,3328,85,0,23.4,57.4,5.0,19.6,8.0,16.8,14.4,10.4,17.4,21.6,55.0,5.0,14.4,11.0,13.0,18.8,9.2,18.2,2.8,26.5,62.5,8.666666666666666,23.166666666666668,9.5,18.5,18.166666666666668,8.166666666666666,20.833333333333332,28.0,63.166666666666664,7.666666666666667,23.5,7.833333333333333,14.333333333333334,13.666666666666666,10.166666666666666,18.333333333333332,-2.0,1.0,0.75,12,5,7,1771.8724442642242,2081.972862766639,1612.0005275528713,1612.0005275528713
1618,2023,3387,50,3397,95,-1,26.666666666666668,61.833333333333336,5.0,15.333333333333334,10.833333333333334,15.0,14.333333333333334,9.0,14.5,23.333333333333332,62.5,6.0,22.333333333333332,10.666666666666666,13.0,14.166666666666666,8.666666666666666,17.0,9.166666666666666,26.166666666666668,58.0,3.8333333333333335,11.333333333333334,9.166666666666666,16.333333333333332,16.666666666666668,4.833333333333333,17.5,26.833333333333332,65.16666666666667,5.0,14.833333333333334,10.5,13.833333333333334,13.0,8.333333333333334,19.833333333333332,1.5,1.0,0.6666666666666666,13,4,9,1648.554387021438,2106.057990681627,1612.0005275528713,1612.0005275528713
1619,2023,3187,40,3400,79,-1,24.0,63.833333333333336,2.3333333333333335,11.666666666666666,13.333333333333334,13.833333333333334,18.333333333333332,13.0,17.833333333333332,22.333333333333332,61.0,4.0,17.333333333333332,12.166666666666666,14.666666666666666,20.5,12.5,21.5,4.166666666666667,23.857142857142858,60.285714285714285,4.0,10.571428571428571,14.142857142857142,14.857142857142858,13.285714285714286,7.571428571428571,16.285714285714285,18.285714285714285,52.857142857142854,5.428571428571429,16.714285714285715,8.285714285714286,8.857142857142858,16.0,7.428571428571429,18.428571428571427,11.714285714285714,1.0,0.6,13,4,9,1697.678993890124,2145.635066183177,1612.0005275528713,1612.0005275528713
1620,2023,3235,73,3405,80,0,26.75,62.875,9.625,25.875,9.0,12.375,12.5,5.875,17.625,24.75,64.625,5.875,18.75,9.0,14.625,11.5,6.0,18.25,9.625,25.375,55.375,6.5,18.875,7.875,13.625,12.125,6.375,13.25,23.125,59.125,8.875,22.5,6.25,11.25,11.5,5.75,16.625,7.75,0.8,1.0,5,12,-7,2096.4046944811207,1936.3380126756413,1612.0005275528713,1612.0005275528713
1621,2023,3170,45,3417,67,-1,26.142857142857142,53.0,11.285714285714286,25.571428571428573,6.428571428571429,13.285714285714286,11.285714285714286,4.857142857142857,15.0,21.142857142857142,57.857142857142854,6.428571428571429,20.0,7.428571428571429,9.428571428571429,9.571428571428571,6.428571428571429,14.714285714285714,14.428571428571429,23.285714285714285,61.57142857142857,6.0,20.428571428571427,12.428571428571429,12.714285714285714,9.857142857142858,8.142857142857142,18.142857142857142,21.714285714285715,52.857142857142854,5.142857142857143,14.285714285714286,8.428571428571429,11.0,13.142857142857142,5.0,16.0,3.0,1.0,0.75,13,4,9,1568.3370627685088,2084.726269315812,1612.0005275528713,1612.0005275528713
1622,2023,3156,59,3437,76,-1,22.5,56.333333333333336,7.333333333333333,17.5,8.166666666666666,11.666666666666666,14.333333333333334,8.666666666666666,15.166666666666666,21.833333333333332,59.833333333333336,6.666666666666667,26.166666666666668,7.5,14.666666666666666,14.166666666666666,6.833333333333333,16.5,9.666666666666666,24.428571428571427,62.142857142857146,6.0,22.714285714285715,8.428571428571429,15.142857142857142,8.857142857142858,7.0,15.571428571428571,23.571428571428573,59.142857142857146,4.428571428571429,14.714285714285714,11.428571428571429,12.285714285714286,14.0,4.0,14.285714285714286,4.285714285714286,1.0,0.75,13,4,9,1726.388699950957,2109.871718475504,1612.0005275528713,1612.0005275528713
1623,2023,3208,66,3234,74,-1,24.6,56.4,2.8,8.8,6.6,16.0,15.2,7.8,17.6,22.2,57.0,5.4,21.0,8.2,15.8,15.8,7.2,16.2,4.6,29.5,60.5,10.5,27.666666666666668,7.0,20.166666666666668,14.333333333333334,6.333333333333333,14.666666666666666,26.833333333333332,65.33333333333333,9.0,27.666666666666668,10.166666666666666,16.5,12.0,9.166666666666666,16.333333333333332,7.0,0.5,1.0,10,2,8,2004.3600365559612,2262.3463781545165,1612.0005275528713,1612.0005275528713
1624,2023,3276,42,3261,66,-1,25.4,58.8,6.4,20.6,8.4,15.0,15.4,5.4,12.6,26.2,55.8,7.0,16.4,5.2,15.8,14.8,9.6,18.8,-0.6,30.6,64.2,6.6,18.2,12.8,16.0,14.4,7.0,16.8,24.0,58.0,6.2,18.2,7.6,13.8,14.4,7.8,16.2,12.0,0.5,0.5,6,3,3,2067.1856330999426,2202.14513463129,1612.0005275528713,1612.0005275528713
1625,2023,3112,64,3268,77,-1,22.5,62.0,5.5,19.75,8.25,10.5,10.25,8.75,20.5,22.5,55.0,5.5,18.25,9.5,14.5,15.75,6.5,17.25,-4.25,28.0,62.0,7.4,19.8,7.8,17.0,12.2,8.0,16.6,25.2,63.0,9.4,29.2,12.2,17.6,16.2,6.0,18.0,9.0,0.0,0.5,7,2,5,2053.5809612877106,2240.9021698510783,1612.0005275528713,1612.0005275528713
1626,2023,3390,49,3279,54,1,25.6,60.0,5.8,16.0,12.6,15.8,14.2,4.8,20.4,21.2,62.4,7.8,24.4,11.0,13.0,8.4,8.8,22.0,3.4,23.8,58.8,4.6,14.2,7.8,12.0,11.4,7.4,16.4,22.6,55.6,4.4,13.6,6.8,14.2,14.8,5.2,13.8,-1.8,0.5,0.5,1,8,-7,2317.3881805247424,2019.149352817749,1612.0005275528713,1612.0005275528713
1627,2023,3280,48,3323,53,-1,24.75,53.25,6.5,16.25,8.0,14.75,14.5,5.25,19.25,24.25,61.75,6.75,22.75,12.0,11.5,10.5,7.5,17.75,1.75,24.4,57.0,4.2,12.2,10.4,13.6,14.6,8.0,16.8,21.0,58.6,3.4,16.4,9.4,12.2,13.8,7.6,17.6,9.2,0.0,0.5,11,3,8,1936.229853262233,2166.675995580382,1612.0005275528713,1612.0005275528713
1628,2023,3378,45,3376,76,-1,24.75,57.75,8.75,22.25,9.0,17.5,12.25,4.75,13.75,23.75,56.5,8.0,21.0,5.25,14.0,12.0,6.25,18.0,9.0,28.833333333333332,63.166666666666664,3.5,11.333333333333334,13.333333333333334,18.833333333333332,11.5,4.166666666666667,13.666666666666666,21.833333333333332,62.666666666666664,4.333333333333333,15.0,6.5,10.166666666666666,9.5,5.0,18.333333333333332,17.0,0.5,1.0,8,1,7,1996.3562091370177,2500.626562461186,1612.0005275528713,1612.0005275528713
1629,2023,3343,56,3428,63,-1,22.4,55.0,3.0,12.2,11.0,10.6,10.0,8.0,12.4,18.2,49.0,4.0,15.8,7.6,8.6,18.2,5.6,17.4,13.6,26.25,57.5,7.75,22.0,8.25,17.25,12.5,6.5,17.5,26.5,62.5,8.25,20.75,10.25,17.75,13.5,6.25,23.0,7.0,1.0,0.0,10,2,8,1998.4535699262783,2093.755147420548,1612.0005275528713,1612.0005275528713
1630,2023,3355,60,3439,72,-1,31.333333333333332,58.833333333333336,9.0,20.0,9.166666666666666,19.833333333333332,11.0,8.333333333333334,12.666666666666666,20.333333333333332,54.666666666666664,6.666666666666667,18.166666666666668,5.666666666666667,10.333333333333334,15.333333333333334,5.833333333333333,22.5,31.5,25.5,55.333333333333336,6.666666666666667,21.0,7.166666666666667,14.5,12.666666666666666,4.5,13.833333333333334,20.5,60.333333333333336,4.166666666666667,14.666666666666666,8.333333333333334,8.666666666666666,9.166666666666666,5.666666666666667,16.166666666666668,13.833333333333334,1.0,1.0,9,1,8,1950.1965712028264,2214.9893150460275,1612.0005275528713,1612.0005275528713
1631,2023,3181,53,3160,61,1,19.8,55.4,5.0,17.6,9.6,10.8,16.2,7.4,15.0,18.8,51.6,4.8,15.0,6.6,9.8,15.2,9.6,14.0,-0.4,22.4,59.0,3.8,16.2,8.0,12.4,11.0,10.4,18.2,23.6,56.4,5.8,16.4,7.4,13.4,16.4,6.8,17.6,-1.6,0.5,0.5,3,6,-3,2074.2318404051334,2048.778038621318,1612.0005275528713,1612.0005275528713
1632,2023,3124,58,3163,77,-1,25.0,64.0,5.166666666666667,18.333333333333332,8.833333333333334,15.166666666666666,13.333333333333334,8.333333333333334,17.666666666666668,22.833333333333332,57.833333333333336,7.0,22.0,9.0,13.666666666666666,15.833333333333334,4.5,17.666666666666668,0.5,25.428571428571427,59.857142857142854,5.428571428571429,19.0,10.285714285714286,16.142857142857142,15.142857142857142,6.142857142857143,14.714285714285714,20.571428571428573,62.857142857142854,6.0,23.428571428571427,8.142857142857142,11.571428571428571,12.285714285714286,7.285714285714286,17.571428571428573,12.285714285714286,0.3333333333333333,1.0,7,2,5,2090.069003233716,2368.571823201774,1612.0005275528713,1612.0005275528713
1633,2023,3400,51,3257,73,1,23.857142857142858,60.285714285714285,4.0,10.571428571428571,14.142857142857142,14.857142857142858,13.285714285714286,7.571428571428571,16.285714285714285,18.285714285714285,52.857142857142854,5.428571428571429,16.714285714285715,8.285714285714286,8.857142857142858,16.0,7.428571428571429,18.428571428571427,11.714285714285714,25.0,63.666666666666664,5.0,17.0,14.166666666666666,14.0,11.333333333333334,7.0,16.0,20.333333333333332,53.0,5.0,17.333333333333332,8.833333333333334,11.166666666666666,16.166666666666668,5.333333333333333,16.833333333333332,10.833333333333334,0.6,0.6666666666666666,4,5,-1,2145.635066183177,2173.906621511321,1612.0005275528713,1612.0005275528713
1634,2023,3231,68,3274,70,1,28.25,59.0,9.25,22.75,6.0,18.25,13.25,4.0,20.0,26.0,62.75,8.0,25.25,7.5,13.0,10.25,7.5,20.5,6.75,26.2,60.4,4.8,14.8,10.0,15.6,14.6,6.0,14.4,28.2,63.6,6.6,19.8,9.8,15.2,12.0,5.8,12.4,-4.6,0.5,0.5,1,9,-8,2199.0688684764,2018.3149810950356,1612.0005275528713,1612.0005275528713
1635,2023,3314,69,3326,71,-1,22.2,57.2,5.2,16.6,9.0,11.2,14.0,9.4,16.6,19.2,51.0,5.4,19.8,7.8,11.6,19.4,6.4,17.6,4.2,27.6,64.8,8.0,22.0,8.8,16.6,13.0,10.6,21.4,27.4,59.4,7.0,18.8,7.4,15.6,15.0,4.6,16.4,-3.2,0.5,0.6666666666666666,6,3,3,2043.7693174189112,2167.5468271065183,1612.0005275528713,1612.0005275528713
1636,2023,3405,47,3397,94,-1,25.375,55.375,6.5,18.875,7.875,13.625,12.125,6.375,13.25,23.125,59.125,8.875,22.5,6.25,11.25,11.5,5.75,16.625,7.75,26.166666666666668,58.0,3.8333333333333335,11.333333333333334,9.166666666666666,16.333333333333332,16.666666666666668,4.833333333333333,17.5,26.833333333333332,65.16666666666667,5.0,14.833333333333334,10.5,13.833333333333334,13.0,8.333333333333334,19.833333333333332,1.5,1.0,0.6666666666666666,12,4,8,1936.3380126756413,2106.057990681627,1612.0005275528713,1612.0005275528713
1637,2023,3328,73,3417,82,-1,26.5,62.5,8.666666666666666,23.166666666666668,9.5,18.5,18.166666666666668,8.166666666666666,20.833333333333332,28.0,63.166666666666664,7.666666666666667,23.5,7.833333333333333,14.333333333333334,13.666666666666666,10.166666666666666,18.333333333333332,-2.0,23.285714285714285,61.57142857142857,6.0,20.428571428571427,12.428571428571429,12.714285714285714,9.857142857142858,8.142857142857142,18.142857142857142,21.714285714285715,52.857142857142854,5.142857142857143,14.285714285714286,8.428571428571429,11.0,13.142857142857142,5.0,16.0,3.0,0.75,0.75,5,4,1,2081.972862766639,2084.726269315812,1612.0005275528713,1612.0005275528713
1638,2023,3195,57,3437,76,-1,26.714285714285715,56.714285714285715,10.714285714285714,29.428571428571427,5.857142857142857,17.285714285714285,10.142857142857142,9.714285714285714,14.428571428571429,20.0,54.714285714285715,2.4285714285714284,9.714285714285714,8.142857142857142,7.428571428571429,16.571428571428573,5.285714285714286,15.285714285714286,24.285714285714285,24.428571428571427,62.142857142857146,6.0,22.714285714285715,8.428571428571429,15.142857142857142,8.857142857142858,7.0,15.571428571428571,23.571428571428573,59.142857142857146,4.428571428571429,14.714285714285714,11.428571428571429,12.285714285714286,14.0,4.0,14.285714285714286,4.285714285714286,1.0,0.75,12,4,8,1997.336492869009,2109.871718475504,1612.0005275528713,1612.0005275528713
1639,2023,3160,77,3234,87,0,22.4,59.0,3.8,16.2,8.0,12.4,11.0,10.4,18.2,23.6,56.4,5.8,16.4,7.4,13.4,16.4,6.8,17.6,-1.6,29.5,60.5,10.5,27.666666666666668,7.0,20.166666666666668,14.333333333333334,6.333333333333333,14.666666666666666,26.833333333333332,65.33333333333333,9.0,27.666666666666668,10.166666666666666,16.5,12.0,9.166666666666666,16.333333333333332,7.0,0.5,1.0,6,2,4,2048.778038621318,2262.3463781545165,1612.0005275528713,1612.0005275528713
1640,2023,3279,62,3257,72,0,23.8,58.8,4.6,14.2,7.8,12.0,11.4,7.4,16.4,22.6,55.6,4.4,13.6,6.8,14.2,14.8,5.2,13.8,-1.8,25.0,63.666666666666664,5.0,17.0,14.166666666666666,14.0,11.333333333333334,7.0,16.0,20.333333333333332,53.0,5.0,17.333333333333332,8.833333333333334,11.166666666666666,16.166666666666668,5.333333333333333,16.833333333333332,10.833333333333334,0.5,0.6666666666666666,8,5,3,2019.149352817749,2173.906621511321,1612.0005275528713,1612.0005275528713
1641,2023,3428,63,3261,66,0,26.25,57.5,7.75,22.0,8.25,17.25,12.5,6.5,17.5,26.5,62.5,8.25,20.75,10.25,17.75,13.5,6.25,23.0,7.0,30.6,64.2,6.6,18.2,12.8,16.0,14.4,7.0,16.8,24.0,58.0,6.2,18.2,7.6,13.8,14.4,7.8,16.2,12.0,0.0,0.5,2,3,-1,2093.755147420548,2202.14513463129,1612.0005275528713,1612.0005275528713
1642,2023,3437,65,3274,70,0,24.428571428571427,62.142857142857146,6.0,22.714285714285715,8.428571428571429,15.142857142857142,8.857142857142858,7.0,15.571428571428571,23.571428571428573,59.142857142857146,4.428571428571429,14.714285714285714,11.428571428571429,12.285714285714286,14.0,4.0,14.285714285714286,4.285714285714286,26.2,60.4,4.8,14.8,10.0,15.6,14.6,6.0,14.4,28.2,63.6,6.6,19.8,9.8,15.2,12.0,5.8,12.4,-4.6,0.75,0.5,4,9,-5,2109.871718475504,2018.3149810950356,1612.0005275528713,1612.0005275528713
1643,2023,3323,59,3268,76,0,24.4,57.0,4.2,12.2,10.4,13.6,14.6,8.0,16.8,21.0,58.6,3.4,16.4,9.4,12.2,13.8,7.6,17.6,9.2,28.0,62.0,7.4,19.8,7.8,17.0,12.2,8.0,16.6,25.2,63.0,9.4,29.2,12.2,17.6,16.2,6.0,18.0,9.0,0.5,0.5,3,2,1,2166.675995580382,2240.9021698510783,1612.0005275528713,1612.0005275528713
1644,2023,3163,61,3326,73,0,25.428571428571427,59.857142857142854,5.428571428571429,19.0,10.285714285714286,16.142857142857142,15.142857142857142,6.142857142857143,14.714285714285714,20.571428571428573,62.857142857142854,6.0,23.428571428571427,8.142857142857142,11.571428571428571,12.285714285714286,7.285714285714286,17.571428571428573,12.285714285714286,27.6,64.8,8.0,22.0,8.8,16.6,13.0,10.6,21.4,27.4,59.4,7.0,18.8,7.4,15.6,15.0,4.6,16.4,-3.2,1.0,0.6666666666666666,2,3,-1,2368.571823201774,2167.5468271065183,1612.0005275528713,1612.0005275528713
1645,2023,3417,43,3376,59,-1,23.285714285714285,61.57142857142857,6.0,20.428571428571427,12.428571428571429,12.714285714285714,9.857142857142858,8.142857142857142,18.142857142857142,21.714285714285715,52.857142857142854,5.142857142857143,14.285714285714286,8.428571428571429,11.0,13.142857142857142,5.0,16.0,3.0,28.833333333333332,63.166666666666664,3.5,11.333333333333334,13.333333333333334,18.833333333333332,11.5,4.166666666666667,13.666666666666666,21.833333333333332,62.666666666666664,4.333333333333333,15.0,6.5,10.166666666666666,9.5,5.0,18.333333333333332,17.0,0.75,1.0,4,1,3,2084.726269315812,2500.626562461186,1612.0005275528713,1612.0005275528713
1646,2023,3397,64,3439,73,0,26.166666666666668,58.0,3.8333333333333335,11.333333333333334,9.166666666666666,16.333333333333332,16.666666666666668,4.833333333333333,17.5,26.833333333333332,65.16666666666667,5.0,14.833333333333334,10.5,13.833333333333334,13.0,8.333333333333334,19.833333333333332,1.5,25.5,55.333333333333336,6.666666666666667,21.0,7.166666666666667,14.5,12.666666666666666,4.5,13.833333333333334,20.5,60.333333333333336,4.166666666666667,14.666666666666666,8.333333333333334,8.666666666666666,9.166666666666666,5.666666666666667,16.166666666666668,13.833333333333334,0.6666666666666666,1.0,4,1,3,2106.057990681627,2214.9893150460275,1612.0005275528713,1612.0005275528713
1647,2023,3257,83,3234,97,0,25.0,63.666666666666664,5.0,17.0,14.166666666666666,14.0,11.333333333333334,7.0,16.0,20.333333333333332,53.0,5.0,17.333333333333332,8.833333333333334,11.166666666666666,16.166666666666668,5.333333333333333,16.833333333333332,10.833333333333334,29.5,60.5,10.5,27.666666666666668,7.0,20.166666666666668,14.333333333333334,6.333333333333333,14.666666666666666,26.833333333333332,65.33333333333333,9.0,27.666666666666668,10.166666666666666,16.5,12.0,9.166666666666666,16.333333333333332,7.0,0.6666666666666666,1.0,5,2,3,2173.906621511321,2262.3463781545165,1612.0005275528713,1612.0005275528713
1648,2023,3274,42,3261,54,0,26.2,60.4,4.8,14.8,10.0,15.6,14.6,6.0,14.4,28.2,63.6,6.6,19.8,9.8,15.2,12.0,5.8,12.4,-4.6,30.6,64.2,6.6,18.2,12.8,16.0,14.4,7.0,16.8,24.0,58.0,6.2,18.2,7.6,13.8,14.4,7.8,16.2,12.0,0.5,0.5,9,3,6,2018.3149810950356,2202.14513463129,1612.0005275528713,1612.0005275528713
1649,2023,3268,75,3376,86,-1,28.0,62.0,7.4,19.8,7.8,17.0,12.2,8.0,16.6,25.2,63.0,9.4,29.2,12.2,17.6,16.2,6.0,18.0,9.0,28.833333333333332,63.166666666666664,3.5,11.333333333333334,13.333333333333334,18.833333333333332,11.5,4.166666666666667,13.666666666666666,21.833333333333332,62.666666666666664,4.333333333333333,15.0,6.5,10.166666666666666,9.5,5.0,18.333333333333332,17.0,0.5,1.0,2,1,1,2240.9021698510783,2500.626562461186,1612.0005275528713,1612.0005275528713
1650,2023,3326,74,3439,84,0,27.6,64.8,8.0,22.0,8.8,16.6,13.0,10.6,21.4,27.4,59.4,7.0,18.8,7.4,15.6,15.0,4.6,16.4,-3.2,25.5,55.333333333333336,6.666666666666667,21.0,7.166666666666667,14.5,12.666666666666666,4.5,13.833333333333334,20.5,60.333333333333336,4.166666666666667,14.666666666666666,8.333333333333334,8.666666666666666,9.166666666666666,5.666666666666667,16.166666666666668,13.833333333333334,0.6666666666666666,1.0,3,1,2,2167.5468271065183,2214.9893150460275,1612.0005275528713,1612.0005275528713
1651,2023,3376,73,3234,77,0,28.833333333333332,63.166666666666664,3.5,11.333333333333334,13.333333333333334,18.833333333333332,11.5,4.166666666666667,13.666666666666666,21.833333333333332,62.666666666666664,4.333333333333333,15.0,6.5,10.166666666666666,9.5,5.0,18.333333333333332,17.0,29.5,60.5,10.5,27.666666666666668,7.0,20.166666666666668,14.333333333333334,6.333333333333333,14.666666666666666,26.833333333333332,65.33333333333333,9.0,27.666666666666668,10.166666666666666,16.5,12.0,9.166666666666666,16.333333333333332,7.0,1.0,1.0,1,2,-1,2500.626562461186,2262.3463781545165,1612.0005275528713,1612.0005275528713
1652,2023,3439,72,3261,79,0,25.5,55.333333333333336,6.666666666666667,21.0,7.166666666666667,14.5,12.666666666666666,4.5,13.833333333333334,20.5,60.333333333333336,4.166666666666667,14.666666666666666,8.333333333333334,8.666666666666666,9.166666666666666,5.666666666666667,16.166666666666668,13.833333333333334,30.6,64.2,6.6,18.2,12.8,16.0,14.4,7.0,16.8,24.0,58.0,6.2,18.2,7.6,13.8,14.4,7.8,16.2,12.0,1.0,0.5,1,3,-2,2214.9893150460275,2202.14513463129,1612.0005275528713,1612.0005275528713
1653,2023,3234,85,3261,102,0,29.5,60.5,10.5,27.666666666666668,7.0,20.166666666666668,14.333333333333334,6.333333333333333,14.666666666666666,26.833333333333332,65.33333333333333,9.0,27.666666666666668,10.166666666666666,16.5,12.0,9.166666666666666,16.333333333333332,7.0,30.6,64.2,6.6,18.2,12.8,16.0,14.4,7.0,16.8,24.0,58.0,6.2,18.2,7.6,13.8,14.4,7.8,16.2,12.0,1.0,0.5,2,3,-1,2262.3463781545165,2202.14513463129,1612.0005275528713,1612.0005275528713
1654,2024,3342,49,3357,42,0,20.8,52.4,4.4,15.8,7.2,12.0,15.4,9.0,10.4,20.4,54.4,4.4,19.0,7.0,10.2,17.4,7.6,12.8,4.0,26.857142857142858,57.57142857142857,5.285714285714286,18.0,9.142857142857142,13.142857142857142,10.285714285714286,8.714285714285714,14.714285714285714,18.142857142857142,52.714285714285715,5.0,16.714285714285715,9.428571428571429,11.0,17.285714285714285,4.285714285714286,17.428571428571427,24.571428571428573,1.0,1.0,16,16,0,1283.5311328428588,1424.4686109386082,1612.0005275528713,1612.0005275528713
1655,2024,3435,72,3162,68,0,22.75,60.75,6.0,19.0,12.25,13.0,15.5,8.75,16.75,22.0,55.5,5.5,19.25,6.0,11.0,16.75,6.75,17.5,7.5,26.0,59.166666666666664,7.0,21.833333333333332,11.833333333333334,14.833333333333334,12.5,6.333333333333333,16.666666666666668,22.333333333333332,59.5,3.5,14.166666666666666,9.0,9.833333333333334,11.166666666666666,6.0,15.5,10.666666666666666,0.0,0.6666666666666666,12,12,0,1861.8857517349995,1890.681955887223,1612.0005275528713,1612.0005275528713
1656,2024,3112,69,3120,59,0,26.4,62.4,3.6,11.8,6.4,15.6,12.4,13.4,17.6,24.4,52.8,6.4,19.0,7.6,14.8,20.6,6.6,14.8,0.4,25.4,62.0,5.0,14.2,10.6,13.0,15.8,9.2,19.6,19.4,53.0,3.2,14.4,8.8,8.0,19.4,8.8,16.0,5.0,0.5,0.5,11,11,0,1972.9148113336228,1881.9779000732256,1612.0005275528713,1612.0005275528713
1657,2024,3221,72,3404,45,0,24.571428571428573,54.714285714285715,7.0,18.0,9.0,14.714285714285714,10.714285714285714,4.142857142857143,15.428571428571429,23.0,51.57142857142857,4.857142857142857,14.428571428571429,6.142857142857143,12.714285714285714,12.142857142857142,4.857142857142857,16.428571428571427,5.0,20.5,46.666666666666664,8.0,17.166666666666668,5.5,9.333333333333334,15.0,6.166666666666667,9.333333333333334,22.666666666666668,59.666666666666664,7.666666666666667,23.5,10.0,15.333333333333334,11.0,8.0,15.0,2.8333333333333335,1.0,0.6666666666666666,16,16,0,1506.941255448831,1381.4140157220902,1612.0005275528713,1612.0005275528713
1658,2024,3104,82,3199,74,0,28.5,64.0,6.75,19.5,9.5,11.25,12.25,7.5,15.75,29.0,61.75,7.25,17.25,8.5,18.0,14.5,6.0,15.5,0.0,23.8,66.8,4.4,22.2,7.6,9.8,8.6,6.2,14.4,26.8,67.2,4.6,17.4,11.6,11.2,13.6,3.6,15.6,-1.6,0.0,0.6666666666666666,8,9,-1,1994.486515136464,2014.3470484242416,1612.0005275528713,1612.0005275528713
1659,2024,3124,80,3435,63,1,27.0,65.6,7.0,21.2,13.2,14.0,15.4,9.8,16.8,22.2,56.2,4.0,16.4,7.6,11.0,19.0,7.6,14.0,9.6,22.75,60.75,6.0,19.0,12.25,13.0,15.5,8.75,16.75,22.0,55.5,5.5,19.25,6.0,11.0,16.75,6.75,17.5,7.5,0.5,0.0,5,12,-7,2102.164126897898,1861.8857517349995,1612.0005275528713,1612.0005275528713
1660,2024,3160,86,3179,72,0,24.2,60.8,7.4,17.6,7.8,15.6,13.2,8.0,15.6,22.4,57.6,5.0,16.6,7.0,11.2,14.2,6.2,12.6,6.4,31.25,62.125,9.375,27.875,11.375,21.375,16.5,9.25,14.375,26.5,65.875,6.125,18.125,8.75,14.0,14.625,7.875,16.625,17.5,0.5,1.0,5,12,-7,2056.765025699242,1890.117939850976,1612.0005275528713,1612.0005275528713
1661,2024,3181,72,3350,61,0,25.4,59.8,5.0,18.4,9.4,14.8,14.6,7.4,16.8,21.6,55.4,3.0,12.0,8.2,7.4,14.8,8.0,13.4,7.0,25.666666666666668,53.666666666666664,9.0,25.333333333333332,6.166666666666667,16.166666666666668,13.5,5.666666666666667,14.5,21.833333333333332,62.0,6.833333333333333,24.5,10.666666666666666,9.333333333333334,10.666666666666666,6.5,15.5,11.5,0.5,1.0,7,10,-3,2088.4134549991004,1819.184493879883,1612.0005275528713,1612.0005275528713
1662,2024,3235,93,3268,86,0,28.333333333333332,56.0,8.666666666666666,20.333333333333332,5.166666666666667,19.5,15.666666666666666,5.666666666666667,13.5,23.5,64.33333333333333,8.0,23.833333333333332,8.666666666666666,15.0,10.166666666666666,9.0,14.666666666666666,8.666666666666666,25.333333333333332,62.5,5.333333333333333,14.666666666666666,10.0,14.666666666666666,14.166666666666666,5.333333333333333,16.333333333333332,25.5,59.5,7.333333333333333,22.5,7.0,15.5,13.833333333333334,6.833333333333333,18.5,1.1666666666666667,0.6666666666666666,0.6666666666666666,7,10,-3,2049.0350854742755,2075.3245000926017,1612.0005275528713,1612.0005275528713
1663,2024,3243,78,3339,65,1,26.0,56.0,5.8,16.2,5.6,18.4,13.2,7.0,15.4,23.2,55.4,5.8,16.0,5.8,10.0,13.4,7.2,14.2,2.2,23.666666666666668,54.5,6.333333333333333,21.166666666666668,6.333333333333333,16.5,15.166666666666666,8.5,17.333333333333332,24.0,58.166666666666664,5.833333333333333,17.833333333333332,10.666666666666666,14.0,14.166666666666666,8.5,13.833333333333334,-3.3333333333333335,0.5,1.0,4,13,-9,1994.5775593212777,1742.9763740858718,1612.0005275528713,1612.0005275528713
1664,2024,3261,70,3349,60,1,27.833333333333332,68.0,4.5,13.166666666666666,13.5,13.666666666666666,13.0,8.166666666666666,13.666666666666666,23.166666666666668,63.833333333333336,4.833333333333333,16.0,9.0,12.5,15.5,6.833333333333333,17.833333333333332,15.5,23.285714285714285,62.57142857142857,4.714285714285714,18.714285714285715,11.142857142857142,14.142857142857142,12.714285714285714,9.285714285714286,16.428571428571427,22.428571428571427,55.714285714285715,3.7142857142857144,10.857142857142858,8.285714285714286,11.142857142857142,15.0,6.0,15.0,2.0,0.6666666666666666,0.8,3,14,-11,2242.701953952034,1659.4756881278229,1612.0005275528713,1612.0005275528713
1665,2024,3292,71,3257,69,0,25.0,57.42857142857143,8.285714285714286,25.428571428571427,8.428571428571429,12.714285714285714,8.714285714285714,7.571428571428571,12.0,19.428571428571427,55.57142857142857,5.285714285714286,18.857142857142858,7.142857142857143,11.142857142857142,12.285714285714286,3.142857142857143,17.714285714285715,19.285714285714285,23.4,58.8,4.6,16.0,11.4,10.0,17.2,5.4,17.6,24.2,60.8,4.2,16.0,8.8,10.4,12.8,8.4,17.4,-2.4,1.0,0.5,11,6,5,1941.767942702126,2104.114979541956,1612.0005275528713,1612.0005275528713
1666,2024,3304,61,3401,59,0,27.5,65.16666666666667,10.666666666666666,27.666666666666668,11.5,19.666666666666668,12.833333333333334,6.5,16.0,26.166666666666668,61.0,6.666666666666667,19.166666666666668,6.5,15.833333333333334,13.5,5.666666666666667,15.5,7.166666666666667,24.6,60.0,5.0,15.4,8.2,13.8,14.6,9.6,17.0,24.6,58.8,5.2,14.4,11.2,13.8,16.6,5.8,16.0,-5.4,0.75,0.5,6,11,-5,1966.8985564999125,1841.550687695323,1612.0005275528713,1612.0005275528713
1667,2024,3314,59,3277,56,0,23.75,60.25,5.0,19.0,9.25,9.75,12.5,7.5,18.5,23.5,57.5,7.75,22.0,9.25,14.0,14.5,5.5,18.5,-3.25,31.25,60.0,8.75,20.75,4.0,19.25,13.25,10.0,11.75,24.0,58.0,7.0,21.5,8.25,13.75,19.0,6.5,15.75,16.75,0.0,0.0,8,9,-1,2017.914625202077,1941.3941768598756,1612.0005275528713,1612.0005275528713
1668,2024,3326,80,3263,57,1,27.25,60.0,8.75,24.25,4.5,18.25,12.75,11.25,17.75,26.5,60.25,6.75,18.75,9.75,15.5,18.0,6.25,15.25,-0.5,22.666666666666668,56.666666666666664,6.0,18.833333333333332,10.666666666666666,14.166666666666666,10.166666666666666,8.833333333333334,13.0,19.0,49.833333333333336,3.3333333333333335,13.833333333333334,7.0,10.833333333333334,14.0,5.5,14.5,12.833333333333334,0.0,1.0,2,15,-13,2191.4321251490173,1586.48790486373,1612.0005275528713,1612.0005275528713
1669,2024,3333,73,3186,51,1,25.8,62.6,6.6,21.8,7.8,14.8,9.4,4.6,11.8,26.2,63.8,5.8,16.6,7.6,14.6,9.0,5.0,14.2,0.8,23.714285714285715,61.57142857142857,5.857142857142857,19.428571428571427,9.571428571428571,11.142857142857142,11.142857142857142,9.285714285714286,12.142857142857142,20.857142857142858,53.285714285714285,4.0,16.285714285714285,7.285714285714286,9.428571428571429,16.857142857142858,6.428571428571429,14.857142857142858,8.571428571428571,0.5,1.0,3,14,-11,2069.79035039677,1670.5111956853136,1612.0005275528713,1612.0005275528713
1670,2024,3376,91,3342,39,1,32.0,66.16666666666667,5.833333333333333,15.0,13.0,19.833333333333332,13.666666666666666,7.0,16.5,23.0,63.333333333333336,6.0,21.833333333333332,9.5,11.5,13.5,5.666666666666667,16.333333333333332,18.666666666666668,20.8,52.4,4.4,15.8,7.2,12.0,15.4,9.0,10.4,20.4,54.4,4.4,19.0,7.0,10.2,17.4,7.6,12.8,4.0,1.0,1.0,1,16,-15,2540.703606095881,1283.5311328428588,1612.0005275528713,1612.0005275528713
1671,2024,3390,79,3313,50,1,28.5,65.66666666666667,7.0,21.666666666666668,11.333333333333334,20.0,10.333333333333334,3.6666666666666665,14.333333333333334,23.5,65.5,6.666666666666667,22.333333333333332,8.333333333333334,12.0,7.166666666666667,5.0,14.166666666666666,8.0,23.375,57.5,5.625,16.5,8.625,12.25,10.75,12.25,15.125,15.5,51.25,4.625,17.875,9.875,8.5,17.625,5.625,14.25,17.625,0.6666666666666666,1.0,2,15,-13,2256.995644143225,1539.9759152484023,1612.0005275528713,1612.0005275528713
1672,2024,3400,82,3180,42,1,28.166666666666668,57.333333333333336,3.5,8.0,8.666666666666666,13.666666666666666,10.166666666666666,6.5,17.666666666666668,20.666666666666668,52.333333333333336,6.0,16.333333333333332,7.333333333333333,12.166666666666666,17.833333333333332,4.833333333333333,19.5,15.833333333333334,23.22222222222222,53.333333333333336,6.333333333333333,17.0,7.666666666666667,16.666666666666668,14.11111111111111,8.777777777777779,14.222222222222221,19.88888888888889,53.666666666666664,4.444444444444445,16.22222222222222,10.222222222222221,10.88888888888889,17.0,6.666666666666667,14.777777777777779,7.333333333333333,1.0,1.0,1,16,-15,2208.523701498715,1607.7057302648786,1612.0005275528713,1612.0005275528713
1673,2024,3439,92,3267,49,1,23.4,59.6,7.6,25.4,7.6,13.0,13.0,4.0,15.6,26.2,61.0,5.0,14.8,8.0,12.8,8.8,6.8,14.6,-5.4,34.666666666666664,78.66666666666667,11.166666666666666,33.833333333333336,17.666666666666668,19.5,15.333333333333334,14.0,23.333333333333332,26.166666666666668,60.333333333333336,4.833333333333333,17.166666666666668,11.0,12.833333333333334,25.5,8.5,21.166666666666668,22.5,0.5,1.0,4,13,-9,2177.4468481542726,1666.0508342217795,1612.0005275528713,1612.0005275528713
1674,2024,3163,86,3238,64,1,27.833333333333332,57.666666666666664,7.333333333333333,21.5,6.166666666666667,17.333333333333332,11.5,10.166666666666666,11.833333333333334,17.833333333333332,56.166666666666664,4.666666666666667,20.666666666666668,6.833333333333333,10.666666666666666,15.833333333333334,5.166666666666667,16.5,29.833333333333332,23.875,59.125,5.875,17.875,13.5,11.625,13.0,5.875,16.25,18.75,61.25,5.125,18.5,9.25,9.75,11.5,6.5,22.0,19.5,1.0,1.0,3,14,-11,2337.9058690840434,1602.3696542928185,1612.0005275528713,1612.0005275528713
1675,2024,3166,87,3424,73,0,26.0,57.4,8.6,24.0,7.4,15.4,9.4,5.8,12.8,23.8,58.6,6.0,17.6,8.8,12.4,10.6,4.4,16.8,11.4,31.285714285714285,61.142857142857146,9.142857142857142,22.571428571428573,7.285714285714286,18.142857142857142,8.857142857142858,8.571428571428571,12.142857142857142,19.142857142857142,56.285714285714285,4.714285714285714,19.0,4.857142857142857,9.571428571428571,12.571428571428571,3.857142857142857,13.285714285714286,33.0,0.5,1.0,7,10,-3,2074.782272500815,1918.3068909386548,1612.0005275528713,1612.0005275528713
1676,2024,3211,75,3414,56,1,27.75,62.75,8.75,23.5,12.5,18.75,15.0,9.25,11.75,20.5,54.0,4.5,18.75,5.5,11.5,18.0,9.25,16.75,23.5,24.285714285714285,58.714285714285715,4.428571428571429,15.142857142857142,10.857142857142858,12.857142857142858,13.142857142857142,9.571428571428571,15.571428571428571,19.714285714285715,54.714285714285715,5.142857142857143,17.714285714285715,7.285714285714286,11.142857142857142,16.0,5.857142857142857,18.857142857142858,13.142857142857142,0.5,1.0,4,13,-9,2084.8108639370857,1634.9412989308248,1612.0005275528713,1612.0005275528713
1677,2024,3231,89,3193,56,1,25.666666666666668,57.666666666666664,8.0,23.666666666666668,6.333333333333333,14.666666666666666,13.666666666666666,6.0,15.666666666666666,23.666666666666668,63.0,3.6666666666666665,14.0,8.0,13.333333333333334,10.666666666666666,7.0,15.0,8.0,26.5,57.625,8.0,26.25,11.875,17.0,17.125,9.875,18.75,18.875,51.375,4.5,15.875,7.625,10.125,18.125,8.5,19.625,18.125,0.0,1.0,4,13,-9,2193.5708328794503,1646.6189044216917,1612.0005275528713,1612.0005275528713
1678,2024,3234,91,3221,65,1,34.666666666666664,67.83333333333333,14.833333333333334,34.5,9.666666666666666,25.666666666666668,13.833333333333334,7.333333333333333,13.333333333333334,27.666666666666668,70.0,9.833333333333334,27.5,9.833333333333334,17.0,13.333333333333334,7.5,18.666666666666668,23.166666666666668,24.571428571428573,54.714285714285715,7.0,18.0,9.0,14.714285714285714,10.714285714285714,4.142857142857143,15.428571428571429,23.0,51.57142857142857,4.857142857142857,14.428571428571429,6.142857142857143,12.714285714285714,12.142857142857142,4.857142857142857,16.428571428571427,5.0,1.0,1.0,1,16,-15,2306.6339960206624,1506.941255448831,1612.0005275528713,1612.0005275528713
1679,2024,3242,81,3276,72,0,24.6,54.2,5.2,12.8,5.8,8.8,11.0,6.6,16.6,23.6,56.4,4.0,14.4,10.0,13.2,13.4,4.2,16.4,6.4,24.833333333333332,57.666666666666664,6.833333333333333,18.333333333333332,6.333333333333333,15.833333333333334,14.833333333333334,5.666666666666667,12.833333333333334,24.833333333333332,58.666666666666664,7.166666666666667,22.0,5.5,16.5,13.166666666666666,8.333333333333334,15.666666666666666,1.1666666666666667,0.5,0.6666666666666666,8,9,-1,1976.9330391784767,1967.2695283944631,1612.0005275528713,1612.0005275528713
1680,2024,3279,67,3266,55,0,28.4,64.4,3.8,11.8,13.2,13.6,13.4,6.8,20.6,19.8,56.6,3.0,11.8,5.8,9.6,14.4,4.2,17.6,19.4,21.0,58.0,6.2,19.2,8.4,14.2,11.8,6.4,15.2,20.4,50.8,4.6,15.4,4.6,10.8,14.4,6.0,14.8,3.0,0.5,0.5,7,10,-3,2067.124567175188,1974.6403831145983,1612.0005275528713,1612.0005275528713
1681,2024,3301,64,3151,45,1,24.0,61.5,3.6666666666666665,15.5,9.333333333333334,11.5,12.166666666666666,5.0,11.5,22.5,65.66666666666667,5.833333333333333,22.0,8.666666666666666,9.0,10.166666666666666,6.666666666666667,15.333333333333334,6.0,24.0,52.5,7.333333333333333,18.5,6.333333333333333,10.333333333333334,7.666666666666667,4.833333333333333,16.666666666666668,20.0,54.833333333333336,3.3333333333333335,13.0,9.166666666666666,8.0,9.0,3.6666666666666665,14.5,10.166666666666666,0.6666666666666666,1.0,3,14,-11,2211.822115628352,1597.395025526368,1612.0005275528713,1612.0005275528713
1682,2024,3323,81,3245,67,1,26.833333333333332,59.5,5.5,14.333333333333334,6.833333333333333,14.666666666666666,11.333333333333334,8.333333333333334,16.166666666666668,21.166666666666668,61.333333333333336,5.0,18.5,10.166666666666666,9.166666666666666,15.0,5.666666666666667,17.666666666666668,15.833333333333334,25.5,58.5,6.125,15.75,8.5,13.125,13.0,5.875,12.5,23.375,60.5,7.375,22.875,7.25,11.375,12.0,7.125,16.375,6.5,1.0,0.6,2,15,-13,2237.158417604792,1735.1849960320285,1612.0005275528713,1612.0005275528713
1683,2024,3328,73,3195,70,0,27.6,67.6,8.6,26.0,12.6,18.2,14.8,8.0,17.2,25.0,58.0,7.0,18.4,6.0,13.8,13.2,6.2,16.6,5.2,26.0,57.166666666666664,9.5,30.166666666666668,10.333333333333334,16.0,10.666666666666666,9.5,14.0,19.666666666666668,51.666666666666664,4.5,15.333333333333334,6.833333333333333,6.833333333333333,16.666666666666668,4.0,17.5,23.5,0.5,1.0,5,12,-7,2064.980320647502,1973.897096540596,1612.0005275528713,1612.0005275528713
1684,2024,3393,74,3112,69,0,24.0,66.33333333333333,6.0,22.666666666666668,16.0,6.333333333333333,12.0,6.333333333333333,17.0,25.333333333333332,65.0,4.0,19.0,15.333333333333334,13.0,10.333333333333334,5.333333333333333,18.333333333333332,-2.3333333333333335,26.4,62.4,3.6,11.8,6.4,15.6,12.4,13.4,17.6,24.4,52.8,6.4,19.0,7.6,14.8,20.6,6.6,14.8,0.4,0.0,0.5,6,11,-5,2012.7321808724407,1972.9148113336228,1612.0005275528713,1612.0005275528713
1685,2024,3397,92,3453,63,0,26.166666666666668,63.333333333333336,6.166666666666667,19.333333333333332,11.0,14.833333333333334,13.5,3.0,15.666666666666666,26.666666666666668,71.5,4.666666666666667,15.666666666666666,13.333333333333334,12.0,9.5,7.333333333333333,17.666666666666668,3.5,27.666666666666668,55.833333333333336,7.333333333333333,21.166666666666668,7.833333333333333,22.333333333333332,10.833333333333334,8.333333333333334,10.833333333333334,19.333333333333332,52.833333333333336,8.5,25.5,6.5,10.0,15.166666666666666,6.666666666666667,16.0,19.666666666666668,0.6666666666666666,1.0,6,11,-5,2060.4331078752184,1811.5881893734495,1612.0005275528713,1612.0005275528713
1686,2024,3417,84,3465,55,1,24.0,55.2,5.2,18.0,11.8,13.6,18.6,5.6,16.0,18.4,60.4,4.6,17.8,8.0,9.4,10.2,12.2,16.8,11.4,29.571428571428573,68.71428571428571,12.0,34.0,8.142857142857142,20.571428571428573,13.285714285714286,7.857142857142857,17.857142857142858,26.0,68.42857142857143,9.142857142857142,29.428571428571427,10.571428571428571,17.285714285714285,15.0,6.428571428571429,15.714285714285714,12.571428571428571,0.5,1.0,2,15,-13,2164.851426074124,1734.8718159380635,1612.0005275528713,1612.0005275528713
1687,2024,3425,87,3394,55,1,26.833333333333332,67.33333333333333,5.666666666666667,19.5,13.166666666666666,13.5,13.166666666666666,7.166666666666667,17.833333333333332,24.666666666666668,62.666666666666664,6.333333333333333,18.833333333333332,6.833333333333333,15.666666666666666,12.333333333333334,8.166666666666666,19.666666666666668,6.166666666666667,25.0,56.5,5.333333333333333,18.666666666666668,9.166666666666666,15.666666666666666,16.666666666666668,10.166666666666666,17.833333333333332,21.5,62.166666666666664,4.666666666666667,20.333333333333332,12.666666666666666,13.5,17.0,7.666666666666667,19.5,9.666666666666666,1.0,1.0,1,16,-15,2156.5535385757603,1444.5101084341372,1612.0005275528713,1612.0005275528713
1688,2024,3428,68,3355,54,0,24.0,55.8,8.4,26.2,5.6,17.4,12.4,5.8,14.6,25.8,58.2,5.6,16.6,7.2,16.0,12.2,6.6,15.2,1.4,30.0,53.666666666666664,9.166666666666666,20.666666666666668,7.0,18.5,12.333333333333334,5.0,11.166666666666666,22.166666666666668,59.333333333333336,5.166666666666667,19.0,6.333333333333333,11.166666666666666,11.0,6.833333333333333,18.166666666666668,24.0,0.5,1.0,5,12,-7,2072.241529929788,1947.6838927664387,1612.0005275528713,1612.0005275528713
1689,2024,3452,63,3343,53,0,22.2,54.6,5.8,20.6,6.6,8.6,13.8,11.6,19.0,22.2,47.8,3.6,11.4,7.2,13.2,21.4,7.6,17.8,2.4,27.166666666666668,60.0,4.333333333333333,14.333333333333334,12.333333333333334,15.0,12.833333333333334,7.166666666666667,11.333333333333334,20.0,50.833333333333336,6.333333333333333,15.333333333333334,6.0,12.0,15.333333333333334,7.5,13.5,12.333333333333334,0.5,1.0,8,9,-1,1978.4251736079116,2026.847118405952,1612.0005275528713,1612.0005275528713
1690,2024,3124,75,3439,72,-1,27.0,65.6,7.0,21.2,13.2,14.0,15.4,9.8,16.8,22.2,56.2,4.0,16.4,7.6,11.0,19.0,7.6,14.0,9.6,23.4,59.6,7.6,25.4,7.6,13.0,13.0,4.0,15.6,26.2,61.0,5.0,14.8,8.0,12.8,8.8,6.8,14.6,-5.4,0.5,0.5,5,4,1,2102.164126897898,2177.4468481542726,1612.0005275528713,1612.0005275528713
1691,2024,3160,63,3243,50,-1,24.2,60.8,7.4,17.6,7.8,15.6,13.2,8.0,15.6,22.4,57.6,5.0,16.6,7.0,11.2,14.2,6.2,12.6,6.4,26.0,56.0,5.8,16.2,5.6,18.4,13.2,7.0,15.4,23.2,55.4,5.8,16.0,5.8,10.0,13.4,7.2,14.2,2.2,0.5,0.5,5,4,1,2056.765025699242,1994.5775593212777,1612.0005275528713,1612.0005275528713
1692,2024,3181,75,3326,63,-1,25.4,59.8,5.0,18.4,9.4,14.8,14.6,7.4,16.8,21.6,55.4,3.0,12.0,8.2,7.4,14.8,8.0,13.4,7.0,27.25,60.0,8.75,24.25,4.5,18.25,12.75,11.25,17.75,26.5,60.25,6.75,18.75,9.75,15.5,18.0,6.25,15.25,-0.5,0.5,0.0,7,2,5,2088.4134549991004,2191.4321251490173,1612.0005275528713,1612.0005275528713
1693,2024,3261,83,3292,56,1,27.833333333333332,68.0,4.5,13.166666666666666,13.5,13.666666666666666,13.0,8.166666666666666,13.666666666666666,23.166666666666668,63.833333333333336,4.833333333333333,16.0,9.0,12.5,15.5,6.833333333333333,17.833333333333332,15.5,25.0,57.42857142857143,8.285714285714286,25.428571428571427,8.428571428571429,12.714285714285714,8.714285714285714,7.571428571428571,12.0,19.428571428571427,55.57142857142857,5.285714285714286,18.857142857142858,7.142857142857143,11.142857142857142,12.285714285714286,3.142857142857143,17.714285714285715,19.285714285714285,0.6666666666666666,1.0,3,11,-8,2242.701953952034,1941.767942702126,1612.0005275528713,1612.0005275528713
1694,2024,3333,61,3304,51,1,25.8,62.6,6.6,21.8,7.8,14.8,9.4,4.6,11.8,26.2,63.8,5.8,16.6,7.6,14.6,9.0,5.0,14.2,0.8,27.5,65.16666666666667,10.666666666666666,27.666666666666668,11.5,19.666666666666668,12.833333333333334,6.5,16.0,26.166666666666668,61.0,6.666666666666667,19.166666666666668,6.5,15.833333333333334,13.5,5.666666666666667,15.5,7.166666666666667,0.5,0.75,3,6,-3,2069.79035039677,1966.8985564999125,1612.0005275528713,1612.0005275528713
1695,2024,3376,88,3314,41,1,32.0,66.16666666666667,5.833333333333333,15.0,13.0,19.833333333333332,13.666666666666666,7.0,16.5,23.0,63.333333333333336,6.0,21.833333333333332,9.5,11.5,13.5,5.666666666666667,16.333333333333332,18.666666666666668,23.75,60.25,5.0,19.0,9.25,9.75,12.5,7.5,18.5,23.5,57.5,7.75,22.0,9.25,14.0,14.5,5.5,18.5,-3.25,1.0,0.0,1,8,-7,2540.703606095881,2017.914625202077,1612.0005275528713,1612.0005275528713
1696,2024,3390,87,3235,81,1,28.5,65.66666666666667,7.0,21.666666666666668,11.333333333333334,20.0,10.333333333333334,3.6666666666666665,14.333333333333334,23.5,65.5,6.666666666666667,22.333333333333332,8.333333333333334,12.0,7.166666666666667,5.0,14.166666666666666,8.0,28.333333333333332,56.0,8.666666666666666,20.333333333333332,5.166666666666667,19.5,15.666666666666666,5.666666666666667,13.5,23.5,64.33333333333333,8.0,23.833333333333332,8.666666666666666,15.0,10.166666666666666,9.0,14.666666666666666,8.666666666666666,0.6666666666666666,0.6666666666666666,2,7,-5,2256.995644143225,2049.0350854742755,1612.0005275528713,1612.0005275528713
1697,2024,3400,65,3104,54,1,28.166666666666668,57.333333333333336,3.5,8.0,8.666666666666666,13.666666666666666,10.166666666666666,6.5,17.666666666666668,20.666666666666668,52.333333333333336,6.0,16.333333333333332,7.333333333333333,12.166666666666666,17.833333333333332,4.833333333333333,19.5,15.833333333333334,28.5,64.0,6.75,19.5,9.5,11.25,12.25,7.5,15.75,29.0,61.75,7.25,17.25,8.5,18.0,14.5,6.0,15.5,0.0,1.0,0.0,1,8,-7,2208.523701498715,1994.486515136464,1612.0005275528713,1612.0005275528713
1698,2024,3163,72,3393,64,1,27.833333333333332,57.666666666666664,7.333333333333333,21.5,6.166666666666667,17.333333333333332,11.5,10.166666666666666,11.833333333333334,17.833333333333332,56.166666666666664,4.666666666666667,20.666666666666668,6.833333333333333,10.666666666666666,15.833333333333334,5.166666666666667,16.5,29.833333333333332,24.0,66.33333333333333,6.0,22.666666666666668,16.0,6.333333333333333,12.0,6.333333333333333,17.0,25.333333333333332,65.0,4.0,19.0,15.333333333333334,13.0,10.333333333333334,5.333333333333333,18.333333333333332,-2.3333333333333335,1.0,0.0,3,6,-3,2337.9058690840434,2012.7321808724407,1612.0005275528713,1612.0005275528713
1699,2024,3211,77,3428,66,1,27.75,62.75,8.75,23.5,12.5,18.75,15.0,9.25,11.75,20.5,54.0,4.5,18.75,5.5,11.5,18.0,9.25,16.75,23.5,24.0,55.8,8.4,26.2,5.6,17.4,12.4,5.8,14.6,25.8,58.2,5.6,16.6,7.2,16.0,12.2,6.6,15.2,1.4,0.5,0.5,4,5,-1,2084.8108639370857,2072.241529929788,1612.0005275528713,1612.0005275528713
1700,2024,3231,75,3328,68,1,25.666666666666668,57.666666666666664,8.0,23.666666666666668,6.333333333333333,14.666666666666666,13.666666666666666,6.0,15.666666666666666,23.666666666666668,63.0,3.6666666666666665,14.0,8.0,13.333333333333334,10.666666666666666,7.0,15.0,8.0,27.6,67.6,8.6,26.0,12.6,18.2,14.8,8.0,17.2,25.0,58.0,7.0,18.4,6.0,13.8,13.2,6.2,16.6,5.2,0.0,0.5,4,5,-1,2193.5708328794503,2064.980320647502,1612.0005275528713,1612.0005275528713
1701,2024,3234,64,3452,54,1,34.666666666666664,67.83333333333333,14.833333333333334,34.5,9.666666666666666,25.666666666666668,13.833333333333334,7.333333333333333,13.333333333333334,27.666666666666668,70.0,9.833333333333334,27.5,9.833333333333334,17.0,13.333333333333334,7.5,18.666666666666668,23.166666666666668,22.2,54.6,5.8,20.6,6.6,8.6,13.8,11.6,19.0,22.2,47.8,3.6,11.4,7.2,13.2,21.4,7.6,17.8,2.4,1.0,0.5,1,8,-7,2306.6339960206624,1978.4251736079116,1612.0005275528713,1612.0005275528713
1702,2024,3301,79,3397,72,1,24.0,61.5,3.6666666666666665,15.5,9.333333333333334,11.5,12.166666666666666,5.0,11.5,22.5,65.66666666666667,5.833333333333333,22.0,8.666666666666666,9.0,10.166666666666666,6.666666666666667,15.333333333333334,6.0,26.166666666666668,63.333333333333336,6.166666666666667,19.333333333333332,11.0,14.833333333333334,13.5,3.0,15.666666666666666,26.666666666666668,71.5,4.666666666666667,15.666666666666666,13.333333333333334,12.0,9.5,7.333333333333333,17.666666666666668,3.5,0.6666666666666666,0.6666666666666666,3,6,-3,2211.822115628352,2060.4331078752184,1612.0005275528713,1612.0005275528713
1703,2024,3323,71,3279,56,1,26.833333333333332,59.5,5.5,14.333333333333334,6.833333333333333,14.666666666666666,11.333333333333334,8.333333333333334,16.166666666666668,21.166666666666668,61.333333333333336,5.0,18.5,10.166666666666666,9.166666666666666,15.0,5.666666666666667,17.666666666666668,15.833333333333334,28.4,64.4,3.8,11.8,13.2,13.6,13.4,6.8,20.6,19.8,56.6,3.0,11.8,5.8,9.6,14.4,4.2,17.6,19.4,1.0,0.5,2,7,-5,2237.158417604792,2067.124567175188,1612.0005275528713,1612.0005275528713
1704,2024,3417,67,3166,63,1,24.0,55.2,5.2,18.0,11.8,13.6,18.6,5.6,16.0,18.4,60.4,4.6,17.8,8.0,9.4,10.2,12.2,16.8,11.4,26.0,57.4,8.6,24.0,7.4,15.4,9.4,5.8,12.8,23.8,58.6,6.0,17.6,8.8,12.4,10.6,4.4,16.8,11.4,0.5,0.5,2,7,-5,2164.851426074124,2074.782272500815,1612.0005275528713,1612.0005275528713
1705,2024,3425,73,3242,55,1,26.833333333333332,67.33333333333333,5.666666666666667,19.5,13.166666666666666,13.5,13.166666666666666,7.166666666666667,17.833333333333332,24.666666666666668,62.666666666666664,6.333333333333333,18.833333333333332,6.833333333333333,15.666666666666666,12.333333333333334,8.166666666666666,19.666666666666668,6.166666666666667,24.6,54.2,5.2,12.8,5.8,8.8,11.0,6.6,16.6,23.6,56.4,4.0,14.4,10.0,13.2,13.4,4.2,16.4,6.4,1.0,0.5,1,8,-7,2156.5535385757603,1976.9330391784767,1612.0005275528713,1612.0005275528713
1706,2024,3301,77,3390,67,-1,24.0,61.5,3.6666666666666665,15.5,9.333333333333334,11.5,12.166666666666666,5.0,11.5,22.5,65.66666666666667,5.833333333333333,22.0,8.666666666666666,9.0,10.166666666666666,6.666666666666667,15.333333333333334,6.0,28.5,65.66666666666667,7.0,21.666666666666668,11.333333333333334,20.0,10.333333333333334,3.6666666666666665,14.333333333333334,23.5,65.5,6.666666666666667,22.333333333333332,8.333333333333334,12.0,7.166666666666667,5.0,14.166666666666666,8.0,0.6666666666666666,0.6666666666666666,3,2,1,2211.822115628352,2256.995644143225,1612.0005275528713,1612.0005275528713
1707,2024,3333,70,3323,65,-1,25.8,62.6,6.6,21.8,7.8,14.8,9.4,4.6,11.8,26.2,63.8,5.8,16.6,7.6,14.6,9.0,5.0,14.2,0.8,26.833333333333332,59.5,5.5,14.333333333333334,6.833333333333333,14.666666666666666,11.333333333333334,8.333333333333334,16.166666666666668,21.166666666666668,61.333333333333336,5.0,18.5,10.166666666666666,9.166666666666666,15.0,5.666666666666667,17.666666666666668,15.833333333333334,0.5,1.0,3,2,1,2069.79035039677,2237.158417604792,1612.0005275528713,1612.0005275528713
1708,2024,3376,79,3231,75,1,32.0,66.16666666666667,5.833333333333333,15.0,13.0,19.833333333333332,13.666666666666666,7.0,16.5,23.0,63.333333333333336,6.0,21.833333333333332,9.5,11.5,13.5,5.666666666666667,16.333333333333332,18.666666666666668,25.666666666666668,57.666666666666664,8.0,23.666666666666668,6.333333333333333,14.666666666666666,13.666666666666666,6.0,15.666666666666666,23.666666666666668,63.0,3.6666666666666665,14.0,8.0,13.333333333333334,10.666666666666666,7.0,15.0,8.0,1.0,0.0,1,4,-3,2540.703606095881,2193.5708328794503,1612.0005275528713,1612.0005275528713
1709,2024,3400,69,3211,47,1,28.166666666666668,57.333333333333336,3.5,8.0,8.666666666666666,13.666666666666666,10.166666666666666,6.5,17.666666666666668,20.666666666666668,52.333333333333336,6.0,16.333333333333332,7.333333333333333,12.166666666666666,17.833333333333332,4.833333333333333,19.5,15.833333333333334,27.75,62.75,8.75,23.5,12.5,18.75,15.0,9.25,11.75,20.5,54.0,4.5,18.75,5.5,11.5,18.0,9.25,16.75,23.5,1.0,0.5,1,4,-3,2208.523701498715,2084.8108639370857,1612.0005275528713,1612.0005275528713
1710,2024,3163,53,3181,45,1,27.833333333333332,57.666666666666664,7.333333333333333,21.5,6.166666666666667,17.333333333333332,11.5,10.166666666666666,11.833333333333334,17.833333333333332,56.166666666666664,4.666666666666667,20.666666666666668,6.833333333333333,10.666666666666666,15.833333333333334,5.166666666666667,16.5,29.833333333333332,25.4,59.8,5.0,18.4,9.4,14.8,14.6,7.4,16.8,21.6,55.4,3.0,12.0,8.2,7.4,14.8,8.0,13.4,7.0,1.0,0.5,3,7,-4,2337.9058690840434,2088.4134549991004,1612.0005275528713,1612.0005275528713
1711,2024,3234,89,3160,68,1,34.666666666666664,67.83333333333333,14.833333333333334,34.5,9.666666666666666,25.666666666666668,13.833333333333334,7.333333333333333,13.333333333333334,27.666666666666668,70.0,9.833333333333334,27.5,9.833333333333334,17.0,13.333333333333334,7.5,18.666666666666668,23.166666666666668,24.2,60.8,7.4,17.6,7.8,15.6,13.2,8.0,15.6,22.4,57.6,5.0,16.6,7.0,11.2,14.2,6.2,12.6,6.4,1.0,0.5,1,5,-4,2306.6339960206624,2056.765025699242,1612.0005275528713,1612.0005275528713
1712,2024,3261,78,3417,69,-1,27.833333333333332,68.0,4.5,13.166666666666666,13.5,13.666666666666666,13.0,8.166666666666666,13.666666666666666,23.166666666666668,63.833333333333336,4.833333333333333,16.0,9.0,12.5,15.5,6.833333333333333,17.833333333333332,15.5,24.0,55.2,5.2,18.0,11.8,13.6,18.6,5.6,16.0,18.4,60.4,4.6,17.8,8.0,9.4,10.2,12.2,16.8,11.4,0.6666666666666666,0.5,3,2,1,2242.701953952034,2164.851426074124,1612.0005275528713,1612.0005275528713
1713,2024,3425,74,3124,70,1,26.833333333333332,67.33333333333333,5.666666666666667,19.5,13.166666666666666,13.5,13.166666666666666,7.166666666666667,17.833333333333332,24.666666666666668,62.666666666666664,6.333333333333333,18.833333333333332,6.833333333333333,15.666666666666666,12.333333333333334,8.166666666666666,19.666666666666668,6.166666666666667,27.0,65.6,7.0,21.2,13.2,14.0,15.4,9.8,16.8,22.2,56.2,4.0,16.4,7.6,11.0,19.0,7.6,14.0,9.6,1.0,0.5,1,5,-4,2156.5535385757603,2102.164126897898,1612.0005275528713,1612.0005275528713
1714,2024,3301,76,3400,66,0,24.0,61.5,3.6666666666666665,15.5,9.333333333333334,11.5,12.166666666666666,5.0,11.5,22.5,65.66666666666667,5.833333333333333,22.0,8.666666666666666,9.0,10.166666666666666,6.666666666666667,15.333333333333334,6.0,28.166666666666668,57.333333333333336,3.5,8.0,8.666666666666666,13.666666666666666,10.166666666666666,6.5,17.666666666666668,20.666666666666668,52.333333333333336,6.0,16.333333333333332,7.333333333333333,12.166666666666666,17.833333333333332,4.833333333333333,19.5,15.833333333333334,0.6666666666666666,1.0,3,1,2,2211.822115628352,2208.523701498715,1612.0005275528713,1612.0005275528713
1715,2024,3376,70,3333,58,0,32.0,66.16666666666667,5.833333333333333,15.0,13.0,19.833333333333332,13.666666666666666,7.0,16.5,23.0,63.333333333333336,6.0,21.833333333333332,9.5,11.5,13.5,5.666666666666667,16.333333333333332,18.666666666666668,25.8,62.6,6.6,21.8,7.8,14.8,9.4,4.6,11.8,26.2,63.8,5.8,16.6,7.6,14.6,9.0,5.0,14.2,0.8,1.0,0.5,1,3,-2,2540.703606095881,2069.79035039677,1612.0005275528713,1612.0005275528713
1716,2024,3163,80,3425,73,-1,27.833333333333332,57.666666666666664,7.333333333333333,21.5,6.166666666666667,17.333333333333332,11.5,10.166666666666666,11.833333333333334,17.833333333333332,56.166666666666664,4.666666666666667,20.666666666666668,6.833333333333333,10.666666666666666,15.833333333333334,5.166666666666667,16.5,29.833333333333332,26.833333333333332,67.33333333333333,5.666666666666667,19.5,13.166666666666666,13.5,13.166666666666666,7.166666666666667,17.833333333333332,24.666666666666668,62.666666666666664,6.333333333333333,18.833333333333332,6.833333333333333,15.666666666666666,12.333333333333334,8.166666666666666,19.666666666666668,6.166666666666667,1.0,1.0,3,1,2,2337.9058690840434,2156.5535385757603,1612.0005275528713,1612.0005275528713
1717,2024,3234,94,3261,87,1,34.666666666666664,67.83333333333333,14.833333333333334,34.5,9.666666666666666,25.666666666666668,13.833333333333334,7.333333333333333,13.333333333333334,27.666666666666668,70.0,9.833333333333334,27.5,9.833333333333334,17.0,13.333333333333334,7.5,18.666666666666668,23.166666666666668,27.833333333333332,68.0,4.5,13.166666666666666,13.5,13.666666666666666,13.0,8.166666666666666,13.666666666666666,23.166666666666668,63.833333333333336,4.833333333333333,16.0,9.0,12.5,15.5,6.833333333333333,17.833333333333332,15.5,1.0,0.6666666666666666,1,3,-2,2306.6339960206624,2242.701953952034,1612.0005275528713,1612.0005275528713
1718,2024,3234,71,3163,69,0,34.666666666666664,67.83333333333333,14.833333333333334,34.5,9.666666666666666,25.666666666666668,13.833333333333334,7.333333333333333,13.333333333333334,27.666666666666668,70.0,9.833333333333334,27.5,9.833333333333334,17.0,13.333333333333334,7.5,18.666666666666668,23.166666666666668,27.833333333333332,57.666666666666664,7.333333333333333,21.5,6.166666666666667,17.333333333333332,11.5,10.166666666666666,11.833333333333334,17.833333333333332,56.166666666666664,4.666666666666667,20.666666666666668,6.833333333333333,10.666666666666666,15.833333333333334,5.166666666666667,16.5,29.833333333333332,1.0,1.0,1,3,-2,2306.6339960206624,2337.9058690840434,1612.0005275528713,1612.0005275528713
1719,2024,3376,78,3301,59,0,32.0,66.16666666666667,5.833333333333333,15.0,13.0,19.833333333333332,13.666666666666666,7.0,16.5,23.0,63.333333333333336,6.0,21.833333333333332,9.5,11.5,13.5,5.666666666666667,16.333333333333332,18.666666666666668,24.0,61.5,3.6666666666666665,15.5,9.333333333333334,11.5,12.166666666666666,5.0,11.5,22.5,65.66666666666667,5.833333333333333,22.0,8.666666666666666,9.0,10.166666666666666,6.666666666666667,15.333333333333334,6.0,1.0,0.6666666666666666,1,3,-2,2540.703606095881,2211.822115628352,1612.0005275528713,1612.0005275528713
1720,2024,3376,87,3234,75,0,32.0,66.16666666666667,5.833333333333333,15.0,13.0,19.833333333333332,13.666666666666666,7.0,16.5,23.0,63.333333333333336,6.0,21.833333333333332,9.5,11.5,13.5,5.666666666666667,16.333333333333332,18.666666666666668,34.666666666666664,67.83333333333333,14.833333333333334,34.5,9.666666666666666,25.666666666666668,13.833333333333334,7.333333333333333,13.333333333333334,27.666666666666668,70.0,9.833333333333334,27.5,9.833333333333334,17.0,13.333333333333334,7.5,18.666666666666668,23.166666666666668,1.0,1.0,1,1,0,2540.703606095881,2306.6339960206624,1612.0005275528713,1612.0005275528713
1721,2024,3357,42,3342,49,0,26.857142857142858,57.57142857142857,5.285714285714286,18.0,9.142857142857142,13.142857142857142,10.285714285714286,8.714285714285714,14.714285714285714,18.142857142857142,52.714285714285715,5.0,16.714285714285715,9.428571428571429,11.0,17.285714285714285,4.285714285714286,17.428571428571427,24.571428571428573,20.8,52.4,4.4,15.8,7.2,12.0,15.4,9.0,10.4,20.4,54.4,4.4,19.0,7.0,10.2,17.4,7.6,12.8,4.0,1.0,1.0,16,16,0,1424.4686109386082,1283.5311328428588,1612.0005275528713,1612.0005275528713
1722,2024,3162,68,3435,72,0,26.0,59.166666666666664,7.0,21.833333333333332,11.833333333333334,14.833333333333334,12.5,6.333333333333333,16.666666666666668,22.333333333333332,59.5,3.5,14.166666666666666,9.0,9.833333333333334,11.166666666666666,6.0,15.5,10.666666666666666,22.75,60.75,6.0,19.0,12.25,13.0,15.5,8.75,16.75,22.0,55.5,5.5,19.25,6.0,11.0,16.75,6.75,17.5,7.5,0.6666666666666666,0.0,12,12,0,1890.681955887223,1861.8857517349995,1612.0005275528713,1612.0005275528713
1723,2024,3120,59,3112,69,0,25.4,62.0,5.0,14.2,10.6,13.0,15.8,9.2,19.6,19.4,53.0,3.2,14.4,8.8,8.0,19.4,8.8,16.0,5.0,26.4,62.4,3.6,11.8,6.4,15.6,12.4,13.4,17.6,24.4,52.8,6.4,19.0,7.6,14.8,20.6,6.6,14.8,0.4,0.5,0.5,11,11,0,1881.9779000732256,1972.9148113336228,1612.0005275528713,1612.0005275528713
1724,2024,3404,45,3221,72,0,20.5,46.666666666666664,8.0,17.166666666666668,5.5,9.333333333333334,15.0,6.166666666666667,9.333333333333334,22.666666666666668,59.666666666666664,7.666666666666667,23.5,10.0,15.333333333333334,11.0,8.0,15.0,2.8333333333333335,24.571428571428573,54.714285714285715,7.0,18.0,9.0,14.714285714285714,10.714285714285714,4.142857142857143,15.428571428571429,23.0,51.57142857142857,4.857142857142857,14.428571428571429,6.142857142857143,12.714285714285714,12.142857142857142,4.857142857142857,16.428571428571427,5.0,0.6666666666666666,1.0,16,16,0,1381.4140157220902,1506.941255448831,1612.0005275528713,1612.0005275528713
1725,2024,3199,74,3104,82,0,23.8,66.8,4.4,22.2,7.6,9.8,8.6,6.2,14.4,26.8,67.2,4.6,17.4,11.6,11.2,13.6,3.6,15.6,-1.6,28.5,64.0,6.75,19.5,9.5,11.25,12.25,7.5,15.75,29.0,61.75,7.25,17.25,8.5,18.0,14.5,6.0,15.5,0.0,0.6666666666666666,0.0,9,8,1,2014.3470484242416,1994.486515136464,1612.0005275528713,1612.0005275528713
1726,2024,3435,63,3124,80,-1,22.75,60.75,6.0,19.0,12.25,13.0,15.5,8.75,16.75,22.0,55.5,5.5,19.25,6.0,11.0,16.75,6.75,17.5,7.5,27.0,65.6,7.0,21.2,13.2,14.0,15.4,9.8,16.8,22.2,56.2,4.0,16.4,7.6,11.0,19.0,7.6,14.0,9.6,0.0,0.5,12,5,7,1861.8857517349995,2102.164126897898,1612.0005275528713,1612.0005275528713
1727,2024,3179,72,3160,86,0,31.25,62.125,9.375,27.875,11.375,21.375,16.5,9.25,14.375,26.5,65.875,6.125,18.125,8.75,14.0,14.625,7.875,16.625,17.5,24.2,60.8,7.4,17.6,7.8,15.6,13.2,8.0,15.6,22.4,57.6,5.0,16.6,7.0,11.2,14.2,6.2,12.6,6.4,1.0,0.5,12,5,7,1890.117939850976,2056.765025699242,1612.0005275528713,1612.0005275528713
1728,2024,3350,61,3181,72,0,25.666666666666668,53.666666666666664,9.0,25.333333333333332,6.166666666666667,16.166666666666668,13.5,5.666666666666667,14.5,21.833333333333332,62.0,6.833333333333333,24.5,10.666666666666666,9.333333333333334,10.666666666666666,6.5,15.5,11.5,25.4,59.8,5.0,18.4,9.4,14.8,14.6,7.4,16.8,21.6,55.4,3.0,12.0,8.2,7.4,14.8,8.0,13.4,7.0,1.0,0.5,10,7,3,1819.184493879883,2088.4134549991004,1612.0005275528713,1612.0005275528713
1729,2024,3268,86,3235,93,0,25.333333333333332,62.5,5.333333333333333,14.666666666666666,10.0,14.666666666666666,14.166666666666666,5.333333333333333,16.333333333333332,25.5,59.5,7.333333333333333,22.5,7.0,15.5,13.833333333333334,6.833333333333333,18.5,1.1666666666666667,28.333333333333332,56.0,8.666666666666666,20.333333333333332,5.166666666666667,19.5,15.666666666666666,5.666666666666667,13.5,23.5,64.33333333333333,8.0,23.833333333333332,8.666666666666666,15.0,10.166666666666666,9.0,14.666666666666666,8.666666666666666,0.6666666666666666,0.6666666666666666,10,7,3,2075.3245000926017,2049.0350854742755,1612.0005275528713,1612.0005275528713
1730,2024,3339,65,3243,78,-1,23.666666666666668,54.5,6.333333333333333,21.166666666666668,6.333333333333333,16.5,15.166666666666666,8.5,17.333333333333332,24.0,58.166666666666664,5.833333333333333,17.833333333333332,10.666666666666666,14.0,14.166666666666666,8.5,13.833333333333334,-3.3333333333333335,26.0,56.0,5.8,16.2,5.6,18.4,13.2,7.0,15.4,23.2,55.4,5.8,16.0,5.8,10.0,13.4,7.2,14.2,2.2,1.0,0.5,13,4,9,1742.9763740858718,1994.5775593212777,1612.0005275528713,1612.0005275528713
1731,2024,3349,60,3261,70,-1,23.285714285714285,62.57142857142857,4.714285714285714,18.714285714285715,11.142857142857142,14.142857142857142,12.714285714285714,9.285714285714286,16.428571428571427,22.428571428571427,55.714285714285715,3.7142857142857144,10.857142857142858,8.285714285714286,11.142857142857142,15.0,6.0,15.0,2.0,27.833333333333332,68.0,4.5,13.166666666666666,13.5,13.666666666666666,13.0,8.166666666666666,13.666666666666666,23.166666666666668,63.833333333333336,4.833333333333333,16.0,9.0,12.5,15.5,6.833333333333333,17.833333333333332,15.5,0.8,0.6666666666666666,14,3,11,1659.4756881278229,2242.701953952034,1612.0005275528713,1612.0005275528713
1732,2024,3257,69,3292,71,0,23.4,58.8,4.6,16.0,11.4,10.0,17.2,5.4,17.6,24.2,60.8,4.2,16.0,8.8,10.4,12.8,8.4,17.4,-2.4,25.0,57.42857142857143,8.285714285714286,25.428571428571427,8.428571428571429,12.714285714285714,8.714285714285714,7.571428571428571,12.0,19.428571428571427,55.57142857142857,5.285714285714286,18.857142857142858,7.142857142857143,11.142857142857142,12.285714285714286,3.142857142857143,17.714285714285715,19.285714285714285,0.5,1.0,6,11,-5,2104.114979541956,1941.767942702126,1612.0005275528713,1612.0005275528713
1733,2024,3401,59,3304,61,0,24.6,60.0,5.0,15.4,8.2,13.8,14.6,9.6,17.0,24.6,58.8,5.2,14.4,11.2,13.8,16.6,5.8,16.0,-5.4,27.5,65.16666666666667,10.666666666666666,27.666666666666668,11.5,19.666666666666668,12.833333333333334,6.5,16.0,26.166666666666668,61.0,6.666666666666667,19.166666666666668,6.5,15.833333333333334,13.5,5.666666666666667,15.5,7.166666666666667,0.5,0.75,11,6,5,1841.550687695323,1966.8985564999125,1612.0005275528713,1612.0005275528713
1734,2024,3277,56,3314,59,0,31.25,60.0,8.75,20.75,4.0,19.25,13.25,10.0,11.75,24.0,58.0,7.0,21.5,8.25,13.75,19.0,6.5,15.75,16.75,23.75,60.25,5.0,19.0,9.25,9.75,12.5,7.5,18.5,23.5,57.5,7.75,22.0,9.25,14.0,14.5,5.5,18.5,-3.25,0.0,0.0,9,8,1,1941.3941768598756,2017.914625202077,1612.0005275528713,1612.0005275528713
1735,2024,3263,57,3326,80,-1,22.666666666666668,56.666666666666664,6.0,18.833333333333332,10.666666666666666,14.166666666666666,10.166666666666666,8.833333333333334,13.0,19.0,49.833333333333336,3.3333333333333335,13.833333333333334,7.0,10.833333333333334,14.0,5.5,14.5,12.833333333333334,27.25,60.0,8.75,24.25,4.5,18.25,12.75,11.25,17.75,26.5,60.25,6.75,18.75,9.75,15.5,18.0,6.25,15.25,-0.5,1.0,0.0,15,2,13,1586.48790486373,2191.4321251490173,1612.0005275528713,1612.0005275528713
1736,2024,3186,51,3333,73,-1,23.714285714285715,61.57142857142857,5.857142857142857,19.428571428571427,9.571428571428571,11.142857142857142,11.142857142857142,9.285714285714286,12.142857142857142,20.857142857142858,53.285714285714285,4.0,16.285714285714285,7.285714285714286,9.428571428571429,16.857142857142858,6.428571428571429,14.857142857142858,8.571428571428571,25.8,62.6,6.6,21.8,7.8,14.8,9.4,4.6,11.8,26.2,63.8,5.8,16.6,7.6,14.6,9.0,5.0,14.2,0.8,1.0,0.5,14,3,11,1670.5111956853136,2069.79035039677,1612.0005275528713,1612.0005275528713
1737,2024,3342,39,3376,91,-1,20.8,52.4,4.4,15.8,7.2,12.0,15.4,9.0,10.4,20.4,54.4,4.4,19.0,7.0,10.2,17.4,7.6,12.8,4.0,32.0,66.16666666666667,5.833333333333333,15.0,13.0,19.833333333333332,13.666666666666666,7.0,16.5,23.0,63.333333333333336,6.0,21.833333333333332,9.5,11.5,13.5,5.666666666666667,16.333333333333332,18.666666666666668,1.0,1.0,16,1,15,1283.5311328428588,2540.703606095881,1612.0005275528713,1612.0005275528713
1738,2024,3313,50,3390,79,-1,23.375,57.5,5.625,16.5,8.625,12.25,10.75,12.25,15.125,15.5,51.25,4.625,17.875,9.875,8.5,17.625,5.625,14.25,17.625,28.5,65.66666666666667,7.0,21.666666666666668,11.333333333333334,20.0,10.333333333333334,3.6666666666666665,14.333333333333334,23.5,65.5,6.666666666666667,22.333333333333332,8.333333333333334,12.0,7.166666666666667,5.0,14.166666666666666,8.0,1.0,0.6666666666666666,15,2,13,1539.9759152484023,2256.995644143225,1612.0005275528713,1612.0005275528713
1739,2024,3180,42,3400,82,-1,23.22222222222222,53.333333333333336,6.333333333333333,17.0,7.666666666666667,16.666666666666668,14.11111111111111,8.777777777777779,14.222222222222221,19.88888888888889,53.666666666666664,4.444444444444445,16.22222222222222,10.222222222222221,10.88888888888889,17.0,6.666666666666667,14.777777777777779,7.333333333333333,28.166666666666668,57.333333333333336,3.5,8.0,8.666666666666666,13.666666666666666,10.166666666666666,6.5,17.666666666666668,20.666666666666668,52.333333333333336,6.0,16.333333333333332,7.333333333333333,12.166666666666666,17.833333333333332,4.833333333333333,19.5,15.833333333333334,1.0,1.0,16,1,15,1607.7057302648786,2208.523701498715,1612.0005275528713,1612.0005275528713
1740,2024,3267,49,3439,92,-1,34.666666666666664,78.66666666666667,11.166666666666666,33.833333333333336,17.666666666666668,19.5,15.333333333333334,14.0,23.333333333333332,26.166666666666668,60.333333333333336,4.833333333333333,17.166666666666668,11.0,12.833333333333334,25.5,8.5,21.166666666666668,22.5,23.4,59.6,7.6,25.4,7.6,13.0,13.0,4.0,15.6,26.2,61.0,5.0,14.8,8.0,12.8,8.8,6.8,14.6,-5.4,1.0,0.5,13,4,9,1666.0508342217795,2177.4468481542726,1612.0005275528713,1612.0005275528713
1741,2024,3238,64,3163,86,-1,23.875,59.125,5.875,17.875,13.5,11.625,13.0,5.875,16.25,18.75,61.25,5.125,18.5,9.25,9.75,11.5,6.5,22.0,19.5,27.833333333333332,57.666666666666664,7.333333333333333,21.5,6.166666666666667,17.333333333333332,11.5,10.166666666666666,11.833333333333334,17.833333333333332,56.166666666666664,4.666666666666667,20.666666666666668,6.833333333333333,10.666666666666666,15.833333333333334,5.166666666666667,16.5,29.833333333333332,1.0,1.0,14,3,11,1602.3696542928185,2337.9058690840434,1612.0005275528713,1612.0005275528713
1742,2024,3424,73,3166,87,0,31.285714285714285,61.142857142857146,9.142857142857142,22.571428571428573,7.285714285714286,18.142857142857142,8.857142857142858,8.571428571428571,12.142857142857142,19.142857142857142,56.285714285714285,4.714285714285714,19.0,4.857142857142857,9.571428571428571,12.571428571428571,3.857142857142857,13.285714285714286,33.0,26.0,57.4,8.6,24.0,7.4,15.4,9.4,5.8,12.8,23.8,58.6,6.0,17.6,8.8,12.4,10.6,4.4,16.8,11.4,1.0,0.5,10,7,3,1918.3068909386548,2074.782272500815,1612.0005275528713,1612.0005275528713
1743,2024,3414,56,3211,75,-1,24.285714285714285,58.714285714285715,4.428571428571429,15.142857142857142,10.857142857142858,12.857142857142858,13.142857142857142,9.571428571428571,15.571428571428571,19.714285714285715,54.714285714285715,5.142857142857143,17.714285714285715,7.285714285714286,11.142857142857142,16.0,5.857142857142857,18.857142857142858,13.142857142857142,27.75,62.75,8.75,23.5,12.5,18.75,15.0,9.25,11.75,20.5,54.0,4.5,18.75,5.5,11.5,18.0,9.25,16.75,23.5,1.0,0.5,13,4,9,1634.9412989308248,2084.8108639370857,1612.0005275528713,1612.0005275528713
1744,2024,3193,56,3231,89,-1,26.5,57.625,8.0,26.25,11.875,17.0,17.125,9.875,18.75,18.875,51.375,4.5,15.875,7.625,10.125,18.125,8.5,19.625,18.125,25.666666666666668,57.666666666666664,8.0,23.666666666666668,6.333333333333333,14.666666666666666,13.666666666666666,6.0,15.666666666666666,23.666666666666668,63.0,3.6666666666666665,14.0,8.0,13.333333333333334,10.666666666666666,7.0,15.0,8.0,1.0,0.0,13,4,9,1646.6189044216917,2193.5708328794503,1612.0005275528713,1612.0005275528713
1745,2024,3221,65,3234,91,-1,24.571428571428573,54.714285714285715,7.0,18.0,9.0,14.714285714285714,10.714285714285714,4.142857142857143,15.428571428571429,23.0,51.57142857142857,4.857142857142857,14.428571428571429,6.142857142857143,12.714285714285714,12.142857142857142,4.857142857142857,16.428571428571427,5.0,34.666666666666664,67.83333333333333,14.833333333333334,34.5,9.666666666666666,25.666666666666668,13.833333333333334,7.333333333333333,13.333333333333334,27.666666666666668,70.0,9.833333333333334,27.5,9.833333333333334,17.0,13.333333333333334,7.5,18.666666666666668,23.166666666666668,1.0,1.0,16,1,15,1506.941255448831,2306.6339960206624,1612.0005275528713,1612.0005275528713
1746,2024,3276,72,3242,81,0,24.833333333333332,57.666666666666664,6.833333333333333,18.333333333333332,6.333333333333333,15.833333333333334,14.833333333333334,5.666666666666667,12.833333333333334,24.833333333333332,58.666666666666664,7.166666666666667,22.0,5.5,16.5,13.166666666666666,8.333333333333334,15.666666666666666,1.1666666666666667,24.6,54.2,5.2,12.8,5.8,8.8,11.0,6.6,16.6,23.6,56.4,4.0,14.4,10.0,13.2,13.4,4.2,16.4,6.4,0.6666666666666666,0.5,9,8,1,1967.2695283944631,1976.9330391784767,1612.0005275528713,1612.0005275528713
1747,2024,3266,55,3279,67,0,21.0,58.0,6.2,19.2,8.4,14.2,11.8,6.4,15.2,20.4,50.8,4.6,15.4,4.6,10.8,14.4,6.0,14.8,3.0,28.4,64.4,3.8,11.8,13.2,13.6,13.4,6.8,20.6,19.8,56.6,3.0,11.8,5.8,9.6,14.4,4.2,17.6,19.4,0.5,0.5,10,7,3,1974.6403831145983,2067.124567175188,1612.0005275528713,1612.0005275528713
1748,2024,3151,45,3301,64,-1,24.0,52.5,7.333333333333333,18.5,6.333333333333333,10.333333333333334,7.666666666666667,4.833333333333333,16.666666666666668,20.0,54.833333333333336,3.3333333333333335,13.0,9.166666666666666,8.0,9.0,3.6666666666666665,14.5,10.166666666666666,24.0,61.5,3.6666666666666665,15.5,9.333333333333334,11.5,12.166666666666666,5.0,11.5,22.5,65.66666666666667,5.833333333333333,22.0,8.666666666666666,9.0,10.166666666666666,6.666666666666667,15.333333333333334,6.0,1.0,0.6666666666666666,14,3,11,1597.395025526368,2211.822115628352,1612.0005275528713,1612.0005275528713
1749,2024,3245,67,3323,81,-1,25.5,58.5,6.125,15.75,8.5,13.125,13.0,5.875,12.5,23.375,60.5,7.375,22.875,7.25,11.375,12.0,7.125,16.375,6.5,26.833333333333332,59.5,5.5,14.333333333333334,6.833333333333333,14.666666666666666,11.333333333333334,8.333333333333334,16.166666666666668,21.166666666666668,61.333333333333336,5.0,18.5,10.166666666666666,9.166666666666666,15.0,5.666666666666667,17.666666666666668,15.833333333333334,0.6,1.0,15,2,13,1735.1849960320285,2237.158417604792,1612.0005275528713,1612.0005275528713
1750,2024,3195,70,3328,73,0,26.0,57.166666666666664,9.5,30.166666666666668,10.333333333333334,16.0,10.666666666666666,9.5,14.0,19.666666666666668,51.666666666666664,4.5,15.333333333333334,6.833333333333333,6.833333333333333,16.666666666666668,4.0,17.5,23.5,27.6,67.6,8.6,26.0,12.6,18.2,14.8,8.0,17.2,25.0,58.0,7.0,18.4,6.0,13.8,13.2,6.2,16.6,5.2,1.0,0.5,12,5,7,1973.897096540596,2064.980320647502,1612.0005275528713,1612.0005275528713
1751,2024,3112,69,3393,74,0,26.4,62.4,3.6,11.8,6.4,15.6,12.4,13.4,17.6,24.4,52.8,6.4,19.0,7.6,14.8,20.6,6.6,14.8,0.4,24.0,66.33333333333333,6.0,22.666666666666668,16.0,6.333333333333333,12.0,6.333333333333333,17.0,25.333333333333332,65.0,4.0,19.0,15.333333333333334,13.0,10.333333333333334,5.333333333333333,18.333333333333332,-2.3333333333333335,0.5,0.0,11,6,5,1972.9148113336228,2012.7321808724407,1612.0005275528713,1612.0005275528713
1752,2024,3453,63,3397,92,0,27.666666666666668,55.833333333333336,7.333333333333333,21.166666666666668,7.833333333333333,22.333333333333332,10.833333333333334,8.333333333333334,10.833333333333334,19.333333333333332,52.833333333333336,8.5,25.5,6.5,10.0,15.166666666666666,6.666666666666667,16.0,19.666666666666668,26.166666666666668,63.333333333333336,6.166666666666667,19.333333333333332,11.0,14.833333333333334,13.5,3.0,15.666666666666666,26.666666666666668,71.5,4.666666666666667,15.666666666666666,13.333333333333334,12.0,9.5,7.333333333333333,17.666666666666668,3.5,1.0,0.6666666666666666,11,6,5,1811.5881893734495,2060.4331078752184,1612.0005275528713,1612.0005275528713
1753,2024,3465,55,3417,84,-1,29.571428571428573,68.71428571428571,12.0,34.0,8.142857142857142,20.571428571428573,13.285714285714286,7.857142857142857,17.857142857142858,26.0,68.42857142857143,9.142857142857142,29.428571428571427,10.571428571428571,17.285714285714285,15.0,6.428571428571429,15.714285714285714,12.571428571428571,24.0,55.2,5.2,18.0,11.8,13.6,18.6,5.6,16.0,18.4,60.4,4.6,17.8,8.0,9.4,10.2,12.2,16.8,11.4,1.0,0.5,15,2,13,1734.8718159380635,2164.851426074124,1612.0005275528713,1612.0005275528713
1754,2024,3394,55,3425,87,-1,25.0,56.5,5.333333333333333,18.666666666666668,9.166666666666666,15.666666666666666,16.666666666666668,10.166666666666666,17.833333333333332,21.5,62.166666666666664,4.666666666666667,20.333333333333332,12.666666666666666,13.5,17.0,7.666666666666667,19.5,9.666666666666666,26.833333333333332,67.33333333333333,5.666666666666667,19.5,13.166666666666666,13.5,13.166666666666666,7.166666666666667,17.833333333333332,24.666666666666668,62.666666666666664,6.333333333333333,18.833333333333332,6.833333333333333,15.666666666666666,12.333333333333334,8.166666666666666,19.666666666666668,6.166666666666667,1.0,1.0,16,1,15,1444.5101084341372,2156.5535385757603,1612.0005275528713,1612.0005275528713
1755,2024,3355,54,3428,68,0,30.0,53.666666666666664,9.166666666666666,20.666666666666668,7.0,18.5,12.333333333333334,5.0,11.166666666666666,22.166666666666668,59.333333333333336,5.166666666666667,19.0,6.333333333333333,11.166666666666666,11.0,6.833333333333333,18.166666666666668,24.0,24.0,55.8,8.4,26.2,5.6,17.4,12.4,5.8,14.6,25.8,58.2,5.6,16.6,7.2,16.0,12.2,6.6,15.2,1.4,1.0,0.5,12,5,7,1947.6838927664387,2072.241529929788,1612.0005275528713,1612.0005275528713
1756,2024,3343,53,3452,63,0,27.166666666666668,60.0,4.333333333333333,14.333333333333334,12.333333333333334,15.0,12.833333333333334,7.166666666666667,11.333333333333334,20.0,50.833333333333336,6.333333333333333,15.333333333333334,6.0,12.0,15.333333333333334,7.5,13.5,12.333333333333334,22.2,54.6,5.8,20.6,6.6,8.6,13.8,11.6,19.0,22.2,47.8,3.6,11.4,7.2,13.2,21.4,7.6,17.8,2.4,1.0,0.5,9,8,1,2026.847118405952,1978.4251736079116,1612.0005275528713,1612.0005275528713
1757,2024,3439,72,3124,75,1,23.4,59.6,7.6,25.4,7.6,13.0,13.0,4.0,15.6,26.2,61.0,5.0,14.8,8.0,12.8,8.8,6.8,14.6,-5.4,27.0,65.6,7.0,21.2,13.2,14.0,15.4,9.8,16.8,22.2,56.2,4.0,16.4,7.6,11.0,19.0,7.6,14.0,9.6,0.5,0.5,4,5,-1,2177.4468481542726,2102.164126897898,1612.0005275528713,1612.0005275528713
1758,2024,3243,50,3160,63,1,26.0,56.0,5.8,16.2,5.6,18.4,13.2,7.0,15.4,23.2,55.4,5.8,16.0,5.8,10.0,13.4,7.2,14.2,2.2,24.2,60.8,7.4,17.6,7.8,15.6,13.2,8.0,15.6,22.4,57.6,5.0,16.6,7.0,11.2,14.2,6.2,12.6,6.4,0.5,0.5,4,5,-1,1994.5775593212777,2056.765025699242,1612.0005275528713,1612.0005275528713
1759,2024,3326,63,3181,75,1,27.25,60.0,8.75,24.25,4.5,18.25,12.75,11.25,17.75,26.5,60.25,6.75,18.75,9.75,15.5,18.0,6.25,15.25,-0.5,25.4,59.8,5.0,18.4,9.4,14.8,14.6,7.4,16.8,21.6,55.4,3.0,12.0,8.2,7.4,14.8,8.0,13.4,7.0,0.0,0.5,2,7,-5,2191.4321251490173,2088.4134549991004,1612.0005275528713,1612.0005275528713
1760,2024,3292,56,3261,83,-1,25.0,57.42857142857143,8.285714285714286,25.428571428571427,8.428571428571429,12.714285714285714,8.714285714285714,7.571428571428571,12.0,19.428571428571427,55.57142857142857,5.285714285714286,18.857142857142858,7.142857142857143,11.142857142857142,12.285714285714286,3.142857142857143,17.714285714285715,19.285714285714285,27.833333333333332,68.0,4.5,13.166666666666666,13.5,13.666666666666666,13.0,8.166666666666666,13.666666666666666,23.166666666666668,63.833333333333336,4.833333333333333,16.0,9.0,12.5,15.5,6.833333333333333,17.833333333333332,15.5,1.0,0.6666666666666666,11,3,8,1941.767942702126,2242.701953952034,1612.0005275528713,1612.0005275528713
1761,2024,3304,51,3333,61,-1,27.5,65.16666666666667,10.666666666666666,27.666666666666668,11.5,19.666666666666668,12.833333333333334,6.5,16.0,26.166666666666668,61.0,6.666666666666667,19.166666666666668,6.5,15.833333333333334,13.5,5.666666666666667,15.5,7.166666666666667,25.8,62.6,6.6,21.8,7.8,14.8,9.4,4.6,11.8,26.2,63.8,5.8,16.6,7.6,14.6,9.0,5.0,14.2,0.8,0.75,0.5,6,3,3,1966.8985564999125,2069.79035039677,1612.0005275528713,1612.0005275528713
1762,2024,3314,41,3376,88,-1,23.75,60.25,5.0,19.0,9.25,9.75,12.5,7.5,18.5,23.5,57.5,7.75,22.0,9.25,14.0,14.5,5.5,18.5,-3.25,32.0,66.16666666666667,5.833333333333333,15.0,13.0,19.833333333333332,13.666666666666666,7.0,16.5,23.0,63.333333333333336,6.0,21.833333333333332,9.5,11.5,13.5,5.666666666666667,16.333333333333332,18.666666666666668,0.0,1.0,8,1,7,2017.914625202077,2540.703606095881,1612.0005275528713,1612.0005275528713
1763,2024,3235,81,3390,87,-1,28.333333333333332,56.0,8.666666666666666,20.333333333333332,5.166666666666667,19.5,15.666666666666666,5.666666666666667,13.5,23.5,64.33333333333333,8.0,23.833333333333332,8.666666666666666,15.0,10.166666666666666,9.0,14.666666666666666,8.666666666666666,28.5,65.66666666666667,7.0,21.666666666666668,11.333333333333334,20.0,10.333333333333334,3.6666666666666665,14.333333333333334,23.5,65.5,6.666666666666667,22.333333333333332,8.333333333333334,12.0,7.166666666666667,5.0,14.166666666666666,8.0,0.6666666666666666,0.6666666666666666,7,2,5,2049.0350854742755,2256.995644143225,1612.0005275528713,1612.0005275528713
1764,2024,3104,54,3400,65,-1,28.5,64.0,6.75,19.5,9.5,11.25,12.25,7.5,15.75,29.0,61.75,7.25,17.25,8.5,18.0,14.5,6.0,15.5,0.0,28.166666666666668,57.333333333333336,3.5,8.0,8.666666666666666,13.666666666666666,10.166666666666666,6.5,17.666666666666668,20.666666666666668,52.333333333333336,6.0,16.333333333333332,7.333333333333333,12.166666666666666,17.833333333333332,4.833333333333333,19.5,15.833333333333334,0.0,1.0,8,1,7,1994.486515136464,2208.523701498715,1612.0005275528713,1612.0005275528713
1765,2024,3393,64,3163,72,-1,24.0,66.33333333333333,6.0,22.666666666666668,16.0,6.333333333333333,12.0,6.333333333333333,17.0,25.333333333333332,65.0,4.0,19.0,15.333333333333334,13.0,10.333333333333334,5.333333333333333,18.333333333333332,-2.3333333333333335,27.833333333333332,57.666666666666664,7.333333333333333,21.5,6.166666666666667,17.333333333333332,11.5,10.166666666666666,11.833333333333334,17.833333333333332,56.166666666666664,4.666666666666667,20.666666666666668,6.833333333333333,10.666666666666666,15.833333333333334,5.166666666666667,16.5,29.833333333333332,0.0,1.0,6,3,3,2012.7321808724407,2337.9058690840434,1612.0005275528713,1612.0005275528713
1766,2024,3428,66,3211,77,-1,24.0,55.8,8.4,26.2,5.6,17.4,12.4,5.8,14.6,25.8,58.2,5.6,16.6,7.2,16.0,12.2,6.6,15.2,1.4,27.75,62.75,8.75,23.5,12.5,18.75,15.0,9.25,11.75,20.5,54.0,4.5,18.75,5.5,11.5,18.0,9.25,16.75,23.5,0.5,0.5,5,4,1,2072.241529929788,2084.8108639370857,1612.0005275528713,1612.0005275528713
1767,2024,3328,68,3231,75,-1,27.6,67.6,8.6,26.0,12.6,18.2,14.8,8.0,17.2,25.0,58.0,7.0,18.4,6.0,13.8,13.2,6.2,16.6,5.2,25.666666666666668,57.666666666666664,8.0,23.666666666666668,6.333333333333333,14.666666666666666,13.666666666666666,6.0,15.666666666666666,23.666666666666668,63.0,3.6666666666666665,14.0,8.0,13.333333333333334,10.666666666666666,7.0,15.0,8.0,0.5,0.0,5,4,1,2064.980320647502,2193.5708328794503,1612.0005275528713,1612.0005275528713
1768,2024,3452,54,3234,64,-1,22.2,54.6,5.8,20.6,6.6,8.6,13.8,11.6,19.0,22.2,47.8,3.6,11.4,7.2,13.2,21.4,7.6,17.8,2.4,34.666666666666664,67.83333333333333,14.833333333333334,34.5,9.666666666666666,25.666666666666668,13.833333333333334,7.333333333333333,13.333333333333334,27.666666666666668,70.0,9.833333333333334,27.5,9.833333333333334,17.0,13.333333333333334,7.5,18.666666666666668,23.166666666666668,0.5,1.0,8,1,7,1978.4251736079116,2306.6339960206624,1612.0005275528713,1612.0005275528713
1769,2024,3397,72,3301,79,-1,26.166666666666668,63.333333333333336,6.166666666666667,19.333333333333332,11.0,14.833333333333334,13.5,3.0,15.666666666666666,26.666666666666668,71.5,4.666666666666667,15.666666666666666,13.333333333333334,12.0,9.5,7.333333333333333,17.666666666666668,3.5,24.0,61.5,3.6666666666666665,15.5,9.333333333333334,11.5,12.166666666666666,5.0,11.5,22.5,65.66666666666667,5.833333333333333,22.0,8.666666666666666,9.0,10.166666666666666,6.666666666666667,15.333333333333334,6.0,0.6666666666666666,0.6666666666666666,6,3,3,2060.4331078752184,2211.822115628352,1612.0005275528713,1612.0005275528713
1770,2024,3279,56,3323,71,-1,28.4,64.4,3.8,11.8,13.2,13.6,13.4,6.8,20.6,19.8,56.6,3.0,11.8,5.8,9.6,14.4,4.2,17.6,19.4,26.833333333333332,59.5,5.5,14.333333333333334,6.833333333333333,14.666666666666666,11.333333333333334,8.333333333333334,16.166666666666668,21.166666666666668,61.333333333333336,5.0,18.5,10.166666666666666,9.166666666666666,15.0,5.666666666666667,17.666666666666668,15.833333333333334,0.5,1.0,7,2,5,2067.124567175188,2237.158417604792,1612.0005275528713,1612.0005275528713
1771,2024,3166,63,3417,67,-1,26.0,57.4,8.6,24.0,7.4,15.4,9.4,5.8,12.8,23.8,58.6,6.0,17.6,8.8,12.4,10.6,4.4,16.8,11.4,24.0,55.2,5.2,18.0,11.8,13.6,18.6,5.6,16.0,18.4,60.4,4.6,17.8,8.0,9.4,10.2,12.2,16.8,11.4,0.5,0.5,7,2,5,2074.782272500815,2164.851426074124,1612.0005275528713,1612.0005275528713
1772,2024,3242,55,3425,73,-1,24.6,54.2,5.2,12.8,5.8,8.8,11.0,6.6,16.6,23.6,56.4,4.0,14.4,10.0,13.2,13.4,4.2,16.4,6.4,26.833333333333332,67.33333333333333,5.666666666666667,19.5,13.166666666666666,13.5,13.166666666666666,7.166666666666667,17.833333333333332,24.666666666666668,62.666666666666664,6.333333333333333,18.833333333333332,6.833333333333333,15.666666666666666,12.333333333333334,8.166666666666666,19.666666666666668,6.166666666666667,0.5,1.0,8,1,7,1976.9330391784767,2156.5535385757603,1612.0005275528713,1612.0005275528713
1773,2024,3390,67,3301,77,1,28.5,65.66666666666667,7.0,21.666666666666668,11.333333333333334,20.0,10.333333333333334,3.6666666666666665,14.333333333333334,23.5,65.5,6.666666666666667,22.333333333333332,8.333333333333334,12.0,7.166666666666667,5.0,14.166666666666666,8.0,24.0,61.5,3.6666666666666665,15.5,9.333333333333334,11.5,12.166666666666666,5.0,11.5,22.5,65.66666666666667,5.833333333333333,22.0,8.666666666666666,9.0,10.166666666666666,6.666666666666667,15.333333333333334,6.0,0.6666666666666666,0.6666666666666666,2,3,-1,2256.995644143225,2211.822115628352,1612.0005275528713,1612.0005275528713
1774,2024,3323,65,3333,70,1,26.833333333333332,59.5,5.5,14.333333333333334,6.833333333333333,14.666666666666666,11.333333333333334,8.333333333333334,16.166666666666668,21.166666666666668,61.333333333333336,5.0,18.5,10.166666666666666,9.166666666666666,15.0,5.666666666666667,17.666666666666668,15.833333333333334,25.8,62.6,6.6,21.8,7.8,14.8,9.4,4.6,11.8,26.2,63.8,5.8,16.6,7.6,14.6,9.0,5.0,14.2,0.8,1.0,0.5,2,3,-1,2237.158417604792,2069.79035039677,1612.0005275528713,1612.0005275528713
1775,2024,3231,75,3376,79,-1,25.666666666666668,57.666666666666664,8.0,23.666666666666668,6.333333333333333,14.666666666666666,13.666666666666666,6.0,15.666666666666666,23.666666666666668,63.0,3.6666666666666665,14.0,8.0,13.333333333333334,10.666666666666666,7.0,15.0,8.0,32.0,66.16666666666667,5.833333333333333,15.0,13.0,19.833333333333332,13.666666666666666,7.0,16.5,23.0,63.333333333333336,6.0,21.833333333333332,9.5,11.5,13.5,5.666666666666667,16.333333333333332,18.666666666666668,0.0,1.0,4,1,3,2193.5708328794503,2540.703606095881,1612.0005275528713,1612.0005275528713
1776,2024,3211,47,3400,69,-1,27.75,62.75,8.75,23.5,12.5,18.75,15.0,9.25,11.75,20.5,54.0,4.5,18.75,5.5,11.5,18.0,9.25,16.75,23.5,28.166666666666668,57.333333333333336,3.5,8.0,8.666666666666666,13.666666666666666,10.166666666666666,6.5,17.666666666666668,20.666666666666668,52.333333333333336,6.0,16.333333333333332,7.333333333333333,12.166666666666666,17.833333333333332,4.833333333333333,19.5,15.833333333333334,0.5,1.0,4,1,3,2084.8108639370857,2208.523701498715,1612.0005275528713,1612.0005275528713
1777,2024,3181,45,3163,53,-1,25.4,59.8,5.0,18.4,9.4,14.8,14.6,7.4,16.8,21.6,55.4,3.0,12.0,8.2,7.4,14.8,8.0,13.4,7.0,27.833333333333332,57.666666666666664,7.333333333333333,21.5,6.166666666666667,17.333333333333332,11.5,10.166666666666666,11.833333333333334,17.833333333333332,56.166666666666664,4.666666666666667,20.666666666666668,6.833333333333333,10.666666666666666,15.833333333333334,5.166666666666667,16.5,29.833333333333332,0.5,1.0,7,3,4,2088.4134549991004,2337.9058690840434,1612.0005275528713,1612.0005275528713
1778,2024,3160,68,3234,89,-1,24.2,60.8,7.4,17.6,7.8,15.6,13.2,8.0,15.6,22.4,57.6,5.0,16.6,7.0,11.2,14.2,6.2,12.6,6.4,34.666666666666664,67.83333333333333,14.833333333333334,34.5,9.666666666666666,25.666666666666668,13.833333333333334,7.333333333333333,13.333333333333334,27.666666666666668,70.0,9.833333333333334,27.5,9.833333333333334,17.0,13.333333333333334,7.5,18.666666666666668,23.166666666666668,0.5,1.0,5,1,4,2056.765025699242,2306.6339960206624,1612.0005275528713,1612.0005275528713
1779,2024,3417,69,3261,78,1,24.0,55.2,5.2,18.0,11.8,13.6,18.6,5.6,16.0,18.4,60.4,4.6,17.8,8.0,9.4,10.2,12.2,16.8,11.4,27.833333333333332,68.0,4.5,13.166666666666666,13.5,13.666666666666666,13.0,8.166666666666666,13.666666666666666,23.166666666666668,63.833333333333336,4.833333333333333,16.0,9.0,12.5,15.5,6.833333333333333,17.833333333333332,15.5,0.5,0.6666666666666666,2,3,-1,2164.851426074124,2242.701953952034,1612.0005275528713,1612.0005275528713
1780,2024,3124,70,3425,74,-1,27.0,65.6,7.0,21.2,13.2,14.0,15.4,9.8,16.8,22.2,56.2,4.0,16.4,7.6,11.0,19.0,7.6,14.0,9.6,26.833333333333332,67.33333333333333,5.666666666666667,19.5,13.166666666666666,13.5,13.166666666666666,7.166666666666667,17.833333333333332,24.666666666666668,62.666666666666664,6.333333333333333,18.833333333333332,6.833333333333333,15.666666666666666,12.333333333333334,8.166666666666666,19.666666666666668,6.166666666666667,0.5,1.0,5,1,4,2102.164126897898,2156.5535385757603,1612.0005275528713,1612.0005275528713
1781,2024,3400,66,3301,76,0,28.166666666666668,57.333333333333336,3.5,8.0,8.666666666666666,13.666666666666666,10.166666666666666,6.5,17.666666666666668,20.666666666666668,52.333333333333336,6.0,16.333333333333332,7.333333333333333,12.166666666666666,17.833333333333332,4.833333333333333,19.5,15.833333333333334,24.0,61.5,3.6666666666666665,15.5,9.333333333333334,11.5,12.166666666666666,5.0,11.5,22.5,65.66666666666667,5.833333333333333,22.0,8.666666666666666,9.0,10.166666666666666,6.666666666666667,15.333333333333334,6.0,1.0,0.6666666666666666,1,3,-2,2208.523701498715,2211.822115628352,1612.0005275528713,1612.0005275528713
1782,2024,3333,58,3376,70,0,25.8,62.6,6.6,21.8,7.8,14.8,9.4,4.6,11.8,26.2,63.8,5.8,16.6,7.6,14.6,9.0,5.0,14.2,0.8,32.0,66.16666666666667,5.833333333333333,15.0,13.0,19.833333333333332,13.666666666666666,7.0,16.5,23.0,63.333333333333336,6.0,21.833333333333332,9.5,11.5,13.5,5.666666666666667,16.333333333333332,18.666666666666668,0.5,1.0,3,1,2,2069.79035039677,2540.703606095881,1612.0005275528713,1612.0005275528713
1783,2024,3425,73,3163,80,1,26.833333333333332,67.33333333333333,5.666666666666667,19.5,13.166666666666666,13.5,13.166666666666666,7.166666666666667,17.833333333333332,24.666666666666668,62.666666666666664,6.333333333333333,18.833333333333332,6.833333333333333,15.666666666666666,12.333333333333334,8.166666666666666,19.666666666666668,6.166666666666667,27.833333333333332,57.666666666666664,7.333333333333333,21.5,6.166666666666667,17.333333333333332,11.5,10.166666666666666,11.833333333333334,17.833333333333332,56.166666666666664,4.666666666666667,20.666666666666668,6.833333333333333,10.666666666666666,15.833333333333334,5.166666666666667,16.5,29.833333333333332,1.0,1.0,1,3,-2,2156.5535385757603,2337.9058690840434,1612.0005275528713,1612.0005275528713
1784,2024,3261,87,3234,94,-1,27.833333333333332,68.0,4.5,13.166666666666666,13.5,13.666666666666666,13.0,8.166666666666666,13.666666666666666,23.166666666666668,63.833333333333336,4.833333333333333,16.0,9.0,12.5,15.5,6.833333333333333,17.833333333333332,15.5,34.666666666666664,67.83333333333333,14.833333333333334,34.5,9.666666666666666,25.666666666666668,13.833333333333334,7.333333333333333,13.333333333333334,27.666666666666668,70.0,9.833333333333334,27.5,9.833333333333334,17.0,13.333333333333334,7.5,18.666666666666668,23.166666666666668,0.6666666666666666,1.0,3,1,2,2242.701953952034,2306.6339960206624,1612.0005275528713,1612.0005275528713
1785,2024,3163,69,3234,71,0,27.833333333333332,57.666666666666664,7.333333333333333,21.5,6.166666666666667,17.333333333333332,11.5,10.166666666666666,11.833333333333334,17.833333333333332,56.166666666666664,4.666666666666667,20.666666666666668,6.833333333333333,10.666666666666666,15.833333333333334,5.166666666666667,16.5,29.833333333333332,34.666666666666664,67.83333333333333,14.833333333333334,34.5,9.666666666666666,25.666666666666668,13.833333333333334,7.333333333333333,13.333333333333334,27.666666666666668,70.0,9.833333333333334,27.5,9.833333333333334,17.0,13.333333333333334,7.5,18.666666666666668,23.166666666666668,1.0,1.0,3,1,2,2337.9058690840434,2306.6339960206624,1612.0005275528713,1612.0005275528713
1786,2024,3301,59,3376,78,0,24.0,61.5,3.6666666666666665,15.5,9.333333333333334,11.5,12.166666666666666,5.0,11.5,22.5,65.66666666666667,5.833333333333333,22.0,8.666666666666666,9.0,10.166666666666666,6.666666666666667,15.333333333333334,6.0,32.0,66.16666666666667,5.833333333333333,15.0,13.0,19.833333333333332,13.666666666666666,7.0,16.5,23.0,63.333333333333336,6.0,21.833333333333332,9.5,11.5,13.5,5.666666666666667,16.333333333333332,18.666666666666668,0.6666666666666666,1.0,3,1,2,2211.822115628352,2540.703606095881,1612.0005275528713,1612.0005275528713
1787,2024,3234,75,3376,87,0,34.666666666666664,67.83333333333333,14.833333333333334,34.5,9.666666666666666,25.666666666666668,13.833333333333334,7.333333333333333,13.333333333333334,27.666666666666668,70.0,9.833333333333334,27.5,9.833333333333334,17.0,13.333333333333334,7.5,18.666666666666668,23.166666666666668,32.0,66.16666666666667,5.833333333333333,15.0,13.0,19.833333333333332,13.666666666666666,7.0,16.5,23.0,63.333333333333336,6.0,21.833333333333332,9.5,11.5,13.5,5.666666666666667,16.333333333333332,18.666666666666668,1.0,1.0,1,1,0,2306.6339960206624,2540.703606095881,1612.0005275528713,1612.0005275528713
