Pred,TEAM1,TEAM2,team_1_TeamName,team_2_TeamName
0.2517310998214536,1103,1104,Akron,Alabama
0.6012357652329512,1103,1106,Akron,Alabama St
0.52127883449538,1103,1110,Akron,American Univ
0.4068345981908311,1103,1112,Akron,Arizona
0.4519578823470001,1103,1116,Akron,Arkansas
0.2409394678997,1103,1120,Akron,Auburn
0.3162172107170729,1103,1124,Akron,Baylor
0.5845054964540644,1103,1136,Akron,Bryant
0.3609402381988661,1103,1140,Akron,BYU
0.3082322203779886,1103,1155,Akron,Clemson
0.3574994298946305,1103,1161,Akron,Colorado St
0.2802581453265165,1103,1163,Akron,Connecticut
0.3462828996786178,1103,1166,Akron,Creighton
0.3486695050623358,1103,1179,Akron,Drake
0.2462891749389683,1103,1181,Akron,Duke
0.5625147687691114,1103,1188,Akron,SIUE
0.2993848277327427,1103,1196,Akron,Florida
0.4246011175478797,1103,1208,Akron,Georgia
0.3177824569612991,1103,1211,Akron,Gonzaga
0.4956468657083464,1103,1213,Akron,Grand Canyon
0.4953022440916225,1103,1219,Akron,High Point
0.2440412478636156,1103,1222,Akron,Houston
0.3747003586345334,1103,1228,Akron,Illinois
0.2631947653889936,1103,1235,Akron,Iowa St
0.3570549657296523,1103,1242,Akron,Kansas
0.3634947474872308,1103,1246,Akron,Kentucky
0.419765308401517,1103,1251,Akron,Liberty
0.5039616132343786,1103,1252,Akron,Lipscomb
0.4556893590903197,1103,1257,Akron,Louisville
0.303751379863103,1103,1266,Akron,Marquette
0.3384032261667716,1103,1268,Akron,Maryland
0.3980727231349166,1103,1270,Akron,McNeese St
0.3807603153830712,1103,1272,Akron,Memphis
0.3721197566859774,1103,1276,Akron,Michigan
0.2696655327925508,1103,1277,Akron,Michigan St
0.4169081763626304,1103,1279,Akron,Mississippi
0.4729293041533361,1103,1280,Akron,Mississippi St
0.4468784099865715,1103,1281,Akron,Missouri
0.5039616132343786,1103,1285,Akron,Montana
0.5880927320774908,1103,1291,Akron,Mt St Mary's
0.6257320243600492,1103,1303,Akron,NE Omaha
0.3705067807741078,1103,1307,Akron,New Mexico
0.5625147687691114,1103,1313,Akron,Norfolk St
0.3347152121142272,1103,1314,Akron,North Carolina
0.4348516950692608,1103,1328,Akron,Oklahoma
0.2948449833464706,1103,1332,Akron,Oregon
0.3084626389797774,1103,1345,Akron,Purdue
0.6257320243600492,1103,1352,Akron,Robert Morris
0.3940794824925099,1103,1361,Akron,San Diego St
0.626054824572944,1103,1384,Akron,St Francis PA
0.2479912915343047,1103,1385,Akron,St John's
0.3177523990549039,1103,1388,Akron,St Mary's CA
0.2590326158154258,1103,1397,Akron,Tennessee
0.4375854303190587,1103,1400,Akron,Texas
0.3914474893537394,1103,1401,Akron,Texas A&M
0.3204718683973766,1103,1403,Akron,Texas Tech
0.6012357652329512,1103,1407,Akron,Troy
0.3942967444481035,1103,1417,Akron,UCLA
0.6044466623738002,1103,1423,Akron,UNC Wilmington
0.3511095690088767,1103,1429,Akron,Utah St
0.3735741400433216,1103,1433,Akron,VCU
0.4261282259851789,1103,1435,Akron,Vanderbilt
0.3061587522787901,1103,1458,Akron,Wisconsin
0.5625147687691114,1103,1459,Akron,Wofford
0.4143654718989193,1103,1462,Akron,Xavier
0.5214668901136438,1103,1463,Akron,Yale
0.3941351327510621,1103,1471,Akron,UC San Diego
0.7972201125132888,1104,1106,Alabama,Alabama St
0.7918989642910328,1104,1110,Alabama,American Univ
0.540716445718764,1104,1112,Alabama,Arizona
0.7239648609770305,1104,1116,Alabama,Arkansas
0.3843724998433463,1104,1120,Alabama,Auburn
0.6907322182608754,1104,1124,Alabama,Baylor
0.7875091841419583,1104,1136,Alabama,Bryant
0.6184588120886418,1104,1140,Alabama,BYU
0.5572702258528572,1104,1155,Alabama,Clemson
0.7555336423283907,1104,1161,Alabama,Colorado St
0.3707992892387264,1104,1163,Alabama,Connecticut
0.48700845418817,1104,1166,Alabama,Creighton
0.7555336423283907,1104,1179,Alabama,Drake
0.5716376966168811,1104,1181,Alabama,Duke
0.7972201125132888,1104,1188,Alabama,SIUE
0.6031254094452798,1104,1196,Alabama,Florida
0.7440707805670834,1104,1208,Alabama,Georgia
0.5639931595589068,1104,1211,Alabama,Gonzaga
0.7558645383892006,1104,1213,Alabama,Grand Canyon
0.7653552658240979,1104,1219,Alabama,High Point
0.3397218535356069,1104,1222,Alabama,Houston
0.6184588120886418,1104,1228,Alabama,Illinois
0.5043045399400635,1104,1235,Alabama,Iowa St
0.540716445718764,1104,1242,Alabama,Kansas
0.6184588120886418,1104,1246,Alabama,Kentucky
0.7757903882099528,1104,1251,Alabama,Liberty
0.7918989642910328,1104,1252,Alabama,Lipscomb
0.668303972624494,1104,1257,Alabama,Louisville
0.4589649423030596,1104,1266,Alabama,Marquette
0.6377891566135642,1104,1268,Alabama,Maryland
0.7669433036904525,1104,1270,Alabama,McNeese St
0.6044348360919524,1104,1272,Alabama,Memphis
0.6184588120886418,1104,1276,Alabama,Michigan
0.5849482535831145,1104,1277,Alabama,Michigan St
0.7440707805670834,1104,1279,Alabama,Mississippi
0.6907322182608754,1104,1280,Alabama,Mississippi St
0.6888355715648921,1104,1281,Alabama,Missouri
0.7972201125132888,1104,1285,Alabama,Montana
0.7835101313086285,1104,1291,Alabama,Mt St Mary's
0.7733293220663905,1104,1303,Alabama,NE Omaha
0.7013457778380263,1104,1307,Alabama,New Mexico
0.7835101313086285,1104,1313,Alabama,Norfolk St
0.706456258525425,1104,1314,Alabama,North Carolina
0.668303972624494,1104,1328,Alabama,Oklahoma
0.6377891566135642,1104,1332,Alabama,Oregon
0.4483414652872,1104,1345,Alabama,Purdue
0.7835101313086285,1104,1352,Alabama,Robert Morris
0.7360148951710683,1104,1361,Alabama,San Diego St
0.7918989642910328,1104,1384,Alabama,St Francis PA
0.5674401983175206,1104,1385,Alabama,St John's
0.5572702258528572,1104,1388,Alabama,St Mary's CA
0.5138086199879045,1104,1397,Alabama,Tennessee
0.7494623710515085,1104,1400,Alabama,Texas
0.642454265728704,1104,1401,Alabama,Texas A&M
0.5863792494730642,1104,1403,Alabama,Texas Tech
0.7918989642910328,1104,1407,Alabama,Troy
0.6907322182608754,1104,1417,Alabama,UCLA
0.7669433036904525,1104,1423,Alabama,UNC Wilmington
0.642454265728704,1104,1429,Alabama,Utah St
0.7555336423283907,1104,1433,Alabama,VCU
0.6907322182608754,1104,1435,Alabama,Vanderbilt
0.5337323941292809,1104,1458,Alabama,Wisconsin
0.7835101313086285,1104,1459,Alabama,Wofford
0.7399246818319022,1104,1462,Alabama,Xavier
0.7669433036904525,1104,1463,Alabama,Yale
0.7757903882099528,1104,1471,Alabama,UC San Diego
0.4080137289019032,1106,1110,Alabama St,American Univ
0.3377387283037511,1106,1112,Alabama St,Arizona
0.4302523103519792,1106,1116,Alabama St,Arkansas
0.1902295717524108,1106,1120,Alabama St,Auburn
0.2945823345558587,1106,1124,Alabama St,Baylor
0.3665082518172514,1106,1136,Alabama St,Bryant
0.3030877353535453,1106,1140,Alabama St,BYU
0.2438222002055705,1106,1155,Alabama St,Clemson
0.3159107016544035,1106,1161,Alabama St,Colorado St
0.1968374763638015,1106,1163,Alabama St,Connecticut
0.2921268709946062,1106,1166,Alabama St,Creighton
0.3500781311718962,1106,1179,Alabama St,Drake
0.1947422073670035,1106,1181,Alabama St,Duke
0.4643242796793263,1106,1188,Alabama St,SIUE
0.2497610610983723,1106,1196,Alabama St,Florida
0.377496147242152,1106,1208,Alabama St,Georgia
0.2642737235735652,1106,1211,Alabama St,Gonzaga
0.4046445258688587,1106,1213,Alabama St,Grand Canyon
0.3155462428674361,1106,1219,Alabama St,High Point
0.1816192444882678,1106,1222,Alabama St,Houston
0.3364397945440958,1106,1228,Alabama St,Illinois
0.2054016101572503,1106,1235,Alabama St,Iowa St
0.2804327040191856,1106,1242,Alabama St,Kansas
0.3246110921014762,1106,1246,Alabama St,Kentucky
0.375162620033418,1106,1251,Alabama St,Liberty
0.369723668867619,1106,1252,Alabama St,Lipscomb
0.3737447244063611,1106,1257,Alabama St,Louisville
0.2428750593251414,1106,1266,Alabama St,Marquette
0.321127393323995,1106,1268,Alabama St,Maryland
0.3575681056050508,1106,1270,Alabama St,McNeese St
0.3410192575412853,1106,1272,Alabama St,Memphis
0.332795866130019,1106,1276,Alabama St,Michigan
0.210858129201628,1106,1277,Alabama St,Michigan St
0.3622209520178893,1106,1279,Alabama St,Mississippi
0.4161380268597383,1106,1280,Alabama St,Mississippi St
0.4135534935913719,1106,1281,Alabama St,Missouri
0.3400746387201136,1106,1285,Alabama St,Montana
0.4205148536286237,1106,1291,Alabama St,Mt St Mary's
0.3259899823221702,1106,1303,Alabama St,NE Omaha
0.3719532485146788,1106,1307,Alabama St,New Mexico
0.438784447531328,1106,1313,Alabama St,Norfolk St
0.31753729156378,1106,1314,Alabama St,North Carolina
0.3873751230965586,1106,1328,Alabama St,Oklahoma
0.272646167219877,1106,1332,Alabama St,Oregon
0.2578880537350459,1106,1345,Alabama St,Purdue
0.3937123334226978,1106,1352,Alabama St,Robert Morris
0.3732603964577001,1106,1361,Alabama St,San Diego St
0.5422036684084673,1106,1384,Alabama St,St Francis PA
0.2044008701635019,1106,1385,Alabama St,St John's
0.2501535108785788,1106,1388,Alabama St,St Mary's CA
0.2055458747680479,1106,1397,Alabama St,Tennessee
0.4126580611962328,1106,1400,Alabama St,Texas
0.3441718573480956,1106,1401,Alabama St,Texas A&M
0.2781474455882722,1106,1403,Alabama St,Texas Tech
0.3222923300389898,1106,1407,Alabama St,Troy
0.3377119777462458,1106,1417,Alabama St,UCLA
0.3413830406520109,1106,1423,Alabama St,UNC Wilmington
0.3335120608888186,1106,1429,Alabama St,Utah St
0.375025448604256,1106,1433,Alabama St,VCU
0.4276443227299061,1106,1435,Alabama St,Vanderbilt
0.2558221675693021,1106,1458,Alabama St,Wisconsin
0.2924115524539766,1106,1459,Alabama St,Wofford
0.3931700905487045,1106,1462,Alabama St,Xavier
0.3245960546203075,1106,1463,Alabama St,Yale
0.3537956774376511,1106,1471,Alabama St,UC San Diego
0.358361122568308,1110,1112,American Univ,Arizona
0.4526625215582085,1110,1116,American Univ,Arkansas
0.1902295717524108,1110,1120,American Univ,Auburn
0.3239046021747888,1110,1124,American Univ,Baylor
0.3989409989586776,1110,1136,American Univ,Bryant
0.3226250576642395,1110,1140,American Univ,BYU
0.2438222002055705,1110,1155,American Univ,Clemson
0.3463137119858154,1110,1161,American Univ,Colorado St
0.1968374763638015,1110,1163,American Univ,Connecticut
0.2921268709946062,1110,1166,American Univ,Creighton
0.3819335294965373,1110,1179,American Univ,Drake
0.1947422073670035,1110,1181,American Univ,Duke
0.598967161719041,1110,1188,American Univ,SIUE
0.2497610610983723,1110,1196,American Univ,Florida
0.3990832512418902,1110,1208,American Univ,Georgia
0.291827181564927,1110,1211,American Univ,Gonzaga
0.4381180635685582,1110,1213,American Univ,Grand Canyon
0.3459319148893044,1110,1219,American Univ,High Point
0.1816192444882678,1110,1222,American Univ,Houston
0.3677563995794489,1110,1228,American Univ,Illinois
0.2054016101572503,1110,1235,American Univ,Iowa St
0.2991364957027945,1110,1242,American Univ,Kansas
0.3448493028783482,1110,1246,American Univ,Kentucky
0.4078681260890785,1110,1251,American Univ,Liberty
0.4022602748026683,1110,1252,American Univ,Lipscomb
0.3952535142318275,1110,1257,American Univ,Louisville
0.2428750593251414,1110,1266,American Univ,Marquette
0.3517742883683902,1110,1268,American Univ,Maryland
0.3787089072936598,1110,1270,American Univ,McNeese St
0.3617325507332828,1110,1272,American Univ,Memphis
0.3532774472788264,1110,1276,American Univ,Michigan
0.210858129201628,1110,1277,American Univ,Michigan St
0.3834726420087771,1110,1279,American Univ,Mississippi
0.4383787294552798,1110,1280,American Univ,Mississippi St
0.4472104172766071,1110,1281,American Univ,Missouri
0.3715401405929829,1110,1285,American Univ,Montana
0.4914819450674703,1110,1291,American Univ,Mt St Mary's
0.3462700856924611,1110,1303,American Univ,NE Omaha
0.4045601211784986,1110,1307,American Univ,New Mexico
0.4807562791328582,1110,1313,American Univ,Norfolk St
0.3480172060805376,1110,1314,American Univ,North Carolina
0.4091558426921342,1110,1328,American Univ,Oklahoma
0.3007157537286103,1110,1332,American Univ,Oregon
0.2578880537350459,1110,1345,American Univ,Purdue
0.4156076434105324,1110,1352,American Univ,Robert Morris
0.3947588830562146,1110,1361,American Univ,San Diego St
0.6608049238852723,1110,1384,American Univ,St Francis PA
0.2044008701635019,1110,1385,American Univ,St John's
0.26758879911348,1110,1388,American Univ,St Mary's CA
0.2055458747680479,1110,1397,American Univ,Tennessee
0.4462975693420247,1110,1400,American Univ,Texas
0.3649705841397466,1110,1401,American Univ,Texas A&M
0.3065447043444254,1110,1403,American Univ,Texas Tech
0.3529925930801173,1110,1407,American Univ,Troy
0.3690811350023809,1110,1417,American Univ,UCLA
0.3621062881935263,1110,1423,American Univ,UNC Wilmington
0.36470592821194,1110,1429,American Univ,Utah St
0.4077267995840071,1110,1433,American Univ,VCU
0.4615454864505666,1110,1435,American Univ,Vanderbilt
0.2558221675693021,1110,1458,American Univ,Wisconsin
0.3216162579777241,1110,1459,American Univ,Wofford
0.4150558890749153,1110,1462,American Univ,Xavier
0.344833806543947,1110,1463,American Univ,Yale
0.3748435774154471,1110,1471,American Univ,UC San Diego
0.6811821980983853,1112,1116,Arizona,Arkansas
0.2647757535039452,1112,1120,Arizona,Auburn
0.5956521656530356,1112,1124,Arizona,Baylor
0.701025884520707,1112,1136,Arizona,Bryant
0.5656006060215216,1112,1140,Arizona,BYU
0.4853638989756051,1112,1155,Arizona,Clemson
0.6183533648906547,1112,1161,Arizona,Colorado St
0.346157347585115,1112,1163,Arizona,Connecticut
0.5160495625860793,1112,1166,Arizona,Creighton
0.6034787080367567,1112,1179,Arizona,Drake
0.3790519146861589,1112,1181,Arizona,Duke
0.7132500076211993,1112,1188,Arizona,SIUE
0.4403668437019382,1112,1196,Arizona,Florida
0.6811821980983853,1112,1208,Arizona,Georgia
0.4878470855626988,1112,1211,Arizona,Gonzaga
0.6849769739301365,1112,1213,Arizona,Grand Canyon
0.6853994818859072,1112,1219,Arizona,High Point
0.2320796102688815,1112,1222,Arizona,Houston
0.5656006060215216,1112,1228,Arizona,Illinois
0.4100139559145141,1112,1235,Arizona,Iowa St
0.5135884790692168,1112,1242,Arizona,Kansas
0.5324303899793883,1112,1246,Arizona,Kentucky
0.6811821980983853,1112,1251,Arizona,Liberty
0.706536511711703,1112,1252,Arizona,Lipscomb
0.6106309882144589,1112,1257,Arizona,Louisville
0.484737209223785,1112,1266,Arizona,Marquette
0.5425293156106856,1112,1268,Arizona,Maryland
0.6811821980983853,1112,1270,Arizona,McNeese St
0.5510441434714383,1112,1272,Arizona,Memphis
0.5656006060215216,1112,1276,Arizona,Michigan
0.4152601241328348,1112,1277,Arizona,Michigan St
0.6811821980983853,1112,1279,Arizona,Mississippi
0.5956521656530356,1112,1280,Arizona,Mississippi St
0.5965070054473636,1112,1281,Arizona,Missouri
0.7132500076211993,1112,1285,Arizona,Montana
0.706536511711703,1112,1291,Arizona,Mt St Mary's
0.6941489174595908,1112,1303,Arizona,NE Omaha
0.5956521656530356,1112,1307,Arizona,New Mexico
0.706536511711703,1112,1313,Arizona,Norfolk St
0.5547715123732683,1112,1314,Arizona,North Carolina
0.6106309882144589,1112,1328,Arizona,Oklahoma
0.5735924221626307,1112,1332,Arizona,Oregon
0.4058412665562959,1112,1345,Arizona,Purdue
0.706536511711703,1112,1352,Arizona,Robert Morris
0.5774492169487785,1112,1361,Arizona,San Diego St
0.706536511711703,1112,1384,Arizona,St Francis PA
0.396554221210029,1112,1385,Arizona,St John's
0.4853638989756051,1112,1388,Arizona,St Mary's CA
0.3778217076906898,1112,1397,Arizona,Tennessee
0.5956521656530356,1112,1400,Arizona,Texas
0.547375863675129,1112,1401,Arizona,Texas A&M
0.4358535659665535,1112,1403,Arizona,Texas Tech
0.706536511711703,1112,1407,Arizona,Troy
0.5956521656530356,1112,1417,Arizona,UCLA
0.697987265619183,1112,1423,Arizona,UNC Wilmington
0.5547715123732683,1112,1429,Arizona,Utah St
0.6034787080367567,1112,1433,Arizona,VCU
0.5956521656530356,1112,1435,Arizona,Vanderbilt
0.4560399155220691,1112,1458,Arizona,Wisconsin
0.706536511711703,1112,1459,Arizona,Wofford
0.5956521656530356,1112,1462,Arizona,Xavier
0.697987265619183,1112,1463,Arizona,Yale
0.6811821980983853,1112,1471,Arizona,UC San Diego
0.2057792002740386,1116,1120,Arkansas,Auburn
0.3737732103959011,1116,1124,Arkansas,Baylor
0.525795276510928,1116,1136,Arkansas,Bryant
0.3610343238056352,1116,1140,Arkansas,BYU
0.2631733780421876,1116,1155,Arkansas,Clemson
0.4279052126209119,1116,1161,Arkansas,Colorado St
0.2373107416755067,1116,1163,Arkansas,Connecticut
0.3171935474539526,1116,1166,Arkansas,Creighton
0.4258001444355678,1116,1179,Arkansas,Drake
0.2194252546412748,1116,1181,Arkansas,Duke
0.5033375595989097,1116,1188,Arkansas,SIUE
0.2790014608839808,1116,1196,Arkansas,Florida
0.4643054994696093,1116,1208,Arkansas,Georgia
0.2846370752403084,1116,1211,Arkansas,Gonzaga
0.5261389967819804,1116,1213,Arkansas,Grand Canyon
0.525795276510928,1116,1219,Arkansas,High Point
0.1966359610533152,1116,1222,Arkansas,Houston
0.3971292896009157,1116,1228,Arkansas,Illinois
0.2414810208485387,1116,1235,Arkansas,Iowa St
0.336137049020091,1116,1242,Arkansas,Kansas
0.4154427281612518,1116,1246,Arkansas,Kentucky
0.4446830575485642,1116,1251,Arkansas,Liberty
0.4446830575485642,1116,1252,Arkansas,Lipscomb
0.4747237868823988,1116,1257,Arkansas,Louisville
0.2831908867524588,1116,1266,Arkansas,Marquette
0.3965388163232893,1116,1268,Arkansas,Maryland
0.5624203016961438,1116,1270,Arkansas,McNeese St
0.3939637827950731,1116,1272,Arkansas,Memphis
0.4028541828240751,1116,1276,Arkansas,Michigan
0.2369826860619202,1116,1277,Arkansas,Michigan St
0.4138355294731637,1116,1279,Arkansas,Mississippi
0.4920328954261199,1116,1280,Arkansas,Mississippi St
0.489372078359103,1116,1281,Arkansas,Missouri
0.4446830575485642,1116,1285,Arkansas,Montana
0.5059514272117972,1116,1291,Arkansas,Mt St Mary's
0.5452931430582546,1116,1303,Arkansas,NE Omaha
0.4241343997768079,1116,1307,Arkansas,New Mexico
0.5033375595989097,1116,1313,Arkansas,Norfolk St
0.3855819397159117,1116,1314,Arkansas,North Carolina
0.4747237868823988,1116,1328,Arkansas,Oklahoma
0.3275077882906949,1116,1332,Arkansas,Oregon
0.2997094592573768,1116,1345,Arkansas,Purdue
0.5452931430582546,1116,1352,Arkansas,Robert Morris
0.4211247130584697,1116,1361,Arkansas,San Diego St
0.5456349433715642,1116,1384,Arkansas,St Francis PA
0.2299585277098916,1116,1385,Arkansas,St John's
0.2846339211423144,1116,1388,Arkansas,St Mary's CA
0.2312050948781453,1116,1397,Arkansas,Tennessee
0.4759765583047304,1116,1400,Arkansas,Texas
0.4054039824085632,1116,1401,Arkansas,Texas A&M
0.2991451589442687,1116,1403,Arkansas,Texas Tech
0.5430414062472907,1116,1407,Arkansas,Troy
0.4357292344337038,1116,1417,Arkansas,UCLA
0.5229209808825563,1116,1423,Arkansas,UNC Wilmington
0.4346252873180269,1116,1429,Arkansas,Utah St
0.4554265928709972,1116,1433,Arkansas,VCU
0.4775693674835386,1116,1435,Arkansas,Vanderbilt
0.2907809306395719,1116,1458,Arkansas,Wisconsin
0.5033375595989097,1116,1459,Arkansas,Wofford
0.4247842006227362,1116,1462,Arkansas,Xavier
0.5284016912253462,1116,1463,Arkansas,Yale
0.5232648955477137,1116,1471,Arkansas,UC San Diego
0.7722777042482704,1120,1124,Auburn,Baylor
0.8082514838575339,1120,1136,Auburn,Bryant
0.7341891341063816,1120,1140,Auburn,BYU
0.715000749704966,1120,1155,Auburn,Clemson
0.788545641417409,1120,1161,Auburn,Colorado St
0.5651674646484586,1120,1163,Auburn,Connecticut
0.6542398011668756,1120,1166,Auburn,Creighton
0.788545641417409,1120,1179,Auburn,Drake
0.5533097161760535,1120,1181,Auburn,Duke
0.8172344762438049,1120,1188,Auburn,SIUE
0.6433231624876998,1120,1196,Auburn,Florida
0.7871194992618445,1120,1208,Auburn,Georgia
0.7185393205884094,1120,1211,Auburn,Gonzaga
0.7843926582236711,1120,1213,Auburn,Grand Canyon
0.7930779614682285,1120,1219,Auburn,High Point
0.4022434225268448,1120,1222,Auburn,Houston
0.7341891341063816,1120,1228,Auburn,Illinois
0.6829568353359788,1120,1235,Auburn,Iowa St
0.6991115487724466,1120,1242,Auburn,Kansas
0.7341891341063816,1120,1246,Auburn,Kentucky
0.8025981875743052,1120,1251,Auburn,Liberty
0.8172344762438049,1120,1252,Auburn,Lipscomb
0.7536540804527173,1120,1257,Auburn,Louisville
0.6423698539115088,1120,1266,Auburn,Marquette
0.7438643501552591,1120,1268,Auburn,Maryland
0.7945287467629341,1120,1270,Auburn,McNeese St
0.7225103653903487,1120,1272,Auburn,Memphis
0.7341891341063816,1120,1276,Auburn,Michigan
0.693718913086432,1120,1277,Auburn,Michigan St
0.7871194992618445,1120,1279,Auburn,Mississippi
0.7722777042482704,1120,1280,Auburn,Mississippi St
0.7707151480649244,1120,1281,Auburn,Missouri
0.8172344762438049,1120,1285,Auburn,Montana
0.8096214214518186,1120,1291,Auburn,Mt St Mary's
0.8003556551277509,1120,1303,Auburn,NE Omaha
0.788545641417409,1120,1307,Auburn,New Mexico
0.8096214214518186,1120,1313,Auburn,Norfolk St
0.7709999346139305,1120,1314,Auburn,North Carolina
0.7536540804527173,1120,1328,Auburn,Oklahoma
0.7438643501552591,1120,1332,Auburn,Oregon
0.6684588987599532,1120,1345,Auburn,Purdue
0.8096214214518186,1120,1352,Auburn,Robert Morris
0.7765705519513928,1120,1361,Auburn,San Diego St
0.8172344762438049,1120,1384,Auburn,St Francis PA
0.693718913086432,1120,1385,Auburn,St John's
0.715000749704966,1120,1388,Auburn,St Mary's CA
0.5965328495693688,1120,1397,Auburn,Tennessee
0.788545641417409,1120,1400,Auburn,Texas
0.7538035893770773,1120,1401,Auburn,Texas A&M
0.7303228381538379,1120,1403,Auburn,Texas Tech
0.8172344762438049,1120,1407,Auburn,Troy
0.7722777042482704,1120,1417,Auburn,UCLA
0.7945287467629341,1120,1423,Auburn,UNC Wilmington
0.7620218085992259,1120,1429,Auburn,Utah St
0.788545641417409,1120,1433,Auburn,VCU
0.7469834527273543,1120,1435,Auburn,Vanderbilt
0.6952630283014984,1120,1458,Auburn,Wisconsin
0.8096214214518186,1120,1459,Auburn,Wofford
0.7800591753196212,1120,1462,Auburn,Xavier
0.7945287467629341,1120,1463,Auburn,Yale
0.8025981875743052,1120,1471,Auburn,UC San Diego
0.679873972390496,1124,1136,Baylor,Bryant
0.5541190296260119,1124,1140,Baylor,BYU
0.3128491209000895,1124,1155,Baylor,Clemson
0.4452590664905418,1124,1161,Baylor,Colorado St
0.2692025366423889,1124,1163,Baylor,Connecticut
0.3705557535248405,1124,1166,Baylor,Creighton
0.4431347540249463,1124,1179,Baylor,Drake
0.2567142752540721,1124,1181,Baylor,Duke
0.6599946405738101,1124,1188,Baylor,SIUE
0.3221721146168355,1124,1196,Baylor,Florida
0.6548238259663202,1124,1208,Baylor,Georgia
0.3418959216536179,1124,1211,Baylor,Gonzaga
0.6719171850637576,1124,1213,Baylor,Grand Canyon
0.6716132084260334,1124,1219,Baylor,High Point
0.2081396663702004,1124,1222,Baylor,Houston
0.4883050110282864,1124,1228,Baylor,Illinois
0.3060705931264528,1124,1235,Baylor,Iowa St
0.4680580478811939,1124,1242,Baylor,Kansas
0.5627041493170535,1124,1246,Baylor,Kentucky
0.59629242992674,1124,1251,Baylor,Liberty
0.6053345120157554,1124,1252,Baylor,Lipscomb
0.6073901159417812,1124,1257,Baylor,Louisville
0.3501800347891915,1124,1266,Baylor,Marquette
0.5442771373000211,1124,1268,Baylor,Maryland
0.7033305079774801,1124,1270,Baylor,McNeese St
0.580129526797392,1124,1272,Baylor,Memphis
0.5627041493170535,1124,1276,Baylor,Michigan
0.3106871568750255,1124,1277,Baylor,Michigan St
0.558527699751838,1124,1279,Baylor,Mississippi
0.629486046543987,1124,1280,Baylor,Mississippi St
0.6033669109755436,1124,1281,Baylor,Missouri
0.6053345120157554,1124,1285,Baylor,Montana
0.6623371336247377,1124,1291,Baylor,Mt St Mary's
0.6966911242009606,1124,1303,Baylor,NE Omaha
0.4554265928709972,1124,1307,Baylor,New Mexico
0.6599946405738101,1124,1313,Baylor,Norfolk St
0.3855819397159117,1124,1314,Baylor,North Carolina
0.5713375315052841,1124,1328,Baylor,Oklahoma
0.5086640052754892,1124,1332,Baylor,Oregon
0.2866503577558648,1124,1345,Baylor,Purdue
0.6966911242009606,1124,1352,Baylor,Robert Morris
0.4211247130584697,1124,1361,Baylor,San Diego St
0.6969823606210359,1124,1384,Baylor,St Francis PA
0.289430178154349,1124,1385,Baylor,St John's
0.3340300906285795,1124,1388,Baylor,St Mary's CA
0.2739078230365883,1124,1397,Baylor,Tennessee
0.4935979092466179,1124,1400,Baylor,Texas
0.5432348596479069,1124,1401,Baylor,Texas A&M
0.3493840856449774,1124,1403,Baylor,Texas Tech
0.6947694532991182,1124,1407,Baylor,Troy
0.5693090724553318,1124,1417,Baylor,UCLA
0.6690664694337678,1124,1423,Baylor,UNC Wilmington
0.4394379501066056,1124,1429,Baylor,Utah St
0.4554265928709972,1124,1433,Baylor,VCU
0.4726767011287643,1124,1435,Baylor,Vanderbilt
0.3349275637864854,1124,1458,Baylor,Wisconsin
0.6599946405738101,1124,1459,Baylor,Wofford
0.4247842006227362,1124,1462,Baylor,Xavier
0.6739152034410792,1124,1463,Baylor,Yale
0.669371642963097,1124,1471,Baylor,UC San Diego
0.3030877353535453,1136,1140,Bryant,BYU
0.2854334699566644,1136,1155,Bryant,Clemson
0.3766181946411295,1136,1161,Bryant,Colorado St
0.2587545731987791,1136,1163,Bryant,Connecticut
0.3219796636273968,1136,1166,Bryant,Creighton
0.3471123007386948,1136,1179,Bryant,Drake
0.2265714938540004,1136,1181,Bryant,Duke
0.5625147687691114,1136,1188,Bryant,SIUE
0.2769784651520709,1136,1196,Bryant,Florida
0.4423850954844338,1136,1208,Bryant,Georgia
0.2945781188692082,1136,1211,Bryant,Gonzaga
0.4067784199520445,1136,1213,Bryant,Grand Canyon
0.3762222165338132,1136,1219,Bryant,High Point
0.2244499407919265,1136,1222,Bryant,Houston
0.3364397945440958,1136,1228,Bryant,Illinois
0.2425592044305354,1136,1235,Bryant,Iowa St
0.2995333199863519,1136,1242,Bryant,Kansas
0.3607347149187636,1136,1246,Bryant,Kentucky
0.4399339273929198,1136,1251,Bryant,Liberty
0.4342084924902352,1136,1252,Bryant,Lipscomb
0.4527272046794617,1136,1257,Bryant,Louisville
0.2696117371197828,1136,1266,Bryant,Marquette
0.3428600888923399,1136,1268,Bryant,Maryland
0.3952131599419209,1136,1270,Bryant,McNeese St
0.3572219994014686,1136,1272,Bryant,Memphis
0.3488147078396129,1136,1276,Bryant,Michigan
0.24869387762407,1136,1277,Bryant,Michigan St
0.378851912219224,1136,1279,Bryant,Mississippi
0.4699518402696783,1136,1280,Bryant,Mississippi St
0.4529371251264099,1136,1281,Bryant,Missouri
0.3814423276254636,1136,1285,Bryant,Montana
0.5650862989052594,1136,1291,Bryant,Mt St Mary's
0.5345773460066551,1136,1303,Bryant,NE Omaha
0.3740230511965882,1136,1307,Bryant,New Mexico
0.5625147687691114,1136,1313,Bryant,Norfolk St
0.3532854902692829,1136,1314,Bryant,North Carolina
0.4527272046794617,1136,1328,Bryant,Oklahoma
0.272646167219877,1136,1332,Bryant,Oregon
0.2856538830752542,1136,1345,Bryant,Purdue
0.5345773460066551,1136,1352,Bryant,Robert Morris
0.3912299603174193,1136,1361,Bryant,San Diego St
0.603740026365074,1136,1384,Bryant,St Francis PA
0.2281785949569698,1136,1385,Bryant,St John's
0.2826780274203868,1136,1388,Bryant,St Mary's CA
0.2386177012681037,1136,1397,Bryant,Tennessee
0.435896878060698,1136,1400,Bryant,Texas
0.3441718573480956,1136,1401,Bryant,Texas A&M
0.2971566886505861,1136,1403,Bryant,Texas Tech
0.3380617617928833,1136,1407,Bryant,Troy
0.4001583117260928,1136,1417,Bryant,UCLA
0.3828175611978702,1136,1423,Bryant,UNC Wilmington
0.3700834443039666,1136,1429,Bryant,Utah St
0.3930266992884266,1136,1433,Bryant,VCU
0.4673005828559258,1136,1435,Bryant,Vanderbilt
0.2834505266979937,1136,1458,Bryant,Wisconsin
0.4953022440916225,1136,1459,Bryant,Wofford
0.4114688758036458,1136,1462,Bryant,Xavier
0.3651226293943662,1136,1463,Bryant,Yale
0.3765130594700457,1136,1471,Bryant,UC San Diego
0.3913657681686251,1140,1155,BYU,Clemson
0.4856300118994189,1140,1161,BYU,Colorado St
0.2923002594220042,1140,1163,BYU,Connecticut
0.3654554776121794,1140,1166,BYU,Creighton
0.4781774632341219,1140,1179,BYU,Drake
0.3667231121078157,1140,1181,BYU,Duke
0.707952654694619,1140,1188,BYU,SIUE
0.4156336884887524,1140,1196,BYU,Florida
0.650249119630084,1140,1208,BYU,Georgia
0.3760038985422729,1140,1211,BYU,Gonzaga
0.650249119630084,1140,1213,BYU,Grand Canyon
0.6522722876569026,1140,1219,BYU,High Point
0.2552658308203341,1140,1222,BYU,Houston
0.4474024754064286,1140,1228,BYU,Illinois
0.398931626437273,1140,1235,BYU,Iowa St
0.3759963848929102,1140,1242,BYU,Kansas
0.5883195986169621,1140,1246,BYU,Kentucky
0.6112449104046206,1140,1251,BYU,Liberty
0.5956156651657718,1140,1252,BYU,Lipscomb
0.4554578621949078,1140,1257,BYU,Louisville
0.3519915255474466,1140,1266,BYU,Marquette
0.5819995145374945,1140,1268,BYU,Maryland
0.6422297886340289,1140,1270,BYU,McNeese St
0.5839508325039159,1140,1272,BYU,Memphis
0.5665655573191275,1140,1276,BYU,Michigan
0.4041331260622954,1140,1277,BYU,Michigan St
0.6139663585250589,1140,1279,BYU,Mississippi
0.4321565952036114,1140,1280,BYU,Mississippi St
0.5225367637278285,1140,1281,BYU,Missouri
0.6278139581349899,1140,1285,BYU,Montana
0.6867395751628567,1140,1291,BYU,Mt St Mary's
0.6886527295362698,1140,1303,BYU,NE Omaha
0.4824412017129486,1140,1307,BYU,New Mexico
0.7011670978141542,1140,1313,BYU,Norfolk St
0.4054275628417377,1140,1314,BYU,North Carolina
0.451870492322062,1140,1328,BYU,Oklahoma
0.538927507590169,1140,1332,BYU,Oregon
0.3843627237415167,1140,1345,BYU,Purdue
0.7011670978141542,1140,1352,BYU,Robert Morris
0.4138363998475288,1140,1361,BYU,San Diego St
0.6867395751628567,1140,1384,BYU,St Francis PA
0.3726432685930821,1140,1385,BYU,St John's
0.373674639792758,1140,1388,BYU,St Mary's CA
0.3815621859724949,1140,1397,BYU,Tennessee
0.5207002432298771,1140,1400,BYU,Texas
0.5458065223896962,1140,1401,BYU,Texas A&M
0.4355797505220883,1140,1403,BYU,Texas Tech
0.6738781164861106,1140,1407,BYU,Troy
0.4321565952036114,1140,1417,BYU,UCLA
0.6655387456842546,1140,1423,BYU,UNC Wilmington
0.4428044715437443,1140,1429,BYU,Utah St
0.4905849965872144,1140,1433,BYU,VCU
0.4824412017129486,1140,1435,BYU,Vanderbilt
0.431104590985788,1140,1458,BYU,Wisconsin
0.7011670978141542,1140,1459,BYU,Wofford
0.4321565952036114,1140,1462,BYU,Xavier
0.650249119630084,1140,1463,BYU,Yale
0.650249119630084,1140,1471,BYU,UC San Diego
0.6689245934287957,1155,1161,Clemson,Colorado St
0.3754673839968769,1155,1163,Clemson,Connecticut
0.5303060956175714,1155,1166,Clemson,Creighton
0.654921002834677,1155,1179,Clemson,Drake
0.3790519146861589,1155,1181,Clemson,Duke
0.7724623254095765,1155,1188,Clemson,SIUE
0.4403668437019382,1155,1196,Clemson,Florida
0.7275988272893992,1155,1208,Clemson,Georgia
0.5242585801212004,1155,1211,Clemson,Gonzaga
0.7275988272893992,1155,1213,Clemson,Grand Canyon
0.7157426115798287,1155,1219,Clemson,High Point
0.2320796102688815,1155,1222,Clemson,Houston
0.6010052980758112,1155,1228,Clemson,Illinois
0.4100139559145141,1155,1235,Clemson,Iowa St
0.5498585268056827,1155,1242,Clemson,Kansas
0.572101994800168,1155,1246,Clemson,Kentucky
0.7275988272893992,1155,1251,Clemson,Liberty
0.7666816433423227,1155,1252,Clemson,Lipscomb
0.6616656036729469,1155,1257,Clemson,Louisville
0.4990206797727812,1155,1266,Clemson,Marquette
0.5809950498277746,1155,1268,Clemson,Maryland
0.7275988272893992,1155,1270,Clemson,McNeese St
0.5881157778799311,1155,1272,Clemson,Memphis
0.5851749238780687,1155,1276,Clemson,Michigan
0.4152601241328348,1155,1277,Clemson,Michigan St
0.7275988272893992,1155,1279,Clemson,Mississippi
0.6475167668894478,1155,1280,Clemson,Mississippi St
0.6483266949183978,1155,1281,Clemson,Missouri
0.7724623254095765,1155,1285,Clemson,Montana
0.7666816433423227,1155,1291,Clemson,Mt St Mary's
0.7559559434677675,1155,1303,Clemson,NE Omaha
0.6475167668894478,1155,1307,Clemson,New Mexico
0.7666816433423227,1155,1313,Clemson,Norfolk St
0.5904196685052832,1155,1314,Clemson,North Carolina
0.6616656036729469,1155,1328,Clemson,Oklahoma
0.5737051638378281,1155,1332,Clemson,Oregon
0.39278335846941,1155,1345,Clemson,Purdue
0.7666816433423227,1155,1352,Clemson,Robert Morris
0.6301991121301957,1155,1361,Clemson,San Diego St
0.7666816433423227,1155,1384,Clemson,St Francis PA
0.396554221210029,1155,1385,Clemson,St John's
0.4996479291395889,1155,1388,Clemson,St Mary's CA
0.3778217076906898,1155,1397,Clemson,Tennessee
0.6475167668894478,1155,1400,Clemson,Texas
0.561289402250211,1155,1401,Clemson,Texas A&M
0.4358535659665535,1155,1403,Clemson,Texas Tech
0.7666816433423227,1155,1407,Clemson,Troy
0.6475167668894478,1155,1417,Clemson,UCLA
0.7492391766149509,1155,1423,Clemson,UNC Wilmington
0.5904196685052832,1155,1429,Clemson,Utah St
0.654921002834677,1155,1433,Clemson,VCU
0.6475167668894478,1155,1435,Clemson,Vanderbilt
0.4560399155220691,1155,1458,Clemson,Wisconsin
0.7666816433423227,1155,1459,Clemson,Wofford
0.6475167668894478,1155,1462,Clemson,Xavier
0.7275988272893992,1155,1463,Clemson,Yale
0.7275988272893992,1155,1471,Clemson,UC San Diego
0.2553898882847006,1161,1163,Colorado St,Connecticut
0.3534191174701855,1161,1166,Colorado St,Creighton
0.4379448104771522,1161,1179,Colorado St,Drake
0.2433290413893883,1161,1181,Colorado St,Duke
0.5760223648997564,1161,1188,Colorado St,SIUE
0.3150905629540423,1161,1196,Colorado St,Florida
0.5543717708418734,1161,1208,Colorado St,Georgia
0.3450131802456139,1161,1211,Colorado St,Gonzaga
0.5981509769807204,1161,1213,Colorado St,Grand Canyon
0.5978195632211032,1161,1219,Colorado St,High Point
0.2057398240478479,1161,1222,Colorado St,Houston
0.4763910752953611,1161,1228,Colorado St,Illinois
0.279332040392928,1161,1235,Colorado St,Iowa St
0.4599457396514689,1161,1242,Colorado St,Kansas
0.5250184570824704,1161,1246,Colorado St,Kentucky
0.576413923627941,1161,1251,Colorado St,Liberty
0.517727097920392,1161,1252,Colorado St,Lipscomb
0.5562887973307311,1161,1257,Colorado St,Louisville
0.3427941912244823,1161,1266,Colorado St,Marquette
0.5179998204258643,1161,1268,Colorado St,Maryland
0.5758953873148015,1161,1270,Colorado St,McNeese St
0.5570367420329134,1161,1272,Colorado St,Memphis
0.5394138751443289,1161,1276,Colorado St,Michigan
0.2837101878986118,1161,1277,Colorado St,Michigan St
0.5273033527718325,1161,1279,Colorado St,Mississippi
0.5792685474881953,1161,1280,Colorado St,Mississippi St
0.5842124677771009,1161,1281,Colorado St,Missouri
0.517727097920392,1161,1285,Colorado St,Montana
0.5672104713585593,1161,1291,Colorado St,Mt St Mary's
0.6054778408450254,1161,1303,Colorado St,NE Omaha
0.5100528196879167,1161,1307,Colorado St,New Mexico
0.5760223648997564,1161,1313,Colorado St,Norfolk St
0.5007873465005503,1161,1314,Colorado St,North Carolina
0.5622876119108925,1161,1328,Colorado St,Oklahoma
0.4967355476037152,1161,1332,Colorado St,Oregon
0.2609703329837853,1161,1345,Colorado St,Purdue
0.6054778408450254,1161,1352,Colorado St,Robert Morris
0.5401839711809185,1161,1361,Colorado St,San Diego St
0.6058071050661199,1161,1384,Colorado St,St Francis PA
0.2635931407154703,1161,1385,Colorado St,St John's
0.326813562996942,1161,1388,Colorado St,St Mary's CA
0.248970934822109,1161,1397,Colorado St,Tennessee
0.5659436765008192,1161,1400,Colorado St,Texas
0.5053462581567508,1161,1401,Colorado St,Texas A&M
0.3394493200500332,1161,1403,Colorado St,Texas Tech
0.614367427551648,1161,1407,Colorado St,Troy
0.5497372765339604,1161,1417,Colorado St,UCLA
0.5838067437964349,1161,1423,Colorado St,UNC Wilmington
0.4899397113078804,1161,1429,Colorado St,Utah St
0.5343785518316859,1161,1433,Colorado St,VCU
0.5635828917292589,1161,1435,Colorado St,Vanderbilt
0.3150905629540423,1161,1458,Colorado St,Wisconsin
0.5760223648997564,1161,1459,Colorado St,Wofford
0.4884487264213304,1161,1462,Colorado St,Xavier
0.5891375646434317,1161,1463,Colorado St,Yale
0.5535443124495052,1161,1471,Colorado St,UC San Diego
0.5641421683590747,1163,1166,Connecticut,Creighton
0.7183065228844946,1163,1179,Connecticut,Drake
0.5913528860812851,1163,1181,Connecticut,Duke
0.7767919894098675,1163,1188,Connecticut,SIUE
0.6200990687716994,1163,1196,Connecticut,Florida
0.7552102940928782,1163,1208,Connecticut,Georgia
0.5847083980835197,1163,1211,Connecticut,Gonzaga
0.7552102940928782,1163,1213,Connecticut,Grand Canyon
0.7535679967503596,1163,1219,Connecticut,High Point
0.3418697599611103,1163,1222,Connecticut,Houston
0.6794398196954403,1163,1228,Connecticut,Illinois
0.6535221049832358,1163,1235,Connecticut,Iowa St
0.6681659938218485,1163,1242,Connecticut,Kansas
0.7388409275559557,1163,1246,Connecticut,Kentucky
0.7643659332815943,1163,1251,Connecticut,Liberty
0.7710887077028266,1163,1252,Connecticut,Lipscomb
0.6856852806503495,1163,1257,Connecticut,Louisville
0.6344992330307497,1163,1266,Connecticut,Marquette
0.7337860041113478,1163,1268,Connecticut,Maryland
0.7552102940928782,1163,1270,Connecticut,McNeese St
0.7211630143344796,1163,1272,Connecticut,Memphis
0.7212724531454121,1163,1276,Connecticut,Michigan
0.638028482135829,1163,1277,Connecticut,Michigan St
0.6792761385354668,1163,1279,Connecticut,Mississippi
0.7008156802422988,1163,1280,Connecticut,Mississippi St
0.7506984237308283,1163,1281,Connecticut,Missouri
0.7767919894098675,1163,1285,Connecticut,Montana
0.7621129882458888,1163,1291,Connecticut,Mt St Mary's
0.7512454092026306,1163,1303,Connecticut,NE Omaha
0.7116635539803202,1163,1307,Connecticut,New Mexico
0.7621129882458888,1163,1313,Connecticut,Norfolk St
0.6738809753234735,1163,1314,Connecticut,North Carolina
0.7012604821604186,1163,1328,Connecticut,Oklahoma
0.710611406304607,1163,1332,Connecticut,Oregon
0.6073141766010115,1163,1345,Connecticut,Purdue
0.7621129882458888,1163,1352,Connecticut,Robert Morris
0.6970074621895856,1163,1361,Connecticut,San Diego St
0.7710887077028266,1163,1384,Connecticut,St Francis PA
0.6210290074335008,1163,1385,Connecticut,St John's
0.6145725161892576,1163,1388,Connecticut,St Mary's CA
0.6073141766010115,1163,1397,Connecticut,Tennessee
0.7116635539803202,1163,1400,Connecticut,Texas
0.7184764484448627,1163,1401,Connecticut,Texas A&M
0.6064734985457675,1163,1403,Connecticut,Texas Tech
0.7710887077028266,1163,1407,Connecticut,Troy
0.7371445196393099,1163,1417,Connecticut,UCLA
0.7552102940928782,1163,1423,Connecticut,UNC Wilmington
0.6627606991818612,1163,1429,Connecticut,Utah St
0.7183065228844946,1163,1433,Connecticut,VCU
0.7012604821604186,1163,1435,Connecticut,Vanderbilt
0.6513666717877276,1163,1458,Connecticut,Wisconsin
0.7621129882458888,1163,1459,Connecticut,Wofford
0.7012604821604186,1163,1462,Connecticut,Xavier
0.7552102940928782,1163,1463,Connecticut,Yale
0.7643659332815943,1163,1471,Connecticut,UC San Diego
0.6356887393529673,1166,1179,Creighton,Drake
0.3585171848806328,1166,1181,Creighton,Duke
0.7335970018971769,1166,1188,Creighton,SIUE
0.4783021387398702,1166,1196,Creighton,Florida
0.6437878104463439,1166,1208,Creighton,Georgia
0.4044170348887525,1166,1211,Creighton,Gonzaga
0.7196341830403015,1166,1213,Creighton,Grand Canyon
0.7075706336196783,1166,1219,Creighton,High Point
0.2292809976651774,1166,1222,Creighton,Houston
0.5261345536126578,1166,1228,Creighton,Illinois
0.4100139559145141,1166,1235,Creighton,Iowa St
0.5311597272861203,1166,1242,Creighton,Kansas
0.5720911411927294,1166,1246,Creighton,Kentucky
0.7196341830403015,1166,1251,Creighton,Liberty
0.7271776624456744,1166,1252,Creighton,Lipscomb
0.6112839984285919,1166,1257,Creighton,Louisville
0.4728861766809331,1166,1266,Creighton,Marquette
0.5657058313728367,1166,1268,Creighton,Maryland
0.7196341830403015,1166,1270,Creighton,McNeese St
0.5676767107748463,1166,1272,Creighton,Memphis
0.5501352855830708,1166,1276,Creighton,Michigan
0.4152601241328348,1166,1277,Creighton,Michigan St
0.5428894119462885,1166,1279,Creighton,Mississippi
0.6170511332228655,1166,1280,Creighton,Mississippi St
0.6280531339259182,1166,1281,Creighton,Missouri
0.7335970018971769,1166,1285,Creighton,Montana
0.7271776624456744,1166,1291,Creighton,Mt St Mary's
0.7153102880808816,1166,1303,Creighton,NE Omaha
0.6281061705625656,1166,1307,Creighton,New Mexico
0.7271776624456744,1166,1313,Creighton,Norfolk St
0.5796863337390538,1166,1314,Creighton,North Carolina
0.6022505747055067,1166,1328,Creighton,Oklahoma
0.554453462522295,1166,1332,Creighton,Oregon
0.39278335846941,1166,1345,Creighton,Purdue
0.7271776624456744,1166,1352,Creighton,Robert Morris
0.6104086478901298,1166,1361,Creighton,San Diego St
0.7271776624456744,1166,1384,Creighton,St Francis PA
0.396554221210029,1166,1385,Creighton,St John's
0.4187622414599881,1166,1388,Creighton,St Mary's CA
0.3778217076906898,1166,1397,Creighton,Tennessee
0.6281061705625656,1166,1400,Creighton,Texas
0.561289402250211,1166,1401,Creighton,Texas A&M
0.4358535659665535,1166,1403,Creighton,Texas Tech
0.7271776624456744,1166,1407,Creighton,Troy
0.6112839984285919,1166,1417,Creighton,UCLA
0.7196341830403015,1166,1423,Creighton,UNC Wilmington
0.5796863337390538,1166,1429,Creighton,Utah St
0.6356887393529673,1166,1433,Creighton,VCU
0.6281061705625656,1166,1435,Creighton,Vanderbilt
0.4560399155220691,1166,1458,Creighton,Wisconsin
0.7271776624456744,1166,1459,Creighton,Wofford
0.6281061705625656,1166,1462,Creighton,Xavier
0.7196341830403015,1166,1463,Creighton,Yale
0.7196341830403015,1166,1471,Creighton,UC San Diego
0.2433290413893883,1179,1181,Drake,Duke
0.649548493825589,1179,1188,Drake,SIUE
0.3150905629540423,1179,1196,Drake,Florida
0.582837086175197,1179,1208,Drake,Georgia
0.3450131802456139,1179,1211,Drake,Gonzaga
0.6700378191602692,1179,1213,Drake,Grand Canyon
0.6697329571339471,1179,1219,Drake,High Point
0.2057398240478479,1179,1222,Drake,Houston
0.4763910752953611,1179,1228,Drake,Illinois
0.279332040392928,1179,1235,Drake,Iowa St
0.4599457396514689,1179,1242,Drake,Kansas
0.5250184570824704,1179,1246,Drake,Kentucky
0.5942414642627155,1179,1251,Drake,Liberty
0.5942414642627155,1179,1252,Drake,Lipscomb
0.584723388340695,1179,1257,Drake,Louisville
0.3427941912244823,1179,1266,Drake,Marquette
0.5324185096049093,1179,1268,Drake,Maryland
0.6917368966928318,1179,1270,Drake,McNeese St
0.5570367420329134,1179,1272,Drake,Memphis
0.5394138751443289,1179,1276,Drake,Michigan
0.2837101878986118,1179,1277,Drake,Michigan St
0.5351987246128079,1179,1279,Drake,Mississippi
0.6072701604133666,1179,1280,Drake,Mississippi St
0.5918929703894941,1179,1281,Drake,Missouri
0.5942414642627155,1179,1285,Drake,Montana
0.6413131800664204,1179,1291,Drake,Mt St Mary's
0.6767622767683812,1179,1303,Drake,NE Omaha
0.5389949211846545,1179,1307,Drake,New Mexico
0.649548493825589,1179,1313,Drake,Norfolk St
0.5143058762874259,1179,1314,Drake,North Carolina
0.590620680601308,1179,1328,Drake,Oklahoma
0.4967355476037152,1179,1332,Drake,Oregon
0.2722760130064828,1179,1345,Drake,Purdue
0.6767622767683812,1179,1352,Drake,Robert Morris
0.5848949694037425,1179,1361,Drake,San Diego St
0.677063778907355,1179,1384,Drake,St Francis PA
0.2635931407154703,1179,1385,Drake,St John's
0.326813562996942,1179,1388,Drake,St Mary's CA
0.248970934822109,1179,1397,Drake,Tennessee
0.6216770634369094,1179,1400,Drake,Texas
0.5197925636723789,1179,1401,Drake,Texas A&M
0.3394493200500332,1179,1403,Drake,Texas Tech
0.6848815941986742,1179,1407,Drake,Troy
0.5575723343825609,1179,1417,Drake,UCLA
0.6567872602295954,1179,1423,Drake,UNC Wilmington
0.4899397113078804,1179,1429,Drake,Utah St
0.585778576776472,1179,1433,Drake,VCU
0.5918929703894941,1179,1435,Drake,Vanderbilt
0.3150905629540423,1179,1458,Drake,Wisconsin
0.649548493825589,1179,1459,Drake,Wofford
0.5711962907579903,1179,1462,Drake,Xavier
0.6617249436215354,1179,1463,Drake,Yale
0.6570979538190596,1179,1471,Drake,UC San Diego
0.8057806212447369,1181,1188,Duke,SIUE
0.5805066900370113,1181,1196,Duke,Florida
0.7624978365192093,1181,1208,Duke,Georgia
0.5858833616724576,1181,1211,Duke,Gonzaga
0.7656577109229435,1181,1213,Duke,Grand Canyon
0.7748811164718014,1181,1219,Duke,High Point
0.3653102267369187,1181,1222,Duke,Houston
0.6627606991818612,1181,1228,Duke,Illinois
0.5266765081026102,1181,1235,Duke,Iowa St
0.5880322339085932,1181,1242,Duke,Kansas
0.6627606991818612,1181,1246,Duke,Kentucky
0.7850116039191275,1181,1251,Duke,Liberty
0.8006279314022244,1181,1252,Duke,Lipscomb
0.7095364099331355,1181,1257,Duke,Louisville
0.5363004708879046,1181,1266,Duke,Marquette
0.6810042356451549,1181,1268,Duke,Maryland
0.7764235177962164,1181,1270,Duke,McNeese St
0.6494420905349649,1181,1272,Duke,Memphis
0.6627606991818612,1181,1276,Duke,Michigan
0.5391639388609945,1181,1277,Duke,Michigan St
0.7624978365192093,1181,1279,Duke,Mississippi
0.7095364099331355,1181,1280,Duke,Mississippi St
0.707706284121512,1181,1281,Duke,Missouri
0.8057806212447369,1181,1285,Duke,Montana
0.7924987726865456,1181,1291,Duke,Mt St Mary's
0.7826233943881279,1181,1303,Duke,NE Omaha
0.7576725928205101,1181,1307,Duke,New Mexico
0.7924987726865456,1181,1313,Duke,Norfolk St
0.7155408966739109,1181,1314,Duke,North Carolina
0.7095364099331355,1181,1328,Duke,Oklahoma
0.6810042356451549,1181,1332,Duke,Oregon
0.4607393111933062,1181,1345,Duke,Purdue
0.7924987726865456,1181,1352,Duke,Robert Morris
0.7445155729885415,1181,1361,Duke,San Diego St
0.8006279314022244,1181,1384,Duke,St Francis PA
0.5391639388609945,1181,1385,Duke,St John's
0.5792461522148651,1181,1388,Duke,St Mary's CA
0.4304745304926449,1181,1397,Duke,Tennessee
0.7576725928205101,1181,1400,Duke,Texas
0.6627606991818612,1181,1401,Duke,Texas A&M
0.607926851627784,1181,1403,Duke,Texas Tech
0.8006279314022244,1181,1407,Duke,Troy
0.7095364099331355,1181,1417,Duke,UCLA
0.7764235177962164,1181,1423,Duke,UNC Wilmington
0.7052197724170853,1181,1429,Duke,Utah St
0.7636076605624307,1181,1433,Duke,VCU
0.7122565024700589,1181,1435,Duke,Vanderbilt
0.5812104240116817,1181,1458,Duke,Wisconsin
0.7924987726865456,1181,1459,Duke,Wofford
0.7483425069749231,1181,1462,Duke,Xavier
0.7764235177962164,1181,1463,Duke,Yale
0.7850116039191275,1181,1471,Duke,UC San Diego
0.2497610610983723,1188,1196,SIUE,Florida
0.415881066329485,1188,1208,SIUE,Georgia
0.2642737235735652,1188,1211,SIUE,Gonzaga
0.4067784199520445,1188,1213,SIUE,Grand Canyon
0.3511856353425951,1188,1219,SIUE,High Point
0.1816192444882678,1188,1222,SIUE,Houston
0.3364397945440958,1188,1228,SIUE,Illinois
0.2054016101572503,1188,1235,SIUE,Iowa St
0.2804327040191856,1188,1242,SIUE,Kansas
0.3607347149187636,1188,1246,SIUE,Kentucky
0.4134678608314925,1188,1251,SIUE,Liberty
0.4078360465422669,1188,1252,SIUE,Lipscomb
0.4120006520856043,1188,1257,SIUE,Louisville
0.2428750593251414,1188,1266,SIUE,Marquette
0.3428600888923399,1188,1268,SIUE,Maryland
0.3952131599419209,1188,1270,SIUE,McNeese St
0.3572219994014686,1188,1272,SIUE,Memphis
0.3488147078396129,1188,1276,SIUE,Michigan
0.210858129201628,1188,1277,SIUE,Michigan St
0.378851912219224,1188,1279,SIUE,Mississippi
0.4555765843518018,1188,1280,SIUE,Mississippi St
0.4529371251264099,1188,1281,SIUE,Missouri
0.3562567628761446,1188,1285,SIUE,Montana
0.4687959526723634,1188,1291,SIUE,Mt St Mary's
0.3621847643645094,1188,1303,SIUE,NE Omaha
0.3740230511965882,1188,1307,SIUE,New Mexico
0.4466144417445589,1188,1313,SIUE,Norfolk St
0.3532854902692829,1188,1314,SIUE,North Carolina
0.4260770126631142,1188,1328,SIUE,Oklahoma
0.272646167219877,1188,1332,SIUE,Oregon
0.2578880537350459,1188,1345,SIUE,Purdue
0.4326002756103877,1188,1352,SIUE,Robert Morris
0.4114993238203499,1188,1361,SIUE,San Diego St
0.5902258060047904,1188,1384,SIUE,St Francis PA
0.2044008701635019,1188,1385,SIUE,St John's
0.2501535108785788,1188,1388,SIUE,St Mary's CA
0.2055458747680479,1188,1397,SIUE,Tennessee
0.4300433054440157,1188,1400,SIUE,Texas
0.3441718573480956,1188,1401,SIUE,Texas A&M
0.2781474455882722,1188,1403,SIUE,Texas Tech
0.3380617617928833,1188,1407,SIUE,Troy
0.3744851351899513,1188,1417,SIUE,UCLA
0.357593687551107,1188,1423,SIUE,UNC Wilmington
0.3700834443039666,1188,1429,SIUE,Utah St
0.4133259484112084,1188,1433,SIUE,VCU
0.4673005828559258,1188,1435,SIUE,Vanderbilt
0.2558221675693021,1188,1458,SIUE,Wisconsin
0.3266851386560135,1188,1459,SIUE,Wofford
0.4320426401552041,1188,1462,SIUE,Xavier
0.3404215850556386,1188,1463,SIUE,Yale
0.3765130594700457,1188,1471,SIUE,UC San Diego
0.7055325384611855,1196,1208,Florida,Georgia
0.5129311990603348,1196,1211,Florida,Gonzaga
0.718430178205893,1196,1213,Florida,Grand Canyon
0.7188262362571076,1196,1219,Florida,High Point
0.3651064853274802,1196,1222,Florida,Houston
0.564946203383345,1196,1228,Florida,Illinois
0.4754471072091714,1196,1235,Florida,Iowa St
0.51292319835949,1196,1242,Florida,Kansas
0.564946203383345,1196,1246,Florida,Kentucky
0.7306022454779137,1196,1251,Florida,Liberty
0.748906615627027,1196,1252,Florida,Lipscomb
0.6183391173472145,1196,1257,Florida,Louisville
0.4619954238846741,1196,1266,Florida,Marquette
0.5729409685026926,1196,1268,Florida,Maryland
0.7306022454779137,1196,1270,Florida,McNeese St
0.5503852439996163,1196,1272,Florida,Memphis
0.564946203383345,1196,1276,Florida,Michigan
0.4754471072091714,1196,1277,Florida,Michigan St
0.7055325384611855,1196,1279,Florida,Mississippi
0.6278352618320275,1196,1280,Florida,Mississippi St
0.6286644788487223,1196,1281,Florida,Missouri
0.7549869517011932,1196,1285,Florida,Montana
0.748906615627027,1196,1291,Florida,Mt St Mary's
0.7376434107669498,1196,1303,Florida,NE Omaha
0.6824325858611291,1196,1307,Florida,New Mexico
0.748906615627027,1196,1313,Florida,Norfolk St
0.6369981254969761,1196,1314,Florida,North Carolina
0.6183391173472145,1196,1328,Florida,Oklahoma
0.5729409685026926,1196,1332,Florida,Oregon
0.4008984509548096,1196,1345,Florida,Purdue
0.748906615627027,1196,1352,Florida,Robert Morris
0.6659453685332559,1196,1361,Florida,San Diego St
0.748906615627027,1196,1384,Florida,St Francis PA
0.4767052272964565,1196,1385,Florida,St John's
0.5067495454919989,1196,1388,Florida,St Mary's CA
0.4050485087335811,1196,1397,Florida,Tennessee
0.6824325858611291,1196,1400,Florida,Texas
0.5794037721304859,1196,1401,Florida,Texas A&M
0.5357810850162247,1196,1403,Florida,Texas Tech
0.748906615627027,1196,1407,Florida,Troy
0.6278352618320275,1196,1417,Florida,UCLA
0.7306022454779137,1196,1423,Florida,UNC Wilmington
0.6369981254969761,1196,1429,Florida,Utah St
0.6894551354021786,1196,1433,Florida,VCU
0.6414241015788273,1196,1435,Florida,Vanderbilt
0.4932450033920514,1196,1458,Florida,Wisconsin
0.748906615627027,1196,1459,Florida,Wofford
0.6824325858611291,1196,1462,Florida,Xavier
0.7306022454779137,1196,1463,Florida,Yale
0.7306022454779137,1196,1471,Florida,UC San Diego
0.2983541606365557,1208,1211,Georgia,Gonzaga
0.5439558565935433,1208,1213,Georgia,Grand Canyon
0.543613849675223,1208,1219,Georgia,High Point
0.1913968656691586,1208,1222,Georgia,Houston
0.3750821429183402,1208,1228,Georgia,Illinois
0.2260785731902704,1208,1235,Georgia,Iowa St
0.3057563713223419,1208,1242,Georgia,Kansas
0.382018953995233,1208,1246,Georgia,Kentucky
0.4624333965175269,1208,1251,Georgia,Liberty
0.4369448269080982,1208,1252,Georgia,Lipscomb
0.4401215719421969,1208,1257,Georgia,Louisville
0.2660612174682989,1208,1266,Georgia,Marquette
0.374504086997687,1208,1268,Georgia,Maryland
0.5431806257810446,1208,1270,Georgia,McNeese St
0.378421669270537,1208,1272,Georgia,Memphis
0.3698024880821304,1208,1276,Georgia,Michigan
0.2319240549814503,1208,1277,Georgia,Michigan St
0.3804569024861762,1208,1279,Georgia,Mississippi
0.457267331853095,1208,1280,Georgia,Mississippi St
0.4661636983171537,1208,1281,Georgia,Missouri
0.4624333965175269,1208,1285,Georgia,Montana
0.4864958075478611,1208,1291,Georgia,Mt St Mary's
0.5259351634407162,1208,1303,Georgia,NE Omaha
0.4129501338545168,1208,1307,Georgia,New Mexico
0.521231607598887,1208,1313,Georgia,Norfolk St
0.3454869683435749,1208,1314,Georgia,North Carolina
0.3904208096038759,1208,1328,Georgia,Oklahoma
0.3073552518292537,1208,1332,Georgia,Oregon
0.2819736629542585,1208,1345,Georgia,Purdue
0.5515299903021875,1208,1352,Georgia,Robert Morris
0.3687423274523227,1208,1361,Georgia,San Diego St
0.551870955239777,1208,1384,Georgia,St Francis PA
0.2250056192713326,1208,1385,Georgia,St John's
0.2737832486320499,1208,1388,Georgia,St Mary's CA
0.2262332255749389,1208,1397,Georgia,Tennessee
0.45050648927702,1208,1400,Georgia,Texas
0.3722735092070219,1208,1401,Georgia,Texas A&M
0.3132552477908439,1208,1403,Georgia,Texas Tech
0.5607533094854296,1208,1407,Georgia,Troy
0.4130072110224859,1208,1417,Georgia,UCLA
0.5291997486173448,1208,1423,Georgia,UNC Wilmington
0.3973645967460769,1208,1429,Georgia,Utah St
0.4129501338545168,1208,1433,Georgia,VCU
0.4298613398867885,1208,1435,Georgia,Vanderbilt
0.279787575212105,1208,1458,Georgia,Wisconsin
0.521231607598887,1208,1459,Georgia,Wofford
0.3722393291057542,1208,1462,Georgia,Xavier
0.5346725146110219,1208,1463,Georgia,Yale
0.529543209171838,1208,1471,Georgia,UC San Diego
0.7094144305384161,1211,1213,Gonzaga,Grand Canyon
0.6970962368858187,1211,1219,Gonzaga,High Point
0.257829581446605,1211,1222,Gonzaga,Houston
0.5261345536126578,1211,1228,Gonzaga,Illinois
0.4100139559145141,1211,1235,Gonzaga,Iowa St
0.5311597272861203,1211,1242,Gonzaga,Kansas
0.5324303899793883,1211,1246,Gonzaga,Kentucky
0.7094144305384161,1211,1251,Gonzaga,Liberty
0.7171247948587992,1211,1252,Gonzaga,Lipscomb
0.5923199230858491,1211,1257,Gonzaga,Louisville
0.4728861766809331,1211,1266,Gonzaga,Marquette
0.5414871469533403,1211,1268,Gonzaga,Maryland
0.7094144305384161,1211,1270,Gonzaga,McNeese St
0.5500975967476397,1211,1272,Gonzaga,Memphis
0.5324303899793883,1211,1276,Gonzaga,Michigan
0.4152601241328348,1211,1277,Gonzaga,Michigan St
0.5251454936888297,1211,1279,Gonzaga,Mississippi
0.5943894643201311,1211,1280,Gonzaga,Mississippi St
0.5898607122282068,1211,1281,Gonzaga,Missouri
0.7236907936415872,1211,1285,Gonzaga,Montana
0.7171247948587992,1211,1291,Gonzaga,Mt St Mary's
0.704997533834147,1211,1303,Gonzaga,NE Omaha
0.6543047286858481,1211,1307,Gonzaga,New Mexico
0.7171247948587992,1211,1313,Gonzaga,Norfolk St
0.6060591135572465,1211,1314,Gonzaga,North Carolina
0.6683206626357218,1211,1328,Gonzaga,Oklahoma
0.554453462522295,1211,1332,Gonzaga,Oregon
0.4139579397909136,1211,1345,Gonzaga,Purdue
0.7171247948587992,1211,1352,Gonzaga,Robert Morris
0.6371336796260386,1211,1361,Gonzaga,San Diego St
0.7171247948587992,1211,1384,Gonzaga,St Francis PA
0.396554221210029,1211,1385,Gonzaga,St John's
0.4187622414599881,1211,1388,Gonzaga,St Mary's CA
0.4110857547773554,1211,1397,Gonzaga,Tennessee
0.6543047286858481,1211,1400,Gonzaga,Texas
0.561289402250211,1211,1401,Gonzaga,Texas A&M
0.4358535659665535,1211,1403,Gonzaga,Texas Tech
0.7171247948587992,1211,1407,Gonzaga,Troy
0.5725416179425987,1211,1417,Gonzaga,UCLA
0.7094144305384161,1211,1423,Gonzaga,UNC Wilmington
0.6060591135572465,1211,1429,Gonzaga,Utah St
0.6616408861027772,1211,1433,Gonzaga,VCU
0.6543047286858481,1211,1435,Gonzaga,Vanderbilt
0.4560399155220691,1211,1458,Gonzaga,Wisconsin
0.7171247948587992,1211,1459,Gonzaga,Wofford
0.6543047286858481,1211,1462,Gonzaga,Xavier
0.7094144305384161,1211,1463,Gonzaga,Yale
0.7094144305384161,1211,1471,Gonzaga,UC San Diego
0.4839640495045813,1213,1219,Grand Canyon,High Point
0.2049182219386193,1213,1222,Grand Canyon,Houston
0.3747003586345334,1213,1228,Grand Canyon,Illinois
0.2308907439999801,1213,1235,Grand Canyon,Iowa St
0.3241183634500215,1213,1242,Grand Canyon,Kansas
0.3789519067420623,1213,1246,Grand Canyon,Kentucky
0.4592772191827233,1213,1251,Grand Canyon,Liberty
0.4669114278215704,1213,1252,Grand Canyon,Lipscomb
0.4721587862319292,1213,1257,Grand Canyon,Louisville
0.2830111361371987,1213,1266,Grand Canyon,Marquette
0.3606839105548143,1213,1268,Grand Canyon,Maryland
0.4140437886459623,1213,1270,Grand Canyon,McNeese St
0.3753659604497825,1213,1272,Grand Canyon,Memphis
0.3667753098471107,1213,1276,Grand Canyon,Michigan
0.2368225751855219,1213,1277,Grand Canyon,Michigan St
0.4113418875150051,1213,1279,Grand Canyon,Mississippi
0.489461518094372,1213,1280,Grand Canyon,Mississippi St
0.4868012804377523,1213,1281,Grand Canyon,Missouri
0.4926186744537691,1213,1285,Grand Canyon,Montana
0.5283286403435284,1213,1291,Grand Canyon,Mt St Mary's
0.5674119753612736,1213,1303,Grand Canyon,NE Omaha
0.3725733092716717,1213,1307,Grand Canyon,New Mexico
0.5513187001748122,1213,1313,Grand Canyon,Norfolk St
0.3713450193746198,1213,1314,Grand Canyon,North Carolina
0.4511922832776482,1213,1328,Grand Canyon,Oklahoma
0.2948449833464706,1213,1332,Grand Canyon,Oregon
0.287533557475305,1213,1345,Grand Canyon,Purdue
0.5925025155392063,1213,1352,Grand Canyon,Robert Morris
0.40999946330375,1213,1361,Grand Canyon,San Diego St
0.5928353266255779,1213,1384,Grand Canyon,St Francis PA
0.2298017332338188,1213,1385,Grand Canyon,St John's
0.2910300411950422,1213,1388,Grand Canyon,St Mary's CA
0.2310477054711395,1213,1397,Grand Canyon,Tennessee
0.4552069365102346,1213,1400,Grand Canyon,Texas
0.3692379548856902,1213,1401,Grand Canyon,Texas A&M
0.309151677674716,1213,1403,Grand Canyon,Texas Tech
0.5903089154578877,1213,1407,Grand Canyon,Troy
0.4332011659375933,1213,1417,Grand Canyon,UCLA
0.5706241211685789,1213,1423,Grand Canyon,UNC Wilmington
0.3884858429122225,1213,1429,Grand Canyon,Utah St
0.4118240891234149,1213,1433,Grand Canyon,VCU
0.465758302082096,1213,1435,Grand Canyon,Vanderbilt
0.2853214934519037,1213,1458,Grand Canyon,Wisconsin
0.5513187001748122,1213,1459,Grand Canyon,Wofford
0.4305226793664948,1213,1462,Grand Canyon,Xavier
0.4865758738999673,1213,1463,Grand Canyon,Yale
0.3950346718023114,1213,1471,Grand Canyon,UC San Diego
0.2244499407919265,1219,1222,High Point,Houston
0.3494688906894459,1219,1228,High Point,Illinois
0.2425592044305354,1219,1235,High Point,Iowa St
0.3118047637664733,1219,1242,High Point,Kansas
0.3246110921014762,1219,1246,High Point,Kentucky
0.4008524781556379,1219,1251,High Point,Liberty
0.5039616132343786,1219,1252,High Point,Lipscomb
0.4133480345833202,1219,1257,High Point,Louisville
0.2811493594425958,1219,1266,High Point,Marquette
0.321127393323995,1219,1268,High Point,Maryland
0.3575681056050508,1219,1270,High Point,McNeese St
0.3410192575412853,1219,1272,High Point,Memphis
0.332795866130019,1219,1276,High Point,Michigan
0.24869387762407,1219,1277,High Point,Michigan St
0.3756831958417834,1219,1279,High Point,Mississippi
0.4302523103519792,1219,1280,High Point,Mississippi St
0.4276443227299061,1219,1281,High Point,Missouri
0.5039616132343786,1219,1285,High Point,Montana
0.5650862989052594,1219,1291,High Point,Mt St Mary's
0.6034101658561689,1219,1303,High Point,NE Omaha
0.3524651615118078,1219,1307,High Point,New Mexico
0.5625147687691114,1219,1313,High Point,Norfolk St
0.31753729156378,1219,1314,High Point,North Carolina
0.393048427468222,1219,1328,High Point,Oklahoma
0.272646167219877,1219,1332,High Point,Oregon
0.2856538830752542,1219,1345,High Point,Purdue
0.6034101658561689,1219,1352,High Point,Robert Morris
0.3537423973946904,1219,1361,High Point,San Diego St
0.603740026365074,1219,1384,High Point,St Francis PA
0.2281785949569698,1219,1385,High Point,St John's
0.2945493081605887,1219,1388,High Point,St Mary's CA
0.2386177012681037,1219,1397,High Point,Tennessee
0.4184487290944856,1219,1400,High Point,Texas
0.3441718573480956,1219,1401,High Point,Texas A&M
0.2971566886505861,1219,1403,High Point,Texas Tech
0.6012357652329512,1219,1407,High Point,Troy
0.3757882389528439,1219,1417,High Point,UCLA
0.5817039566812664,1219,1423,High Point,UNC Wilmington
0.3335120608888186,1219,1429,High Point,Utah St
0.3554675011849078,1219,1433,High Point,VCU
0.4071298670611484,1219,1435,High Point,Vanderbilt
0.2834505266979937,1219,1458,High Point,Wisconsin
0.5625147687691114,1219,1459,High Point,Wofford
0.3732309834199281,1219,1462,High Point,Xavier
0.4979162170427455,1219,1463,High Point,Yale
0.3537956774376511,1219,1471,High Point,UC San Diego
0.7700495613054432,1222,1228,Houston,Illinois
0.7193008403486222,1222,1235,Houston,Iowa St
0.7539319039769888,1222,1242,Houston,Kansas
0.7700495613054432,1222,1246,Houston,Kentucky
0.8025981875743052,1222,1251,Houston,Liberty
0.8172344762438049,1222,1252,Houston,Lipscomb
0.7876480291517594,1222,1257,Houston,Louisville
0.7270380785410074,1222,1266,Houston,Marquette
0.7788127362826536,1222,1268,Houston,Maryland
0.7945287467629341,1222,1270,Houston,McNeese St
0.7594301046375825,1222,1272,Houston,Memphis
0.7700495613054432,1222,1276,Houston,Michigan
0.7293181787963234,1222,1277,Houston,Michigan St
0.7946234663616021,1222,1279,Houston,Mississippi
0.7876480291517594,1222,1280,Houston,Mississippi St
0.7861617362910528,1222,1281,Houston,Missouri
0.8172344762438049,1222,1285,Houston,Montana
0.8096214214518186,1222,1291,Houston,Mt St Mary's
0.8003556551277509,1222,1303,Houston,NE Omaha
0.7958240096877036,1222,1307,Houston,New Mexico
0.8096214214518186,1222,1313,Houston,Norfolk St
0.7787127554338723,1222,1314,Houston,North Carolina
0.7876480291517594,1222,1328,Houston,Oklahoma
0.7788127362826536,1222,1332,Houston,Oregon
0.6974626306225686,1222,1345,Houston,Purdue
0.8096214214518186,1222,1352,Houston,Robert Morris
0.7841482789247518,1222,1361,Houston,San Diego St
0.8172344762438049,1222,1384,Houston,St Francis PA
0.7293181787963234,1222,1385,Houston,St John's
0.749021330605663,1222,1388,Houston,St Mary's CA
0.6642693449701111,1222,1397,Houston,Tennessee
0.7958240096877036,1222,1400,Houston,Texas
0.7700495613054432,1222,1401,Houston,Texas A&M
0.7631203600930653,1222,1403,Houston,Texas Tech
0.8172344762438049,1222,1407,Houston,Troy
0.7876480291517594,1222,1417,Houston,UCLA
0.7945287467629341,1222,1423,Houston,UNC Wilmington
0.7699467894092517,1222,1429,Houston,Utah St
0.7958240096877036,1222,1433,Houston,VCU
0.7552483807364002,1222,1435,Houston,Vanderbilt
0.7505343604066431,1222,1458,Houston,Wisconsin
0.8096214214518186,1222,1459,Houston,Wofford
0.7875509525931812,1222,1462,Houston,Xavier
0.7945287467629341,1222,1463,Houston,Yale
0.8025981875743052,1222,1471,Houston,UC San Diego
0.3991986980594459,1228,1235,Illinois,Iowa St
0.4294213958791578,1228,1242,Illinois,Kansas
0.5324303899793883,1228,1246,Illinois,Kentucky
0.6604697644568046,1228,1251,Illinois,Liberty
0.6688726414206487,1228,1252,Illinois,Lipscomb
0.5109288290175187,1228,1257,Illinois,Louisville
0.4175369030097458,1228,1266,Illinois,Marquette
0.5414871469533403,1228,1268,Illinois,Maryland
0.7111377046968426,1228,1270,Illinois,McNeese St
0.5500975967476397,1228,1272,Illinois,Memphis
0.5324303899793883,1228,1276,Illinois,Michigan
0.4044013370564738,1228,1277,Illinois,Michigan St
0.6254713645919492,1228,1279,Illinois,Mississippi
0.4616470291452428,1228,1280,Illinois,Mississippi St
0.5397126739763283,1228,1281,Illinois,Missouri
0.6760527083047518,1228,1285,Illinois,Montana
0.7215948139831656,1228,1291,Illinois,Mt St Mary's
0.7233808430945111,1228,1303,Illinois,NE Omaha
0.5122674762685417,1228,1307,Illinois,New Mexico
0.7350364112027321,1228,1313,Illinois,Norfolk St
0.4344896456391567,1228,1314,Illinois,North Carolina
0.5073115873266978,1228,1328,Illinois,Oklahoma
0.554453462522295,1228,1332,Illinois,Oregon
0.3821282271096194,1228,1345,Illinois,Purdue
0.7350364112027321,1228,1352,Illinois,Robert Morris
0.4430520912622434,1228,1361,Illinois,San Diego St
0.7215948139831656,1228,1384,Illinois,St Francis PA
0.385861799899165,1228,1385,Illinois,St John's
0.4019995187046108,1228,1388,Illinois,St Mary's CA
0.3793339385463525,1228,1397,Illinois,Tennessee
0.5503765362987727,1228,1400,Illinois,Texas
0.561289402250211,1228,1401,Illinois,Texas A&M
0.4358535659665535,1228,1403,Illinois,Texas Tech
0.7188204672258482,1228,1407,Illinois,Troy
0.4616470291452428,1228,1417,Illinois,UCLA
0.7111377046968426,1228,1423,Illinois,UNC Wilmington
0.4724170131521326,1228,1429,Illinois,Utah St
0.520408498965547,1228,1433,Illinois,VCU
0.5122674762685417,1228,1435,Illinois,Vanderbilt
0.4449261560485706,1228,1458,Illinois,Wisconsin
0.7350364112027321,1228,1459,Illinois,Wofford
0.4616470291452428,1228,1462,Illinois,Xavier
0.6969835268467495,1228,1463,Illinois,Yale
0.6969835268467495,1228,1471,Illinois,UC San Diego
0.5208748260714976,1235,1242,Iowa St,Kansas
0.6066200703865612,1235,1246,Iowa St,Kentucky
0.770542792620223,1235,1251,Iowa St,Liberty
0.7869248373571062,1235,1252,Iowa St,Lipscomb
0.6460722290367672,1235,1257,Iowa St,Louisville
0.4730983939206767,1235,1266,Iowa St,Marquette
0.6191877136597974,1235,1268,Iowa St,Maryland
0.7615522869355217,1235,1270,Iowa St,McNeese St
0.5852344150705838,1235,1272,Iowa St,Memphis
0.5994880484192443,1235,1276,Iowa St,Michigan
0.540573614755701,1235,1277,Iowa St,Michigan St
0.7383311959908617,1235,1279,Iowa St,Mississippi
0.6692597692678867,1235,1280,Iowa St,Mississippi St
0.6672948667802183,1235,1281,Iowa St,Missouri
0.7923398213853368,1235,1285,Iowa St,Montana
0.7783916032474439,1235,1291,Iowa St,Mt St Mary's
0.7680413480334152,1235,1303,Iowa St,NE Omaha
0.6802691269707707,1235,1307,Iowa St,New Mexico
0.7783916032474439,1235,1313,Iowa St,Norfolk St
0.6254082276787659,1235,1314,Iowa St,North Carolina
0.6460722290367672,1235,1328,Iowa St,Oklahoma
0.6191877136597974,1235,1332,Iowa St,Oregon
0.4116565921880812,1235,1345,Iowa St,Purdue
0.7783916032474439,1235,1352,Iowa St,Robert Morris
0.6524369642839486,1235,1361,Iowa St,San Diego St
0.7869248373571062,1235,1384,Iowa St,St Francis PA
0.5116164962060457,1235,1385,Iowa St,St John's
0.5088068154631372,1235,1388,Iowa St,St Mary's CA
0.4647513629602061,1235,1397,Iowa St,Tennessee
0.6802691269707707,1235,1400,Iowa St,Texas
0.6135828736156042,1235,1401,Iowa St,Texas A&M
0.5757926622547758,1235,1403,Iowa St,Texas Tech
0.7869248373571062,1235,1407,Iowa St,Troy
0.6692597692678867,1235,1417,Iowa St,UCLA
0.7615522869355217,1235,1423,Iowa St,UNC Wilmington
0.6135828736156042,1235,1429,Iowa St,Utah St
0.6873175977754175,1235,1433,Iowa St,VCU
0.6692597692678867,1235,1435,Iowa St,Vanderbilt
0.5620821841210578,1235,1458,Iowa St,Wisconsin
0.7783916032474439,1235,1459,Iowa St,Wofford
0.6692597692678867,1235,1462,Iowa St,Xavier
0.7615522869355217,1235,1463,Iowa St,Yale
0.770542792620223,1235,1471,Iowa St,UC San Diego
0.5883219352108081,1242,1246,Kansas,Kentucky
0.6897682817013194,1242,1251,Kansas,Liberty
0.6977778571978103,1242,1252,Kansas,Lipscomb
0.6200573162910133,1242,1257,Kansas,Louisville
0.4658350655915684,1242,1266,Kansas,Marquette
0.5820018615162319,1242,1268,Kansas,Maryland
0.6897682817013194,1242,1270,Kansas,McNeese St
0.5839531763585735,1242,1272,Kansas,Memphis
0.5665679264191665,1242,1276,Kansas,Michigan
0.4315285562337526,1242,1277,Kansas,Michigan St
0.5593747394299708,1242,1279,Kansas,Mississippi
0.6052066698795006,1242,1280,Kansas,Mississippi St
0.6434840656064497,1242,1281,Kansas,Missouri
0.7046079513177993,1242,1285,Kansas,Montana
0.7147257371455487,1242,1291,Kansas,Mt St Mary's
0.685185282035639,1242,1303,Kansas,NE Omaha
0.6052066698795006,1242,1307,Kansas,New Mexico
0.7147257371455487,1242,1313,Kansas,Norfolk St
0.5547715123732683,1242,1314,Kansas,North Carolina
0.6200573162910133,1242,1328,Kansas,Oklahoma
0.5708514141814488,1242,1332,Kansas,Oregon
0.3797365006281949,1242,1345,Kansas,Purdue
0.6977778571978103,1242,1352,Kansas,Robert Morris
0.5871357137346088,1242,1361,Kansas,San Diego St
0.7147257371455487,1242,1384,Kansas,St Francis PA
0.3993346399868395,1242,1385,Kansas,St John's
0.4730002263067356,1242,1388,Kansas,St Mary's CA
0.3769490315736137,1242,1397,Kansas,Tennessee
0.6052066698795006,1242,1400,Kansas,Texas
0.5776274204125589,1242,1401,Kansas,Texas A&M
0.4523047218079196,1242,1403,Kansas,Texas Tech
0.6977778571978103,1242,1407,Kansas,Troy
0.5360341553147621,1242,1417,Kansas,UCLA
0.6897682817013194,1242,1423,Kansas,UNC Wilmington
0.5547715123732683,1242,1429,Kansas,Utah St
0.6129684402412998,1242,1433,Kansas,VCU
0.6052066698795006,1242,1435,Kansas,Vanderbilt
0.458920225344234,1242,1458,Kansas,Wisconsin
0.6977778571978103,1242,1459,Kansas,Wofford
0.6052066698795006,1242,1462,Kansas,Xavier
0.6897682817013194,1242,1463,Kansas,Yale
0.6897682817013194,1242,1471,Kansas,UC San Diego
0.617972565739121,1246,1251,Kentucky,Liberty
0.6275782967565888,1246,1252,Kentucky,Lipscomb
0.4870603610674844,1246,1257,Kentucky,Louisville
0.4036886883903853,1246,1266,Kentucky,Marquette
0.4383842572399936,1246,1268,Kentucky,Maryland
0.6718312638029614,1246,1270,Kentucky,McNeese St
0.4303749136364747,1246,1272,Kentucky,Memphis
0.4303749136364747,1246,1276,Kentucky,Michigan
0.4089984326029295,1246,1277,Kentucky,Michigan St
0.5798834532030731,1246,1279,Kentucky,Mississippi
0.4380188833669847,1246,1280,Kentucky,Mississippi St
0.5593808660332551,1246,1281,Kentucky,Missouri
0.6351653768122557,1246,1285,Kentucky,Montana
0.6658396430560041,1246,1291,Kentucky,Mt St Mary's
0.680782302095052,1246,1303,Kentucky,NE Omaha
0.4883989223601431,1246,1307,Kentucky,New Mexico
0.680782302095052,1246,1313,Kentucky,Norfolk St
0.4196338239984141,1246,1314,Kentucky,North Carolina
0.4834450632933171,1246,1328,Kentucky,Oklahoma
0.4383842572399936,1246,1332,Kentucky,Oregon
0.3251646691369448,1246,1345,Kentucky,Purdue
0.680782302095052,1246,1352,Kentucky,Robert Morris
0.4366151701171117,1246,1361,Kentucky,San Diego St
0.6658396430560041,1246,1384,Kentucky,St Francis PA
0.3773695628085539,1246,1385,Kentucky,St John's
0.3874933921084748,1246,1388,Kentucky,St Mary's CA
0.3438162257896406,1246,1397,Kentucky,Tennessee
0.5439030939241131,1246,1400,Kentucky,Texas
0.4196338239984141,1246,1401,Kentucky,Texas A&M
0.4395590990628458,1246,1403,Kentucky,Texas Tech
0.680782302095052,1246,1407,Kentucky,Troy
0.4380188833669847,1246,1417,Kentucky,UCLA
0.6718312638029614,1246,1423,Kentucky,UNC Wilmington
0.4745723738722709,1246,1429,Kentucky,Utah St
0.4965468001483782,1246,1433,Kentucky,VCU
0.5057380928272889,1246,1435,Kentucky,Vanderbilt
0.4234152527942816,1246,1458,Kentucky,Wisconsin
0.680782302095052,1246,1459,Kentucky,Wofford
0.4380188833669847,1246,1462,Kentucky,Xavier
0.6566809066679882,1246,1463,Kentucky,Yale
0.6566809066679882,1246,1471,Kentucky,UC San Diego
0.5155674814637271,1251,1252,Liberty,Lipscomb
0.5200390753770525,1251,1257,Liberty,Louisville
0.2869829115655579,1251,1266,Liberty,Marquette
0.4148004112162365,1251,1268,Liberty,Maryland
0.5970068808376083,1251,1270,Liberty,McNeese St
0.4562658228491228,1251,1272,Liberty,Memphis
0.4471490885541643,1251,1276,Liberty,Michigan
0.2403634467588349,1251,1277,Liberty,Michigan St
0.4794198716467468,1251,1279,Liberty,Mississippi
0.5373103305144421,1251,1280,Liberty,Mississippi St
0.5437464502469195,1251,1281,Liberty,Missouri
0.5155674814637271,1251,1285,Liberty,Montana
0.5880927320774908,1251,1291,Liberty,Mt St Mary's
0.6257320243600492,1251,1303,Liberty,NE Omaha
0.427281445153106,1251,1307,Liberty,New Mexico
0.5739089527574993,1251,1313,Liberty,Norfolk St
0.4259952516883999,1251,1314,Liberty,North Carolina
0.5200390753770525,1251,1328,Liberty,Oklahoma
0.3504655624152871,1251,1332,Liberty,Oregon
0.2915429932304272,1251,1345,Liberty,Purdue
0.6257320243600492,1251,1352,Liberty,Robert Morris
0.4780356957958561,1251,1361,Liberty,San Diego St
0.626054824572944,1251,1384,Liberty,St Francis PA
0.2332697176530223,1251,1385,Liberty,St John's
0.3143215638629247,1251,1388,Liberty,St Mary's CA
0.2345287674462359,1251,1397,Liberty,Tennessee
0.5121445143558484,1251,1400,Liberty,Texas
0.4278750048357889,1251,1401,Liberty,Texas A&M
0.3436093856356691,1251,1403,Liberty,Texas Tech
0.6123165112811831,1251,1407,Liberty,Troy
0.4898612077355867,1251,1417,Liberty,UCLA
0.6044466623738002,1251,1423,Liberty,UNC Wilmington
0.443877526662694,1251,1429,Liberty,Utah St
0.4679967452361114,1251,1433,Liberty,VCU
0.5227492814117947,1251,1435,Liberty,Vanderbilt
0.289312609172843,1251,1458,Liberty,Wisconsin
0.5739089527574993,1251,1459,Liberty,Wofford
0.4990837123543831,1251,1462,Liberty,Xavier
0.6096898616022326,1251,1463,Liberty,Yale
0.5612270509325041,1251,1471,Liberty,UC San Diego
0.4588475162624593,1252,1257,Lipscomb,Louisville
0.2536658947144973,1252,1266,Lipscomb,Marquette
0.3517742883683902,1252,1268,Lipscomb,Maryland
0.401125838338893,1252,1270,Lipscomb,McNeese St
0.3837653053069678,1252,1272,Lipscomb,Memphis
0.3750978612056761,1252,1276,Lipscomb,Michigan
0.210858129201628,1252,1277,Lipscomb,Michigan St
0.4059872911002643,1252,1279,Lipscomb,Mississippi
0.4761024336951002,1252,1280,Lipscomb,Mississippi St
0.4472104172766071,1252,1281,Lipscomb,Missouri
0.5126506489968332,1252,1285,Lipscomb,Montana
0.5880927320774908,1252,1291,Lipscomb,Mt St Mary's
0.6257320243600492,1252,1303,Lipscomb,NE Omaha
0.3844092958548294,1252,1307,Lipscomb,New Mexico
0.5739089527574993,1252,1313,Lipscomb,Norfolk St
0.3480172060805376,1252,1314,Lipscomb,North Carolina
0.4588475162624593,1252,1328,Lipscomb,Oklahoma
0.3007157537286103,1252,1332,Lipscomb,Oregon
0.2578880537350459,1252,1345,Lipscomb,Purdue
0.6257320243600492,1252,1352,Lipscomb,Robert Morris
0.3971221768500094,1252,1361,Lipscomb,San Diego St
0.626054824572944,1252,1384,Lipscomb,St Francis PA
0.2044008701635019,1252,1385,Lipscomb,St John's
0.2790729297362292,1252,1388,Lipscomb,St Mary's CA
0.2055458747680479,1252,1397,Lipscomb,Tennessee
0.4521968540904915,1252,1400,Lipscomb,Texas
0.3870809555821472,1252,1401,Lipscomb,Texas A&M
0.3065447043444254,1252,1403,Lipscomb,Texas Tech
0.546831028799659,1252,1407,Lipscomb,Troy
0.4085126271131666,1252,1417,Lipscomb,UCLA
0.5608875404925491,1252,1423,Lipscomb,UNC Wilmington
0.36470592821194,1252,1429,Lipscomb,Utah St
0.3875208973017906,1252,1433,Lipscomb,VCU
0.4406568272507997,1252,1435,Lipscomb,Vanderbilt
0.2558221675693021,1252,1458,Lipscomb,Wisconsin
0.5739089527574993,1252,1459,Lipscomb,Wofford
0.4174568834880767,1252,1462,Lipscomb,Xavier
0.3918950688321431,1252,1463,Lipscomb,Yale
0.39717797513422,1252,1471,Lipscomb,UC San Diego
0.3658876555304551,1257,1266,Louisville,Marquette
0.5398188099687881,1257,1268,Louisville,Maryland
0.5797016193002898,1257,1270,Louisville,McNeese St
0.5692120299410205,1257,1272,Louisville,Memphis
0.5516837030257417,1257,1276,Louisville,Michigan
0.3052591116954518,1257,1277,Louisville,Michigan St
0.5382661948717213,1257,1279,Louisville,Mississippi
0.5062134434857327,1257,1280,Louisville,Mississippi St
0.6051237019565752,1257,1281,Louisville,Missouri
0.4621676553201542,1257,1285,Louisville,Montana
0.5235737304978266,1257,1291,Louisville,Mt St Mary's
0.5627249682720072,1257,1303,Louisville,NE Omaha
0.4554265928709972,1257,1307,Louisville,New Mexico
0.5209648228925138,1257,1313,Louisville,Norfolk St
0.3855819397159117,1257,1314,Louisville,North Carolina
0.464697054695358,1257,1328,Louisville,Oklahoma
0.5119897652157369,1257,1332,Louisville,Oregon
0.2793385741882351,1257,1345,Louisville,Purdue
0.5627249682720072,1257,1352,Louisville,Robert Morris
0.4211247130584697,1257,1361,Louisville,San Diego St
0.5630641647591595,1257,1384,Louisville,St Francis PA
0.2955492346622834,1257,1385,Louisville,St John's
0.3369971888419884,1257,1388,Louisville,St Mary's CA
0.2667995066849728,1257,1397,Louisville,Tennessee
0.4935979092466179,1257,1400,Louisville,Texas
0.546535225977759,1257,1401,Louisville,Texas A&M
0.352415397333508,1257,1403,Louisville,Texas Tech
0.5604899776244718,1257,1407,Louisville,Troy
0.5711094852206439,1257,1417,Louisville,UCLA
0.5404877271515534,1257,1423,Louisville,UNC Wilmington
0.4394379501066056,1257,1429,Louisville,Utah St
0.4554265928709972,1257,1433,Louisville,VCU
0.4726767011287643,1257,1435,Louisville,Vanderbilt
0.3503198560693346,1257,1458,Louisville,Wisconsin
0.5209648228925138,1257,1459,Louisville,Wofford
0.4247842006227362,1257,1462,Louisville,Xavier
0.5459418616703118,1257,1463,Louisville,Yale
0.5408300979735519,1257,1471,Louisville,UC San Diego
0.5414871469533403,1266,1268,Marquette,Maryland
0.7335674170642048,1266,1270,Marquette,McNeese St
0.5500975967476397,1266,1272,Marquette,Memphis
0.5324303899793883,1266,1276,Marquette,Michigan
0.454976197809345,1266,1277,Marquette,Michigan St
0.5251454936888297,1266,1279,Marquette,Mississippi
0.6373606836145321,1266,1280,Marquette,Mississippi St
0.5898607122282068,1266,1281,Marquette,Missouri
0.747080208080792,1266,1285,Marquette,Montana
0.7661017907861564,1266,1291,Marquette,Mt St Mary's
0.7293775971510448,1266,1303,Marquette,NE Omaha
0.6373606836145321,1266,1307,Marquette,New Mexico
0.7661017907861564,1266,1313,Marquette,Norfolk St
0.5796863337390538,1266,1314,Marquette,North Carolina
0.6516979028260282,1266,1328,Marquette,Oklahoma
0.5767190213836861,1266,1332,Marquette,Oregon
0.4319376773514941,1266,1345,Marquette,Purdue
0.7408710014022973,1266,1352,Marquette,Robert Morris
0.6198370075338534,1266,1361,Marquette,San Diego St
0.7661017907861564,1266,1384,Marquette,St Francis PA
0.4439721095420768,1266,1385,Marquette,St John's
0.5022457003799202,1266,1388,Marquette,St Mary's CA
0.4165076084311755,1266,1397,Marquette,Tennessee
0.6373606836145321,1266,1400,Marquette,Texas
0.5754018261130087,1266,1401,Marquette,Texas A&M
0.450047488823254,1266,1403,Marquette,Texas Tech
0.7408710014022973,1266,1407,Marquette,Troy
0.5698174392707664,1266,1417,Marquette,UCLA
0.7335674170642048,1266,1423,Marquette,UNC Wilmington
0.5796863337390538,1266,1429,Marquette,Utah St
0.6448612495988312,1266,1433,Marquette,VCU
0.6373606836145321,1266,1435,Marquette,Vanderbilt
0.4963455825734703,1266,1458,Marquette,Wisconsin
0.7408710014022973,1266,1459,Marquette,Wofford
0.6373606836145321,1266,1462,Marquette,Xavier
0.7335674170642048,1266,1463,Marquette,Yale
0.7335674170642048,1266,1471,Marquette,UC San Diego
0.6987380238962765,1268,1270,Maryland,McNeese St
0.4055369471049416,1268,1272,Maryland,Memphis
0.4055369471049416,1268,1276,Maryland,Michigan
0.3705363594566483,1268,1277,Maryland,Michigan St
0.628463996808053,1268,1279,Maryland,Mississippi
0.4130596631922514,1268,1280,Maryland,Mississippi St
0.568202650854818,1268,1281,Maryland,Missouri
0.6610231114012284,1268,1285,Maryland,Montana
0.6905824074362739,1268,1291,Maryland,Mt St Mary's
0.7232633893542928,1268,1303,Maryland,NE Omaha
0.4629337401494545,1268,1307,Maryland,New Mexico
0.7049089950075799,1268,1313,Maryland,Norfolk St
0.3949859083976753,1268,1314,Maryland,North Carolina
0.4699626436204731,1268,1328,Maryland,Oklahoma
0.4134195332928899,1268,1332,Maryland,Oregon
0.3644445530972917,1268,1345,Maryland,Purdue
0.7232633893542928,1268,1352,Maryland,Robert Morris
0.4116773425999927,1268,1361,Maryland,San Diego St
0.7094606213249169,1268,1384,Maryland,St Francis PA
0.3545360129161021,1268,1385,Maryland,St John's
0.378628170315249,1268,1388,Maryland,St Mary's CA
0.3226766138744492,1268,1397,Maryland,Tennessee
0.5184768059249004,1268,1400,Maryland,Texas
0.4963443697861719,1268,1401,Maryland,Texas A&M
0.4126134008983474,1268,1403,Maryland,Texas Tech
0.7232633893542928,1268,1407,Maryland,Troy
0.4130596631922514,1268,1417,Maryland,UCLA
0.6963327137714114,1268,1423,Maryland,UNC Wilmington
0.4491951304343977,1268,1429,Maryland,Utah St
0.4710479427846134,1268,1433,Maryland,VCU
0.4802174516111912,1268,1435,Maryland,Vanderbilt
0.3967585900749098,1268,1458,Maryland,Wisconsin
0.7049089950075799,1268,1459,Maryland,Wofford
0.4130596631922514,1268,1462,Maryland,Xavier
0.7009605064148899,1268,1463,Maryland,Yale
0.6645042294574564,1268,1471,Maryland,UC San Diego
0.3541310530904447,1270,1272,McNeese St,Memphis
0.3457573766725189,1270,1276,McNeese St,Michigan
0.2160783877982047,1270,1277,McNeese St,Michigan St
0.3756831958417834,1270,1279,McNeese St,Mississippi
0.4097023013847001,1270,1280,McNeese St,Mississippi St
0.4276443227299061,1270,1281,McNeese St,Missouri
0.5061234064622717,1270,1285,McNeese St,Montana
0.5672104713585593,1270,1291,McNeese St,Mt St Mary's
0.6054778408450254,1270,1303,McNeese St,NE Omaha
0.3524651615118078,1270,1307,McNeese St,New Mexico
0.5646418245743813,1270,1313,McNeese St,Norfolk St
0.31753729156378,1270,1314,McNeese St,North Carolina
0.393048427468222,1270,1328,McNeese St,Oklahoma
0.2906313754443911,1270,1332,McNeese St,Oregon
0.2638832986076734,1270,1345,McNeese St,Purdue
0.6054778408450254,1270,1352,McNeese St,Robert Morris
0.3537423973946904,1270,1361,McNeese St,San Diego St
0.6058071050661199,1270,1384,McNeese St,St Francis PA
0.2095037061410899,1270,1385,McNeese St,St John's
0.2672000466146901,1270,1388,McNeese St,St Mary's CA
0.2106697265131451,1270,1397,McNeese St,Tennessee
0.4184487290944856,1270,1400,McNeese St,Texas
0.3512236477833281,1270,1401,McNeese St,Texas A&M
0.2844331552349428,1270,1403,McNeese St,Texas Tech
0.6033073239145248,1270,1407,McNeese St,Troy
0.3757882389528439,1270,1417,McNeese St,UCLA
0.5838067437964349,1270,1423,McNeese St,UNC Wilmington
0.3335120608888186,1270,1429,McNeese St,Utah St
0.3554675011849078,1270,1433,McNeese St,VCU
0.4071298670611484,1270,1435,McNeese St,Vanderbilt
0.2617863276176158,1270,1458,McNeese St,Wisconsin
0.5646418245743813,1270,1459,McNeese St,Wofford
0.3732309834199281,1270,1462,McNeese St,Xavier
0.5891375646434317,1270,1463,McNeese St,Yale
0.5017928309070927,1270,1471,McNeese St,UC San Diego
0.414582665149414,1272,1276,Memphis,Michigan
0.4205503182072411,1272,1277,Memphis,Michigan St
0.5775668012624202,1272,1279,Memphis,Mississippi
0.3949718872267232,1272,1280,Memphis,Mississippi St
0.5321641479349115,1272,1281,Memphis,Missouri
0.6138194773067502,1272,1285,Memphis,Montana
0.6452861785213557,1272,1291,Memphis,Mt St Mary's
0.6805382175346719,1272,1303,Memphis,NE Omaha
0.4443152640751102,1272,1307,Memphis,New Mexico
0.6606795474223619,1272,1313,Memphis,Norfolk St
0.3771809772075796,1272,1314,Memphis,North Carolina
0.408782172290433,1272,1328,Memphis,Oklahoma
0.442359006845156,1272,1332,Memphis,Oregon
0.3899401364275427,1272,1345,Memphis,Purdue
0.6805382175346719,1272,1352,Memphis,Robert Morris
0.3936095049435427,1272,1361,Memphis,San Diego St
0.6655897452882732,1272,1384,Memphis,St Francis PA
0.3886155291489347,1272,1385,Memphis,St John's
0.3611204857091407,1272,1388,Memphis,St Mary's CA
0.387124514589782,1272,1397,Memphis,Tennessee
0.4820710993725475,1272,1400,Memphis,Texas
0.5776274204125589,1272,1401,Memphis,Texas A&M
0.4523047218079196,1272,1403,Memphis,Texas Tech
0.6805382175346719,1272,1407,Memphis,Troy
0.3949718872267232,1272,1417,Memphis,UCLA
0.6514534157816181,1272,1423,Memphis,UNC Wilmington
0.4134768814513226,1272,1429,Memphis,Utah St
0.4523780071052309,1272,1433,Memphis,VCU
0.4615011717597491,1272,1435,Memphis,Vanderbilt
0.4477940564363107,1272,1458,Memphis,Wisconsin
0.6606795474223619,1272,1459,Memphis,Wofford
0.3949718872267232,1272,1462,Memphis,Xavier
0.6200960703598719,1272,1463,Memphis,Yale
0.598695746449127,1272,1471,Memphis,UC San Diego
0.4089984326029295,1276,1277,Michigan,Michigan St
0.5885966480091672,1276,1279,Michigan,Mississippi
0.4130596631922514,1276,1280,Michigan,Mississippi St
0.568202650854818,1276,1281,Michigan,Missouri
0.6304048441398855,1276,1285,Michigan,Montana
0.6612659078175765,1276,1291,Michigan,Mt St Mary's
0.6956788096358347,1276,1303,Michigan,NE Omaha
0.4629337401494545,1276,1307,Michigan,New Mexico
0.6763136650077359,1276,1313,Michigan,Norfolk St
0.3949859083976753,1276,1314,Michigan,North Carolina
0.4699626436204731,1276,1328,Michigan,Oklahoma
0.4976927201185751,1276,1332,Michigan,Oregon
0.3709560872352909,1276,1345,Michigan,Purdue
0.6956788096358347,1276,1352,Michigan,Robert Morris
0.4116773425999927,1276,1361,Michigan,San Diego St
0.6811068250574304,1276,1384,Michigan,St Francis PA
0.3903862815592642,1276,1385,Michigan,St John's
0.378628170315249,1276,1388,Michigan,St Mary's CA
0.3563379516791244,1276,1397,Michigan,Tennessee
0.5184768059249004,1276,1400,Michigan,Texas
0.5776274204125589,1276,1401,Michigan,Texas A&M
0.4523047218079196,1276,1403,Michigan,Texas Tech
0.6956788096358347,1276,1407,Michigan,Troy
0.4130596631922514,1276,1417,Michigan,UCLA
0.6672985598572996,1276,1423,Michigan,UNC Wilmington
0.4491951304343977,1276,1429,Michigan,Utah St
0.4710479427846134,1276,1433,Michigan,VCU
0.4802174516111912,1276,1435,Michigan,Vanderbilt
0.4496361478810457,1276,1458,Michigan,Wisconsin
0.6763136650077359,1276,1459,Michigan,Wofford
0.4130596631922514,1276,1462,Michigan,Xavier
0.6470022975021831,1276,1463,Michigan,Yale
0.6262039852416499,1276,1471,Michigan,UC San Diego
0.7470021615221909,1277,1279,Michigan St,Mississippi
0.6792251625649799,1277,1280,Michigan St,Mississippi St
0.677290916428599,1277,1281,Michigan St,Missouri
0.7923398213853368,1277,1285,Michigan St,Montana
0.7783916032474439,1277,1291,Michigan St,Mt St Mary's
0.7680413480334152,1277,1303,Michigan St,NE Omaha
0.6900564253719199,1277,1307,Michigan St,New Mexico
0.7783916032474439,1277,1313,Michigan St,Norfolk St
0.6801802299766556,1277,1314,Michigan St,North Carolina
0.6792251625649799,1277,1328,Michigan St,Oklahoma
0.653508376427117,1277,1332,Michigan St,Oregon
0.4130602894329845,1277,1345,Michigan St,Purdue
0.7783916032474439,1277,1352,Michigan St,Robert Morris
0.7051202886725835,1277,1361,Michigan St,San Diego St
0.7869248373571062,1277,1384,Michigan St,St Francis PA
0.542352955997381,1277,1385,Michigan St,St John's
0.5201403808742417,1277,1388,Michigan St,St Mary's CA
0.4481855371014726,1277,1397,Michigan St,Tennessee
0.7304764630965364,1277,1400,Michigan St,Texas
0.6242840684303724,1277,1401,Michigan St,Texas A&M
0.5672787542684755,1277,1403,Michigan St,Texas Tech
0.7869248373571062,1277,1407,Michigan St,Troy
0.6792251625649799,1277,1417,Michigan St,UCLA
0.7615522869355217,1277,1423,Michigan St,UNC Wilmington
0.6242840684303724,1277,1429,Michigan St,Utah St
0.7368462727746882,1277,1433,Michigan St,VCU
0.6792251625649799,1277,1435,Michigan St,Vanderbilt
0.5382294226863588,1277,1458,Michigan St,Wisconsin
0.7783916032474439,1277,1459,Michigan St,Wofford
0.720485561787628,1277,1462,Michigan St,Xavier
0.7615522869355217,1277,1463,Michigan St,Yale
0.770542792620223,1277,1471,Michigan St,UC San Diego
0.3722393291057542,1279,1280,Mississippi,Mississippi St
0.4909059429778794,1279,1281,Mississippi,Missouri
0.4509102967398026,1279,1285,Mississippi,Montana
0.5522182297558627,1279,1291,Mississippi,Mt St Mary's
0.5908550114472927,1279,1303,Mississippi,NE Omaha
0.4017385896528989,1279,1307,Mississippi,New Mexico
0.5496312535848783,1279,1313,Mississippi,Norfolk St
0.3350616363802128,1279,1314,Mississippi,North Carolina
0.3860549533563625,1279,1328,Mississippi,Oklahoma
0.3377021946521397,1279,1332,Mississippi,Oregon
0.2955955679831699,1279,1345,Mississippi,Purdue
0.5908550114472927,1279,1352,Mississippi,Robert Morris
0.3687423274523227,1279,1361,Mississippi,San Diego St
0.591188239687706,1279,1384,Mississippi,St Francis PA
0.2488431348532106,1279,1385,Mississippi,St John's
0.3285318015747693,1279,1388,Mississippi,St Mary's CA
0.2380551223684927,1279,1397,Mississippi,Tennessee
0.439037862164888,1279,1400,Mississippi,Texas
0.4165212999448165,1279,1401,Mississippi,Texas A&M
0.3088621907465245,1279,1403,Mississippi,Texas Tech
0.5492836102932506,1279,1407,Mississippi,Troy
0.338420762894938,1279,1417,Mississippi,UCLA
0.5291997486173448,1279,1423,Mississippi,UNC Wilmington
0.3862977546079589,1279,1429,Mississippi,Utah St
0.4017385896528989,1279,1433,Mississippi,VCU
0.4185179853461525,1279,1435,Mississippi,Vanderbilt
0.3003427004578763,1279,1458,Mississippi,Wisconsin
0.5496312535848783,1279,1459,Mississippi,Wofford
0.3722393291057542,1279,1462,Mississippi,Xavier
0.5346725146110219,1279,1463,Mississippi,Yale
0.529543209171838,1279,1471,Mississippi,UC San Diego
0.5825277962833659,1280,1281,Mississippi St,Missouri
0.5096959024584132,1280,1285,Mississippi St,Montana
0.5685671443708152,1280,1291,Mississippi St,Mt St Mary's
0.6067977134616307,1280,1303,Mississippi St,NE Omaha
0.4017385896528989,1280,1307,Mississippi St,New Mexico
0.5681521999667273,1280,1313,Mississippi St,Norfolk St
0.3350616363802128,1280,1314,Mississippi St,North Carolina
0.4086207300449646,1280,1328,Mississippi St,Oklahoma
0.5201359285602298,1280,1332,Mississippi St,Oregon
0.3008016208896075,1280,1345,Mississippi St,Purdue
0.6310890842526683,1280,1352,Mississippi St,Robert Morris
0.3909405271937411,1280,1361,Mississippi St,San Diego St
0.6314099857395589,1280,1384,Mississippi St,St Francis PA
0.3177087217794088,1280,1385,Mississippi St,St John's
0.3534806003338532,1280,1388,Mississippi St,St Mary's CA
0.298314902761398,1280,1397,Mississippi St,Tennessee
0.439037862164888,1280,1400,Mississippi St,Texas
0.5777529471215961,1280,1401,Mississippi St,Texas A&M
0.369232962765015,1280,1403,Mississippi St,Texas Tech
0.6067230800964372,1280,1407,Mississippi St,Troy
0.5480209880171902,1280,1417,Mississippi St,UCLA
0.6009121600121522,1280,1423,Mississippi St,UNC Wilmington
0.3862977546079589,1280,1429,Mississippi St,Utah St
0.4017385896528989,1280,1433,Mississippi St,VCU
0.4185179853461525,1280,1435,Mississippi St,Vanderbilt
0.3653656854444723,1280,1458,Mississippi St,Wisconsin
0.5681521999667273,1280,1459,Mississippi St,Wofford
0.3945164798701261,1280,1462,Mississippi St,Xavier
0.6061716844138237,1280,1463,Mississippi St,Yale
0.6012427251937766,1280,1471,Mississippi St,UC San Diego
0.4926186744537691,1281,1285,Missouri,Montana
0.5850502232845538,1281,1291,Missouri,Mt St Mary's
0.6227892091982629,1281,1303,Missouri,NE Omaha
0.4017385896528989,1281,1307,Missouri,New Mexico
0.5825095245832017,1281,1313,Missouri,Norfolk St
0.3350616363802128,1281,1314,Missouri,North Carolina
0.3860549533563625,1281,1328,Missouri,Oklahoma
0.496328283359561,1281,1332,Missouri,Oregon
0.3296201924093172,1281,1345,Missouri,Purdue
0.6227892091982629,1281,1352,Missouri,Robert Morris
0.3687423274523227,1281,1361,Missouri,San Diego St
0.6231130187912644,1281,1384,Missouri,St Francis PA
0.3133834946225264,1281,1385,Missouri,St John's
0.3285318015747693,1281,1388,Missouri,St Mary's CA
0.3270066550437018,1281,1397,Missouri,Tennessee
0.439037862164888,1281,1400,Missouri,Texas
0.5309667612199209,1281,1401,Missouri,Texas A&M
0.3736107756732763,1281,1403,Missouri,Texas Tech
0.5903089154578877,1281,1407,Missouri,Troy
0.338420762894938,1281,1417,Missouri,UCLA
0.5706241211685789,1281,1423,Missouri,UNC Wilmington
0.3862977546079589,1281,1429,Missouri,Utah St
0.4017385896528989,1281,1433,Missouri,VCU
0.4185179853461525,1281,1435,Missouri,Vanderbilt
0.369724522368819,1281,1458,Missouri,Wisconsin
0.5825095245832017,1281,1459,Missouri,Wofford
0.3722393291057542,1281,1462,Missouri,Xavier
0.5760011620241298,1281,1463,Missouri,Yale
0.5709618619632901,1281,1471,Missouri,UC San Diego
0.5650862989052594,1285,1291,Montana,Mt St Mary's
0.6034101658561689,1285,1303,Montana,NE Omaha
0.3844092958548294,1285,1307,Montana,New Mexico
0.5739089527574993,1285,1313,Montana,Norfolk St
0.3480172060805376,1285,1314,Montana,North Carolina
0.4355508600018125,1285,1328,Montana,Oklahoma
0.3007157537286103,1285,1332,Montana,Oregon
0.2578880537350459,1285,1345,Montana,Purdue
0.6034101658561689,1285,1352,Montana,Robert Morris
0.3747889660435469,1285,1361,Montana,San Diego St
0.603740026365074,1285,1384,Montana,St Francis PA
0.2044008701635019,1285,1385,Montana,St John's
0.2790729297362292,1285,1388,Montana,St Mary's CA
0.2055458747680479,1285,1397,Montana,Tennessee
0.4521968540904915,1285,1400,Montana,Texas
0.3649705841397466,1285,1401,Montana,Texas A&M
0.3065447043444254,1285,1403,Montana,Texas Tech
0.546831028799659,1285,1407,Montana,Troy
0.4085126271131666,1285,1417,Montana,UCLA
0.5375564572472553,1285,1423,Montana,UNC Wilmington
0.36470592821194,1285,1429,Montana,Utah St
0.3875208973017906,1285,1433,Montana,VCU
0.4406568272507997,1285,1435,Montana,Vanderbilt
0.2558221675693021,1285,1458,Montana,Wisconsin
0.5739089527574993,1285,1459,Montana,Wofford
0.3947288428894983,1285,1462,Montana,Xavier
0.369675566266395,1285,1463,Montana,Yale
0.3748435774154471,1285,1471,Montana,UC San Diego
0.3834356076533309,1291,1303,Mt St Mary's,NE Omaha
0.4066938742117357,1291,1307,Mt St Mary's,New Mexico
0.4891326786622715,1291,1313,Mt St Mary's,Norfolk St
0.3852597378038472,1291,1314,Mt St Mary's,North Carolina
0.4484409204944005,1291,1328,Mt St Mary's,Oklahoma
0.3007157537286103,1291,1332,Mt St Mary's,Oregon
0.2578880537350459,1291,1345,Mt St Mary's,Purdue
0.4550351099251229,1291,1352,Mt St Mary's,Robert Morris
0.4336762549918911,1291,1361,Mt St Mary's,San Diego St
0.6682809023413729,1291,1384,Mt St Mary's,St Francis PA
0.2044008701635019,1291,1385,Mt St Mary's,St John's
0.26758879911348,1291,1388,Mt St Mary's,St Mary's CA
0.2055458747680479,1291,1397,Mt St Mary's,Tennessee
0.4639804791482836,1291,1400,Mt St Mary's,Texas
0.3649705841397466,1291,1401,Mt St Mary's,Texas A&M
0.3065447043444254,1291,1403,Mt St Mary's,Texas Tech
0.3694452853162758,1291,1407,Mt St Mary's,Troy
0.4071700668488494,1291,1417,Mt St Mary's,UCLA
0.3787351100715778,1291,1423,Mt St Mary's,UNC Wilmington
0.4026314856907376,1291,1429,Mt St Mary's,Utah St
0.4469784680016918,1291,1433,Mt St Mary's,VCU
0.5015904314816112,1291,1435,Mt St Mary's,Vanderbilt
0.2558221675693021,1291,1458,Mt St Mary's,Wisconsin
0.3575830581844451,1291,1459,Mt St Mary's,Wofford
0.4544717187587789,1291,1462,Mt St Mary's,Xavier
0.3611184694678271,1291,1463,Mt St Mary's,Yale
0.3980798959163789,1291,1471,Mt St Mary's,UC San Diego
0.3719532485146788,1303,1307,NE Omaha,New Mexico
0.537878546577127,1303,1313,NE Omaha,Norfolk St
0.31753729156378,1303,1314,NE Omaha,North Carolina
0.3873751230965586,1303,1328,NE Omaha,Oklahoma
0.272646167219877,1303,1332,NE Omaha,Oregon
0.2856538830752542,1303,1345,NE Omaha,Purdue
0.4941251642192816,1303,1352,NE Omaha,Robert Morris
0.3537423973946904,1303,1361,NE Omaha,San Diego St
0.6058071050661199,1303,1384,NE Omaha,St Francis PA
0.2281785949569698,1303,1385,NE Omaha,St John's
0.267959773764309,1303,1388,NE Omaha,St Mary's CA
0.2386177012681037,1303,1397,NE Omaha,Tennessee
0.392369675732674,1303,1400,NE Omaha,Texas
0.3441718573480956,1303,1401,NE Omaha,Texas A&M
0.2971566886505861,1303,1403,NE Omaha,Texas Tech
0.3222923300389898,1303,1407,NE Omaha,Troy
0.3377119777462458,1303,1417,NE Omaha,UCLA
0.3413830406520109,1303,1423,NE Omaha,UNC Wilmington
0.3335120608888186,1303,1429,NE Omaha,Utah St
0.3554675011849078,1303,1433,NE Omaha,VCU
0.4276443227299061,1303,1435,NE Omaha,Vanderbilt
0.2834505266979937,1303,1458,NE Omaha,Wisconsin
0.4549171461963068,1303,1459,NE Omaha,Wofford
0.3732309834199281,1303,1462,NE Omaha,Xavier
0.3245960546203075,1303,1463,NE Omaha,Yale
0.3537956774376511,1303,1471,NE Omaha,UC San Diego
0.5625147687691114,1307,1313,New Mexico,Norfolk St
0.3855819397159117,1307,1314,New Mexico,North Carolina
0.6163303847247773,1307,1328,New Mexico,Oklahoma
0.5119897652157369,1307,1332,New Mexico,Oregon
0.268394360025446,1307,1345,New Mexico,Purdue
0.6034101658561689,1307,1352,New Mexico,Robert Morris
0.4211247130584697,1307,1361,New Mexico,San Diego St
0.603740026365074,1307,1384,New Mexico,St Francis PA
0.272604528740821,1307,1385,New Mexico,St John's
0.3369971888419884,1307,1388,New Mexico,St Mary's CA
0.2453095296076158,1307,1397,New Mexico,Tennessee
0.4935979092466179,1307,1400,New Mexico,Texas
0.546535225977759,1307,1401,New Mexico,Texas A&M
0.352415397333508,1307,1403,New Mexico,Texas Tech
0.6012357652329512,1307,1407,New Mexico,Troy
0.5725692766454781,1307,1417,New Mexico,UCLA
0.5817039566812664,1307,1423,New Mexico,UNC Wilmington
0.4961824947028212,1307,1429,New Mexico,Utah St
0.4554265928709972,1307,1433,New Mexico,VCU
0.5680824241030681,1307,1435,New Mexico,Vanderbilt
0.3378985891857822,1307,1458,New Mexico,Wisconsin
0.5625147687691114,1307,1459,New Mexico,Wofford
0.4247842006227362,1307,1462,New Mexico,Xavier
0.5870426595697227,1307,1463,New Mexico,Yale
0.5820393658212382,1307,1471,New Mexico,UC San Diego
0.3532854902692829,1313,1314,Norfolk St,North Carolina
0.4527272046794617,1313,1328,Norfolk St,Oklahoma
0.272646167219877,1313,1332,Norfolk St,Oregon
0.2578880537350459,1313,1345,Norfolk St,Purdue
0.4593319332187445,1313,1352,Norfolk St,Robert Morris
0.4114993238203499,1313,1361,Norfolk St,San Diego St
0.6600081289496567,1313,1384,Norfolk St,St Francis PA
0.2044008701635019,1313,1385,Norfolk St,St John's
0.2501535108785788,1313,1388,Norfolk St,St Mary's CA
0.2055458747680479,1313,1397,Norfolk St,Tennessee
0.4567441489912819,1313,1400,Norfolk St,Texas
0.3441718573480956,1313,1401,Norfolk St,Texas A&M
0.2781474455882722,1313,1403,Norfolk St,Texas Tech
0.3380617617928833,1313,1407,Norfolk St,Troy
0.4001583117260928,1313,1417,Norfolk St,UCLA
0.3828175611978702,1313,1423,Norfolk St,UNC Wilmington
0.3700834443039666,1313,1429,Norfolk St,Utah St
0.4133259484112084,1313,1433,Norfolk St,VCU
0.4673005828559258,1313,1435,Norfolk St,Vanderbilt
0.2558221675693021,1313,1458,Norfolk St,Wisconsin
0.3509197549520417,1313,1459,Norfolk St,Wofford
0.4320426401552041,1313,1462,Norfolk St,Xavier
0.3651226293943662,1313,1463,Norfolk St,Yale
0.3765130594700457,1313,1471,Norfolk St,UC San Diego
0.6542059668138032,1314,1328,North Carolina,Oklahoma
0.554453462522295,1314,1332,North Carolina,Oregon
0.3582065503894811,1314,1345,North Carolina,Purdue
0.6991231498807687,1314,1352,North Carolina,Robert Morris
0.5413244205499987,1314,1361,North Carolina,San Diego St
0.6846413292884166,1314,1384,North Carolina,St Francis PA
0.3978227350125506,1314,1385,North Carolina,St John's
0.4187622414599881,1314,1388,North Carolina,St Mary's CA
0.3790679407137406,1314,1397,North Carolina,Tennessee
0.5823695330982277,1314,1400,North Carolina,Texas
0.561289402250211,1314,1401,North Carolina,Texas A&M
0.4737291807399633,1314,1403,North Carolina,Texas Tech
0.6991231498807687,1314,1407,North Carolina,Troy
0.6486797979200212,1314,1417,North Carolina,UCLA
0.6911334460091761,1314,1423,North Carolina,UNC Wilmington
0.5899032742271921,1314,1429,North Carolina,Utah St
0.5559103762527803,1314,1433,North Carolina,VCU
0.664720526180705,1314,1435,North Carolina,Vanderbilt
0.4573544964594704,1314,1458,North Carolina,Wisconsin
0.6991231498807687,1314,1459,North Carolina,Wofford
0.5250338042387828,1314,1462,North Carolina,Xavier
0.6764450397483419,1314,1463,North Carolina,Yale
0.6764450397483419,1314,1471,North Carolina,UC San Diego
0.4851290698278527,1328,1332,Oklahoma,Oregon
0.2722760130064828,1328,1345,Oklahoma,Purdue
0.5515299903021875,1328,1352,Oklahoma,Robert Morris
0.3687423274523227,1328,1361,Oklahoma,San Diego St
0.551870955239777,1328,1384,Oklahoma,St Francis PA
0.274970169065879,1328,1385,Oklahoma,St John's
0.326813562996942,1328,1388,Oklahoma,St Mary's CA
0.259939622303979,1328,1397,Oklahoma,Tennessee
0.439037862164888,1328,1400,Oklahoma,Texas
0.5197925636723789,1328,1401,Oklahoma,Texas A&M
0.3420061943122027,1328,1403,Oklahoma,Texas Tech
0.5492836102932506,1328,1407,Oklahoma,Troy
0.5570691596018089,1328,1417,Oklahoma,UCLA
0.5291997486173448,1328,1423,Oklahoma,UNC Wilmington
0.3862977546079589,1328,1429,Oklahoma,Utah St
0.4017385896528989,1328,1433,Oklahoma,VCU
0.4185179853461525,1328,1435,Oklahoma,Vanderbilt
0.3277011876253213,1328,1458,Oklahoma,Wisconsin
0.5096323720604972,1328,1459,Oklahoma,Wofford
0.3722393291057542,1328,1462,Oklahoma,Xavier
0.5346725146110219,1328,1463,Oklahoma,Yale
0.529543209171838,1328,1471,Oklahoma,UC San Diego
0.3709560872352909,1332,1345,Oregon,Purdue
0.7324584929383647,1332,1352,Oregon,Robert Morris
0.4569533273478336,1332,1361,Oregon,San Diego St
0.7189361248878756,1332,1384,Oregon,St Francis PA
0.3746466903693252,1332,1385,Oregon,St John's
0.3893221246034749,1332,1388,Oregon,St Mary's CA
0.3563379516791244,1332,1397,Oregon,Tennessee
0.5642337208873494,1332,1400,Oregon,Texas
0.561289402250211,1332,1401,Oregon,Texas A&M
0.4358535659665535,1332,1403,Oregon,Texas Tech
0.7324584929383647,1332,1407,Oregon,Troy
0.4583692288055753,1332,1417,Oregon,UCLA
0.724369811061417,1332,1423,Oregon,UNC Wilmington
0.4764923647638667,1332,1429,Oregon,Utah St
0.5171142387493084,1332,1433,Oregon,VCU
0.5262882635197133,1332,1435,Oregon,Vanderbilt
0.4332052816206985,1332,1458,Oregon,Wisconsin
0.7324584929383647,1332,1459,Oregon,Wofford
0.4583692288055753,1332,1462,Oregon,Xavier
0.6941894126507794,1332,1463,Oregon,Yale
0.6941894126507794,1332,1471,Oregon,UC San Diego
0.7714455657446356,1345,1352,Purdue,Robert Morris
0.6811259322695289,1345,1361,Purdue,San Diego St
0.7801707277378088,1345,1384,Purdue,St Francis PA
0.5855869888346472,1345,1385,Purdue,St John's
0.5508831388721973,1345,1388,Purdue,St Mary's CA
0.5643335248215857,1345,1397,Purdue,Tennessee
0.6962154151015838,1345,1400,Purdue,Texas
0.6645483475583254,1345,1401,Purdue,Texas A&M
0.5673652584107288,1345,1403,Purdue,Texas Tech
0.7801707277378088,1345,1407,Purdue,Troy
0.6855012903529123,1345,1417,Purdue,UCLA
0.7542450822348236,1345,1423,Purdue,UNC Wilmington
0.6528083320341094,1345,1429,Purdue,Utah St
0.7030657936215042,1345,1433,Purdue,VCU
0.6855012903529123,1345,1435,Purdue,Vanderbilt
0.6018106671359832,1345,1458,Purdue,Wisconsin
0.7714455657446356,1345,1459,Purdue,Wofford
0.6855012903529123,1345,1462,Purdue,Xavier
0.7542450822348236,1345,1463,Purdue,Yale
0.7489520118562044,1345,1471,Purdue,UC San Diego
0.3912299603174193,1352,1361,Robert Morris,San Diego St
0.5630641647591595,1352,1384,Robert Morris,St Francis PA
0.2044008701635019,1352,1385,Robert Morris,St John's
0.2501535108785788,1352,1388,Robert Morris,St Mary's CA
0.2055458747680479,1352,1397,Robert Morris,Tennessee
0.435896878060698,1352,1400,Robert Morris,Texas
0.3441718573480956,1352,1401,Robert Morris,Texas A&M
0.2781474455882722,1352,1403,Robert Morris,Texas Tech
0.3380617617928833,1352,1407,Robert Morris,Troy
0.4001583117260928,1352,1417,Robert Morris,UCLA
0.3828175611978702,1352,1423,Robert Morris,UNC Wilmington
0.3700834443039666,1352,1429,Robert Morris,Utah St
0.3930266992884266,1352,1433,Robert Morris,VCU
0.4673005828559258,1352,1435,Robert Morris,Vanderbilt
0.2558221675693021,1352,1458,Robert Morris,Wisconsin
0.4818567101870025,1352,1459,Robert Morris,Wofford
0.4114688758036458,1352,1462,Robert Morris,Xavier
0.3651226293943662,1352,1463,Robert Morris,Yale
0.3765130594700457,1352,1471,Robert Morris,UC San Diego
0.6452481226532731,1361,1384,San Diego St,St Francis PA
0.2869893772628943,1361,1385,San Diego St,St John's
0.3443235690189488,1361,1388,San Diego St,St Mary's CA
0.2587664509456346,1361,1397,San Diego St,Tennessee
0.5732395981432327,1361,1400,San Diego St,Texas
0.5449836927164324,1361,1401,San Diego St,Texas A&M
0.3631944918796045,1361,1403,San Diego St,Texas Tech
0.6606422745235305,1361,1407,San Diego St,Troy
0.6305725130376448,1361,1417,San Diego St,UCLA
0.6314711142221318,1361,1423,San Diego St,UNC Wilmington
0.5505965704320174,1361,1429,San Diego St,Utah St
0.5466522920547954,1361,1433,San Diego St,VCU
0.6469900760926339,1361,1435,San Diego St,Vanderbilt
0.3322824997516179,1361,1458,San Diego St,Wisconsin
0.6402007032458908,1361,1459,San Diego St,Wofford
0.5156928099966916,1361,1462,San Diego St,Xavier
0.6365714767053434,1361,1463,San Diego St,Yale
0.6155237960824789,1361,1471,San Diego St,UC San Diego
0.2044008701635019,1384,1385,St Francis PA,St John's
0.2501535108785788,1384,1388,St Francis PA,St Mary's CA
0.2055458747680479,1384,1397,St Francis PA,Tennessee
0.4300433054440157,1384,1400,St Francis PA,Texas
0.3441718573480956,1384,1401,St Francis PA,Texas A&M
0.2781474455882722,1384,1403,St Francis PA,Texas Tech
0.3380617617928833,1384,1407,St Francis PA,Troy
0.3744851351899513,1384,1417,St Francis PA,UCLA
0.357593687551107,1384,1423,St Francis PA,UNC Wilmington
0.3700834443039666,1384,1429,St Francis PA,Utah St
0.4133259484112084,1384,1433,St Francis PA,VCU
0.4673005828559258,1384,1435,St Francis PA,Vanderbilt
0.2558221675693021,1384,1458,St Francis PA,Wisconsin
0.3266851386560135,1384,1459,St Francis PA,Wofford
0.4320426401552041,1384,1462,St Francis PA,Xavier
0.3404215850556386,1384,1463,St Francis PA,Yale
0.3765130594700457,1384,1471,St Francis PA,UC San Diego
0.4983601971727847,1385,1388,St John's,St Mary's CA
0.4828369873061608,1385,1397,St John's,Tennessee
0.7197939944723458,1385,1400,St John's,Texas
0.6036286756278717,1385,1401,St John's,Texas A&M
0.5457696852895035,1385,1403,St John's,Texas Tech
0.7924983000062726,1385,1407,St John's,Troy
0.6599449426566766,1385,1417,St John's,UCLA
0.767593419019215,1385,1423,St John's,UNC Wilmington
0.6036286756278717,1385,1429,St John's,Utah St
0.7263216813773322,1385,1433,St John's,VCU
0.6599449426566766,1385,1435,St John's,Vanderbilt
0.5165070867112539,1385,1458,St John's,Wisconsin
0.784127040989812,1385,1459,St John's,Wofford
0.7095645502457741,1385,1462,St John's,Xavier
0.767593419019215,1385,1463,St John's,Yale
0.7764230188278769,1385,1471,St John's,UC San Diego
0.3778217076906898,1388,1397,St Mary's CA,Tennessee
0.6281061705625656,1388,1400,St Mary's CA,Texas
0.561289402250211,1388,1401,St Mary's CA,Texas A&M
0.4358535659665535,1388,1403,St Mary's CA,Texas Tech
0.7271776624456744,1388,1407,St Mary's CA,Troy
0.6279778584472806,1388,1417,St Mary's CA,UCLA
0.7196341830403015,1388,1423,St Mary's CA,UNC Wilmington
0.5796863337390538,1388,1429,St Mary's CA,Utah St
0.6356887393529673,1388,1433,St Mary's CA,VCU
0.6281061705625656,1388,1435,St Mary's CA,Vanderbilt
0.4560399155220691,1388,1458,St Mary's CA,Wisconsin
0.7271776624456744,1388,1459,St Mary's CA,Wofford
0.6281061705625656,1388,1462,St Mary's CA,Xavier
0.7196341830403015,1388,1463,St Mary's CA,Yale
0.7196341830403015,1388,1471,St Mary's CA,UC San Diego
0.7361393769356251,1397,1400,Tennessee,Texas
0.642454265728704,1397,1401,Tennessee,Texas A&M
0.5863792494730642,1397,1403,Tennessee,Texas Tech
0.7801707277378088,1397,1407,Tennessee,Troy
0.675637763885645,1397,1417,Tennessee,UCLA
0.7542450822348236,1397,1423,Tennessee,UNC Wilmington
0.642454265728704,1397,1429,Tennessee,Utah St
0.7424225439315866,1397,1433,Tennessee,VCU
0.675637763885645,1397,1435,Tennessee,Vanderbilt
0.5337323941292809,1397,1458,Tennessee,Wisconsin
0.7714455657446356,1397,1459,Tennessee,Wofford
0.7262797337368424,1397,1462,Tennessee,Xavier
0.7542450822348236,1397,1463,Tennessee,Yale
0.7634255134921133,1397,1471,Tennessee,UC San Diego
0.5197925636723789,1400,1401,Texas,Texas A&M
0.3291145661927056,1400,1403,Texas,Texas Tech
0.5903089154578877,1400,1407,Texas,Troy
0.5654815973111794,1400,1417,Texas,UCLA
0.5706241211685789,1400,1423,Texas,UNC Wilmington
0.5184402075087874,1400,1429,Texas,Utah St
0.4830675006001982,1400,1433,Texas,VCU
0.5996292497840028,1400,1435,Texas,Vanderbilt
0.3150905629540423,1400,1458,Texas,Wisconsin
0.5513187001748122,1400,1459,Texas,Wofford
0.4797310714598919,1400,1462,Texas,Xavier
0.5760011620241298,1400,1463,Texas,Yale
0.5709618619632901,1400,1471,Texas,UC San Diego
0.4358535659665535,1401,1403,Texas A&M,Texas Tech
0.7011670978141542,1401,1407,Texas A&M,Troy
0.4321565952036114,1401,1417,Texas A&M,UCLA
0.692529500866492,1401,1423,Texas A&M,UNC Wilmington
0.4428044715437443,1401,1429,Texas A&M,Utah St
0.4905849965872144,1401,1433,Texas A&M,VCU
0.4824412017129486,1401,1435,Texas A&M,Vanderbilt
0.4332052816206985,1401,1458,Texas A&M,Wisconsin
0.7011670978141542,1401,1459,Texas A&M,Wofford
0.4321565952036114,1401,1462,Texas A&M,Xavier
0.6778765418507608,1401,1463,Texas A&M,Yale
0.650249119630084,1401,1471,Texas A&M,UC San Diego
0.7255432949410667,1403,1407,Texas Tech,Troy
0.6452419441489651,1403,1417,Texas Tech,UCLA
0.7173262284779918,1403,1423,Texas Tech,UNC Wilmington
0.6060591135572465,1403,1429,Texas Tech,Utah St
0.6526683328346953,1403,1433,Texas Tech,VCU
0.6452419441489651,1403,1435,Texas Tech,Vanderbilt
0.5523202955047295,1403,1458,Texas Tech,Wisconsin
0.7255432949410667,1403,1459,Texas Tech,Wofford
0.6452419441489651,1403,1462,Texas Tech,Xavier
0.7173262284779918,1403,1463,Texas Tech,Yale
0.7173262284779918,1403,1471,Texas Tech,UC San Diego
0.3757882389528439,1407,1417,Troy,UCLA
0.501448184677393,1407,1423,Troy,UNC Wilmington
0.3335120608888186,1407,1429,Troy,Utah St
0.3554675011849078,1407,1433,Troy,VCU
0.4071298670611484,1407,1435,Troy,Vanderbilt
0.2558221675693021,1407,1458,Troy,Wisconsin
0.5646418245743813,1407,1459,Troy,Wofford
0.3732309834199281,1407,1462,Troy,Xavier
0.3487559679248195,1407,1463,Troy,Yale
0.3537956774376511,1407,1471,Troy,UC San Diego
0.5891338456827288,1417,1423,UCLA,UNC Wilmington
0.4394379501066056,1417,1429,UCLA,Utah St
0.4554265928709972,1417,1433,UCLA,VCU
0.4726767011287643,1417,1435,UCLA,Vanderbilt
0.3452343617566322,1417,1458,UCLA,Wisconsin
0.5792487888928605,1417,1459,UCLA,Wofford
0.4247842006227362,1417,1462,UCLA,Xavier
0.5944438335260961,1417,1463,UCLA,Yale
0.5894675017384211,1417,1471,UCLA,UC San Diego
0.3335120608888186,1423,1429,UNC Wilmington,Utah St
0.3554675011849078,1423,1433,UNC Wilmington,VCU
0.4071298670611484,1423,1435,UNC Wilmington,Vanderbilt
0.2558221675693021,1423,1458,UNC Wilmington,Wisconsin
0.5209648228925138,1423,1459,UNC Wilmington,Wofford
0.3732309834199281,1423,1462,UNC Wilmington,Xavier
0.3487559679248195,1423,1463,UNC Wilmington,Yale
0.3537956774376511,1423,1471,UNC Wilmington,UC San Diego
0.3990909729975728,1429,1433,Utah St,VCU
0.5277365766496462,1429,1435,Utah St,Vanderbilt
0.3858199625599016,1429,1458,Utah St,Wisconsin
0.6614680184370847,1429,1459,Utah St,Wofford
0.3441967523672291,1429,1462,Utah St,Xavier
0.65793869285529,1429,1463,Utah St,Yale
0.637423646172181,1429,1471,Utah St,UC San Diego
0.6065474796844026,1433,1435,VCU,Vanderbilt
0.3250852978205338,1433,1458,VCU,Wisconsin
0.6389043516581606,1433,1459,VCU,Wofford
0.5533946106481951,1433,1462,VCU,Xavier
0.6824916542348338,1433,1463,VCU,Yale
0.6780104987147411,1433,1471,VCU,UC San Diego
0.3378985891857822,1435,1458,Vanderbilt,Wisconsin
0.5513187001748122,1435,1459,Vanderbilt,Wofford
0.3722393291057542,1435,1462,Vanderbilt,Xavier
0.5760011620241298,1435,1463,Vanderbilt,Yale
0.5709618619632901,1435,1471,Vanderbilt,UC San Diego
0.7208763145676796,1458,1459,Wisconsin,Wofford
0.6281061705625656,1458,1462,Wisconsin,Xavier
0.7013434494034434,1458,1463,Wisconsin,Yale
0.7013434494034434,1458,1471,Wisconsin,UC San Diego
0.4358455669011273,1459,1462,Wofford,Xavier
0.3840509760881035,1459,1463,Wofford,Yale
0.4153102236009255,1459,1471,Wofford,UC San Diego
0.5459418616703118,1462,1463,Xavier,Yale
0.5408300979735519,1462,1471,Xavier,UC San Diego
0.3614600217391477,1463,1471,Yale,UC San Diego
0.8010549420730813,3104,3117,Alabama,Arkansas St
0.6873175977754175,3104,3123,Alabama,Ball St
0.3923741377262998,3104,3124,Alabama,Baylor
0.5414837567763003,3104,3143,Alabama,California
0.6254082276787659,3104,3162,Alabama,Columbia
0.2597490295327641,3104,3163,Alabama,Connecticut
0.3455239089708673,3104,3166,Alabama,Creighton
0.3539941354070919,3104,3181,Alabama,Duke
0.8010549420730813,3104,3192,Alabama,F Dickinson
0.7705815923414833,3104,3193,Alabama,Fairfield
0.6994345466292075,3104,3195,Alabama,FGCU
0.347680554281947,3104,3199,Alabama,Florida St
0.7556226599460892,3104,3206,Alabama,George Mason
0.6577925510420655,3104,3210,Alabama,Georgia Tech
0.764767679850193,3104,3213,Alabama,Grand Canyon
0.7705815923414833,3104,3217,Alabama,Harvard
0.8010549420730813,3104,3219,Alabama,High Point
0.5414837567763003,3104,3228,Alabama,Illinois
0.3226120192125536,3104,3231,Alabama,Indiana
0.3455239089708673,3104,3234,Alabama,Iowa
0.4874482774411935,3104,3235,Alabama,Iowa St
0.4719762260095332,3104,3243,Alabama,Kansas St
0.5785568082324195,3104,3246,Alabama,Kentucky
0.795808649409431,3104,3250,Alabama,Lehigh
0.7705815923414833,3104,3251,Alabama,Liberty
0.340164730437783,3104,3257,Alabama,Louisville
0.2974852680236373,3104,3261,Alabama,LSU
0.443902711376436,3104,3268,Alabama,Maryland
0.5147501947568252,3104,3276,Alabama,Michigan
0.5480470881391586,3104,3277,Alabama,Michigan St
0.5352192189763487,3104,3279,Alabama,Mississippi
0.6873175977754175,3104,3280,Alabama,Mississippi St
0.764767679850193,3104,3286,Alabama,Montana St
0.740687340241834,3104,3293,Alabama,Murray St
0.2914394741776544,3104,3301,Alabama,NC State
0.5802546448295296,3104,3304,Alabama,Nebraska
0.7705815923414833,3104,3313,Alabama,Norfolk St
0.3980596420427871,3104,3314,Alabama,North Carolina
0.2974852680236373,3104,3323,Alabama,Notre Dame
0.312125911777759,3104,3326,Alabama,Ohio St
0.4227064943081071,3104,3328,Alabama,Oklahoma
0.5414837567763003,3104,3329,Alabama,Oklahoma St
0.6135828736156042,3104,3332,Alabama,Oregon
0.8010549420730813,3104,3333,Alabama,Oregon St
0.5561083960344424,3104,3343,Alabama,Princeton
0.6802691269707707,3104,3350,Alabama,Richmond
0.494049642509753,3104,3355,Alabama,S Dakota St
0.795808649409431,3104,3361,Alabama,San Diego St
0.8010549420730813,3104,3372,Alabama,SF Austin
0.2653836420006418,3104,3376,Alabama,South Carolina
0.7705815923414833,3104,3378,Alabama,South Florida
0.8010549420730813,3104,3380,Alabama,Southern Univ
0.5073878504113608,3104,3395,Alabama,TCU
0.4080923126958632,3104,3397,Alabama,Tennessee
0.8010549420730813,3104,3399,Alabama,Tennessee Tech
0.2597490295327641,3104,3400,Alabama,Texas
0.2700468447363738,3104,3417,Alabama,UCLA
0.8010549420730813,3104,3422,Alabama,UNC Greensboro
0.2974852680236373,3104,3425,Alabama,USC
0.461612147376876,3104,3428,Alabama,Utah
0.6191877136597974,3104,3435,Alabama,Vanderbilt
0.8010549420730813,3104,3436,Alabama,Vermont
0.6873175977754175,3104,3449,Alabama,Washington
0.461612147376876,3104,3452,Alabama,West Virginia
0.7556226599460892,3104,3453,Alabama,WI Green Bay
0.8010549420730813,3104,3456,Alabama,William & Mary
0.8010549420730813,3104,3471,Alabama,UC San Diego
0.39058502900115,3117,3123,Arkansas St,Ball St
0.1859848438709924,3117,3124,Arkansas St,Baylor
0.2884931398106846,3117,3143,Arkansas St,California
0.3448572563057723,3117,3162,Arkansas St,Columbia
0.1816192444882678,3117,3163,Arkansas St,Connecticut
0.2035430891999226,3117,3166,Arkansas St,Creighton
0.1816192444882678,3117,3181,Arkansas St,Duke
0.5126294176899714,3117,3192,Arkansas St,F Dickinson
0.4231849752206131,3117,3193,Arkansas St,Fairfield
0.3448572563057723,3117,3195,Arkansas St,FGCU
0.1993464082957151,3117,3199,Arkansas St,Florida St
0.448099008233402,3117,3206,Arkansas St,George Mason
0.3945426088040454,3117,3210,Arkansas St,Georgia Tech
0.374679910719998,3117,3213,Arkansas St,Grand Canyon
0.383877508731307,3117,3217,Arkansas St,Harvard
0.4805504139681024,3117,3219,Arkansas St,High Point
0.2892473382551771,3117,3228,Arkansas St,Illinois
0.2381251141895611,3117,3231,Arkansas St,Indiana
0.1896129934256807,3117,3234,Arkansas St,Iowa
0.2659420784408113,3117,3235,Arkansas St,Iowa St
0.2044008701635019,3117,3243,Arkansas St,Kansas St
0.2775056853078049,3117,3246,Arkansas St,Kentucky
0.4956468657083464,3117,3250,Arkansas St,Lehigh
0.3766181946411295,3117,3251,Arkansas St,Liberty
0.1816192444882678,3117,3257,Arkansas St,Louisville
0.2131818329948208,3117,3261,Arkansas St,LSU
0.1896129934256807,3117,3268,Arkansas St,Maryland
0.2289860623129125,3117,3276,Arkansas St,Michigan
0.2425878285029772,3117,3277,Arkansas St,Michigan St
0.2093111407909389,3117,3279,Arkansas St,Mississippi
0.3894883982048313,3117,3280,Arkansas St,Mississippi St
0.3862251511092,3117,3286,Arkansas St,Montana St
0.4308155976605113,3117,3293,Arkansas St,Murray St
0.1851816048256213,3117,3301,Arkansas St,NC State
0.3494688906894459,3117,3304,Arkansas St,Nebraska
0.3506406440740753,3117,3313,Arkansas St,Norfolk St
0.1896129934256807,3117,3314,Arkansas St,North Carolina
0.1896129934256807,3117,3323,Arkansas St,Notre Dame
0.1896129934256807,3117,3326,Arkansas St,Ohio St
0.1896025305642487,3117,3328,Arkansas St,Oklahoma
0.2709165753422885,3117,3329,Arkansas St,Oklahoma St
0.3089999400903627,3117,3332,Arkansas St,Oregon
0.3917215926348198,3117,3333,Arkansas St,Oregon St
0.2754055305520705,3117,3343,Arkansas St,Princeton
0.4088882063962876,3117,3350,Arkansas St,Richmond
0.2681933302433316,3117,3355,Arkansas St,S Dakota St
0.39058502900115,3117,3361,Arkansas St,San Diego St
0.4275541891696608,3117,3372,Arkansas St,SF Austin
0.1859848438709924,3117,3376,Arkansas St,South Carolina
0.3548738452529374,3117,3378,Arkansas St,South Florida
0.508796216973482,3117,3380,Arkansas St,Southern Univ
0.2306360492675136,3117,3395,Arkansas St,TCU
0.194114508736836,3117,3397,Arkansas St,Tennessee
0.5655878004520655,3117,3399,Arkansas St,Tennessee Tech
0.1816192444882678,3117,3400,Arkansas St,Texas
0.1896129934256807,3117,3417,Arkansas St,UCLA
0.5450813382123205,3117,3422,Arkansas St,UNC Greensboro
0.1896129934256807,3117,3425,Arkansas St,USC
0.2139653921077232,3117,3428,Arkansas St,Utah
0.3428600888923399,3117,3435,Arkansas St,Vanderbilt
0.4990805837295305,3117,3436,Arkansas St,Vermont
0.3766181946411295,3117,3449,Arkansas St,Washington
0.2093111407909389,3117,3452,Arkansas St,West Virginia
0.4015807338689502,3117,3453,Arkansas St,WI Green Bay
0.5676126366219045,3117,3456,Arkansas St,William & Mary
0.5842047922217181,3117,3471,Arkansas St,UC San Diego
0.2141171388937726,3123,3124,Ball St,Baylor
0.3770909794223455,3123,3143,Ball St,California
0.531530205781083,3123,3162,Ball St,Columbia
0.2007053877617548,3123,3163,Ball St,Connecticut
0.2335692012605913,3123,3166,Ball St,Creighton
0.2092609504115243,3123,3181,Ball St,Duke
0.6262523955607194,3123,3192,Ball St,F Dickinson
0.5977070839322448,3123,3193,Ball St,Fairfield
0.4160152744484289,3123,3195,Ball St,FGCU
0.2595567310547757,3123,3199,Ball St,Florida St
0.6273063280004795,3123,3206,Ball St,George Mason
0.5337831466470684,3123,3210,Ball St,Georgia Tech
0.5826846734710912,3123,3213,Ball St,Grand Canyon
0.5628377043692389,3123,3217,Ball St,Harvard
0.5245493444607866,3123,3219,Ball St,High Point
0.4275725394848712,3123,3228,Ball St,Illinois
0.2871826041870015,3123,3231,Ball St,Indiana
0.2119463302746916,3123,3234,Ball St,Iowa
0.3609390997212724,3123,3235,Ball St,Iowa St
0.25974248329138,3123,3243,Ball St,Kansas St
0.4134823668873713,3123,3246,Ball St,Kentucky
0.5886310313502873,3123,3250,Ball St,Lehigh
0.6098906911792907,3123,3251,Ball St,Liberty
0.2242350957646397,3123,3257,Ball St,Louisville
0.2093243222693407,3123,3261,Ball St,LSU
0.2181470149329545,3123,3268,Ball St,Maryland
0.3291127658756225,3123,3276,Ball St,Michigan
0.3573458485462693,3123,3277,Ball St,Michigan St
0.3112753591840344,3123,3279,Ball St,Mississippi
0.5898526023157064,3123,3280,Ball St,Mississippi St
0.5826846734710912,3123,3286,Ball St,Montana St
0.5733519707653637,3123,3293,Ball St,Murray St
0.2045485424907229,3123,3301,Ball St,NC State
0.4856327137656256,3123,3304,Ball St,Nebraska
0.604374603254917,3123,3313,Ball St,Norfolk St
0.2181470149329545,3123,3314,Ball St,North Carolina
0.2093243222693407,3123,3323,Ball St,Notre Dame
0.2093243222693407,3123,3326,Ball St,Ohio St
0.2317037500601641,3123,3328,Ball St,Oklahoma
0.433164960959528,3123,3329,Ball St,Oklahoma St
0.5070044175747925,3123,3332,Ball St,Oregon
0.5717486088891433,3123,3333,Ball St,Oregon St
0.4664133674947873,3123,3343,Ball St,Princeton
0.5677157711682064,3123,3350,Ball St,Richmond
0.3208862676922969,3123,3355,Ball St,S Dakota St
0.5886310313502873,3123,3361,Ball St,San Diego St
0.556598037126134,3123,3372,Ball St,SF Austin
0.2054146093929293,3123,3376,Ball St,South Carolina
0.6139298857924661,3123,3378,Ball St,South Florida
0.5526299532362778,3123,3380,Ball St,Southern Univ
0.318493370460285,3123,3395,Ball St,TCU
0.2388067467269304,3123,3397,Ball St,Tennessee
0.6082556263873832,3123,3399,Ball St,Tennessee Tech
0.2007053877617548,3123,3400,Ball St,Texas
0.2093243222693407,3123,3417,Ball St,UCLA
0.5882971702786546,3123,3422,Ball St,UNC Greensboro
0.2093243222693407,3123,3425,Ball St,USC
0.2688150219097461,3123,3428,Ball St,Utah
0.5734622177026342,3123,3435,Ball St,Vanderbilt
0.5919528650302188,3123,3436,Ball St,Vermont
0.5654815973111794,3123,3449,Ball St,Washington
0.3013269595906234,3123,3452,Ball St,West Virginia
0.6005938910324454,3123,3453,Ball St,WI Green Bay
0.6102186433903671,3123,3456,Ball St,William & Mary
0.6262523955607194,3123,3471,Ball St,UC San Diego
0.635273546416107,3124,3143,Baylor,California
0.6895978599955973,3124,3162,Baylor,Columbia
0.3532077445656054,3124,3163,Baylor,Connecticut
0.5015859084905024,3124,3166,Baylor,Creighton
0.522891356467367,3124,3181,Baylor,Duke
0.8109793394585069,3124,3192,Baylor,F Dickinson
0.782116259071053,3124,3193,Baylor,Fairfield
0.7458216615614846,3124,3195,Baylor,FGCU
0.5197768713753861,3124,3199,Baylor,Florida St
0.7676826834248125,3124,3206,Baylor,George Mason
0.7160825454866607,3124,3210,Baylor,Georgia Tech
0.8059313547274847,3124,3213,Baylor,Grand Canyon
0.782116259071053,3124,3217,Baylor,Harvard
0.8109793394585069,3124,3219,Baylor,High Point
0.635273546416107,3124,3228,Baylor,Illinois
0.4945314153020936,3124,3231,Baylor,Indiana
0.4869836590694756,3124,3234,Baylor,Iowa
0.614172336192558,3124,3235,Baylor,Iowa St
0.5806716717448492,3124,3243,Baylor,Kansas St
0.6492642855152313,3124,3246,Baylor,Kentucky
0.8059313547274847,3124,3250,Baylor,Lehigh
0.8109793394585069,3124,3251,Baylor,Liberty
0.5044656716303928,3124,3257,Baylor,Louisville
0.4012807689263875,3124,3261,Baylor,LSU
0.5326782456237491,3124,3268,Baylor,Maryland
0.6497806533449765,3124,3276,Baylor,Michigan
0.6514295737261555,3124,3277,Baylor,Michigan St
0.626174911737221,3124,3279,Baylor,Mississippi
0.7404582962386724,3124,3280,Baylor,Mississippi St
0.8059313547274847,3124,3286,Baylor,Montana St
0.7532437280176328,3124,3293,Baylor,Murray St
0.4012807689263875,3124,3301,Baylor,NC State
0.6554060383334438,3124,3304,Baylor,Nebraska
0.8109793394585069,3124,3313,Baylor,Norfolk St
0.5387344334286462,3124,3314,Baylor,North Carolina
0.4012807689263875,3124,3323,Baylor,Notre Dame
0.4158728119671369,3124,3326,Baylor,Ohio St
0.5762511155902124,3124,3328,Baylor,Oklahoma
0.635273546416107,3124,3329,Baylor,Oklahoma St
0.6787580323132498,3124,3332,Baylor,Oregon
0.8109793394585069,3124,3333,Baylor,Oregon St
0.6587949281943154,3124,3343,Baylor,Princeton
0.7341443725421877,3124,3350,Baylor,Richmond
0.6362307855209283,3124,3355,Baylor,S Dakota St
0.8059313547274847,3124,3361,Baylor,San Diego St
0.8109793394585069,3124,3372,Baylor,SF Austin
0.369301475817695,3124,3376,Baylor,South Carolina
0.782116259071053,3124,3378,Baylor,South Florida
0.8109793394585069,3124,3380,Baylor,Southern Univ
0.6198340490517559,3124,3395,Baylor,TCU
0.4787235060106912,3124,3397,Baylor,Tennessee
0.8109793394585069,3124,3399,Baylor,Tennessee Tech
0.3558438275992667,3124,3400,Baylor,Texas
0.369301475817695,3124,3417,Baylor,UCLA
0.8109793394585069,3124,3422,Baylor,UNC Greensboro
0.3873735252620818,3124,3425,Baylor,USC
0.6143588366123663,3124,3428,Baylor,Utah
0.6743264831921855,3124,3435,Baylor,Vanderbilt
0.8109793394585069,3124,3436,Baylor,Vermont
0.7404582962386724,3124,3449,Baylor,Washington
0.6116260416492387,3124,3452,Baylor,West Virginia
0.7676826834248125,3124,3453,Baylor,WI Green Bay
0.8109793394585069,3124,3456,Baylor,William & Mary
0.8109793394585069,3124,3471,Baylor,UC San Diego
0.5796863337390538,3143,3162,California,Columbia
0.2356051965189935,3143,3163,California,Connecticut
0.3545157390812461,3143,3166,California,Creighton
0.2936871140988483,3143,3181,California,Duke
0.7335970018971769,3143,3192,California,F Dickinson
0.7335970018971769,3143,3193,California,Fairfield
0.5876079544680168,3143,3195,California,FGCU
0.3763514711258686,3143,3199,California,Florida St
0.7271776624456744,3143,3206,California,George Mason
0.6284527896279232,3143,3210,California,Georgia Tech
0.7271776624456744,3143,3213,California,Grand Canyon
0.7335970018971769,3143,3217,California,Harvard
0.7335970018971769,3143,3219,California,High Point
0.5691922605240378,3143,3228,California,Illinois
0.3545157390812461,3143,3231,California,Indiana
0.2452629629474981,3143,3234,California,Iowa
0.5055295637079218,3143,3235,California,Iowa St
0.3765782979772641,3143,3243,California,Kansas St
0.5064786718724344,3143,3246,California,Kentucky
0.7271776624456744,3143,3250,California,Lehigh
0.7335970018971769,3143,3251,California,Liberty
0.3322681736631628,3143,3257,California,Louisville
0.2571832344316531,3143,3261,California,LSU
0.3441045705520161,3143,3268,California,Maryland
0.4403430786438697,3143,3276,California,Michigan
0.458237132737711,3143,3277,California,Michigan St
0.4297295184241634,3143,3279,California,Mississippi
0.6356887393529673,3143,3280,California,Mississippi St
0.7271776624456744,3143,3286,California,Montana St
0.7219020714916572,3143,3293,California,Murray St
0.2516630862113252,3143,3301,California,NC State
0.5661804670358208,3143,3304,California,Nebraska
0.7335970018971769,3143,3313,California,Norfolk St
0.3183690698953471,3143,3314,California,North Carolina
0.2571832344316531,3143,3323,California,Notre Dame
0.2571832344316531,3143,3326,California,Ohio St
0.3473627369933239,3143,3328,California,Oklahoma
0.5121797161932995,3143,3329,California,Oklahoma St
0.5796863337390538,3143,3332,California,Oregon
0.7335970018971769,3143,3333,California,Oregon St
0.5360694872629486,3143,3343,California,Princeton
0.5956551615841834,3143,3350,California,Richmond
0.4738597602260814,3143,3355,California,S Dakota St
0.7271776624456744,3143,3361,California,San Diego St
0.7335970018971769,3143,3372,California,SF Austin
0.2408864997505249,3143,3376,California,South Carolina
0.7335970018971769,3143,3378,California,South Florida
0.7335970018971769,3143,3380,California,Southern Univ
0.4270675673500492,3143,3395,California,TCU
0.3506866342963572,3143,3397,California,Tennessee
0.7335970018971769,3143,3399,California,Tennessee Tech
0.2356051965189935,3143,3400,California,Texas
0.2452629629474981,3143,3417,California,UCLA
0.7335970018971769,3143,3422,California,UNC Greensboro
0.2571832344316531,3143,3425,California,USC
0.4474263283499552,3143,3428,California,Utah
0.5988630281128272,3143,3435,California,Vanderbilt
0.7335970018971769,3143,3436,California,Vermont
0.6356887393529673,3143,3449,California,Washington
0.4182946079500286,3143,3452,California,West Virginia
0.7271776624456744,3143,3453,California,WI Green Bay
0.7335970018971769,3143,3456,California,William & Mary
0.7335970018971769,3143,3471,California,UC San Diego
0.2206279655895323,3162,3163,Columbia,Connecticut
0.3030722906819405,3162,3166,Columbia,Creighton
0.2516085693511699,3162,3181,Columbia,Duke
0.7133269541948245,3162,3192,Columbia,F Dickinson
0.6799917241574239,3162,3193,Columbia,Fairfield
0.4510386542077477,3162,3195,Columbia,FGCU
0.3334287051622043,3162,3199,Columbia,Florida St
0.6734265796760888,3162,3206,Columbia,George Mason
0.5623440973320954,3162,3210,Columbia,Georgia Tech
0.6876327976090085,3162,3213,Columbia,Grand Canyon
0.6241774114212174,3162,3217,Columbia,Harvard
0.6424807180103282,3162,3219,Columbia,High Point
0.4826947988620654,3162,3228,Columbia,Illinois
0.3650408663695998,3162,3231,Columbia,Indiana
0.2326599245241734,3162,3234,Columbia,Iowa
0.4234152527942816,3162,3235,Columbia,Iowa St
0.3336435023309683,3162,3243,Columbia,Kansas St
0.4826947988620654,3162,3246,Columbia,Kentucky
0.6728567154908827,3162,3250,Columbia,Lehigh
0.7133269541948245,3162,3251,Columbia,Liberty
0.2920189161213385,3162,3257,Columbia,Louisville
0.2298564086397289,3162,3261,Columbia,LSU
0.3030722906819405,3162,3268,Columbia,Maryland
0.3947415375553569,3162,3276,Columbia,Michigan
0.4347231582168508,3162,3277,Columbia,Michigan St
0.3844720294286208,3162,3279,Columbia,Mississippi
0.6350957505364012,3162,3280,Columbia,Mississippi St
0.6876327976090085,3162,3286,Columbia,Montana St
0.6682769697746646,3162,3293,Columbia,Murray St
0.224745337565388,3162,3301,Columbia,NC State
0.5360176921889444,3162,3304,Columbia,Nebraska
0.7133269541948245,3162,3313,Columbia,Norfolk St
0.2616977475320042,3162,3314,Columbia,North Carolina
0.2298564086397289,3162,3323,Columbia,Notre Dame
0.2326599245241734,3162,3326,Columbia,Ohio St
0.3008696482979554,3162,3328,Columbia,Oklahoma
0.48839306128929,3162,3329,Columbia,Oklahoma St
0.50721083711414,3162,3332,Columbia,Oregon
0.6799917241574239,3162,3333,Columbia,Oregon St
0.4867070672516457,3162,3343,Columbia,Princeton
0.6016284041958202,3162,3350,Columbia,Richmond
0.385817987024052,3162,3355,Columbia,S Dakota St
0.6728567154908827,3162,3361,Columbia,San Diego St
0.6508531332032504,3162,3372,Columbia,SF Austin
0.225672657855661,3162,3376,Columbia,South Carolina
0.7133269541948245,3162,3378,Columbia,South Florida
0.6680045292648197,3162,3380,Columbia,Southern Univ
0.3832141144449318,3162,3395,Columbia,TCU
0.3092395329064586,3162,3397,Columbia,Tennessee
0.6974977291841239,3162,3399,Columbia,Tennessee Tech
0.2206279655895323,3162,3400,Columbia,Texas
0.2298564086397289,3162,3417,Columbia,UCLA
0.6945918155767961,3162,3422,Columbia,UNC Greensboro
0.2298564086397289,3162,3425,Columbia,USC
0.3440974558237413,3162,3428,Columbia,Utah
0.5751045880721829,3162,3435,Columbia,Vanderbilt
0.6829731504006649,3162,3436,Columbia,Vermont
0.5320543554511263,3162,3449,Columbia,Washington
0.3734527532344222,3162,3452,Columbia,West Virginia
0.7066145187641449,3162,3453,Columbia,WI Green Bay
0.6992346795976581,3162,3456,Columbia,William & Mary
0.7133269541948245,3162,3471,Columbia,UC San Diego
0.6023861778496262,3163,3166,Connecticut,Creighton
0.5780286590937652,3163,3181,Connecticut,Duke
0.8090591830995687,3163,3192,Connecticut,F Dickinson
0.8090591830995687,3163,3193,Connecticut,Fairfield
0.7657036576207945,3163,3195,Connecticut,FGCU
0.6316914385509333,3163,3199,Connecticut,Florida St
0.8011884327665005,3163,3206,Connecticut,George Mason
0.7701888025295933,3163,3210,Connecticut,Georgia Tech
0.8090591830995687,3163,3213,Connecticut,Grand Canyon
0.8001259904530704,3163,3217,Connecticut,Harvard
0.8090591830995687,3163,3219,Connecticut,High Point
0.738557501347145,3163,3228,Connecticut,Illinois
0.63436744737447,3163,3231,Connecticut,Indiana
0.5883132277467379,3163,3234,Connecticut,Iowa
0.7248557574165546,3163,3235,Connecticut,Iowa St
0.6690441617961612,3163,3243,Connecticut,Kansas St
0.738557501347145,3163,3246,Connecticut,Kentucky
0.8090591830995687,3163,3250,Connecticut,Lehigh
0.8090591830995687,3163,3251,Connecticut,Liberty
0.6051420154314466,3163,3257,Connecticut,Louisville
0.6050975257065545,3163,3261,Connecticut,LSU
0.6051420154314466,3163,3268,Connecticut,Maryland
0.7235261604970346,3163,3276,Connecticut,Michigan
0.738557501347145,3163,3277,Connecticut,Michigan St
0.7026161606027378,3163,3279,Connecticut,Mississippi
0.773748039226992,3163,3280,Connecticut,Mississippi St
0.8090591830995687,3163,3286,Connecticut,Montana St
0.7997728199596531,3163,3293,Connecticut,Murray St
0.5083578271929815,3163,3301,Connecticut,NC State
0.7393226674602098,3163,3304,Connecticut,Nebraska
0.8090591830995687,3163,3313,Connecticut,Norfolk St
0.6051420154314466,3163,3314,Connecticut,North Carolina
0.6050975257065545,3163,3323,Connecticut,Notre Dame
0.5911003948042282,3163,3326,Connecticut,Ohio St
0.6477660653037668,3163,3328,Connecticut,Oklahoma
0.738557501347145,3163,3329,Connecticut,Oklahoma St
0.7459660305558634,3163,3332,Connecticut,Oregon
0.8090591830995687,3163,3333,Connecticut,Oregon St
0.7493805266131098,3163,3343,Connecticut,Princeton
0.773748039226992,3163,3350,Connecticut,Richmond
0.7115629534674366,3163,3355,Connecticut,S Dakota St
0.8090591830995687,3163,3361,Connecticut,San Diego St
0.8090591830995687,3163,3372,Connecticut,SF Austin
0.4007357833328669,3163,3376,Connecticut,South Carolina
0.8090591830995687,3163,3378,Connecticut,South Florida
0.8090591830995687,3163,3380,Connecticut,Southern Univ
0.6944190829377659,3163,3395,Connecticut,TCU
0.6051420154314466,3163,3397,Connecticut,Tennessee
0.8090591830995687,3163,3399,Connecticut,Tennessee Tech
0.3868352239189278,3163,3400,Connecticut,Texas
0.4007357833328669,3163,3417,Connecticut,UCLA
0.8090591830995687,3163,3422,Connecticut,UNC Greensboro
0.4193233727892284,3163,3425,Connecticut,USC
0.6920279231495888,3163,3428,Connecticut,Utah
0.7553554197247951,3163,3435,Connecticut,Vanderbilt
0.8090591830995687,3163,3436,Connecticut,Vermont
0.7835412316984945,3163,3449,Connecticut,Washington
0.6895674095761105,3163,3452,Connecticut,West Virginia
0.8011884327665005,3163,3453,Connecticut,WI Green Bay
0.8090591830995687,3163,3456,Connecticut,William & Mary
0.8090591830995687,3163,3471,Connecticut,UC San Diego
0.522891356467367,3166,3181,Creighton,Duke
0.7897494798473128,3166,3192,Creighton,F Dickinson
0.7897494798473128,3166,3193,Creighton,Fairfield
0.6903097047628718,3166,3195,Creighton,FGCU
0.6092582984559444,3166,3199,Creighton,Florida St
0.7756765314306286,3166,3206,Creighton,George Mason
0.6935589120557814,3166,3210,Creighton,Georgia Tech
0.7842853390769978,3166,3213,Creighton,Grand Canyon
0.7897494798473128,3166,3217,Creighton,Harvard
0.7897494798473128,3166,3219,Creighton,High Point
0.6458890074575163,3166,3228,Creighton,Illinois
0.5151035522172974,3166,3231,Creighton,Indiana
0.3881604918252271,3166,3234,Creighton,Iowa
0.5962920451108348,3166,3235,Creighton,Iowa St
0.6119971848943344,3166,3243,Creighton,Kansas St
0.6620585187597122,3166,3246,Creighton,Kentucky
0.7842853390769978,3166,3250,Creighton,Lehigh
0.7897494798473128,3166,3251,Creighton,Liberty
0.5873786650284935,3166,3257,Creighton,Louisville
0.4012807689263875,3166,3261,Creighton,LSU
0.5873786650284935,3166,3268,Creighton,Maryland
0.6537234492737016,3166,3276,Creighton,Michigan
0.6593359870675312,3166,3277,Creighton,Michigan St
0.6537234492737016,3166,3279,Creighton,Mississippi
0.6929670299441201,3166,3280,Creighton,Mississippi St
0.7842853390769978,3166,3286,Creighton,Montana St
0.7797796165591757,3166,3293,Creighton,Murray St
0.4012807689263875,3166,3301,Creighton,NC State
0.6718659768696457,3166,3304,Creighton,Nebraska
0.7897494798473128,3166,3313,Creighton,Norfolk St
0.5564366593044354,3166,3314,Creighton,North Carolina
0.4012807689263875,3166,3323,Creighton,Notre Dame
0.4038946168610777,3166,3326,Creighton,Ohio St
0.5935996713901885,3166,3328,Creighton,Oklahoma
0.674454650839575,3166,3329,Creighton,Oklahoma St
0.6723422981813921,3166,3332,Creighton,Oregon
0.7897494798473128,3166,3333,Creighton,Oregon St
0.6362524373772016,3166,3343,Creighton,Princeton
0.677155253319037,3166,3350,Creighton,Richmond
0.5941565215421768,3166,3355,Creighton,S Dakota St
0.7842853390769978,3166,3361,Creighton,San Diego St
0.7897494798473128,3166,3372,Creighton,SF Austin
0.3493105739301048,3166,3376,Creighton,South Carolina
0.7897494798473128,3166,3378,Creighton,South Florida
0.7897494798473128,3166,3380,Creighton,Southern Univ
0.6198340490517559,3166,3395,Creighton,TCU
0.5873786650284935,3166,3397,Creighton,Tennessee
0.7897494798473128,3166,3399,Creighton,Tennessee Tech
0.3361930925789161,3166,3400,Creighton,Texas
0.3493105739301048,3166,3417,Creighton,UCLA
0.7897494798473128,3166,3422,Creighton,UNC Greensboro
0.3669735622817732,3166,3425,Creighton,USC
0.6251837356067437,3166,3428,Creighton,Utah
0.7290417641539734,3166,3435,Creighton,Vanderbilt
0.7897494798473128,3166,3436,Creighton,Vermont
0.7347933471195793,3166,3449,Creighton,Washington
0.6404007236964416,3166,3452,Creighton,West Virginia
0.7756765314306286,3166,3453,Creighton,WI Green Bay
0.7897494798473128,3166,3456,Creighton,William & Mary
0.7897494798473128,3166,3471,Creighton,UC San Diego
0.8169487780749566,3181,3192,Duke,F Dickinson
0.8000393432463349,3181,3193,Duke,Fairfield
0.7541120477733233,3181,3195,Duke,FGCU
0.5749717437336793,3181,3199,Duke,Florida St
0.8042451304890204,3181,3206,Duke,George Mason
0.7535658028986935,3181,3210,Duke,Georgia Tech
0.8120232612567052,3181,3213,Duke,Grand Canyon
0.7962209066367679,3181,3217,Duke,Harvard
0.8169487780749566,3181,3219,Duke,High Point
0.6786375317864196,3181,3228,Duke,Illinois
0.5501164610786554,3181,3231,Duke,Indiana
0.5401003649889013,3181,3234,Duke,Iowa
0.7021863311113754,3181,3235,Duke,Iowa St
0.5927966385685134,3181,3243,Duke,Kansas St
0.6786375317864196,3181,3246,Duke,Kentucky
0.8120232612567052,3181,3250,Duke,Lehigh
0.8169487780749566,3181,3251,Duke,Liberty
0.5344102863236074,3181,3257,Duke,Louisville
0.5849298301390258,3181,3261,Duke,LSU
0.5344102863236074,3181,3268,Duke,Maryland
0.6698847960466984,3181,3276,Duke,Michigan
0.6714869164958246,3181,3277,Duke,Michigan St
0.646897757466597,3181,3279,Duke,Mississippi
0.7644736773352379,3181,3280,Duke,Mississippi St
0.8120232612567052,3181,3286,Duke,Montana St
0.8079550433405585,3181,3293,Duke,Murray St
0.4824221264446467,3181,3301,Duke,NC State
0.6975161075311892,3181,3304,Duke,Nebraska
0.8169487780749566,3181,3313,Duke,Norfolk St
0.5344102863236074,3181,3314,Duke,North Carolina
0.5849298301390258,3181,3323,Duke,Notre Dame
0.5429603649735739,3181,3326,Duke,Ohio St
0.5919226793353078,3181,3328,Duke,Oklahoma
0.6786375317864196,3181,3329,Duke,Oklahoma St
0.6979719329374995,3181,3332,Duke,Oregon
0.8169487780749566,3181,3333,Duke,Oregon St
0.7206632797029259,3181,3343,Duke,Princeton
0.7585534776036685,3181,3350,Duke,Richmond
0.6567018042447825,3181,3355,Duke,S Dakota St
0.8120232612567052,3181,3361,Duke,San Diego St
0.8169487780749566,3181,3372,Duke,SF Austin
0.3911724068336408,3181,3376,Duke,South Carolina
0.8169487780749566,3181,3378,Duke,South Florida
0.8169487780749566,3181,3380,Duke,Southern Univ
0.6534947267956657,3181,3395,Duke,TCU
0.5344102863236074,3181,3397,Duke,Tennessee
0.8169487780749566,3181,3399,Duke,Tennessee Tech
0.3773946661959104,3181,3400,Duke,Texas
0.3911724068336408,3181,3417,Duke,UCLA
0.8169487780749566,3181,3422,Duke,UNC Greensboro
0.4096196185221986,3181,3425,Duke,USC
0.6353552598113535,3181,3428,Duke,Utah
0.7151293918226473,3181,3435,Duke,Vanderbilt
0.8169487780749566,3181,3436,Duke,Vermont
0.7986055140155021,3181,3449,Duke,Washington
0.6326822944537849,3181,3452,Duke,West Virginia
0.8042451304890204,3181,3453,Duke,WI Green Bay
0.8169487780749566,3181,3456,Duke,William & Mary
0.8169487780749566,3181,3471,Duke,UC San Diego
0.3994557458384882,3192,3193,F Dickinson,Fairfield
0.323060202611718,3192,3195,F Dickinson,FGCU
0.1993464082957151,3192,3199,F Dickinson,Florida St
0.4459112874693109,3192,3206,F Dickinson,George Mason
0.3776416227111821,3192,3210,F Dickinson,Georgia Tech
0.3726086367523183,3192,3213,F Dickinson,Grand Canyon
0.3817864328039668,3192,3217,F Dickinson,Harvard
0.5788171929157374,3192,3219,F Dickinson,High Point
0.2892473382551771,3192,3228,F Dickinson,Illinois
0.2381251141895611,3192,3231,F Dickinson,Indiana
0.1896129934256807,3192,3234,F Dickinson,Iowa
0.2659420784408113,3192,3235,F Dickinson,Iowa St
0.2044008701635019,3192,3243,F Dickinson,Kansas St
0.2775056853078049,3192,3246,F Dickinson,Kentucky
0.4956468657083464,3192,3250,F Dickinson,Lehigh
0.3397493461105791,3192,3251,F Dickinson,Liberty
0.1816192444882678,3192,3257,F Dickinson,Louisville
0.2131818329948208,3192,3261,F Dickinson,LSU
0.1896129934256807,3192,3268,F Dickinson,Maryland
0.2289860623129125,3192,3276,F Dickinson,Michigan
0.2425878285029772,3192,3277,F Dickinson,Michigan St
0.2093111407909389,3192,3279,F Dickinson,Mississippi
0.3873859753759246,3192,3280,F Dickinson,Mississippi St
0.3632631949165003,3192,3286,F Dickinson,Montana St
0.3919772557526141,3192,3293,F Dickinson,Murray St
0.1851816048256213,3192,3301,F Dickinson,NC State
0.3494688906894459,3192,3304,F Dickinson,Nebraska
0.3486281721533847,3192,3313,F Dickinson,Norfolk St
0.1896129934256807,3192,3314,F Dickinson,North Carolina
0.1896129934256807,3192,3323,F Dickinson,Notre Dame
0.1896129934256807,3192,3326,F Dickinson,Ohio St
0.1896025305642487,3192,3328,F Dickinson,Oklahoma
0.2709165753422885,3192,3329,F Dickinson,Oklahoma St
0.2939840704997791,3192,3332,F Dickinson,Oregon
0.3542143315777538,3192,3333,F Dickinson,Oregon St
0.2754055305520705,3192,3343,F Dickinson,Princeton
0.3707390627003756,3192,3350,F Dickinson,Richmond
0.2681933302433316,3192,3355,F Dickinson,S Dakota St
0.3884804533609669,3192,3361,F Dickinson,San Diego St
0.403751453277507,3192,3372,F Dickinson,SF Austin
0.1859848438709924,3192,3376,F Dickinson,South Carolina
0.3528502793013077,3192,3378,F Dickinson,South Florida
0.6060995075877504,3192,3380,F Dickinson,Southern Univ
0.2306360492675136,3192,3395,F Dickinson,TCU
0.194114508736836,3192,3397,F Dickinson,Tennessee
0.6591770550480355,3192,3399,F Dickinson,Tennessee Tech
0.1816192444882678,3192,3400,F Dickinson,Texas
0.1896129934256807,3192,3417,F Dickinson,UCLA
0.6402786454115619,3192,3422,F Dickinson,UNC Greensboro
0.1896129934256807,3192,3425,F Dickinson,USC
0.2139653921077232,3192,3428,F Dickinson,Utah
0.321127393323995,3192,3435,F Dickinson,Vanderbilt
0.4990805837295305,3192,3436,F Dickinson,Vermont
0.3397493461105791,3192,3449,F Dickinson,Washington
0.2093111407909389,3192,3452,F Dickinson,West Virginia
0.3845697553113076,3192,3453,F Dickinson,WI Green Bay
0.6610271069628725,3192,3456,F Dickinson,William & Mary
0.6760802760361914,3192,3471,F Dickinson,UC San Diego
0.4160152744484289,3193,3195,Fairfield,FGCU
0.2194645410207729,3193,3199,Fairfield,Florida St
0.4330920432479894,3193,3206,Fairfield,George Mason
0.3824249711417803,3193,3210,Fairfield,Georgia Tech
0.6170220812545985,3193,3213,Fairfield,Grand Canyon
0.3718862354312334,3193,3217,Fairfield,Harvard
0.5600585841393996,3193,3219,Fairfield,High Point
0.2961542082241724,3193,3228,Fairfield,Illinois
0.2442307209030891,3193,3231,Fairfield,Indiana
0.1972781602946615,3193,3234,Fairfield,Iowa
0.272505812503771,3193,3235,Fairfield,Iowa St
0.2196301118386324,3193,3243,Fairfield,Kansas St
0.2842443071660303,3193,3246,Fairfield,Kentucky
0.6227958985013693,3193,3250,Fairfield,Lehigh
0.6433596821566632,3193,3251,Fairfield,Liberty
0.2003961219829102,3193,3257,Fairfield,Louisville
0.2188315833555028,3193,3261,Fairfield,LSU
0.194792759613269,3193,3268,Fairfield,Maryland
0.2454818766550653,3193,3276,Fairfield,Michigan
0.2597334089327774,3193,3277,Fairfield,Michigan St
0.2248028573763246,3193,3279,Fairfield,Mississippi
0.3774292237039924,3193,3280,Fairfield,Mississippi St
0.6170220812545985,3193,3286,Fairfield,Montana St
0.4390149043639414,3193,3293,Fairfield,Murray St
0.1902687383917954,3193,3301,Fairfield,NC State
0.3570912991099483,3193,3304,Fairfield,Nebraska
0.6380359737003086,3193,3313,Fairfield,Norfolk St
0.194792759613269,3193,3314,Fairfield,North Carolina
0.194792759613269,3193,3323,Fairfield,Notre Dame
0.194792759613269,3193,3326,Fairfield,Ohio St
0.1947820796306756,3193,3328,Fairfield,Oklahoma
0.2892996083512676,3193,3329,Fairfield,Oklahoma St
0.3161686628419642,3193,3332,Fairfield,Oregon
0.6063779854449787,3193,3333,Fairfield,Oregon St
0.2821130678389953,3193,3343,Fairfield,Princeton
0.3966185943849989,3193,3350,Fairfield,Richmond
0.2747918276903221,3193,3355,Fairfield,S Dakota St
0.6227958985013693,3193,3361,Fairfield,San Diego St
0.5915773790670932,3193,3372,Fairfield,SF Austin
0.1910888684459185,3193,3376,Fairfield,South Carolina
0.5126294176899714,3193,3378,Fairfield,South Florida
0.5876904444928487,3193,3380,Fairfield,Southern Univ
0.2366092686166306,3193,3395,Fairfield,TCU
0.2138456601694414,3193,3397,Fairfield,Tennessee
0.6417825037233158,3193,3399,Fairfield,Tennessee Tech
0.1866309311224189,3193,3400,Fairfield,Texas
0.194792759613269,3193,3417,Fairfield,UCLA
0.6224719815248524,3193,3422,Fairfield,UNC Greensboro
0.194792759613269,3193,3425,Fairfield,USC
0.2196301118386324,3193,3428,Fairfield,Utah
0.3636896888625449,3193,3435,Fairfield,Vanderbilt
0.6260171293715086,3193,3436,Fairfield,Vermont
0.3844827811561122,3193,3449,Fairfield,Washington
0.2248028573763246,3193,3452,Fairfield,West Virginia
0.5126294176899714,3193,3453,Fairfield,WI Green Bay
0.6436759364932017,3193,3456,Fairfield,William & Mary
0.6591022680750329,3193,3471,Fairfield,UC San Diego
0.3349713914000246,3195,3199,FGCU,Florida St
0.6350108900576897,3195,3206,FGCU,George Mason
0.5623440973320954,3195,3210,FGCU,Georgia Tech
0.6165311237338501,3195,3213,FGCU,Grand Canyon
0.6131628191650335,3195,3217,FGCU,Harvard
0.6514846676113495,3195,3219,FGCU,High Point
0.5064786718724344,3195,3228,FGCU,Illinois
0.3873686063879519,3195,3231,FGCU,Indiana
0.2355316330414081,3195,3234,FGCU,Iowa
0.4365451049432097,3195,3235,FGCU,Iowa St
0.3908454604191833,3195,3243,FGCU,Kansas St
0.5445672869001785,3195,3246,FGCU,Kentucky
0.6814749296081916,3195,3250,FGCU,Lehigh
0.5960577011521035,3195,3251,FGCU,Liberty
0.3120754474777812,3195,3257,FGCU,Louisville
0.2471338108142511,3195,3261,FGCU,LSU
0.3045386942004948,3195,3268,FGCU,Maryland
0.4552618747674318,3195,3276,FGCU,Michigan
0.458237132737711,3195,3277,FGCU,Michigan St
0.4445743725319694,3195,3279,FGCU,Mississippi
0.6242084971615812,3195,3280,FGCU,Mississippi St
0.6165311237338501,3195,3286,FGCU,Montana St
0.6037623206492179,3195,3293,FGCU,Murray St
0.2417591599830311,3195,3301,FGCU,NC State
0.5360176921889444,3195,3304,FGCU,Nebraska
0.6131628191650335,3195,3313,FGCU,Norfolk St
0.2804968331820847,3195,3314,FGCU,North Carolina
0.2471338108142511,3195,3323,FGCU,Notre Dame
0.2471338108142511,3195,3326,FGCU,Ohio St
0.307597921895592,3195,3328,FGCU,Oklahoma
0.5121797161932995,3195,3329,FGCU,Oklahoma St
0.50721083711414,3195,3332,FGCU,Oregon
0.6440441987361398,3195,3333,FGCU,Oregon St
0.5168078070026193,3195,3343,FGCU,Princeton
0.5903866362387261,3195,3350,FGCU,Richmond
0.393377054231989,3195,3355,FGCU,S Dakota St
0.6671242283120107,3195,3361,FGCU,San Diego St
0.6890641886976324,3195,3372,FGCU,SF Austin
0.2312756047933463,3195,3376,FGCU,South Carolina
0.6242084971615812,3195,3378,FGCU,South Florida
0.6766891480037838,3195,3380,FGCU,Southern Univ
0.4418917203730476,3195,3395,FGCU,TCU
0.310722472357676,3195,3397,FGCU,Tennessee
0.7057506814269456,3195,3399,FGCU,Tennessee Tech
0.22614224290135,3195,3400,FGCU,Texas
0.2355316330414081,3195,3417,FGCU,UCLA
0.7028902772765651,3195,3422,FGCU,UNC Greensboro
0.2471338108142511,3195,3425,FGCU,USC
0.3658823442090417,3195,3428,FGCU,Utah
0.5751045880721829,3195,3435,FGCU,Vanderbilt
0.6914470706566765,3195,3436,FGCU,Vermont
0.5960577011521035,3195,3449,FGCU,Washington
0.4330444083067749,3195,3452,FGCU,West Virginia
0.5601839728223516,3195,3453,FGCU,WI Green Bay
0.707460119018675,3195,3456,FGCU,William & Mary
0.7213205940755811,3195,3471,FGCU,UC San Diego
0.7692578195685712,3199,3206,Florida St,George Mason
0.7133006666870491,3199,3210,Florida St,Georgia Tech
0.77804247015985,3199,3213,Florida St,Grand Canyon
0.7836211171669807,3199,3217,Florida St,Harvard
0.8109793394585069,3199,3219,Florida St,High Point
0.5973394157550069,3199,3228,Florida St,Illinois
0.4027262551330038,3199,3231,Florida St,Indiana
0.3425594446273831,3199,3234,Florida St,Iowa
0.5560867249079031,3199,3235,Florida St,Iowa St
0.5711855847197117,3199,3243,Florida St,Kansas St
0.6620585187597122,3199,3246,Florida St,Kentucky
0.8059313547274847,3199,3250,Florida St,Lehigh
0.7836211171669807,3199,3251,Florida St,Liberty
0.4027262551330038,3199,3257,Florida St,Louisville
0.3341542541148782,3199,3261,Florida St,LSU
0.5490155646106825,3199,3268,Florida St,Maryland
0.6344131772725065,3199,3276,Florida St,Michigan
0.5894741287915035,3199,3277,Florida St,Michigan St
0.6373735670296206,3199,3279,Florida St,Mississippi
0.7174177048874344,3199,3280,Florida St,Mississippi St
0.77804247015985,3199,3286,Florida St,Montana St
0.7734440180382408,3199,3293,Florida St,Murray St
0.3341542541148782,3199,3301,Florida St,NC State
0.6345746632636803,3199,3304,Florida St,Nebraska
0.7836211171669807,3199,3313,Florida St,Norfolk St
0.502118808354434,3199,3314,Florida St,North Carolina
0.3341542541148782,3199,3323,Florida St,Notre Dame
0.336576658640483,3199,3326,Florida St,Ohio St
0.5698661873935326,3199,3328,Florida St,Oklahoma
0.5973394157550069,3199,3329,Florida St,Oklahoma St
0.6528083320341094,3199,3332,Florida St,Oregon
0.7836211171669807,3199,3333,Florida St,Oregon St
0.5973394157550069,3199,3343,Florida St,Princeton
0.7107622156660564,3199,3350,Florida St,Richmond
0.5538976338044654,3199,3355,Florida St,S Dakota St
0.77804247015985,3199,3361,Florida St,San Diego St
0.7836211171669807,3199,3372,Florida St,SF Austin
0.3048011004375109,3199,3376,Florida St,South Carolina
0.7836211171669807,3199,3378,Florida St,South Florida
0.8109793394585069,3199,3380,Florida St,Southern Univ
0.6198340490517559,3199,3395,Florida St,TCU
0.5312666576984546,3199,3397,Florida St,Tennessee
0.8109793394585069,3199,3399,Florida St,Tennessee Tech
0.2926034431180335,3199,3400,Florida St,Texas
0.3048011004375109,3199,3417,Florida St,UCLA
0.8109793394585069,3199,3422,Florida St,UNC Greensboro
0.3213248676829116,3199,3425,Florida St,USC
0.5156430973064468,3199,3428,Florida St,Utah
0.6713232599178064,3199,3435,Florida St,Vanderbilt
0.8109793394585069,3199,3436,Florida St,Vermont
0.7174177048874344,3199,3449,Florida St,Washington
0.5809817938380539,3199,3452,Florida St,West Virginia
0.7692578195685712,3199,3453,Florida St,WI Green Bay
0.8109793394585069,3199,3456,Florida St,William & Mary
0.8109793394585069,3199,3471,Florida St,UC San Diego
0.3934519949128609,3206,3210,George Mason,Georgia Tech
0.5880487408768593,3206,3213,George Mason,Grand Canyon
0.3827977366052276,3206,3217,George Mason,Harvard
0.5300579973695586,3206,3219,George Mason,High Point
0.3059259194482595,3206,3228,George Mason,Illinois
0.2442307209030891,3206,3231,George Mason,Indiana
0.1972781602946615,3206,3234,George Mason,Iowa
0.3482913340068727,3206,3235,George Mason,Iowa St
0.2196301118386324,3206,3243,George Mason,Kansas St
0.3059259194482595,3206,3246,George Mason,Kentucky
0.5939719260257849,3206,3250,George Mason,Lehigh
0.615136036086385,3206,3251,George Mason,Liberty
0.2003961219829102,3206,3257,George Mason,Louisville
0.2188315833555028,3206,3261,George Mason,LSU
0.2090052483994451,3206,3268,George Mason,Maryland
0.2454818766550653,3206,3276,George Mason,Michigan
0.2687622767061046,3206,3277,George Mason,Michigan St
0.2248028573763246,3206,3279,George Mason,Mississippi
0.3884027929079222,3206,3280,George Mason,Mississippi St
0.5880487408768593,3206,3286,George Mason,Montana St
0.5131875714192153,3206,3293,George Mason,Murray St
0.1902687383917954,3206,3301,George Mason,NC State
0.3678229098379014,3206,3304,George Mason,Nebraska
0.6096466459514985,3206,3313,George Mason,Norfolk St
0.194792759613269,3206,3314,George Mason,North Carolina
0.194792759613269,3206,3323,George Mason,Notre Dame
0.1972781602946615,3206,3326,George Mason,Ohio St
0.1947820796306756,3206,3328,George Mason,Oklahoma
0.2989412097788699,3206,3329,George Mason,Oklahoma St
0.3262946117745984,3206,3332,George Mason,Oregon
0.5771512358237829,3206,3333,George Mason,Oregon St
0.3777343754392984,3206,3343,George Mason,Princeton
0.4077846458086361,3206,3350,George Mason,Richmond
0.2747918276903221,3206,3355,George Mason,S Dakota St
0.5939719260257849,3206,3361,George Mason,San Diego St
0.5620453907487793,3206,3372,George Mason,SF Austin
0.1910888684459185,3206,3376,George Mason,South Carolina
0.631410699422397,3206,3378,George Mason,South Florida
0.5580873515185069,3206,3380,George Mason,Southern Univ
0.2366092686166306,3206,3395,George Mason,TCU
0.2138456601694414,3206,3397,George Mason,Tennessee
0.6135090242131761,3206,3399,George Mason,Tennessee Tech
0.1866309311224189,3206,3400,George Mason,Texas
0.194792759613269,3206,3417,George Mason,UCLA
0.5936394071668831,3206,3422,George Mason,UNC Greensboro
0.194792759613269,3206,3425,George Mason,USC
0.2196301118386324,3206,3428,George Mason,Utah
0.374504086997687,3206,3435,George Mason,Vanderbilt
0.5972801382758224,3206,3436,George Mason,Vermont
0.4021193946369312,3206,3449,George Mason,Washington
0.2248028573763246,3206,3452,George Mason,West Virginia
0.631410699422397,3206,3453,George Mason,WI Green Bay
0.6154623589649029,3206,3456,George Mason,William & Mary
0.631410699422397,3206,3471,George Mason,UC San Diego
0.6876327976090085,3210,3213,Georgia Tech,Grand Canyon
0.7133269541948245,3210,3217,Georgia Tech,Harvard
0.6424807180103282,3210,3219,Georgia Tech,High Point
0.4475540858411173,3210,3228,Georgia Tech,Illinois
0.3027898364916075,3210,3231,Georgia Tech,Indiana
0.2212668296095973,3210,3234,Georgia Tech,Iowa
0.4317976505080201,3210,3235,Georgia Tech,Iowa St
0.2817901050778891,3210,3243,Georgia Tech,Kansas St
0.4475540858411173,3210,3246,Georgia Tech,Kentucky
0.6728567154908827,3210,3250,Georgia Tech,Lehigh
0.7133269541948245,3210,3251,Georgia Tech,Liberty
0.2442632759917816,3210,3257,Georgia Tech,Louisville
0.2212668296095973,3210,3261,Georgia Tech,LSU
0.2541579437529283,3210,3268,Georgia Tech,Maryland
0.3454114445496002,3210,3276,Georgia Tech,Michigan
0.3835629623160105,3210,3277,Georgia Tech,Michigan St
0.3357134665811681,3210,3279,Georgia Tech,Mississippi
0.5196343054196048,3210,3280,Georgia Tech,Mississippi St
0.6876327976090085,3210,3286,Georgia Tech,Montana St
0.7133269541948245,3210,3293,Georgia Tech,Murray St
0.2162931146542441,3210,3301,Georgia Tech,NC State
0.4509743877967369,3210,3304,Georgia Tech,Nebraska
0.7133269541948245,3210,3313,Georgia Tech,Norfolk St
0.2435467140626543,3210,3314,Georgia Tech,North Carolina
0.2212668296095973,3210,3323,Georgia Tech,Notre Dame
0.2212668296095973,3210,3326,Georgia Tech,Ohio St
0.2691820964612638,3210,3328,Georgia Tech,Oklahoma
0.4532009414837575,3210,3329,Georgia Tech,Oklahoma St
0.4320997691231987,3210,3332,Georgia Tech,Oregon
0.6799917241574239,3210,3333,Georgia Tech,Oregon St
0.4401164108710126,3210,3343,Georgia Tech,Princeton
0.5607541068069769,3210,3350,Georgia Tech,Richmond
0.4152599683580145,3210,3355,Georgia Tech,S Dakota St
0.6728567154908827,3210,3361,Georgia Tech,San Diego St
0.6508531332032504,3210,3372,Georgia Tech,SF Austin
0.2145260638997327,3210,3376,Georgia Tech,South Carolina
0.7133269541948245,3210,3378,Georgia Tech,South Florida
0.6680045292648197,3210,3380,Georgia Tech,Southern Univ
0.3475222202103564,3210,3395,Georgia Tech,TCU
0.2597007322644383,3210,3397,Georgia Tech,Tennessee
0.6974977291841239,3210,3399,Georgia Tech,Tennessee Tech
0.2096630752733062,3210,3400,Georgia Tech,Texas
0.2185614958494794,3210,3417,Georgia Tech,UCLA
0.6945918155767961,3210,3422,Georgia Tech,UNC Greensboro
0.2185614958494794,3210,3425,Georgia Tech,USC
0.2913296699625987,3210,3428,Georgia Tech,Utah
0.5751045880721829,3210,3435,Georgia Tech,Vanderbilt
0.6829731504006649,3210,3436,Georgia Tech,Vermont
0.4923088815609986,3210,3449,Georgia Tech,Washington
0.3253529870498515,3210,3452,Georgia Tech,West Virginia
0.7066145187641449,3210,3453,Georgia Tech,WI Green Bay
0.6992346795976581,3210,3456,Georgia Tech,William & Mary
0.7133269541948245,3210,3471,Georgia Tech,UC San Diego
0.4114320902772139,3213,3217,Grand Canyon,Harvard
0.5245493444607866,3213,3219,Grand Canyon,High Point
0.2961542082241724,3213,3228,Grand Canyon,Illinois
0.2442307209030891,3213,3231,Grand Canyon,Indiana
0.1972781602946615,3213,3234,Grand Canyon,Iowa
0.272505812503771,3213,3235,Grand Canyon,Iowa St
0.2098799823835676,3213,3243,Grand Canyon,Kansas St
0.2842443071660303,3213,3246,Grand Canyon,Kentucky
0.5886310313502873,3213,3250,Grand Canyon,Lehigh
0.4953022440916225,3213,3251,Grand Canyon,Liberty
0.2003961219829102,3213,3257,Grand Canyon,Louisville
0.2188315833555028,3213,3261,Grand Canyon,LSU
0.194792759613269,3213,3268,Grand Canyon,Maryland
0.2454818766550653,3213,3276,Grand Canyon,Michigan
0.2597334089327774,3213,3277,Grand Canyon,Michigan St
0.2148863257088337,3213,3279,Grand Canyon,Mississippi
0.4171730292165262,3213,3280,Grand Canyon,Mississippi St
0.4895220516970537,3213,3286,Grand Canyon,Montana St
0.4802412955694243,3213,3293,Grand Canyon,Murray St
0.1902687383917954,3213,3301,Grand Canyon,NC State
0.396055905335901,3213,3304,Grand Canyon,Nebraska
0.4895220516970537,3213,3313,Grand Canyon,Norfolk St
0.194792759613269,3213,3314,Grand Canyon,North Carolina
0.194792759613269,3213,3323,Grand Canyon,Notre Dame
0.194792759613269,3213,3326,Grand Canyon,Ohio St
0.1947820796306756,3213,3328,Grand Canyon,Oklahoma
0.2892996083512676,3213,3329,Grand Canyon,Oklahoma St
0.3531205369972032,3213,3332,Grand Canyon,Oregon
0.5717486088891433,3213,3333,Grand Canyon,Oregon St
0.3169294048962631,3213,3343,Grand Canyon,Princeton
0.457821711701703,3213,3350,Grand Canyon,Richmond
0.2747918276903221,3213,3355,Grand Canyon,S Dakota St
0.5886310313502873,3213,3361,Grand Canyon,San Diego St
0.556598037126134,3213,3372,Grand Canyon,SF Austin
0.1910888684459185,3213,3376,Grand Canyon,South Carolina
0.401736423237732,3213,3378,Grand Canyon,South Florida
0.5526299532362778,3213,3380,Grand Canyon,Southern Univ
0.2366092686166306,3213,3395,Grand Canyon,TCU
0.1993869898270509,3213,3397,Grand Canyon,Tennessee
0.6082556263873832,3213,3399,Grand Canyon,Tennessee Tech
0.1866309311224189,3213,3400,Grand Canyon,Texas
0.194792759613269,3213,3417,Grand Canyon,UCLA
0.5882971702786546,3213,3422,Grand Canyon,UNC Greensboro
0.194792759613269,3213,3425,Grand Canyon,USC
0.2196301118386324,3213,3428,Grand Canyon,Utah
0.4029230552853738,3213,3435,Grand Canyon,Vanderbilt
0.5919528650302188,3213,3436,Grand Canyon,Vermont
0.4244629363738606,3213,3449,Grand Canyon,Washington
0.2248028573763246,3213,3452,Grand Canyon,West Virginia
0.4503059244023799,3213,3453,Grand Canyon,WI Green Bay
0.6102186433903671,3213,3456,Grand Canyon,William & Mary
0.6262523955607194,3213,3471,Grand Canyon,UC San Diego
0.5421086343587954,3217,3219,Harvard,High Point
0.2961542082241724,3217,3228,Harvard,Illinois
0.2442307209030891,3217,3231,Harvard,Indiana
0.1972781602946615,3217,3234,Harvard,Iowa
0.442676676469457,3217,3235,Harvard,Iowa St
0.2196301118386324,3217,3243,Harvard,Kansas St
0.2961542082241724,3217,3246,Harvard,Kentucky
0.6056031004674337,3217,3250,Harvard,Lehigh
0.6265421300253001,3217,3251,Harvard,Liberty
0.2003961219829102,3217,3257,Harvard,Louisville
0.2215393124531911,3217,3261,Harvard,LSU
0.2090052483994451,3217,3268,Harvard,Maryland
0.2454818766550653,3217,3276,Harvard,Michigan
0.2597334089327774,3217,3277,Harvard,Michigan St
0.2248028573763246,3217,3279,Harvard,Mississippi
0.4150227552419703,3217,3280,Harvard,Mississippi St
0.599735250661602,3217,3286,Harvard,Montana St
0.6265421300253001,3217,3293,Harvard,Murray St
0.1902687383917954,3217,3301,Harvard,NC State
0.3771497004718001,3217,3304,Harvard,Nebraska
0.6211152221538255,3217,3313,Harvard,Norfolk St
0.2090052483994451,3217,3314,Harvard,North Carolina
0.1972781602946615,3217,3323,Harvard,Notre Dame
0.1972781602946615,3217,3326,Harvard,Ohio St
0.2089939914354414,3217,3328,Harvard,Oklahoma
0.2892996083512676,3217,3329,Harvard,Oklahoma St
0.3824775204682122,3217,3332,Harvard,Oregon
0.5889307869105014,3217,3333,Harvard,Oregon St
0.4332521021541844,3217,3343,Harvard,Princeton
0.3979597116998437,3217,3350,Harvard,Richmond
0.3330771091157,3217,3355,Harvard,S Dakota St
0.6056031004674337,3217,3361,Harvard,San Diego St
0.5739351019211564,3217,3372,Harvard,SF Austin
0.1910888684459185,3217,3376,Harvard,South Carolina
0.6426146914415509,3217,3378,Harvard,South Florida
0.5700023080611271,3217,3380,Harvard,Southern Univ
0.2366092686166306,3217,3395,Harvard,TCU
0.2138456601694414,3217,3397,Harvard,Tennessee
0.624933936742563,3217,3399,Harvard,Tennessee Tech
0.1866309311224189,3217,3400,Harvard,Texas
0.194792759613269,3217,3417,Harvard,UCLA
0.6052737768731683,3217,3422,Harvard,UNC Greensboro
0.194792759613269,3217,3425,Harvard,USC
0.2196301118386324,3217,3428,Harvard,Utah
0.3795823127967384,3217,3435,Harvard,Vanderbilt
0.6088789479987949,3217,3436,Harvard,Vermont
0.4703591605585592,3217,3449,Harvard,Washington
0.2248028573763246,3217,3452,Harvard,West Virginia
0.6426146914415509,3217,3453,Harvard,WI Green Bay
0.6268646481843292,3217,3456,Harvard,William & Mary
0.6426146914415509,3217,3471,Harvard,UC San Diego
0.3058651863386453,3219,3228,High Point,Illinois
0.2381251141895611,3219,3231,High Point,Indiana
0.1896129934256807,3219,3234,High Point,Iowa
0.2659420784408113,3219,3235,High Point,Iowa St
0.2044008701635019,3219,3243,High Point,Kansas St
0.3058651863386453,3219,3246,High Point,Kentucky
0.3964807893856523,3219,3250,High Point,Lehigh
0.4093674584923311,3219,3251,High Point,Liberty
0.1816192444882678,3219,3257,High Point,Louisville
0.2131818329948208,3219,3261,High Point,LSU
0.1896129934256807,3219,3268,High Point,Maryland
0.2289860623129125,3219,3276,High Point,Michigan
0.2687060651380316,3219,3277,High Point,Michigan St
0.2093111407909389,3219,3279,High Point,Mississippi
0.422598124439864,3219,3280,High Point,Mississippi St
0.4192479713969618,3219,3286,High Point,Montana St
0.4858029250947896,3219,3293,High Point,Murray St
0.1851816048256213,3219,3301,High Point,NC State
0.3813013758638538,3219,3304,High Point,Nebraska
0.3825171024071051,3219,3313,High Point,Norfolk St
0.1896129934256807,3219,3314,High Point,North Carolina
0.1896129934256807,3219,3323,High Point,Notre Dame
0.1896129934256807,3219,3326,High Point,Ohio St
0.1896025305642487,3219,3328,High Point,Oklahoma
0.2988812661850378,3219,3329,High Point,Oklahoma St
0.3390675127152127,3219,3332,High Point,Oregon
0.4248890386201967,3219,3333,High Point,Oregon St
0.3036406070759169,3219,3343,High Point,Princeton
0.4282382207552666,3219,3350,High Point,Richmond
0.2681933302433316,3219,3355,High Point,S Dakota St
0.4237232770609639,3219,3361,High Point,San Diego St
0.4614539683976389,3219,3372,High Point,SF Austin
0.1859848438709924,3219,3376,High Point,South Carolina
0.3869058442689189,3219,3378,High Point,South Florida
0.5280381533921982,3219,3380,High Point,Southern Univ
0.2306360492675136,3219,3395,High Point,TCU
0.194114508736836,3219,3397,High Point,Tennessee
0.550232490824272,3219,3399,High Point,Tennessee Tech
0.1816192444882678,3219,3400,High Point,Texas
0.1896129934256807,3219,3417,High Point,UCLA
0.5296040321993524,3219,3422,High Point,UNC Greensboro
0.1896129934256807,3219,3425,High Point,USC
0.2044008701635019,3219,3428,High Point,Utah
0.3744370841942188,3219,3435,High Point,Vanderbilt
0.3788551402672794,3219,3436,High Point,Vermont
0.4299129041829609,3219,3449,High Point,Washington
0.2093111407909389,3219,3452,High Point,West Virginia
0.4349860011489211,3219,3453,High Point,WI Green Bay
0.5837534994147522,3219,3456,High Point,William & Mary
0.546831028799659,3219,3471,High Point,UC San Diego
0.3515606351719392,3228,3231,Illinois,Indiana
0.2452629629474981,3228,3234,Illinois,Iowa
0.5022952195173208,3228,3235,Illinois,Iowa St
0.3765782979772641,3228,3243,Illinois,Kansas St
0.5064786718724344,3228,3246,Illinois,Kentucky
0.7318844163220525,3228,3250,Illinois,Lehigh
0.7382328751405652,3228,3251,Illinois,Liberty
0.3322681736631628,3228,3257,Illinois,Louisville
0.2571832344316531,3228,3261,Illinois,LSU
0.3441045705520161,3228,3268,Illinois,Maryland
0.4403430786438697,3228,3276,Illinois,Michigan
0.458237132737711,3228,3277,Illinois,Michigan St
0.4297295184241634,3228,3279,Illinois,Mississippi
0.6129684402412998,3228,3280,Illinois,Mississippi St
0.7318844163220525,3228,3286,Illinois,Montana St
0.7266656292568896,3228,3293,Illinois,Murray St
0.2516630862113252,3228,3301,Illinois,NC State
0.5410988336776811,3228,3304,Illinois,Nebraska
0.7382328751405652,3228,3313,Illinois,Norfolk St
0.3183690698953471,3228,3314,Illinois,North Carolina
0.2571832344316531,3228,3323,Illinois,Notre Dame
0.2571832344316531,3228,3326,Illinois,Ohio St
0.3473627369933239,3228,3328,Illinois,Oklahoma
0.5121797161932995,3228,3329,Illinois,Oklahoma St
0.5547715123732683,3228,3332,Illinois,Oregon
0.7382328751405652,3228,3333,Illinois,Oregon St
0.5107513041790996,3228,3343,Illinois,Princeton
0.5623424943612322,3228,3350,Illinois,Richmond
0.4706351831095921,3228,3355,Illinois,S Dakota St
0.7318844163220525,3228,3361,Illinois,San Diego St
0.7382328751405652,3228,3372,Illinois,SF Austin
0.2408864997505249,3228,3376,Illinois,South Carolina
0.7382328751405652,3228,3378,Illinois,South Florida
0.7382328751405652,3228,3380,Illinois,Southern Univ
0.4270675673500492,3228,3395,Illinois,TCU
0.3506866342963572,3228,3397,Illinois,Tennessee
0.7382328751405652,3228,3399,Illinois,Tennessee Tech
0.2356051965189935,3228,3400,Illinois,Texas
0.2452629629474981,3228,3417,Illinois,UCLA
0.7382328751405652,3228,3422,Illinois,UNC Greensboro
0.2571832344316531,3228,3425,Illinois,USC
0.4442297548722748,3228,3428,Illinois,Utah
0.5988630281128272,3228,3435,Illinois,Vanderbilt
0.7382328751405652,3228,3436,Illinois,Vermont
0.6129684402412998,3228,3449,Illinois,Washington
0.4182946079500286,3228,3452,Illinois,West Virginia
0.7318844163220525,3228,3453,Illinois,WI Green Bay
0.7382328751405652,3228,3456,Illinois,William & Mary
0.7382328751405652,3228,3471,Illinois,UC San Diego
0.3437078981789785,3231,3234,Indiana,Iowa
0.5560867249079031,3231,3235,Indiana,Iowa St
0.6119971848943344,3231,3243,Indiana,Kansas St
0.6620585187597122,3231,3246,Indiana,Kentucky
0.7728321497348855,3231,3250,Indiana,Lehigh
0.7785044713594116,3231,3251,Indiana,Liberty
0.5730375498187398,3231,3257,Indiana,Louisville
0.3562003792060701,3231,3261,Indiana,LSU
0.5730375498187398,3231,3268,Indiana,Maryland
0.6537234492737016,3231,3276,Indiana,Michigan
0.6593359870675312,3231,3277,Indiana,Michigan St
0.6537234492737016,3231,3279,Indiana,Mississippi
0.6740665788478568,3231,3280,Indiana,Mississippi St
0.7728321497348855,3231,3286,Indiana,Montana St
0.7681579175578434,3231,3293,Indiana,Murray St
0.3562003792060701,3231,3301,Indiana,NC State
0.6345746632636803,3231,3304,Indiana,Nebraska
0.7785044713594116,3231,3313,Indiana,Norfolk St
0.5264843133345349,3231,3314,Indiana,North Carolina
0.3562003792060701,3231,3323,Indiana,Notre Dame
0.3586965075389836,3231,3326,Indiana,Ohio St
0.5935996713901885,3231,3328,Indiana,Oklahoma
0.674454650839575,3231,3329,Indiana,Oklahoma St
0.6528083320341094,3231,3332,Indiana,Oregon
0.7785044713594116,3231,3333,Indiana,Oregon St
0.5973394157550069,3231,3343,Indiana,Princeton
0.641123747703272,3231,3350,Indiana,Richmond
0.5538976338044654,3231,3355,Indiana,S Dakota St
0.7728321497348855,3231,3361,Indiana,San Diego St
0.7785044713594116,3231,3372,Indiana,SF Austin
0.322403683723234,3231,3376,Indiana,South Carolina
0.7785044713594116,3231,3378,Indiana,South Florida
0.7785044713594116,3231,3380,Indiana,Southern Univ
0.6198340490517559,3231,3395,Indiana,TCU
0.5730375498187398,3231,3397,Indiana,Tennessee
0.7785044713594116,3231,3399,Indiana,Tennessee Tech
0.3098155271554706,3231,3400,Indiana,Texas
0.322403683723234,3231,3417,Indiana,UCLA
0.7785044713594116,3231,3422,Indiana,UNC Greensboro
0.3394158166799535,3231,3425,Indiana,USC
0.6251837356067437,3231,3428,Indiana,Utah
0.7092501954657575,3231,3435,Indiana,Vanderbilt
0.7785044713594116,3231,3436,Indiana,Vermont
0.7113122976890208,3231,3449,Indiana,Washington
0.6404007236964416,3231,3452,Indiana,West Virginia
0.7639038602611253,3231,3453,Indiana,WI Green Bay
0.7785044713594116,3231,3456,Indiana,William & Mary
0.7785044713594116,3231,3471,Indiana,UC San Diego
0.739472687960291,3234,3235,Iowa,Iowa St
0.5948980201027236,3234,3243,Iowa,Kansas St
0.6702004630465181,3234,3246,Iowa,Kentucky
0.8172344762438049,3234,3250,Iowa,Lehigh
0.8085932784142983,3234,3251,Iowa,Liberty
0.636062807537876,3234,3257,Iowa,Louisville
0.4012807689263875,3234,3261,Iowa,LSU
0.5873786650284935,3234,3268,Iowa,Maryland
0.7117884412555165,3234,3276,Iowa,Michigan
0.7631203600930653,3234,3277,Iowa,Michigan St
0.6373735670296206,3234,3279,Iowa,Mississippi
0.7959182855571365,3234,3280,Iowa,Mississippi St
0.8085932784142983,3234,3286,Iowa,Montana St
0.7992898773567572,3234,3293,Iowa,Murray St
0.4012807689263875,3234,3301,Iowa,NC State
0.763836625098831,3234,3304,Iowa,Nebraska
0.8085932784142983,3234,3313,Iowa,Norfolk St
0.5564366593044354,3234,3314,Iowa,North Carolina
0.4012807689263875,3234,3323,Iowa,Notre Dame
0.4038946168610777,3234,3326,Iowa,Ohio St
0.5935996713901885,3234,3328,Iowa,Oklahoma
0.7631203600930653,3234,3329,Iowa,Oklahoma St
0.7700495613054432,3234,3332,Iowa,Oregon
0.8085932784142983,3234,3333,Iowa,Oregon St
0.7631203600930653,3234,3343,Iowa,Princeton
0.7959182855571365,3234,3350,Iowa,Richmond
0.7377614696360396,3234,3355,Iowa,S Dakota St
0.8085932784142983,3234,3361,Iowa,San Diego St
0.8085932784142983,3234,3372,Iowa,SF Austin
0.369301475817695,3234,3376,Iowa,South Carolina
0.8085932784142983,3234,3378,Iowa,South Florida
0.8172344762438049,3234,3380,Iowa,Southern Univ
0.6198340490517559,3234,3395,Iowa,TCU
0.5699569373225659,3234,3397,Iowa,Tennessee
0.8172344762438049,3234,3399,Iowa,Tennessee Tech
0.3558438275992667,3234,3400,Iowa,Texas
0.369301475817695,3234,3417,Iowa,UCLA
0.8172344762438049,3234,3422,Iowa,UNC Greensboro
0.3873735252620818,3234,3425,Iowa,USC
0.7193008403486222,3234,3428,Iowa,Utah
0.7788127362826536,3234,3435,Iowa,Vanderbilt
0.8172344762438049,3234,3436,Iowa,Vermont
0.7959182855571365,3234,3449,Iowa,Washington
0.6770315261929283,3234,3452,Iowa,West Virginia
0.8007080537591537,3234,3453,Iowa,WI Green Bay
0.8172344762438049,3234,3456,Iowa,William & Mary
0.8172344762438049,3234,3471,Iowa,UC San Diego
0.3765782979772641,3235,3243,Iowa St,Kansas St
0.5064786718724344,3235,3246,Iowa St,Kentucky
0.7304067168136015,3235,3250,Iowa St,Lehigh
0.7367775808729885,3235,3251,Iowa St,Liberty
0.3322681736631628,3235,3257,Iowa St,Louisville
0.2541821018094212,3235,3261,Iowa St,LSU
0.3441045705520161,3235,3268,Iowa St,Maryland
0.4403430786438697,3235,3276,Iowa St,Michigan
0.458237132737711,3235,3277,Iowa St,Michigan St
0.4297295184241634,3235,3279,Iowa St,Mississippi
0.5974760181789608,3235,3280,Iowa St,Mississippi St
0.7304067168136015,3235,3286,Iowa St,Montana St
0.638699602543842,3235,3293,Iowa St,Murray St
0.248704802219467,3235,3301,Iowa St,NC State
0.5360176921889444,3235,3304,Iowa St,Nebraska
0.7367775808729885,3235,3313,Iowa St,Norfolk St
0.2995359624790308,3235,3314,Iowa St,North Carolina
0.2541821018094212,3235,3323,Iowa St,Notre Dame
0.2571832344316531,3235,3326,Iowa St,Ohio St
0.3276389152469305,3235,3328,Iowa St,Oklahoma
0.5121797161932995,3235,3329,Iowa St,Oklahoma St
0.5250187725975031,3235,3332,Iowa St,Oregon
0.7367775808729885,3235,3333,Iowa St,Oregon St
0.5629219796101487,3235,3343,Iowa St,Princeton
0.5998181074895463,3235,3350,Iowa St,Richmond
0.4156518620633626,3235,3355,Iowa St,S Dakota St
0.7304067168136015,3235,3361,Iowa St,San Diego St
0.7367775808729885,3235,3372,Iowa St,SF Austin
0.2380146028696235,3235,3376,Iowa St,South Carolina
0.7367775808729885,3235,3378,Iowa St,South Florida
0.7367775808729885,3235,3380,Iowa St,Southern Univ
0.4648087409047129,3235,3395,Iowa St,TCU
0.3506866342963572,3235,3397,Iowa St,Tennessee
0.7367775808729885,3235,3399,Iowa St,Tennessee Tech
0.2327769566787901,3235,3400,Iowa St,Texas
0.2423555471168407,3235,3417,Iowa St,UCLA
0.7367775808729885,3235,3422,Iowa St,UNC Greensboro
0.2541821018094212,3235,3425,Iowa St,USC
0.3875950246682749,3235,3428,Iowa St,Utah
0.5988630281128272,3235,3435,Iowa St,Vanderbilt
0.7367775808729885,3235,3436,Iowa St,Vermont
0.5900257902085834,3235,3449,Iowa St,Washington
0.4182946079500286,3235,3452,Iowa St,West Virginia
0.7304067168136015,3235,3453,Iowa St,WI Green Bay
0.7367775808729885,3235,3456,Iowa St,William & Mary
0.7367775808729885,3235,3471,Iowa St,UC San Diego
0.6250591616453807,3243,3246,Kansas St,Kentucky
0.795808649409431,3243,3250,Kansas St,Lehigh
0.7785044713594116,3243,3251,Kansas St,Liberty
0.3857188914729986,3243,3257,Kansas St,Louisville
0.3159343585087883,3243,3261,Kansas St,LSU
0.5048961949425937,3243,3268,Kansas St,Maryland
0.5567609102715737,3243,3276,Kansas St,Michigan
0.5894741287915035,3243,3277,Kansas St,Michigan St
0.5844470353028287,3243,3279,Kansas St,Mississippi
0.7113122976890208,3243,3280,Kansas St,Mississippi St
0.7728321497348855,3243,3286,Kansas St,Montana St
0.7681579175578434,3243,3293,Kansas St,Murray St
0.3096789032604078,3243,3301,Kansas St,NC State
0.6345746632636803,3243,3304,Kansas St,Nebraska
0.7785044713594116,3243,3313,Kansas St,Norfolk St
0.4757267594434738,3243,3314,Kansas St,North Carolina
0.3159343585087883,3243,3323,Kansas St,Notre Dame
0.3310550958043516,3243,3326,Kansas St,Ohio St
0.5220667881861886,3243,3328,Kansas St,Oklahoma
0.5973394157550069,3243,3329,Kansas St,Oklahoma St
0.6528083320341094,3243,3332,Kansas St,Oregon
0.8010549420730813,3243,3333,Kansas St,Oregon St
0.5973394157550069,3243,3343,Kansas St,Princeton
0.7045722261328883,3243,3350,Kansas St,Richmond
0.5362378786104604,3243,3355,Kansas St,S Dakota St
0.795808649409431,3243,3361,Kansas St,San Diego St
0.8010549420730813,3243,3372,Kansas St,SF Austin
0.2826428670020052,3243,3376,Kansas St,South Carolina
0.7785044713594116,3243,3378,Kansas St,South Florida
0.8010549420730813,3243,3380,Kansas St,Southern Univ
0.5839959048204102,3243,3395,Kansas St,TCU
0.481409256838828,3243,3397,Kansas St,Tennessee
0.8010549420730813,3243,3399,Kansas St,Tennessee Tech
0.2767798729944588,3243,3400,Kansas St,Texas
0.2874906564683051,3243,3417,Kansas St,UCLA
0.8010549420730813,3243,3422,Kansas St,UNC Greensboro
0.3159343585087883,3243,3425,Kansas St,USC
0.5037885482243343,3243,3428,Kansas St,Utah
0.6713232599178064,3243,3435,Kansas St,Vanderbilt
0.8010549420730813,3243,3436,Kansas St,Vermont
0.7113122976890208,3243,3449,Kansas St,Washington
0.5037885482243343,3243,3452,Kansas St,West Virginia
0.7639038602611253,3243,3453,Kansas St,WI Green Bay
0.8010549420730813,3243,3456,Kansas St,William & Mary
0.8010549420730813,3243,3471,Kansas St,UC San Diego
0.7538916672661633,3246,3250,Kentucky,Lehigh
0.7598899911304045,3246,3251,Kentucky,Liberty
0.346157347585115,3246,3257,Kentucky,Louisville
0.2571832344316531,3246,3261,Kentucky,LSU
0.3776975382109163,3246,3268,Kentucky,Maryland
0.4913073419112912,3246,3276,Kentucky,Michigan
0.5026030327904363,3246,3277,Kentucky,Michigan St
0.4600690720057123,3246,3279,Kentucky,Mississippi
0.6129684402412998,3246,3280,Kentucky,Mississippi St
0.7538916672661633,3246,3286,Kentucky,Montana St
0.7266656292568896,3246,3293,Kentucky,Murray St
0.2516630862113252,3246,3301,Kentucky,NC State
0.5410988336776811,3246,3304,Kentucky,Nebraska
0.7598899911304045,3246,3313,Kentucky,Norfolk St
0.3183690698953471,3246,3314,Kentucky,North Carolina
0.2571832344316531,3246,3323,Kentucky,Notre Dame
0.3088165694478605,3246,3326,Kentucky,Ohio St
0.3473627369933239,3246,3328,Kentucky,Oklahoma
0.5217280384916517,3246,3329,Kentucky,Oklahoma St
0.5547715123732683,3246,3332,Kentucky,Oregon
0.7598899911304045,3246,3333,Kentucky,Oregon St
0.5107513041790996,3246,3343,Kentucky,Princeton
0.6052066698795006,3246,3350,Kentucky,Richmond
0.4706351831095921,3246,3355,Kentucky,S Dakota St
0.7538916672661633,3246,3361,Kentucky,San Diego St
0.7598899911304045,3246,3372,Kentucky,SF Austin
0.2408864997505249,3246,3376,Kentucky,South Carolina
0.7382328751405652,3246,3378,Kentucky,South Florida
0.7598899911304045,3246,3380,Kentucky,Southern Univ
0.4270675673500492,3246,3395,Kentucky,TCU
0.3515606351719392,3246,3397,Kentucky,Tennessee
0.7598899911304045,3246,3399,Kentucky,Tennessee Tech
0.2356051965189935,3246,3400,Kentucky,Texas
0.2452629629474981,3246,3417,Kentucky,UCLA
0.7598899911304045,3246,3422,Kentucky,UNC Greensboro
0.2571832344316531,3246,3425,Kentucky,USC
0.4600690720057123,3246,3428,Kentucky,Utah
0.5735924221626307,3246,3435,Kentucky,Vanderbilt
0.7598899911304045,3246,3436,Kentucky,Vermont
0.6129684402412998,3246,3449,Kentucky,Washington
0.4600690720057123,3246,3452,Kentucky,West Virginia
0.7318844163220525,3246,3453,Kentucky,WI Green Bay
0.7598899911304045,3246,3456,Kentucky,William & Mary
0.7598899911304045,3246,3471,Kentucky,UC San Diego
0.3712016799111626,3250,3251,Lehigh,Liberty
0.1816192444882678,3250,3257,Lehigh,Louisville
0.2131818329948208,3250,3261,Lehigh,LSU
0.1896129934256807,3250,3268,Lehigh,Maryland
0.2289860623129125,3250,3276,Lehigh,Michigan
0.2687060651380316,3250,3277,Lehigh,Michigan St
0.2093111407909389,3250,3279,Lehigh,Mississippi
0.4204400594093837,3250,3280,Lehigh,Mississippi St
0.3955881014239011,3250,3286,Lehigh,Montana St
0.4251512188176219,3250,3293,Lehigh,Murray St
0.1851816048256213,3250,3301,Lehigh,NC State
0.3813013758638538,3250,3304,Lehigh,Nebraska
0.3804288613067566,3250,3313,Lehigh,Norfolk St
0.1896129934256807,3250,3314,Lehigh,North Carolina
0.1896129934256807,3250,3323,Lehigh,Notre Dame
0.1896129934256807,3250,3326,Lehigh,Ohio St
0.1896025305642487,3250,3328,Lehigh,Oklahoma
0.2988812661850378,3250,3329,Lehigh,Oklahoma St
0.3232740781449763,3250,3332,Lehigh,Oregon
0.3862224399700452,3250,3333,Lehigh,Oregon St
0.3036406070759169,3250,3343,Lehigh,Princeton
0.4033078470078269,3250,3350,Lehigh,Richmond
0.2681933302433316,3250,3355,Lehigh,S Dakota St
0.4215636612719803,3250,3361,Lehigh,San Diego St
0.4372053660593736,3250,3372,Lehigh,SF Austin
0.1859848438709924,3250,3376,Lehigh,South Carolina
0.3848085751312952,3250,3378,Lehigh,South Florida
0.6157215149559566,3250,3380,Lehigh,Southern Univ
0.2306360492675136,3250,3395,Lehigh,TCU
0.194114508736836,3250,3397,Lehigh,Tennessee
0.6682122618569132,3250,3399,Lehigh,Tennessee Tech
0.1816192444882678,3250,3400,Lehigh,Texas
0.1896129934256807,3250,3417,Lehigh,UCLA
0.649548493825589,3250,3422,Lehigh,UNC Greensboro
0.1896129934256807,3250,3425,Lehigh,USC
0.2139653921077232,3250,3428,Lehigh,Utah
0.3517742883683902,3250,3435,Lehigh,Vanderbilt
0.5333675076893656,3250,3436,Lehigh,Vermont
0.3712016799111626,3250,3449,Lehigh,Washington
0.2093111407909389,3250,3452,Lehigh,West Virginia
0.4175473247957073,3250,3453,Lehigh,WI Green Bay
0.6700378191602692,3250,3456,Lehigh,William & Mary
0.6848815941986742,3250,3471,Lehigh,UC San Diego
0.2003961219829102,3251,3257,Liberty,Louisville
0.2188315833555028,3251,3261,Liberty,LSU
0.194792759613269,3251,3268,Liberty,Maryland
0.2454818766550653,3251,3276,Liberty,Michigan
0.2597334089327774,3251,3277,Liberty,Michigan St
0.2148863257088337,3251,3279,Liberty,Mississippi
0.3774292237039924,3251,3280,Liberty,Mississippi St
0.4895220516970537,3251,3286,Liberty,Montana St
0.4390149043639414,3251,3293,Liberty,Murray St
0.1902687383917954,3251,3301,Liberty,NC State
0.3570912991099483,3251,3304,Liberty,Nebraska
0.4895220516970537,3251,3313,Liberty,Norfolk St
0.194792759613269,3251,3314,Liberty,North Carolina
0.194792759613269,3251,3323,Liberty,Notre Dame
0.194792759613269,3251,3326,Liberty,Ohio St
0.1947820796306756,3251,3328,Liberty,Oklahoma
0.2892996083512676,3251,3329,Liberty,Oklahoma St
0.3161686628419642,3251,3332,Liberty,Oregon
0.5717486088891433,3251,3333,Liberty,Oregon St
0.2821130678389953,3251,3343,Liberty,Princeton
0.4169759145475404,3251,3350,Liberty,Richmond
0.2747918276903221,3251,3355,Liberty,S Dakota St
0.5886310313502873,3251,3361,Liberty,San Diego St
0.556598037126134,3251,3372,Liberty,SF Austin
0.1910888684459185,3251,3376,Liberty,South Carolina
0.3625484420780804,3251,3378,Liberty,South Florida
0.5526299532362778,3251,3380,Liberty,Southern Univ
0.2366092686166306,3251,3395,Liberty,TCU
0.1993869898270509,3251,3397,Liberty,Tennessee
0.6082556263873832,3251,3399,Liberty,Tennessee Tech
0.1866309311224189,3251,3400,Liberty,Texas
0.194792759613269,3251,3417,Liberty,UCLA
0.5882971702786546,3251,3422,Liberty,UNC Greensboro
0.194792759613269,3251,3425,Liberty,USC
0.2196301118386324,3251,3428,Liberty,Utah
0.3636896888625449,3251,3435,Liberty,Vanderbilt
0.5919528650302188,3251,3436,Liberty,Vermont
0.3844827811561122,3251,3449,Liberty,Washington
0.2248028573763246,3251,3452,Liberty,West Virginia
0.4096240642250677,3251,3453,Liberty,WI Green Bay
0.6102186433903671,3251,3456,Liberty,William & Mary
0.6262523955607194,3251,3471,Liberty,UC San Diego
0.4012807689263875,3257,3261,Louisville,LSU
0.5873786650284935,3257,3268,Louisville,Maryland
0.6373735670296206,3257,3276,Louisville,Michigan
0.6696677618037419,3257,3277,Louisville,Michigan St
0.6537234492737016,3257,3279,Louisville,Mississippi
0.7258575104981403,3257,3280,Louisville,Mississippi St
0.7765098793078223,3257,3286,Louisville,Montana St
0.7532437280176328,3257,3293,Louisville,Murray St
0.4012807689263875,3257,3301,Louisville,NC State
0.6203160021375647,3257,3304,Louisville,Nebraska
0.782116259071053,3257,3313,Louisville,Norfolk St
0.5564366593044354,3257,3314,Louisville,North Carolina
0.4012807689263875,3257,3323,Louisville,Notre Dame
0.4038946168610777,3257,3326,Louisville,Ohio St
0.5935996713901885,3257,3328,Louisville,Oklahoma
0.6618900528937074,3257,3329,Louisville,Oklahoma St
0.6622693987149632,3257,3332,Louisville,Oregon
0.782116259071053,3257,3333,Louisville,Oregon St
0.6074029878958324,3257,3343,Louisville,Princeton
0.7193230306721781,3257,3350,Louisville,Richmond
0.5642549206154457,3257,3355,Louisville,S Dakota St
0.7581239689040387,3257,3361,Louisville,San Diego St
0.7640514242575314,3257,3372,Louisville,SF Austin
0.369301475817695,3257,3376,Louisville,South Carolina
0.782116259071053,3257,3378,Louisville,South Florida
0.8109793394585069,3257,3380,Louisville,Southern Univ
0.5918178260189325,3257,3395,Louisville,TCU
0.5873786650284935,3257,3397,Louisville,Tennessee
0.8109793394585069,3257,3399,Louisville,Tennessee Tech
0.3558438275992667,3257,3400,Louisville,Texas
0.369301475817695,3257,3417,Louisville,UCLA
0.8109793394585069,3257,3422,Louisville,UNC Greensboro
0.3873735252620818,3257,3425,Louisville,USC
0.5261287051541386,3257,3428,Louisville,Utah
0.6766868590029669,3257,3435,Louisville,Vanderbilt
0.782116259071053,3257,3436,Louisville,Vermont
0.7258575104981403,3257,3449,Louisville,Washington
0.5958688803448859,3257,3452,Louisville,West Virginia
0.7676826834248125,3257,3453,Louisville,WI Green Bay
0.8109793394585069,3257,3456,Louisville,William & Mary
0.8109793394585069,3257,3471,Louisville,UC San Diego
0.5792809352344326,3261,3268,LSU,Maryland
0.7318071360330015,3261,3276,LSU,Michigan
0.7465459704336104,3261,3277,LSU,Michigan St
0.7112735073993119,3261,3279,LSU,Mississippi
0.7809801179889673,3261,3280,LSU,Mississippi St
0.8141903798794291,3261,3286,LSU,Montana St
0.7648855385721208,3261,3293,LSU,Murray St
0.3780830655985445,3261,3301,LSU,NC State
0.7273503552713874,3261,3304,LSU,Nebraska
0.8141903798794291,3261,3313,LSU,Norfolk St
0.5177625337442887,3261,3314,LSU,North Carolina
0.4299936678434773,3261,3323,LSU,Notre Dame
0.5649807743595994,3261,3326,LSU,Ohio St
0.5889476637567856,3261,3328,LSU,Oklahoma
0.7265630441492686,3261,3329,LSU,Oklahoma St
0.7538035893770773,3261,3332,LSU,Oregon
0.8141903798794291,3261,3333,LSU,Oregon St
0.7465459704336104,3261,3343,LSU,Princeton
0.7809801179889673,3261,3350,LSU,Richmond
0.7200636149952054,3261,3355,LSU,S Dakota St
0.8141903798794291,3261,3361,LSU,San Diego St
0.8141903798794291,3261,3372,LSU,SF Austin
0.3468813850926655,3261,3376,LSU,South Carolina
0.8141903798794291,3261,3378,LSU,South Florida
0.8141903798794291,3261,3380,LSU,Southern Univ
0.5744477365785541,3261,3395,LSU,TCU
0.5539891194823473,3261,3397,LSU,Tennessee
0.8141903798794291,3261,3399,LSU,Tennessee Tech
0.3338083282451677,3261,3400,LSU,Texas
0.3468813850926655,3261,3417,LSU,UCLA
0.8141903798794291,3261,3422,LSU,UNC Greensboro
0.3644903467731057,3261,3425,LSU,USC
0.7008622781193731,3261,3428,LSU,Utah
0.7438643501552591,3261,3435,LSU,Vanderbilt
0.8141903798794291,3261,3436,LSU,Vermont
0.7809801179889673,3261,3449,LSU,Washington
0.67316371940467,3261,3452,LSU,West Virginia
0.8064805502157982,3261,3453,LSU,WI Green Bay
0.8141903798794291,3261,3456,LSU,William & Mary
0.8141903798794291,3261,3471,LSU,UC San Diego
0.5897317202134132,3268,3276,Maryland,Michigan
0.610445065077305,3268,3277,Maryland,Michigan St
0.5498721658639059,3268,3279,Maryland,Mississippi
0.7347933471195793,3268,3280,Maryland,Mississippi St
0.8059313547274847,3268,3286,Maryland,Montana St
0.7797796165591757,3268,3293,Maryland,Murray St
0.4120935945958264,3268,3301,Maryland,NC State
0.6545917031419877,3268,3304,Maryland,Nebraska
0.8109793394585069,3268,3313,Maryland,Norfolk St
0.549849576563156,3268,3314,Maryland,North Carolina
0.4120935945958264,3268,3323,Maryland,Notre Dame
0.3837909091719503,3268,3326,Maryland,Ohio St
0.5871550056630499,3268,3328,Maryland,Oklahoma
0.6181688234092798,3268,3329,Maryland,Oklahoma St
0.6723422981813921,3268,3332,Maryland,Oregon
0.8109793394585069,3268,3333,Maryland,Oregon St
0.6181688234092798,3268,3343,Maryland,Princeton
0.7283921620720231,3268,3350,Maryland,Richmond
0.5753768080731412,3268,3355,Maryland,S Dakota St
0.8059313547274847,3268,3361,Maryland,San Diego St
0.8109793394585069,3268,3372,Maryland,SF Austin
0.3797992206680886,3268,3376,Maryland,South Carolina
0.7897494798473128,3268,3378,Maryland,South Florida
0.8109793394585069,3268,3380,Maryland,Southern Univ
0.602597395435765,3268,3395,Maryland,TCU
0.4085388132264358,3268,3397,Maryland,Tennessee
0.8109793394585069,3268,3399,Maryland,Tennessee Tech
0.3661811310061332,3268,3400,Maryland,Texas
0.3797992206680886,3268,3417,Maryland,UCLA
0.8109793394585069,3268,3422,Maryland,UNC Greensboro
0.3980607577061745,3268,3425,Maryland,USC
0.537425953856748,3268,3428,Maryland,Utah
0.6903097047628718,3268,3435,Maryland,Vanderbilt
0.8109793394585069,3268,3436,Maryland,Vermont
0.7347933471195793,3268,3449,Maryland,Washington
0.5052763573008447,3268,3452,Maryland,West Virginia
0.7756765314306286,3268,3453,Maryland,WI Green Bay
0.8109793394585069,3268,3456,Maryland,William & Mary
0.8109793394585069,3268,3471,Maryland,UC San Diego
0.5279531694913654,3276,3277,Michigan,Michigan St
0.4297295184241634,3276,3279,Michigan,Mississippi
0.6448612495988312,3276,3280,Michigan,Mississippi St
0.7408710014022973,3276,3286,Michigan,Montana St
0.7357639827701941,3276,3293,Michigan,Murray St
0.2516630862113252,3276,3301,Michigan,NC State
0.5661804670358208,3276,3304,Michigan,Nebraska
0.747080208080792,3276,3313,Michigan,Norfolk St
0.3183690698953471,3276,3314,Michigan,North Carolina
0.2571832344316531,3276,3323,Michigan,Notre Dame
0.2571832344316531,3276,3326,Michigan,Ohio St
0.3473627369933239,3276,3328,Michigan,Oklahoma
0.5469820129994043,3276,3329,Michigan,Oklahoma St
0.5796863337390538,3276,3332,Michigan,Oregon
0.747080208080792,3276,3333,Michigan,Oregon St
0.5360694872629486,3276,3343,Michigan,Princeton
0.6373606836145321,3276,3350,Michigan,Richmond
0.4738597602260814,3276,3355,Michigan,S Dakota St
0.7408710014022973,3276,3361,Michigan,San Diego St
0.747080208080792,3276,3372,Michigan,SF Austin
0.2408864997505249,3276,3376,Michigan,South Carolina
0.747080208080792,3276,3378,Michigan,South Florida
0.7718925648765561,3276,3380,Michigan,Southern Univ
0.4270675673500492,3276,3395,Michigan,TCU
0.3506866342963572,3276,3397,Michigan,Tennessee
0.7718925648765561,3276,3399,Michigan,Tennessee Tech
0.2356051965189935,3276,3400,Michigan,Texas
0.2452629629474981,3276,3417,Michigan,UCLA
0.7718925648765561,3276,3422,Michigan,UNC Greensboro
0.2571832344316531,3276,3425,Michigan,USC
0.4632846122142998,3276,3428,Michigan,Utah
0.5982168014390088,3276,3435,Michigan,Vanderbilt
0.7718925648765561,3276,3436,Michigan,Vermont
0.6448612495988312,3276,3449,Michigan,Washington
0.4474263283499552,3276,3452,Michigan,West Virginia
0.7408710014022973,3276,3453,Michigan,WI Green Bay
0.7718925648765561,3276,3456,Michigan,William & Mary
0.7718925648765561,3276,3471,Michigan,UC San Diego
0.4297295184241634,3277,3279,Michigan St,Mississippi
0.6448612495988312,3277,3280,Michigan St,Mississippi St
0.7350069218836728,3277,3286,Michigan St,Montana St
0.7298264771362593,3277,3293,Michigan St,Murray St
0.2516630862113252,3277,3301,Michigan St,NC State
0.5661804670358208,3277,3304,Michigan St,Nebraska
0.7413075788902058,3277,3313,Michigan St,Norfolk St
0.3183690698953471,3277,3314,Michigan St,North Carolina
0.2571832344316531,3277,3323,Michigan St,Notre Dame
0.2571832344316531,3277,3326,Michigan St,Ohio St
0.3473627369933239,3277,3328,Michigan St,Oklahoma
0.5828484998016916,3277,3329,Michigan St,Oklahoma St
0.5796863337390538,3277,3332,Michigan St,Oregon
0.7413075788902058,3277,3333,Michigan St,Oregon St
0.5360694872629486,3277,3343,Michigan St,Princeton
0.6373606836145321,3277,3350,Michigan St,Richmond
0.4738597602260814,3277,3355,Michigan St,S Dakota St
0.7350069218836728,3277,3361,Michigan St,San Diego St
0.7413075788902058,3277,3372,Michigan St,SF Austin
0.2408864997505249,3277,3376,Michigan St,South Carolina
0.7413075788902058,3277,3378,Michigan St,South Florida
0.7627920495850964,3277,3380,Michigan St,Southern Univ
0.4270675673500492,3277,3395,Michigan St,TCU
0.3506866342963572,3277,3397,Michigan St,Tennessee
0.7627920495850964,3277,3399,Michigan St,Tennessee Tech
0.2356051965189935,3277,3400,Michigan St,Texas
0.2452629629474981,3277,3417,Michigan St,UCLA
0.7627920495850964,3277,3422,Michigan St,UNC Greensboro
0.2571832344316531,3277,3425,Michigan St,USC
0.4632846122142998,3277,3428,Michigan St,Utah
0.5990087954428435,3277,3435,Michigan St,Vanderbilt
0.7413075788902058,3277,3436,Michigan St,Vermont
0.6448612495988312,3277,3449,Michigan St,Washington
0.4182946079500286,3277,3452,Michigan St,West Virginia
0.7350069218836728,3277,3453,Michigan St,WI Green Bay
0.7627920495850964,3277,3456,Michigan St,William & Mary
0.7627920495850964,3277,3471,Michigan St,UC San Diego
0.6873175977754175,3279,3280,Mississippi,Mississippi St
0.764767679850193,3279,3286,Mississippi,Montana St
0.740687340241834,3279,3293,Mississippi,Murray St
0.2914394741776544,3279,3301,Mississippi,NC State
0.5802546448295296,3279,3304,Mississippi,Nebraska
0.7705815923414833,3279,3313,Mississippi,Norfolk St
0.3980596420427871,3279,3314,Mississippi,North Carolina
0.2974852680236373,3279,3323,Mississippi,Notre Dame
0.312125911777759,3279,3326,Mississippi,Ohio St
0.4227064943081071,3279,3328,Mississippi,Oklahoma
0.5414837567763003,3279,3329,Mississippi,Oklahoma St
0.6135828736156042,3279,3332,Mississippi,Oregon
0.8063497540195029,3279,3333,Mississippi,Oregon St
0.5561083960344424,3279,3343,Mississippi,Princeton
0.6802691269707707,3279,3350,Mississippi,Richmond
0.494049642509753,3279,3355,Mississippi,S Dakota St
0.8012084383304116,3279,3361,Mississippi,San Diego St
0.8063497540195029,3279,3372,Mississippi,SF Austin
0.2653836420006418,3279,3376,Mississippi,South Carolina
0.7705815923414833,3279,3378,Mississippi,South Florida
0.8063497540195029,3279,3380,Mississippi,Southern Univ
0.4872176652441043,3279,3395,Mississippi,TCU
0.4080923126958632,3279,3397,Mississippi,Tennessee
0.8063497540195029,3279,3399,Mississippi,Tennessee Tech
0.2597490295327641,3279,3400,Mississippi,Texas
0.2700468447363738,3279,3417,Mississippi,UCLA
0.8063497540195029,3279,3422,Mississippi,UNC Greensboro
0.2974852680236373,3279,3425,Mississippi,USC
0.461612147376876,3279,3428,Mississippi,Utah
0.6191877136597974,3279,3435,Mississippi,Vanderbilt
0.8063497540195029,3279,3436,Mississippi,Vermont
0.6873175977754175,3279,3449,Mississippi,Washington
0.461612147376876,3279,3452,Mississippi,West Virginia
0.7556226599460892,3279,3453,Mississippi,WI Green Bay
0.8063497540195029,3279,3456,Mississippi,William & Mary
0.8063497540195029,3279,3471,Mississippi,UC San Diego
0.539341021344708,3280,3286,Mississippi St,Montana St
0.5672742574954758,3280,3293,Mississippi St,Murray St
0.2095381488882193,3280,3301,Mississippi St,NC State
0.4159522171535643,3280,3304,Mississippi St,Nebraska
0.5615887428108444,3280,3313,Mississippi St,Norfolk St
0.2361971241654658,3280,3314,Mississippi St,North Carolina
0.2143990259768463,3280,3323,Mississippi St,Notre Dame
0.2143990259768463,3280,3326,Mississippi St,Ohio St
0.2613261513970525,3280,3328,Mississippi St,Oklahoma
0.4255143153565804,3280,3329,Mississippi St,Oklahoma St
0.4053149575707611,3280,3332,Mississippi St,Oregon
0.5281888260956331,3280,3333,Mississippi St,Oregon St
0.4053149575707611,3280,3343,Mississippi St,Princeton
0.5757026099794842,3280,3350,Mississippi St,Richmond
0.3982359741843199,3280,3355,Mississippi St,S Dakota St
0.5454231650125937,3280,3361,Mississippi St,San Diego St
0.5128103406447319,3280,3372,Mississippi St,SF Austin
0.2078116507897499,3280,3376,Mississippi St,South Carolina
0.5842047922217181,3280,3378,Mississippi St,South Florida
0.508796216973482,3280,3380,Mississippi St,Southern Univ
0.3384387418620264,3280,3395,Mississippi St,TCU
0.2520260716906738,3280,3397,Mississippi St,Tennessee
0.5655878004520655,3280,3399,Mississippi St,Tennessee Tech
0.2030615195771357,3280,3400,Mississippi St,Texas
0.211754828664825,3280,3417,Mississippi St,UCLA
0.5450813382123205,3280,3422,Mississippi St,UNC Greensboro
0.211754828664825,3280,3425,Mississippi St,USC
0.2830777247866725,3280,3428,Mississippi St,Utah
0.5814211658303203,3280,3435,Mississippi St,Vanderbilt
0.5488264755905853,3280,3436,Mississippi St,Vermont
0.44189489909451,3280,3449,Mississippi St,Washington
0.3165678253052038,3280,3452,Mississippi St,West Virginia
0.5842047922217181,3280,3453,Mississippi St,WI Green Bay
0.5676126366219045,3280,3456,Mississippi St,William & Mary
0.5842047922217181,3280,3471,Mississippi St,UC San Diego
0.4390149043639414,3286,3293,Montana St,Murray St
0.1902687383917954,3286,3301,Montana St,NC State
0.3570912991099483,3286,3304,Montana St,Nebraska
0.4895220516970537,3286,3313,Montana St,Norfolk St
0.194792759613269,3286,3314,Montana St,North Carolina
0.194792759613269,3286,3323,Montana St,Notre Dame
0.194792759613269,3286,3326,Montana St,Ohio St
0.1947820796306756,3286,3328,Montana St,Oklahoma
0.2892996083512676,3286,3329,Montana St,Oklahoma St
0.3161686628419642,3286,3332,Montana St,Oregon
0.5717486088891433,3286,3333,Montana St,Oregon St
0.2821130678389953,3286,3343,Montana St,Princeton
0.4169759145475404,3286,3350,Montana St,Richmond
0.2747918276903221,3286,3355,Montana St,S Dakota St
0.5886310313502873,3286,3361,Montana St,San Diego St
0.556598037126134,3286,3372,Montana St,SF Austin
0.1910888684459185,3286,3376,Montana St,South Carolina
0.3625484420780804,3286,3378,Montana St,South Florida
0.5526299532362778,3286,3380,Montana St,Southern Univ
0.2366092686166306,3286,3395,Montana St,TCU
0.1993869898270509,3286,3397,Montana St,Tennessee
0.6082556263873832,3286,3399,Montana St,Tennessee Tech
0.1866309311224189,3286,3400,Montana St,Texas
0.194792759613269,3286,3417,Montana St,UCLA
0.5882971702786546,3286,3422,Montana St,UNC Greensboro
0.194792759613269,3286,3425,Montana St,USC
0.2196301118386324,3286,3428,Montana St,Utah
0.3636896888625449,3286,3435,Montana St,Vanderbilt
0.5919528650302188,3286,3436,Montana St,Vermont
0.3844827811561122,3286,3449,Montana St,Washington
0.2248028573763246,3286,3452,Montana St,West Virginia
0.4096240642250677,3286,3453,Montana St,WI Green Bay
0.6102186433903671,3286,3456,Montana St,William & Mary
0.6262523955607194,3286,3471,Montana St,UC San Diego
0.2293937306107767,3293,3301,Murray St,NC State
0.3674441698882254,3293,3304,Murray St,Nebraska
0.5788783110923588,3293,3313,Murray St,Norfolk St
0.2345785270424668,3293,3314,Murray St,North Carolina
0.2345785270424668,3293,3323,Murray St,Notre Dame
0.2374218822514074,3293,3326,Murray St,Ohio St
0.2345663011622531,3293,3328,Murray St,Oklahoma
0.3183903869195911,3293,3329,Murray St,Oklahoma St
0.3104674712751234,3293,3332,Murray St,Oregon
0.5457301072653037,3293,3333,Murray St,Oregon St
0.3668814103363356,3293,3343,Murray St,Princeton
0.3692945403093466,3293,3350,Murray St,Richmond
0.329276167654491,3293,3355,Murray St,S Dakota St
0.562854001643501,3293,3361,Murray St,San Diego St
0.5304150589920367,3293,3372,Murray St,SF Austin
0.2436740641598305,3293,3376,Murray St,South Carolina
0.6012357652329512,3293,3378,Murray St,South Florida
0.5264120295932877,3293,3380,Murray St,Southern Univ
0.2865139602619804,3293,3395,Murray St,TCU
0.2562843205356191,3293,3397,Murray St,Tennessee
0.5828368098716339,3293,3399,Murray St,Tennessee Tech
0.2383508346145643,3293,3400,Murray St,Texas
0.2345785270424668,3293,3417,Murray St,UCLA
0.5625147687691114,3293,3422,Murray St,UNC Greensboro
0.2345785270424668,3293,3425,Murray St,USC
0.2530102855044899,3293,3428,Murray St,Utah
0.3514680845907704,3293,3435,Murray St,Vanderbilt
0.5662305973986511,3293,3436,Murray St,Vermont
0.3910060487599763,3293,3449,Murray St,Washington
0.2587085712568856,3293,3452,Murray St,West Virginia
0.6012357652329512,3293,3453,Murray St,WI Green Bay
0.5848402624392977,3293,3456,Murray St,William & Mary
0.6012357652329512,3293,3471,Murray St,UC San Diego
0.763836625098831,3301,3304,NC State,Nebraska
0.8172344762438049,3301,3313,NC State,Norfolk St
0.6082157026231456,3301,3314,NC State,North Carolina
0.6081713349767559,3301,3323,NC State,Notre Dame
0.5942100900371915,3301,3326,NC State,Ohio St
0.677129907031654,3301,3328,NC State,Oklahoma
0.7631203600930653,3301,3329,NC State,Oklahoma St
0.7700495613054432,3301,3332,NC State,Oregon
0.8172344762438049,3301,3333,NC State,Oregon St
0.7732387504017904,3301,3343,NC State,Princeton
0.7959182855571365,3301,3350,NC State,Richmond
0.7377614696360396,3301,3355,NC State,S Dakota St
0.8172344762438049,3301,3361,NC State,San Diego St
0.8172344762438049,3301,3372,NC State,SF Austin
0.3468813850926655,3301,3376,NC State,South Carolina
0.8172344762438049,3301,3378,NC State,South Florida
0.8172344762438049,3301,3380,NC State,Southern Univ
0.6944190829377659,3301,3395,NC State,TCU
0.6082157026231456,3301,3397,NC State,Tennessee
0.8172344762438049,3301,3399,NC State,Tennessee Tech
0.3338083282451677,3301,3400,NC State,Texas
0.3468813850926655,3301,3417,NC State,UCLA
0.8172344762438049,3301,3422,NC State,UNC Greensboro
0.3644903467731057,3301,3425,NC State,USC
0.7193008403486222,3301,3428,NC State,Utah
0.7788127362826536,3301,3435,NC State,Vanderbilt
0.8172344762438049,3301,3436,NC State,Vermont
0.8049937040603647,3301,3449,NC State,Washington
0.716969105034698,3301,3452,NC State,West Virginia
0.8096214214518186,3301,3453,NC State,WI Green Bay
0.8172344762438049,3301,3456,NC State,William & Mary
0.8172344762438049,3301,3471,NC State,UC San Diego
0.7110850784000398,3304,3313,Nebraska,Norfolk St
0.3595915524858658,3304,3314,Nebraska,North Carolina
0.2938992503167906,3304,3323,Nebraska,Notre Dame
0.2938992503167906,3304,3326,Nebraska,Ohio St
0.3901903383551821,3304,3328,Nebraska,Oklahoma
0.5233686232408145,3304,3329,Nebraska,Oklahoma St
0.4841914231790355,3304,3332,Nebraska,Oregon
0.696929420847117,3304,3333,Nebraska,Oregon St
0.446947122678223,3304,3343,Nebraska,Princeton
0.6105254409609165,3304,3350,Nebraska,Richmond
0.4279958679250811,3304,3355,Nebraska,S Dakota St
0.689999895184707,3304,3361,Nebraska,San Diego St
0.6685814211122569,3304,3372,Nebraska,SF Austin
0.2729998023564102,3304,3376,Nebraska,South Carolina
0.7110850784000398,3304,3378,Nebraska,South Florida
0.7110850784000398,3304,3380,Nebraska,Southern Univ
0.4759725143720556,3304,3395,Nebraska,TCU
0.3936768465527155,3304,3397,Nebraska,Tennessee
0.7110850784000398,3304,3399,Nebraska,Tennessee Tech
0.267262314523027,3304,3400,Nebraska,Texas
0.27774623480387,3304,3417,Nebraska,UCLA
0.7110850784000398,3304,3422,Nebraska,UNC Greensboro
0.2906373059067856,3304,3425,Nebraska,USC
0.3982843951707729,3304,3428,Nebraska,Utah
0.6095792826153185,3304,3435,Nebraska,Vanderbilt
0.696929420847117,3304,3436,Nebraska,Vermont
0.5240545025800389,3304,3449,Nebraska,Washington
0.4292372093855787,3304,3452,Nebraska,West Virginia
0.7043419069039597,3304,3453,Nebraska,WI Green Bay
0.696929420847117,3304,3456,Nebraska,William & Mary
0.7110850784000398,3304,3471,Nebraska,UC San Diego
0.2119355195327956,3313,3314,Norfolk St,North Carolina
0.2119355195327956,3313,3323,Norfolk St,Notre Dame
0.2119355195327956,3313,3326,Norfolk St,Ohio St
0.2119241470294712,3313,3328,Norfolk St,Oklahoma
0.2907301730477828,3313,3329,Norfolk St,Oklahoma St
0.2939840704997791,3313,3332,Norfolk St,Oregon
0.5889307869105014,3313,3333,Norfolk St,Oregon St
0.2754055305520705,3313,3343,Norfolk St,Princeton
0.3707390627003756,3313,3350,Norfolk St,Richmond
0.2857930918663307,3313,3355,Norfolk St,S Dakota St
0.6056031004674337,3313,3361,Norfolk St,San Diego St
0.5739351019211564,3313,3372,Norfolk St,SF Austin
0.207989864765826,3313,3376,Norfolk St,South Carolina
0.3528502793013077,3313,3378,Norfolk St,South Florida
0.5700023080611271,3313,3380,Norfolk St,Southern Univ
0.2466016988350415,3313,3395,Norfolk St,TCU
0.2168251918787566,3313,3397,Norfolk St,Tennessee
0.624933936742563,3313,3399,Norfolk St,Tennessee Tech
0.2032367050456572,3313,3400,Norfolk St,Texas
0.2119355195327956,3313,3417,Norfolk St,UCLA
0.6052737768731683,3313,3422,Norfolk St,UNC Greensboro
0.2119355195327956,3313,3425,Norfolk St,USC
0.2291206972632733,3313,3428,Norfolk St,Utah
0.3338618528830904,3313,3435,Norfolk St,Vanderbilt
0.6088789479987949,3313,3436,Norfolk St,Vermont
0.3397493461105791,3313,3449,Norfolk St,Washington
0.2344498118508647,3313,3452,Norfolk St,West Virginia
0.3845697553113076,3313,3453,Norfolk St,WI Green Bay
0.6268646481843292,3313,3456,Norfolk St,William & Mary
0.6426146914415509,3313,3471,Norfolk St,UC San Diego
0.459298161145129,3314,3323,North Carolina,Notre Dame
0.5058560775673684,3314,3326,North Carolina,Ohio St
0.574209585670449,3314,3328,North Carolina,Oklahoma
0.6816778109693544,3314,3329,North Carolina,Oklahoma St
0.7009099117437756,3314,3332,North Carolina,Oregon
0.8109793394585069,3314,3333,North Carolina,Oregon St
0.6816778109693544,3314,3343,North Carolina,Princeton
0.7429057671128277,3314,3350,North Carolina,Richmond
0.6598455903746119,3314,3355,North Carolina,S Dakota St
0.8059313547274847,3314,3361,North Carolina,San Diego St
0.8109793394585069,3314,3372,North Carolina,SF Austin
0.369301475817695,3314,3376,North Carolina,South Carolina
0.8109793394585069,3314,3378,North Carolina,South Florida
0.8109793394585069,3314,3380,North Carolina,Southern Univ
0.6028561323705569,3314,3395,North Carolina,TCU
0.5204501270272616,3314,3397,North Carolina,Tennessee
0.8109793394585069,3314,3399,North Carolina,Tennessee Tech
0.3558438275992667,3314,3400,North Carolina,Texas
0.369301475817695,3314,3417,North Carolina,UCLA
0.8109793394585069,3314,3422,North Carolina,UNC Greensboro
0.3873735252620818,3314,3425,North Carolina,USC
0.6385869457126923,3314,3428,North Carolina,Utah
0.7179679109878256,3314,3435,North Carolina,Vanderbilt
0.8109793394585069,3314,3436,North Carolina,Vermont
0.749082729934593,3314,3449,North Carolina,Washington
0.6359240950464706,3314,3452,North Carolina,West Virginia
0.7979638690533302,3314,3453,North Carolina,WI Green Bay
0.8109793394585069,3314,3456,North Carolina,William & Mary
0.8109793394585069,3314,3471,North Carolina,UC San Diego
0.5664039675221633,3323,3326,Notre Dame,Ohio St
0.604757748586316,3323,3328,Notre Dame,Oklahoma
0.7469758550671536,3323,3329,Notre Dame,Oklahoma St
0.7542252168703844,3323,3332,Notre Dame,Oregon
0.8075813921900797,3323,3333,Notre Dame,Oregon St
0.7469758550671536,3323,3343,Notre Dame,Princeton
0.7813687027002018,3323,3350,Notre Dame,Richmond
0.7205216013221456,3323,3355,Notre Dame,S Dakota St
0.8075813921900797,3323,3361,Notre Dame,San Diego St
0.8075813921900797,3323,3372,Notre Dame,SF Austin
0.3468813850926655,3323,3376,Notre Dame,South Carolina
0.8075813921900797,3323,3378,Notre Dame,South Florida
0.8075813921900797,3323,3380,Notre Dame,Southern Univ
0.6028561323705569,3323,3395,Notre Dame,TCU
0.5806920657883234,3323,3397,Notre Dame,Tennessee
0.8075813921900797,3323,3399,Notre Dame,Tennessee Tech
0.3338083282451677,3323,3400,Notre Dame,Texas
0.3468813850926655,3323,3417,Notre Dame,UCLA
0.8075813921900797,3323,3422,Notre Dame,UNC Greensboro
0.3644903467731057,3323,3425,Notre Dame,USC
0.7013386488957107,3323,3428,Notre Dame,Utah
0.7634061574376394,3323,3435,Notre Dame,Vanderbilt
0.8075813921900797,3323,3436,Notre Dame,Vermont
0.7813687027002018,3323,3449,Notre Dame,Washington
0.698920158938898,3323,3452,Notre Dame,West Virginia
0.7996648096808016,3323,3453,Notre Dame,WI Green Bay
0.8075813921900797,3323,3456,Notre Dame,William & Mary
0.8075813921900797,3323,3471,Notre Dame,UC San Diego
0.5762511155902124,3326,3328,Ohio St,Oklahoma
0.7469758550671536,3326,3329,Ohio St,Oklahoma St
0.7542252168703844,3326,3332,Ohio St,Oregon
0.8107085900780071,3326,3333,Ohio St,Oregon St
0.7469758550671536,3326,3343,Ohio St,Princeton
0.7813687027002018,3326,3350,Ohio St,Richmond
0.7205216013221456,3326,3355,Ohio St,S Dakota St
0.8107085900780071,3326,3361,Ohio St,San Diego St
0.8107085900780071,3326,3372,Ohio St,SF Austin
0.369301475817695,3326,3376,Ohio St,South Carolina
0.8018336641419241,3326,3378,Ohio St,South Florida
0.8107085900780071,3326,3380,Ohio St,Southern Univ
0.6198340490517559,3326,3395,Ohio St,TCU
0.5806920657883234,3326,3397,Ohio St,Tennessee
0.8107085900780071,3326,3399,Ohio St,Tennessee Tech
0.3558438275992667,3326,3400,Ohio St,Texas
0.369301475817695,3326,3417,Ohio St,UCLA
0.8107085900780071,3326,3422,Ohio St,UNC Greensboro
0.3873735252620818,3326,3425,Ohio St,USC
0.7013386488957107,3326,3428,Ohio St,Utah
0.7634061574376394,3326,3435,Ohio St,Vanderbilt
0.8107085900780071,3326,3436,Ohio St,Vermont
0.7813687027002018,3326,3449,Ohio St,Washington
0.698920158938898,3326,3452,Ohio St,West Virginia
0.7937410024715188,3326,3453,Ohio St,WI Green Bay
0.8107085900780071,3326,3456,Ohio St,William & Mary
0.8107085900780071,3326,3471,Ohio St,UC San Diego
0.607926851627784,3328,3329,Oklahoma,Oklahoma St
0.6627606991818612,3328,3332,Oklahoma,Oregon
0.7972201125132888,3328,3333,Oklahoma,Oregon St
0.607926851627784,3328,3343,Oklahoma,Princeton
0.7197664538564291,3328,3350,Oklahoma,Richmond
0.5647951067508146,3328,3355,Oklahoma,S Dakota St
0.7918989642910328,3328,3361,Oklahoma,San Diego St
0.7972201125132888,3328,3372,Oklahoma,SF Austin
0.3143792833075977,3328,3376,Oklahoma,South Carolina
0.7972201125132888,3328,3378,Oklahoma,South Florida
0.7972201125132888,3328,3380,Oklahoma,Southern Univ
0.6135345528049597,3328,3395,Oklahoma,TCU
0.4304745304926449,3328,3397,Oklahoma,Tennessee
0.7972201125132888,3328,3399,Oklahoma,Tennessee Tech
0.3019648130960749,3328,3400,Oklahoma,Texas
0.3143792833075977,3328,3417,Oklahoma,UCLA
0.7972201125132888,3328,3422,Oklahoma,UNC Greensboro
0.3311749426303281,3328,3425,Oklahoma,USC
0.5266765081026102,3328,3428,Oklahoma,Utah
0.6810042356451549,3328,3435,Oklahoma,Vanderbilt
0.7972201125132888,3328,3436,Oklahoma,Vermont
0.7262945383815481,3328,3449,Oklahoma,Washington
0.5238039782672397,3328,3452,Oklahoma,West Virginia
0.7835101313086285,3328,3453,Oklahoma,WI Green Bay
0.7972201125132888,3328,3456,Oklahoma,William & Mary
0.7972201125132888,3328,3471,Oklahoma,UC San Diego
0.5547715123732683,3329,3332,Oklahoma St,Oregon
0.7382328751405652,3329,3333,Oklahoma St,Oregon St
0.5107513041790996,3329,3343,Oklahoma St,Princeton
0.6052066698795006,3329,3350,Oklahoma St,Richmond
0.4706351831095921,3329,3355,Oklahoma St,S Dakota St
0.7318844163220525,3329,3361,Oklahoma St,San Diego St
0.7382328751405652,3329,3372,Oklahoma St,SF Austin
0.2408864997505249,3329,3376,Oklahoma St,South Carolina
0.7382328751405652,3329,3378,Oklahoma St,South Florida
0.7537128663300043,3329,3380,Oklahoma St,Southern Univ
0.4270675673500492,3329,3395,Oklahoma St,TCU
0.3506866342963572,3329,3397,Oklahoma St,Tennessee
0.7537128663300043,3329,3399,Oklahoma St,Tennessee Tech
0.2356051965189935,3329,3400,Oklahoma St,Texas
0.2452629629474981,3329,3417,Oklahoma St,UCLA
0.7537128663300043,3329,3422,Oklahoma St,UNC Greensboro
0.2571832344316531,3329,3425,Oklahoma St,USC
0.4600690720057123,3329,3428,Oklahoma St,Utah
0.5743984222238836,3329,3435,Oklahoma St,Vanderbilt
0.7382328751405652,3329,3436,Oklahoma St,Vermont
0.6129684402412998,3329,3449,Oklahoma St,Washington
0.4182946079500286,3329,3452,Oklahoma St,West Virginia
0.7318844163220525,3329,3453,Oklahoma St,WI Green Bay
0.7537128663300043,3329,3456,Oklahoma St,William & Mary
0.7537128663300043,3329,3471,Oklahoma St,UC San Diego
0.644082284672298,3332,3333,Oregon,Oregon St
0.4010008884508648,3332,3343,Oregon,Princeton
0.6193108041223077,3332,3350,Oregon,Richmond
0.4069686700131475,3332,3355,Oregon,S Dakota St
0.6365745386470718,3332,3361,Oregon,San Diego St
0.6135322747437105,3332,3372,Oregon,SF Austin
0.225672657855661,3332,3376,Oregon,South Carolina
0.6793945239558009,3332,3378,Oregon,South Florida
0.6314789510344677,3332,3380,Oregon,Southern Univ
0.3832141144449318,3332,3395,Oregon,TCU
0.3092395329064586,3332,3397,Oregon,Tennessee
0.6625779353808997,3332,3399,Oregon,Tennessee Tech
0.2206279655895323,3332,3400,Oregon,Texas
0.2298564086397289,3332,3417,Oregon,UCLA
0.6595003302765282,3332,3422,Oregon,UNC Greensboro
0.2298564086397289,3332,3425,Oregon,USC
0.3440974558237413,3332,3428,Oregon,Utah
0.5988630281128272,3332,3435,Oregon,Vanderbilt
0.6472247024191663,3332,3436,Oregon,Vermont
0.4523020477584376,3332,3449,Oregon,Washington
0.3734527532344222,3332,3452,Oregon,West Virginia
0.6722526177586037,3332,3453,Oregon,WI Green Bay
0.664418924807057,3332,3456,Oregon,William & Mary
0.6793945239558009,3332,3471,Oregon,UC San Diego
0.2916134354172872,3333,3343,Oregon St,Princeton
0.3895412584825504,3333,3350,Oregon St,Richmond
0.2747918276903221,3333,3355,Oregon St,S Dakota St
0.5269624652834687,3333,3361,Oregon St,San Diego St
0.543860966862091,3333,3372,Oregon St,SF Austin
0.1910888684459185,3333,3376,Oregon St,South Carolina
0.3712805315803805,3333,3378,Oregon St,South Florida
0.5988964799486676,3333,3380,Oregon St,Southern Univ
0.2366092686166306,3333,3395,Oregon St,TCU
0.1993869898270509,3333,3397,Oregon St,Tennessee
0.6523879651011135,3333,3399,Oregon St,Tennessee Tech
0.1866309311224189,3333,3400,Oregon St,Texas
0.194792759613269,3333,3417,Oregon St,UCLA
0.6333225113646058,3333,3422,Oregon St,UNC Greensboro
0.194792759613269,3333,3425,Oregon St,USC
0.2196301118386324,3333,3428,Oregon St,Utah
0.3518395167023745,3333,3435,Oregon St,Vanderbilt
0.6368252154246125,3333,3436,Oregon St,Vermont
0.3578737186689558,3333,3449,Oregon St,Washington
0.2148863257088337,3333,3452,Oregon St,West Virginia
0.4036234665054845,3333,3453,Oregon St,WI Green Bay
0.6542555400268018,3333,3456,Oregon St,William & Mary
0.6694590531183104,3333,3471,Oregon St,UC San Diego
0.6193108041223077,3343,3350,Princeton,Richmond
0.4156518620633626,3343,3355,Princeton,S Dakota St
0.6984536325405593,3343,3361,Princeton,San Diego St
0.677346116473108,3343,3372,Princeton,SF Austin
0.2380146028696235,3343,3376,Princeton,South Carolina
0.7191978203993962,3343,3378,Princeton,South Florida
0.7191978203993962,3343,3380,Princeton,Southern Univ
0.4648087409047129,3343,3395,Princeton,TCU
0.3506866342963572,3343,3397,Princeton,Tennessee
0.7191978203993962,3343,3399,Princeton,Tennessee Tech
0.2327769566787901,3343,3400,Princeton,Texas
0.2423555471168407,3343,3417,Princeton,UCLA
0.7191978203993962,3343,3422,Princeton,UNC Greensboro
0.2541821018094212,3343,3425,Princeton,USC
0.3875950246682749,3343,3428,Princeton,Utah
0.5988630281128272,3343,3435,Princeton,Vanderbilt
0.7052749050583961,3343,3436,Princeton,Vermont
0.5452298618271436,3343,3449,Princeton,Washington
0.4182946079500286,3343,3452,Princeton,West Virginia
0.7125674595644594,3343,3453,Princeton,WI Green Bay
0.7052749050583961,3343,3456,Princeton,William & Mary
0.7191978203993962,3343,3471,Princeton,UC San Diego
0.4152599683580145,3350,3355,Richmond,S Dakota St
0.6108693128276641,3350,3361,Richmond,San Diego St
0.579330440099653,3350,3372,Richmond,SF Austin
0.2104197535021814,3350,3376,Richmond,South Carolina
0.6476742179070002,3350,3378,Richmond,South Florida
0.5754106053161826,3350,3380,Richmond,Southern Univ
0.3384387418620264,3350,3395,Richmond,TCU
0.2520260716906738,3350,3397,Richmond,Tennessee
0.630099689339293,3350,3399,Richmond,Tennessee Tech
0.205625480847111,3350,3400,Richmond,Texas
0.2143990259768463,3350,3417,Richmond,UCLA
0.6105415586713179,3350,3422,Richmond,UNC Greensboro
0.2143990259768463,3350,3425,Richmond,USC
0.3362462059554602,3350,3428,Richmond,Utah
0.5688185102315786,3350,3435,Richmond,Vanderbilt
0.6141292897151727,3350,3436,Richmond,Vermont
0.4709143984116302,3350,3449,Richmond,Washington
0.3165678253052038,3350,3452,Richmond,West Virginia
0.6476742179070002,3350,3453,Richmond,WI Green Bay
0.6320194671738265,3350,3456,Richmond,William & Mary
0.6476742179070002,3350,3471,Richmond,UC San Diego
0.7349286040185569,3355,3361,S Dakota St,San Diego St
0.7412304675719914,3355,3372,S Dakota St,SF Austin
0.2729998023564102,3355,3376,S Dakota St,South Carolina
0.7412304675719914,3355,3378,S Dakota St,South Florida
0.7412304675719914,3355,3380,S Dakota St,Southern Univ
0.4759725143720556,3355,3395,S Dakota St,TCU
0.3936768465527155,3355,3397,S Dakota St,Tennessee
0.7412304675719914,3355,3399,S Dakota St,Tennessee Tech
0.267262314523027,3355,3400,S Dakota St,Texas
0.27774623480387,3355,3417,S Dakota St,UCLA
0.7412304675719914,3355,3422,S Dakota St,UNC Greensboro
0.2906373059067856,3355,3425,S Dakota St,USC
0.3982843951707729,3355,3428,S Dakota St,Utah
0.5860167857955606,3355,3435,S Dakota St,Vanderbilt
0.7412304675719914,3355,3436,S Dakota St,Vermont
0.65483013119976,3355,3449,S Dakota St,Washington
0.4292372093855787,3355,3452,S Dakota St,West Virginia
0.7349286040185569,3355,3453,S Dakota St,WI Green Bay
0.7412304675719914,3355,3456,S Dakota St,William & Mary
0.7412304675719914,3355,3471,S Dakota St,UC San Diego
0.5323180564482368,3361,3372,San Diego St,SF Austin
0.1859848438709924,3361,3376,San Diego St,South Carolina
0.3548738452529374,3361,3378,San Diego St,South Florida
0.5700023080611271,3361,3380,San Diego St,Southern Univ
0.2306360492675136,3361,3395,San Diego St,TCU
0.194114508736836,3361,3397,San Diego St,Tennessee
0.624933936742563,3361,3399,San Diego St,Tennessee Tech
0.1816192444882678,3361,3400,San Diego St,Texas
0.1896129934256807,3361,3417,San Diego St,UCLA
0.6052737768731683,3361,3422,San Diego St,UNC Greensboro
0.1896129934256807,3361,3425,San Diego St,USC
0.2139653921077232,3361,3428,San Diego St,Utah
0.3560044256160766,3361,3435,San Diego St,Vanderbilt
0.6088789479987949,3361,3436,San Diego St,Vermont
0.3766181946411295,3361,3449,San Diego St,Washington
0.2093111407909389,3361,3452,San Diego St,West Virginia
0.4015807338689502,3361,3453,San Diego St,WI Green Bay
0.6268646481843292,3361,3456,San Diego St,William & Mary
0.6426146914415509,3361,3471,San Diego St,UC San Diego
0.1859848438709924,3372,3376,SF Austin,South Carolina
0.3655767090886232,3372,3378,SF Austin,South Florida
0.5988964799486676,3372,3380,SF Austin,Southern Univ
0.2306360492675136,3372,3395,SF Austin,TCU
0.194114508736836,3372,3397,SF Austin,Tennessee
0.6523879651011135,3372,3399,SF Austin,Tennessee Tech
0.1816192444882678,3372,3400,SF Austin,Texas
0.1896129934256807,3372,3417,SF Austin,UCLA
0.6333225113646058,3372,3422,SF Austin,UNC Greensboro
0.1896129934256807,3372,3425,SF Austin,USC
0.2139653921077232,3372,3428,SF Austin,Utah
0.3667220043919711,3372,3435,SF Austin,Vanderbilt
0.6368252154246125,3372,3436,SF Austin,Vermont
0.3875828635256396,3372,3449,SF Austin,Washington
0.2093111407909389,3372,3452,SF Austin,West Virginia
0.4127909123362267,3372,3453,SF Austin,WI Green Bay
0.6542555400268018,3372,3456,SF Austin,William & Mary
0.6694590531183104,3372,3471,SF Austin,UC San Diego
0.8221942588633762,3376,3378,South Carolina,South Florida
0.8221942588633762,3376,3380,South Carolina,Southern Univ
0.7468495914776996,3376,3395,South Carolina,TCU
0.6519434095713986,3376,3397,South Carolina,Tennessee
0.8221942588633762,3376,3399,South Carolina,Tennessee Tech
0.4931931938397429,3376,3400,South Carolina,Texas
0.5077508015520588,3376,3417,South Carolina,UCLA
0.8221942588633762,3376,3422,South Carolina,UNC Greensboro
0.5111172920775463,3376,3425,South Carolina,USC
0.7330735465434912,3376,3428,South Carolina,Utah
0.7788127362826536,3376,3435,South Carolina,Vanderbilt
0.8221942588633762,3376,3436,South Carolina,Vermont
0.8102085246139625,3376,3449,South Carolina,Washington
0.7308134040727409,3376,3452,South Carolina,West Virginia
0.8147409687783632,3376,3453,South Carolina,WI Green Bay
0.8221942588633762,3376,3456,South Carolina,William & Mary
0.8221942588633762,3376,3471,South Carolina,UC San Diego
0.5444602405494263,3378,3380,South Florida,Southern Univ
0.2366092686166306,3378,3395,South Florida,TCU
0.2138456601694414,3378,3397,South Florida,Tennessee
0.6003671451816838,3378,3399,South Florida,Tennessee Tech
0.1866309311224189,3378,3400,South Florida,Texas
0.194792759613269,3378,3417,South Florida,UCLA
0.5802841130854292,3378,3422,South Florida,UNC Greensboro
0.194792759613269,3378,3425,South Florida,USC
0.2196301118386324,3378,3428,South Florida,Utah
0.3636896888625449,3378,3435,South Florida,Vanderbilt
0.5839606415406532,3378,3436,South Florida,Vermont
0.3844827811561122,3378,3449,South Florida,Washington
0.2248028573763246,3378,3452,South Florida,West Virginia
0.5126294176899714,3378,3453,South Florida,WI Green Bay
0.6023438484778134,3378,3456,South Florida,William & Mary
0.6184990143158295,3378,3471,South Florida,UC San Diego
0.2306360492675136,3380,3395,Southern Univ,TCU
0.194114508736836,3380,3397,Southern Univ,Tennessee
0.4828914919914873,3380,3399,Southern Univ,Tennessee Tech
0.1816192444882678,3380,3400,Southern Univ,Texas
0.1896129934256807,3380,3417,Southern Univ,UCLA
0.4621932847613734,3380,3422,Southern Univ,UNC Greensboro
0.1896129934256807,3380,3425,Southern Univ,USC
0.2044008701635019,3380,3428,Southern Univ,Utah
0.358355108231413,3380,3435,Southern Univ,Vanderbilt
0.3835464783371992,3380,3436,Southern Univ,Vermont
0.3979648704026248,3380,3449,Southern Univ,Washington
0.2093111407909389,3380,3452,Southern Univ,West Virginia
0.4245527164164564,3380,3453,Southern Univ,WI Green Bay
0.5170259932759506,3380,3456,Southern Univ,William & Mary
0.4794625450312755,3380,3471,Southern Univ,UC San Diego
0.3810615434542714,3395,3397,TCU,Tennessee
0.7718925648765561,3395,3399,TCU,Tennessee Tech
0.2356051965189935,3395,3400,TCU,Texas
0.2452629629474981,3395,3417,TCU,UCLA
0.7718925648765561,3395,3422,TCU,UNC Greensboro
0.2571832344316531,3395,3425,TCU,USC
0.4742947488990037,3395,3428,TCU,Utah
0.6087962761905062,3395,3435,TCU,Vanderbilt
0.7718925648765561,3395,3436,TCU,Vermont
0.7098810271786968,3395,3449,TCU,Washington
0.4742947488990037,3395,3452,TCU,West Virginia
0.7661017907861564,3395,3453,TCU,WI Green Bay
0.7718925648765561,3395,3456,TCU,William & Mary
0.7718925648765561,3395,3471,TCU,UC San Diego
0.8057806212447369,3397,3399,Tennessee,Tennessee Tech
0.3558438275992667,3397,3400,Tennessee,Texas
0.369301475817695,3397,3417,Tennessee,UCLA
0.8057806212447369,3397,3422,Tennessee,UNC Greensboro
0.3873735252620818,3397,3425,Tennessee,USC
0.5043045399400635,3397,3428,Tennessee,Utah
0.6377891566135642,3397,3435,Tennessee,Vanderbilt
0.8057806212447369,3397,3436,Tennessee,Vermont
0.708128966350819,3397,3449,Tennessee,Washington
0.5014247658661518,3397,3452,Tennessee,West Virginia
0.7611056840984136,3397,3453,Tennessee,WI Green Bay
0.8057806212447369,3397,3456,Tennessee,William & Mary
0.8057806212447369,3397,3471,Tennessee,UC San Diego
0.1816192444882678,3399,3400,Tennessee Tech,Texas
0.1896129934256807,3399,3417,Tennessee Tech,UCLA
0.4839640495045813,3399,3422,Tennessee Tech,UNC Greensboro
0.1896129934256807,3399,3425,Tennessee Tech,USC
0.2044008701635019,3399,3428,Tennessee Tech,Utah
0.3428600888923399,3399,3435,Tennessee Tech,Vanderbilt
0.3471123007386948,3399,3436,Tennessee Tech,Vermont
0.3966237471560958,3399,3449,Tennessee Tech,Washington
0.2093111407909389,3399,3452,Tennessee Tech,West Virginia
0.4015807338689502,3399,3453,Tennessee Tech,WI Green Bay
0.53879202610558,3399,3456,Tennessee Tech,William & Mary
0.5012885437866235,3399,3471,Tennessee Tech,UC San Diego
0.4684740729537094,3400,3417,Texas,UCLA
0.8221942588633762,3400,3422,Texas,UNC Greensboro
0.4718297610646172,3400,3425,Texas,USC
0.7193008403486222,3400,3428,Texas,Utah
0.7788127362826536,3400,3435,Texas,Vanderbilt
0.8221942588633762,3400,3436,Texas,Vermont
0.8102085246139625,3400,3449,Texas,Washington
0.6925606667084491,3400,3452,Texas,West Virginia
0.8147409687783632,3400,3453,Texas,WI Green Bay
0.8221942588633762,3400,3456,Texas,William & Mary
0.8221942588633762,3400,3471,Texas,UC San Diego
0.8172344762438049,3417,3422,UCLA,UNC Greensboro
0.4718297610646172,3417,3425,UCLA,USC
0.7193008403486222,3417,3428,UCLA,Utah
0.7788127362826536,3417,3435,UCLA,Vanderbilt
0.8172344762438049,3417,3436,UCLA,Vermont
0.8049937040603647,3417,3449,UCLA,Washington
0.716969105034698,3417,3452,UCLA,West Virginia
0.8096214214518186,3417,3453,UCLA,WI Green Bay
0.8172344762438049,3417,3456,UCLA,William & Mary
0.8172344762438049,3417,3471,UCLA,UC San Diego
0.1896129934256807,3422,3425,UNC Greensboro,USC
0.2044008701635019,3422,3428,UNC Greensboro,Utah
0.321127393323995,3422,3435,UNC Greensboro,Vanderbilt
0.345109317020683,3422,3436,UNC Greensboro,Vermont
0.358924070905725,3422,3449,UNC Greensboro,Washington
0.2093111407909389,3422,3452,UNC Greensboro,West Virginia
0.3845697553113076,3422,3453,UNC Greensboro,WI Green Bay
0.5500455652709828,3422,3456,UNC Greensboro,William & Mary
0.5126294176899714,3422,3471,UNC Greensboro,UC San Diego
0.7008622781193731,3425,3428,USC,Utah
0.7438643501552591,3425,3435,USC,Vanderbilt
0.8221942588633762,3425,3436,USC,Vermont
0.8033161996317483,3425,3449,USC,Washington
0.698441589270435,3425,3452,USC,West Virginia
0.8147409687783632,3425,3453,USC,WI Green Bay
0.8221942588633762,3425,3456,USC,William & Mary
0.8221942588633762,3425,3471,USC,UC San Diego
0.6534268923010423,3428,3435,Utah,Vanderbilt
0.7785044713594116,3428,3436,Utah,Vermont
0.6969852423263029,3428,3449,Utah,Washington
0.5353410842970904,3428,3452,Utah,West Virginia
0.7639038602611253,3428,3453,Utah,WI Green Bay
0.7785044713594116,3428,3456,Utah,William & Mary
0.7785044713594116,3428,3471,Utah,UC San Diego
0.6829731504006649,3435,3436,Vanderbilt,Vermont
0.4923088815609986,3435,3449,Vanderbilt,Washington
0.3953147252598882,3435,3452,Vanderbilt,West Virginia
0.7066145187641449,3435,3453,Vanderbilt,WI Green Bay
0.7161340992009156,3435,3456,Vanderbilt,William & Mary
0.7297405996109496,3435,3471,Vanderbilt,UC San Diego
0.4107223403793348,3436,3449,Vermont,Washington
0.2093111407909389,3436,3452,Vermont,West Virginia
0.4584050861093864,3436,3453,Vermont,WI Green Bay
0.637662417635884,3436,3456,Vermont,William & Mary
0.6532088281519409,3436,3471,Vermont,UC San Diego
0.3013269595906234,3449,3452,Washington,West Virginia
0.6012357652329512,3449,3453,Washington,WI Green Bay
0.5848402624392977,3449,3456,Washington,William & Mary
0.6012357652329512,3449,3471,Washington,UC San Diego
0.768193797417724,3452,3453,West Virginia,WI Green Bay
0.7968413635275405,3452,3456,West Virginia,William & Mary
0.7968413635275405,3452,3471,West Virginia,UC San Diego
0.6268646481843292,3453,3456,WI Green Bay,William & Mary
0.6426146914415509,3453,3471,WI Green Bay,UC San Diego
0.4907955813463777,3456,3471,William & Mary,UC San Diego
